[2026-02-14T19:54:54.625+0000] {processor.py:161} INFO - Started process (PID=66) to work on /opt/airflow/dags/cron_dag.py
[2026-02-14T19:54:54.627+0000] {processor.py:830} INFO - Processing file /opt/airflow/dags/cron_dag.py for tasks to queue
[2026-02-14T19:54:54.630+0000] {logging_mixin.py:188} INFO - [2026-02-14T19:54:54.630+0000] {dagbag.py:538} INFO - Filling up the DagBag from /opt/airflow/dags/cron_dag.py
[2026-02-14T19:54:54.661+0000] {processor.py:840} INFO - DAG(s) 'minutely_dag' retrieved from /opt/airflow/dags/cron_dag.py
[2026-02-14T19:54:55.185+0000] {logging_mixin.py:188} INFO - [2026-02-14T19:54:55.184+0000] {dag.py:3036} INFO - Sync 1 DAGs
[2026-02-14T19:54:55.231+0000] {logging_mixin.py:188} INFO - [2026-02-14T19:54:55.230+0000] {dag.py:3823} INFO - Setting next_dagrun for minutely_dag to 2026-02-14 19:53:00+00:00, run_after=2026-02-14 19:54:00+00:00
[2026-02-14T19:54:55.288+0000] {processor.py:183} INFO - Processing /opt/airflow/dags/cron_dag.py took 0.671 seconds
[2026-02-14T19:55:25.395+0000] {processor.py:161} INFO - Started process (PID=149) to work on /opt/airflow/dags/cron_dag.py
[2026-02-14T19:55:25.397+0000] {processor.py:830} INFO - Processing file /opt/airflow/dags/cron_dag.py for tasks to queue
[2026-02-14T19:55:25.401+0000] {logging_mixin.py:188} INFO - [2026-02-14T19:55:25.401+0000] {dagbag.py:538} INFO - Filling up the DagBag from /opt/airflow/dags/cron_dag.py
[2026-02-14T19:55:25.414+0000] {processor.py:840} INFO - DAG(s) 'minutely_dag' retrieved from /opt/airflow/dags/cron_dag.py
[2026-02-14T19:55:25.448+0000] {logging_mixin.py:188} INFO - [2026-02-14T19:55:25.448+0000] {dag.py:3036} INFO - Sync 1 DAGs
[2026-02-14T19:55:25.499+0000] {logging_mixin.py:188} INFO - [2026-02-14T19:55:25.498+0000] {dag.py:3823} INFO - Setting next_dagrun for minutely_dag to 2026-02-14 19:54:00+00:00, run_after=2026-02-14 19:55:00+00:00
[2026-02-14T19:55:25.532+0000] {processor.py:183} INFO - Processing /opt/airflow/dags/cron_dag.py took 0.143 seconds
[2026-02-14T19:55:55.669+0000] {processor.py:161} INFO - Started process (PID=233) to work on /opt/airflow/dags/cron_dag.py
[2026-02-14T19:55:55.671+0000] {processor.py:830} INFO - Processing file /opt/airflow/dags/cron_dag.py for tasks to queue
[2026-02-14T19:55:55.675+0000] {logging_mixin.py:188} INFO - [2026-02-14T19:55:55.675+0000] {dagbag.py:538} INFO - Filling up the DagBag from /opt/airflow/dags/cron_dag.py
[2026-02-14T19:55:55.687+0000] {processor.py:840} INFO - DAG(s) 'minutely_dag' retrieved from /opt/airflow/dags/cron_dag.py
[2026-02-14T19:55:55.725+0000] {logging_mixin.py:188} INFO - [2026-02-14T19:55:55.725+0000] {dag.py:3036} INFO - Sync 1 DAGs
[2026-02-14T19:55:55.776+0000] {logging_mixin.py:188} INFO - [2026-02-14T19:55:55.775+0000] {dag.py:3823} INFO - Setting next_dagrun for minutely_dag to 2026-02-14 19:54:00+00:00, run_after=2026-02-14 19:55:00+00:00
[2026-02-14T19:55:55.812+0000] {processor.py:183} INFO - Processing /opt/airflow/dags/cron_dag.py took 0.148 seconds
[2026-02-14T19:56:25.968+0000] {processor.py:161} INFO - Started process (PID=317) to work on /opt/airflow/dags/cron_dag.py
[2026-02-14T19:56:25.969+0000] {processor.py:830} INFO - Processing file /opt/airflow/dags/cron_dag.py for tasks to queue
[2026-02-14T19:56:25.972+0000] {logging_mixin.py:188} INFO - [2026-02-14T19:56:25.972+0000] {dagbag.py:538} INFO - Filling up the DagBag from /opt/airflow/dags/cron_dag.py
[2026-02-14T19:56:25.981+0000] {processor.py:840} INFO - DAG(s) 'minutely_dag' retrieved from /opt/airflow/dags/cron_dag.py
[2026-02-14T19:56:26.012+0000] {logging_mixin.py:188} INFO - [2026-02-14T19:56:26.012+0000] {dag.py:3036} INFO - Sync 1 DAGs
[2026-02-14T19:56:26.050+0000] {logging_mixin.py:188} INFO - [2026-02-14T19:56:26.050+0000] {dag.py:3823} INFO - Setting next_dagrun for minutely_dag to 2026-02-14 19:55:00+00:00, run_after=2026-02-14 19:56:00+00:00
[2026-02-14T19:56:26.085+0000] {processor.py:183} INFO - Processing /opt/airflow/dags/cron_dag.py took 0.122 seconds
[2026-02-14T19:56:56.604+0000] {processor.py:161} INFO - Started process (PID=399) to work on /opt/airflow/dags/cron_dag.py
[2026-02-14T19:56:56.605+0000] {processor.py:830} INFO - Processing file /opt/airflow/dags/cron_dag.py for tasks to queue
[2026-02-14T19:56:56.608+0000] {logging_mixin.py:188} INFO - [2026-02-14T19:56:56.608+0000] {dagbag.py:538} INFO - Filling up the DagBag from /opt/airflow/dags/cron_dag.py
[2026-02-14T19:56:56.618+0000] {processor.py:840} INFO - DAG(s) 'minutely_dag' retrieved from /opt/airflow/dags/cron_dag.py
[2026-02-14T19:56:56.645+0000] {logging_mixin.py:188} INFO - [2026-02-14T19:56:56.645+0000] {dag.py:3036} INFO - Sync 1 DAGs
[2026-02-14T19:56:56.690+0000] {logging_mixin.py:188} INFO - [2026-02-14T19:56:56.690+0000] {dag.py:3823} INFO - Setting next_dagrun for minutely_dag to 2026-02-14 19:55:00+00:00, run_after=2026-02-14 19:56:00+00:00
[2026-02-14T19:56:56.721+0000] {processor.py:183} INFO - Processing /opt/airflow/dags/cron_dag.py took 0.123 seconds
[2026-02-14T19:57:26.974+0000] {processor.py:161} INFO - Started process (PID=481) to work on /opt/airflow/dags/cron_dag.py
[2026-02-14T19:57:26.976+0000] {processor.py:830} INFO - Processing file /opt/airflow/dags/cron_dag.py for tasks to queue
[2026-02-14T19:57:26.978+0000] {logging_mixin.py:188} INFO - [2026-02-14T19:57:26.978+0000] {dagbag.py:538} INFO - Filling up the DagBag from /opt/airflow/dags/cron_dag.py
[2026-02-14T19:57:26.989+0000] {processor.py:840} INFO - DAG(s) 'minutely_dag' retrieved from /opt/airflow/dags/cron_dag.py
[2026-02-14T19:57:27.017+0000] {logging_mixin.py:188} INFO - [2026-02-14T19:57:27.017+0000] {dag.py:3036} INFO - Sync 1 DAGs
[2026-02-14T19:57:27.056+0000] {logging_mixin.py:188} INFO - [2026-02-14T19:57:27.056+0000] {dag.py:3823} INFO - Setting next_dagrun for minutely_dag to 2026-02-14 19:56:00+00:00, run_after=2026-02-14 19:57:00+00:00
[2026-02-14T19:57:27.084+0000] {processor.py:183} INFO - Processing /opt/airflow/dags/cron_dag.py took 0.115 seconds
[2026-02-14T19:57:57.617+0000] {processor.py:161} INFO - Started process (PID=564) to work on /opt/airflow/dags/cron_dag.py
[2026-02-14T19:57:57.619+0000] {processor.py:830} INFO - Processing file /opt/airflow/dags/cron_dag.py for tasks to queue
[2026-02-14T19:57:57.622+0000] {logging_mixin.py:188} INFO - [2026-02-14T19:57:57.622+0000] {dagbag.py:538} INFO - Filling up the DagBag from /opt/airflow/dags/cron_dag.py
[2026-02-14T19:57:57.636+0000] {processor.py:840} INFO - DAG(s) 'minutely_dag' retrieved from /opt/airflow/dags/cron_dag.py
[2026-02-14T19:57:57.669+0000] {logging_mixin.py:188} INFO - [2026-02-14T19:57:57.668+0000] {dag.py:3036} INFO - Sync 1 DAGs
[2026-02-14T19:57:57.721+0000] {logging_mixin.py:188} INFO - [2026-02-14T19:57:57.721+0000] {dag.py:3823} INFO - Setting next_dagrun for minutely_dag to 2026-02-14 19:56:00+00:00, run_after=2026-02-14 19:57:00+00:00
[2026-02-14T19:57:57.763+0000] {processor.py:183} INFO - Processing /opt/airflow/dags/cron_dag.py took 0.153 seconds
[2026-02-14T19:58:28.464+0000] {processor.py:161} INFO - Started process (PID=647) to work on /opt/airflow/dags/cron_dag.py
[2026-02-14T19:58:28.466+0000] {processor.py:830} INFO - Processing file /opt/airflow/dags/cron_dag.py for tasks to queue
[2026-02-14T19:58:28.469+0000] {logging_mixin.py:188} INFO - [2026-02-14T19:58:28.469+0000] {dagbag.py:538} INFO - Filling up the DagBag from /opt/airflow/dags/cron_dag.py
[2026-02-14T19:58:28.480+0000] {processor.py:840} INFO - DAG(s) 'minutely_dag' retrieved from /opt/airflow/dags/cron_dag.py
[2026-02-14T19:58:28.510+0000] {logging_mixin.py:188} INFO - [2026-02-14T19:58:28.510+0000] {dag.py:3036} INFO - Sync 1 DAGs
[2026-02-14T19:58:28.551+0000] {logging_mixin.py:188} INFO - [2026-02-14T19:58:28.551+0000] {dag.py:3823} INFO - Setting next_dagrun for minutely_dag to 2026-02-14 19:57:00+00:00, run_after=2026-02-14 19:58:00+00:00
[2026-02-14T19:58:28.579+0000] {processor.py:183} INFO - Processing /opt/airflow/dags/cron_dag.py took 0.119 seconds
[2026-02-14T19:58:59.207+0000] {processor.py:161} INFO - Started process (PID=737) to work on /opt/airflow/dags/cron_dag.py
[2026-02-14T19:58:59.209+0000] {processor.py:830} INFO - Processing file /opt/airflow/dags/cron_dag.py for tasks to queue
[2026-02-14T19:58:59.212+0000] {logging_mixin.py:188} INFO - [2026-02-14T19:58:59.212+0000] {dagbag.py:538} INFO - Filling up the DagBag from /opt/airflow/dags/cron_dag.py
[2026-02-14T19:58:59.224+0000] {processor.py:840} INFO - DAG(s) 'minutely_dag' retrieved from /opt/airflow/dags/cron_dag.py
[2026-02-14T19:58:59.258+0000] {logging_mixin.py:188} INFO - [2026-02-14T19:58:59.258+0000] {dag.py:3036} INFO - Sync 1 DAGs
[2026-02-14T19:58:59.300+0000] {logging_mixin.py:188} INFO - [2026-02-14T19:58:59.300+0000] {dag.py:3823} INFO - Setting next_dagrun for minutely_dag to 2026-02-14 19:57:00+00:00, run_after=2026-02-14 19:58:00+00:00
[2026-02-14T19:58:59.329+0000] {processor.py:183} INFO - Processing /opt/airflow/dags/cron_dag.py took 0.127 seconds
[2026-02-14T19:59:29.488+0000] {processor.py:161} INFO - Started process (PID=821) to work on /opt/airflow/dags/cron_dag.py
[2026-02-14T19:59:29.490+0000] {processor.py:830} INFO - Processing file /opt/airflow/dags/cron_dag.py for tasks to queue
[2026-02-14T19:59:29.492+0000] {logging_mixin.py:188} INFO - [2026-02-14T19:59:29.492+0000] {dagbag.py:538} INFO - Filling up the DagBag from /opt/airflow/dags/cron_dag.py
[2026-02-14T19:59:29.503+0000] {processor.py:840} INFO - DAG(s) 'minutely_dag' retrieved from /opt/airflow/dags/cron_dag.py
[2026-02-14T19:59:29.531+0000] {logging_mixin.py:188} INFO - [2026-02-14T19:59:29.530+0000] {dag.py:3036} INFO - Sync 1 DAGs
[2026-02-14T19:59:29.577+0000] {logging_mixin.py:188} INFO - [2026-02-14T19:59:29.577+0000] {dag.py:3823} INFO - Setting next_dagrun for minutely_dag to 2026-02-14 19:58:00+00:00, run_after=2026-02-14 19:59:00+00:00
[2026-02-14T19:59:29.610+0000] {processor.py:183} INFO - Processing /opt/airflow/dags/cron_dag.py took 0.126 seconds
[2026-02-14T19:59:59.719+0000] {processor.py:161} INFO - Started process (PID=905) to work on /opt/airflow/dags/cron_dag.py
[2026-02-14T19:59:59.721+0000] {processor.py:830} INFO - Processing file /opt/airflow/dags/cron_dag.py for tasks to queue
[2026-02-14T19:59:59.724+0000] {logging_mixin.py:188} INFO - [2026-02-14T19:59:59.724+0000] {dagbag.py:538} INFO - Filling up the DagBag from /opt/airflow/dags/cron_dag.py
[2026-02-14T19:59:59.738+0000] {processor.py:840} INFO - DAG(s) 'minutely_dag' retrieved from /opt/airflow/dags/cron_dag.py
[2026-02-14T19:59:59.775+0000] {logging_mixin.py:188} INFO - [2026-02-14T19:59:59.774+0000] {dag.py:3036} INFO - Sync 1 DAGs
[2026-02-14T19:59:59.826+0000] {logging_mixin.py:188} INFO - [2026-02-14T19:59:59.825+0000] {dag.py:3823} INFO - Setting next_dagrun for minutely_dag to 2026-02-14 19:58:00+00:00, run_after=2026-02-14 19:59:00+00:00
[2026-02-14T19:59:59.862+0000] {processor.py:183} INFO - Processing /opt/airflow/dags/cron_dag.py took 0.149 seconds
[2026-02-14T20:00:30.130+0000] {processor.py:161} INFO - Started process (PID=988) to work on /opt/airflow/dags/cron_dag.py
[2026-02-14T20:00:30.131+0000] {processor.py:830} INFO - Processing file /opt/airflow/dags/cron_dag.py for tasks to queue
[2026-02-14T20:00:30.134+0000] {logging_mixin.py:188} INFO - [2026-02-14T20:00:30.133+0000] {dagbag.py:538} INFO - Filling up the DagBag from /opt/airflow/dags/cron_dag.py
[2026-02-14T20:00:30.144+0000] {processor.py:840} INFO - DAG(s) 'minutely_dag' retrieved from /opt/airflow/dags/cron_dag.py
[2026-02-14T20:00:30.173+0000] {logging_mixin.py:188} INFO - [2026-02-14T20:00:30.173+0000] {dag.py:3036} INFO - Sync 1 DAGs
[2026-02-14T20:00:30.217+0000] {logging_mixin.py:188} INFO - [2026-02-14T20:00:30.217+0000] {dag.py:3823} INFO - Setting next_dagrun for minutely_dag to 2026-02-14 19:59:00+00:00, run_after=2026-02-14 20:00:00+00:00
[2026-02-14T20:00:30.247+0000] {processor.py:183} INFO - Processing /opt/airflow/dags/cron_dag.py took 0.123 seconds
[2026-02-14T20:01:00.504+0000] {processor.py:161} INFO - Started process (PID=1071) to work on /opt/airflow/dags/cron_dag.py
[2026-02-14T20:01:00.506+0000] {processor.py:830} INFO - Processing file /opt/airflow/dags/cron_dag.py for tasks to queue
[2026-02-14T20:01:00.510+0000] {logging_mixin.py:188} INFO - [2026-02-14T20:01:00.509+0000] {dagbag.py:538} INFO - Filling up the DagBag from /opt/airflow/dags/cron_dag.py
[2026-02-14T20:01:00.525+0000] {processor.py:840} INFO - DAG(s) 'minutely_dag' retrieved from /opt/airflow/dags/cron_dag.py
[2026-02-14T20:01:00.559+0000] {logging_mixin.py:188} INFO - [2026-02-14T20:01:00.559+0000] {dag.py:3036} INFO - Sync 1 DAGs
[2026-02-14T20:01:00.609+0000] {logging_mixin.py:188} INFO - [2026-02-14T20:01:00.609+0000] {dag.py:3823} INFO - Setting next_dagrun for minutely_dag to 2026-02-14 20:00:00+00:00, run_after=2026-02-14 20:01:00+00:00
[2026-02-14T20:01:00.642+0000] {processor.py:183} INFO - Processing /opt/airflow/dags/cron_dag.py took 0.145 seconds
[2026-02-14T20:01:30.818+0000] {processor.py:161} INFO - Started process (PID=1153) to work on /opt/airflow/dags/cron_dag.py
[2026-02-14T20:01:30.820+0000] {processor.py:830} INFO - Processing file /opt/airflow/dags/cron_dag.py for tasks to queue
[2026-02-14T20:01:30.823+0000] {logging_mixin.py:188} INFO - [2026-02-14T20:01:30.823+0000] {dagbag.py:538} INFO - Filling up the DagBag from /opt/airflow/dags/cron_dag.py
[2026-02-14T20:01:30.833+0000] {processor.py:840} INFO - DAG(s) 'minutely_dag' retrieved from /opt/airflow/dags/cron_dag.py
[2026-02-14T20:01:30.867+0000] {logging_mixin.py:188} INFO - [2026-02-14T20:01:30.867+0000] {dag.py:3036} INFO - Sync 1 DAGs
[2026-02-14T20:01:30.915+0000] {logging_mixin.py:188} INFO - [2026-02-14T20:01:30.915+0000] {dag.py:3823} INFO - Setting next_dagrun for minutely_dag to 2026-02-14 20:00:00+00:00, run_after=2026-02-14 20:01:00+00:00
[2026-02-14T20:01:30.946+0000] {processor.py:183} INFO - Processing /opt/airflow/dags/cron_dag.py took 0.133 seconds
[2026-02-14T20:02:01.302+0000] {processor.py:161} INFO - Started process (PID=1237) to work on /opt/airflow/dags/cron_dag.py
[2026-02-14T20:02:01.305+0000] {processor.py:830} INFO - Processing file /opt/airflow/dags/cron_dag.py for tasks to queue
[2026-02-14T20:02:01.309+0000] {logging_mixin.py:188} INFO - [2026-02-14T20:02:01.309+0000] {dagbag.py:538} INFO - Filling up the DagBag from /opt/airflow/dags/cron_dag.py
[2026-02-14T20:02:01.321+0000] {processor.py:840} INFO - DAG(s) 'minutely_dag' retrieved from /opt/airflow/dags/cron_dag.py
[2026-02-14T20:02:01.354+0000] {logging_mixin.py:188} INFO - [2026-02-14T20:02:01.354+0000] {dag.py:3036} INFO - Sync 1 DAGs
[2026-02-14T20:02:01.394+0000] {logging_mixin.py:188} INFO - [2026-02-14T20:02:01.393+0000] {dag.py:3823} INFO - Setting next_dagrun for minutely_dag to 2026-02-14 20:01:00+00:00, run_after=2026-02-14 20:02:00+00:00
[2026-02-14T20:02:01.420+0000] {processor.py:183} INFO - Processing /opt/airflow/dags/cron_dag.py took 0.123 seconds
[2026-02-14T20:02:31.929+0000] {processor.py:161} INFO - Started process (PID=1321) to work on /opt/airflow/dags/cron_dag.py
[2026-02-14T20:02:31.930+0000] {processor.py:830} INFO - Processing file /opt/airflow/dags/cron_dag.py for tasks to queue
[2026-02-14T20:02:31.933+0000] {logging_mixin.py:188} INFO - [2026-02-14T20:02:31.932+0000] {dagbag.py:538} INFO - Filling up the DagBag from /opt/airflow/dags/cron_dag.py
[2026-02-14T20:02:31.942+0000] {processor.py:840} INFO - DAG(s) 'minutely_dag' retrieved from /opt/airflow/dags/cron_dag.py
[2026-02-14T20:02:31.969+0000] {logging_mixin.py:188} INFO - [2026-02-14T20:02:31.969+0000] {dag.py:3036} INFO - Sync 1 DAGs
[2026-02-14T20:02:32.015+0000] {logging_mixin.py:188} INFO - [2026-02-14T20:02:32.014+0000] {dag.py:3823} INFO - Setting next_dagrun for minutely_dag to 2026-02-14 20:01:00+00:00, run_after=2026-02-14 20:02:00+00:00
[2026-02-14T20:02:32.053+0000] {processor.py:183} INFO - Processing /opt/airflow/dags/cron_dag.py took 0.129 seconds
[2026-02-14T20:03:02.754+0000] {processor.py:161} INFO - Started process (PID=1412) to work on /opt/airflow/dags/cron_dag.py
[2026-02-14T20:03:02.756+0000] {processor.py:830} INFO - Processing file /opt/airflow/dags/cron_dag.py for tasks to queue
[2026-02-14T20:03:02.760+0000] {logging_mixin.py:188} INFO - [2026-02-14T20:03:02.760+0000] {dagbag.py:538} INFO - Filling up the DagBag from /opt/airflow/dags/cron_dag.py
[2026-02-14T20:03:02.771+0000] {processor.py:840} INFO - DAG(s) 'minutely_dag' retrieved from /opt/airflow/dags/cron_dag.py
[2026-02-14T20:03:02.812+0000] {logging_mixin.py:188} INFO - [2026-02-14T20:03:02.811+0000] {dag.py:3036} INFO - Sync 1 DAGs
[2026-02-14T20:03:02.862+0000] {logging_mixin.py:188} INFO - [2026-02-14T20:03:02.862+0000] {dag.py:3823} INFO - Setting next_dagrun for minutely_dag to 2026-02-14 20:02:00+00:00, run_after=2026-02-14 20:03:00+00:00
[2026-02-14T20:03:02.904+0000] {processor.py:183} INFO - Processing /opt/airflow/dags/cron_dag.py took 0.156 seconds
[2026-02-14T20:03:33.621+0000] {processor.py:161} INFO - Started process (PID=1497) to work on /opt/airflow/dags/cron_dag.py
[2026-02-14T20:03:33.622+0000] {processor.py:830} INFO - Processing file /opt/airflow/dags/cron_dag.py for tasks to queue
[2026-02-14T20:03:33.626+0000] {logging_mixin.py:188} INFO - [2026-02-14T20:03:33.626+0000] {dagbag.py:538} INFO - Filling up the DagBag from /opt/airflow/dags/cron_dag.py
[2026-02-14T20:03:33.639+0000] {processor.py:840} INFO - DAG(s) 'minutely_dag' retrieved from /opt/airflow/dags/cron_dag.py
[2026-02-14T20:03:33.679+0000] {logging_mixin.py:188} INFO - [2026-02-14T20:03:33.678+0000] {dag.py:3036} INFO - Sync 1 DAGs
[2026-02-14T20:03:33.731+0000] {logging_mixin.py:188} INFO - [2026-02-14T20:03:33.731+0000] {dag.py:3823} INFO - Setting next_dagrun for minutely_dag to 2026-02-14 20:02:00+00:00, run_after=2026-02-14 20:03:00+00:00
[2026-02-14T20:03:33.766+0000] {processor.py:183} INFO - Processing /opt/airflow/dags/cron_dag.py took 0.151 seconds
[2026-02-14T20:04:04.194+0000] {processor.py:161} INFO - Started process (PID=1580) to work on /opt/airflow/dags/cron_dag.py
[2026-02-14T20:04:04.196+0000] {processor.py:830} INFO - Processing file /opt/airflow/dags/cron_dag.py for tasks to queue
[2026-02-14T20:04:04.200+0000] {logging_mixin.py:188} INFO - [2026-02-14T20:04:04.199+0000] {dagbag.py:538} INFO - Filling up the DagBag from /opt/airflow/dags/cron_dag.py
[2026-02-14T20:04:04.209+0000] {processor.py:840} INFO - DAG(s) 'minutely_dag' retrieved from /opt/airflow/dags/cron_dag.py
[2026-02-14T20:04:04.248+0000] {logging_mixin.py:188} INFO - [2026-02-14T20:04:04.247+0000] {dag.py:3036} INFO - Sync 1 DAGs
[2026-02-14T20:04:04.292+0000] {logging_mixin.py:188} INFO - [2026-02-14T20:04:04.292+0000] {dag.py:3823} INFO - Setting next_dagrun for minutely_dag to 2026-02-14 20:03:00+00:00, run_after=2026-02-14 20:04:00+00:00
[2026-02-14T20:04:04.328+0000] {processor.py:183} INFO - Processing /opt/airflow/dags/cron_dag.py took 0.139 seconds
[2026-02-14T20:04:34.556+0000] {processor.py:161} INFO - Started process (PID=1662) to work on /opt/airflow/dags/cron_dag.py
[2026-02-14T20:04:34.557+0000] {processor.py:830} INFO - Processing file /opt/airflow/dags/cron_dag.py for tasks to queue
[2026-02-14T20:04:34.560+0000] {logging_mixin.py:188} INFO - [2026-02-14T20:04:34.559+0000] {dagbag.py:538} INFO - Filling up the DagBag from /opt/airflow/dags/cron_dag.py
[2026-02-14T20:04:34.571+0000] {processor.py:840} INFO - DAG(s) 'minutely_dag' retrieved from /opt/airflow/dags/cron_dag.py
[2026-02-14T20:04:34.598+0000] {logging_mixin.py:188} INFO - [2026-02-14T20:04:34.597+0000] {dag.py:3036} INFO - Sync 1 DAGs
[2026-02-14T20:04:34.637+0000] {logging_mixin.py:188} INFO - [2026-02-14T20:04:34.637+0000] {dag.py:3823} INFO - Setting next_dagrun for minutely_dag to 2026-02-14 20:03:00+00:00, run_after=2026-02-14 20:04:00+00:00
[2026-02-14T20:04:34.667+0000] {processor.py:183} INFO - Processing /opt/airflow/dags/cron_dag.py took 0.117 seconds
[2026-02-14T20:05:04.713+0000] {processor.py:161} INFO - Started process (PID=1744) to work on /opt/airflow/dags/cron_dag.py
[2026-02-14T20:05:04.715+0000] {processor.py:830} INFO - Processing file /opt/airflow/dags/cron_dag.py for tasks to queue
[2026-02-14T20:05:04.719+0000] {logging_mixin.py:188} INFO - [2026-02-14T20:05:04.718+0000] {dagbag.py:538} INFO - Filling up the DagBag from /opt/airflow/dags/cron_dag.py
[2026-02-14T20:05:04.730+0000] {processor.py:840} INFO - DAG(s) 'minutely_dag' retrieved from /opt/airflow/dags/cron_dag.py
[2026-02-14T20:05:04.759+0000] {logging_mixin.py:188} INFO - [2026-02-14T20:05:04.759+0000] {dag.py:3036} INFO - Sync 1 DAGs
[2026-02-14T20:05:04.800+0000] {logging_mixin.py:188} INFO - [2026-02-14T20:05:04.800+0000] {dag.py:3823} INFO - Setting next_dagrun for minutely_dag to 2026-02-14 20:04:00+00:00, run_after=2026-02-14 20:05:00+00:00
[2026-02-14T20:05:04.832+0000] {processor.py:183} INFO - Processing /opt/airflow/dags/cron_dag.py took 0.125 seconds
[2026-02-14T20:05:35.532+0000] {processor.py:161} INFO - Started process (PID=1827) to work on /opt/airflow/dags/cron_dag.py
[2026-02-14T20:05:35.534+0000] {processor.py:830} INFO - Processing file /opt/airflow/dags/cron_dag.py for tasks to queue
[2026-02-14T20:05:35.536+0000] {logging_mixin.py:188} INFO - [2026-02-14T20:05:35.536+0000] {dagbag.py:538} INFO - Filling up the DagBag from /opt/airflow/dags/cron_dag.py
[2026-02-14T20:05:35.547+0000] {processor.py:840} INFO - DAG(s) 'minutely_dag' retrieved from /opt/airflow/dags/cron_dag.py
[2026-02-14T20:05:35.575+0000] {logging_mixin.py:188} INFO - [2026-02-14T20:05:35.575+0000] {dag.py:3036} INFO - Sync 1 DAGs
[2026-02-14T20:05:35.619+0000] {logging_mixin.py:188} INFO - [2026-02-14T20:05:35.619+0000] {dag.py:3823} INFO - Setting next_dagrun for minutely_dag to 2026-02-14 20:04:00+00:00, run_after=2026-02-14 20:05:00+00:00
[2026-02-14T20:05:35.658+0000] {processor.py:183} INFO - Processing /opt/airflow/dags/cron_dag.py took 0.131 seconds
[2026-02-14T20:06:05.980+0000] {processor.py:161} INFO - Started process (PID=1910) to work on /opt/airflow/dags/cron_dag.py
[2026-02-14T20:06:05.982+0000] {processor.py:830} INFO - Processing file /opt/airflow/dags/cron_dag.py for tasks to queue
[2026-02-14T20:06:05.990+0000] {logging_mixin.py:188} INFO - [2026-02-14T20:06:05.985+0000] {dagbag.py:538} INFO - Filling up the DagBag from /opt/airflow/dags/cron_dag.py
[2026-02-14T20:06:06.003+0000] {processor.py:840} INFO - DAG(s) 'minutely_dag' retrieved from /opt/airflow/dags/cron_dag.py
[2026-02-14T20:06:06.043+0000] {logging_mixin.py:188} INFO - [2026-02-14T20:06:06.043+0000] {dag.py:3036} INFO - Sync 1 DAGs
[2026-02-14T20:06:06.096+0000] {logging_mixin.py:188} INFO - [2026-02-14T20:06:06.096+0000] {dag.py:3823} INFO - Setting next_dagrun for minutely_dag to 2026-02-14 20:05:00+00:00, run_after=2026-02-14 20:06:00+00:00
[2026-02-14T20:06:06.132+0000] {processor.py:183} INFO - Processing /opt/airflow/dags/cron_dag.py took 0.157 seconds
[2026-02-14T20:06:36.442+0000] {processor.py:161} INFO - Started process (PID=1991) to work on /opt/airflow/dags/cron_dag.py
[2026-02-14T20:06:36.444+0000] {processor.py:830} INFO - Processing file /opt/airflow/dags/cron_dag.py for tasks to queue
[2026-02-14T20:06:36.446+0000] {logging_mixin.py:188} INFO - [2026-02-14T20:06:36.446+0000] {dagbag.py:538} INFO - Filling up the DagBag from /opt/airflow/dags/cron_dag.py
[2026-02-14T20:06:36.456+0000] {processor.py:840} INFO - DAG(s) 'minutely_dag' retrieved from /opt/airflow/dags/cron_dag.py
[2026-02-14T20:06:36.484+0000] {logging_mixin.py:188} INFO - [2026-02-14T20:06:36.483+0000] {dag.py:3036} INFO - Sync 1 DAGs
[2026-02-14T20:06:36.525+0000] {logging_mixin.py:188} INFO - [2026-02-14T20:06:36.525+0000] {dag.py:3823} INFO - Setting next_dagrun for minutely_dag to 2026-02-14 20:05:00+00:00, run_after=2026-02-14 20:06:00+00:00
[2026-02-14T20:06:36.553+0000] {processor.py:183} INFO - Processing /opt/airflow/dags/cron_dag.py took 0.116 seconds
[2026-02-14T20:07:07.023+0000] {processor.py:161} INFO - Started process (PID=2074) to work on /opt/airflow/dags/cron_dag.py
[2026-02-14T20:07:07.024+0000] {processor.py:830} INFO - Processing file /opt/airflow/dags/cron_dag.py for tasks to queue
[2026-02-14T20:07:07.027+0000] {logging_mixin.py:188} INFO - [2026-02-14T20:07:07.027+0000] {dagbag.py:538} INFO - Filling up the DagBag from /opt/airflow/dags/cron_dag.py
[2026-02-14T20:07:07.040+0000] {processor.py:840} INFO - DAG(s) 'minutely_dag' retrieved from /opt/airflow/dags/cron_dag.py
[2026-02-14T20:07:07.072+0000] {logging_mixin.py:188} INFO - [2026-02-14T20:07:07.072+0000] {dag.py:3036} INFO - Sync 1 DAGs
[2026-02-14T20:07:07.118+0000] {logging_mixin.py:188} INFO - [2026-02-14T20:07:07.117+0000] {dag.py:3823} INFO - Setting next_dagrun for minutely_dag to 2026-02-14 20:06:00+00:00, run_after=2026-02-14 20:07:00+00:00
[2026-02-14T20:07:07.149+0000] {processor.py:183} INFO - Processing /opt/airflow/dags/cron_dag.py took 0.132 seconds
[2026-02-14T20:07:37.254+0000] {processor.py:161} INFO - Started process (PID=2156) to work on /opt/airflow/dags/cron_dag.py
[2026-02-14T20:07:37.256+0000] {processor.py:830} INFO - Processing file /opt/airflow/dags/cron_dag.py for tasks to queue
[2026-02-14T20:07:37.259+0000] {logging_mixin.py:188} INFO - [2026-02-14T20:07:37.258+0000] {dagbag.py:538} INFO - Filling up the DagBag from /opt/airflow/dags/cron_dag.py
[2026-02-14T20:07:37.269+0000] {processor.py:840} INFO - DAG(s) 'minutely_dag' retrieved from /opt/airflow/dags/cron_dag.py
[2026-02-14T20:07:37.302+0000] {logging_mixin.py:188} INFO - [2026-02-14T20:07:37.302+0000] {dag.py:3036} INFO - Sync 1 DAGs
[2026-02-14T20:07:37.350+0000] {logging_mixin.py:188} INFO - [2026-02-14T20:07:37.349+0000] {dag.py:3823} INFO - Setting next_dagrun for minutely_dag to 2026-02-14 20:06:00+00:00, run_after=2026-02-14 20:07:00+00:00
[2026-02-14T20:07:37.378+0000] {processor.py:183} INFO - Processing /opt/airflow/dags/cron_dag.py took 0.129 seconds
[2026-02-14T20:08:07.793+0000] {processor.py:161} INFO - Started process (PID=2247) to work on /opt/airflow/dags/cron_dag.py
[2026-02-14T20:08:07.795+0000] {processor.py:830} INFO - Processing file /opt/airflow/dags/cron_dag.py for tasks to queue
[2026-02-14T20:08:07.798+0000] {logging_mixin.py:188} INFO - [2026-02-14T20:08:07.798+0000] {dagbag.py:538} INFO - Filling up the DagBag from /opt/airflow/dags/cron_dag.py
[2026-02-14T20:08:07.811+0000] {processor.py:840} INFO - DAG(s) 'minutely_dag' retrieved from /opt/airflow/dags/cron_dag.py
[2026-02-14T20:08:07.846+0000] {logging_mixin.py:188} INFO - [2026-02-14T20:08:07.845+0000] {dag.py:3036} INFO - Sync 1 DAGs
[2026-02-14T20:08:07.898+0000] {logging_mixin.py:188} INFO - [2026-02-14T20:08:07.898+0000] {dag.py:3823} INFO - Setting next_dagrun for minutely_dag to 2026-02-14 20:07:00+00:00, run_after=2026-02-14 20:08:00+00:00
[2026-02-14T20:08:07.941+0000] {processor.py:183} INFO - Processing /opt/airflow/dags/cron_dag.py took 0.154 seconds
[2026-02-14T20:08:38.426+0000] {processor.py:161} INFO - Started process (PID=2331) to work on /opt/airflow/dags/cron_dag.py
[2026-02-14T20:08:38.427+0000] {processor.py:830} INFO - Processing file /opt/airflow/dags/cron_dag.py for tasks to queue
[2026-02-14T20:08:38.430+0000] {logging_mixin.py:188} INFO - [2026-02-14T20:08:38.430+0000] {dagbag.py:538} INFO - Filling up the DagBag from /opt/airflow/dags/cron_dag.py
[2026-02-14T20:08:38.440+0000] {processor.py:840} INFO - DAG(s) 'minutely_dag' retrieved from /opt/airflow/dags/cron_dag.py
[2026-02-14T20:08:38.474+0000] {logging_mixin.py:188} INFO - [2026-02-14T20:08:38.474+0000] {dag.py:3036} INFO - Sync 1 DAGs
[2026-02-14T20:08:38.531+0000] {logging_mixin.py:188} INFO - [2026-02-14T20:08:38.530+0000] {dag.py:3823} INFO - Setting next_dagrun for minutely_dag to 2026-02-14 20:07:00+00:00, run_after=2026-02-14 20:08:00+00:00
[2026-02-14T20:08:38.574+0000] {processor.py:183} INFO - Processing /opt/airflow/dags/cron_dag.py took 0.153 seconds
[2026-02-14T20:09:08.657+0000] {processor.py:161} INFO - Started process (PID=2413) to work on /opt/airflow/dags/cron_dag.py
[2026-02-14T20:09:08.658+0000] {processor.py:830} INFO - Processing file /opt/airflow/dags/cron_dag.py for tasks to queue
[2026-02-14T20:09:08.661+0000] {logging_mixin.py:188} INFO - [2026-02-14T20:09:08.661+0000] {dagbag.py:538} INFO - Filling up the DagBag from /opt/airflow/dags/cron_dag.py
[2026-02-14T20:09:08.673+0000] {processor.py:840} INFO - DAG(s) 'minutely_dag' retrieved from /opt/airflow/dags/cron_dag.py
[2026-02-14T20:09:08.706+0000] {logging_mixin.py:188} INFO - [2026-02-14T20:09:08.706+0000] {dag.py:3036} INFO - Sync 1 DAGs
[2026-02-14T20:09:08.755+0000] {logging_mixin.py:188} INFO - [2026-02-14T20:09:08.754+0000] {dag.py:3823} INFO - Setting next_dagrun for minutely_dag to 2026-02-14 20:08:00+00:00, run_after=2026-02-14 20:09:00+00:00
[2026-02-14T20:09:08.785+0000] {processor.py:183} INFO - Processing /opt/airflow/dags/cron_dag.py took 0.134 seconds
[2026-02-14T20:09:39.212+0000] {processor.py:161} INFO - Started process (PID=2496) to work on /opt/airflow/dags/cron_dag.py
[2026-02-14T20:09:39.214+0000] {processor.py:830} INFO - Processing file /opt/airflow/dags/cron_dag.py for tasks to queue
[2026-02-14T20:09:39.216+0000] {logging_mixin.py:188} INFO - [2026-02-14T20:09:39.216+0000] {dagbag.py:538} INFO - Filling up the DagBag from /opt/airflow/dags/cron_dag.py
[2026-02-14T20:09:39.227+0000] {processor.py:840} INFO - DAG(s) 'minutely_dag' retrieved from /opt/airflow/dags/cron_dag.py
[2026-02-14T20:09:39.256+0000] {logging_mixin.py:188} INFO - [2026-02-14T20:09:39.255+0000] {dag.py:3036} INFO - Sync 1 DAGs
[2026-02-14T20:09:39.300+0000] {logging_mixin.py:188} INFO - [2026-02-14T20:09:39.299+0000] {dag.py:3823} INFO - Setting next_dagrun for minutely_dag to 2026-02-14 20:08:00+00:00, run_after=2026-02-14 20:09:00+00:00
[2026-02-14T20:09:39.329+0000] {processor.py:183} INFO - Processing /opt/airflow/dags/cron_dag.py took 0.122 seconds
[2026-02-14T20:10:09.890+0000] {processor.py:161} INFO - Started process (PID=2578) to work on /opt/airflow/dags/cron_dag.py
[2026-02-14T20:10:09.892+0000] {processor.py:830} INFO - Processing file /opt/airflow/dags/cron_dag.py for tasks to queue
[2026-02-14T20:10:09.894+0000] {logging_mixin.py:188} INFO - [2026-02-14T20:10:09.894+0000] {dagbag.py:538} INFO - Filling up the DagBag from /opt/airflow/dags/cron_dag.py
[2026-02-14T20:10:09.904+0000] {processor.py:840} INFO - DAG(s) 'minutely_dag' retrieved from /opt/airflow/dags/cron_dag.py
[2026-02-14T20:10:09.933+0000] {logging_mixin.py:188} INFO - [2026-02-14T20:10:09.933+0000] {dag.py:3036} INFO - Sync 1 DAGs
[2026-02-14T20:10:09.973+0000] {logging_mixin.py:188} INFO - [2026-02-14T20:10:09.973+0000] {dag.py:3823} INFO - Setting next_dagrun for minutely_dag to 2026-02-14 20:09:00+00:00, run_after=2026-02-14 20:10:00+00:00
[2026-02-14T20:10:10.001+0000] {processor.py:183} INFO - Processing /opt/airflow/dags/cron_dag.py took 0.115 seconds
[2026-02-14T20:10:40.916+0000] {processor.py:161} INFO - Started process (PID=2661) to work on /opt/airflow/dags/cron_dag.py
[2026-02-14T20:10:40.917+0000] {processor.py:830} INFO - Processing file /opt/airflow/dags/cron_dag.py for tasks to queue
[2026-02-14T20:10:40.921+0000] {logging_mixin.py:188} INFO - [2026-02-14T20:10:40.920+0000] {dagbag.py:538} INFO - Filling up the DagBag from /opt/airflow/dags/cron_dag.py
[2026-02-14T20:10:40.931+0000] {processor.py:840} INFO - DAG(s) 'minutely_dag' retrieved from /opt/airflow/dags/cron_dag.py
[2026-02-14T20:10:40.966+0000] {logging_mixin.py:188} INFO - [2026-02-14T20:10:40.965+0000] {dag.py:3036} INFO - Sync 1 DAGs
[2026-02-14T20:10:41.030+0000] {logging_mixin.py:188} INFO - [2026-02-14T20:10:41.030+0000] {dag.py:3823} INFO - Setting next_dagrun for minutely_dag to 2026-02-14 20:09:00+00:00, run_after=2026-02-14 20:10:00+00:00
[2026-02-14T20:10:41.069+0000] {processor.py:183} INFO - Processing /opt/airflow/dags/cron_dag.py took 0.158 seconds
[2026-02-14T20:11:11.275+0000] {processor.py:161} INFO - Started process (PID=2744) to work on /opt/airflow/dags/cron_dag.py
[2026-02-14T20:11:11.276+0000] {processor.py:830} INFO - Processing file /opt/airflow/dags/cron_dag.py for tasks to queue
[2026-02-14T20:11:11.279+0000] {logging_mixin.py:188} INFO - [2026-02-14T20:11:11.279+0000] {dagbag.py:538} INFO - Filling up the DagBag from /opt/airflow/dags/cron_dag.py
[2026-02-14T20:11:11.289+0000] {processor.py:840} INFO - DAG(s) 'minutely_dag' retrieved from /opt/airflow/dags/cron_dag.py
[2026-02-14T20:11:11.321+0000] {logging_mixin.py:188} INFO - [2026-02-14T20:11:11.321+0000] {dag.py:3036} INFO - Sync 1 DAGs
[2026-02-14T20:11:11.368+0000] {logging_mixin.py:188} INFO - [2026-02-14T20:11:11.368+0000] {dag.py:3823} INFO - Setting next_dagrun for minutely_dag to 2026-02-14 20:10:00+00:00, run_after=2026-02-14 20:11:00+00:00
[2026-02-14T20:11:11.403+0000] {processor.py:183} INFO - Processing /opt/airflow/dags/cron_dag.py took 0.133 seconds
[2026-02-14T20:11:41.648+0000] {processor.py:161} INFO - Started process (PID=2827) to work on /opt/airflow/dags/cron_dag.py
[2026-02-14T20:11:41.650+0000] {processor.py:830} INFO - Processing file /opt/airflow/dags/cron_dag.py for tasks to queue
[2026-02-14T20:11:41.654+0000] {logging_mixin.py:188} INFO - [2026-02-14T20:11:41.653+0000] {dagbag.py:538} INFO - Filling up the DagBag from /opt/airflow/dags/cron_dag.py
[2026-02-14T20:11:41.665+0000] {processor.py:840} INFO - DAG(s) 'minutely_dag' retrieved from /opt/airflow/dags/cron_dag.py
[2026-02-14T20:11:41.701+0000] {logging_mixin.py:188} INFO - [2026-02-14T20:11:41.700+0000] {dag.py:3036} INFO - Sync 1 DAGs
[2026-02-14T20:11:41.747+0000] {logging_mixin.py:188} INFO - [2026-02-14T20:11:41.747+0000] {dag.py:3823} INFO - Setting next_dagrun for minutely_dag to 2026-02-14 20:10:00+00:00, run_after=2026-02-14 20:11:00+00:00
[2026-02-14T20:11:41.800+0000] {processor.py:183} INFO - Processing /opt/airflow/dags/cron_dag.py took 0.158 seconds
[2026-02-14T20:12:12.007+0000] {processor.py:161} INFO - Started process (PID=2909) to work on /opt/airflow/dags/cron_dag.py
[2026-02-14T20:12:12.009+0000] {processor.py:830} INFO - Processing file /opt/airflow/dags/cron_dag.py for tasks to queue
[2026-02-14T20:12:12.012+0000] {logging_mixin.py:188} INFO - [2026-02-14T20:12:12.011+0000] {dagbag.py:538} INFO - Filling up the DagBag from /opt/airflow/dags/cron_dag.py
[2026-02-14T20:12:12.023+0000] {processor.py:840} INFO - DAG(s) 'minutely_dag' retrieved from /opt/airflow/dags/cron_dag.py
[2026-02-14T20:12:12.056+0000] {logging_mixin.py:188} INFO - [2026-02-14T20:12:12.056+0000] {dag.py:3036} INFO - Sync 1 DAGs
[2026-02-14T20:12:12.108+0000] {logging_mixin.py:188} INFO - [2026-02-14T20:12:12.107+0000] {dag.py:3823} INFO - Setting next_dagrun for minutely_dag to 2026-02-14 20:11:00+00:00, run_after=2026-02-14 20:12:00+00:00
[2026-02-14T20:12:12.143+0000] {processor.py:183} INFO - Processing /opt/airflow/dags/cron_dag.py took 0.140 seconds
[2026-02-14T20:12:43.126+0000] {processor.py:161} INFO - Started process (PID=3000) to work on /opt/airflow/dags/cron_dag.py
[2026-02-14T20:12:43.129+0000] {processor.py:830} INFO - Processing file /opt/airflow/dags/cron_dag.py for tasks to queue
[2026-02-14T20:12:43.132+0000] {logging_mixin.py:188} INFO - [2026-02-14T20:12:43.131+0000] {dagbag.py:538} INFO - Filling up the DagBag from /opt/airflow/dags/cron_dag.py
[2026-02-14T20:12:43.145+0000] {processor.py:840} INFO - DAG(s) 'minutely_dag' retrieved from /opt/airflow/dags/cron_dag.py
[2026-02-14T20:12:43.178+0000] {logging_mixin.py:188} INFO - [2026-02-14T20:12:43.178+0000] {dag.py:3036} INFO - Sync 1 DAGs
[2026-02-14T20:12:43.227+0000] {logging_mixin.py:188} INFO - [2026-02-14T20:12:43.227+0000] {dag.py:3823} INFO - Setting next_dagrun for minutely_dag to 2026-02-14 20:11:00+00:00, run_after=2026-02-14 20:12:00+00:00
[2026-02-14T20:12:43.275+0000] {processor.py:183} INFO - Processing /opt/airflow/dags/cron_dag.py took 0.154 seconds
[2026-02-14T20:13:13.815+0000] {processor.py:161} INFO - Started process (PID=3083) to work on /opt/airflow/dags/cron_dag.py
[2026-02-14T20:13:13.821+0000] {processor.py:830} INFO - Processing file /opt/airflow/dags/cron_dag.py for tasks to queue
[2026-02-14T20:13:13.837+0000] {logging_mixin.py:188} INFO - [2026-02-14T20:13:13.836+0000] {dagbag.py:538} INFO - Filling up the DagBag from /opt/airflow/dags/cron_dag.py
[2026-02-14T20:13:13.851+0000] {processor.py:840} INFO - DAG(s) 'minutely_dag' retrieved from /opt/airflow/dags/cron_dag.py
[2026-02-14T20:13:13.888+0000] {logging_mixin.py:188} INFO - [2026-02-14T20:13:13.888+0000] {dag.py:3036} INFO - Sync 1 DAGs
[2026-02-14T20:13:13.938+0000] {logging_mixin.py:188} INFO - [2026-02-14T20:13:13.938+0000] {dag.py:3823} INFO - Setting next_dagrun for minutely_dag to 2026-02-14 20:12:00+00:00, run_after=2026-02-14 20:13:00+00:00
[2026-02-14T20:13:13.974+0000] {processor.py:183} INFO - Processing /opt/airflow/dags/cron_dag.py took 0.165 seconds
[2026-02-14T20:13:44.408+0000] {processor.py:161} INFO - Started process (PID=3166) to work on /opt/airflow/dags/cron_dag.py
[2026-02-14T20:13:44.409+0000] {processor.py:830} INFO - Processing file /opt/airflow/dags/cron_dag.py for tasks to queue
[2026-02-14T20:13:44.412+0000] {logging_mixin.py:188} INFO - [2026-02-14T20:13:44.412+0000] {dagbag.py:538} INFO - Filling up the DagBag from /opt/airflow/dags/cron_dag.py
[2026-02-14T20:13:44.424+0000] {processor.py:840} INFO - DAG(s) 'minutely_dag' retrieved from /opt/airflow/dags/cron_dag.py
[2026-02-14T20:13:44.458+0000] {logging_mixin.py:188} INFO - [2026-02-14T20:13:44.457+0000] {dag.py:3036} INFO - Sync 1 DAGs
[2026-02-14T20:13:44.505+0000] {logging_mixin.py:188} INFO - [2026-02-14T20:13:44.504+0000] {dag.py:3823} INFO - Setting next_dagrun for minutely_dag to 2026-02-14 20:12:00+00:00, run_after=2026-02-14 20:13:00+00:00
[2026-02-14T20:13:44.537+0000] {processor.py:183} INFO - Processing /opt/airflow/dags/cron_dag.py took 0.134 seconds
[2026-02-14T20:14:14.879+0000] {processor.py:161} INFO - Started process (PID=3249) to work on /opt/airflow/dags/cron_dag.py
[2026-02-14T20:14:14.881+0000] {processor.py:830} INFO - Processing file /opt/airflow/dags/cron_dag.py for tasks to queue
[2026-02-14T20:14:14.885+0000] {logging_mixin.py:188} INFO - [2026-02-14T20:14:14.884+0000] {dagbag.py:538} INFO - Filling up the DagBag from /opt/airflow/dags/cron_dag.py
[2026-02-14T20:14:14.898+0000] {processor.py:840} INFO - DAG(s) 'minutely_dag' retrieved from /opt/airflow/dags/cron_dag.py
[2026-02-14T20:14:14.931+0000] {logging_mixin.py:188} INFO - [2026-02-14T20:14:14.931+0000] {dag.py:3036} INFO - Sync 1 DAGs
[2026-02-14T20:14:14.984+0000] {logging_mixin.py:188} INFO - [2026-02-14T20:14:14.983+0000] {dag.py:3823} INFO - Setting next_dagrun for minutely_dag to 2026-02-14 20:13:00+00:00, run_after=2026-02-14 20:14:00+00:00
[2026-02-14T20:14:15.015+0000] {processor.py:183} INFO - Processing /opt/airflow/dags/cron_dag.py took 0.148 seconds
[2026-02-14T20:14:45.248+0000] {processor.py:161} INFO - Started process (PID=3334) to work on /opt/airflow/dags/cron_dag.py
[2026-02-14T20:14:45.250+0000] {processor.py:830} INFO - Processing file /opt/airflow/dags/cron_dag.py for tasks to queue
[2026-02-14T20:14:45.252+0000] {logging_mixin.py:188} INFO - [2026-02-14T20:14:45.252+0000] {dagbag.py:538} INFO - Filling up the DagBag from /opt/airflow/dags/cron_dag.py
[2026-02-14T20:14:45.263+0000] {processor.py:840} INFO - DAG(s) 'minutely_dag' retrieved from /opt/airflow/dags/cron_dag.py
[2026-02-14T20:14:45.301+0000] {logging_mixin.py:188} INFO - [2026-02-14T20:14:45.301+0000] {dag.py:3036} INFO - Sync 1 DAGs
[2026-02-14T20:14:45.344+0000] {logging_mixin.py:188} INFO - [2026-02-14T20:14:45.343+0000] {dag.py:3823} INFO - Setting next_dagrun for minutely_dag to 2026-02-14 20:13:00+00:00, run_after=2026-02-14 20:14:00+00:00
[2026-02-14T20:14:45.379+0000] {processor.py:183} INFO - Processing /opt/airflow/dags/cron_dag.py took 0.135 seconds
[2026-02-14T20:15:16.267+0000] {processor.py:161} INFO - Started process (PID=3417) to work on /opt/airflow/dags/cron_dag.py
[2026-02-14T20:15:16.269+0000] {processor.py:830} INFO - Processing file /opt/airflow/dags/cron_dag.py for tasks to queue
[2026-02-14T20:15:16.271+0000] {logging_mixin.py:188} INFO - [2026-02-14T20:15:16.271+0000] {dagbag.py:538} INFO - Filling up the DagBag from /opt/airflow/dags/cron_dag.py
[2026-02-14T20:15:16.281+0000] {processor.py:840} INFO - DAG(s) 'minutely_dag' retrieved from /opt/airflow/dags/cron_dag.py
[2026-02-14T20:15:16.308+0000] {logging_mixin.py:188} INFO - [2026-02-14T20:15:16.307+0000] {dag.py:3036} INFO - Sync 1 DAGs
[2026-02-14T20:15:16.347+0000] {logging_mixin.py:188} INFO - [2026-02-14T20:15:16.347+0000] {dag.py:3823} INFO - Setting next_dagrun for minutely_dag to 2026-02-14 20:14:00+00:00, run_after=2026-02-14 20:15:00+00:00
[2026-02-14T20:15:16.392+0000] {processor.py:183} INFO - Processing /opt/airflow/dags/cron_dag.py took 0.130 seconds
[2026-02-14T20:15:46.639+0000] {processor.py:161} INFO - Started process (PID=3500) to work on /opt/airflow/dags/cron_dag.py
[2026-02-14T20:15:46.640+0000] {processor.py:830} INFO - Processing file /opt/airflow/dags/cron_dag.py for tasks to queue
[2026-02-14T20:15:46.643+0000] {logging_mixin.py:188} INFO - [2026-02-14T20:15:46.642+0000] {dagbag.py:538} INFO - Filling up the DagBag from /opt/airflow/dags/cron_dag.py
[2026-02-14T20:15:46.655+0000] {processor.py:840} INFO - DAG(s) 'minutely_dag' retrieved from /opt/airflow/dags/cron_dag.py
[2026-02-14T20:15:46.689+0000] {logging_mixin.py:188} INFO - [2026-02-14T20:15:46.688+0000] {dag.py:3036} INFO - Sync 1 DAGs
[2026-02-14T20:15:46.740+0000] {logging_mixin.py:188} INFO - [2026-02-14T20:15:46.739+0000] {dag.py:3823} INFO - Setting next_dagrun for minutely_dag to 2026-02-14 20:14:00+00:00, run_after=2026-02-14 20:15:00+00:00
[2026-02-14T20:15:46.771+0000] {processor.py:183} INFO - Processing /opt/airflow/dags/cron_dag.py took 0.138 seconds
[2026-02-14T20:16:16.966+0000] {processor.py:161} INFO - Started process (PID=3589) to work on /opt/airflow/dags/cron_dag.py
[2026-02-14T20:16:16.981+0000] {processor.py:830} INFO - Processing file /opt/airflow/dags/cron_dag.py for tasks to queue
[2026-02-14T20:16:16.984+0000] {logging_mixin.py:188} INFO - [2026-02-14T20:16:16.984+0000] {dagbag.py:538} INFO - Filling up the DagBag from /opt/airflow/dags/cron_dag.py
[2026-02-14T20:16:16.997+0000] {processor.py:840} INFO - DAG(s) 'minutely_dag' retrieved from /opt/airflow/dags/cron_dag.py
[2026-02-14T20:16:17.034+0000] {logging_mixin.py:188} INFO - [2026-02-14T20:16:17.033+0000] {dag.py:3036} INFO - Sync 1 DAGs
[2026-02-14T20:16:17.089+0000] {logging_mixin.py:188} INFO - [2026-02-14T20:16:17.088+0000] {dag.py:3823} INFO - Setting next_dagrun for minutely_dag to 2026-02-14 20:15:00+00:00, run_after=2026-02-14 20:16:00+00:00
[2026-02-14T20:16:17.121+0000] {processor.py:183} INFO - Processing /opt/airflow/dags/cron_dag.py took 0.161 seconds
[2026-02-14T20:16:47.500+0000] {processor.py:161} INFO - Started process (PID=3674) to work on /opt/airflow/dags/cron_dag.py
[2026-02-14T20:16:47.502+0000] {processor.py:830} INFO - Processing file /opt/airflow/dags/cron_dag.py for tasks to queue
[2026-02-14T20:16:47.507+0000] {logging_mixin.py:188} INFO - [2026-02-14T20:16:47.506+0000] {dagbag.py:538} INFO - Filling up the DagBag from /opt/airflow/dags/cron_dag.py
[2026-02-14T20:16:47.520+0000] {processor.py:840} INFO - DAG(s) 'minutely_dag' retrieved from /opt/airflow/dags/cron_dag.py
[2026-02-14T20:16:47.555+0000] {logging_mixin.py:188} INFO - [2026-02-14T20:16:47.555+0000] {dag.py:3036} INFO - Sync 1 DAGs
[2026-02-14T20:16:47.605+0000] {logging_mixin.py:188} INFO - [2026-02-14T20:16:47.605+0000] {dag.py:3823} INFO - Setting next_dagrun for minutely_dag to 2026-02-14 20:15:00+00:00, run_after=2026-02-14 20:16:00+00:00
[2026-02-14T20:16:47.639+0000] {processor.py:183} INFO - Processing /opt/airflow/dags/cron_dag.py took 0.145 seconds
[2026-02-14T20:17:18.169+0000] {processor.py:161} INFO - Started process (PID=3757) to work on /opt/airflow/dags/cron_dag.py
[2026-02-14T20:17:18.171+0000] {processor.py:830} INFO - Processing file /opt/airflow/dags/cron_dag.py for tasks to queue
[2026-02-14T20:17:18.174+0000] {logging_mixin.py:188} INFO - [2026-02-14T20:17:18.174+0000] {dagbag.py:538} INFO - Filling up the DagBag from /opt/airflow/dags/cron_dag.py
[2026-02-14T20:17:18.187+0000] {processor.py:840} INFO - DAG(s) 'minutely_dag' retrieved from /opt/airflow/dags/cron_dag.py
[2026-02-14T20:17:18.221+0000] {logging_mixin.py:188} INFO - [2026-02-14T20:17:18.221+0000] {dag.py:3036} INFO - Sync 1 DAGs
[2026-02-14T20:17:18.274+0000] {logging_mixin.py:188} INFO - [2026-02-14T20:17:18.274+0000] {dag.py:3823} INFO - Setting next_dagrun for minutely_dag to 2026-02-14 20:16:00+00:00, run_after=2026-02-14 20:17:00+00:00
[2026-02-14T20:17:18.311+0000] {processor.py:183} INFO - Processing /opt/airflow/dags/cron_dag.py took 0.148 seconds
[2026-02-14T20:17:48.510+0000] {processor.py:161} INFO - Started process (PID=3842) to work on /opt/airflow/dags/cron_dag.py
[2026-02-14T20:17:48.512+0000] {processor.py:830} INFO - Processing file /opt/airflow/dags/cron_dag.py for tasks to queue
[2026-02-14T20:17:48.517+0000] {logging_mixin.py:188} INFO - [2026-02-14T20:17:48.516+0000] {dagbag.py:538} INFO - Filling up the DagBag from /opt/airflow/dags/cron_dag.py
[2026-02-14T20:17:48.537+0000] {processor.py:840} INFO - DAG(s) 'minutely_dag' retrieved from /opt/airflow/dags/cron_dag.py
[2026-02-14T20:17:48.596+0000] {logging_mixin.py:188} INFO - [2026-02-14T20:17:48.596+0000] {dag.py:3036} INFO - Sync 1 DAGs
[2026-02-14T20:17:48.650+0000] {logging_mixin.py:188} INFO - [2026-02-14T20:17:48.649+0000] {dag.py:3823} INFO - Setting next_dagrun for minutely_dag to 2026-02-14 20:16:00+00:00, run_after=2026-02-14 20:17:00+00:00
[2026-02-14T20:17:48.689+0000] {processor.py:183} INFO - Processing /opt/airflow/dags/cron_dag.py took 0.186 seconds
[2026-02-14T20:18:19.157+0000] {processor.py:161} INFO - Started process (PID=3925) to work on /opt/airflow/dags/cron_dag.py
[2026-02-14T20:18:19.159+0000] {processor.py:830} INFO - Processing file /opt/airflow/dags/cron_dag.py for tasks to queue
[2026-02-14T20:18:19.161+0000] {logging_mixin.py:188} INFO - [2026-02-14T20:18:19.161+0000] {dagbag.py:538} INFO - Filling up the DagBag from /opt/airflow/dags/cron_dag.py
[2026-02-14T20:18:19.171+0000] {processor.py:840} INFO - DAG(s) 'minutely_dag' retrieved from /opt/airflow/dags/cron_dag.py
[2026-02-14T20:18:19.201+0000] {logging_mixin.py:188} INFO - [2026-02-14T20:18:19.200+0000] {dag.py:3036} INFO - Sync 1 DAGs
[2026-02-14T20:18:19.242+0000] {logging_mixin.py:188} INFO - [2026-02-14T20:18:19.242+0000] {dag.py:3823} INFO - Setting next_dagrun for minutely_dag to 2026-02-14 20:17:00+00:00, run_after=2026-02-14 20:18:00+00:00
[2026-02-14T20:18:19.270+0000] {processor.py:183} INFO - Processing /opt/airflow/dags/cron_dag.py took 0.117 seconds
[2026-02-14T20:18:49.812+0000] {processor.py:161} INFO - Started process (PID=4005) to work on /opt/airflow/dags/cron_dag.py
[2026-02-14T20:18:49.813+0000] {processor.py:830} INFO - Processing file /opt/airflow/dags/cron_dag.py for tasks to queue
[2026-02-14T20:18:49.816+0000] {logging_mixin.py:188} INFO - [2026-02-14T20:18:49.816+0000] {dagbag.py:538} INFO - Filling up the DagBag from /opt/airflow/dags/cron_dag.py
[2026-02-14T20:18:49.826+0000] {processor.py:840} INFO - DAG(s) 'minutely_dag' retrieved from /opt/airflow/dags/cron_dag.py
[2026-02-14T20:18:49.853+0000] {logging_mixin.py:188} INFO - [2026-02-14T20:18:49.853+0000] {dag.py:3036} INFO - Sync 1 DAGs
[2026-02-14T20:18:49.891+0000] {logging_mixin.py:188} INFO - [2026-02-14T20:18:49.891+0000] {dag.py:3823} INFO - Setting next_dagrun for minutely_dag to 2026-02-14 20:17:00+00:00, run_after=2026-02-14 20:18:00+00:00
[2026-02-14T20:18:49.921+0000] {processor.py:183} INFO - Processing /opt/airflow/dags/cron_dag.py took 0.114 seconds
[2026-02-14T20:19:20.288+0000] {processor.py:161} INFO - Started process (PID=4089) to work on /opt/airflow/dags/cron_dag.py
[2026-02-14T20:19:20.290+0000] {processor.py:830} INFO - Processing file /opt/airflow/dags/cron_dag.py for tasks to queue
[2026-02-14T20:19:20.293+0000] {logging_mixin.py:188} INFO - [2026-02-14T20:19:20.292+0000] {dagbag.py:538} INFO - Filling up the DagBag from /opt/airflow/dags/cron_dag.py
[2026-02-14T20:19:20.305+0000] {processor.py:840} INFO - DAG(s) 'minutely_dag' retrieved from /opt/airflow/dags/cron_dag.py
[2026-02-14T20:19:20.333+0000] {logging_mixin.py:188} INFO - [2026-02-14T20:19:20.333+0000] {dag.py:3036} INFO - Sync 1 DAGs
[2026-02-14T20:19:20.373+0000] {logging_mixin.py:188} INFO - [2026-02-14T20:19:20.373+0000] {dag.py:3823} INFO - Setting next_dagrun for minutely_dag to 2026-02-14 20:18:00+00:00, run_after=2026-02-14 20:19:00+00:00
[2026-02-14T20:19:20.401+0000] {processor.py:183} INFO - Processing /opt/airflow/dags/cron_dag.py took 0.119 seconds
[2026-02-14T20:19:51.187+0000] {processor.py:161} INFO - Started process (PID=4172) to work on /opt/airflow/dags/cron_dag.py
[2026-02-14T20:19:51.188+0000] {processor.py:830} INFO - Processing file /opt/airflow/dags/cron_dag.py for tasks to queue
[2026-02-14T20:19:51.191+0000] {logging_mixin.py:188} INFO - [2026-02-14T20:19:51.190+0000] {dagbag.py:538} INFO - Filling up the DagBag from /opt/airflow/dags/cron_dag.py
[2026-02-14T20:19:51.201+0000] {processor.py:840} INFO - DAG(s) 'minutely_dag' retrieved from /opt/airflow/dags/cron_dag.py
[2026-02-14T20:19:51.228+0000] {logging_mixin.py:188} INFO - [2026-02-14T20:19:51.228+0000] {dag.py:3036} INFO - Sync 1 DAGs
[2026-02-14T20:19:51.265+0000] {logging_mixin.py:188} INFO - [2026-02-14T20:19:51.265+0000] {dag.py:3823} INFO - Setting next_dagrun for minutely_dag to 2026-02-14 20:18:00+00:00, run_after=2026-02-14 20:19:00+00:00
[2026-02-14T20:19:51.297+0000] {processor.py:183} INFO - Processing /opt/airflow/dags/cron_dag.py took 0.115 seconds
[2026-02-14T20:20:22.101+0000] {processor.py:161} INFO - Started process (PID=4256) to work on /opt/airflow/dags/cron_dag.py
[2026-02-14T20:20:22.103+0000] {processor.py:830} INFO - Processing file /opt/airflow/dags/cron_dag.py for tasks to queue
[2026-02-14T20:20:22.107+0000] {logging_mixin.py:188} INFO - [2026-02-14T20:20:22.106+0000] {dagbag.py:538} INFO - Filling up the DagBag from /opt/airflow/dags/cron_dag.py
[2026-02-14T20:20:22.120+0000] {processor.py:840} INFO - DAG(s) 'minutely_dag' retrieved from /opt/airflow/dags/cron_dag.py
[2026-02-14T20:20:22.151+0000] {logging_mixin.py:188} INFO - [2026-02-14T20:20:22.150+0000] {dag.py:3036} INFO - Sync 1 DAGs
[2026-02-14T20:20:22.202+0000] {logging_mixin.py:188} INFO - [2026-02-14T20:20:22.202+0000] {dag.py:3823} INFO - Setting next_dagrun for minutely_dag to 2026-02-14 20:19:00+00:00, run_after=2026-02-14 20:20:00+00:00
[2026-02-14T20:20:22.233+0000] {processor.py:183} INFO - Processing /opt/airflow/dags/cron_dag.py took 0.138 seconds
[2026-02-14T20:20:52.953+0000] {processor.py:161} INFO - Started process (PID=4341) to work on /opt/airflow/dags/cron_dag.py
[2026-02-14T20:20:52.955+0000] {processor.py:830} INFO - Processing file /opt/airflow/dags/cron_dag.py for tasks to queue
[2026-02-14T20:20:52.957+0000] {logging_mixin.py:188} INFO - [2026-02-14T20:20:52.957+0000] {dagbag.py:538} INFO - Filling up the DagBag from /opt/airflow/dags/cron_dag.py
[2026-02-14T20:20:52.968+0000] {processor.py:840} INFO - DAG(s) 'minutely_dag' retrieved from /opt/airflow/dags/cron_dag.py
[2026-02-14T20:20:53.003+0000] {logging_mixin.py:188} INFO - [2026-02-14T20:20:53.002+0000] {dag.py:3036} INFO - Sync 1 DAGs
[2026-02-14T20:20:53.053+0000] {logging_mixin.py:188} INFO - [2026-02-14T20:20:53.053+0000] {dag.py:3823} INFO - Setting next_dagrun for minutely_dag to 2026-02-14 20:19:00+00:00, run_after=2026-02-14 20:20:00+00:00
[2026-02-14T20:20:53.333+0000] {processor.py:183} INFO - Processing /opt/airflow/dags/cron_dag.py took 0.385 seconds
[2026-02-14T20:21:23.534+0000] {processor.py:161} INFO - Started process (PID=4433) to work on /opt/airflow/dags/cron_dag.py
[2026-02-14T20:21:23.536+0000] {processor.py:830} INFO - Processing file /opt/airflow/dags/cron_dag.py for tasks to queue
[2026-02-14T20:21:23.539+0000] {logging_mixin.py:188} INFO - [2026-02-14T20:21:23.538+0000] {dagbag.py:538} INFO - Filling up the DagBag from /opt/airflow/dags/cron_dag.py
[2026-02-14T20:21:23.552+0000] {processor.py:840} INFO - DAG(s) 'minutely_dag' retrieved from /opt/airflow/dags/cron_dag.py
[2026-02-14T20:21:23.584+0000] {logging_mixin.py:188} INFO - [2026-02-14T20:21:23.583+0000] {dag.py:3036} INFO - Sync 1 DAGs
[2026-02-14T20:21:23.632+0000] {logging_mixin.py:188} INFO - [2026-02-14T20:21:23.632+0000] {dag.py:3823} INFO - Setting next_dagrun for minutely_dag to 2026-02-14 20:20:00+00:00, run_after=2026-02-14 20:21:00+00:00
[2026-02-14T20:21:23.666+0000] {processor.py:183} INFO - Processing /opt/airflow/dags/cron_dag.py took 0.138 seconds
[2026-02-14T20:21:54.372+0000] {processor.py:161} INFO - Started process (PID=4515) to work on /opt/airflow/dags/cron_dag.py
[2026-02-14T20:21:54.374+0000] {processor.py:830} INFO - Processing file /opt/airflow/dags/cron_dag.py for tasks to queue
[2026-02-14T20:21:54.378+0000] {logging_mixin.py:188} INFO - [2026-02-14T20:21:54.377+0000] {dagbag.py:538} INFO - Filling up the DagBag from /opt/airflow/dags/cron_dag.py
[2026-02-14T20:21:54.390+0000] {processor.py:840} INFO - DAG(s) 'minutely_dag' retrieved from /opt/airflow/dags/cron_dag.py
[2026-02-14T20:21:54.418+0000] {logging_mixin.py:188} INFO - [2026-02-14T20:21:54.417+0000] {dag.py:3036} INFO - Sync 1 DAGs
[2026-02-14T20:21:54.462+0000] {logging_mixin.py:188} INFO - [2026-02-14T20:21:54.462+0000] {dag.py:3823} INFO - Setting next_dagrun for minutely_dag to 2026-02-14 20:20:00+00:00, run_after=2026-02-14 20:21:00+00:00
[2026-02-14T20:21:54.498+0000] {processor.py:183} INFO - Processing /opt/airflow/dags/cron_dag.py took 0.133 seconds
[2026-02-14T20:22:24.883+0000] {processor.py:161} INFO - Started process (PID=4597) to work on /opt/airflow/dags/cron_dag.py
[2026-02-14T20:22:24.884+0000] {processor.py:830} INFO - Processing file /opt/airflow/dags/cron_dag.py for tasks to queue
[2026-02-14T20:22:24.887+0000] {logging_mixin.py:188} INFO - [2026-02-14T20:22:24.886+0000] {dagbag.py:538} INFO - Filling up the DagBag from /opt/airflow/dags/cron_dag.py
[2026-02-14T20:22:24.899+0000] {processor.py:840} INFO - DAG(s) 'minutely_dag' retrieved from /opt/airflow/dags/cron_dag.py
[2026-02-14T20:22:24.927+0000] {logging_mixin.py:188} INFO - [2026-02-14T20:22:24.927+0000] {dag.py:3036} INFO - Sync 1 DAGs
[2026-02-14T20:22:24.968+0000] {logging_mixin.py:188} INFO - [2026-02-14T20:22:24.967+0000] {dag.py:3823} INFO - Setting next_dagrun for minutely_dag to 2026-02-14 20:21:00+00:00, run_after=2026-02-14 20:22:00+00:00
[2026-02-14T20:22:24.997+0000] {processor.py:183} INFO - Processing /opt/airflow/dags/cron_dag.py took 0.120 seconds
[2026-02-14T20:22:55.690+0000] {processor.py:161} INFO - Started process (PID=4679) to work on /opt/airflow/dags/cron_dag.py
[2026-02-14T20:22:55.692+0000] {processor.py:830} INFO - Processing file /opt/airflow/dags/cron_dag.py for tasks to queue
[2026-02-14T20:22:55.694+0000] {logging_mixin.py:188} INFO - [2026-02-14T20:22:55.694+0000] {dagbag.py:538} INFO - Filling up the DagBag from /opt/airflow/dags/cron_dag.py
[2026-02-14T20:22:55.705+0000] {processor.py:840} INFO - DAG(s) 'minutely_dag' retrieved from /opt/airflow/dags/cron_dag.py
[2026-02-14T20:22:55.739+0000] {logging_mixin.py:188} INFO - [2026-02-14T20:22:55.739+0000] {dag.py:3036} INFO - Sync 1 DAGs
[2026-02-14T20:22:55.787+0000] {logging_mixin.py:188} INFO - [2026-02-14T20:22:55.786+0000] {dag.py:3823} INFO - Setting next_dagrun for minutely_dag to 2026-02-14 20:21:00+00:00, run_after=2026-02-14 20:22:00+00:00
[2026-02-14T20:22:55.825+0000] {processor.py:183} INFO - Processing /opt/airflow/dags/cron_dag.py took 0.140 seconds
[2026-02-14T20:23:26.496+0000] {processor.py:161} INFO - Started process (PID=4761) to work on /opt/airflow/dags/cron_dag.py
[2026-02-14T20:23:26.497+0000] {processor.py:830} INFO - Processing file /opt/airflow/dags/cron_dag.py for tasks to queue
[2026-02-14T20:23:26.500+0000] {logging_mixin.py:188} INFO - [2026-02-14T20:23:26.499+0000] {dagbag.py:538} INFO - Filling up the DagBag from /opt/airflow/dags/cron_dag.py
[2026-02-14T20:23:26.510+0000] {processor.py:840} INFO - DAG(s) 'minutely_dag' retrieved from /opt/airflow/dags/cron_dag.py
[2026-02-14T20:23:26.542+0000] {logging_mixin.py:188} INFO - [2026-02-14T20:23:26.542+0000] {dag.py:3036} INFO - Sync 1 DAGs
[2026-02-14T20:23:26.769+0000] {logging_mixin.py:188} INFO - [2026-02-14T20:23:26.769+0000] {dag.py:3823} INFO - Setting next_dagrun for minutely_dag to 2026-02-14 20:22:00+00:00, run_after=2026-02-14 20:23:00+00:00
[2026-02-14T20:23:26.802+0000] {processor.py:183} INFO - Processing /opt/airflow/dags/cron_dag.py took 0.311 seconds
[2026-02-14T20:23:57.245+0000] {processor.py:161} INFO - Started process (PID=4844) to work on /opt/airflow/dags/cron_dag.py
[2026-02-14T20:23:57.247+0000] {processor.py:830} INFO - Processing file /opt/airflow/dags/cron_dag.py for tasks to queue
[2026-02-14T20:23:57.250+0000] {logging_mixin.py:188} INFO - [2026-02-14T20:23:57.250+0000] {dagbag.py:538} INFO - Filling up the DagBag from /opt/airflow/dags/cron_dag.py
[2026-02-14T20:23:57.260+0000] {processor.py:840} INFO - DAG(s) 'minutely_dag' retrieved from /opt/airflow/dags/cron_dag.py
[2026-02-14T20:23:57.305+0000] {logging_mixin.py:188} INFO - [2026-02-14T20:23:57.305+0000] {dag.py:3036} INFO - Sync 1 DAGs
[2026-02-14T20:23:57.362+0000] {logging_mixin.py:188} INFO - [2026-02-14T20:23:57.362+0000] {dag.py:3823} INFO - Setting next_dagrun for minutely_dag to 2026-02-14 20:22:00+00:00, run_after=2026-02-14 20:23:00+00:00
[2026-02-14T20:23:57.558+0000] {processor.py:183} INFO - Processing /opt/airflow/dags/cron_dag.py took 0.318 seconds
[2026-02-14T20:24:27.802+0000] {processor.py:161} INFO - Started process (PID=4929) to work on /opt/airflow/dags/cron_dag.py
[2026-02-14T20:24:27.803+0000] {processor.py:830} INFO - Processing file /opt/airflow/dags/cron_dag.py for tasks to queue
[2026-02-14T20:24:27.807+0000] {logging_mixin.py:188} INFO - [2026-02-14T20:24:27.806+0000] {dagbag.py:538} INFO - Filling up the DagBag from /opt/airflow/dags/cron_dag.py
[2026-02-14T20:24:27.817+0000] {processor.py:840} INFO - DAG(s) 'minutely_dag' retrieved from /opt/airflow/dags/cron_dag.py
[2026-02-14T20:24:27.847+0000] {logging_mixin.py:188} INFO - [2026-02-14T20:24:27.847+0000] {dag.py:3036} INFO - Sync 1 DAGs
[2026-02-14T20:24:27.889+0000] {logging_mixin.py:188} INFO - [2026-02-14T20:24:27.888+0000] {dag.py:3823} INFO - Setting next_dagrun for minutely_dag to 2026-02-14 20:23:00+00:00, run_after=2026-02-14 20:24:00+00:00
[2026-02-14T20:24:27.919+0000] {processor.py:183} INFO - Processing /opt/airflow/dags/cron_dag.py took 0.122 seconds
[2026-02-14T20:24:58.334+0000] {processor.py:161} INFO - Started process (PID=5012) to work on /opt/airflow/dags/cron_dag.py
[2026-02-14T20:24:58.336+0000] {processor.py:830} INFO - Processing file /opt/airflow/dags/cron_dag.py for tasks to queue
[2026-02-14T20:24:58.339+0000] {logging_mixin.py:188} INFO - [2026-02-14T20:24:58.338+0000] {dagbag.py:538} INFO - Filling up the DagBag from /opt/airflow/dags/cron_dag.py
[2026-02-14T20:24:58.349+0000] {processor.py:840} INFO - DAG(s) 'minutely_dag' retrieved from /opt/airflow/dags/cron_dag.py
[2026-02-14T20:24:58.377+0000] {logging_mixin.py:188} INFO - [2026-02-14T20:24:58.377+0000] {dag.py:3036} INFO - Sync 1 DAGs
[2026-02-14T20:24:58.420+0000] {logging_mixin.py:188} INFO - [2026-02-14T20:24:58.420+0000] {dag.py:3823} INFO - Setting next_dagrun for minutely_dag to 2026-02-14 20:23:00+00:00, run_after=2026-02-14 20:24:00+00:00
[2026-02-14T20:24:58.452+0000] {processor.py:183} INFO - Processing /opt/airflow/dags/cron_dag.py took 0.122 seconds
[2026-02-14T20:25:28.707+0000] {processor.py:161} INFO - Started process (PID=5103) to work on /opt/airflow/dags/cron_dag.py
[2026-02-14T20:25:28.708+0000] {processor.py:830} INFO - Processing file /opt/airflow/dags/cron_dag.py for tasks to queue
[2026-02-14T20:25:28.711+0000] {logging_mixin.py:188} INFO - [2026-02-14T20:25:28.710+0000] {dagbag.py:538} INFO - Filling up the DagBag from /opt/airflow/dags/cron_dag.py
[2026-02-14T20:25:28.723+0000] {processor.py:840} INFO - DAG(s) 'minutely_dag' retrieved from /opt/airflow/dags/cron_dag.py
[2026-02-14T20:25:28.756+0000] {logging_mixin.py:188} INFO - [2026-02-14T20:25:28.756+0000] {dag.py:3036} INFO - Sync 1 DAGs
[2026-02-14T20:25:28.804+0000] {logging_mixin.py:188} INFO - [2026-02-14T20:25:28.803+0000] {dag.py:3823} INFO - Setting next_dagrun for minutely_dag to 2026-02-14 20:24:00+00:00, run_after=2026-02-14 20:25:00+00:00
[2026-02-14T20:25:28.835+0000] {processor.py:183} INFO - Processing /opt/airflow/dags/cron_dag.py took 0.134 seconds
[2026-02-14T20:25:58.959+0000] {processor.py:161} INFO - Started process (PID=5187) to work on /opt/airflow/dags/cron_dag.py
[2026-02-14T20:25:58.960+0000] {processor.py:830} INFO - Processing file /opt/airflow/dags/cron_dag.py for tasks to queue
[2026-02-14T20:25:58.963+0000] {logging_mixin.py:188} INFO - [2026-02-14T20:25:58.963+0000] {dagbag.py:538} INFO - Filling up the DagBag from /opt/airflow/dags/cron_dag.py
[2026-02-14T20:25:58.974+0000] {processor.py:840} INFO - DAG(s) 'minutely_dag' retrieved from /opt/airflow/dags/cron_dag.py
[2026-02-14T20:25:59.004+0000] {logging_mixin.py:188} INFO - [2026-02-14T20:25:59.003+0000] {dag.py:3036} INFO - Sync 1 DAGs
[2026-02-14T20:25:59.044+0000] {logging_mixin.py:188} INFO - [2026-02-14T20:25:59.043+0000] {dag.py:3823} INFO - Setting next_dagrun for minutely_dag to 2026-02-14 20:24:00+00:00, run_after=2026-02-14 20:25:00+00:00
[2026-02-14T20:25:59.074+0000] {processor.py:183} INFO - Processing /opt/airflow/dags/cron_dag.py took 0.120 seconds
[2026-02-14T20:26:29.615+0000] {processor.py:161} INFO - Started process (PID=5270) to work on /opt/airflow/dags/cron_dag.py
[2026-02-14T20:26:29.617+0000] {processor.py:830} INFO - Processing file /opt/airflow/dags/cron_dag.py for tasks to queue
[2026-02-14T20:26:29.620+0000] {logging_mixin.py:188} INFO - [2026-02-14T20:26:29.619+0000] {dagbag.py:538} INFO - Filling up the DagBag from /opt/airflow/dags/cron_dag.py
[2026-02-14T20:26:29.632+0000] {processor.py:840} INFO - DAG(s) 'minutely_dag' retrieved from /opt/airflow/dags/cron_dag.py
[2026-02-14T20:26:29.666+0000] {logging_mixin.py:188} INFO - [2026-02-14T20:26:29.666+0000] {dag.py:3036} INFO - Sync 1 DAGs
[2026-02-14T20:26:29.707+0000] {logging_mixin.py:188} INFO - [2026-02-14T20:26:29.707+0000] {dag.py:3823} INFO - Setting next_dagrun for minutely_dag to 2026-02-14 20:25:00+00:00, run_after=2026-02-14 20:26:00+00:00
[2026-02-14T20:26:29.738+0000] {processor.py:183} INFO - Processing /opt/airflow/dags/cron_dag.py took 0.129 seconds
[2026-02-14T20:27:00.057+0000] {processor.py:161} INFO - Started process (PID=5353) to work on /opt/airflow/dags/cron_dag.py
[2026-02-14T20:27:00.058+0000] {processor.py:830} INFO - Processing file /opt/airflow/dags/cron_dag.py for tasks to queue
[2026-02-14T20:27:00.061+0000] {logging_mixin.py:188} INFO - [2026-02-14T20:27:00.060+0000] {dagbag.py:538} INFO - Filling up the DagBag from /opt/airflow/dags/cron_dag.py
[2026-02-14T20:27:00.076+0000] {processor.py:840} INFO - DAG(s) 'minutely_dag' retrieved from /opt/airflow/dags/cron_dag.py
[2026-02-14T20:27:00.110+0000] {logging_mixin.py:188} INFO - [2026-02-14T20:27:00.110+0000] {dag.py:3036} INFO - Sync 1 DAGs
[2026-02-14T20:27:00.153+0000] {logging_mixin.py:188} INFO - [2026-02-14T20:27:00.153+0000] {dag.py:3823} INFO - Setting next_dagrun for minutely_dag to 2026-02-14 20:26:00+00:00, run_after=2026-02-14 20:27:00+00:00
[2026-02-14T20:27:00.185+0000] {processor.py:183} INFO - Processing /opt/airflow/dags/cron_dag.py took 0.134 seconds
[2026-02-14T20:27:30.889+0000] {processor.py:161} INFO - Started process (PID=5436) to work on /opt/airflow/dags/cron_dag.py
[2026-02-14T20:27:30.892+0000] {processor.py:830} INFO - Processing file /opt/airflow/dags/cron_dag.py for tasks to queue
[2026-02-14T20:27:30.895+0000] {logging_mixin.py:188} INFO - [2026-02-14T20:27:30.895+0000] {dagbag.py:538} INFO - Filling up the DagBag from /opt/airflow/dags/cron_dag.py
[2026-02-14T20:27:30.912+0000] {processor.py:840} INFO - DAG(s) 'minutely_dag' retrieved from /opt/airflow/dags/cron_dag.py
[2026-02-14T20:27:30.943+0000] {logging_mixin.py:188} INFO - [2026-02-14T20:27:30.943+0000] {dag.py:3036} INFO - Sync 1 DAGs
[2026-02-14T20:27:30.988+0000] {logging_mixin.py:188} INFO - [2026-02-14T20:27:30.988+0000] {dag.py:3823} INFO - Setting next_dagrun for minutely_dag to 2026-02-14 20:26:00+00:00, run_after=2026-02-14 20:27:00+00:00
[2026-02-14T20:27:31.032+0000] {processor.py:183} INFO - Processing /opt/airflow/dags/cron_dag.py took 0.148 seconds
[2026-02-14T20:28:01.229+0000] {processor.py:161} INFO - Started process (PID=5520) to work on /opt/airflow/dags/cron_dag.py
[2026-02-14T20:28:01.230+0000] {processor.py:830} INFO - Processing file /opt/airflow/dags/cron_dag.py for tasks to queue
[2026-02-14T20:28:01.233+0000] {logging_mixin.py:188} INFO - [2026-02-14T20:28:01.233+0000] {dagbag.py:538} INFO - Filling up the DagBag from /opt/airflow/dags/cron_dag.py
[2026-02-14T20:28:01.245+0000] {processor.py:840} INFO - DAG(s) 'minutely_dag' retrieved from /opt/airflow/dags/cron_dag.py
[2026-02-14T20:28:01.274+0000] {logging_mixin.py:188} INFO - [2026-02-14T20:28:01.273+0000] {dag.py:3036} INFO - Sync 1 DAGs
[2026-02-14T20:28:01.315+0000] {logging_mixin.py:188} INFO - [2026-02-14T20:28:01.314+0000] {dag.py:3823} INFO - Setting next_dagrun for minutely_dag to 2026-02-14 20:27:00+00:00, run_after=2026-02-14 20:28:00+00:00
[2026-02-14T20:28:01.343+0000] {processor.py:183} INFO - Processing /opt/airflow/dags/cron_dag.py took 0.120 seconds
[2026-02-14T20:28:31.434+0000] {processor.py:161} INFO - Started process (PID=5603) to work on /opt/airflow/dags/cron_dag.py
[2026-02-14T20:28:31.436+0000] {processor.py:830} INFO - Processing file /opt/airflow/dags/cron_dag.py for tasks to queue
[2026-02-14T20:28:31.438+0000] {logging_mixin.py:188} INFO - [2026-02-14T20:28:31.438+0000] {dagbag.py:538} INFO - Filling up the DagBag from /opt/airflow/dags/cron_dag.py
[2026-02-14T20:28:31.449+0000] {processor.py:840} INFO - DAG(s) 'minutely_dag' retrieved from /opt/airflow/dags/cron_dag.py
[2026-02-14T20:28:31.483+0000] {logging_mixin.py:188} INFO - [2026-02-14T20:28:31.483+0000] {dag.py:3036} INFO - Sync 1 DAGs
[2026-02-14T20:28:31.526+0000] {logging_mixin.py:188} INFO - [2026-02-14T20:28:31.526+0000] {dag.py:3823} INFO - Setting next_dagrun for minutely_dag to 2026-02-14 20:27:00+00:00, run_after=2026-02-14 20:28:00+00:00
[2026-02-14T20:28:31.556+0000] {processor.py:183} INFO - Processing /opt/airflow/dags/cron_dag.py took 0.127 seconds
[2026-02-14T20:29:02.015+0000] {processor.py:161} INFO - Started process (PID=5684) to work on /opt/airflow/dags/cron_dag.py
[2026-02-14T20:29:02.016+0000] {processor.py:830} INFO - Processing file /opt/airflow/dags/cron_dag.py for tasks to queue
[2026-02-14T20:29:02.019+0000] {logging_mixin.py:188} INFO - [2026-02-14T20:29:02.018+0000] {dagbag.py:538} INFO - Filling up the DagBag from /opt/airflow/dags/cron_dag.py
[2026-02-14T20:29:02.029+0000] {processor.py:840} INFO - DAG(s) 'minutely_dag' retrieved from /opt/airflow/dags/cron_dag.py
[2026-02-14T20:29:02.058+0000] {logging_mixin.py:188} INFO - [2026-02-14T20:29:02.057+0000] {dag.py:3036} INFO - Sync 1 DAGs
[2026-02-14T20:29:02.098+0000] {logging_mixin.py:188} INFO - [2026-02-14T20:29:02.097+0000] {dag.py:3823} INFO - Setting next_dagrun for minutely_dag to 2026-02-14 20:28:00+00:00, run_after=2026-02-14 20:29:00+00:00
[2026-02-14T20:29:02.133+0000] {processor.py:183} INFO - Processing /opt/airflow/dags/cron_dag.py took 0.123 seconds
[2026-02-14T20:29:32.336+0000] {processor.py:161} INFO - Started process (PID=5767) to work on /opt/airflow/dags/cron_dag.py
[2026-02-14T20:29:32.338+0000] {processor.py:830} INFO - Processing file /opt/airflow/dags/cron_dag.py for tasks to queue
[2026-02-14T20:29:32.341+0000] {logging_mixin.py:188} INFO - [2026-02-14T20:29:32.340+0000] {dagbag.py:538} INFO - Filling up the DagBag from /opt/airflow/dags/cron_dag.py
[2026-02-14T20:29:32.352+0000] {processor.py:840} INFO - DAG(s) 'minutely_dag' retrieved from /opt/airflow/dags/cron_dag.py
[2026-02-14T20:29:32.383+0000] {logging_mixin.py:188} INFO - [2026-02-14T20:29:32.383+0000] {dag.py:3036} INFO - Sync 1 DAGs
[2026-02-14T20:29:32.428+0000] {logging_mixin.py:188} INFO - [2026-02-14T20:29:32.428+0000] {dag.py:3823} INFO - Setting next_dagrun for minutely_dag to 2026-02-14 20:28:00+00:00, run_after=2026-02-14 20:29:00+00:00
[2026-02-14T20:29:32.456+0000] {processor.py:183} INFO - Processing /opt/airflow/dags/cron_dag.py took 0.126 seconds
[2026-02-14T20:30:02.566+0000] {processor.py:161} INFO - Started process (PID=5850) to work on /opt/airflow/dags/cron_dag.py
[2026-02-14T20:30:02.567+0000] {processor.py:830} INFO - Processing file /opt/airflow/dags/cron_dag.py for tasks to queue
[2026-02-14T20:30:02.570+0000] {logging_mixin.py:188} INFO - [2026-02-14T20:30:02.570+0000] {dagbag.py:538} INFO - Filling up the DagBag from /opt/airflow/dags/cron_dag.py
[2026-02-14T20:30:02.583+0000] {processor.py:840} INFO - DAG(s) 'minutely_dag' retrieved from /opt/airflow/dags/cron_dag.py
[2026-02-14T20:30:02.616+0000] {logging_mixin.py:188} INFO - [2026-02-14T20:30:02.616+0000] {dag.py:3036} INFO - Sync 1 DAGs
[2026-02-14T20:30:02.664+0000] {logging_mixin.py:188} INFO - [2026-02-14T20:30:02.663+0000] {dag.py:3823} INFO - Setting next_dagrun for minutely_dag to 2026-02-14 20:29:00+00:00, run_after=2026-02-14 20:30:00+00:00
[2026-02-14T20:30:02.697+0000] {processor.py:183} INFO - Processing /opt/airflow/dags/cron_dag.py took 0.137 seconds
[2026-02-14T20:30:32.995+0000] {processor.py:161} INFO - Started process (PID=5942) to work on /opt/airflow/dags/cron_dag.py
[2026-02-14T20:30:32.997+0000] {processor.py:830} INFO - Processing file /opt/airflow/dags/cron_dag.py for tasks to queue
[2026-02-14T20:30:33.001+0000] {logging_mixin.py:188} INFO - [2026-02-14T20:30:33.000+0000] {dagbag.py:538} INFO - Filling up the DagBag from /opt/airflow/dags/cron_dag.py
[2026-02-14T20:30:33.013+0000] {processor.py:840} INFO - DAG(s) 'minutely_dag' retrieved from /opt/airflow/dags/cron_dag.py
[2026-02-14T20:30:33.047+0000] {logging_mixin.py:188} INFO - [2026-02-14T20:30:33.046+0000] {dag.py:3036} INFO - Sync 1 DAGs
[2026-02-14T20:30:33.095+0000] {logging_mixin.py:188} INFO - [2026-02-14T20:30:33.095+0000] {dag.py:3823} INFO - Setting next_dagrun for minutely_dag to 2026-02-14 20:29:00+00:00, run_after=2026-02-14 20:30:00+00:00
[2026-02-14T20:30:33.128+0000] {processor.py:183} INFO - Processing /opt/airflow/dags/cron_dag.py took 0.140 seconds
[2026-02-14T20:31:03.252+0000] {processor.py:161} INFO - Started process (PID=6025) to work on /opt/airflow/dags/cron_dag.py
[2026-02-14T20:31:03.254+0000] {processor.py:830} INFO - Processing file /opt/airflow/dags/cron_dag.py for tasks to queue
[2026-02-14T20:31:03.258+0000] {logging_mixin.py:188} INFO - [2026-02-14T20:31:03.258+0000] {dagbag.py:538} INFO - Filling up the DagBag from /opt/airflow/dags/cron_dag.py
[2026-02-14T20:31:03.271+0000] {processor.py:840} INFO - DAG(s) 'minutely_dag' retrieved from /opt/airflow/dags/cron_dag.py
[2026-02-14T20:31:03.305+0000] {logging_mixin.py:188} INFO - [2026-02-14T20:31:03.304+0000] {dag.py:3036} INFO - Sync 1 DAGs
[2026-02-14T20:31:03.355+0000] {logging_mixin.py:188} INFO - [2026-02-14T20:31:03.354+0000] {dag.py:3823} INFO - Setting next_dagrun for minutely_dag to 2026-02-14 20:30:00+00:00, run_after=2026-02-14 20:31:00+00:00
[2026-02-14T20:31:03.391+0000] {processor.py:183} INFO - Processing /opt/airflow/dags/cron_dag.py took 0.145 seconds
[2026-02-14T20:31:33.988+0000] {processor.py:161} INFO - Started process (PID=6108) to work on /opt/airflow/dags/cron_dag.py
[2026-02-14T20:31:33.990+0000] {processor.py:830} INFO - Processing file /opt/airflow/dags/cron_dag.py for tasks to queue
[2026-02-14T20:31:33.993+0000] {logging_mixin.py:188} INFO - [2026-02-14T20:31:33.992+0000] {dagbag.py:538} INFO - Filling up the DagBag from /opt/airflow/dags/cron_dag.py
[2026-02-14T20:31:34.008+0000] {processor.py:840} INFO - DAG(s) 'minutely_dag' retrieved from /opt/airflow/dags/cron_dag.py
[2026-02-14T20:31:34.039+0000] {logging_mixin.py:188} INFO - [2026-02-14T20:31:34.039+0000] {dag.py:3036} INFO - Sync 1 DAGs
[2026-02-14T20:31:34.084+0000] {logging_mixin.py:188} INFO - [2026-02-14T20:31:34.084+0000] {dag.py:3823} INFO - Setting next_dagrun for minutely_dag to 2026-02-14 20:30:00+00:00, run_after=2026-02-14 20:31:00+00:00
[2026-02-14T20:31:34.116+0000] {processor.py:183} INFO - Processing /opt/airflow/dags/cron_dag.py took 0.135 seconds
[2026-02-14T20:32:04.602+0000] {processor.py:161} INFO - Started process (PID=6192) to work on /opt/airflow/dags/cron_dag.py
[2026-02-14T20:32:04.603+0000] {processor.py:830} INFO - Processing file /opt/airflow/dags/cron_dag.py for tasks to queue
[2026-02-14T20:32:04.608+0000] {logging_mixin.py:188} INFO - [2026-02-14T20:32:04.607+0000] {dagbag.py:538} INFO - Filling up the DagBag from /opt/airflow/dags/cron_dag.py
[2026-02-14T20:32:04.619+0000] {processor.py:840} INFO - DAG(s) 'minutely_dag' retrieved from /opt/airflow/dags/cron_dag.py
[2026-02-14T20:32:04.651+0000] {logging_mixin.py:188} INFO - [2026-02-14T20:32:04.651+0000] {dag.py:3036} INFO - Sync 1 DAGs
[2026-02-14T20:32:04.692+0000] {logging_mixin.py:188} INFO - [2026-02-14T20:32:04.691+0000] {dag.py:3823} INFO - Setting next_dagrun for minutely_dag to 2026-02-14 20:31:00+00:00, run_after=2026-02-14 20:32:00+00:00
[2026-02-14T20:32:04.729+0000] {processor.py:183} INFO - Processing /opt/airflow/dags/cron_dag.py took 0.134 seconds
[2026-02-14T20:32:35.015+0000] {processor.py:161} INFO - Started process (PID=6275) to work on /opt/airflow/dags/cron_dag.py
[2026-02-14T20:32:35.017+0000] {processor.py:830} INFO - Processing file /opt/airflow/dags/cron_dag.py for tasks to queue
[2026-02-14T20:32:35.019+0000] {logging_mixin.py:188} INFO - [2026-02-14T20:32:35.019+0000] {dagbag.py:538} INFO - Filling up the DagBag from /opt/airflow/dags/cron_dag.py
[2026-02-14T20:32:35.029+0000] {processor.py:840} INFO - DAG(s) 'minutely_dag' retrieved from /opt/airflow/dags/cron_dag.py
[2026-02-14T20:32:35.060+0000] {logging_mixin.py:188} INFO - [2026-02-14T20:32:35.060+0000] {dag.py:3036} INFO - Sync 1 DAGs
[2026-02-14T20:32:35.102+0000] {logging_mixin.py:188} INFO - [2026-02-14T20:32:35.101+0000] {dag.py:3823} INFO - Setting next_dagrun for minutely_dag to 2026-02-14 20:31:00+00:00, run_after=2026-02-14 20:32:00+00:00
[2026-02-14T20:32:35.137+0000] {processor.py:183} INFO - Processing /opt/airflow/dags/cron_dag.py took 0.127 seconds
[2026-02-14T20:33:05.661+0000] {processor.py:161} INFO - Started process (PID=6359) to work on /opt/airflow/dags/cron_dag.py
[2026-02-14T20:33:05.662+0000] {processor.py:830} INFO - Processing file /opt/airflow/dags/cron_dag.py for tasks to queue
[2026-02-14T20:33:05.665+0000] {logging_mixin.py:188} INFO - [2026-02-14T20:33:05.664+0000] {dagbag.py:538} INFO - Filling up the DagBag from /opt/airflow/dags/cron_dag.py
[2026-02-14T20:33:05.675+0000] {processor.py:840} INFO - DAG(s) 'minutely_dag' retrieved from /opt/airflow/dags/cron_dag.py
[2026-02-14T20:33:05.707+0000] {logging_mixin.py:188} INFO - [2026-02-14T20:33:05.707+0000] {dag.py:3036} INFO - Sync 1 DAGs
[2026-02-14T20:33:05.754+0000] {logging_mixin.py:188} INFO - [2026-02-14T20:33:05.754+0000] {dag.py:3823} INFO - Setting next_dagrun for minutely_dag to 2026-02-14 20:32:00+00:00, run_after=2026-02-14 20:33:00+00:00
[2026-02-14T20:33:05.792+0000] {processor.py:183} INFO - Processing /opt/airflow/dags/cron_dag.py took 0.136 seconds
[2026-02-14T20:33:36.058+0000] {processor.py:161} INFO - Started process (PID=6441) to work on /opt/airflow/dags/cron_dag.py
[2026-02-14T20:33:36.061+0000] {processor.py:830} INFO - Processing file /opt/airflow/dags/cron_dag.py for tasks to queue
[2026-02-14T20:33:36.064+0000] {logging_mixin.py:188} INFO - [2026-02-14T20:33:36.064+0000] {dagbag.py:538} INFO - Filling up the DagBag from /opt/airflow/dags/cron_dag.py
[2026-02-14T20:33:36.078+0000] {processor.py:840} INFO - DAG(s) 'minutely_dag' retrieved from /opt/airflow/dags/cron_dag.py
[2026-02-14T20:33:36.110+0000] {logging_mixin.py:188} INFO - [2026-02-14T20:33:36.110+0000] {dag.py:3036} INFO - Sync 1 DAGs
[2026-02-14T20:33:36.154+0000] {logging_mixin.py:188} INFO - [2026-02-14T20:33:36.154+0000] {dag.py:3823} INFO - Setting next_dagrun for minutely_dag to 2026-02-14 20:32:00+00:00, run_after=2026-02-14 20:33:00+00:00
[2026-02-14T20:33:36.188+0000] {processor.py:183} INFO - Processing /opt/airflow/dags/cron_dag.py took 0.137 seconds
[2026-02-14T20:34:06.507+0000] {processor.py:161} INFO - Started process (PID=6525) to work on /opt/airflow/dags/cron_dag.py
[2026-02-14T20:34:06.509+0000] {processor.py:830} INFO - Processing file /opt/airflow/dags/cron_dag.py for tasks to queue
[2026-02-14T20:34:06.511+0000] {logging_mixin.py:188} INFO - [2026-02-14T20:34:06.511+0000] {dagbag.py:538} INFO - Filling up the DagBag from /opt/airflow/dags/cron_dag.py
[2026-02-14T20:34:06.522+0000] {processor.py:840} INFO - DAG(s) 'minutely_dag' retrieved from /opt/airflow/dags/cron_dag.py
[2026-02-14T20:34:06.551+0000] {logging_mixin.py:188} INFO - [2026-02-14T20:34:06.551+0000] {dag.py:3036} INFO - Sync 1 DAGs
[2026-02-14T20:34:06.596+0000] {logging_mixin.py:188} INFO - [2026-02-14T20:34:06.595+0000] {dag.py:3823} INFO - Setting next_dagrun for minutely_dag to 2026-02-14 20:33:00+00:00, run_after=2026-02-14 20:34:00+00:00
[2026-02-14T20:34:06.627+0000] {processor.py:183} INFO - Processing /opt/airflow/dags/cron_dag.py took 0.125 seconds
[2026-02-14T20:34:37.004+0000] {processor.py:161} INFO - Started process (PID=6609) to work on /opt/airflow/dags/cron_dag.py
[2026-02-14T20:34:37.006+0000] {processor.py:830} INFO - Processing file /opt/airflow/dags/cron_dag.py for tasks to queue
[2026-02-14T20:34:37.008+0000] {logging_mixin.py:188} INFO - [2026-02-14T20:34:37.008+0000] {dagbag.py:538} INFO - Filling up the DagBag from /opt/airflow/dags/cron_dag.py
[2026-02-14T20:34:37.018+0000] {processor.py:840} INFO - DAG(s) 'minutely_dag' retrieved from /opt/airflow/dags/cron_dag.py
[2026-02-14T20:34:37.048+0000] {logging_mixin.py:188} INFO - [2026-02-14T20:34:37.048+0000] {dag.py:3036} INFO - Sync 1 DAGs
[2026-02-14T20:34:37.090+0000] {logging_mixin.py:188} INFO - [2026-02-14T20:34:37.090+0000] {dag.py:3823} INFO - Setting next_dagrun for minutely_dag to 2026-02-14 20:33:00+00:00, run_after=2026-02-14 20:34:00+00:00
[2026-02-14T20:34:37.119+0000] {processor.py:183} INFO - Processing /opt/airflow/dags/cron_dag.py took 0.120 seconds
[2026-02-14T20:35:07.490+0000] {processor.py:161} INFO - Started process (PID=6699) to work on /opt/airflow/dags/cron_dag.py
[2026-02-14T20:35:07.491+0000] {processor.py:830} INFO - Processing file /opt/airflow/dags/cron_dag.py for tasks to queue
[2026-02-14T20:35:07.494+0000] {logging_mixin.py:188} INFO - [2026-02-14T20:35:07.494+0000] {dagbag.py:538} INFO - Filling up the DagBag from /opt/airflow/dags/cron_dag.py
[2026-02-14T20:35:07.508+0000] {processor.py:840} INFO - DAG(s) 'minutely_dag' retrieved from /opt/airflow/dags/cron_dag.py
[2026-02-14T20:35:07.544+0000] {logging_mixin.py:188} INFO - [2026-02-14T20:35:07.544+0000] {dag.py:3036} INFO - Sync 1 DAGs
[2026-02-14T20:35:07.597+0000] {logging_mixin.py:188} INFO - [2026-02-14T20:35:07.596+0000] {dag.py:3823} INFO - Setting next_dagrun for minutely_dag to 2026-02-14 20:34:00+00:00, run_after=2026-02-14 20:35:00+00:00
[2026-02-14T20:35:07.635+0000] {processor.py:183} INFO - Processing /opt/airflow/dags/cron_dag.py took 0.151 seconds
[2026-02-14T20:35:37.858+0000] {processor.py:161} INFO - Started process (PID=6783) to work on /opt/airflow/dags/cron_dag.py
[2026-02-14T20:35:37.860+0000] {processor.py:830} INFO - Processing file /opt/airflow/dags/cron_dag.py for tasks to queue
[2026-02-14T20:35:37.865+0000] {logging_mixin.py:188} INFO - [2026-02-14T20:35:37.865+0000] {dagbag.py:538} INFO - Filling up the DagBag from /opt/airflow/dags/cron_dag.py
[2026-02-14T20:35:37.888+0000] {processor.py:840} INFO - DAG(s) 'minutely_dag' retrieved from /opt/airflow/dags/cron_dag.py
[2026-02-14T20:35:37.930+0000] {logging_mixin.py:188} INFO - [2026-02-14T20:35:37.930+0000] {dag.py:3036} INFO - Sync 1 DAGs
[2026-02-14T20:35:37.983+0000] {logging_mixin.py:188} INFO - [2026-02-14T20:35:37.983+0000] {dag.py:3823} INFO - Setting next_dagrun for minutely_dag to 2026-02-14 20:34:00+00:00, run_after=2026-02-14 20:35:00+00:00
[2026-02-14T20:35:38.028+0000] {processor.py:183} INFO - Processing /opt/airflow/dags/cron_dag.py took 0.176 seconds
[2026-02-14T20:36:08.248+0000] {processor.py:161} INFO - Started process (PID=6865) to work on /opt/airflow/dags/cron_dag.py
[2026-02-14T20:36:08.250+0000] {processor.py:830} INFO - Processing file /opt/airflow/dags/cron_dag.py for tasks to queue
[2026-02-14T20:36:08.254+0000] {logging_mixin.py:188} INFO - [2026-02-14T20:36:08.253+0000] {dagbag.py:538} INFO - Filling up the DagBag from /opt/airflow/dags/cron_dag.py
[2026-02-14T20:36:08.267+0000] {processor.py:840} INFO - DAG(s) 'minutely_dag' retrieved from /opt/airflow/dags/cron_dag.py
[2026-02-14T20:36:08.302+0000] {logging_mixin.py:188} INFO - [2026-02-14T20:36:08.301+0000] {dag.py:3036} INFO - Sync 1 DAGs
[2026-02-14T20:36:08.348+0000] {logging_mixin.py:188} INFO - [2026-02-14T20:36:08.348+0000] {dag.py:3823} INFO - Setting next_dagrun for minutely_dag to 2026-02-14 20:35:00+00:00, run_after=2026-02-14 20:36:00+00:00
[2026-02-14T20:36:08.384+0000] {processor.py:183} INFO - Processing /opt/airflow/dags/cron_dag.py took 0.142 seconds
[2026-02-14T20:36:38.536+0000] {processor.py:161} INFO - Started process (PID=6947) to work on /opt/airflow/dags/cron_dag.py
[2026-02-14T20:36:38.537+0000] {processor.py:830} INFO - Processing file /opt/airflow/dags/cron_dag.py for tasks to queue
[2026-02-14T20:36:38.540+0000] {logging_mixin.py:188} INFO - [2026-02-14T20:36:38.539+0000] {dagbag.py:538} INFO - Filling up the DagBag from /opt/airflow/dags/cron_dag.py
[2026-02-14T20:36:38.552+0000] {processor.py:840} INFO - DAG(s) 'minutely_dag' retrieved from /opt/airflow/dags/cron_dag.py
[2026-02-14T20:36:38.584+0000] {logging_mixin.py:188} INFO - [2026-02-14T20:36:38.584+0000] {dag.py:3036} INFO - Sync 1 DAGs
[2026-02-14T20:36:38.633+0000] {logging_mixin.py:188} INFO - [2026-02-14T20:36:38.633+0000] {dag.py:3823} INFO - Setting next_dagrun for minutely_dag to 2026-02-14 20:35:00+00:00, run_after=2026-02-14 20:36:00+00:00
[2026-02-14T20:36:38.668+0000] {processor.py:183} INFO - Processing /opt/airflow/dags/cron_dag.py took 0.138 seconds
[2026-02-14T20:37:08.872+0000] {processor.py:161} INFO - Started process (PID=7030) to work on /opt/airflow/dags/cron_dag.py
[2026-02-14T20:37:08.874+0000] {processor.py:830} INFO - Processing file /opt/airflow/dags/cron_dag.py for tasks to queue
[2026-02-14T20:37:08.877+0000] {logging_mixin.py:188} INFO - [2026-02-14T20:37:08.877+0000] {dagbag.py:538} INFO - Filling up the DagBag from /opt/airflow/dags/cron_dag.py
[2026-02-14T20:37:08.890+0000] {processor.py:840} INFO - DAG(s) 'minutely_dag' retrieved from /opt/airflow/dags/cron_dag.py
[2026-02-14T20:37:08.923+0000] {logging_mixin.py:188} INFO - [2026-02-14T20:37:08.923+0000] {dag.py:3036} INFO - Sync 1 DAGs
[2026-02-14T20:37:08.974+0000] {logging_mixin.py:188} INFO - [2026-02-14T20:37:08.973+0000] {dag.py:3823} INFO - Setting next_dagrun for minutely_dag to 2026-02-14 20:36:00+00:00, run_after=2026-02-14 20:37:00+00:00
[2026-02-14T20:37:09.007+0000] {processor.py:183} INFO - Processing /opt/airflow/dags/cron_dag.py took 0.141 seconds
[2026-02-14T20:37:39.102+0000] {processor.py:161} INFO - Started process (PID=7112) to work on /opt/airflow/dags/cron_dag.py
[2026-02-14T20:37:39.104+0000] {processor.py:830} INFO - Processing file /opt/airflow/dags/cron_dag.py for tasks to queue
[2026-02-14T20:37:39.106+0000] {logging_mixin.py:188} INFO - [2026-02-14T20:37:39.106+0000] {dagbag.py:538} INFO - Filling up the DagBag from /opt/airflow/dags/cron_dag.py
[2026-02-14T20:37:39.116+0000] {processor.py:840} INFO - DAG(s) 'minutely_dag' retrieved from /opt/airflow/dags/cron_dag.py
[2026-02-14T20:37:39.144+0000] {logging_mixin.py:188} INFO - [2026-02-14T20:37:39.144+0000] {dag.py:3036} INFO - Sync 1 DAGs
[2026-02-14T20:37:39.181+0000] {logging_mixin.py:188} INFO - [2026-02-14T20:37:39.180+0000] {dag.py:3823} INFO - Setting next_dagrun for minutely_dag to 2026-02-14 20:36:00+00:00, run_after=2026-02-14 20:37:00+00:00
[2026-02-14T20:37:39.207+0000] {processor.py:183} INFO - Processing /opt/airflow/dags/cron_dag.py took 0.110 seconds
[2026-02-14T20:38:09.471+0000] {processor.py:161} INFO - Started process (PID=7196) to work on /opt/airflow/dags/cron_dag.py
[2026-02-14T20:38:09.473+0000] {processor.py:830} INFO - Processing file /opt/airflow/dags/cron_dag.py for tasks to queue
[2026-02-14T20:38:09.475+0000] {logging_mixin.py:188} INFO - [2026-02-14T20:38:09.475+0000] {dagbag.py:538} INFO - Filling up the DagBag from /opt/airflow/dags/cron_dag.py
[2026-02-14T20:38:09.488+0000] {processor.py:840} INFO - DAG(s) 'minutely_dag' retrieved from /opt/airflow/dags/cron_dag.py
[2026-02-14T20:38:09.521+0000] {logging_mixin.py:188} INFO - [2026-02-14T20:38:09.521+0000] {dag.py:3036} INFO - Sync 1 DAGs
[2026-02-14T20:38:09.568+0000] {logging_mixin.py:188} INFO - [2026-02-14T20:38:09.567+0000] {dag.py:3823} INFO - Setting next_dagrun for minutely_dag to 2026-02-14 20:37:00+00:00, run_after=2026-02-14 20:38:00+00:00
[2026-02-14T20:38:09.596+0000] {processor.py:183} INFO - Processing /opt/airflow/dags/cron_dag.py took 0.131 seconds
[2026-02-14T20:38:40.229+0000] {processor.py:161} INFO - Started process (PID=7281) to work on /opt/airflow/dags/cron_dag.py
[2026-02-14T20:38:40.230+0000] {processor.py:830} INFO - Processing file /opt/airflow/dags/cron_dag.py for tasks to queue
[2026-02-14T20:38:40.232+0000] {logging_mixin.py:188} INFO - [2026-02-14T20:38:40.232+0000] {dagbag.py:538} INFO - Filling up the DagBag from /opt/airflow/dags/cron_dag.py
[2026-02-14T20:38:40.242+0000] {processor.py:840} INFO - DAG(s) 'minutely_dag' retrieved from /opt/airflow/dags/cron_dag.py
[2026-02-14T20:38:40.272+0000] {logging_mixin.py:188} INFO - [2026-02-14T20:38:40.272+0000] {dag.py:3036} INFO - Sync 1 DAGs
[2026-02-14T20:38:40.312+0000] {logging_mixin.py:188} INFO - [2026-02-14T20:38:40.312+0000] {dag.py:3823} INFO - Setting next_dagrun for minutely_dag to 2026-02-14 20:37:00+00:00, run_after=2026-02-14 20:38:00+00:00
[2026-02-14T20:38:40.343+0000] {processor.py:183} INFO - Processing /opt/airflow/dags/cron_dag.py took 0.118 seconds
[2026-02-14T20:39:11.235+0000] {processor.py:161} INFO - Started process (PID=7364) to work on /opt/airflow/dags/cron_dag.py
[2026-02-14T20:39:11.237+0000] {processor.py:830} INFO - Processing file /opt/airflow/dags/cron_dag.py for tasks to queue
[2026-02-14T20:39:11.239+0000] {logging_mixin.py:188} INFO - [2026-02-14T20:39:11.239+0000] {dagbag.py:538} INFO - Filling up the DagBag from /opt/airflow/dags/cron_dag.py
[2026-02-14T20:39:11.249+0000] {processor.py:840} INFO - DAG(s) 'minutely_dag' retrieved from /opt/airflow/dags/cron_dag.py
[2026-02-14T20:39:11.282+0000] {logging_mixin.py:188} INFO - [2026-02-14T20:39:11.281+0000] {dag.py:3036} INFO - Sync 1 DAGs
[2026-02-14T20:39:11.323+0000] {logging_mixin.py:188} INFO - [2026-02-14T20:39:11.322+0000] {dag.py:3823} INFO - Setting next_dagrun for minutely_dag to 2026-02-14 20:38:00+00:00, run_after=2026-02-14 20:39:00+00:00
[2026-02-14T20:39:11.350+0000] {processor.py:183} INFO - Processing /opt/airflow/dags/cron_dag.py took 0.120 seconds
[2026-02-14T20:39:42.185+0000] {processor.py:161} INFO - Started process (PID=7454) to work on /opt/airflow/dags/cron_dag.py
[2026-02-14T20:39:42.186+0000] {processor.py:830} INFO - Processing file /opt/airflow/dags/cron_dag.py for tasks to queue
[2026-02-14T20:39:42.190+0000] {logging_mixin.py:188} INFO - [2026-02-14T20:39:42.189+0000] {dagbag.py:538} INFO - Filling up the DagBag from /opt/airflow/dags/cron_dag.py
[2026-02-14T20:39:42.204+0000] {processor.py:840} INFO - DAG(s) 'minutely_dag' retrieved from /opt/airflow/dags/cron_dag.py
[2026-02-14T20:39:42.239+0000] {logging_mixin.py:188} INFO - [2026-02-14T20:39:42.238+0000] {dag.py:3036} INFO - Sync 1 DAGs
[2026-02-14T20:39:42.286+0000] {logging_mixin.py:188} INFO - [2026-02-14T20:39:42.286+0000] {dag.py:3823} INFO - Setting next_dagrun for minutely_dag to 2026-02-14 20:38:00+00:00, run_after=2026-02-14 20:39:00+00:00
[2026-02-14T20:39:42.320+0000] {processor.py:183} INFO - Processing /opt/airflow/dags/cron_dag.py took 0.141 seconds
[2026-02-14T20:40:13.307+0000] {processor.py:161} INFO - Started process (PID=7538) to work on /opt/airflow/dags/cron_dag.py
[2026-02-14T20:40:13.309+0000] {processor.py:830} INFO - Processing file /opt/airflow/dags/cron_dag.py for tasks to queue
[2026-02-14T20:40:13.312+0000] {logging_mixin.py:188} INFO - [2026-02-14T20:40:13.311+0000] {dagbag.py:538} INFO - Filling up the DagBag from /opt/airflow/dags/cron_dag.py
[2026-02-14T20:40:13.324+0000] {processor.py:840} INFO - DAG(s) 'minutely_dag' retrieved from /opt/airflow/dags/cron_dag.py
[2026-02-14T20:40:13.357+0000] {logging_mixin.py:188} INFO - [2026-02-14T20:40:13.357+0000] {dag.py:3036} INFO - Sync 1 DAGs
[2026-02-14T20:40:13.408+0000] {logging_mixin.py:188} INFO - [2026-02-14T20:40:13.407+0000] {dag.py:3823} INFO - Setting next_dagrun for minutely_dag to 2026-02-14 20:39:00+00:00, run_after=2026-02-14 20:40:00+00:00
[2026-02-14T20:40:13.443+0000] {processor.py:183} INFO - Processing /opt/airflow/dags/cron_dag.py took 0.142 seconds
[2026-02-14T20:40:43.725+0000] {processor.py:161} INFO - Started process (PID=7620) to work on /opt/airflow/dags/cron_dag.py
[2026-02-14T20:40:43.727+0000] {processor.py:830} INFO - Processing file /opt/airflow/dags/cron_dag.py for tasks to queue
[2026-02-14T20:40:43.730+0000] {logging_mixin.py:188} INFO - [2026-02-14T20:40:43.730+0000] {dagbag.py:538} INFO - Filling up the DagBag from /opt/airflow/dags/cron_dag.py
[2026-02-14T20:40:43.744+0000] {processor.py:840} INFO - DAG(s) 'minutely_dag' retrieved from /opt/airflow/dags/cron_dag.py
[2026-02-14T20:40:43.783+0000] {logging_mixin.py:188} INFO - [2026-02-14T20:40:43.783+0000] {dag.py:3036} INFO - Sync 1 DAGs
[2026-02-14T20:40:43.835+0000] {logging_mixin.py:188} INFO - [2026-02-14T20:40:43.835+0000] {dag.py:3823} INFO - Setting next_dagrun for minutely_dag to 2026-02-14 20:39:00+00:00, run_after=2026-02-14 20:40:00+00:00
[2026-02-14T20:40:43.877+0000] {processor.py:183} INFO - Processing /opt/airflow/dags/cron_dag.py took 0.158 seconds
[2026-02-14T20:41:14.204+0000] {processor.py:161} INFO - Started process (PID=7703) to work on /opt/airflow/dags/cron_dag.py
[2026-02-14T20:41:14.206+0000] {processor.py:830} INFO - Processing file /opt/airflow/dags/cron_dag.py for tasks to queue
[2026-02-14T20:41:14.208+0000] {logging_mixin.py:188} INFO - [2026-02-14T20:41:14.207+0000] {dagbag.py:538} INFO - Filling up the DagBag from /opt/airflow/dags/cron_dag.py
[2026-02-14T20:41:14.218+0000] {processor.py:840} INFO - DAG(s) 'minutely_dag' retrieved from /opt/airflow/dags/cron_dag.py
[2026-02-14T20:41:14.247+0000] {logging_mixin.py:188} INFO - [2026-02-14T20:41:14.247+0000] {dag.py:3036} INFO - Sync 1 DAGs
[2026-02-14T20:41:14.288+0000] {logging_mixin.py:188} INFO - [2026-02-14T20:41:14.288+0000] {dag.py:3823} INFO - Setting next_dagrun for minutely_dag to 2026-02-14 20:40:00+00:00, run_after=2026-02-14 20:41:00+00:00
[2026-02-14T20:41:14.321+0000] {processor.py:183} INFO - Processing /opt/airflow/dags/cron_dag.py took 0.122 seconds
[2026-02-14T20:41:44.527+0000] {processor.py:161} INFO - Started process (PID=7786) to work on /opt/airflow/dags/cron_dag.py
[2026-02-14T20:41:44.528+0000] {processor.py:830} INFO - Processing file /opt/airflow/dags/cron_dag.py for tasks to queue
[2026-02-14T20:41:44.531+0000] {logging_mixin.py:188} INFO - [2026-02-14T20:41:44.531+0000] {dagbag.py:538} INFO - Filling up the DagBag from /opt/airflow/dags/cron_dag.py
[2026-02-14T20:41:44.544+0000] {processor.py:840} INFO - DAG(s) 'minutely_dag' retrieved from /opt/airflow/dags/cron_dag.py
[2026-02-14T20:41:44.580+0000] {logging_mixin.py:188} INFO - [2026-02-14T20:41:44.580+0000] {dag.py:3036} INFO - Sync 1 DAGs
[2026-02-14T20:41:44.628+0000] {logging_mixin.py:188} INFO - [2026-02-14T20:41:44.628+0000] {dag.py:3823} INFO - Setting next_dagrun for minutely_dag to 2026-02-14 20:40:00+00:00, run_after=2026-02-14 20:41:00+00:00
[2026-02-14T20:41:44.664+0000] {processor.py:183} INFO - Processing /opt/airflow/dags/cron_dag.py took 0.141 seconds
[2026-02-14T20:42:15.322+0000] {processor.py:161} INFO - Started process (PID=7869) to work on /opt/airflow/dags/cron_dag.py
[2026-02-14T20:42:15.324+0000] {processor.py:830} INFO - Processing file /opt/airflow/dags/cron_dag.py for tasks to queue
[2026-02-14T20:42:15.327+0000] {logging_mixin.py:188} INFO - [2026-02-14T20:42:15.327+0000] {dagbag.py:538} INFO - Filling up the DagBag from /opt/airflow/dags/cron_dag.py
[2026-02-14T20:42:15.337+0000] {processor.py:840} INFO - DAG(s) 'minutely_dag' retrieved from /opt/airflow/dags/cron_dag.py
[2026-02-14T20:42:15.365+0000] {logging_mixin.py:188} INFO - [2026-02-14T20:42:15.365+0000] {dag.py:3036} INFO - Sync 1 DAGs
[2026-02-14T20:42:15.403+0000] {logging_mixin.py:188} INFO - [2026-02-14T20:42:15.402+0000] {dag.py:3823} INFO - Setting next_dagrun for minutely_dag to 2026-02-14 20:41:00+00:00, run_after=2026-02-14 20:42:00+00:00
[2026-02-14T20:42:15.432+0000] {processor.py:183} INFO - Processing /opt/airflow/dags/cron_dag.py took 0.115 seconds
[2026-02-14T20:42:45.691+0000] {processor.py:161} INFO - Started process (PID=7951) to work on /opt/airflow/dags/cron_dag.py
[2026-02-14T20:42:45.692+0000] {processor.py:830} INFO - Processing file /opt/airflow/dags/cron_dag.py for tasks to queue
[2026-02-14T20:42:45.695+0000] {logging_mixin.py:188} INFO - [2026-02-14T20:42:45.694+0000] {dagbag.py:538} INFO - Filling up the DagBag from /opt/airflow/dags/cron_dag.py
[2026-02-14T20:42:45.705+0000] {processor.py:840} INFO - DAG(s) 'minutely_dag' retrieved from /opt/airflow/dags/cron_dag.py
[2026-02-14T20:42:45.738+0000] {logging_mixin.py:188} INFO - [2026-02-14T20:42:45.738+0000] {dag.py:3036} INFO - Sync 1 DAGs
[2026-02-14T20:42:45.790+0000] {logging_mixin.py:188} INFO - [2026-02-14T20:42:45.790+0000] {dag.py:3823} INFO - Setting next_dagrun for minutely_dag to 2026-02-14 20:41:00+00:00, run_after=2026-02-14 20:42:00+00:00
[2026-02-14T20:42:45.824+0000] {processor.py:183} INFO - Processing /opt/airflow/dags/cron_dag.py took 0.137 seconds
[2026-02-14T20:43:16.125+0000] {processor.py:161} INFO - Started process (PID=8031) to work on /opt/airflow/dags/cron_dag.py
[2026-02-14T20:43:16.128+0000] {processor.py:830} INFO - Processing file /opt/airflow/dags/cron_dag.py for tasks to queue
[2026-02-14T20:43:16.131+0000] {logging_mixin.py:188} INFO - [2026-02-14T20:43:16.130+0000] {dagbag.py:538} INFO - Filling up the DagBag from /opt/airflow/dags/cron_dag.py
[2026-02-14T20:43:16.142+0000] {processor.py:840} INFO - DAG(s) 'minutely_dag' retrieved from /opt/airflow/dags/cron_dag.py
[2026-02-14T20:43:16.176+0000] {logging_mixin.py:188} INFO - [2026-02-14T20:43:16.175+0000] {dag.py:3036} INFO - Sync 1 DAGs
[2026-02-14T20:43:16.227+0000] {logging_mixin.py:188} INFO - [2026-02-14T20:43:16.226+0000] {dag.py:3823} INFO - Setting next_dagrun for minutely_dag to 2026-02-14 20:42:00+00:00, run_after=2026-02-14 20:43:00+00:00
[2026-02-14T20:43:16.261+0000] {processor.py:183} INFO - Processing /opt/airflow/dags/cron_dag.py took 0.141 seconds
[2026-02-14T20:43:46.523+0000] {processor.py:161} INFO - Started process (PID=8113) to work on /opt/airflow/dags/cron_dag.py
[2026-02-14T20:43:46.525+0000] {processor.py:830} INFO - Processing file /opt/airflow/dags/cron_dag.py for tasks to queue
[2026-02-14T20:43:46.527+0000] {logging_mixin.py:188} INFO - [2026-02-14T20:43:46.527+0000] {dagbag.py:538} INFO - Filling up the DagBag from /opt/airflow/dags/cron_dag.py
[2026-02-14T20:43:46.539+0000] {processor.py:840} INFO - DAG(s) 'minutely_dag' retrieved from /opt/airflow/dags/cron_dag.py
[2026-02-14T20:43:46.573+0000] {logging_mixin.py:188} INFO - [2026-02-14T20:43:46.572+0000] {dag.py:3036} INFO - Sync 1 DAGs
[2026-02-14T20:43:46.622+0000] {logging_mixin.py:188} INFO - [2026-02-14T20:43:46.621+0000] {dag.py:3823} INFO - Setting next_dagrun for minutely_dag to 2026-02-14 20:42:00+00:00, run_after=2026-02-14 20:43:00+00:00
[2026-02-14T20:43:46.656+0000] {processor.py:183} INFO - Processing /opt/airflow/dags/cron_dag.py took 0.139 seconds
[2026-02-14T20:44:17.459+0000] {processor.py:161} INFO - Started process (PID=8196) to work on /opt/airflow/dags/cron_dag.py
[2026-02-14T20:44:17.461+0000] {processor.py:830} INFO - Processing file /opt/airflow/dags/cron_dag.py for tasks to queue
[2026-02-14T20:44:17.463+0000] {logging_mixin.py:188} INFO - [2026-02-14T20:44:17.463+0000] {dagbag.py:538} INFO - Filling up the DagBag from /opt/airflow/dags/cron_dag.py
[2026-02-14T20:44:17.473+0000] {processor.py:840} INFO - DAG(s) 'minutely_dag' retrieved from /opt/airflow/dags/cron_dag.py
[2026-02-14T20:44:17.504+0000] {logging_mixin.py:188} INFO - [2026-02-14T20:44:17.503+0000] {dag.py:3036} INFO - Sync 1 DAGs
[2026-02-14T20:44:17.548+0000] {logging_mixin.py:188} INFO - [2026-02-14T20:44:17.548+0000] {dag.py:3823} INFO - Setting next_dagrun for minutely_dag to 2026-02-14 20:43:00+00:00, run_after=2026-02-14 20:44:00+00:00
[2026-02-14T20:44:17.585+0000] {processor.py:183} INFO - Processing /opt/airflow/dags/cron_dag.py took 0.131 seconds
[2026-02-14T20:44:47.785+0000] {processor.py:161} INFO - Started process (PID=8286) to work on /opt/airflow/dags/cron_dag.py
[2026-02-14T20:44:47.787+0000] {processor.py:830} INFO - Processing file /opt/airflow/dags/cron_dag.py for tasks to queue
[2026-02-14T20:44:47.789+0000] {logging_mixin.py:188} INFO - [2026-02-14T20:44:47.789+0000] {dagbag.py:538} INFO - Filling up the DagBag from /opt/airflow/dags/cron_dag.py
[2026-02-14T20:44:47.800+0000] {processor.py:840} INFO - DAG(s) 'minutely_dag' retrieved from /opt/airflow/dags/cron_dag.py
[2026-02-14T20:44:47.830+0000] {logging_mixin.py:188} INFO - [2026-02-14T20:44:47.830+0000] {dag.py:3036} INFO - Sync 1 DAGs
[2026-02-14T20:44:47.879+0000] {logging_mixin.py:188} INFO - [2026-02-14T20:44:47.879+0000] {dag.py:3823} INFO - Setting next_dagrun for minutely_dag to 2026-02-14 20:43:00+00:00, run_after=2026-02-14 20:44:00+00:00
[2026-02-14T20:44:47.915+0000] {processor.py:183} INFO - Processing /opt/airflow/dags/cron_dag.py took 0.134 seconds
[2026-02-14T20:45:18.748+0000] {processor.py:161} INFO - Started process (PID=8370) to work on /opt/airflow/dags/cron_dag.py
[2026-02-14T20:45:18.750+0000] {processor.py:830} INFO - Processing file /opt/airflow/dags/cron_dag.py for tasks to queue
[2026-02-14T20:45:18.752+0000] {logging_mixin.py:188} INFO - [2026-02-14T20:45:18.752+0000] {dagbag.py:538} INFO - Filling up the DagBag from /opt/airflow/dags/cron_dag.py
[2026-02-14T20:45:18.763+0000] {processor.py:840} INFO - DAG(s) 'minutely_dag' retrieved from /opt/airflow/dags/cron_dag.py
[2026-02-14T20:45:18.792+0000] {logging_mixin.py:188} INFO - [2026-02-14T20:45:18.791+0000] {dag.py:3036} INFO - Sync 1 DAGs
[2026-02-14T20:45:18.831+0000] {logging_mixin.py:188} INFO - [2026-02-14T20:45:18.831+0000] {dag.py:3823} INFO - Setting next_dagrun for minutely_dag to 2026-02-14 20:44:00+00:00, run_after=2026-02-14 20:45:00+00:00
[2026-02-14T20:45:18.862+0000] {processor.py:183} INFO - Processing /opt/airflow/dags/cron_dag.py took 0.119 seconds
[2026-02-14T20:45:49.081+0000] {processor.py:161} INFO - Started process (PID=8453) to work on /opt/airflow/dags/cron_dag.py
[2026-02-14T20:45:49.083+0000] {processor.py:830} INFO - Processing file /opt/airflow/dags/cron_dag.py for tasks to queue
[2026-02-14T20:45:49.086+0000] {logging_mixin.py:188} INFO - [2026-02-14T20:45:49.085+0000] {dagbag.py:538} INFO - Filling up the DagBag from /opt/airflow/dags/cron_dag.py
[2026-02-14T20:45:49.097+0000] {processor.py:840} INFO - DAG(s) 'minutely_dag' retrieved from /opt/airflow/dags/cron_dag.py
[2026-02-14T20:45:49.127+0000] {logging_mixin.py:188} INFO - [2026-02-14T20:45:49.126+0000] {dag.py:3036} INFO - Sync 1 DAGs
[2026-02-14T20:45:49.172+0000] {logging_mixin.py:188} INFO - [2026-02-14T20:45:49.172+0000] {dag.py:3823} INFO - Setting next_dagrun for minutely_dag to 2026-02-14 20:44:00+00:00, run_after=2026-02-14 20:45:00+00:00
[2026-02-14T20:45:49.200+0000] {processor.py:183} INFO - Processing /opt/airflow/dags/cron_dag.py took 0.124 seconds
[2026-02-14T20:46:19.342+0000] {processor.py:161} INFO - Started process (PID=8536) to work on /opt/airflow/dags/cron_dag.py
[2026-02-14T20:46:19.344+0000] {processor.py:830} INFO - Processing file /opt/airflow/dags/cron_dag.py for tasks to queue
[2026-02-14T20:46:19.347+0000] {logging_mixin.py:188} INFO - [2026-02-14T20:46:19.346+0000] {dagbag.py:538} INFO - Filling up the DagBag from /opt/airflow/dags/cron_dag.py
[2026-02-14T20:46:19.357+0000] {processor.py:840} INFO - DAG(s) 'minutely_dag' retrieved from /opt/airflow/dags/cron_dag.py
[2026-02-14T20:46:19.387+0000] {logging_mixin.py:188} INFO - [2026-02-14T20:46:19.387+0000] {dag.py:3036} INFO - Sync 1 DAGs
[2026-02-14T20:46:19.427+0000] {logging_mixin.py:188} INFO - [2026-02-14T20:46:19.426+0000] {dag.py:3823} INFO - Setting next_dagrun for minutely_dag to 2026-02-14 20:45:00+00:00, run_after=2026-02-14 20:46:00+00:00
[2026-02-14T20:46:19.455+0000] {processor.py:183} INFO - Processing /opt/airflow/dags/cron_dag.py took 0.118 seconds
[2026-02-14T20:46:49.507+0000] {processor.py:161} INFO - Started process (PID=8620) to work on /opt/airflow/dags/cron_dag.py
[2026-02-14T20:46:49.508+0000] {processor.py:830} INFO - Processing file /opt/airflow/dags/cron_dag.py for tasks to queue
[2026-02-14T20:46:49.511+0000] {logging_mixin.py:188} INFO - [2026-02-14T20:46:49.511+0000] {dagbag.py:538} INFO - Filling up the DagBag from /opt/airflow/dags/cron_dag.py
[2026-02-14T20:46:49.523+0000] {processor.py:840} INFO - DAG(s) 'minutely_dag' retrieved from /opt/airflow/dags/cron_dag.py
[2026-02-14T20:46:49.553+0000] {logging_mixin.py:188} INFO - [2026-02-14T20:46:49.552+0000] {dag.py:3036} INFO - Sync 1 DAGs
[2026-02-14T20:46:49.592+0000] {logging_mixin.py:188} INFO - [2026-02-14T20:46:49.592+0000] {dag.py:3823} INFO - Setting next_dagrun for minutely_dag to 2026-02-14 20:45:00+00:00, run_after=2026-02-14 20:46:00+00:00
[2026-02-14T20:46:49.624+0000] {processor.py:183} INFO - Processing /opt/airflow/dags/cron_dag.py took 0.124 seconds
[2026-02-14T20:47:19.766+0000] {processor.py:161} INFO - Started process (PID=8702) to work on /opt/airflow/dags/cron_dag.py
[2026-02-14T20:47:19.768+0000] {processor.py:830} INFO - Processing file /opt/airflow/dags/cron_dag.py for tasks to queue
[2026-02-14T20:47:19.771+0000] {logging_mixin.py:188} INFO - [2026-02-14T20:47:19.770+0000] {dagbag.py:538} INFO - Filling up the DagBag from /opt/airflow/dags/cron_dag.py
[2026-02-14T20:47:19.784+0000] {processor.py:840} INFO - DAG(s) 'minutely_dag' retrieved from /opt/airflow/dags/cron_dag.py
[2026-02-14T20:47:19.817+0000] {logging_mixin.py:188} INFO - [2026-02-14T20:47:19.817+0000] {dag.py:3036} INFO - Sync 1 DAGs
[2026-02-14T20:47:19.867+0000] {logging_mixin.py:188} INFO - [2026-02-14T20:47:19.866+0000] {dag.py:3823} INFO - Setting next_dagrun for minutely_dag to 2026-02-14 20:46:00+00:00, run_after=2026-02-14 20:47:00+00:00
[2026-02-14T20:47:19.903+0000] {processor.py:183} INFO - Processing /opt/airflow/dags/cron_dag.py took 0.143 seconds
[2026-02-14T20:47:50.437+0000] {processor.py:161} INFO - Started process (PID=8786) to work on /opt/airflow/dags/cron_dag.py
[2026-02-14T20:47:50.439+0000] {processor.py:830} INFO - Processing file /opt/airflow/dags/cron_dag.py for tasks to queue
[2026-02-14T20:47:50.441+0000] {logging_mixin.py:188} INFO - [2026-02-14T20:47:50.441+0000] {dagbag.py:538} INFO - Filling up the DagBag from /opt/airflow/dags/cron_dag.py
[2026-02-14T20:47:50.452+0000] {processor.py:840} INFO - DAG(s) 'minutely_dag' retrieved from /opt/airflow/dags/cron_dag.py
[2026-02-14T20:47:50.488+0000] {logging_mixin.py:188} INFO - [2026-02-14T20:47:50.488+0000] {dag.py:3036} INFO - Sync 1 DAGs
[2026-02-14T20:47:50.533+0000] {logging_mixin.py:188} INFO - [2026-02-14T20:47:50.532+0000] {dag.py:3823} INFO - Setting next_dagrun for minutely_dag to 2026-02-14 20:46:00+00:00, run_after=2026-02-14 20:47:00+00:00
[2026-02-14T20:47:50.568+0000] {processor.py:183} INFO - Processing /opt/airflow/dags/cron_dag.py took 0.136 seconds
[2026-02-14T20:48:20.946+0000] {processor.py:161} INFO - Started process (PID=8868) to work on /opt/airflow/dags/cron_dag.py
[2026-02-14T20:48:20.948+0000] {processor.py:830} INFO - Processing file /opt/airflow/dags/cron_dag.py for tasks to queue
[2026-02-14T20:48:20.951+0000] {logging_mixin.py:188} INFO - [2026-02-14T20:48:20.951+0000] {dagbag.py:538} INFO - Filling up the DagBag from /opt/airflow/dags/cron_dag.py
[2026-02-14T20:48:20.962+0000] {processor.py:840} INFO - DAG(s) 'minutely_dag' retrieved from /opt/airflow/dags/cron_dag.py
[2026-02-14T20:48:20.991+0000] {logging_mixin.py:188} INFO - [2026-02-14T20:48:20.991+0000] {dag.py:3036} INFO - Sync 1 DAGs
[2026-02-14T20:48:21.031+0000] {logging_mixin.py:188} INFO - [2026-02-14T20:48:21.030+0000] {dag.py:3823} INFO - Setting next_dagrun for minutely_dag to 2026-02-14 20:47:00+00:00, run_after=2026-02-14 20:48:00+00:00
[2026-02-14T20:48:21.061+0000] {processor.py:183} INFO - Processing /opt/airflow/dags/cron_dag.py took 0.120 seconds
[2026-02-14T20:48:51.927+0000] {processor.py:161} INFO - Started process (PID=8959) to work on /opt/airflow/dags/cron_dag.py
[2026-02-14T20:48:51.929+0000] {processor.py:830} INFO - Processing file /opt/airflow/dags/cron_dag.py for tasks to queue
[2026-02-14T20:48:51.932+0000] {logging_mixin.py:188} INFO - [2026-02-14T20:48:51.931+0000] {dagbag.py:538} INFO - Filling up the DagBag from /opt/airflow/dags/cron_dag.py
[2026-02-14T20:48:51.942+0000] {processor.py:840} INFO - DAG(s) 'minutely_dag' retrieved from /opt/airflow/dags/cron_dag.py
[2026-02-14T20:48:51.972+0000] {logging_mixin.py:188} INFO - [2026-02-14T20:48:51.972+0000] {dag.py:3036} INFO - Sync 1 DAGs
[2026-02-14T20:48:52.012+0000] {logging_mixin.py:188} INFO - [2026-02-14T20:48:52.011+0000] {dag.py:3823} INFO - Setting next_dagrun for minutely_dag to 2026-02-14 20:47:00+00:00, run_after=2026-02-14 20:48:00+00:00
[2026-02-14T20:48:52.039+0000] {processor.py:183} INFO - Processing /opt/airflow/dags/cron_dag.py took 0.117 seconds
[2026-02-14T20:49:22.311+0000] {processor.py:161} INFO - Started process (PID=9040) to work on /opt/airflow/dags/cron_dag.py
[2026-02-14T20:49:22.312+0000] {processor.py:830} INFO - Processing file /opt/airflow/dags/cron_dag.py for tasks to queue
[2026-02-14T20:49:22.315+0000] {logging_mixin.py:188} INFO - [2026-02-14T20:49:22.314+0000] {dagbag.py:538} INFO - Filling up the DagBag from /opt/airflow/dags/cron_dag.py
[2026-02-14T20:49:22.325+0000] {processor.py:840} INFO - DAG(s) 'minutely_dag' retrieved from /opt/airflow/dags/cron_dag.py
[2026-02-14T20:49:22.353+0000] {logging_mixin.py:188} INFO - [2026-02-14T20:49:22.352+0000] {dag.py:3036} INFO - Sync 1 DAGs
[2026-02-14T20:49:22.394+0000] {logging_mixin.py:188} INFO - [2026-02-14T20:49:22.393+0000] {dag.py:3823} INFO - Setting next_dagrun for minutely_dag to 2026-02-14 20:48:00+00:00, run_after=2026-02-14 20:49:00+00:00
[2026-02-14T20:49:22.428+0000] {processor.py:183} INFO - Processing /opt/airflow/dags/cron_dag.py took 0.122 seconds
[2026-02-14T20:49:52.758+0000] {processor.py:161} INFO - Started process (PID=9122) to work on /opt/airflow/dags/cron_dag.py
[2026-02-14T20:49:52.760+0000] {processor.py:830} INFO - Processing file /opt/airflow/dags/cron_dag.py for tasks to queue
[2026-02-14T20:49:52.764+0000] {logging_mixin.py:188} INFO - [2026-02-14T20:49:52.763+0000] {dagbag.py:538} INFO - Filling up the DagBag from /opt/airflow/dags/cron_dag.py
[2026-02-14T20:49:52.776+0000] {processor.py:840} INFO - DAG(s) 'minutely_dag' retrieved from /opt/airflow/dags/cron_dag.py
[2026-02-14T20:49:52.810+0000] {logging_mixin.py:188} INFO - [2026-02-14T20:49:52.810+0000] {dag.py:3036} INFO - Sync 1 DAGs
[2026-02-14T20:49:52.860+0000] {logging_mixin.py:188} INFO - [2026-02-14T20:49:52.859+0000] {dag.py:3823} INFO - Setting next_dagrun for minutely_dag to 2026-02-14 20:48:00+00:00, run_after=2026-02-14 20:49:00+00:00
[2026-02-14T20:49:52.893+0000] {processor.py:183} INFO - Processing /opt/airflow/dags/cron_dag.py took 0.141 seconds
[2026-02-14T20:50:23.260+0000] {processor.py:161} INFO - Started process (PID=9206) to work on /opt/airflow/dags/cron_dag.py
[2026-02-14T20:50:23.261+0000] {processor.py:830} INFO - Processing file /opt/airflow/dags/cron_dag.py for tasks to queue
[2026-02-14T20:50:23.264+0000] {logging_mixin.py:188} INFO - [2026-02-14T20:50:23.263+0000] {dagbag.py:538} INFO - Filling up the DagBag from /opt/airflow/dags/cron_dag.py
[2026-02-14T20:50:23.274+0000] {processor.py:840} INFO - DAG(s) 'minutely_dag' retrieved from /opt/airflow/dags/cron_dag.py
[2026-02-14T20:50:23.305+0000] {logging_mixin.py:188} INFO - [2026-02-14T20:50:23.305+0000] {dag.py:3036} INFO - Sync 1 DAGs
[2026-02-14T20:50:23.347+0000] {logging_mixin.py:188} INFO - [2026-02-14T20:50:23.347+0000] {dag.py:3823} INFO - Setting next_dagrun for minutely_dag to 2026-02-14 20:49:00+00:00, run_after=2026-02-14 20:50:00+00:00
[2026-02-14T20:50:23.381+0000] {processor.py:183} INFO - Processing /opt/airflow/dags/cron_dag.py took 0.126 seconds
[2026-02-14T20:50:54.072+0000] {processor.py:161} INFO - Started process (PID=9288) to work on /opt/airflow/dags/cron_dag.py
[2026-02-14T20:50:54.074+0000] {processor.py:830} INFO - Processing file /opt/airflow/dags/cron_dag.py for tasks to queue
[2026-02-14T20:50:54.076+0000] {logging_mixin.py:188} INFO - [2026-02-14T20:50:54.076+0000] {dagbag.py:538} INFO - Filling up the DagBag from /opt/airflow/dags/cron_dag.py
[2026-02-14T20:50:54.087+0000] {processor.py:840} INFO - DAG(s) 'minutely_dag' retrieved from /opt/airflow/dags/cron_dag.py
[2026-02-14T20:50:54.115+0000] {logging_mixin.py:188} INFO - [2026-02-14T20:50:54.115+0000] {dag.py:3036} INFO - Sync 1 DAGs
[2026-02-14T20:50:54.157+0000] {logging_mixin.py:188} INFO - [2026-02-14T20:50:54.156+0000] {dag.py:3823} INFO - Setting next_dagrun for minutely_dag to 2026-02-14 20:49:00+00:00, run_after=2026-02-14 20:50:00+00:00
[2026-02-14T20:50:54.185+0000] {processor.py:183} INFO - Processing /opt/airflow/dags/cron_dag.py took 0.118 seconds
[2026-02-14T20:51:24.565+0000] {processor.py:161} INFO - Started process (PID=9372) to work on /opt/airflow/dags/cron_dag.py
[2026-02-14T20:51:24.567+0000] {processor.py:830} INFO - Processing file /opt/airflow/dags/cron_dag.py for tasks to queue
[2026-02-14T20:51:24.569+0000] {logging_mixin.py:188} INFO - [2026-02-14T20:51:24.569+0000] {dagbag.py:538} INFO - Filling up the DagBag from /opt/airflow/dags/cron_dag.py
[2026-02-14T20:51:24.580+0000] {processor.py:840} INFO - DAG(s) 'minutely_dag' retrieved from /opt/airflow/dags/cron_dag.py
[2026-02-14T20:51:24.609+0000] {logging_mixin.py:188} INFO - [2026-02-14T20:51:24.608+0000] {dag.py:3036} INFO - Sync 1 DAGs
[2026-02-14T20:51:24.650+0000] {logging_mixin.py:188} INFO - [2026-02-14T20:51:24.650+0000] {dag.py:3823} INFO - Setting next_dagrun for minutely_dag to 2026-02-14 20:50:00+00:00, run_after=2026-02-14 20:51:00+00:00
[2026-02-14T20:51:24.685+0000] {processor.py:183} INFO - Processing /opt/airflow/dags/cron_dag.py took 0.126 seconds
[2026-02-14T20:51:54.867+0000] {processor.py:161} INFO - Started process (PID=9455) to work on /opt/airflow/dags/cron_dag.py
[2026-02-14T20:51:54.869+0000] {processor.py:830} INFO - Processing file /opt/airflow/dags/cron_dag.py for tasks to queue
[2026-02-14T20:51:54.871+0000] {logging_mixin.py:188} INFO - [2026-02-14T20:51:54.871+0000] {dagbag.py:538} INFO - Filling up the DagBag from /opt/airflow/dags/cron_dag.py
[2026-02-14T20:51:54.881+0000] {processor.py:840} INFO - DAG(s) 'minutely_dag' retrieved from /opt/airflow/dags/cron_dag.py
[2026-02-14T20:51:54.911+0000] {logging_mixin.py:188} INFO - [2026-02-14T20:51:54.911+0000] {dag.py:3036} INFO - Sync 1 DAGs
[2026-02-14T20:51:54.959+0000] {logging_mixin.py:188} INFO - [2026-02-14T20:51:54.958+0000] {dag.py:3823} INFO - Setting next_dagrun for minutely_dag to 2026-02-14 20:50:00+00:00, run_after=2026-02-14 20:51:00+00:00
[2026-02-14T20:51:54.986+0000] {processor.py:183} INFO - Processing /opt/airflow/dags/cron_dag.py took 0.123 seconds
[2026-02-14T20:52:25.460+0000] {processor.py:161} INFO - Started process (PID=9538) to work on /opt/airflow/dags/cron_dag.py
[2026-02-14T20:52:25.462+0000] {processor.py:830} INFO - Processing file /opt/airflow/dags/cron_dag.py for tasks to queue
[2026-02-14T20:52:25.464+0000] {logging_mixin.py:188} INFO - [2026-02-14T20:52:25.464+0000] {dagbag.py:538} INFO - Filling up the DagBag from /opt/airflow/dags/cron_dag.py
[2026-02-14T20:52:25.474+0000] {processor.py:840} INFO - DAG(s) 'minutely_dag' retrieved from /opt/airflow/dags/cron_dag.py
[2026-02-14T20:52:25.503+0000] {logging_mixin.py:188} INFO - [2026-02-14T20:52:25.502+0000] {dag.py:3036} INFO - Sync 1 DAGs
[2026-02-14T20:52:25.543+0000] {logging_mixin.py:188} INFO - [2026-02-14T20:52:25.542+0000] {dag.py:3823} INFO - Setting next_dagrun for minutely_dag to 2026-02-14 20:51:00+00:00, run_after=2026-02-14 20:52:00+00:00
[2026-02-14T20:52:25.579+0000] {processor.py:183} INFO - Processing /opt/airflow/dags/cron_dag.py took 0.123 seconds
[2026-02-14T20:52:55.805+0000] {processor.py:161} INFO - Started process (PID=9622) to work on /opt/airflow/dags/cron_dag.py
[2026-02-14T20:52:55.807+0000] {processor.py:830} INFO - Processing file /opt/airflow/dags/cron_dag.py for tasks to queue
[2026-02-14T20:52:55.810+0000] {logging_mixin.py:188} INFO - [2026-02-14T20:52:55.809+0000] {dagbag.py:538} INFO - Filling up the DagBag from /opt/airflow/dags/cron_dag.py
[2026-02-14T20:52:55.821+0000] {processor.py:840} INFO - DAG(s) 'minutely_dag' retrieved from /opt/airflow/dags/cron_dag.py
[2026-02-14T20:52:55.856+0000] {logging_mixin.py:188} INFO - [2026-02-14T20:52:55.855+0000] {dag.py:3036} INFO - Sync 1 DAGs
[2026-02-14T20:52:55.898+0000] {logging_mixin.py:188} INFO - [2026-02-14T20:52:55.897+0000] {dag.py:3823} INFO - Setting next_dagrun for minutely_dag to 2026-02-14 20:51:00+00:00, run_after=2026-02-14 20:52:00+00:00
[2026-02-14T20:52:55.927+0000] {processor.py:183} INFO - Processing /opt/airflow/dags/cron_dag.py took 0.127 seconds
[2026-02-14T20:53:26.335+0000] {processor.py:161} INFO - Started process (PID=9706) to work on /opt/airflow/dags/cron_dag.py
[2026-02-14T20:53:26.337+0000] {processor.py:830} INFO - Processing file /opt/airflow/dags/cron_dag.py for tasks to queue
[2026-02-14T20:53:26.340+0000] {logging_mixin.py:188} INFO - [2026-02-14T20:53:26.340+0000] {dagbag.py:538} INFO - Filling up the DagBag from /opt/airflow/dags/cron_dag.py
[2026-02-14T20:53:26.353+0000] {processor.py:840} INFO - DAG(s) 'minutely_dag' retrieved from /opt/airflow/dags/cron_dag.py
[2026-02-14T20:53:26.393+0000] {logging_mixin.py:188} INFO - [2026-02-14T20:53:26.393+0000] {dag.py:3036} INFO - Sync 1 DAGs
[2026-02-14T20:53:26.432+0000] {logging_mixin.py:188} INFO - [2026-02-14T20:53:26.432+0000] {dag.py:3823} INFO - Setting next_dagrun for minutely_dag to 2026-02-14 20:52:00+00:00, run_after=2026-02-14 20:53:00+00:00
[2026-02-14T20:53:26.461+0000] {processor.py:183} INFO - Processing /opt/airflow/dags/cron_dag.py took 0.132 seconds
[2026-02-14T20:53:56.724+0000] {processor.py:161} INFO - Started process (PID=9796) to work on /opt/airflow/dags/cron_dag.py
[2026-02-14T20:53:56.727+0000] {processor.py:830} INFO - Processing file /opt/airflow/dags/cron_dag.py for tasks to queue
[2026-02-14T20:53:56.730+0000] {logging_mixin.py:188} INFO - [2026-02-14T20:53:56.729+0000] {dagbag.py:538} INFO - Filling up the DagBag from /opt/airflow/dags/cron_dag.py
[2026-02-14T20:53:56.743+0000] {processor.py:840} INFO - DAG(s) 'minutely_dag' retrieved from /opt/airflow/dags/cron_dag.py
[2026-02-14T20:53:56.776+0000] {logging_mixin.py:188} INFO - [2026-02-14T20:53:56.776+0000] {dag.py:3036} INFO - Sync 1 DAGs
[2026-02-14T20:53:56.826+0000] {logging_mixin.py:188} INFO - [2026-02-14T20:53:56.826+0000] {dag.py:3823} INFO - Setting next_dagrun for minutely_dag to 2026-02-14 20:52:00+00:00, run_after=2026-02-14 20:53:00+00:00
[2026-02-14T20:53:56.858+0000] {processor.py:183} INFO - Processing /opt/airflow/dags/cron_dag.py took 0.141 seconds
[2026-02-14T20:54:27.468+0000] {processor.py:161} INFO - Started process (PID=9880) to work on /opt/airflow/dags/cron_dag.py
[2026-02-14T20:54:27.470+0000] {processor.py:830} INFO - Processing file /opt/airflow/dags/cron_dag.py for tasks to queue
[2026-02-14T20:54:27.472+0000] {logging_mixin.py:188} INFO - [2026-02-14T20:54:27.472+0000] {dagbag.py:538} INFO - Filling up the DagBag from /opt/airflow/dags/cron_dag.py
[2026-02-14T20:54:27.482+0000] {processor.py:840} INFO - DAG(s) 'minutely_dag' retrieved from /opt/airflow/dags/cron_dag.py
[2026-02-14T20:54:27.510+0000] {logging_mixin.py:188} INFO - [2026-02-14T20:54:27.510+0000] {dag.py:3036} INFO - Sync 1 DAGs
[2026-02-14T20:54:27.547+0000] {logging_mixin.py:188} INFO - [2026-02-14T20:54:27.546+0000] {dag.py:3823} INFO - Setting next_dagrun for minutely_dag to 2026-02-14 20:53:00+00:00, run_after=2026-02-14 20:54:00+00:00
[2026-02-14T20:54:27.578+0000] {processor.py:183} INFO - Processing /opt/airflow/dags/cron_dag.py took 0.115 seconds
[2026-02-14T20:54:57.874+0000] {processor.py:161} INFO - Started process (PID=9962) to work on /opt/airflow/dags/cron_dag.py
[2026-02-14T20:54:57.876+0000] {processor.py:830} INFO - Processing file /opt/airflow/dags/cron_dag.py for tasks to queue
[2026-02-14T20:54:57.879+0000] {logging_mixin.py:188} INFO - [2026-02-14T20:54:57.879+0000] {dagbag.py:538} INFO - Filling up the DagBag from /opt/airflow/dags/cron_dag.py
[2026-02-14T20:54:57.891+0000] {processor.py:840} INFO - DAG(s) 'minutely_dag' retrieved from /opt/airflow/dags/cron_dag.py
[2026-02-14T20:54:57.941+0000] {logging_mixin.py:188} INFO - [2026-02-14T20:54:57.941+0000] {dag.py:3036} INFO - Sync 1 DAGs
[2026-02-14T20:54:57.991+0000] {logging_mixin.py:188} INFO - [2026-02-14T20:54:57.990+0000] {dag.py:3823} INFO - Setting next_dagrun for minutely_dag to 2026-02-14 20:53:00+00:00, run_after=2026-02-14 20:54:00+00:00
[2026-02-14T20:54:58.028+0000] {processor.py:183} INFO - Processing /opt/airflow/dags/cron_dag.py took 0.159 seconds
[2026-02-14T20:55:28.288+0000] {processor.py:161} INFO - Started process (PID=10045) to work on /opt/airflow/dags/cron_dag.py
[2026-02-14T20:55:28.290+0000] {processor.py:830} INFO - Processing file /opt/airflow/dags/cron_dag.py for tasks to queue
[2026-02-14T20:55:28.295+0000] {logging_mixin.py:188} INFO - [2026-02-14T20:55:28.295+0000] {dagbag.py:538} INFO - Filling up the DagBag from /opt/airflow/dags/cron_dag.py
[2026-02-14T20:55:28.307+0000] {processor.py:840} INFO - DAG(s) 'minutely_dag' retrieved from /opt/airflow/dags/cron_dag.py
[2026-02-14T20:55:28.341+0000] {logging_mixin.py:188} INFO - [2026-02-14T20:55:28.341+0000] {dag.py:3036} INFO - Sync 1 DAGs
[2026-02-14T20:55:28.382+0000] {logging_mixin.py:188} INFO - [2026-02-14T20:55:28.382+0000] {dag.py:3823} INFO - Setting next_dagrun for minutely_dag to 2026-02-14 20:54:00+00:00, run_after=2026-02-14 20:55:00+00:00
[2026-02-14T20:55:28.413+0000] {processor.py:183} INFO - Processing /opt/airflow/dags/cron_dag.py took 0.132 seconds
[2026-02-14T20:55:59.024+0000] {processor.py:161} INFO - Started process (PID=10128) to work on /opt/airflow/dags/cron_dag.py
[2026-02-14T20:55:59.026+0000] {processor.py:830} INFO - Processing file /opt/airflow/dags/cron_dag.py for tasks to queue
[2026-02-14T20:55:59.029+0000] {logging_mixin.py:188} INFO - [2026-02-14T20:55:59.029+0000] {dagbag.py:538} INFO - Filling up the DagBag from /opt/airflow/dags/cron_dag.py
[2026-02-14T20:55:59.038+0000] {processor.py:840} INFO - DAG(s) 'minutely_dag' retrieved from /opt/airflow/dags/cron_dag.py
[2026-02-14T20:55:59.070+0000] {logging_mixin.py:188} INFO - [2026-02-14T20:55:59.070+0000] {dag.py:3036} INFO - Sync 1 DAGs
[2026-02-14T20:55:59.112+0000] {logging_mixin.py:188} INFO - [2026-02-14T20:55:59.112+0000] {dag.py:3823} INFO - Setting next_dagrun for minutely_dag to 2026-02-14 20:54:00+00:00, run_after=2026-02-14 20:55:00+00:00
[2026-02-14T20:55:59.141+0000] {processor.py:183} INFO - Processing /opt/airflow/dags/cron_dag.py took 0.122 seconds
[2026-02-14T20:56:29.848+0000] {processor.py:161} INFO - Started process (PID=10212) to work on /opt/airflow/dags/cron_dag.py
[2026-02-14T20:56:29.850+0000] {processor.py:830} INFO - Processing file /opt/airflow/dags/cron_dag.py for tasks to queue
[2026-02-14T20:56:29.854+0000] {logging_mixin.py:188} INFO - [2026-02-14T20:56:29.853+0000] {dagbag.py:538} INFO - Filling up the DagBag from /opt/airflow/dags/cron_dag.py
[2026-02-14T20:56:29.866+0000] {processor.py:840} INFO - DAG(s) 'minutely_dag' retrieved from /opt/airflow/dags/cron_dag.py
[2026-02-14T20:56:29.899+0000] {logging_mixin.py:188} INFO - [2026-02-14T20:56:29.898+0000] {dag.py:3036} INFO - Sync 1 DAGs
[2026-02-14T20:56:29.941+0000] {logging_mixin.py:188} INFO - [2026-02-14T20:56:29.941+0000] {dag.py:3823} INFO - Setting next_dagrun for minutely_dag to 2026-02-14 20:55:00+00:00, run_after=2026-02-14 20:56:00+00:00
[2026-02-14T20:56:29.970+0000] {processor.py:183} INFO - Processing /opt/airflow/dags/cron_dag.py took 0.127 seconds
[2026-02-14T20:57:00.186+0000] {processor.py:161} INFO - Started process (PID=10294) to work on /opt/airflow/dags/cron_dag.py
[2026-02-14T20:57:00.188+0000] {processor.py:830} INFO - Processing file /opt/airflow/dags/cron_dag.py for tasks to queue
[2026-02-14T20:57:00.191+0000] {logging_mixin.py:188} INFO - [2026-02-14T20:57:00.191+0000] {dagbag.py:538} INFO - Filling up the DagBag from /opt/airflow/dags/cron_dag.py
[2026-02-14T20:57:00.201+0000] {processor.py:840} INFO - DAG(s) 'minutely_dag' retrieved from /opt/airflow/dags/cron_dag.py
[2026-02-14T20:57:00.231+0000] {logging_mixin.py:188} INFO - [2026-02-14T20:57:00.230+0000] {dag.py:3036} INFO - Sync 1 DAGs
[2026-02-14T20:57:00.274+0000] {logging_mixin.py:188} INFO - [2026-02-14T20:57:00.274+0000] {dag.py:3823} INFO - Setting next_dagrun for minutely_dag to 2026-02-14 20:56:00+00:00, run_after=2026-02-14 20:57:00+00:00
[2026-02-14T20:57:00.305+0000] {processor.py:183} INFO - Processing /opt/airflow/dags/cron_dag.py took 0.125 seconds
[2026-02-14T20:57:30.820+0000] {processor.py:161} INFO - Started process (PID=10377) to work on /opt/airflow/dags/cron_dag.py
[2026-02-14T20:57:30.822+0000] {processor.py:830} INFO - Processing file /opt/airflow/dags/cron_dag.py for tasks to queue
[2026-02-14T20:57:30.825+0000] {logging_mixin.py:188} INFO - [2026-02-14T20:57:30.825+0000] {dagbag.py:538} INFO - Filling up the DagBag from /opt/airflow/dags/cron_dag.py
[2026-02-14T20:57:30.834+0000] {processor.py:840} INFO - DAG(s) 'minutely_dag' retrieved from /opt/airflow/dags/cron_dag.py
[2026-02-14T20:57:30.861+0000] {logging_mixin.py:188} INFO - [2026-02-14T20:57:30.861+0000] {dag.py:3036} INFO - Sync 1 DAGs
[2026-02-14T20:57:30.908+0000] {logging_mixin.py:188} INFO - [2026-02-14T20:57:30.907+0000] {dag.py:3823} INFO - Setting next_dagrun for minutely_dag to 2026-02-14 20:56:00+00:00, run_after=2026-02-14 20:57:00+00:00
[2026-02-14T20:57:30.937+0000] {processor.py:183} INFO - Processing /opt/airflow/dags/cron_dag.py took 0.121 seconds
[2026-02-14T20:58:01.627+0000] {processor.py:161} INFO - Started process (PID=10470) to work on /opt/airflow/dags/cron_dag.py
[2026-02-14T20:58:01.629+0000] {processor.py:830} INFO - Processing file /opt/airflow/dags/cron_dag.py for tasks to queue
[2026-02-14T20:58:01.633+0000] {logging_mixin.py:188} INFO - [2026-02-14T20:58:01.632+0000] {dagbag.py:538} INFO - Filling up the DagBag from /opt/airflow/dags/cron_dag.py
[2026-02-14T20:58:01.645+0000] {processor.py:840} INFO - DAG(s) 'minutely_dag' retrieved from /opt/airflow/dags/cron_dag.py
[2026-02-14T20:58:01.675+0000] {logging_mixin.py:188} INFO - [2026-02-14T20:58:01.674+0000] {dag.py:3036} INFO - Sync 1 DAGs
[2026-02-14T20:58:01.714+0000] {logging_mixin.py:188} INFO - [2026-02-14T20:58:01.713+0000] {dag.py:3823} INFO - Setting next_dagrun for minutely_dag to 2026-02-14 20:57:00+00:00, run_after=2026-02-14 20:58:00+00:00
[2026-02-14T20:58:01.746+0000] {processor.py:183} INFO - Processing /opt/airflow/dags/cron_dag.py took 0.125 seconds
[2026-02-14T20:58:32.399+0000] {processor.py:161} INFO - Started process (PID=10553) to work on /opt/airflow/dags/cron_dag.py
[2026-02-14T20:58:32.400+0000] {processor.py:830} INFO - Processing file /opt/airflow/dags/cron_dag.py for tasks to queue
[2026-02-14T20:58:32.404+0000] {logging_mixin.py:188} INFO - [2026-02-14T20:58:32.404+0000] {dagbag.py:538} INFO - Filling up the DagBag from /opt/airflow/dags/cron_dag.py
[2026-02-14T20:58:32.416+0000] {processor.py:840} INFO - DAG(s) 'minutely_dag' retrieved from /opt/airflow/dags/cron_dag.py
[2026-02-14T20:58:32.448+0000] {logging_mixin.py:188} INFO - [2026-02-14T20:58:32.447+0000] {dag.py:3036} INFO - Sync 1 DAGs
[2026-02-14T20:58:32.492+0000] {logging_mixin.py:188} INFO - [2026-02-14T20:58:32.492+0000] {dag.py:3823} INFO - Setting next_dagrun for minutely_dag to 2026-02-14 20:57:00+00:00, run_after=2026-02-14 20:58:00+00:00
[2026-02-14T20:58:32.518+0000] {processor.py:183} INFO - Processing /opt/airflow/dags/cron_dag.py took 0.125 seconds
[2026-02-14T20:59:03.147+0000] {processor.py:161} INFO - Started process (PID=10636) to work on /opt/airflow/dags/cron_dag.py
[2026-02-14T20:59:03.149+0000] {processor.py:830} INFO - Processing file /opt/airflow/dags/cron_dag.py for tasks to queue
[2026-02-14T20:59:03.153+0000] {logging_mixin.py:188} INFO - [2026-02-14T20:59:03.152+0000] {dagbag.py:538} INFO - Filling up the DagBag from /opt/airflow/dags/cron_dag.py
[2026-02-14T20:59:03.164+0000] {processor.py:840} INFO - DAG(s) 'minutely_dag' retrieved from /opt/airflow/dags/cron_dag.py
[2026-02-14T20:59:03.203+0000] {logging_mixin.py:188} INFO - [2026-02-14T20:59:03.202+0000] {dag.py:3036} INFO - Sync 1 DAGs
[2026-02-14T20:59:03.249+0000] {logging_mixin.py:188} INFO - [2026-02-14T20:59:03.249+0000] {dag.py:3823} INFO - Setting next_dagrun for minutely_dag to 2026-02-14 20:58:00+00:00, run_after=2026-02-14 20:59:00+00:00
[2026-02-14T20:59:03.282+0000] {processor.py:183} INFO - Processing /opt/airflow/dags/cron_dag.py took 0.141 seconds
[2026-02-14T20:59:33.442+0000] {processor.py:161} INFO - Started process (PID=10718) to work on /opt/airflow/dags/cron_dag.py
[2026-02-14T20:59:33.443+0000] {processor.py:830} INFO - Processing file /opt/airflow/dags/cron_dag.py for tasks to queue
[2026-02-14T20:59:33.446+0000] {logging_mixin.py:188} INFO - [2026-02-14T20:59:33.446+0000] {dagbag.py:538} INFO - Filling up the DagBag from /opt/airflow/dags/cron_dag.py
[2026-02-14T20:59:33.456+0000] {processor.py:840} INFO - DAG(s) 'minutely_dag' retrieved from /opt/airflow/dags/cron_dag.py
[2026-02-14T20:59:33.490+0000] {logging_mixin.py:188} INFO - [2026-02-14T20:59:33.490+0000] {dag.py:3036} INFO - Sync 1 DAGs
[2026-02-14T20:59:33.539+0000] {logging_mixin.py:188} INFO - [2026-02-14T20:59:33.538+0000] {dag.py:3823} INFO - Setting next_dagrun for minutely_dag to 2026-02-14 20:58:00+00:00, run_after=2026-02-14 20:59:00+00:00
[2026-02-14T20:59:33.573+0000] {processor.py:183} INFO - Processing /opt/airflow/dags/cron_dag.py took 0.136 seconds
[2026-02-14T21:00:03.660+0000] {processor.py:161} INFO - Started process (PID=10801) to work on /opt/airflow/dags/cron_dag.py
[2026-02-14T21:00:03.661+0000] {processor.py:830} INFO - Processing file /opt/airflow/dags/cron_dag.py for tasks to queue
[2026-02-14T21:00:03.664+0000] {logging_mixin.py:188} INFO - [2026-02-14T21:00:03.664+0000] {dagbag.py:538} INFO - Filling up the DagBag from /opt/airflow/dags/cron_dag.py
[2026-02-14T21:00:03.675+0000] {processor.py:840} INFO - DAG(s) 'minutely_dag' retrieved from /opt/airflow/dags/cron_dag.py
[2026-02-14T21:00:03.710+0000] {logging_mixin.py:188} INFO - [2026-02-14T21:00:03.710+0000] {dag.py:3036} INFO - Sync 1 DAGs
[2026-02-14T21:00:03.752+0000] {logging_mixin.py:188} INFO - [2026-02-14T21:00:03.751+0000] {dag.py:3823} INFO - Setting next_dagrun for minutely_dag to 2026-02-14 20:59:00+00:00, run_after=2026-02-14 21:00:00+00:00
[2026-02-14T21:00:03.782+0000] {processor.py:183} INFO - Processing /opt/airflow/dags/cron_dag.py took 0.127 seconds
[2026-02-14T21:00:34.092+0000] {processor.py:161} INFO - Started process (PID=10885) to work on /opt/airflow/dags/cron_dag.py
[2026-02-14T21:00:34.094+0000] {processor.py:830} INFO - Processing file /opt/airflow/dags/cron_dag.py for tasks to queue
[2026-02-14T21:00:34.096+0000] {logging_mixin.py:188} INFO - [2026-02-14T21:00:34.096+0000] {dagbag.py:538} INFO - Filling up the DagBag from /opt/airflow/dags/cron_dag.py
[2026-02-14T21:00:34.107+0000] {processor.py:840} INFO - DAG(s) 'minutely_dag' retrieved from /opt/airflow/dags/cron_dag.py
[2026-02-14T21:00:34.140+0000] {logging_mixin.py:188} INFO - [2026-02-14T21:00:34.139+0000] {dag.py:3036} INFO - Sync 1 DAGs
[2026-02-14T21:00:34.186+0000] {logging_mixin.py:188} INFO - [2026-02-14T21:00:34.186+0000] {dag.py:3823} INFO - Setting next_dagrun for minutely_dag to 2026-02-14 20:59:00+00:00, run_after=2026-02-14 21:00:00+00:00
[2026-02-14T21:00:34.224+0000] {processor.py:183} INFO - Processing /opt/airflow/dags/cron_dag.py took 0.137 seconds
[2026-02-14T21:01:04.456+0000] {processor.py:161} INFO - Started process (PID=10969) to work on /opt/airflow/dags/cron_dag.py
[2026-02-14T21:01:04.458+0000] {processor.py:830} INFO - Processing file /opt/airflow/dags/cron_dag.py for tasks to queue
[2026-02-14T21:01:04.461+0000] {logging_mixin.py:188} INFO - [2026-02-14T21:01:04.461+0000] {dagbag.py:538} INFO - Filling up the DagBag from /opt/airflow/dags/cron_dag.py
[2026-02-14T21:01:04.474+0000] {processor.py:840} INFO - DAG(s) 'minutely_dag' retrieved from /opt/airflow/dags/cron_dag.py
[2026-02-14T21:01:04.504+0000] {logging_mixin.py:188} INFO - [2026-02-14T21:01:04.504+0000] {dag.py:3036} INFO - Sync 1 DAGs
[2026-02-14T21:01:04.547+0000] {logging_mixin.py:188} INFO - [2026-02-14T21:01:04.546+0000] {dag.py:3823} INFO - Setting next_dagrun for minutely_dag to 2026-02-14 21:00:00+00:00, run_after=2026-02-14 21:01:00+00:00
[2026-02-14T21:01:04.589+0000] {processor.py:183} INFO - Processing /opt/airflow/dags/cron_dag.py took 0.139 seconds
[2026-02-14T21:01:34.755+0000] {processor.py:161} INFO - Started process (PID=11052) to work on /opt/airflow/dags/cron_dag.py
[2026-02-14T21:01:34.757+0000] {processor.py:830} INFO - Processing file /opt/airflow/dags/cron_dag.py for tasks to queue
[2026-02-14T21:01:34.759+0000] {logging_mixin.py:188} INFO - [2026-02-14T21:01:34.759+0000] {dagbag.py:538} INFO - Filling up the DagBag from /opt/airflow/dags/cron_dag.py
[2026-02-14T21:01:34.769+0000] {processor.py:840} INFO - DAG(s) 'minutely_dag' retrieved from /opt/airflow/dags/cron_dag.py
[2026-02-14T21:01:34.806+0000] {logging_mixin.py:188} INFO - [2026-02-14T21:01:34.805+0000] {dag.py:3036} INFO - Sync 1 DAGs
[2026-02-14T21:01:34.847+0000] {logging_mixin.py:188} INFO - [2026-02-14T21:01:34.847+0000] {dag.py:3823} INFO - Setting next_dagrun for minutely_dag to 2026-02-14 21:00:00+00:00, run_after=2026-02-14 21:01:00+00:00
[2026-02-14T21:01:34.877+0000] {processor.py:183} INFO - Processing /opt/airflow/dags/cron_dag.py took 0.127 seconds
[2026-02-14T21:02:05.250+0000] {processor.py:161} INFO - Started process (PID=11143) to work on /opt/airflow/dags/cron_dag.py
[2026-02-14T21:02:05.252+0000] {processor.py:830} INFO - Processing file /opt/airflow/dags/cron_dag.py for tasks to queue
[2026-02-14T21:02:05.255+0000] {logging_mixin.py:188} INFO - [2026-02-14T21:02:05.254+0000] {dagbag.py:538} INFO - Filling up the DagBag from /opt/airflow/dags/cron_dag.py
[2026-02-14T21:02:05.265+0000] {processor.py:840} INFO - DAG(s) 'minutely_dag' retrieved from /opt/airflow/dags/cron_dag.py
[2026-02-14T21:02:05.297+0000] {logging_mixin.py:188} INFO - [2026-02-14T21:02:05.296+0000] {dag.py:3036} INFO - Sync 1 DAGs
[2026-02-14T21:02:05.341+0000] {logging_mixin.py:188} INFO - [2026-02-14T21:02:05.340+0000] {dag.py:3823} INFO - Setting next_dagrun for minutely_dag to 2026-02-14 21:01:00+00:00, run_after=2026-02-14 21:02:00+00:00
[2026-02-14T21:02:05.373+0000] {processor.py:183} INFO - Processing /opt/airflow/dags/cron_dag.py took 0.129 seconds
[2026-02-14T21:02:35.445+0000] {processor.py:161} INFO - Started process (PID=11225) to work on /opt/airflow/dags/cron_dag.py
[2026-02-14T21:02:35.447+0000] {processor.py:830} INFO - Processing file /opt/airflow/dags/cron_dag.py for tasks to queue
[2026-02-14T21:02:35.450+0000] {logging_mixin.py:188} INFO - [2026-02-14T21:02:35.449+0000] {dagbag.py:538} INFO - Filling up the DagBag from /opt/airflow/dags/cron_dag.py
[2026-02-14T21:02:35.464+0000] {processor.py:840} INFO - DAG(s) 'minutely_dag' retrieved from /opt/airflow/dags/cron_dag.py
[2026-02-14T21:02:35.508+0000] {logging_mixin.py:188} INFO - [2026-02-14T21:02:35.507+0000] {dag.py:3036} INFO - Sync 1 DAGs
[2026-02-14T21:02:35.562+0000] {logging_mixin.py:188} INFO - [2026-02-14T21:02:35.561+0000] {dag.py:3823} INFO - Setting next_dagrun for minutely_dag to 2026-02-14 21:01:00+00:00, run_after=2026-02-14 21:02:00+00:00
[2026-02-14T21:02:35.595+0000] {processor.py:183} INFO - Processing /opt/airflow/dags/cron_dag.py took 0.158 seconds
[2026-02-14T21:03:06.259+0000] {processor.py:161} INFO - Started process (PID=11309) to work on /opt/airflow/dags/cron_dag.py
[2026-02-14T21:03:06.261+0000] {processor.py:830} INFO - Processing file /opt/airflow/dags/cron_dag.py for tasks to queue
[2026-02-14T21:03:06.264+0000] {logging_mixin.py:188} INFO - [2026-02-14T21:03:06.263+0000] {dagbag.py:538} INFO - Filling up the DagBag from /opt/airflow/dags/cron_dag.py
[2026-02-14T21:03:06.274+0000] {processor.py:840} INFO - DAG(s) 'minutely_dag' retrieved from /opt/airflow/dags/cron_dag.py
[2026-02-14T21:03:06.303+0000] {logging_mixin.py:188} INFO - [2026-02-14T21:03:06.302+0000] {dag.py:3036} INFO - Sync 1 DAGs
[2026-02-14T21:03:06.351+0000] {logging_mixin.py:188} INFO - [2026-02-14T21:03:06.351+0000] {dag.py:3823} INFO - Setting next_dagrun for minutely_dag to 2026-02-14 21:02:00+00:00, run_after=2026-02-14 21:03:00+00:00
[2026-02-14T21:03:06.387+0000] {processor.py:183} INFO - Processing /opt/airflow/dags/cron_dag.py took 0.135 seconds
[2026-02-14T21:03:36.441+0000] {processor.py:161} INFO - Started process (PID=11392) to work on /opt/airflow/dags/cron_dag.py
[2026-02-14T21:03:36.443+0000] {processor.py:830} INFO - Processing file /opt/airflow/dags/cron_dag.py for tasks to queue
[2026-02-14T21:03:36.446+0000] {logging_mixin.py:188} INFO - [2026-02-14T21:03:36.446+0000] {dagbag.py:538} INFO - Filling up the DagBag from /opt/airflow/dags/cron_dag.py
[2026-02-14T21:03:36.456+0000] {processor.py:840} INFO - DAG(s) 'minutely_dag' retrieved from /opt/airflow/dags/cron_dag.py
[2026-02-14T21:03:36.487+0000] {logging_mixin.py:188} INFO - [2026-02-14T21:03:36.486+0000] {dag.py:3036} INFO - Sync 1 DAGs
[2026-02-14T21:03:36.534+0000] {logging_mixin.py:188} INFO - [2026-02-14T21:03:36.533+0000] {dag.py:3823} INFO - Setting next_dagrun for minutely_dag to 2026-02-14 21:02:00+00:00, run_after=2026-02-14 21:03:00+00:00
[2026-02-14T21:03:36.565+0000] {processor.py:183} INFO - Processing /opt/airflow/dags/cron_dag.py took 0.130 seconds
[2026-02-14T21:04:07.253+0000] {processor.py:161} INFO - Started process (PID=11476) to work on /opt/airflow/dags/cron_dag.py
[2026-02-14T21:04:07.254+0000] {processor.py:830} INFO - Processing file /opt/airflow/dags/cron_dag.py for tasks to queue
[2026-02-14T21:04:07.257+0000] {logging_mixin.py:188} INFO - [2026-02-14T21:04:07.257+0000] {dagbag.py:538} INFO - Filling up the DagBag from /opt/airflow/dags/cron_dag.py
[2026-02-14T21:04:07.268+0000] {processor.py:840} INFO - DAG(s) 'minutely_dag' retrieved from /opt/airflow/dags/cron_dag.py
[2026-02-14T21:04:07.296+0000] {logging_mixin.py:188} INFO - [2026-02-14T21:04:07.296+0000] {dag.py:3036} INFO - Sync 1 DAGs
[2026-02-14T21:04:07.335+0000] {logging_mixin.py:188} INFO - [2026-02-14T21:04:07.335+0000] {dag.py:3823} INFO - Setting next_dagrun for minutely_dag to 2026-02-14 21:03:00+00:00, run_after=2026-02-14 21:04:00+00:00
[2026-02-14T21:04:07.362+0000] {processor.py:183} INFO - Processing /opt/airflow/dags/cron_dag.py took 0.113 seconds
[2026-02-14T21:04:37.578+0000] {processor.py:161} INFO - Started process (PID=11559) to work on /opt/airflow/dags/cron_dag.py
[2026-02-14T21:04:37.579+0000] {processor.py:830} INFO - Processing file /opt/airflow/dags/cron_dag.py for tasks to queue
[2026-02-14T21:04:37.582+0000] {logging_mixin.py:188} INFO - [2026-02-14T21:04:37.581+0000] {dagbag.py:538} INFO - Filling up the DagBag from /opt/airflow/dags/cron_dag.py
[2026-02-14T21:04:37.592+0000] {processor.py:840} INFO - DAG(s) 'minutely_dag' retrieved from /opt/airflow/dags/cron_dag.py
[2026-02-14T21:04:37.622+0000] {logging_mixin.py:188} INFO - [2026-02-14T21:04:37.621+0000] {dag.py:3036} INFO - Sync 1 DAGs
[2026-02-14T21:04:37.672+0000] {logging_mixin.py:188} INFO - [2026-02-14T21:04:37.672+0000] {dag.py:3823} INFO - Setting next_dagrun for minutely_dag to 2026-02-14 21:03:00+00:00, run_after=2026-02-14 21:04:00+00:00
[2026-02-14T21:04:37.704+0000] {processor.py:183} INFO - Processing /opt/airflow/dags/cron_dag.py took 0.131 seconds
[2026-02-14T21:05:08.140+0000] {processor.py:161} INFO - Started process (PID=11641) to work on /opt/airflow/dags/cron_dag.py
[2026-02-14T21:05:08.141+0000] {processor.py:830} INFO - Processing file /opt/airflow/dags/cron_dag.py for tasks to queue
[2026-02-14T21:05:08.143+0000] {logging_mixin.py:188} INFO - [2026-02-14T21:05:08.143+0000] {dagbag.py:538} INFO - Filling up the DagBag from /opt/airflow/dags/cron_dag.py
[2026-02-14T21:05:08.155+0000] {processor.py:840} INFO - DAG(s) 'minutely_dag' retrieved from /opt/airflow/dags/cron_dag.py
[2026-02-14T21:05:08.184+0000] {logging_mixin.py:188} INFO - [2026-02-14T21:05:08.183+0000] {dag.py:3036} INFO - Sync 1 DAGs
[2026-02-14T21:05:08.222+0000] {logging_mixin.py:188} INFO - [2026-02-14T21:05:08.222+0000] {dag.py:3823} INFO - Setting next_dagrun for minutely_dag to 2026-02-14 21:04:00+00:00, run_after=2026-02-14 21:05:00+00:00
[2026-02-14T21:05:08.252+0000] {processor.py:183} INFO - Processing /opt/airflow/dags/cron_dag.py took 0.117 seconds
[2026-02-14T21:05:38.589+0000] {processor.py:161} INFO - Started process (PID=11725) to work on /opt/airflow/dags/cron_dag.py
[2026-02-14T21:05:38.592+0000] {processor.py:830} INFO - Processing file /opt/airflow/dags/cron_dag.py for tasks to queue
[2026-02-14T21:05:38.595+0000] {logging_mixin.py:188} INFO - [2026-02-14T21:05:38.594+0000] {dagbag.py:538} INFO - Filling up the DagBag from /opt/airflow/dags/cron_dag.py
[2026-02-14T21:05:38.606+0000] {processor.py:840} INFO - DAG(s) 'minutely_dag' retrieved from /opt/airflow/dags/cron_dag.py
[2026-02-14T21:05:38.636+0000] {logging_mixin.py:188} INFO - [2026-02-14T21:05:38.636+0000] {dag.py:3036} INFO - Sync 1 DAGs
[2026-02-14T21:05:38.686+0000] {logging_mixin.py:188} INFO - [2026-02-14T21:05:38.686+0000] {dag.py:3823} INFO - Setting next_dagrun for minutely_dag to 2026-02-14 21:04:00+00:00, run_after=2026-02-14 21:05:00+00:00
[2026-02-14T21:05:38.717+0000] {processor.py:183} INFO - Processing /opt/airflow/dags/cron_dag.py took 0.132 seconds
[2026-02-14T21:06:09.024+0000] {processor.py:161} INFO - Started process (PID=11808) to work on /opt/airflow/dags/cron_dag.py
[2026-02-14T21:06:09.027+0000] {processor.py:830} INFO - Processing file /opt/airflow/dags/cron_dag.py for tasks to queue
[2026-02-14T21:06:09.033+0000] {logging_mixin.py:188} INFO - [2026-02-14T21:06:09.032+0000] {dagbag.py:538} INFO - Filling up the DagBag from /opt/airflow/dags/cron_dag.py
[2026-02-14T21:06:09.044+0000] {processor.py:840} INFO - DAG(s) 'minutely_dag' retrieved from /opt/airflow/dags/cron_dag.py
[2026-02-14T21:06:09.076+0000] {logging_mixin.py:188} INFO - [2026-02-14T21:06:09.076+0000] {dag.py:3036} INFO - Sync 1 DAGs
[2026-02-14T21:06:09.123+0000] {logging_mixin.py:188} INFO - [2026-02-14T21:06:09.123+0000] {dag.py:3823} INFO - Setting next_dagrun for minutely_dag to 2026-02-14 21:05:00+00:00, run_after=2026-02-14 21:06:00+00:00
[2026-02-14T21:06:09.162+0000] {processor.py:183} INFO - Processing /opt/airflow/dags/cron_dag.py took 0.148 seconds
[2026-02-14T21:06:39.669+0000] {processor.py:161} INFO - Started process (PID=11890) to work on /opt/airflow/dags/cron_dag.py
[2026-02-14T21:06:39.671+0000] {processor.py:830} INFO - Processing file /opt/airflow/dags/cron_dag.py for tasks to queue
[2026-02-14T21:06:39.674+0000] {logging_mixin.py:188} INFO - [2026-02-14T21:06:39.674+0000] {dagbag.py:538} INFO - Filling up the DagBag from /opt/airflow/dags/cron_dag.py
[2026-02-14T21:06:39.689+0000] {processor.py:840} INFO - DAG(s) 'minutely_dag' retrieved from /opt/airflow/dags/cron_dag.py
[2026-02-14T21:06:39.723+0000] {logging_mixin.py:188} INFO - [2026-02-14T21:06:39.723+0000] {dag.py:3036} INFO - Sync 1 DAGs
[2026-02-14T21:06:39.767+0000] {logging_mixin.py:188} INFO - [2026-02-14T21:06:39.766+0000] {dag.py:3823} INFO - Setting next_dagrun for minutely_dag to 2026-02-14 21:05:00+00:00, run_after=2026-02-14 21:06:00+00:00
[2026-02-14T21:06:39.803+0000] {processor.py:183} INFO - Processing /opt/airflow/dags/cron_dag.py took 0.140 seconds
[2026-02-14T21:07:10.116+0000] {processor.py:161} INFO - Started process (PID=11981) to work on /opt/airflow/dags/cron_dag.py
[2026-02-14T21:07:10.117+0000] {processor.py:830} INFO - Processing file /opt/airflow/dags/cron_dag.py for tasks to queue
[2026-02-14T21:07:10.120+0000] {logging_mixin.py:188} INFO - [2026-02-14T21:07:10.119+0000] {dagbag.py:538} INFO - Filling up the DagBag from /opt/airflow/dags/cron_dag.py
[2026-02-14T21:07:10.132+0000] {processor.py:840} INFO - DAG(s) 'minutely_dag' retrieved from /opt/airflow/dags/cron_dag.py
[2026-02-14T21:07:10.164+0000] {logging_mixin.py:188} INFO - [2026-02-14T21:07:10.164+0000] {dag.py:3036} INFO - Sync 1 DAGs
[2026-02-14T21:07:10.211+0000] {logging_mixin.py:188} INFO - [2026-02-14T21:07:10.210+0000] {dag.py:3823} INFO - Setting next_dagrun for minutely_dag to 2026-02-14 21:06:00+00:00, run_after=2026-02-14 21:07:00+00:00
[2026-02-14T21:07:10.247+0000] {processor.py:183} INFO - Processing /opt/airflow/dags/cron_dag.py took 0.137 seconds
[2026-02-14T21:07:40.600+0000] {processor.py:161} INFO - Started process (PID=12065) to work on /opt/airflow/dags/cron_dag.py
[2026-02-14T21:07:40.603+0000] {processor.py:830} INFO - Processing file /opt/airflow/dags/cron_dag.py for tasks to queue
[2026-02-14T21:07:40.606+0000] {logging_mixin.py:188} INFO - [2026-02-14T21:07:40.605+0000] {dagbag.py:538} INFO - Filling up the DagBag from /opt/airflow/dags/cron_dag.py
[2026-02-14T21:07:40.618+0000] {processor.py:840} INFO - DAG(s) 'minutely_dag' retrieved from /opt/airflow/dags/cron_dag.py
[2026-02-14T21:07:40.661+0000] {logging_mixin.py:188} INFO - [2026-02-14T21:07:40.661+0000] {dag.py:3036} INFO - Sync 1 DAGs
[2026-02-14T21:07:40.713+0000] {logging_mixin.py:188} INFO - [2026-02-14T21:07:40.713+0000] {dag.py:3823} INFO - Setting next_dagrun for minutely_dag to 2026-02-14 21:06:00+00:00, run_after=2026-02-14 21:07:00+00:00
[2026-02-14T21:07:40.747+0000] {processor.py:183} INFO - Processing /opt/airflow/dags/cron_dag.py took 0.153 seconds
[2026-02-14T21:08:11.009+0000] {processor.py:161} INFO - Started process (PID=12145) to work on /opt/airflow/dags/cron_dag.py
[2026-02-14T21:08:11.010+0000] {processor.py:830} INFO - Processing file /opt/airflow/dags/cron_dag.py for tasks to queue
[2026-02-14T21:08:11.013+0000] {logging_mixin.py:188} INFO - [2026-02-14T21:08:11.012+0000] {dagbag.py:538} INFO - Filling up the DagBag from /opt/airflow/dags/cron_dag.py
[2026-02-14T21:08:11.022+0000] {processor.py:840} INFO - DAG(s) 'minutely_dag' retrieved from /opt/airflow/dags/cron_dag.py
[2026-02-14T21:08:11.050+0000] {logging_mixin.py:188} INFO - [2026-02-14T21:08:11.050+0000] {dag.py:3036} INFO - Sync 1 DAGs
[2026-02-14T21:08:11.088+0000] {logging_mixin.py:188} INFO - [2026-02-14T21:08:11.088+0000] {dag.py:3823} INFO - Setting next_dagrun for minutely_dag to 2026-02-14 21:07:00+00:00, run_after=2026-02-14 21:08:00+00:00
[2026-02-14T21:08:11.119+0000] {processor.py:183} INFO - Processing /opt/airflow/dags/cron_dag.py took 0.115 seconds
[2026-02-14T21:08:41.548+0000] {processor.py:161} INFO - Started process (PID=12228) to work on /opt/airflow/dags/cron_dag.py
[2026-02-14T21:08:41.550+0000] {processor.py:830} INFO - Processing file /opt/airflow/dags/cron_dag.py for tasks to queue
[2026-02-14T21:08:41.553+0000] {logging_mixin.py:188} INFO - [2026-02-14T21:08:41.553+0000] {dagbag.py:538} INFO - Filling up the DagBag from /opt/airflow/dags/cron_dag.py
[2026-02-14T21:08:41.564+0000] {processor.py:840} INFO - DAG(s) 'minutely_dag' retrieved from /opt/airflow/dags/cron_dag.py
[2026-02-14T21:08:41.597+0000] {logging_mixin.py:188} INFO - [2026-02-14T21:08:41.597+0000] {dag.py:3036} INFO - Sync 1 DAGs
[2026-02-14T21:08:41.643+0000] {logging_mixin.py:188} INFO - [2026-02-14T21:08:41.643+0000] {dag.py:3823} INFO - Setting next_dagrun for minutely_dag to 2026-02-14 21:07:00+00:00, run_after=2026-02-14 21:08:00+00:00
[2026-02-14T21:08:41.677+0000] {processor.py:183} INFO - Processing /opt/airflow/dags/cron_dag.py took 0.134 seconds
[2026-02-14T21:09:11.898+0000] {processor.py:161} INFO - Started process (PID=12311) to work on /opt/airflow/dags/cron_dag.py
[2026-02-14T21:09:11.899+0000] {processor.py:830} INFO - Processing file /opt/airflow/dags/cron_dag.py for tasks to queue
[2026-02-14T21:09:11.902+0000] {logging_mixin.py:188} INFO - [2026-02-14T21:09:11.901+0000] {dagbag.py:538} INFO - Filling up the DagBag from /opt/airflow/dags/cron_dag.py
[2026-02-14T21:09:11.915+0000] {processor.py:840} INFO - DAG(s) 'minutely_dag' retrieved from /opt/airflow/dags/cron_dag.py
[2026-02-14T21:09:11.954+0000] {logging_mixin.py:188} INFO - [2026-02-14T21:09:11.954+0000] {dag.py:3036} INFO - Sync 1 DAGs
[2026-02-14T21:09:12.001+0000] {logging_mixin.py:188} INFO - [2026-02-14T21:09:12.001+0000] {dag.py:3823} INFO - Setting next_dagrun for minutely_dag to 2026-02-14 21:08:00+00:00, run_after=2026-02-14 21:09:00+00:00
[2026-02-14T21:09:12.033+0000] {processor.py:183} INFO - Processing /opt/airflow/dags/cron_dag.py took 0.142 seconds
[2026-02-14T21:09:42.164+0000] {processor.py:161} INFO - Started process (PID=12393) to work on /opt/airflow/dags/cron_dag.py
[2026-02-14T21:09:42.166+0000] {processor.py:830} INFO - Processing file /opt/airflow/dags/cron_dag.py for tasks to queue
[2026-02-14T21:09:42.168+0000] {logging_mixin.py:188} INFO - [2026-02-14T21:09:42.168+0000] {dagbag.py:538} INFO - Filling up the DagBag from /opt/airflow/dags/cron_dag.py
[2026-02-14T21:09:42.179+0000] {processor.py:840} INFO - DAG(s) 'minutely_dag' retrieved from /opt/airflow/dags/cron_dag.py
[2026-02-14T21:09:42.208+0000] {logging_mixin.py:188} INFO - [2026-02-14T21:09:42.208+0000] {dag.py:3036} INFO - Sync 1 DAGs
[2026-02-14T21:09:42.246+0000] {logging_mixin.py:188} INFO - [2026-02-14T21:09:42.246+0000] {dag.py:3823} INFO - Setting next_dagrun for minutely_dag to 2026-02-14 21:08:00+00:00, run_after=2026-02-14 21:09:00+00:00
[2026-02-14T21:09:42.272+0000] {processor.py:183} INFO - Processing /opt/airflow/dags/cron_dag.py took 0.113 seconds
[2026-02-14T21:10:12.391+0000] {processor.py:161} INFO - Started process (PID=12475) to work on /opt/airflow/dags/cron_dag.py
[2026-02-14T21:10:12.392+0000] {processor.py:830} INFO - Processing file /opt/airflow/dags/cron_dag.py for tasks to queue
[2026-02-14T21:10:12.395+0000] {logging_mixin.py:188} INFO - [2026-02-14T21:10:12.394+0000] {dagbag.py:538} INFO - Filling up the DagBag from /opt/airflow/dags/cron_dag.py
[2026-02-14T21:10:12.405+0000] {processor.py:840} INFO - DAG(s) 'minutely_dag' retrieved from /opt/airflow/dags/cron_dag.py
[2026-02-14T21:10:12.431+0000] {logging_mixin.py:188} INFO - [2026-02-14T21:10:12.430+0000] {dag.py:3036} INFO - Sync 1 DAGs
[2026-02-14T21:10:12.468+0000] {logging_mixin.py:188} INFO - [2026-02-14T21:10:12.468+0000] {dag.py:3823} INFO - Setting next_dagrun for minutely_dag to 2026-02-14 21:09:00+00:00, run_after=2026-02-14 21:10:00+00:00
[2026-02-14T21:10:12.496+0000] {processor.py:183} INFO - Processing /opt/airflow/dags/cron_dag.py took 0.110 seconds
[2026-02-14T21:10:42.951+0000] {processor.py:161} INFO - Started process (PID=12558) to work on /opt/airflow/dags/cron_dag.py
[2026-02-14T21:10:42.953+0000] {processor.py:830} INFO - Processing file /opt/airflow/dags/cron_dag.py for tasks to queue
[2026-02-14T21:10:42.956+0000] {logging_mixin.py:188} INFO - [2026-02-14T21:10:42.955+0000] {dagbag.py:538} INFO - Filling up the DagBag from /opt/airflow/dags/cron_dag.py
[2026-02-14T21:10:42.967+0000] {processor.py:840} INFO - DAG(s) 'minutely_dag' retrieved from /opt/airflow/dags/cron_dag.py
[2026-02-14T21:10:43.000+0000] {logging_mixin.py:188} INFO - [2026-02-14T21:10:43.000+0000] {dag.py:3036} INFO - Sync 1 DAGs
[2026-02-14T21:10:43.039+0000] {logging_mixin.py:188} INFO - [2026-02-14T21:10:43.038+0000] {dag.py:3823} INFO - Setting next_dagrun for minutely_dag to 2026-02-14 21:09:00+00:00, run_after=2026-02-14 21:10:00+00:00
[2026-02-14T21:10:43.068+0000] {processor.py:183} INFO - Processing /opt/airflow/dags/cron_dag.py took 0.122 seconds
[2026-02-14T21:11:13.260+0000] {processor.py:161} INFO - Started process (PID=12640) to work on /opt/airflow/dags/cron_dag.py
[2026-02-14T21:11:13.261+0000] {processor.py:830} INFO - Processing file /opt/airflow/dags/cron_dag.py for tasks to queue
[2026-02-14T21:11:13.263+0000] {logging_mixin.py:188} INFO - [2026-02-14T21:11:13.263+0000] {dagbag.py:538} INFO - Filling up the DagBag from /opt/airflow/dags/cron_dag.py
[2026-02-14T21:11:13.273+0000] {processor.py:840} INFO - DAG(s) 'minutely_dag' retrieved from /opt/airflow/dags/cron_dag.py
[2026-02-14T21:11:13.300+0000] {logging_mixin.py:188} INFO - [2026-02-14T21:11:13.300+0000] {dag.py:3036} INFO - Sync 1 DAGs
[2026-02-14T21:11:13.336+0000] {logging_mixin.py:188} INFO - [2026-02-14T21:11:13.336+0000] {dag.py:3823} INFO - Setting next_dagrun for minutely_dag to 2026-02-14 21:10:00+00:00, run_after=2026-02-14 21:11:00+00:00
[2026-02-14T21:11:13.363+0000] {processor.py:183} INFO - Processing /opt/airflow/dags/cron_dag.py took 0.108 seconds
[2026-02-14T21:11:43.839+0000] {processor.py:161} INFO - Started process (PID=12732) to work on /opt/airflow/dags/cron_dag.py
[2026-02-14T21:11:43.840+0000] {processor.py:830} INFO - Processing file /opt/airflow/dags/cron_dag.py for tasks to queue
[2026-02-14T21:11:43.844+0000] {logging_mixin.py:188} INFO - [2026-02-14T21:11:43.843+0000] {dagbag.py:538} INFO - Filling up the DagBag from /opt/airflow/dags/cron_dag.py
[2026-02-14T21:11:43.856+0000] {processor.py:840} INFO - DAG(s) 'minutely_dag' retrieved from /opt/airflow/dags/cron_dag.py
[2026-02-14T21:11:43.892+0000] {logging_mixin.py:188} INFO - [2026-02-14T21:11:43.891+0000] {dag.py:3036} INFO - Sync 1 DAGs
[2026-02-14T21:11:43.937+0000] {logging_mixin.py:188} INFO - [2026-02-14T21:11:43.936+0000] {dag.py:3823} INFO - Setting next_dagrun for minutely_dag to 2026-02-14 21:10:00+00:00, run_after=2026-02-14 21:11:00+00:00
[2026-02-14T21:11:43.969+0000] {processor.py:183} INFO - Processing /opt/airflow/dags/cron_dag.py took 0.136 seconds
[2026-02-14T21:12:14.265+0000] {processor.py:161} INFO - Started process (PID=12815) to work on /opt/airflow/dags/cron_dag.py
[2026-02-14T21:12:14.267+0000] {processor.py:830} INFO - Processing file /opt/airflow/dags/cron_dag.py for tasks to queue
[2026-02-14T21:12:14.270+0000] {logging_mixin.py:188} INFO - [2026-02-14T21:12:14.270+0000] {dagbag.py:538} INFO - Filling up the DagBag from /opt/airflow/dags/cron_dag.py
[2026-02-14T21:12:14.282+0000] {processor.py:840} INFO - DAG(s) 'minutely_dag' retrieved from /opt/airflow/dags/cron_dag.py
[2026-02-14T21:12:14.317+0000] {logging_mixin.py:188} INFO - [2026-02-14T21:12:14.317+0000] {dag.py:3036} INFO - Sync 1 DAGs
[2026-02-14T21:12:14.369+0000] {logging_mixin.py:188} INFO - [2026-02-14T21:12:14.368+0000] {dag.py:3823} INFO - Setting next_dagrun for minutely_dag to 2026-02-14 21:11:00+00:00, run_after=2026-02-14 21:12:00+00:00
[2026-02-14T21:12:14.406+0000] {processor.py:183} INFO - Processing /opt/airflow/dags/cron_dag.py took 0.147 seconds
[2026-02-14T21:12:44.844+0000] {processor.py:161} INFO - Started process (PID=12896) to work on /opt/airflow/dags/cron_dag.py
[2026-02-14T21:12:44.845+0000] {processor.py:830} INFO - Processing file /opt/airflow/dags/cron_dag.py for tasks to queue
[2026-02-14T21:12:44.848+0000] {logging_mixin.py:188} INFO - [2026-02-14T21:12:44.847+0000] {dagbag.py:538} INFO - Filling up the DagBag from /opt/airflow/dags/cron_dag.py
[2026-02-14T21:12:44.858+0000] {processor.py:840} INFO - DAG(s) 'minutely_dag' retrieved from /opt/airflow/dags/cron_dag.py
[2026-02-14T21:12:44.887+0000] {logging_mixin.py:188} INFO - [2026-02-14T21:12:44.887+0000] {dag.py:3036} INFO - Sync 1 DAGs
[2026-02-14T21:12:44.927+0000] {logging_mixin.py:188} INFO - [2026-02-14T21:12:44.927+0000] {dag.py:3823} INFO - Setting next_dagrun for minutely_dag to 2026-02-14 21:11:00+00:00, run_after=2026-02-14 21:12:00+00:00
[2026-02-14T21:12:44.957+0000] {processor.py:183} INFO - Processing /opt/airflow/dags/cron_dag.py took 0.118 seconds
[2026-02-14T21:13:15.075+0000] {processor.py:161} INFO - Started process (PID=12979) to work on /opt/airflow/dags/cron_dag.py
[2026-02-14T21:13:15.077+0000] {processor.py:830} INFO - Processing file /opt/airflow/dags/cron_dag.py for tasks to queue
[2026-02-14T21:13:15.080+0000] {logging_mixin.py:188} INFO - [2026-02-14T21:13:15.079+0000] {dagbag.py:538} INFO - Filling up the DagBag from /opt/airflow/dags/cron_dag.py
[2026-02-14T21:13:15.091+0000] {processor.py:840} INFO - DAG(s) 'minutely_dag' retrieved from /opt/airflow/dags/cron_dag.py
[2026-02-14T21:13:15.122+0000] {logging_mixin.py:188} INFO - [2026-02-14T21:13:15.121+0000] {dag.py:3036} INFO - Sync 1 DAGs
[2026-02-14T21:13:15.168+0000] {logging_mixin.py:188} INFO - [2026-02-14T21:13:15.168+0000] {dag.py:3823} INFO - Setting next_dagrun for minutely_dag to 2026-02-14 21:12:00+00:00, run_after=2026-02-14 21:13:00+00:00
[2026-02-14T21:13:15.196+0000] {processor.py:183} INFO - Processing /opt/airflow/dags/cron_dag.py took 0.126 seconds
[2026-02-14T21:13:45.562+0000] {processor.py:161} INFO - Started process (PID=13062) to work on /opt/airflow/dags/cron_dag.py
[2026-02-14T21:13:45.563+0000] {processor.py:830} INFO - Processing file /opt/airflow/dags/cron_dag.py for tasks to queue
[2026-02-14T21:13:45.566+0000] {logging_mixin.py:188} INFO - [2026-02-14T21:13:45.565+0000] {dagbag.py:538} INFO - Filling up the DagBag from /opt/airflow/dags/cron_dag.py
[2026-02-14T21:13:45.577+0000] {processor.py:840} INFO - DAG(s) 'minutely_dag' retrieved from /opt/airflow/dags/cron_dag.py
[2026-02-14T21:13:45.612+0000] {logging_mixin.py:188} INFO - [2026-02-14T21:13:45.611+0000] {dag.py:3036} INFO - Sync 1 DAGs
[2026-02-14T21:13:45.654+0000] {logging_mixin.py:188} INFO - [2026-02-14T21:13:45.654+0000] {dag.py:3823} INFO - Setting next_dagrun for minutely_dag to 2026-02-14 21:12:00+00:00, run_after=2026-02-14 21:13:00+00:00
[2026-02-14T21:13:45.687+0000] {processor.py:183} INFO - Processing /opt/airflow/dags/cron_dag.py took 0.130 seconds
[2026-02-14T21:14:16.101+0000] {processor.py:161} INFO - Started process (PID=13144) to work on /opt/airflow/dags/cron_dag.py
[2026-02-14T21:14:16.103+0000] {processor.py:830} INFO - Processing file /opt/airflow/dags/cron_dag.py for tasks to queue
[2026-02-14T21:14:16.106+0000] {logging_mixin.py:188} INFO - [2026-02-14T21:14:16.105+0000] {dagbag.py:538} INFO - Filling up the DagBag from /opt/airflow/dags/cron_dag.py
[2026-02-14T21:14:16.117+0000] {processor.py:840} INFO - DAG(s) 'minutely_dag' retrieved from /opt/airflow/dags/cron_dag.py
[2026-02-14T21:14:16.147+0000] {logging_mixin.py:188} INFO - [2026-02-14T21:14:16.146+0000] {dag.py:3036} INFO - Sync 1 DAGs
[2026-02-14T21:14:16.185+0000] {logging_mixin.py:188} INFO - [2026-02-14T21:14:16.185+0000] {dag.py:3823} INFO - Setting next_dagrun for minutely_dag to 2026-02-14 21:13:00+00:00, run_after=2026-02-14 21:14:00+00:00
[2026-02-14T21:14:16.214+0000] {processor.py:183} INFO - Processing /opt/airflow/dags/cron_dag.py took 0.118 seconds
[2026-02-14T21:14:46.484+0000] {processor.py:161} INFO - Started process (PID=13225) to work on /opt/airflow/dags/cron_dag.py
[2026-02-14T21:14:46.485+0000] {processor.py:830} INFO - Processing file /opt/airflow/dags/cron_dag.py for tasks to queue
[2026-02-14T21:14:46.488+0000] {logging_mixin.py:188} INFO - [2026-02-14T21:14:46.487+0000] {dagbag.py:538} INFO - Filling up the DagBag from /opt/airflow/dags/cron_dag.py
[2026-02-14T21:14:46.499+0000] {processor.py:840} INFO - DAG(s) 'minutely_dag' retrieved from /opt/airflow/dags/cron_dag.py
[2026-02-14T21:14:46.528+0000] {logging_mixin.py:188} INFO - [2026-02-14T21:14:46.527+0000] {dag.py:3036} INFO - Sync 1 DAGs
[2026-02-14T21:14:46.572+0000] {logging_mixin.py:188} INFO - [2026-02-14T21:14:46.572+0000] {dag.py:3823} INFO - Setting next_dagrun for minutely_dag to 2026-02-14 21:13:00+00:00, run_after=2026-02-14 21:14:00+00:00
[2026-02-14T21:14:46.600+0000] {processor.py:183} INFO - Processing /opt/airflow/dags/cron_dag.py took 0.121 seconds
[2026-02-14T21:15:16.933+0000] {processor.py:161} INFO - Started process (PID=13309) to work on /opt/airflow/dags/cron_dag.py
[2026-02-14T21:15:16.935+0000] {processor.py:830} INFO - Processing file /opt/airflow/dags/cron_dag.py for tasks to queue
[2026-02-14T21:15:16.937+0000] {logging_mixin.py:188} INFO - [2026-02-14T21:15:16.937+0000] {dagbag.py:538} INFO - Filling up the DagBag from /opt/airflow/dags/cron_dag.py
[2026-02-14T21:15:16.949+0000] {processor.py:840} INFO - DAG(s) 'minutely_dag' retrieved from /opt/airflow/dags/cron_dag.py
[2026-02-14T21:15:16.985+0000] {logging_mixin.py:188} INFO - [2026-02-14T21:15:16.985+0000] {dag.py:3036} INFO - Sync 1 DAGs
[2026-02-14T21:15:17.024+0000] {logging_mixin.py:188} INFO - [2026-02-14T21:15:17.024+0000] {dag.py:3823} INFO - Setting next_dagrun for minutely_dag to 2026-02-14 21:14:00+00:00, run_after=2026-02-14 21:15:00+00:00
[2026-02-14T21:15:17.052+0000] {processor.py:183} INFO - Processing /opt/airflow/dags/cron_dag.py took 0.124 seconds
[2026-02-14T21:15:47.160+0000] {processor.py:161} INFO - Started process (PID=13392) to work on /opt/airflow/dags/cron_dag.py
[2026-02-14T21:15:47.161+0000] {processor.py:830} INFO - Processing file /opt/airflow/dags/cron_dag.py for tasks to queue
[2026-02-14T21:15:47.164+0000] {logging_mixin.py:188} INFO - [2026-02-14T21:15:47.164+0000] {dagbag.py:538} INFO - Filling up the DagBag from /opt/airflow/dags/cron_dag.py
[2026-02-14T21:15:47.176+0000] {processor.py:840} INFO - DAG(s) 'minutely_dag' retrieved from /opt/airflow/dags/cron_dag.py
[2026-02-14T21:15:47.208+0000] {logging_mixin.py:188} INFO - [2026-02-14T21:15:47.208+0000] {dag.py:3036} INFO - Sync 1 DAGs
[2026-02-14T21:15:47.254+0000] {logging_mixin.py:188} INFO - [2026-02-14T21:15:47.254+0000] {dag.py:3823} INFO - Setting next_dagrun for minutely_dag to 2026-02-14 21:14:00+00:00, run_after=2026-02-14 21:15:00+00:00
[2026-02-14T21:15:47.284+0000] {processor.py:183} INFO - Processing /opt/airflow/dags/cron_dag.py took 0.129 seconds
[2026-02-14T21:16:17.590+0000] {processor.py:161} INFO - Started process (PID=13482) to work on /opt/airflow/dags/cron_dag.py
[2026-02-14T21:16:17.593+0000] {processor.py:830} INFO - Processing file /opt/airflow/dags/cron_dag.py for tasks to queue
[2026-02-14T21:16:17.597+0000] {logging_mixin.py:188} INFO - [2026-02-14T21:16:17.596+0000] {dagbag.py:538} INFO - Filling up the DagBag from /opt/airflow/dags/cron_dag.py
[2026-02-14T21:16:17.611+0000] {processor.py:840} INFO - DAG(s) 'minutely_dag' retrieved from /opt/airflow/dags/cron_dag.py
[2026-02-14T21:16:17.646+0000] {logging_mixin.py:188} INFO - [2026-02-14T21:16:17.646+0000] {dag.py:3036} INFO - Sync 1 DAGs
[2026-02-14T21:16:17.696+0000] {logging_mixin.py:188} INFO - [2026-02-14T21:16:17.696+0000] {dag.py:3823} INFO - Setting next_dagrun for minutely_dag to 2026-02-14 21:15:00+00:00, run_after=2026-02-14 21:16:00+00:00
[2026-02-14T21:16:17.728+0000] {processor.py:183} INFO - Processing /opt/airflow/dags/cron_dag.py took 0.145 seconds
[2026-02-14T21:16:48.116+0000] {processor.py:161} INFO - Started process (PID=13565) to work on /opt/airflow/dags/cron_dag.py
[2026-02-14T21:16:48.121+0000] {processor.py:830} INFO - Processing file /opt/airflow/dags/cron_dag.py for tasks to queue
[2026-02-14T21:16:48.125+0000] {logging_mixin.py:188} INFO - [2026-02-14T21:16:48.125+0000] {dagbag.py:538} INFO - Filling up the DagBag from /opt/airflow/dags/cron_dag.py
[2026-02-14T21:16:48.138+0000] {processor.py:840} INFO - DAG(s) 'minutely_dag' retrieved from /opt/airflow/dags/cron_dag.py
[2026-02-14T21:16:48.172+0000] {logging_mixin.py:188} INFO - [2026-02-14T21:16:48.172+0000] {dag.py:3036} INFO - Sync 1 DAGs
[2026-02-14T21:16:48.221+0000] {logging_mixin.py:188} INFO - [2026-02-14T21:16:48.221+0000] {dag.py:3823} INFO - Setting next_dagrun for minutely_dag to 2026-02-14 21:15:00+00:00, run_after=2026-02-14 21:16:00+00:00
[2026-02-14T21:16:48.257+0000] {processor.py:183} INFO - Processing /opt/airflow/dags/cron_dag.py took 0.147 seconds
[2026-02-14T21:17:18.364+0000] {processor.py:161} INFO - Started process (PID=13648) to work on /opt/airflow/dags/cron_dag.py
[2026-02-14T21:17:18.366+0000] {processor.py:830} INFO - Processing file /opt/airflow/dags/cron_dag.py for tasks to queue
[2026-02-14T21:17:18.368+0000] {logging_mixin.py:188} INFO - [2026-02-14T21:17:18.368+0000] {dagbag.py:538} INFO - Filling up the DagBag from /opt/airflow/dags/cron_dag.py
[2026-02-14T21:17:18.379+0000] {processor.py:840} INFO - DAG(s) 'minutely_dag' retrieved from /opt/airflow/dags/cron_dag.py
[2026-02-14T21:17:18.407+0000] {logging_mixin.py:188} INFO - [2026-02-14T21:17:18.406+0000] {dag.py:3036} INFO - Sync 1 DAGs
[2026-02-14T21:17:18.444+0000] {logging_mixin.py:188} INFO - [2026-02-14T21:17:18.444+0000] {dag.py:3823} INFO - Setting next_dagrun for minutely_dag to 2026-02-14 21:16:00+00:00, run_after=2026-02-14 21:17:00+00:00
[2026-02-14T21:17:18.470+0000] {processor.py:183} INFO - Processing /opt/airflow/dags/cron_dag.py took 0.111 seconds
[2026-02-14T21:17:48.680+0000] {processor.py:161} INFO - Started process (PID=13731) to work on /opt/airflow/dags/cron_dag.py
[2026-02-14T21:17:48.682+0000] {processor.py:830} INFO - Processing file /opt/airflow/dags/cron_dag.py for tasks to queue
[2026-02-14T21:17:48.684+0000] {logging_mixin.py:188} INFO - [2026-02-14T21:17:48.684+0000] {dagbag.py:538} INFO - Filling up the DagBag from /opt/airflow/dags/cron_dag.py
[2026-02-14T21:17:48.696+0000] {processor.py:840} INFO - DAG(s) 'minutely_dag' retrieved from /opt/airflow/dags/cron_dag.py
[2026-02-14T21:17:48.730+0000] {logging_mixin.py:188} INFO - [2026-02-14T21:17:48.729+0000] {dag.py:3036} INFO - Sync 1 DAGs
[2026-02-14T21:17:48.778+0000] {logging_mixin.py:188} INFO - [2026-02-14T21:17:48.778+0000] {dag.py:3823} INFO - Setting next_dagrun for minutely_dag to 2026-02-14 21:16:00+00:00, run_after=2026-02-14 21:17:00+00:00
[2026-02-14T21:17:48.807+0000] {processor.py:183} INFO - Processing /opt/airflow/dags/cron_dag.py took 0.131 seconds
[2026-02-14T21:18:19.233+0000] {processor.py:161} INFO - Started process (PID=13814) to work on /opt/airflow/dags/cron_dag.py
[2026-02-14T21:18:19.235+0000] {processor.py:830} INFO - Processing file /opt/airflow/dags/cron_dag.py for tasks to queue
[2026-02-14T21:18:19.237+0000] {logging_mixin.py:188} INFO - [2026-02-14T21:18:19.236+0000] {dagbag.py:538} INFO - Filling up the DagBag from /opt/airflow/dags/cron_dag.py
[2026-02-14T21:18:19.247+0000] {processor.py:840} INFO - DAG(s) 'minutely_dag' retrieved from /opt/airflow/dags/cron_dag.py
[2026-02-14T21:18:19.278+0000] {logging_mixin.py:188} INFO - [2026-02-14T21:18:19.278+0000] {dag.py:3036} INFO - Sync 1 DAGs
[2026-02-14T21:18:19.326+0000] {logging_mixin.py:188} INFO - [2026-02-14T21:18:19.325+0000] {dag.py:3823} INFO - Setting next_dagrun for minutely_dag to 2026-02-14 21:17:00+00:00, run_after=2026-02-14 21:18:00+00:00
[2026-02-14T21:18:19.363+0000] {processor.py:183} INFO - Processing /opt/airflow/dags/cron_dag.py took 0.135 seconds
[2026-02-14T21:18:49.828+0000] {processor.py:161} INFO - Started process (PID=13897) to work on /opt/airflow/dags/cron_dag.py
[2026-02-14T21:18:49.830+0000] {processor.py:830} INFO - Processing file /opt/airflow/dags/cron_dag.py for tasks to queue
[2026-02-14T21:18:49.833+0000] {logging_mixin.py:188} INFO - [2026-02-14T21:18:49.833+0000] {dagbag.py:538} INFO - Filling up the DagBag from /opt/airflow/dags/cron_dag.py
[2026-02-14T21:18:49.844+0000] {processor.py:840} INFO - DAG(s) 'minutely_dag' retrieved from /opt/airflow/dags/cron_dag.py
[2026-02-14T21:18:49.875+0000] {logging_mixin.py:188} INFO - [2026-02-14T21:18:49.874+0000] {dag.py:3036} INFO - Sync 1 DAGs
[2026-02-14T21:18:49.919+0000] {logging_mixin.py:188} INFO - [2026-02-14T21:18:49.918+0000] {dag.py:3823} INFO - Setting next_dagrun for minutely_dag to 2026-02-14 21:17:00+00:00, run_after=2026-02-14 21:18:00+00:00
[2026-02-14T21:18:49.946+0000] {processor.py:183} INFO - Processing /opt/airflow/dags/cron_dag.py took 0.122 seconds
[2026-02-14T21:19:20.083+0000] {processor.py:161} INFO - Started process (PID=13980) to work on /opt/airflow/dags/cron_dag.py
[2026-02-14T21:19:20.088+0000] {processor.py:830} INFO - Processing file /opt/airflow/dags/cron_dag.py for tasks to queue
[2026-02-14T21:19:20.095+0000] {logging_mixin.py:188} INFO - [2026-02-14T21:19:20.095+0000] {dagbag.py:538} INFO - Filling up the DagBag from /opt/airflow/dags/cron_dag.py
[2026-02-14T21:19:20.108+0000] {processor.py:840} INFO - DAG(s) 'minutely_dag' retrieved from /opt/airflow/dags/cron_dag.py
[2026-02-14T21:19:20.150+0000] {logging_mixin.py:188} INFO - [2026-02-14T21:19:20.149+0000] {dag.py:3036} INFO - Sync 1 DAGs
[2026-02-14T21:19:20.200+0000] {logging_mixin.py:188} INFO - [2026-02-14T21:19:20.199+0000] {dag.py:3823} INFO - Setting next_dagrun for minutely_dag to 2026-02-14 21:18:00+00:00, run_after=2026-02-14 21:19:00+00:00
[2026-02-14T21:19:20.237+0000] {processor.py:183} INFO - Processing /opt/airflow/dags/cron_dag.py took 0.159 seconds
[2026-02-14T21:19:50.553+0000] {processor.py:161} INFO - Started process (PID=14064) to work on /opt/airflow/dags/cron_dag.py
[2026-02-14T21:19:50.554+0000] {processor.py:830} INFO - Processing file /opt/airflow/dags/cron_dag.py for tasks to queue
[2026-02-14T21:19:50.558+0000] {logging_mixin.py:188} INFO - [2026-02-14T21:19:50.558+0000] {dagbag.py:538} INFO - Filling up the DagBag from /opt/airflow/dags/cron_dag.py
[2026-02-14T21:19:50.570+0000] {processor.py:840} INFO - DAG(s) 'minutely_dag' retrieved from /opt/airflow/dags/cron_dag.py
[2026-02-14T21:19:50.618+0000] {logging_mixin.py:188} INFO - [2026-02-14T21:19:50.617+0000] {dag.py:3036} INFO - Sync 1 DAGs
[2026-02-14T21:19:50.666+0000] {logging_mixin.py:188} INFO - [2026-02-14T21:19:50.666+0000] {dag.py:3823} INFO - Setting next_dagrun for minutely_dag to 2026-02-14 21:18:00+00:00, run_after=2026-02-14 21:19:00+00:00
[2026-02-14T21:19:50.697+0000] {processor.py:183} INFO - Processing /opt/airflow/dags/cron_dag.py took 0.151 seconds
[2026-02-14T21:20:20.876+0000] {processor.py:161} INFO - Started process (PID=14146) to work on /opt/airflow/dags/cron_dag.py
[2026-02-14T21:20:20.878+0000] {processor.py:830} INFO - Processing file /opt/airflow/dags/cron_dag.py for tasks to queue
[2026-02-14T21:20:20.882+0000] {logging_mixin.py:188} INFO - [2026-02-14T21:20:20.881+0000] {dagbag.py:538} INFO - Filling up the DagBag from /opt/airflow/dags/cron_dag.py
[2026-02-14T21:20:20.892+0000] {processor.py:840} INFO - DAG(s) 'minutely_dag' retrieved from /opt/airflow/dags/cron_dag.py
[2026-02-14T21:20:20.919+0000] {logging_mixin.py:188} INFO - [2026-02-14T21:20:20.919+0000] {dag.py:3036} INFO - Sync 1 DAGs
[2026-02-14T21:20:20.957+0000] {logging_mixin.py:188} INFO - [2026-02-14T21:20:20.956+0000] {dag.py:3823} INFO - Setting next_dagrun for minutely_dag to 2026-02-14 21:19:00+00:00, run_after=2026-02-14 21:20:00+00:00
[2026-02-14T21:20:20.986+0000] {processor.py:183} INFO - Processing /opt/airflow/dags/cron_dag.py took 0.114 seconds
[2026-02-14T21:20:51.135+0000] {processor.py:161} INFO - Started process (PID=14235) to work on /opt/airflow/dags/cron_dag.py
[2026-02-14T21:20:51.137+0000] {processor.py:830} INFO - Processing file /opt/airflow/dags/cron_dag.py for tasks to queue
[2026-02-14T21:20:51.139+0000] {logging_mixin.py:188} INFO - [2026-02-14T21:20:51.139+0000] {dagbag.py:538} INFO - Filling up the DagBag from /opt/airflow/dags/cron_dag.py
[2026-02-14T21:20:51.150+0000] {processor.py:840} INFO - DAG(s) 'minutely_dag' retrieved from /opt/airflow/dags/cron_dag.py
[2026-02-14T21:20:51.183+0000] {logging_mixin.py:188} INFO - [2026-02-14T21:20:51.183+0000] {dag.py:3036} INFO - Sync 1 DAGs
[2026-02-14T21:20:51.231+0000] {logging_mixin.py:188} INFO - [2026-02-14T21:20:51.231+0000] {dag.py:3823} INFO - Setting next_dagrun for minutely_dag to 2026-02-14 21:19:00+00:00, run_after=2026-02-14 21:20:00+00:00
[2026-02-14T21:20:51.261+0000] {processor.py:183} INFO - Processing /opt/airflow/dags/cron_dag.py took 0.131 seconds
[2026-02-14T21:21:21.908+0000] {processor.py:161} INFO - Started process (PID=14319) to work on /opt/airflow/dags/cron_dag.py
[2026-02-14T21:21:21.910+0000] {processor.py:830} INFO - Processing file /opt/airflow/dags/cron_dag.py for tasks to queue
[2026-02-14T21:21:21.913+0000] {logging_mixin.py:188} INFO - [2026-02-14T21:21:21.912+0000] {dagbag.py:538} INFO - Filling up the DagBag from /opt/airflow/dags/cron_dag.py
[2026-02-14T21:21:21.924+0000] {processor.py:840} INFO - DAG(s) 'minutely_dag' retrieved from /opt/airflow/dags/cron_dag.py
[2026-02-14T21:21:21.951+0000] {logging_mixin.py:188} INFO - [2026-02-14T21:21:21.951+0000] {dag.py:3036} INFO - Sync 1 DAGs
[2026-02-14T21:21:21.992+0000] {logging_mixin.py:188} INFO - [2026-02-14T21:21:21.992+0000] {dag.py:3823} INFO - Setting next_dagrun for minutely_dag to 2026-02-14 21:20:00+00:00, run_after=2026-02-14 21:21:00+00:00
[2026-02-14T21:21:22.028+0000] {processor.py:183} INFO - Processing /opt/airflow/dags/cron_dag.py took 0.125 seconds
[2026-02-14T21:21:52.284+0000] {processor.py:161} INFO - Started process (PID=14401) to work on /opt/airflow/dags/cron_dag.py
[2026-02-14T21:21:52.286+0000] {processor.py:830} INFO - Processing file /opt/airflow/dags/cron_dag.py for tasks to queue
[2026-02-14T21:21:52.289+0000] {logging_mixin.py:188} INFO - [2026-02-14T21:21:52.288+0000] {dagbag.py:538} INFO - Filling up the DagBag from /opt/airflow/dags/cron_dag.py
[2026-02-14T21:21:52.300+0000] {processor.py:840} INFO - DAG(s) 'minutely_dag' retrieved from /opt/airflow/dags/cron_dag.py
[2026-02-14T21:21:52.349+0000] {logging_mixin.py:188} INFO - [2026-02-14T21:21:52.348+0000] {dag.py:3036} INFO - Sync 1 DAGs
[2026-02-14T21:21:52.420+0000] {logging_mixin.py:188} INFO - [2026-02-14T21:21:52.420+0000] {dag.py:3823} INFO - Setting next_dagrun for minutely_dag to 2026-02-14 21:20:00+00:00, run_after=2026-02-14 21:21:00+00:00
[2026-02-14T21:21:52.463+0000] {processor.py:183} INFO - Processing /opt/airflow/dags/cron_dag.py took 0.183 seconds
[2026-02-14T21:22:22.614+0000] {processor.py:161} INFO - Started process (PID=14483) to work on /opt/airflow/dags/cron_dag.py
[2026-02-14T21:22:22.616+0000] {processor.py:830} INFO - Processing file /opt/airflow/dags/cron_dag.py for tasks to queue
[2026-02-14T21:22:22.618+0000] {logging_mixin.py:188} INFO - [2026-02-14T21:22:22.618+0000] {dagbag.py:538} INFO - Filling up the DagBag from /opt/airflow/dags/cron_dag.py
[2026-02-14T21:22:22.629+0000] {processor.py:840} INFO - DAG(s) 'minutely_dag' retrieved from /opt/airflow/dags/cron_dag.py
[2026-02-14T21:22:22.659+0000] {logging_mixin.py:188} INFO - [2026-02-14T21:22:22.659+0000] {dag.py:3036} INFO - Sync 1 DAGs
[2026-02-14T21:22:22.699+0000] {logging_mixin.py:188} INFO - [2026-02-14T21:22:22.699+0000] {dag.py:3823} INFO - Setting next_dagrun for minutely_dag to 2026-02-14 21:21:00+00:00, run_after=2026-02-14 21:22:00+00:00
[2026-02-14T21:22:22.728+0000] {processor.py:183} INFO - Processing /opt/airflow/dags/cron_dag.py took 0.119 seconds
[2026-02-14T21:22:52.809+0000] {processor.py:161} INFO - Started process (PID=14568) to work on /opt/airflow/dags/cron_dag.py
[2026-02-14T21:22:52.811+0000] {processor.py:830} INFO - Processing file /opt/airflow/dags/cron_dag.py for tasks to queue
[2026-02-14T21:22:52.814+0000] {logging_mixin.py:188} INFO - [2026-02-14T21:22:52.813+0000] {dagbag.py:538} INFO - Filling up the DagBag from /opt/airflow/dags/cron_dag.py
[2026-02-14T21:22:52.824+0000] {processor.py:840} INFO - DAG(s) 'minutely_dag' retrieved from /opt/airflow/dags/cron_dag.py
[2026-02-14T21:22:52.853+0000] {logging_mixin.py:188} INFO - [2026-02-14T21:22:52.852+0000] {dag.py:3036} INFO - Sync 1 DAGs
[2026-02-14T21:22:52.894+0000] {logging_mixin.py:188} INFO - [2026-02-14T21:22:52.894+0000] {dag.py:3823} INFO - Setting next_dagrun for minutely_dag to 2026-02-14 21:21:00+00:00, run_after=2026-02-14 21:22:00+00:00
[2026-02-14T21:22:52.923+0000] {processor.py:183} INFO - Processing /opt/airflow/dags/cron_dag.py took 0.119 seconds
[2026-02-14T21:23:23.027+0000] {processor.py:161} INFO - Started process (PID=14651) to work on /opt/airflow/dags/cron_dag.py
[2026-02-14T21:23:23.029+0000] {processor.py:830} INFO - Processing file /opt/airflow/dags/cron_dag.py for tasks to queue
[2026-02-14T21:23:23.032+0000] {logging_mixin.py:188} INFO - [2026-02-14T21:23:23.031+0000] {dagbag.py:538} INFO - Filling up the DagBag from /opt/airflow/dags/cron_dag.py
[2026-02-14T21:23:23.043+0000] {processor.py:840} INFO - DAG(s) 'minutely_dag' retrieved from /opt/airflow/dags/cron_dag.py
[2026-02-14T21:23:23.075+0000] {logging_mixin.py:188} INFO - [2026-02-14T21:23:23.075+0000] {dag.py:3036} INFO - Sync 1 DAGs
[2026-02-14T21:23:23.129+0000] {logging_mixin.py:188} INFO - [2026-02-14T21:23:23.129+0000] {dag.py:3823} INFO - Setting next_dagrun for minutely_dag to 2026-02-14 21:22:00+00:00, run_after=2026-02-14 21:23:00+00:00
[2026-02-14T21:23:23.168+0000] {processor.py:183} INFO - Processing /opt/airflow/dags/cron_dag.py took 0.146 seconds
[2026-02-14T21:23:53.787+0000] {processor.py:161} INFO - Started process (PID=14735) to work on /opt/airflow/dags/cron_dag.py
[2026-02-14T21:23:53.788+0000] {processor.py:830} INFO - Processing file /opt/airflow/dags/cron_dag.py for tasks to queue
[2026-02-14T21:23:53.791+0000] {logging_mixin.py:188} INFO - [2026-02-14T21:23:53.790+0000] {dagbag.py:538} INFO - Filling up the DagBag from /opt/airflow/dags/cron_dag.py
[2026-02-14T21:23:53.802+0000] {processor.py:840} INFO - DAG(s) 'minutely_dag' retrieved from /opt/airflow/dags/cron_dag.py
[2026-02-14T21:23:53.831+0000] {logging_mixin.py:188} INFO - [2026-02-14T21:23:53.831+0000] {dag.py:3036} INFO - Sync 1 DAGs
[2026-02-14T21:23:53.870+0000] {logging_mixin.py:188} INFO - [2026-02-14T21:23:53.869+0000] {dag.py:3823} INFO - Setting next_dagrun for minutely_dag to 2026-02-14 21:22:00+00:00, run_after=2026-02-14 21:23:00+00:00
[2026-02-14T21:23:53.899+0000] {processor.py:183} INFO - Processing /opt/airflow/dags/cron_dag.py took 0.117 seconds
[2026-02-14T21:24:24.372+0000] {processor.py:161} INFO - Started process (PID=14819) to work on /opt/airflow/dags/cron_dag.py
[2026-02-14T21:24:24.374+0000] {processor.py:830} INFO - Processing file /opt/airflow/dags/cron_dag.py for tasks to queue
[2026-02-14T21:24:24.377+0000] {logging_mixin.py:188} INFO - [2026-02-14T21:24:24.376+0000] {dagbag.py:538} INFO - Filling up the DagBag from /opt/airflow/dags/cron_dag.py
[2026-02-14T21:24:24.387+0000] {processor.py:840} INFO - DAG(s) 'minutely_dag' retrieved from /opt/airflow/dags/cron_dag.py
[2026-02-14T21:24:24.417+0000] {logging_mixin.py:188} INFO - [2026-02-14T21:24:24.417+0000] {dag.py:3036} INFO - Sync 1 DAGs
[2026-02-14T21:24:24.456+0000] {logging_mixin.py:188} INFO - [2026-02-14T21:24:24.455+0000] {dag.py:3823} INFO - Setting next_dagrun for minutely_dag to 2026-02-14 21:23:00+00:00, run_after=2026-02-14 21:24:00+00:00
[2026-02-14T21:24:24.484+0000] {processor.py:183} INFO - Processing /opt/airflow/dags/cron_dag.py took 0.117 seconds
[2026-02-14T21:24:54.650+0000] {processor.py:161} INFO - Started process (PID=14898) to work on /opt/airflow/dags/cron_dag.py
[2026-02-14T21:24:54.652+0000] {processor.py:830} INFO - Processing file /opt/airflow/dags/cron_dag.py for tasks to queue
[2026-02-14T21:24:54.656+0000] {logging_mixin.py:188} INFO - [2026-02-14T21:24:54.656+0000] {dagbag.py:538} INFO - Filling up the DagBag from /opt/airflow/dags/cron_dag.py
[2026-02-14T21:24:54.667+0000] {processor.py:840} INFO - DAG(s) 'minutely_dag' retrieved from /opt/airflow/dags/cron_dag.py
[2026-02-14T21:24:54.697+0000] {logging_mixin.py:188} INFO - [2026-02-14T21:24:54.697+0000] {dag.py:3036} INFO - Sync 1 DAGs
[2026-02-14T21:24:54.744+0000] {logging_mixin.py:188} INFO - [2026-02-14T21:24:54.744+0000] {dag.py:3823} INFO - Setting next_dagrun for minutely_dag to 2026-02-14 21:23:00+00:00, run_after=2026-02-14 21:24:00+00:00
[2026-02-14T21:24:54.775+0000] {processor.py:183} INFO - Processing /opt/airflow/dags/cron_dag.py took 0.130 seconds
[2026-02-14T21:25:25.549+0000] {processor.py:161} INFO - Started process (PID=14986) to work on /opt/airflow/dags/cron_dag.py
[2026-02-14T21:25:25.550+0000] {processor.py:830} INFO - Processing file /opt/airflow/dags/cron_dag.py for tasks to queue
[2026-02-14T21:25:25.554+0000] {logging_mixin.py:188} INFO - [2026-02-14T21:25:25.553+0000] {dagbag.py:538} INFO - Filling up the DagBag from /opt/airflow/dags/cron_dag.py
[2026-02-14T21:25:25.564+0000] {processor.py:840} INFO - DAG(s) 'minutely_dag' retrieved from /opt/airflow/dags/cron_dag.py
[2026-02-14T21:25:25.594+0000] {logging_mixin.py:188} INFO - [2026-02-14T21:25:25.594+0000] {dag.py:3036} INFO - Sync 1 DAGs
[2026-02-14T21:25:25.641+0000] {logging_mixin.py:188} INFO - [2026-02-14T21:25:25.640+0000] {dag.py:3823} INFO - Setting next_dagrun for minutely_dag to 2026-02-14 21:24:00+00:00, run_after=2026-02-14 21:25:00+00:00
[2026-02-14T21:25:25.678+0000] {processor.py:183} INFO - Processing /opt/airflow/dags/cron_dag.py took 0.135 seconds
[2026-02-14T21:25:56.206+0000] {processor.py:161} INFO - Started process (PID=15069) to work on /opt/airflow/dags/cron_dag.py
[2026-02-14T21:25:56.208+0000] {processor.py:830} INFO - Processing file /opt/airflow/dags/cron_dag.py for tasks to queue
[2026-02-14T21:25:56.211+0000] {logging_mixin.py:188} INFO - [2026-02-14T21:25:56.211+0000] {dagbag.py:538} INFO - Filling up the DagBag from /opt/airflow/dags/cron_dag.py
[2026-02-14T21:25:56.224+0000] {processor.py:840} INFO - DAG(s) 'minutely_dag' retrieved from /opt/airflow/dags/cron_dag.py
[2026-02-14T21:25:56.259+0000] {logging_mixin.py:188} INFO - [2026-02-14T21:25:56.259+0000] {dag.py:3036} INFO - Sync 1 DAGs
[2026-02-14T21:25:56.308+0000] {logging_mixin.py:188} INFO - [2026-02-14T21:25:56.307+0000] {dag.py:3823} INFO - Setting next_dagrun for minutely_dag to 2026-02-14 21:24:00+00:00, run_after=2026-02-14 21:25:00+00:00
[2026-02-14T21:25:56.342+0000] {processor.py:183} INFO - Processing /opt/airflow/dags/cron_dag.py took 0.142 seconds
[2026-02-14T21:26:26.767+0000] {processor.py:161} INFO - Started process (PID=15153) to work on /opt/airflow/dags/cron_dag.py
[2026-02-14T21:26:26.773+0000] {processor.py:830} INFO - Processing file /opt/airflow/dags/cron_dag.py for tasks to queue
[2026-02-14T21:26:26.780+0000] {logging_mixin.py:188} INFO - [2026-02-14T21:26:26.779+0000] {dagbag.py:538} INFO - Filling up the DagBag from /opt/airflow/dags/cron_dag.py
[2026-02-14T21:26:26.804+0000] {processor.py:840} INFO - DAG(s) 'minutely_dag' retrieved from /opt/airflow/dags/cron_dag.py
[2026-02-14T21:26:26.869+0000] {logging_mixin.py:188} INFO - [2026-02-14T21:26:26.868+0000] {dag.py:3036} INFO - Sync 1 DAGs
[2026-02-14T21:26:27.132+0000] {logging_mixin.py:188} INFO - [2026-02-14T21:26:27.131+0000] {dag.py:3823} INFO - Setting next_dagrun for minutely_dag to 2026-02-14 21:25:00+00:00, run_after=2026-02-14 21:26:00+00:00
[2026-02-14T21:26:27.165+0000] {processor.py:183} INFO - Processing /opt/airflow/dags/cron_dag.py took 0.418 seconds
[2026-02-14T21:26:57.484+0000] {processor.py:161} INFO - Started process (PID=15236) to work on /opt/airflow/dags/cron_dag.py
[2026-02-14T21:26:57.486+0000] {processor.py:830} INFO - Processing file /opt/airflow/dags/cron_dag.py for tasks to queue
[2026-02-14T21:26:57.490+0000] {logging_mixin.py:188} INFO - [2026-02-14T21:26:57.489+0000] {dagbag.py:538} INFO - Filling up the DagBag from /opt/airflow/dags/cron_dag.py
[2026-02-14T21:26:57.500+0000] {processor.py:840} INFO - DAG(s) 'minutely_dag' retrieved from /opt/airflow/dags/cron_dag.py
[2026-02-14T21:26:57.530+0000] {logging_mixin.py:188} INFO - [2026-02-14T21:26:57.529+0000] {dag.py:3036} INFO - Sync 1 DAGs
[2026-02-14T21:26:57.571+0000] {logging_mixin.py:188} INFO - [2026-02-14T21:26:57.571+0000] {dag.py:3823} INFO - Setting next_dagrun for minutely_dag to 2026-02-14 21:25:00+00:00, run_after=2026-02-14 21:26:00+00:00
[2026-02-14T21:26:57.766+0000] {processor.py:183} INFO - Processing /opt/airflow/dags/cron_dag.py took 0.287 seconds
[2026-02-14T21:27:28.388+0000] {processor.py:161} INFO - Started process (PID=15321) to work on /opt/airflow/dags/cron_dag.py
[2026-02-14T21:27:28.389+0000] {processor.py:830} INFO - Processing file /opt/airflow/dags/cron_dag.py for tasks to queue
[2026-02-14T21:27:28.392+0000] {logging_mixin.py:188} INFO - [2026-02-14T21:27:28.392+0000] {dagbag.py:538} INFO - Filling up the DagBag from /opt/airflow/dags/cron_dag.py
[2026-02-14T21:27:28.403+0000] {processor.py:840} INFO - DAG(s) 'minutely_dag' retrieved from /opt/airflow/dags/cron_dag.py
[2026-02-14T21:27:28.431+0000] {logging_mixin.py:188} INFO - [2026-02-14T21:27:28.431+0000] {dag.py:3036} INFO - Sync 1 DAGs
[2026-02-14T21:27:28.472+0000] {logging_mixin.py:188} INFO - [2026-02-14T21:27:28.472+0000] {dag.py:3823} INFO - Setting next_dagrun for minutely_dag to 2026-02-14 21:26:00+00:00, run_after=2026-02-14 21:27:00+00:00
[2026-02-14T21:27:28.508+0000] {processor.py:183} INFO - Processing /opt/airflow/dags/cron_dag.py took 0.125 seconds
[2026-02-14T21:27:58.567+0000] {processor.py:161} INFO - Started process (PID=15405) to work on /opt/airflow/dags/cron_dag.py
[2026-02-14T21:27:58.570+0000] {processor.py:830} INFO - Processing file /opt/airflow/dags/cron_dag.py for tasks to queue
[2026-02-14T21:27:58.576+0000] {logging_mixin.py:188} INFO - [2026-02-14T21:27:58.575+0000] {dagbag.py:538} INFO - Filling up the DagBag from /opt/airflow/dags/cron_dag.py
[2026-02-14T21:27:58.587+0000] {processor.py:840} INFO - DAG(s) 'minutely_dag' retrieved from /opt/airflow/dags/cron_dag.py
[2026-02-14T21:27:58.616+0000] {logging_mixin.py:188} INFO - [2026-02-14T21:27:58.615+0000] {dag.py:3036} INFO - Sync 1 DAGs
[2026-02-14T21:27:58.654+0000] {logging_mixin.py:188} INFO - [2026-02-14T21:27:58.653+0000] {dag.py:3823} INFO - Setting next_dagrun for minutely_dag to 2026-02-14 21:26:00+00:00, run_after=2026-02-14 21:27:00+00:00
[2026-02-14T21:27:58.689+0000] {processor.py:183} INFO - Processing /opt/airflow/dags/cron_dag.py took 0.126 seconds
[2026-02-14T21:28:28.832+0000] {processor.py:161} INFO - Started process (PID=15488) to work on /opt/airflow/dags/cron_dag.py
[2026-02-14T21:28:28.837+0000] {processor.py:830} INFO - Processing file /opt/airflow/dags/cron_dag.py for tasks to queue
[2026-02-14T21:28:28.841+0000] {logging_mixin.py:188} INFO - [2026-02-14T21:28:28.841+0000] {dagbag.py:538} INFO - Filling up the DagBag from /opt/airflow/dags/cron_dag.py
[2026-02-14T21:28:28.857+0000] {processor.py:840} INFO - DAG(s) 'minutely_dag' retrieved from /opt/airflow/dags/cron_dag.py
[2026-02-14T21:28:28.904+0000] {logging_mixin.py:188} INFO - [2026-02-14T21:28:28.904+0000] {dag.py:3036} INFO - Sync 1 DAGs
[2026-02-14T21:28:28.953+0000] {logging_mixin.py:188} INFO - [2026-02-14T21:28:28.952+0000] {dag.py:3823} INFO - Setting next_dagrun for minutely_dag to 2026-02-14 21:27:00+00:00, run_after=2026-02-14 21:28:00+00:00
[2026-02-14T21:28:28.985+0000] {processor.py:183} INFO - Processing /opt/airflow/dags/cron_dag.py took 0.159 seconds
[2026-02-14T21:28:59.488+0000] {processor.py:161} INFO - Started process (PID=15571) to work on /opt/airflow/dags/cron_dag.py
[2026-02-14T21:28:59.490+0000] {processor.py:830} INFO - Processing file /opt/airflow/dags/cron_dag.py for tasks to queue
[2026-02-14T21:28:59.494+0000] {logging_mixin.py:188} INFO - [2026-02-14T21:28:59.493+0000] {dagbag.py:538} INFO - Filling up the DagBag from /opt/airflow/dags/cron_dag.py
[2026-02-14T21:28:59.507+0000] {processor.py:840} INFO - DAG(s) 'minutely_dag' retrieved from /opt/airflow/dags/cron_dag.py
[2026-02-14T21:28:59.550+0000] {logging_mixin.py:188} INFO - [2026-02-14T21:28:59.550+0000] {dag.py:3036} INFO - Sync 1 DAGs
[2026-02-14T21:28:59.599+0000] {logging_mixin.py:188} INFO - [2026-02-14T21:28:59.599+0000] {dag.py:3823} INFO - Setting next_dagrun for minutely_dag to 2026-02-14 21:27:00+00:00, run_after=2026-02-14 21:28:00+00:00
[2026-02-14T21:28:59.633+0000] {processor.py:183} INFO - Processing /opt/airflow/dags/cron_dag.py took 0.157 seconds
[2026-02-14T21:29:29.799+0000] {processor.py:161} INFO - Started process (PID=15655) to work on /opt/airflow/dags/cron_dag.py
[2026-02-14T21:29:29.800+0000] {processor.py:830} INFO - Processing file /opt/airflow/dags/cron_dag.py for tasks to queue
[2026-02-14T21:29:29.804+0000] {logging_mixin.py:188} INFO - [2026-02-14T21:29:29.803+0000] {dagbag.py:538} INFO - Filling up the DagBag from /opt/airflow/dags/cron_dag.py
[2026-02-14T21:29:29.821+0000] {processor.py:840} INFO - DAG(s) 'minutely_dag' retrieved from /opt/airflow/dags/cron_dag.py
[2026-02-14T21:29:29.851+0000] {logging_mixin.py:188} INFO - [2026-02-14T21:29:29.850+0000] {dag.py:3036} INFO - Sync 1 DAGs
[2026-02-14T21:29:29.896+0000] {logging_mixin.py:188} INFO - [2026-02-14T21:29:29.896+0000] {dag.py:3823} INFO - Setting next_dagrun for minutely_dag to 2026-02-14 21:28:00+00:00, run_after=2026-02-14 21:29:00+00:00
[2026-02-14T21:29:29.937+0000] {processor.py:183} INFO - Processing /opt/airflow/dags/cron_dag.py took 0.144 seconds
[2026-02-14T21:30:00.318+0000] {processor.py:161} INFO - Started process (PID=15738) to work on /opt/airflow/dags/cron_dag.py
[2026-02-14T21:30:00.321+0000] {processor.py:830} INFO - Processing file /opt/airflow/dags/cron_dag.py for tasks to queue
[2026-02-14T21:30:00.324+0000] {logging_mixin.py:188} INFO - [2026-02-14T21:30:00.324+0000] {dagbag.py:538} INFO - Filling up the DagBag from /opt/airflow/dags/cron_dag.py
[2026-02-14T21:30:00.345+0000] {processor.py:840} INFO - DAG(s) 'minutely_dag' retrieved from /opt/airflow/dags/cron_dag.py
[2026-02-14T21:30:00.376+0000] {logging_mixin.py:188} INFO - [2026-02-14T21:30:00.376+0000] {dag.py:3036} INFO - Sync 1 DAGs
[2026-02-14T21:30:00.415+0000] {logging_mixin.py:188} INFO - [2026-02-14T21:30:00.415+0000] {dag.py:3823} INFO - Setting next_dagrun for minutely_dag to 2026-02-14 21:29:00+00:00, run_after=2026-02-14 21:30:00+00:00
[2026-02-14T21:30:00.447+0000] {processor.py:183} INFO - Processing /opt/airflow/dags/cron_dag.py took 0.140 seconds
[2026-02-14T21:30:30.655+0000] {processor.py:161} INFO - Started process (PID=15821) to work on /opt/airflow/dags/cron_dag.py
[2026-02-14T21:30:30.656+0000] {processor.py:830} INFO - Processing file /opt/airflow/dags/cron_dag.py for tasks to queue
[2026-02-14T21:30:30.660+0000] {logging_mixin.py:188} INFO - [2026-02-14T21:30:30.659+0000] {dagbag.py:538} INFO - Filling up the DagBag from /opt/airflow/dags/cron_dag.py
[2026-02-14T21:30:30.670+0000] {processor.py:840} INFO - DAG(s) 'minutely_dag' retrieved from /opt/airflow/dags/cron_dag.py
[2026-02-14T21:30:30.699+0000] {logging_mixin.py:188} INFO - [2026-02-14T21:30:30.699+0000] {dag.py:3036} INFO - Sync 1 DAGs
[2026-02-14T21:30:30.742+0000] {logging_mixin.py:188} INFO - [2026-02-14T21:30:30.742+0000] {dag.py:3823} INFO - Setting next_dagrun for minutely_dag to 2026-02-14 21:29:00+00:00, run_after=2026-02-14 21:30:00+00:00
[2026-02-14T21:30:30.776+0000] {processor.py:183} INFO - Processing /opt/airflow/dags/cron_dag.py took 0.127 seconds
[2026-02-14T21:31:01.126+0000] {processor.py:161} INFO - Started process (PID=15903) to work on /opt/airflow/dags/cron_dag.py
[2026-02-14T21:31:01.128+0000] {processor.py:830} INFO - Processing file /opt/airflow/dags/cron_dag.py for tasks to queue
[2026-02-14T21:31:01.132+0000] {logging_mixin.py:188} INFO - [2026-02-14T21:31:01.131+0000] {dagbag.py:538} INFO - Filling up the DagBag from /opt/airflow/dags/cron_dag.py
[2026-02-14T21:31:01.143+0000] {processor.py:840} INFO - DAG(s) 'minutely_dag' retrieved from /opt/airflow/dags/cron_dag.py
[2026-02-14T21:31:01.175+0000] {logging_mixin.py:188} INFO - [2026-02-14T21:31:01.175+0000] {dag.py:3036} INFO - Sync 1 DAGs
[2026-02-14T21:31:01.226+0000] {logging_mixin.py:188} INFO - [2026-02-14T21:31:01.226+0000] {dag.py:3823} INFO - Setting next_dagrun for minutely_dag to 2026-02-14 21:30:00+00:00, run_after=2026-02-14 21:31:00+00:00
[2026-02-14T21:31:01.265+0000] {processor.py:183} INFO - Processing /opt/airflow/dags/cron_dag.py took 0.148 seconds
