[2026-02-14T19:54:55.254+0000] {processor.py:161} INFO - Started process (PID=68) to work on /opt/airflow/dags/my_second_dag.py
[2026-02-14T19:54:55.256+0000] {processor.py:830} INFO - Processing file /opt/airflow/dags/my_second_dag.py for tasks to queue
[2026-02-14T19:54:55.259+0000] {logging_mixin.py:188} INFO - [2026-02-14T19:54:55.258+0000] {dagbag.py:538} INFO - Filling up the DagBag from /opt/airflow/dags/my_second_dag.py
[2026-02-14T19:54:55.283+0000] {processor.py:840} INFO - DAG(s) 'my_dag_of_the_morning' retrieved from /opt/airflow/dags/my_second_dag.py
[2026-02-14T19:54:55.619+0000] {logging_mixin.py:188} INFO - [2026-02-14T19:54:55.619+0000] {dag.py:3036} INFO - Sync 1 DAGs
[2026-02-14T19:54:55.642+0000] {logging_mixin.py:188} INFO - [2026-02-14T19:54:55.641+0000] {dag.py:3823} INFO - Setting next_dagrun for my_dag_of_the_morning to None, run_after=None
[2026-02-14T19:54:55.675+0000] {processor.py:183} INFO - Processing /opt/airflow/dags/my_second_dag.py took 0.427 seconds
[2026-02-14T19:55:26.584+0000] {processor.py:161} INFO - Started process (PID=151) to work on /opt/airflow/dags/my_second_dag.py
[2026-02-14T19:55:26.586+0000] {processor.py:830} INFO - Processing file /opt/airflow/dags/my_second_dag.py for tasks to queue
[2026-02-14T19:55:26.589+0000] {logging_mixin.py:188} INFO - [2026-02-14T19:55:26.588+0000] {dagbag.py:538} INFO - Filling up the DagBag from /opt/airflow/dags/my_second_dag.py
[2026-02-14T19:55:26.600+0000] {processor.py:840} INFO - DAG(s) 'my_dag_of_the_morning' retrieved from /opt/airflow/dags/my_second_dag.py
[2026-02-14T19:55:26.642+0000] {logging_mixin.py:188} INFO - [2026-02-14T19:55:26.642+0000] {dag.py:3036} INFO - Sync 1 DAGs
[2026-02-14T19:55:26.668+0000] {logging_mixin.py:188} INFO - [2026-02-14T19:55:26.668+0000] {dag.py:3823} INFO - Setting next_dagrun for my_dag_of_the_morning to None, run_after=None
[2026-02-14T19:55:26.703+0000] {processor.py:183} INFO - Processing /opt/airflow/dags/my_second_dag.py took 0.124 seconds
[2026-02-14T19:55:56.828+0000] {processor.py:161} INFO - Started process (PID=235) to work on /opt/airflow/dags/my_second_dag.py
[2026-02-14T19:55:56.830+0000] {processor.py:830} INFO - Processing file /opt/airflow/dags/my_second_dag.py for tasks to queue
[2026-02-14T19:55:56.832+0000] {logging_mixin.py:188} INFO - [2026-02-14T19:55:56.832+0000] {dagbag.py:538} INFO - Filling up the DagBag from /opt/airflow/dags/my_second_dag.py
[2026-02-14T19:55:56.843+0000] {processor.py:840} INFO - DAG(s) 'my_dag_of_the_morning' retrieved from /opt/airflow/dags/my_second_dag.py
[2026-02-14T19:55:56.894+0000] {logging_mixin.py:188} INFO - [2026-02-14T19:55:56.893+0000] {dag.py:3036} INFO - Sync 1 DAGs
[2026-02-14T19:55:56.914+0000] {logging_mixin.py:188} INFO - [2026-02-14T19:55:56.914+0000] {dag.py:3823} INFO - Setting next_dagrun for my_dag_of_the_morning to None, run_after=None
[2026-02-14T19:55:56.942+0000] {processor.py:183} INFO - Processing /opt/airflow/dags/my_second_dag.py took 0.119 seconds
[2026-02-14T19:56:26.982+0000] {processor.py:161} INFO - Started process (PID=318) to work on /opt/airflow/dags/my_second_dag.py
[2026-02-14T19:56:26.983+0000] {processor.py:830} INFO - Processing file /opt/airflow/dags/my_second_dag.py for tasks to queue
[2026-02-14T19:56:26.986+0000] {logging_mixin.py:188} INFO - [2026-02-14T19:56:26.986+0000] {dagbag.py:538} INFO - Filling up the DagBag from /opt/airflow/dags/my_second_dag.py
[2026-02-14T19:56:26.995+0000] {processor.py:840} INFO - DAG(s) 'my_dag_of_the_morning' retrieved from /opt/airflow/dags/my_second_dag.py
[2026-02-14T19:56:27.024+0000] {logging_mixin.py:188} INFO - [2026-02-14T19:56:27.024+0000] {dag.py:3036} INFO - Sync 1 DAGs
[2026-02-14T19:56:27.043+0000] {logging_mixin.py:188} INFO - [2026-02-14T19:56:27.042+0000] {dag.py:3823} INFO - Setting next_dagrun for my_dag_of_the_morning to None, run_after=None
[2026-02-14T19:56:27.068+0000] {processor.py:183} INFO - Processing /opt/airflow/dags/my_second_dag.py took 0.091 seconds
[2026-02-14T19:56:57.765+0000] {processor.py:161} INFO - Started process (PID=401) to work on /opt/airflow/dags/my_second_dag.py
[2026-02-14T19:56:57.766+0000] {processor.py:830} INFO - Processing file /opt/airflow/dags/my_second_dag.py for tasks to queue
[2026-02-14T19:56:57.769+0000] {logging_mixin.py:188} INFO - [2026-02-14T19:56:57.769+0000] {dagbag.py:538} INFO - Filling up the DagBag from /opt/airflow/dags/my_second_dag.py
[2026-02-14T19:56:57.780+0000] {processor.py:840} INFO - DAG(s) 'my_dag_of_the_morning' retrieved from /opt/airflow/dags/my_second_dag.py
[2026-02-14T19:56:57.816+0000] {logging_mixin.py:188} INFO - [2026-02-14T19:56:57.816+0000] {dag.py:3036} INFO - Sync 1 DAGs
[2026-02-14T19:56:57.840+0000] {logging_mixin.py:188} INFO - [2026-02-14T19:56:57.840+0000] {dag.py:3823} INFO - Setting next_dagrun for my_dag_of_the_morning to None, run_after=None
[2026-02-14T19:56:57.879+0000] {processor.py:183} INFO - Processing /opt/airflow/dags/my_second_dag.py took 0.119 seconds
[2026-02-14T19:57:28.112+0000] {processor.py:161} INFO - Started process (PID=483) to work on /opt/airflow/dags/my_second_dag.py
[2026-02-14T19:57:28.114+0000] {processor.py:830} INFO - Processing file /opt/airflow/dags/my_second_dag.py for tasks to queue
[2026-02-14T19:57:28.116+0000] {logging_mixin.py:188} INFO - [2026-02-14T19:57:28.116+0000] {dagbag.py:538} INFO - Filling up the DagBag from /opt/airflow/dags/my_second_dag.py
[2026-02-14T19:57:28.127+0000] {processor.py:840} INFO - DAG(s) 'my_dag_of_the_morning' retrieved from /opt/airflow/dags/my_second_dag.py
[2026-02-14T19:57:28.161+0000] {logging_mixin.py:188} INFO - [2026-02-14T19:57:28.160+0000] {dag.py:3036} INFO - Sync 1 DAGs
[2026-02-14T19:57:28.180+0000] {logging_mixin.py:188} INFO - [2026-02-14T19:57:28.180+0000] {dag.py:3823} INFO - Setting next_dagrun for my_dag_of_the_morning to None, run_after=None
[2026-02-14T19:57:28.210+0000] {processor.py:183} INFO - Processing /opt/airflow/dags/my_second_dag.py took 0.103 seconds
[2026-02-14T19:57:58.813+0000] {processor.py:161} INFO - Started process (PID=566) to work on /opt/airflow/dags/my_second_dag.py
[2026-02-14T19:57:58.815+0000] {processor.py:830} INFO - Processing file /opt/airflow/dags/my_second_dag.py for tasks to queue
[2026-02-14T19:57:58.818+0000] {logging_mixin.py:188} INFO - [2026-02-14T19:57:58.817+0000] {dagbag.py:538} INFO - Filling up the DagBag from /opt/airflow/dags/my_second_dag.py
[2026-02-14T19:57:58.829+0000] {processor.py:840} INFO - DAG(s) 'my_dag_of_the_morning' retrieved from /opt/airflow/dags/my_second_dag.py
[2026-02-14T19:57:58.861+0000] {logging_mixin.py:188} INFO - [2026-02-14T19:57:58.861+0000] {dag.py:3036} INFO - Sync 1 DAGs
[2026-02-14T19:57:58.880+0000] {logging_mixin.py:188} INFO - [2026-02-14T19:57:58.880+0000] {dag.py:3823} INFO - Setting next_dagrun for my_dag_of_the_morning to None, run_after=None
[2026-02-14T19:57:58.912+0000] {processor.py:183} INFO - Processing /opt/airflow/dags/my_second_dag.py took 0.103 seconds
[2026-02-14T19:58:29.624+0000] {processor.py:161} INFO - Started process (PID=656) to work on /opt/airflow/dags/my_second_dag.py
[2026-02-14T19:58:29.626+0000] {processor.py:830} INFO - Processing file /opt/airflow/dags/my_second_dag.py for tasks to queue
[2026-02-14T19:58:29.630+0000] {logging_mixin.py:188} INFO - [2026-02-14T19:58:29.629+0000] {dagbag.py:538} INFO - Filling up the DagBag from /opt/airflow/dags/my_second_dag.py
[2026-02-14T19:58:29.652+0000] {processor.py:840} INFO - DAG(s) 'my_dag_of_the_morning' retrieved from /opt/airflow/dags/my_second_dag.py
[2026-02-14T19:58:29.723+0000] {logging_mixin.py:188} INFO - [2026-02-14T19:58:29.722+0000] {dag.py:3036} INFO - Sync 1 DAGs
[2026-02-14T19:58:29.752+0000] {logging_mixin.py:188} INFO - [2026-02-14T19:58:29.751+0000] {dag.py:3823} INFO - Setting next_dagrun for my_dag_of_the_morning to None, run_after=None
[2026-02-14T19:58:29.788+0000] {processor.py:183} INFO - Processing /opt/airflow/dags/my_second_dag.py took 0.169 seconds
[2026-02-14T19:59:00.378+0000] {processor.py:161} INFO - Started process (PID=740) to work on /opt/airflow/dags/my_second_dag.py
[2026-02-14T19:59:00.380+0000] {processor.py:830} INFO - Processing file /opt/airflow/dags/my_second_dag.py for tasks to queue
[2026-02-14T19:59:00.384+0000] {logging_mixin.py:188} INFO - [2026-02-14T19:59:00.383+0000] {dagbag.py:538} INFO - Filling up the DagBag from /opt/airflow/dags/my_second_dag.py
[2026-02-14T19:59:00.394+0000] {processor.py:840} INFO - DAG(s) 'my_dag_of_the_morning' retrieved from /opt/airflow/dags/my_second_dag.py
[2026-02-14T19:59:00.428+0000] {logging_mixin.py:188} INFO - [2026-02-14T19:59:00.428+0000] {dag.py:3036} INFO - Sync 1 DAGs
[2026-02-14T19:59:00.449+0000] {logging_mixin.py:188} INFO - [2026-02-14T19:59:00.448+0000] {dag.py:3823} INFO - Setting next_dagrun for my_dag_of_the_morning to None, run_after=None
[2026-02-14T19:59:00.479+0000] {processor.py:183} INFO - Processing /opt/airflow/dags/my_second_dag.py took 0.107 seconds
[2026-02-14T19:59:30.661+0000] {processor.py:161} INFO - Started process (PID=823) to work on /opt/airflow/dags/my_second_dag.py
[2026-02-14T19:59:30.663+0000] {processor.py:830} INFO - Processing file /opt/airflow/dags/my_second_dag.py for tasks to queue
[2026-02-14T19:59:30.666+0000] {logging_mixin.py:188} INFO - [2026-02-14T19:59:30.665+0000] {dagbag.py:538} INFO - Filling up the DagBag from /opt/airflow/dags/my_second_dag.py
[2026-02-14T19:59:30.677+0000] {processor.py:840} INFO - DAG(s) 'my_dag_of_the_morning' retrieved from /opt/airflow/dags/my_second_dag.py
[2026-02-14T19:59:30.718+0000] {logging_mixin.py:188} INFO - [2026-02-14T19:59:30.717+0000] {dag.py:3036} INFO - Sync 1 DAGs
[2026-02-14T19:59:30.739+0000] {logging_mixin.py:188} INFO - [2026-02-14T19:59:30.738+0000] {dag.py:3823} INFO - Setting next_dagrun for my_dag_of_the_morning to None, run_after=None
[2026-02-14T19:59:30.773+0000] {processor.py:183} INFO - Processing /opt/airflow/dags/my_second_dag.py took 0.117 seconds
[2026-02-14T20:00:00.910+0000] {processor.py:161} INFO - Started process (PID=907) to work on /opt/airflow/dags/my_second_dag.py
[2026-02-14T20:00:00.912+0000] {processor.py:830} INFO - Processing file /opt/airflow/dags/my_second_dag.py for tasks to queue
[2026-02-14T20:00:00.915+0000] {logging_mixin.py:188} INFO - [2026-02-14T20:00:00.915+0000] {dagbag.py:538} INFO - Filling up the DagBag from /opt/airflow/dags/my_second_dag.py
[2026-02-14T20:00:00.925+0000] {processor.py:840} INFO - DAG(s) 'my_dag_of_the_morning' retrieved from /opt/airflow/dags/my_second_dag.py
[2026-02-14T20:00:00.958+0000] {logging_mixin.py:188} INFO - [2026-02-14T20:00:00.958+0000] {dag.py:3036} INFO - Sync 1 DAGs
[2026-02-14T20:00:00.983+0000] {logging_mixin.py:188} INFO - [2026-02-14T20:00:00.983+0000] {dag.py:3823} INFO - Setting next_dagrun for my_dag_of_the_morning to None, run_after=None
[2026-02-14T20:00:01.021+0000] {processor.py:183} INFO - Processing /opt/airflow/dags/my_second_dag.py took 0.118 seconds
[2026-02-14T20:00:31.290+0000] {processor.py:161} INFO - Started process (PID=990) to work on /opt/airflow/dags/my_second_dag.py
[2026-02-14T20:00:31.292+0000] {processor.py:830} INFO - Processing file /opt/airflow/dags/my_second_dag.py for tasks to queue
[2026-02-14T20:00:31.295+0000] {logging_mixin.py:188} INFO - [2026-02-14T20:00:31.295+0000] {dagbag.py:538} INFO - Filling up the DagBag from /opt/airflow/dags/my_second_dag.py
[2026-02-14T20:00:31.305+0000] {processor.py:840} INFO - DAG(s) 'my_dag_of_the_morning' retrieved from /opt/airflow/dags/my_second_dag.py
[2026-02-14T20:00:31.342+0000] {logging_mixin.py:188} INFO - [2026-02-14T20:00:31.341+0000] {dag.py:3036} INFO - Sync 1 DAGs
[2026-02-14T20:00:31.361+0000] {logging_mixin.py:188} INFO - [2026-02-14T20:00:31.361+0000] {dag.py:3823} INFO - Setting next_dagrun for my_dag_of_the_morning to None, run_after=None
[2026-02-14T20:00:31.391+0000] {processor.py:183} INFO - Processing /opt/airflow/dags/my_second_dag.py took 0.105 seconds
[2026-02-14T20:01:01.693+0000] {processor.py:161} INFO - Started process (PID=1073) to work on /opt/airflow/dags/my_second_dag.py
[2026-02-14T20:01:01.694+0000] {processor.py:830} INFO - Processing file /opt/airflow/dags/my_second_dag.py for tasks to queue
[2026-02-14T20:01:01.697+0000] {logging_mixin.py:188} INFO - [2026-02-14T20:01:01.696+0000] {dagbag.py:538} INFO - Filling up the DagBag from /opt/airflow/dags/my_second_dag.py
[2026-02-14T20:01:01.708+0000] {processor.py:840} INFO - DAG(s) 'my_dag_of_the_morning' retrieved from /opt/airflow/dags/my_second_dag.py
[2026-02-14T20:01:01.747+0000] {logging_mixin.py:188} INFO - [2026-02-14T20:01:01.747+0000] {dag.py:3036} INFO - Sync 1 DAGs
[2026-02-14T20:01:01.773+0000] {logging_mixin.py:188} INFO - [2026-02-14T20:01:01.773+0000] {dag.py:3823} INFO - Setting next_dagrun for my_dag_of_the_morning to None, run_after=None
[2026-02-14T20:01:01.808+0000] {processor.py:183} INFO - Processing /opt/airflow/dags/my_second_dag.py took 0.120 seconds
[2026-02-14T20:01:31.995+0000] {processor.py:161} INFO - Started process (PID=1155) to work on /opt/airflow/dags/my_second_dag.py
[2026-02-14T20:01:31.996+0000] {processor.py:830} INFO - Processing file /opt/airflow/dags/my_second_dag.py for tasks to queue
[2026-02-14T20:01:31.999+0000] {logging_mixin.py:188} INFO - [2026-02-14T20:01:31.999+0000] {dagbag.py:538} INFO - Filling up the DagBag from /opt/airflow/dags/my_second_dag.py
[2026-02-14T20:01:32.009+0000] {processor.py:840} INFO - DAG(s) 'my_dag_of_the_morning' retrieved from /opt/airflow/dags/my_second_dag.py
[2026-02-14T20:01:32.048+0000] {logging_mixin.py:188} INFO - [2026-02-14T20:01:32.047+0000] {dag.py:3036} INFO - Sync 1 DAGs
[2026-02-14T20:01:32.070+0000] {logging_mixin.py:188} INFO - [2026-02-14T20:01:32.069+0000] {dag.py:3823} INFO - Setting next_dagrun for my_dag_of_the_morning to None, run_after=None
[2026-02-14T20:01:32.102+0000] {processor.py:183} INFO - Processing /opt/airflow/dags/my_second_dag.py took 0.112 seconds
[2026-02-14T20:02:02.468+0000] {processor.py:161} INFO - Started process (PID=1239) to work on /opt/airflow/dags/my_second_dag.py
[2026-02-14T20:02:02.469+0000] {processor.py:830} INFO - Processing file /opt/airflow/dags/my_second_dag.py for tasks to queue
[2026-02-14T20:02:02.472+0000] {logging_mixin.py:188} INFO - [2026-02-14T20:02:02.471+0000] {dagbag.py:538} INFO - Filling up the DagBag from /opt/airflow/dags/my_second_dag.py
[2026-02-14T20:02:02.481+0000] {processor.py:840} INFO - DAG(s) 'my_dag_of_the_morning' retrieved from /opt/airflow/dags/my_second_dag.py
[2026-02-14T20:02:02.515+0000] {logging_mixin.py:188} INFO - [2026-02-14T20:02:02.515+0000] {dag.py:3036} INFO - Sync 1 DAGs
[2026-02-14T20:02:02.535+0000] {logging_mixin.py:188} INFO - [2026-02-14T20:02:02.535+0000] {dag.py:3823} INFO - Setting next_dagrun for my_dag_of_the_morning to None, run_after=None
[2026-02-14T20:02:02.564+0000] {processor.py:183} INFO - Processing /opt/airflow/dags/my_second_dag.py took 0.101 seconds
[2026-02-14T20:02:32.967+0000] {processor.py:161} INFO - Started process (PID=1323) to work on /opt/airflow/dags/my_second_dag.py
[2026-02-14T20:02:32.969+0000] {processor.py:830} INFO - Processing file /opt/airflow/dags/my_second_dag.py for tasks to queue
[2026-02-14T20:02:32.972+0000] {logging_mixin.py:188} INFO - [2026-02-14T20:02:32.971+0000] {dagbag.py:538} INFO - Filling up the DagBag from /opt/airflow/dags/my_second_dag.py
[2026-02-14T20:02:32.980+0000] {processor.py:840} INFO - DAG(s) 'my_dag_of_the_morning' retrieved from /opt/airflow/dags/my_second_dag.py
[2026-02-14T20:02:33.013+0000] {logging_mixin.py:188} INFO - [2026-02-14T20:02:33.013+0000] {dag.py:3036} INFO - Sync 1 DAGs
[2026-02-14T20:02:33.038+0000] {logging_mixin.py:188} INFO - [2026-02-14T20:02:33.037+0000] {dag.py:3823} INFO - Setting next_dagrun for my_dag_of_the_morning to None, run_after=None
[2026-02-14T20:02:33.072+0000] {processor.py:183} INFO - Processing /opt/airflow/dags/my_second_dag.py took 0.110 seconds
[2026-02-14T20:03:03.958+0000] {processor.py:161} INFO - Started process (PID=1415) to work on /opt/airflow/dags/my_second_dag.py
[2026-02-14T20:03:03.960+0000] {processor.py:830} INFO - Processing file /opt/airflow/dags/my_second_dag.py for tasks to queue
[2026-02-14T20:03:03.963+0000] {logging_mixin.py:188} INFO - [2026-02-14T20:03:03.962+0000] {dagbag.py:538} INFO - Filling up the DagBag from /opt/airflow/dags/my_second_dag.py
[2026-02-14T20:03:03.973+0000] {processor.py:840} INFO - DAG(s) 'my_dag_of_the_morning' retrieved from /opt/airflow/dags/my_second_dag.py
[2026-02-14T20:03:04.013+0000] {logging_mixin.py:188} INFO - [2026-02-14T20:03:04.012+0000] {dag.py:3036} INFO - Sync 1 DAGs
[2026-02-14T20:03:04.041+0000] {logging_mixin.py:188} INFO - [2026-02-14T20:03:04.041+0000] {dag.py:3823} INFO - Setting next_dagrun for my_dag_of_the_morning to None, run_after=None
[2026-02-14T20:03:04.075+0000] {processor.py:183} INFO - Processing /opt/airflow/dags/my_second_dag.py took 0.123 seconds
[2026-02-14T20:03:34.826+0000] {processor.py:161} INFO - Started process (PID=1499) to work on /opt/airflow/dags/my_second_dag.py
[2026-02-14T20:03:34.829+0000] {processor.py:830} INFO - Processing file /opt/airflow/dags/my_second_dag.py for tasks to queue
[2026-02-14T20:03:34.837+0000] {logging_mixin.py:188} INFO - [2026-02-14T20:03:34.837+0000] {dagbag.py:538} INFO - Filling up the DagBag from /opt/airflow/dags/my_second_dag.py
[2026-02-14T20:03:34.852+0000] {processor.py:840} INFO - DAG(s) 'my_dag_of_the_morning' retrieved from /opt/airflow/dags/my_second_dag.py
[2026-02-14T20:03:34.896+0000] {logging_mixin.py:188} INFO - [2026-02-14T20:03:34.895+0000] {dag.py:3036} INFO - Sync 1 DAGs
[2026-02-14T20:03:34.923+0000] {logging_mixin.py:188} INFO - [2026-02-14T20:03:34.923+0000] {dag.py:3823} INFO - Setting next_dagrun for my_dag_of_the_morning to None, run_after=None
[2026-02-14T20:03:34.957+0000] {processor.py:183} INFO - Processing /opt/airflow/dags/my_second_dag.py took 0.138 seconds
[2026-02-14T20:04:05.385+0000] {processor.py:161} INFO - Started process (PID=1582) to work on /opt/airflow/dags/my_second_dag.py
[2026-02-14T20:04:05.387+0000] {processor.py:830} INFO - Processing file /opt/airflow/dags/my_second_dag.py for tasks to queue
[2026-02-14T20:04:05.389+0000] {logging_mixin.py:188} INFO - [2026-02-14T20:04:05.389+0000] {dagbag.py:538} INFO - Filling up the DagBag from /opt/airflow/dags/my_second_dag.py
[2026-02-14T20:04:05.398+0000] {processor.py:840} INFO - DAG(s) 'my_dag_of_the_morning' retrieved from /opt/airflow/dags/my_second_dag.py
[2026-02-14T20:04:05.429+0000] {logging_mixin.py:188} INFO - [2026-02-14T20:04:05.429+0000] {dag.py:3036} INFO - Sync 1 DAGs
[2026-02-14T20:04:05.451+0000] {logging_mixin.py:188} INFO - [2026-02-14T20:04:05.451+0000] {dag.py:3823} INFO - Setting next_dagrun for my_dag_of_the_morning to None, run_after=None
[2026-02-14T20:04:05.481+0000] {processor.py:183} INFO - Processing /opt/airflow/dags/my_second_dag.py took 0.100 seconds
[2026-02-14T20:04:35.714+0000] {processor.py:161} INFO - Started process (PID=1664) to work on /opt/airflow/dags/my_second_dag.py
[2026-02-14T20:04:35.716+0000] {processor.py:830} INFO - Processing file /opt/airflow/dags/my_second_dag.py for tasks to queue
[2026-02-14T20:04:35.720+0000] {logging_mixin.py:188} INFO - [2026-02-14T20:04:35.719+0000] {dagbag.py:538} INFO - Filling up the DagBag from /opt/airflow/dags/my_second_dag.py
[2026-02-14T20:04:35.730+0000] {processor.py:840} INFO - DAG(s) 'my_dag_of_the_morning' retrieved from /opt/airflow/dags/my_second_dag.py
[2026-02-14T20:04:35.765+0000] {logging_mixin.py:188} INFO - [2026-02-14T20:04:35.765+0000] {dag.py:3036} INFO - Sync 1 DAGs
[2026-02-14T20:04:35.787+0000] {logging_mixin.py:188} INFO - [2026-02-14T20:04:35.786+0000] {dag.py:3823} INFO - Setting next_dagrun for my_dag_of_the_morning to None, run_after=None
[2026-02-14T20:04:35.820+0000] {processor.py:183} INFO - Processing /opt/airflow/dags/my_second_dag.py took 0.111 seconds
[2026-02-14T20:05:05.878+0000] {processor.py:161} INFO - Started process (PID=1746) to work on /opt/airflow/dags/my_second_dag.py
[2026-02-14T20:05:05.879+0000] {processor.py:830} INFO - Processing file /opt/airflow/dags/my_second_dag.py for tasks to queue
[2026-02-14T20:05:05.882+0000] {logging_mixin.py:188} INFO - [2026-02-14T20:05:05.881+0000] {dagbag.py:538} INFO - Filling up the DagBag from /opt/airflow/dags/my_second_dag.py
[2026-02-14T20:05:05.893+0000] {processor.py:840} INFO - DAG(s) 'my_dag_of_the_morning' retrieved from /opt/airflow/dags/my_second_dag.py
[2026-02-14T20:05:05.926+0000] {logging_mixin.py:188} INFO - [2026-02-14T20:05:05.925+0000] {dag.py:3036} INFO - Sync 1 DAGs
[2026-02-14T20:05:05.944+0000] {logging_mixin.py:188} INFO - [2026-02-14T20:05:05.944+0000] {dag.py:3823} INFO - Setting next_dagrun for my_dag_of_the_morning to None, run_after=None
[2026-02-14T20:05:05.974+0000] {processor.py:183} INFO - Processing /opt/airflow/dags/my_second_dag.py took 0.101 seconds
[2026-02-14T20:05:36.576+0000] {processor.py:161} INFO - Started process (PID=1829) to work on /opt/airflow/dags/my_second_dag.py
[2026-02-14T20:05:36.578+0000] {processor.py:830} INFO - Processing file /opt/airflow/dags/my_second_dag.py for tasks to queue
[2026-02-14T20:05:36.581+0000] {logging_mixin.py:188} INFO - [2026-02-14T20:05:36.580+0000] {dagbag.py:538} INFO - Filling up the DagBag from /opt/airflow/dags/my_second_dag.py
[2026-02-14T20:05:36.590+0000] {processor.py:840} INFO - DAG(s) 'my_dag_of_the_morning' retrieved from /opt/airflow/dags/my_second_dag.py
[2026-02-14T20:05:36.625+0000] {logging_mixin.py:188} INFO - [2026-02-14T20:05:36.624+0000] {dag.py:3036} INFO - Sync 1 DAGs
[2026-02-14T20:05:36.648+0000] {logging_mixin.py:188} INFO - [2026-02-14T20:05:36.647+0000] {dag.py:3823} INFO - Setting next_dagrun for my_dag_of_the_morning to None, run_after=None
[2026-02-14T20:05:36.684+0000] {processor.py:183} INFO - Processing /opt/airflow/dags/my_second_dag.py took 0.114 seconds
[2026-02-14T20:06:07.177+0000] {processor.py:161} INFO - Started process (PID=1912) to work on /opt/airflow/dags/my_second_dag.py
[2026-02-14T20:06:07.178+0000] {processor.py:830} INFO - Processing file /opt/airflow/dags/my_second_dag.py for tasks to queue
[2026-02-14T20:06:07.181+0000] {logging_mixin.py:188} INFO - [2026-02-14T20:06:07.181+0000] {dagbag.py:538} INFO - Filling up the DagBag from /opt/airflow/dags/my_second_dag.py
[2026-02-14T20:06:07.190+0000] {processor.py:840} INFO - DAG(s) 'my_dag_of_the_morning' retrieved from /opt/airflow/dags/my_second_dag.py
[2026-02-14T20:06:07.221+0000] {logging_mixin.py:188} INFO - [2026-02-14T20:06:07.221+0000] {dag.py:3036} INFO - Sync 1 DAGs
[2026-02-14T20:06:07.242+0000] {logging_mixin.py:188} INFO - [2026-02-14T20:06:07.241+0000] {dag.py:3823} INFO - Setting next_dagrun for my_dag_of_the_morning to None, run_after=None
[2026-02-14T20:06:07.268+0000] {processor.py:183} INFO - Processing /opt/airflow/dags/my_second_dag.py took 0.095 seconds
[2026-02-14T20:06:37.478+0000] {processor.py:161} INFO - Started process (PID=1993) to work on /opt/airflow/dags/my_second_dag.py
[2026-02-14T20:06:37.479+0000] {processor.py:830} INFO - Processing file /opt/airflow/dags/my_second_dag.py for tasks to queue
[2026-02-14T20:06:37.483+0000] {logging_mixin.py:188} INFO - [2026-02-14T20:06:37.483+0000] {dagbag.py:538} INFO - Filling up the DagBag from /opt/airflow/dags/my_second_dag.py
[2026-02-14T20:06:37.493+0000] {processor.py:840} INFO - DAG(s) 'my_dag_of_the_morning' retrieved from /opt/airflow/dags/my_second_dag.py
[2026-02-14T20:06:37.527+0000] {logging_mixin.py:188} INFO - [2026-02-14T20:06:37.527+0000] {dag.py:3036} INFO - Sync 1 DAGs
[2026-02-14T20:06:37.550+0000] {logging_mixin.py:188} INFO - [2026-02-14T20:06:37.550+0000] {dag.py:3823} INFO - Setting next_dagrun for my_dag_of_the_morning to None, run_after=None
[2026-02-14T20:06:37.582+0000] {processor.py:183} INFO - Processing /opt/airflow/dags/my_second_dag.py took 0.109 seconds
[2026-02-14T20:07:08.193+0000] {processor.py:161} INFO - Started process (PID=2076) to work on /opt/airflow/dags/my_second_dag.py
[2026-02-14T20:07:08.195+0000] {processor.py:830} INFO - Processing file /opt/airflow/dags/my_second_dag.py for tasks to queue
[2026-02-14T20:07:08.199+0000] {logging_mixin.py:188} INFO - [2026-02-14T20:07:08.199+0000] {dagbag.py:538} INFO - Filling up the DagBag from /opt/airflow/dags/my_second_dag.py
[2026-02-14T20:07:08.218+0000] {processor.py:840} INFO - DAG(s) 'my_dag_of_the_morning' retrieved from /opt/airflow/dags/my_second_dag.py
[2026-02-14T20:07:08.255+0000] {logging_mixin.py:188} INFO - [2026-02-14T20:07:08.254+0000] {dag.py:3036} INFO - Sync 1 DAGs
[2026-02-14T20:07:08.275+0000] {logging_mixin.py:188} INFO - [2026-02-14T20:07:08.275+0000] {dag.py:3823} INFO - Setting next_dagrun for my_dag_of_the_morning to None, run_after=None
[2026-02-14T20:07:08.311+0000] {processor.py:183} INFO - Processing /opt/airflow/dags/my_second_dag.py took 0.122 seconds
[2026-02-14T20:07:38.432+0000] {processor.py:161} INFO - Started process (PID=2166) to work on /opt/airflow/dags/my_second_dag.py
[2026-02-14T20:07:38.435+0000] {processor.py:830} INFO - Processing file /opt/airflow/dags/my_second_dag.py for tasks to queue
[2026-02-14T20:07:38.439+0000] {logging_mixin.py:188} INFO - [2026-02-14T20:07:38.437+0000] {dagbag.py:538} INFO - Filling up the DagBag from /opt/airflow/dags/my_second_dag.py
[2026-02-14T20:07:38.449+0000] {processor.py:840} INFO - DAG(s) 'my_dag_of_the_morning' retrieved from /opt/airflow/dags/my_second_dag.py
[2026-02-14T20:07:38.487+0000] {logging_mixin.py:188} INFO - [2026-02-14T20:07:38.486+0000] {dag.py:3036} INFO - Sync 1 DAGs
[2026-02-14T20:07:38.517+0000] {logging_mixin.py:188} INFO - [2026-02-14T20:07:38.516+0000] {dag.py:3823} INFO - Setting next_dagrun for my_dag_of_the_morning to None, run_after=None
[2026-02-14T20:07:38.550+0000] {processor.py:183} INFO - Processing /opt/airflow/dags/my_second_dag.py took 0.124 seconds
[2026-02-14T20:08:09.016+0000] {processor.py:161} INFO - Started process (PID=2250) to work on /opt/airflow/dags/my_second_dag.py
[2026-02-14T20:08:09.037+0000] {processor.py:830} INFO - Processing file /opt/airflow/dags/my_second_dag.py for tasks to queue
[2026-02-14T20:08:09.040+0000] {logging_mixin.py:188} INFO - [2026-02-14T20:08:09.040+0000] {dagbag.py:538} INFO - Filling up the DagBag from /opt/airflow/dags/my_second_dag.py
[2026-02-14T20:08:09.051+0000] {processor.py:840} INFO - DAG(s) 'my_dag_of_the_morning' retrieved from /opt/airflow/dags/my_second_dag.py
[2026-02-14T20:08:09.091+0000] {logging_mixin.py:188} INFO - [2026-02-14T20:08:09.091+0000] {dag.py:3036} INFO - Sync 1 DAGs
[2026-02-14T20:08:09.116+0000] {logging_mixin.py:188} INFO - [2026-02-14T20:08:09.115+0000] {dag.py:3823} INFO - Setting next_dagrun for my_dag_of_the_morning to None, run_after=None
[2026-02-14T20:08:09.146+0000] {processor.py:183} INFO - Processing /opt/airflow/dags/my_second_dag.py took 0.135 seconds
[2026-02-14T20:08:39.597+0000] {processor.py:161} INFO - Started process (PID=2333) to work on /opt/airflow/dags/my_second_dag.py
[2026-02-14T20:08:39.599+0000] {processor.py:830} INFO - Processing file /opt/airflow/dags/my_second_dag.py for tasks to queue
[2026-02-14T20:08:39.603+0000] {logging_mixin.py:188} INFO - [2026-02-14T20:08:39.602+0000] {dagbag.py:538} INFO - Filling up the DagBag from /opt/airflow/dags/my_second_dag.py
[2026-02-14T20:08:39.613+0000] {processor.py:840} INFO - DAG(s) 'my_dag_of_the_morning' retrieved from /opt/airflow/dags/my_second_dag.py
[2026-02-14T20:08:39.645+0000] {logging_mixin.py:188} INFO - [2026-02-14T20:08:39.644+0000] {dag.py:3036} INFO - Sync 1 DAGs
[2026-02-14T20:08:39.666+0000] {logging_mixin.py:188} INFO - [2026-02-14T20:08:39.666+0000] {dag.py:3823} INFO - Setting next_dagrun for my_dag_of_the_morning to None, run_after=None
[2026-02-14T20:08:39.698+0000] {processor.py:183} INFO - Processing /opt/airflow/dags/my_second_dag.py took 0.106 seconds
[2026-02-14T20:09:09.827+0000] {processor.py:161} INFO - Started process (PID=2415) to work on /opt/airflow/dags/my_second_dag.py
[2026-02-14T20:09:09.828+0000] {processor.py:830} INFO - Processing file /opt/airflow/dags/my_second_dag.py for tasks to queue
[2026-02-14T20:09:09.831+0000] {logging_mixin.py:188} INFO - [2026-02-14T20:09:09.830+0000] {dagbag.py:538} INFO - Filling up the DagBag from /opt/airflow/dags/my_second_dag.py
[2026-02-14T20:09:09.840+0000] {processor.py:840} INFO - DAG(s) 'my_dag_of_the_morning' retrieved from /opt/airflow/dags/my_second_dag.py
[2026-02-14T20:09:09.872+0000] {logging_mixin.py:188} INFO - [2026-02-14T20:09:09.871+0000] {dag.py:3036} INFO - Sync 1 DAGs
[2026-02-14T20:09:09.894+0000] {logging_mixin.py:188} INFO - [2026-02-14T20:09:09.894+0000] {dag.py:3823} INFO - Setting next_dagrun for my_dag_of_the_morning to None, run_after=None
[2026-02-14T20:09:09.926+0000] {processor.py:183} INFO - Processing /opt/airflow/dags/my_second_dag.py took 0.103 seconds
[2026-02-14T20:09:40.360+0000] {processor.py:161} INFO - Started process (PID=2498) to work on /opt/airflow/dags/my_second_dag.py
[2026-02-14T20:09:40.362+0000] {processor.py:830} INFO - Processing file /opt/airflow/dags/my_second_dag.py for tasks to queue
[2026-02-14T20:09:40.365+0000] {logging_mixin.py:188} INFO - [2026-02-14T20:09:40.364+0000] {dagbag.py:538} INFO - Filling up the DagBag from /opt/airflow/dags/my_second_dag.py
[2026-02-14T20:09:40.376+0000] {processor.py:840} INFO - DAG(s) 'my_dag_of_the_morning' retrieved from /opt/airflow/dags/my_second_dag.py
[2026-02-14T20:09:40.411+0000] {logging_mixin.py:188} INFO - [2026-02-14T20:09:40.411+0000] {dag.py:3036} INFO - Sync 1 DAGs
[2026-02-14T20:09:40.431+0000] {logging_mixin.py:188} INFO - [2026-02-14T20:09:40.431+0000] {dag.py:3823} INFO - Setting next_dagrun for my_dag_of_the_morning to None, run_after=None
[2026-02-14T20:09:40.460+0000] {processor.py:183} INFO - Processing /opt/airflow/dags/my_second_dag.py took 0.105 seconds
[2026-02-14T20:10:11.044+0000] {processor.py:161} INFO - Started process (PID=2580) to work on /opt/airflow/dags/my_second_dag.py
[2026-02-14T20:10:11.045+0000] {processor.py:830} INFO - Processing file /opt/airflow/dags/my_second_dag.py for tasks to queue
[2026-02-14T20:10:11.049+0000] {logging_mixin.py:188} INFO - [2026-02-14T20:10:11.048+0000] {dagbag.py:538} INFO - Filling up the DagBag from /opt/airflow/dags/my_second_dag.py
[2026-02-14T20:10:11.059+0000] {processor.py:840} INFO - DAG(s) 'my_dag_of_the_morning' retrieved from /opt/airflow/dags/my_second_dag.py
[2026-02-14T20:10:11.095+0000] {logging_mixin.py:188} INFO - [2026-02-14T20:10:11.095+0000] {dag.py:3036} INFO - Sync 1 DAGs
[2026-02-14T20:10:11.116+0000] {logging_mixin.py:188} INFO - [2026-02-14T20:10:11.116+0000] {dag.py:3823} INFO - Setting next_dagrun for my_dag_of_the_morning to None, run_after=None
[2026-02-14T20:10:11.150+0000] {processor.py:183} INFO - Processing /opt/airflow/dags/my_second_dag.py took 0.111 seconds
[2026-02-14T20:10:42.108+0000] {processor.py:161} INFO - Started process (PID=2663) to work on /opt/airflow/dags/my_second_dag.py
[2026-02-14T20:10:42.111+0000] {processor.py:830} INFO - Processing file /opt/airflow/dags/my_second_dag.py for tasks to queue
[2026-02-14T20:10:42.114+0000] {logging_mixin.py:188} INFO - [2026-02-14T20:10:42.113+0000] {dagbag.py:538} INFO - Filling up the DagBag from /opt/airflow/dags/my_second_dag.py
[2026-02-14T20:10:42.124+0000] {processor.py:840} INFO - DAG(s) 'my_dag_of_the_morning' retrieved from /opt/airflow/dags/my_second_dag.py
[2026-02-14T20:10:42.158+0000] {logging_mixin.py:188} INFO - [2026-02-14T20:10:42.157+0000] {dag.py:3036} INFO - Sync 1 DAGs
[2026-02-14T20:10:42.180+0000] {logging_mixin.py:188} INFO - [2026-02-14T20:10:42.180+0000] {dag.py:3823} INFO - Setting next_dagrun for my_dag_of_the_morning to None, run_after=None
[2026-02-14T20:10:42.212+0000] {processor.py:183} INFO - Processing /opt/airflow/dags/my_second_dag.py took 0.109 seconds
[2026-02-14T20:11:12.315+0000] {processor.py:161} INFO - Started process (PID=2746) to work on /opt/airflow/dags/my_second_dag.py
[2026-02-14T20:11:12.316+0000] {processor.py:830} INFO - Processing file /opt/airflow/dags/my_second_dag.py for tasks to queue
[2026-02-14T20:11:12.319+0000] {logging_mixin.py:188} INFO - [2026-02-14T20:11:12.318+0000] {dagbag.py:538} INFO - Filling up the DagBag from /opt/airflow/dags/my_second_dag.py
[2026-02-14T20:11:12.328+0000] {processor.py:840} INFO - DAG(s) 'my_dag_of_the_morning' retrieved from /opt/airflow/dags/my_second_dag.py
[2026-02-14T20:11:12.360+0000] {logging_mixin.py:188} INFO - [2026-02-14T20:11:12.360+0000] {dag.py:3036} INFO - Sync 1 DAGs
[2026-02-14T20:11:12.384+0000] {logging_mixin.py:188} INFO - [2026-02-14T20:11:12.383+0000] {dag.py:3823} INFO - Setting next_dagrun for my_dag_of_the_morning to None, run_after=None
[2026-02-14T20:11:12.417+0000] {processor.py:183} INFO - Processing /opt/airflow/dags/my_second_dag.py took 0.107 seconds
[2026-02-14T20:11:42.846+0000] {processor.py:161} INFO - Started process (PID=2829) to work on /opt/airflow/dags/my_second_dag.py
[2026-02-14T20:11:42.848+0000] {processor.py:830} INFO - Processing file /opt/airflow/dags/my_second_dag.py for tasks to queue
[2026-02-14T20:11:42.851+0000] {logging_mixin.py:188} INFO - [2026-02-14T20:11:42.851+0000] {dagbag.py:538} INFO - Filling up the DagBag from /opt/airflow/dags/my_second_dag.py
[2026-02-14T20:11:42.864+0000] {processor.py:840} INFO - DAG(s) 'my_dag_of_the_morning' retrieved from /opt/airflow/dags/my_second_dag.py
[2026-02-14T20:11:42.904+0000] {logging_mixin.py:188} INFO - [2026-02-14T20:11:42.904+0000] {dag.py:3036} INFO - Sync 1 DAGs
[2026-02-14T20:11:42.937+0000] {logging_mixin.py:188} INFO - [2026-02-14T20:11:42.936+0000] {dag.py:3823} INFO - Setting next_dagrun for my_dag_of_the_morning to None, run_after=None
[2026-02-14T20:11:42.973+0000] {processor.py:183} INFO - Processing /opt/airflow/dags/my_second_dag.py took 0.132 seconds
[2026-02-14T20:12:13.196+0000] {processor.py:161} INFO - Started process (PID=2919) to work on /opt/airflow/dags/my_second_dag.py
[2026-02-14T20:12:13.198+0000] {processor.py:830} INFO - Processing file /opt/airflow/dags/my_second_dag.py for tasks to queue
[2026-02-14T20:12:13.202+0000] {logging_mixin.py:188} INFO - [2026-02-14T20:12:13.201+0000] {dagbag.py:538} INFO - Filling up the DagBag from /opt/airflow/dags/my_second_dag.py
[2026-02-14T20:12:13.214+0000] {processor.py:840} INFO - DAG(s) 'my_dag_of_the_morning' retrieved from /opt/airflow/dags/my_second_dag.py
[2026-02-14T20:12:13.259+0000] {logging_mixin.py:188} INFO - [2026-02-14T20:12:13.258+0000] {dag.py:3036} INFO - Sync 1 DAGs
[2026-02-14T20:12:13.284+0000] {logging_mixin.py:188} INFO - [2026-02-14T20:12:13.284+0000] {dag.py:3823} INFO - Setting next_dagrun for my_dag_of_the_morning to None, run_after=None
[2026-02-14T20:12:13.319+0000] {processor.py:183} INFO - Processing /opt/airflow/dags/my_second_dag.py took 0.128 seconds
[2026-02-14T20:12:43.450+0000] {processor.py:161} INFO - Started process (PID=3002) to work on /opt/airflow/dags/my_second_dag.py
[2026-02-14T20:12:43.452+0000] {processor.py:830} INFO - Processing file /opt/airflow/dags/my_second_dag.py for tasks to queue
[2026-02-14T20:12:43.455+0000] {logging_mixin.py:188} INFO - [2026-02-14T20:12:43.455+0000] {dagbag.py:538} INFO - Filling up the DagBag from /opt/airflow/dags/my_second_dag.py
[2026-02-14T20:12:43.473+0000] {processor.py:840} INFO - DAG(s) 'my_dag_of_the_morning' retrieved from /opt/airflow/dags/my_second_dag.py
[2026-02-14T20:12:43.566+0000] {logging_mixin.py:188} INFO - [2026-02-14T20:12:43.565+0000] {dag.py:3036} INFO - Sync 1 DAGs
[2026-02-14T20:12:43.622+0000] {logging_mixin.py:188} INFO - [2026-02-14T20:12:43.621+0000] {dag.py:3823} INFO - Setting next_dagrun for my_dag_of_the_morning to None, run_after=None
[2026-02-14T20:12:43.660+0000] {processor.py:183} INFO - Processing /opt/airflow/dags/my_second_dag.py took 0.217 seconds
[2026-02-14T20:13:14.015+0000] {processor.py:161} INFO - Started process (PID=3085) to work on /opt/airflow/dags/my_second_dag.py
[2026-02-14T20:13:14.017+0000] {processor.py:830} INFO - Processing file /opt/airflow/dags/my_second_dag.py for tasks to queue
[2026-02-14T20:13:14.020+0000] {logging_mixin.py:188} INFO - [2026-02-14T20:13:14.020+0000] {dagbag.py:538} INFO - Filling up the DagBag from /opt/airflow/dags/my_second_dag.py
[2026-02-14T20:13:14.032+0000] {processor.py:840} INFO - DAG(s) 'my_dag_of_the_morning' retrieved from /opt/airflow/dags/my_second_dag.py
[2026-02-14T20:13:14.070+0000] {logging_mixin.py:188} INFO - [2026-02-14T20:13:14.069+0000] {dag.py:3036} INFO - Sync 1 DAGs
[2026-02-14T20:13:14.095+0000] {logging_mixin.py:188} INFO - [2026-02-14T20:13:14.095+0000] {dag.py:3823} INFO - Setting next_dagrun for my_dag_of_the_morning to None, run_after=None
[2026-02-14T20:13:14.132+0000] {processor.py:183} INFO - Processing /opt/airflow/dags/my_second_dag.py took 0.122 seconds
[2026-02-14T20:13:44.582+0000] {processor.py:161} INFO - Started process (PID=3168) to work on /opt/airflow/dags/my_second_dag.py
[2026-02-14T20:13:44.583+0000] {processor.py:830} INFO - Processing file /opt/airflow/dags/my_second_dag.py for tasks to queue
[2026-02-14T20:13:44.586+0000] {logging_mixin.py:188} INFO - [2026-02-14T20:13:44.586+0000] {dagbag.py:538} INFO - Filling up the DagBag from /opt/airflow/dags/my_second_dag.py
[2026-02-14T20:13:44.598+0000] {processor.py:840} INFO - DAG(s) 'my_dag_of_the_morning' retrieved from /opt/airflow/dags/my_second_dag.py
[2026-02-14T20:13:44.635+0000] {logging_mixin.py:188} INFO - [2026-02-14T20:13:44.634+0000] {dag.py:3036} INFO - Sync 1 DAGs
[2026-02-14T20:13:44.659+0000] {logging_mixin.py:188} INFO - [2026-02-14T20:13:44.659+0000] {dag.py:3823} INFO - Setting next_dagrun for my_dag_of_the_morning to None, run_after=None
[2026-02-14T20:13:44.689+0000] {processor.py:183} INFO - Processing /opt/airflow/dags/my_second_dag.py took 0.113 seconds
[2026-02-14T20:14:15.064+0000] {processor.py:161} INFO - Started process (PID=3251) to work on /opt/airflow/dags/my_second_dag.py
[2026-02-14T20:14:15.067+0000] {processor.py:830} INFO - Processing file /opt/airflow/dags/my_second_dag.py for tasks to queue
[2026-02-14T20:14:15.070+0000] {logging_mixin.py:188} INFO - [2026-02-14T20:14:15.069+0000] {dagbag.py:538} INFO - Filling up the DagBag from /opt/airflow/dags/my_second_dag.py
[2026-02-14T20:14:15.080+0000] {processor.py:840} INFO - DAG(s) 'my_dag_of_the_morning' retrieved from /opt/airflow/dags/my_second_dag.py
[2026-02-14T20:14:15.116+0000] {logging_mixin.py:188} INFO - [2026-02-14T20:14:15.115+0000] {dag.py:3036} INFO - Sync 1 DAGs
[2026-02-14T20:14:15.135+0000] {logging_mixin.py:188} INFO - [2026-02-14T20:14:15.134+0000] {dag.py:3823} INFO - Setting next_dagrun for my_dag_of_the_morning to None, run_after=None
[2026-02-14T20:14:15.165+0000] {processor.py:183} INFO - Processing /opt/airflow/dags/my_second_dag.py took 0.107 seconds
[2026-02-14T20:14:45.405+0000] {processor.py:161} INFO - Started process (PID=3336) to work on /opt/airflow/dags/my_second_dag.py
[2026-02-14T20:14:45.406+0000] {processor.py:830} INFO - Processing file /opt/airflow/dags/my_second_dag.py for tasks to queue
[2026-02-14T20:14:45.409+0000] {logging_mixin.py:188} INFO - [2026-02-14T20:14:45.408+0000] {dagbag.py:538} INFO - Filling up the DagBag from /opt/airflow/dags/my_second_dag.py
[2026-02-14T20:14:45.419+0000] {processor.py:840} INFO - DAG(s) 'my_dag_of_the_morning' retrieved from /opt/airflow/dags/my_second_dag.py
[2026-02-14T20:14:45.453+0000] {logging_mixin.py:188} INFO - [2026-02-14T20:14:45.452+0000] {dag.py:3036} INFO - Sync 1 DAGs
[2026-02-14T20:14:45.473+0000] {logging_mixin.py:188} INFO - [2026-02-14T20:14:45.473+0000] {dag.py:3823} INFO - Setting next_dagrun for my_dag_of_the_morning to None, run_after=None
[2026-02-14T20:14:45.502+0000] {processor.py:183} INFO - Processing /opt/airflow/dags/my_second_dag.py took 0.102 seconds
[2026-02-14T20:15:16.437+0000] {processor.py:161} INFO - Started process (PID=3419) to work on /opt/airflow/dags/my_second_dag.py
[2026-02-14T20:15:16.440+0000] {processor.py:830} INFO - Processing file /opt/airflow/dags/my_second_dag.py for tasks to queue
[2026-02-14T20:15:16.443+0000] {logging_mixin.py:188} INFO - [2026-02-14T20:15:16.442+0000] {dagbag.py:538} INFO - Filling up the DagBag from /opt/airflow/dags/my_second_dag.py
[2026-02-14T20:15:16.454+0000] {processor.py:840} INFO - DAG(s) 'my_dag_of_the_morning' retrieved from /opt/airflow/dags/my_second_dag.py
[2026-02-14T20:15:16.488+0000] {logging_mixin.py:188} INFO - [2026-02-14T20:15:16.488+0000] {dag.py:3036} INFO - Sync 1 DAGs
[2026-02-14T20:15:16.512+0000] {logging_mixin.py:188} INFO - [2026-02-14T20:15:16.512+0000] {dag.py:3823} INFO - Setting next_dagrun for my_dag_of_the_morning to None, run_after=None
[2026-02-14T20:15:16.541+0000] {processor.py:183} INFO - Processing /opt/airflow/dags/my_second_dag.py took 0.109 seconds
[2026-02-14T20:15:46.811+0000] {processor.py:161} INFO - Started process (PID=3502) to work on /opt/airflow/dags/my_second_dag.py
[2026-02-14T20:15:46.812+0000] {processor.py:830} INFO - Processing file /opt/airflow/dags/my_second_dag.py for tasks to queue
[2026-02-14T20:15:46.815+0000] {logging_mixin.py:188} INFO - [2026-02-14T20:15:46.815+0000] {dagbag.py:538} INFO - Filling up the DagBag from /opt/airflow/dags/my_second_dag.py
[2026-02-14T20:15:46.825+0000] {processor.py:840} INFO - DAG(s) 'my_dag_of_the_morning' retrieved from /opt/airflow/dags/my_second_dag.py
[2026-02-14T20:15:46.857+0000] {logging_mixin.py:188} INFO - [2026-02-14T20:15:46.857+0000] {dag.py:3036} INFO - Sync 1 DAGs
[2026-02-14T20:15:46.876+0000] {logging_mixin.py:188} INFO - [2026-02-14T20:15:46.876+0000] {dag.py:3823} INFO - Setting next_dagrun for my_dag_of_the_morning to None, run_after=None
[2026-02-14T20:15:46.909+0000] {processor.py:183} INFO - Processing /opt/airflow/dags/my_second_dag.py took 0.104 seconds
[2026-02-14T20:16:17.168+0000] {processor.py:161} INFO - Started process (PID=3591) to work on /opt/airflow/dags/my_second_dag.py
[2026-02-14T20:16:17.170+0000] {processor.py:830} INFO - Processing file /opt/airflow/dags/my_second_dag.py for tasks to queue
[2026-02-14T20:16:17.173+0000] {logging_mixin.py:188} INFO - [2026-02-14T20:16:17.173+0000] {dagbag.py:538} INFO - Filling up the DagBag from /opt/airflow/dags/my_second_dag.py
[2026-02-14T20:16:17.185+0000] {processor.py:840} INFO - DAG(s) 'my_dag_of_the_morning' retrieved from /opt/airflow/dags/my_second_dag.py
[2026-02-14T20:16:17.225+0000] {logging_mixin.py:188} INFO - [2026-02-14T20:16:17.225+0000] {dag.py:3036} INFO - Sync 1 DAGs
[2026-02-14T20:16:17.248+0000] {logging_mixin.py:188} INFO - [2026-02-14T20:16:17.248+0000] {dag.py:3823} INFO - Setting next_dagrun for my_dag_of_the_morning to None, run_after=None
[2026-02-14T20:16:17.280+0000] {processor.py:183} INFO - Processing /opt/airflow/dags/my_second_dag.py took 0.118 seconds
[2026-02-14T20:16:47.691+0000] {processor.py:161} INFO - Started process (PID=3676) to work on /opt/airflow/dags/my_second_dag.py
[2026-02-14T20:16:47.693+0000] {processor.py:830} INFO - Processing file /opt/airflow/dags/my_second_dag.py for tasks to queue
[2026-02-14T20:16:47.696+0000] {logging_mixin.py:188} INFO - [2026-02-14T20:16:47.696+0000] {dagbag.py:538} INFO - Filling up the DagBag from /opt/airflow/dags/my_second_dag.py
[2026-02-14T20:16:47.708+0000] {processor.py:840} INFO - DAG(s) 'my_dag_of_the_morning' retrieved from /opt/airflow/dags/my_second_dag.py
[2026-02-14T20:16:47.747+0000] {logging_mixin.py:188} INFO - [2026-02-14T20:16:47.746+0000] {dag.py:3036} INFO - Sync 1 DAGs
[2026-02-14T20:16:47.772+0000] {logging_mixin.py:188} INFO - [2026-02-14T20:16:47.771+0000] {dag.py:3823} INFO - Setting next_dagrun for my_dag_of_the_morning to None, run_after=None
[2026-02-14T20:16:47.804+0000] {processor.py:183} INFO - Processing /opt/airflow/dags/my_second_dag.py took 0.119 seconds
[2026-02-14T20:17:18.368+0000] {processor.py:161} INFO - Started process (PID=3759) to work on /opt/airflow/dags/my_second_dag.py
[2026-02-14T20:17:18.370+0000] {processor.py:830} INFO - Processing file /opt/airflow/dags/my_second_dag.py for tasks to queue
[2026-02-14T20:17:18.374+0000] {logging_mixin.py:188} INFO - [2026-02-14T20:17:18.373+0000] {dagbag.py:538} INFO - Filling up the DagBag from /opt/airflow/dags/my_second_dag.py
[2026-02-14T20:17:18.385+0000] {processor.py:840} INFO - DAG(s) 'my_dag_of_the_morning' retrieved from /opt/airflow/dags/my_second_dag.py
[2026-02-14T20:17:18.423+0000] {logging_mixin.py:188} INFO - [2026-02-14T20:17:18.423+0000] {dag.py:3036} INFO - Sync 1 DAGs
[2026-02-14T20:17:18.447+0000] {logging_mixin.py:188} INFO - [2026-02-14T20:17:18.447+0000] {dag.py:3823} INFO - Setting next_dagrun for my_dag_of_the_morning to None, run_after=None
[2026-02-14T20:17:18.506+0000] {processor.py:183} INFO - Processing /opt/airflow/dags/my_second_dag.py took 0.144 seconds
[2026-02-14T20:17:48.879+0000] {processor.py:161} INFO - Started process (PID=3844) to work on /opt/airflow/dags/my_second_dag.py
[2026-02-14T20:17:48.881+0000] {processor.py:830} INFO - Processing file /opt/airflow/dags/my_second_dag.py for tasks to queue
[2026-02-14T20:17:48.884+0000] {logging_mixin.py:188} INFO - [2026-02-14T20:17:48.883+0000] {dagbag.py:538} INFO - Filling up the DagBag from /opt/airflow/dags/my_second_dag.py
[2026-02-14T20:17:48.895+0000] {processor.py:840} INFO - DAG(s) 'my_dag_of_the_morning' retrieved from /opt/airflow/dags/my_second_dag.py
[2026-02-14T20:17:48.929+0000] {logging_mixin.py:188} INFO - [2026-02-14T20:17:48.929+0000] {dag.py:3036} INFO - Sync 1 DAGs
[2026-02-14T20:17:48.951+0000] {logging_mixin.py:188} INFO - [2026-02-14T20:17:48.951+0000] {dag.py:3823} INFO - Setting next_dagrun for my_dag_of_the_morning to None, run_after=None
[2026-02-14T20:17:48.998+0000] {processor.py:183} INFO - Processing /opt/airflow/dags/my_second_dag.py took 0.124 seconds
[2026-02-14T20:18:19.439+0000] {processor.py:161} INFO - Started process (PID=3927) to work on /opt/airflow/dags/my_second_dag.py
[2026-02-14T20:18:19.441+0000] {processor.py:830} INFO - Processing file /opt/airflow/dags/my_second_dag.py for tasks to queue
[2026-02-14T20:18:19.443+0000] {logging_mixin.py:188} INFO - [2026-02-14T20:18:19.443+0000] {dagbag.py:538} INFO - Filling up the DagBag from /opt/airflow/dags/my_second_dag.py
[2026-02-14T20:18:19.452+0000] {processor.py:840} INFO - DAG(s) 'my_dag_of_the_morning' retrieved from /opt/airflow/dags/my_second_dag.py
[2026-02-14T20:18:19.482+0000] {logging_mixin.py:188} INFO - [2026-02-14T20:18:19.481+0000] {dag.py:3036} INFO - Sync 1 DAGs
[2026-02-14T20:18:19.501+0000] {logging_mixin.py:188} INFO - [2026-02-14T20:18:19.500+0000] {dag.py:3823} INFO - Setting next_dagrun for my_dag_of_the_morning to None, run_after=None
[2026-02-14T20:18:19.527+0000] {processor.py:183} INFO - Processing /opt/airflow/dags/my_second_dag.py took 0.093 seconds
[2026-02-14T20:18:50.102+0000] {processor.py:161} INFO - Started process (PID=4007) to work on /opt/airflow/dags/my_second_dag.py
[2026-02-14T20:18:50.103+0000] {processor.py:830} INFO - Processing file /opt/airflow/dags/my_second_dag.py for tasks to queue
[2026-02-14T20:18:50.107+0000] {logging_mixin.py:188} INFO - [2026-02-14T20:18:50.107+0000] {dagbag.py:538} INFO - Filling up the DagBag from /opt/airflow/dags/my_second_dag.py
[2026-02-14T20:18:50.117+0000] {processor.py:840} INFO - DAG(s) 'my_dag_of_the_morning' retrieved from /opt/airflow/dags/my_second_dag.py
[2026-02-14T20:18:50.147+0000] {logging_mixin.py:188} INFO - [2026-02-14T20:18:50.147+0000] {dag.py:3036} INFO - Sync 1 DAGs
[2026-02-14T20:18:50.169+0000] {logging_mixin.py:188} INFO - [2026-02-14T20:18:50.168+0000] {dag.py:3823} INFO - Setting next_dagrun for my_dag_of_the_morning to None, run_after=None
[2026-02-14T20:18:50.196+0000] {processor.py:183} INFO - Processing /opt/airflow/dags/my_second_dag.py took 0.098 seconds
[2026-02-14T20:19:20.442+0000] {processor.py:161} INFO - Started process (PID=4091) to work on /opt/airflow/dags/my_second_dag.py
[2026-02-14T20:19:20.444+0000] {processor.py:830} INFO - Processing file /opt/airflow/dags/my_second_dag.py for tasks to queue
[2026-02-14T20:19:20.447+0000] {logging_mixin.py:188} INFO - [2026-02-14T20:19:20.447+0000] {dagbag.py:538} INFO - Filling up the DagBag from /opt/airflow/dags/my_second_dag.py
[2026-02-14T20:19:20.456+0000] {processor.py:840} INFO - DAG(s) 'my_dag_of_the_morning' retrieved from /opt/airflow/dags/my_second_dag.py
[2026-02-14T20:19:20.491+0000] {logging_mixin.py:188} INFO - [2026-02-14T20:19:20.491+0000] {dag.py:3036} INFO - Sync 1 DAGs
[2026-02-14T20:19:20.511+0000] {logging_mixin.py:188} INFO - [2026-02-14T20:19:20.510+0000] {dag.py:3823} INFO - Setting next_dagrun for my_dag_of_the_morning to None, run_after=None
[2026-02-14T20:19:20.544+0000] {processor.py:183} INFO - Processing /opt/airflow/dags/my_second_dag.py took 0.108 seconds
[2026-02-14T20:19:51.523+0000] {processor.py:161} INFO - Started process (PID=4174) to work on /opt/airflow/dags/my_second_dag.py
[2026-02-14T20:19:51.524+0000] {processor.py:830} INFO - Processing file /opt/airflow/dags/my_second_dag.py for tasks to queue
[2026-02-14T20:19:51.526+0000] {logging_mixin.py:188} INFO - [2026-02-14T20:19:51.526+0000] {dagbag.py:538} INFO - Filling up the DagBag from /opt/airflow/dags/my_second_dag.py
[2026-02-14T20:19:51.535+0000] {processor.py:840} INFO - DAG(s) 'my_dag_of_the_morning' retrieved from /opt/airflow/dags/my_second_dag.py
[2026-02-14T20:19:51.565+0000] {logging_mixin.py:188} INFO - [2026-02-14T20:19:51.565+0000] {dag.py:3036} INFO - Sync 1 DAGs
[2026-02-14T20:19:51.583+0000] {logging_mixin.py:188} INFO - [2026-02-14T20:19:51.583+0000] {dag.py:3823} INFO - Setting next_dagrun for my_dag_of_the_morning to None, run_after=None
[2026-02-14T20:19:51.608+0000] {processor.py:183} INFO - Processing /opt/airflow/dags/my_second_dag.py took 0.090 seconds
[2026-02-14T20:20:22.397+0000] {processor.py:161} INFO - Started process (PID=4258) to work on /opt/airflow/dags/my_second_dag.py
[2026-02-14T20:20:22.399+0000] {processor.py:830} INFO - Processing file /opt/airflow/dags/my_second_dag.py for tasks to queue
[2026-02-14T20:20:22.402+0000] {logging_mixin.py:188} INFO - [2026-02-14T20:20:22.401+0000] {dagbag.py:538} INFO - Filling up the DagBag from /opt/airflow/dags/my_second_dag.py
[2026-02-14T20:20:22.412+0000] {processor.py:840} INFO - DAG(s) 'my_dag_of_the_morning' retrieved from /opt/airflow/dags/my_second_dag.py
[2026-02-14T20:20:22.447+0000] {logging_mixin.py:188} INFO - [2026-02-14T20:20:22.447+0000] {dag.py:3036} INFO - Sync 1 DAGs
[2026-02-14T20:20:22.469+0000] {logging_mixin.py:188} INFO - [2026-02-14T20:20:22.469+0000] {dag.py:3823} INFO - Setting next_dagrun for my_dag_of_the_morning to None, run_after=None
[2026-02-14T20:20:22.498+0000] {processor.py:183} INFO - Processing /opt/airflow/dags/my_second_dag.py took 0.106 seconds
[2026-02-14T20:20:53.383+0000] {processor.py:161} INFO - Started process (PID=4350) to work on /opt/airflow/dags/my_second_dag.py
[2026-02-14T20:20:53.386+0000] {processor.py:830} INFO - Processing file /opt/airflow/dags/my_second_dag.py for tasks to queue
[2026-02-14T20:20:53.389+0000] {logging_mixin.py:188} INFO - [2026-02-14T20:20:53.389+0000] {dagbag.py:538} INFO - Filling up the DagBag from /opt/airflow/dags/my_second_dag.py
[2026-02-14T20:20:53.402+0000] {processor.py:840} INFO - DAG(s) 'my_dag_of_the_morning' retrieved from /opt/airflow/dags/my_second_dag.py
[2026-02-14T20:20:53.442+0000] {logging_mixin.py:188} INFO - [2026-02-14T20:20:53.441+0000] {dag.py:3036} INFO - Sync 1 DAGs
[2026-02-14T20:20:53.469+0000] {logging_mixin.py:188} INFO - [2026-02-14T20:20:53.469+0000] {dag.py:3823} INFO - Setting next_dagrun for my_dag_of_the_morning to None, run_after=None
[2026-02-14T20:20:53.720+0000] {processor.py:183} INFO - Processing /opt/airflow/dags/my_second_dag.py took 0.343 seconds
[2026-02-14T20:21:24.716+0000] {processor.py:161} INFO - Started process (PID=4435) to work on /opt/airflow/dags/my_second_dag.py
[2026-02-14T20:21:24.717+0000] {processor.py:830} INFO - Processing file /opt/airflow/dags/my_second_dag.py for tasks to queue
[2026-02-14T20:21:24.720+0000] {logging_mixin.py:188} INFO - [2026-02-14T20:21:24.719+0000] {dagbag.py:538} INFO - Filling up the DagBag from /opt/airflow/dags/my_second_dag.py
[2026-02-14T20:21:24.729+0000] {processor.py:840} INFO - DAG(s) 'my_dag_of_the_morning' retrieved from /opt/airflow/dags/my_second_dag.py
[2026-02-14T20:21:24.766+0000] {logging_mixin.py:188} INFO - [2026-02-14T20:21:24.765+0000] {dag.py:3036} INFO - Sync 1 DAGs
[2026-02-14T20:21:24.787+0000] {logging_mixin.py:188} INFO - [2026-02-14T20:21:24.786+0000] {dag.py:3823} INFO - Setting next_dagrun for my_dag_of_the_morning to None, run_after=None
[2026-02-14T20:21:24.814+0000] {processor.py:183} INFO - Processing /opt/airflow/dags/my_second_dag.py took 0.104 seconds
[2026-02-14T20:21:55.670+0000] {processor.py:161} INFO - Started process (PID=4517) to work on /opt/airflow/dags/my_second_dag.py
[2026-02-14T20:21:55.672+0000] {processor.py:830} INFO - Processing file /opt/airflow/dags/my_second_dag.py for tasks to queue
[2026-02-14T20:21:55.674+0000] {logging_mixin.py:188} INFO - [2026-02-14T20:21:55.674+0000] {dagbag.py:538} INFO - Filling up the DagBag from /opt/airflow/dags/my_second_dag.py
[2026-02-14T20:21:55.684+0000] {processor.py:840} INFO - DAG(s) 'my_dag_of_the_morning' retrieved from /opt/airflow/dags/my_second_dag.py
[2026-02-14T20:21:55.720+0000] {logging_mixin.py:188} INFO - [2026-02-14T20:21:55.719+0000] {dag.py:3036} INFO - Sync 1 DAGs
[2026-02-14T20:21:55.743+0000] {logging_mixin.py:188} INFO - [2026-02-14T20:21:55.743+0000] {dag.py:3823} INFO - Setting next_dagrun for my_dag_of_the_morning to None, run_after=None
[2026-02-14T20:21:55.775+0000] {processor.py:183} INFO - Processing /opt/airflow/dags/my_second_dag.py took 0.110 seconds
[2026-02-14T20:22:26.040+0000] {processor.py:161} INFO - Started process (PID=4599) to work on /opt/airflow/dags/my_second_dag.py
[2026-02-14T20:22:26.042+0000] {processor.py:830} INFO - Processing file /opt/airflow/dags/my_second_dag.py for tasks to queue
[2026-02-14T20:22:26.044+0000] {logging_mixin.py:188} INFO - [2026-02-14T20:22:26.044+0000] {dagbag.py:538} INFO - Filling up the DagBag from /opt/airflow/dags/my_second_dag.py
[2026-02-14T20:22:26.053+0000] {processor.py:840} INFO - DAG(s) 'my_dag_of_the_morning' retrieved from /opt/airflow/dags/my_second_dag.py
[2026-02-14T20:22:26.089+0000] {logging_mixin.py:188} INFO - [2026-02-14T20:22:26.089+0000] {dag.py:3036} INFO - Sync 1 DAGs
[2026-02-14T20:22:26.114+0000] {logging_mixin.py:188} INFO - [2026-02-14T20:22:26.113+0000] {dag.py:3823} INFO - Setting next_dagrun for my_dag_of_the_morning to None, run_after=None
[2026-02-14T20:22:26.152+0000] {processor.py:183} INFO - Processing /opt/airflow/dags/my_second_dag.py took 0.117 seconds
[2026-02-14T20:22:56.993+0000] {processor.py:161} INFO - Started process (PID=4681) to work on /opt/airflow/dags/my_second_dag.py
[2026-02-14T20:22:56.995+0000] {processor.py:830} INFO - Processing file /opt/airflow/dags/my_second_dag.py for tasks to queue
[2026-02-14T20:22:56.998+0000] {logging_mixin.py:188} INFO - [2026-02-14T20:22:56.998+0000] {dagbag.py:538} INFO - Filling up the DagBag from /opt/airflow/dags/my_second_dag.py
[2026-02-14T20:22:57.007+0000] {processor.py:840} INFO - DAG(s) 'my_dag_of_the_morning' retrieved from /opt/airflow/dags/my_second_dag.py
[2026-02-14T20:22:57.040+0000] {logging_mixin.py:188} INFO - [2026-02-14T20:22:57.040+0000] {dag.py:3036} INFO - Sync 1 DAGs
[2026-02-14T20:22:57.062+0000] {logging_mixin.py:188} INFO - [2026-02-14T20:22:57.061+0000] {dag.py:3823} INFO - Setting next_dagrun for my_dag_of_the_morning to None, run_after=None
[2026-02-14T20:22:57.103+0000] {processor.py:183} INFO - Processing /opt/airflow/dags/my_second_dag.py took 0.115 seconds
[2026-02-14T20:23:27.855+0000] {processor.py:161} INFO - Started process (PID=4763) to work on /opt/airflow/dags/my_second_dag.py
[2026-02-14T20:23:27.856+0000] {processor.py:830} INFO - Processing file /opt/airflow/dags/my_second_dag.py for tasks to queue
[2026-02-14T20:23:27.859+0000] {logging_mixin.py:188} INFO - [2026-02-14T20:23:27.859+0000] {dagbag.py:538} INFO - Filling up the DagBag from /opt/airflow/dags/my_second_dag.py
[2026-02-14T20:23:27.869+0000] {processor.py:840} INFO - DAG(s) 'my_dag_of_the_morning' retrieved from /opt/airflow/dags/my_second_dag.py
[2026-02-14T20:23:27.907+0000] {logging_mixin.py:188} INFO - [2026-02-14T20:23:27.907+0000] {dag.py:3036} INFO - Sync 1 DAGs
[2026-02-14T20:23:28.141+0000] {logging_mixin.py:188} INFO - [2026-02-14T20:23:28.140+0000] {dag.py:3823} INFO - Setting next_dagrun for my_dag_of_the_morning to None, run_after=None
[2026-02-14T20:23:28.172+0000] {processor.py:183} INFO - Processing /opt/airflow/dags/my_second_dag.py took 0.322 seconds
[2026-02-14T20:23:58.614+0000] {processor.py:161} INFO - Started process (PID=4846) to work on /opt/airflow/dags/my_second_dag.py
[2026-02-14T20:23:58.616+0000] {processor.py:830} INFO - Processing file /opt/airflow/dags/my_second_dag.py for tasks to queue
[2026-02-14T20:23:58.619+0000] {logging_mixin.py:188} INFO - [2026-02-14T20:23:58.619+0000] {dagbag.py:538} INFO - Filling up the DagBag from /opt/airflow/dags/my_second_dag.py
[2026-02-14T20:23:58.629+0000] {processor.py:840} INFO - DAG(s) 'my_dag_of_the_morning' retrieved from /opt/airflow/dags/my_second_dag.py
[2026-02-14T20:23:58.662+0000] {logging_mixin.py:188} INFO - [2026-02-14T20:23:58.661+0000] {dag.py:3036} INFO - Sync 1 DAGs
[2026-02-14T20:23:58.685+0000] {logging_mixin.py:188} INFO - [2026-02-14T20:23:58.684+0000] {dag.py:3823} INFO - Setting next_dagrun for my_dag_of_the_morning to None, run_after=None
[2026-02-14T20:23:58.721+0000] {processor.py:183} INFO - Processing /opt/airflow/dags/my_second_dag.py took 0.112 seconds
[2026-02-14T20:24:28.969+0000] {processor.py:161} INFO - Started process (PID=4931) to work on /opt/airflow/dags/my_second_dag.py
[2026-02-14T20:24:28.970+0000] {processor.py:830} INFO - Processing file /opt/airflow/dags/my_second_dag.py for tasks to queue
[2026-02-14T20:24:28.972+0000] {logging_mixin.py:188} INFO - [2026-02-14T20:24:28.972+0000] {dagbag.py:538} INFO - Filling up the DagBag from /opt/airflow/dags/my_second_dag.py
[2026-02-14T20:24:28.982+0000] {processor.py:840} INFO - DAG(s) 'my_dag_of_the_morning' retrieved from /opt/airflow/dags/my_second_dag.py
[2026-02-14T20:24:29.013+0000] {logging_mixin.py:188} INFO - [2026-02-14T20:24:29.012+0000] {dag.py:3036} INFO - Sync 1 DAGs
[2026-02-14T20:24:29.031+0000] {logging_mixin.py:188} INFO - [2026-02-14T20:24:29.031+0000] {dag.py:3823} INFO - Setting next_dagrun for my_dag_of_the_morning to None, run_after=None
[2026-02-14T20:24:29.058+0000] {processor.py:183} INFO - Processing /opt/airflow/dags/my_second_dag.py took 0.093 seconds
[2026-02-14T20:24:59.523+0000] {processor.py:161} INFO - Started process (PID=5020) to work on /opt/airflow/dags/my_second_dag.py
[2026-02-14T20:24:59.525+0000] {processor.py:830} INFO - Processing file /opt/airflow/dags/my_second_dag.py for tasks to queue
[2026-02-14T20:24:59.528+0000] {logging_mixin.py:188} INFO - [2026-02-14T20:24:59.527+0000] {dagbag.py:538} INFO - Filling up the DagBag from /opt/airflow/dags/my_second_dag.py
[2026-02-14T20:24:59.538+0000] {processor.py:840} INFO - DAG(s) 'my_dag_of_the_morning' retrieved from /opt/airflow/dags/my_second_dag.py
[2026-02-14T20:24:59.572+0000] {logging_mixin.py:188} INFO - [2026-02-14T20:24:59.572+0000] {dag.py:3036} INFO - Sync 1 DAGs
[2026-02-14T20:24:59.593+0000] {logging_mixin.py:188} INFO - [2026-02-14T20:24:59.593+0000] {dag.py:3823} INFO - Setting next_dagrun for my_dag_of_the_morning to None, run_after=None
[2026-02-14T20:24:59.625+0000] {processor.py:183} INFO - Processing /opt/airflow/dags/my_second_dag.py took 0.107 seconds
[2026-02-14T20:25:29.881+0000] {processor.py:161} INFO - Started process (PID=5105) to work on /opt/airflow/dags/my_second_dag.py
[2026-02-14T20:25:29.883+0000] {processor.py:830} INFO - Processing file /opt/airflow/dags/my_second_dag.py for tasks to queue
[2026-02-14T20:25:29.886+0000] {logging_mixin.py:188} INFO - [2026-02-14T20:25:29.885+0000] {dagbag.py:538} INFO - Filling up the DagBag from /opt/airflow/dags/my_second_dag.py
[2026-02-14T20:25:29.897+0000] {processor.py:840} INFO - DAG(s) 'my_dag_of_the_morning' retrieved from /opt/airflow/dags/my_second_dag.py
[2026-02-14T20:25:29.934+0000] {logging_mixin.py:188} INFO - [2026-02-14T20:25:29.934+0000] {dag.py:3036} INFO - Sync 1 DAGs
[2026-02-14T20:25:29.958+0000] {logging_mixin.py:188} INFO - [2026-02-14T20:25:29.958+0000] {dag.py:3823} INFO - Setting next_dagrun for my_dag_of_the_morning to None, run_after=None
[2026-02-14T20:25:29.992+0000] {processor.py:183} INFO - Processing /opt/airflow/dags/my_second_dag.py took 0.116 seconds
[2026-02-14T20:26:00.187+0000] {processor.py:161} INFO - Started process (PID=5189) to work on /opt/airflow/dags/my_second_dag.py
[2026-02-14T20:26:00.189+0000] {processor.py:830} INFO - Processing file /opt/airflow/dags/my_second_dag.py for tasks to queue
[2026-02-14T20:26:00.192+0000] {logging_mixin.py:188} INFO - [2026-02-14T20:26:00.191+0000] {dagbag.py:538} INFO - Filling up the DagBag from /opt/airflow/dags/my_second_dag.py
[2026-02-14T20:26:00.209+0000] {processor.py:840} INFO - DAG(s) 'my_dag_of_the_morning' retrieved from /opt/airflow/dags/my_second_dag.py
[2026-02-14T20:26:00.266+0000] {logging_mixin.py:188} INFO - [2026-02-14T20:26:00.266+0000] {dag.py:3036} INFO - Sync 1 DAGs
[2026-02-14T20:26:00.296+0000] {logging_mixin.py:188} INFO - [2026-02-14T20:26:00.296+0000] {dag.py:3823} INFO - Setting next_dagrun for my_dag_of_the_morning to None, run_after=None
[2026-02-14T20:26:00.350+0000] {processor.py:183} INFO - Processing /opt/airflow/dags/my_second_dag.py took 0.169 seconds
[2026-02-14T20:26:30.782+0000] {processor.py:161} INFO - Started process (PID=5272) to work on /opt/airflow/dags/my_second_dag.py
[2026-02-14T20:26:30.783+0000] {processor.py:830} INFO - Processing file /opt/airflow/dags/my_second_dag.py for tasks to queue
[2026-02-14T20:26:30.786+0000] {logging_mixin.py:188} INFO - [2026-02-14T20:26:30.786+0000] {dagbag.py:538} INFO - Filling up the DagBag from /opt/airflow/dags/my_second_dag.py
[2026-02-14T20:26:30.795+0000] {processor.py:840} INFO - DAG(s) 'my_dag_of_the_morning' retrieved from /opt/airflow/dags/my_second_dag.py
[2026-02-14T20:26:30.827+0000] {logging_mixin.py:188} INFO - [2026-02-14T20:26:30.826+0000] {dag.py:3036} INFO - Sync 1 DAGs
[2026-02-14T20:26:30.847+0000] {logging_mixin.py:188} INFO - [2026-02-14T20:26:30.846+0000] {dag.py:3823} INFO - Setting next_dagrun for my_dag_of_the_morning to None, run_after=None
[2026-02-14T20:26:30.879+0000] {processor.py:183} INFO - Processing /opt/airflow/dags/my_second_dag.py took 0.103 seconds
[2026-02-14T20:27:01.234+0000] {processor.py:161} INFO - Started process (PID=5355) to work on /opt/airflow/dags/my_second_dag.py
[2026-02-14T20:27:01.235+0000] {processor.py:830} INFO - Processing file /opt/airflow/dags/my_second_dag.py for tasks to queue
[2026-02-14T20:27:01.238+0000] {logging_mixin.py:188} INFO - [2026-02-14T20:27:01.237+0000] {dagbag.py:538} INFO - Filling up the DagBag from /opt/airflow/dags/my_second_dag.py
[2026-02-14T20:27:01.247+0000] {processor.py:840} INFO - DAG(s) 'my_dag_of_the_morning' retrieved from /opt/airflow/dags/my_second_dag.py
[2026-02-14T20:27:01.285+0000] {logging_mixin.py:188} INFO - [2026-02-14T20:27:01.285+0000] {dag.py:3036} INFO - Sync 1 DAGs
[2026-02-14T20:27:01.309+0000] {logging_mixin.py:188} INFO - [2026-02-14T20:27:01.309+0000] {dag.py:3823} INFO - Setting next_dagrun for my_dag_of_the_morning to None, run_after=None
[2026-02-14T20:27:01.342+0000] {processor.py:183} INFO - Processing /opt/airflow/dags/my_second_dag.py took 0.113 seconds
[2026-02-14T20:27:32.084+0000] {processor.py:161} INFO - Started process (PID=5438) to work on /opt/airflow/dags/my_second_dag.py
[2026-02-14T20:27:32.087+0000] {processor.py:830} INFO - Processing file /opt/airflow/dags/my_second_dag.py for tasks to queue
[2026-02-14T20:27:32.090+0000] {logging_mixin.py:188} INFO - [2026-02-14T20:27:32.090+0000] {dagbag.py:538} INFO - Filling up the DagBag from /opt/airflow/dags/my_second_dag.py
[2026-02-14T20:27:32.100+0000] {processor.py:840} INFO - DAG(s) 'my_dag_of_the_morning' retrieved from /opt/airflow/dags/my_second_dag.py
[2026-02-14T20:27:32.137+0000] {logging_mixin.py:188} INFO - [2026-02-14T20:27:32.137+0000] {dag.py:3036} INFO - Sync 1 DAGs
[2026-02-14T20:27:32.161+0000] {logging_mixin.py:188} INFO - [2026-02-14T20:27:32.160+0000] {dag.py:3823} INFO - Setting next_dagrun for my_dag_of_the_morning to None, run_after=None
[2026-02-14T20:27:32.200+0000] {processor.py:183} INFO - Processing /opt/airflow/dags/my_second_dag.py took 0.122 seconds
[2026-02-14T20:28:02.387+0000] {processor.py:161} INFO - Started process (PID=5522) to work on /opt/airflow/dags/my_second_dag.py
[2026-02-14T20:28:02.388+0000] {processor.py:830} INFO - Processing file /opt/airflow/dags/my_second_dag.py for tasks to queue
[2026-02-14T20:28:02.391+0000] {logging_mixin.py:188} INFO - [2026-02-14T20:28:02.391+0000] {dagbag.py:538} INFO - Filling up the DagBag from /opt/airflow/dags/my_second_dag.py
[2026-02-14T20:28:02.401+0000] {processor.py:840} INFO - DAG(s) 'my_dag_of_the_morning' retrieved from /opt/airflow/dags/my_second_dag.py
[2026-02-14T20:28:02.435+0000] {logging_mixin.py:188} INFO - [2026-02-14T20:28:02.435+0000] {dag.py:3036} INFO - Sync 1 DAGs
[2026-02-14T20:28:02.458+0000] {logging_mixin.py:188} INFO - [2026-02-14T20:28:02.457+0000] {dag.py:3823} INFO - Setting next_dagrun for my_dag_of_the_morning to None, run_after=None
[2026-02-14T20:28:02.496+0000] {processor.py:183} INFO - Processing /opt/airflow/dags/my_second_dag.py took 0.114 seconds
[2026-02-14T20:28:32.604+0000] {processor.py:161} INFO - Started process (PID=5605) to work on /opt/airflow/dags/my_second_dag.py
[2026-02-14T20:28:32.606+0000] {processor.py:830} INFO - Processing file /opt/airflow/dags/my_second_dag.py for tasks to queue
[2026-02-14T20:28:32.609+0000] {logging_mixin.py:188} INFO - [2026-02-14T20:28:32.608+0000] {dagbag.py:538} INFO - Filling up the DagBag from /opt/airflow/dags/my_second_dag.py
[2026-02-14T20:28:32.619+0000] {processor.py:840} INFO - DAG(s) 'my_dag_of_the_morning' retrieved from /opt/airflow/dags/my_second_dag.py
[2026-02-14T20:28:32.657+0000] {logging_mixin.py:188} INFO - [2026-02-14T20:28:32.657+0000] {dag.py:3036} INFO - Sync 1 DAGs
[2026-02-14T20:28:32.682+0000] {logging_mixin.py:188} INFO - [2026-02-14T20:28:32.681+0000] {dag.py:3823} INFO - Setting next_dagrun for my_dag_of_the_morning to None, run_after=None
[2026-02-14T20:28:32.713+0000] {processor.py:183} INFO - Processing /opt/airflow/dags/my_second_dag.py took 0.114 seconds
[2026-02-14T20:29:03.183+0000] {processor.py:161} INFO - Started process (PID=5686) to work on /opt/airflow/dags/my_second_dag.py
[2026-02-14T20:29:03.184+0000] {processor.py:830} INFO - Processing file /opt/airflow/dags/my_second_dag.py for tasks to queue
[2026-02-14T20:29:03.187+0000] {logging_mixin.py:188} INFO - [2026-02-14T20:29:03.187+0000] {dagbag.py:538} INFO - Filling up the DagBag from /opt/airflow/dags/my_second_dag.py
[2026-02-14T20:29:03.198+0000] {processor.py:840} INFO - DAG(s) 'my_dag_of_the_morning' retrieved from /opt/airflow/dags/my_second_dag.py
[2026-02-14T20:29:03.235+0000] {logging_mixin.py:188} INFO - [2026-02-14T20:29:03.235+0000] {dag.py:3036} INFO - Sync 1 DAGs
[2026-02-14T20:29:03.258+0000] {logging_mixin.py:188} INFO - [2026-02-14T20:29:03.257+0000] {dag.py:3823} INFO - Setting next_dagrun for my_dag_of_the_morning to None, run_after=None
[2026-02-14T20:29:03.290+0000] {processor.py:183} INFO - Processing /opt/airflow/dags/my_second_dag.py took 0.113 seconds
[2026-02-14T20:29:33.504+0000] {processor.py:161} INFO - Started process (PID=5776) to work on /opt/airflow/dags/my_second_dag.py
[2026-02-14T20:29:33.505+0000] {processor.py:830} INFO - Processing file /opt/airflow/dags/my_second_dag.py for tasks to queue
[2026-02-14T20:29:33.508+0000] {logging_mixin.py:188} INFO - [2026-02-14T20:29:33.508+0000] {dagbag.py:538} INFO - Filling up the DagBag from /opt/airflow/dags/my_second_dag.py
[2026-02-14T20:29:33.518+0000] {processor.py:840} INFO - DAG(s) 'my_dag_of_the_morning' retrieved from /opt/airflow/dags/my_second_dag.py
[2026-02-14T20:29:33.565+0000] {logging_mixin.py:188} INFO - [2026-02-14T20:29:33.565+0000] {dag.py:3036} INFO - Sync 1 DAGs
[2026-02-14T20:29:33.609+0000] {logging_mixin.py:188} INFO - [2026-02-14T20:29:33.609+0000] {dag.py:3823} INFO - Setting next_dagrun for my_dag_of_the_morning to None, run_after=None
[2026-02-14T20:29:33.672+0000] {processor.py:183} INFO - Processing /opt/airflow/dags/my_second_dag.py took 0.174 seconds
[2026-02-14T20:30:03.860+0000] {processor.py:161} INFO - Started process (PID=5861) to work on /opt/airflow/dags/my_second_dag.py
[2026-02-14T20:30:03.862+0000] {processor.py:830} INFO - Processing file /opt/airflow/dags/my_second_dag.py for tasks to queue
[2026-02-14T20:30:03.866+0000] {logging_mixin.py:188} INFO - [2026-02-14T20:30:03.865+0000] {dagbag.py:538} INFO - Filling up the DagBag from /opt/airflow/dags/my_second_dag.py
[2026-02-14T20:30:03.881+0000] {processor.py:840} INFO - DAG(s) 'my_dag_of_the_morning' retrieved from /opt/airflow/dags/my_second_dag.py
[2026-02-14T20:30:03.919+0000] {logging_mixin.py:188} INFO - [2026-02-14T20:30:03.918+0000] {dag.py:3036} INFO - Sync 1 DAGs
[2026-02-14T20:30:03.943+0000] {logging_mixin.py:188} INFO - [2026-02-14T20:30:03.943+0000] {dag.py:3823} INFO - Setting next_dagrun for my_dag_of_the_morning to None, run_after=None
[2026-02-14T20:30:03.978+0000] {processor.py:183} INFO - Processing /opt/airflow/dags/my_second_dag.py took 0.124 seconds
[2026-02-14T20:30:34.186+0000] {processor.py:161} INFO - Started process (PID=5944) to work on /opt/airflow/dags/my_second_dag.py
[2026-02-14T20:30:34.188+0000] {processor.py:830} INFO - Processing file /opt/airflow/dags/my_second_dag.py for tasks to queue
[2026-02-14T20:30:34.192+0000] {logging_mixin.py:188} INFO - [2026-02-14T20:30:34.191+0000] {dagbag.py:538} INFO - Filling up the DagBag from /opt/airflow/dags/my_second_dag.py
[2026-02-14T20:30:34.203+0000] {processor.py:840} INFO - DAG(s) 'my_dag_of_the_morning' retrieved from /opt/airflow/dags/my_second_dag.py
[2026-02-14T20:30:34.244+0000] {logging_mixin.py:188} INFO - [2026-02-14T20:30:34.243+0000] {dag.py:3036} INFO - Sync 1 DAGs
[2026-02-14T20:30:34.274+0000] {logging_mixin.py:188} INFO - [2026-02-14T20:30:34.274+0000] {dag.py:3823} INFO - Setting next_dagrun for my_dag_of_the_morning to None, run_after=None
[2026-02-14T20:30:34.309+0000] {processor.py:183} INFO - Processing /opt/airflow/dags/my_second_dag.py took 0.129 seconds
[2026-02-14T20:31:04.499+0000] {processor.py:161} INFO - Started process (PID=6027) to work on /opt/airflow/dags/my_second_dag.py
[2026-02-14T20:31:04.501+0000] {processor.py:830} INFO - Processing file /opt/airflow/dags/my_second_dag.py for tasks to queue
[2026-02-14T20:31:04.504+0000] {logging_mixin.py:188} INFO - [2026-02-14T20:31:04.504+0000] {dagbag.py:538} INFO - Filling up the DagBag from /opt/airflow/dags/my_second_dag.py
[2026-02-14T20:31:04.514+0000] {processor.py:840} INFO - DAG(s) 'my_dag_of_the_morning' retrieved from /opt/airflow/dags/my_second_dag.py
[2026-02-14T20:31:04.549+0000] {logging_mixin.py:188} INFO - [2026-02-14T20:31:04.549+0000] {dag.py:3036} INFO - Sync 1 DAGs
[2026-02-14T20:31:04.572+0000] {logging_mixin.py:188} INFO - [2026-02-14T20:31:04.572+0000] {dag.py:3823} INFO - Setting next_dagrun for my_dag_of_the_morning to None, run_after=None
[2026-02-14T20:31:04.604+0000] {processor.py:183} INFO - Processing /opt/airflow/dags/my_second_dag.py took 0.110 seconds
[2026-02-14T20:31:35.163+0000] {processor.py:161} INFO - Started process (PID=6110) to work on /opt/airflow/dags/my_second_dag.py
[2026-02-14T20:31:35.165+0000] {processor.py:830} INFO - Processing file /opt/airflow/dags/my_second_dag.py for tasks to queue
[2026-02-14T20:31:35.167+0000] {logging_mixin.py:188} INFO - [2026-02-14T20:31:35.167+0000] {dagbag.py:538} INFO - Filling up the DagBag from /opt/airflow/dags/my_second_dag.py
[2026-02-14T20:31:35.176+0000] {processor.py:840} INFO - DAG(s) 'my_dag_of_the_morning' retrieved from /opt/airflow/dags/my_second_dag.py
[2026-02-14T20:31:35.212+0000] {logging_mixin.py:188} INFO - [2026-02-14T20:31:35.211+0000] {dag.py:3036} INFO - Sync 1 DAGs
[2026-02-14T20:31:35.236+0000] {logging_mixin.py:188} INFO - [2026-02-14T20:31:35.235+0000] {dag.py:3823} INFO - Setting next_dagrun for my_dag_of_the_morning to None, run_after=None
[2026-02-14T20:31:35.267+0000] {processor.py:183} INFO - Processing /opt/airflow/dags/my_second_dag.py took 0.108 seconds
[2026-02-14T20:32:05.790+0000] {processor.py:161} INFO - Started process (PID=6194) to work on /opt/airflow/dags/my_second_dag.py
[2026-02-14T20:32:05.793+0000] {processor.py:830} INFO - Processing file /opt/airflow/dags/my_second_dag.py for tasks to queue
[2026-02-14T20:32:05.798+0000] {logging_mixin.py:188} INFO - [2026-02-14T20:32:05.797+0000] {dagbag.py:538} INFO - Filling up the DagBag from /opt/airflow/dags/my_second_dag.py
[2026-02-14T20:32:05.807+0000] {processor.py:840} INFO - DAG(s) 'my_dag_of_the_morning' retrieved from /opt/airflow/dags/my_second_dag.py
[2026-02-14T20:32:05.841+0000] {logging_mixin.py:188} INFO - [2026-02-14T20:32:05.841+0000] {dag.py:3036} INFO - Sync 1 DAGs
[2026-02-14T20:32:05.865+0000] {logging_mixin.py:188} INFO - [2026-02-14T20:32:05.865+0000] {dag.py:3823} INFO - Setting next_dagrun for my_dag_of_the_morning to None, run_after=None
[2026-02-14T20:32:05.897+0000] {processor.py:183} INFO - Processing /opt/airflow/dags/my_second_dag.py took 0.113 seconds
[2026-02-14T20:32:36.189+0000] {processor.py:161} INFO - Started process (PID=6277) to work on /opt/airflow/dags/my_second_dag.py
[2026-02-14T20:32:36.193+0000] {processor.py:830} INFO - Processing file /opt/airflow/dags/my_second_dag.py for tasks to queue
[2026-02-14T20:32:36.196+0000] {logging_mixin.py:188} INFO - [2026-02-14T20:32:36.196+0000] {dagbag.py:538} INFO - Filling up the DagBag from /opt/airflow/dags/my_second_dag.py
[2026-02-14T20:32:36.207+0000] {processor.py:840} INFO - DAG(s) 'my_dag_of_the_morning' retrieved from /opt/airflow/dags/my_second_dag.py
[2026-02-14T20:32:36.240+0000] {logging_mixin.py:188} INFO - [2026-02-14T20:32:36.240+0000] {dag.py:3036} INFO - Sync 1 DAGs
[2026-02-14T20:32:36.264+0000] {logging_mixin.py:188} INFO - [2026-02-14T20:32:36.263+0000] {dag.py:3823} INFO - Setting next_dagrun for my_dag_of_the_morning to None, run_after=None
[2026-02-14T20:32:36.299+0000] {processor.py:183} INFO - Processing /opt/airflow/dags/my_second_dag.py took 0.115 seconds
[2026-02-14T20:33:06.847+0000] {processor.py:161} INFO - Started process (PID=6361) to work on /opt/airflow/dags/my_second_dag.py
[2026-02-14T20:33:06.848+0000] {processor.py:830} INFO - Processing file /opt/airflow/dags/my_second_dag.py for tasks to queue
[2026-02-14T20:33:06.851+0000] {logging_mixin.py:188} INFO - [2026-02-14T20:33:06.851+0000] {dagbag.py:538} INFO - Filling up the DagBag from /opt/airflow/dags/my_second_dag.py
[2026-02-14T20:33:06.860+0000] {processor.py:840} INFO - DAG(s) 'my_dag_of_the_morning' retrieved from /opt/airflow/dags/my_second_dag.py
[2026-02-14T20:33:06.892+0000] {logging_mixin.py:188} INFO - [2026-02-14T20:33:06.892+0000] {dag.py:3036} INFO - Sync 1 DAGs
[2026-02-14T20:33:06.911+0000] {logging_mixin.py:188} INFO - [2026-02-14T20:33:06.911+0000] {dag.py:3823} INFO - Setting next_dagrun for my_dag_of_the_morning to None, run_after=None
[2026-02-14T20:33:06.940+0000] {processor.py:183} INFO - Processing /opt/airflow/dags/my_second_dag.py took 0.098 seconds
[2026-02-14T20:33:37.252+0000] {processor.py:161} INFO - Started process (PID=6443) to work on /opt/airflow/dags/my_second_dag.py
[2026-02-14T20:33:37.254+0000] {processor.py:830} INFO - Processing file /opt/airflow/dags/my_second_dag.py for tasks to queue
[2026-02-14T20:33:37.257+0000] {logging_mixin.py:188} INFO - [2026-02-14T20:33:37.256+0000] {dagbag.py:538} INFO - Filling up the DagBag from /opt/airflow/dags/my_second_dag.py
[2026-02-14T20:33:37.268+0000] {processor.py:840} INFO - DAG(s) 'my_dag_of_the_morning' retrieved from /opt/airflow/dags/my_second_dag.py
[2026-02-14T20:33:37.316+0000] {logging_mixin.py:188} INFO - [2026-02-14T20:33:37.315+0000] {dag.py:3036} INFO - Sync 1 DAGs
[2026-02-14T20:33:37.347+0000] {logging_mixin.py:188} INFO - [2026-02-14T20:33:37.347+0000] {dag.py:3823} INFO - Setting next_dagrun for my_dag_of_the_morning to None, run_after=None
[2026-02-14T20:33:37.381+0000] {processor.py:183} INFO - Processing /opt/airflow/dags/my_second_dag.py took 0.137 seconds
[2026-02-14T20:34:07.675+0000] {processor.py:161} INFO - Started process (PID=6527) to work on /opt/airflow/dags/my_second_dag.py
[2026-02-14T20:34:07.678+0000] {processor.py:830} INFO - Processing file /opt/airflow/dags/my_second_dag.py for tasks to queue
[2026-02-14T20:34:07.681+0000] {logging_mixin.py:188} INFO - [2026-02-14T20:34:07.681+0000] {dagbag.py:538} INFO - Filling up the DagBag from /opt/airflow/dags/my_second_dag.py
[2026-02-14T20:34:07.692+0000] {processor.py:840} INFO - DAG(s) 'my_dag_of_the_morning' retrieved from /opt/airflow/dags/my_second_dag.py
[2026-02-14T20:34:07.726+0000] {logging_mixin.py:188} INFO - [2026-02-14T20:34:07.726+0000] {dag.py:3036} INFO - Sync 1 DAGs
[2026-02-14T20:34:07.746+0000] {logging_mixin.py:188} INFO - [2026-02-14T20:34:07.746+0000] {dag.py:3823} INFO - Setting next_dagrun for my_dag_of_the_morning to None, run_after=None
[2026-02-14T20:34:07.773+0000] {processor.py:183} INFO - Processing /opt/airflow/dags/my_second_dag.py took 0.103 seconds
[2026-02-14T20:34:38.168+0000] {processor.py:161} INFO - Started process (PID=6618) to work on /opt/airflow/dags/my_second_dag.py
[2026-02-14T20:34:38.170+0000] {processor.py:830} INFO - Processing file /opt/airflow/dags/my_second_dag.py for tasks to queue
[2026-02-14T20:34:38.173+0000] {logging_mixin.py:188} INFO - [2026-02-14T20:34:38.172+0000] {dagbag.py:538} INFO - Filling up the DagBag from /opt/airflow/dags/my_second_dag.py
[2026-02-14T20:34:38.183+0000] {processor.py:840} INFO - DAG(s) 'my_dag_of_the_morning' retrieved from /opt/airflow/dags/my_second_dag.py
[2026-02-14T20:34:38.216+0000] {logging_mixin.py:188} INFO - [2026-02-14T20:34:38.215+0000] {dag.py:3036} INFO - Sync 1 DAGs
[2026-02-14T20:34:38.236+0000] {logging_mixin.py:188} INFO - [2026-02-14T20:34:38.236+0000] {dag.py:3823} INFO - Setting next_dagrun for my_dag_of_the_morning to None, run_after=None
[2026-02-14T20:34:38.270+0000] {processor.py:183} INFO - Processing /opt/airflow/dags/my_second_dag.py took 0.108 seconds
[2026-02-14T20:35:08.688+0000] {processor.py:161} INFO - Started process (PID=6702) to work on /opt/airflow/dags/my_second_dag.py
[2026-02-14T20:35:08.689+0000] {processor.py:830} INFO - Processing file /opt/airflow/dags/my_second_dag.py for tasks to queue
[2026-02-14T20:35:08.692+0000] {logging_mixin.py:188} INFO - [2026-02-14T20:35:08.692+0000] {dagbag.py:538} INFO - Filling up the DagBag from /opt/airflow/dags/my_second_dag.py
[2026-02-14T20:35:08.701+0000] {processor.py:840} INFO - DAG(s) 'my_dag_of_the_morning' retrieved from /opt/airflow/dags/my_second_dag.py
[2026-02-14T20:35:08.737+0000] {logging_mixin.py:188} INFO - [2026-02-14T20:35:08.736+0000] {dag.py:3036} INFO - Sync 1 DAGs
[2026-02-14T20:35:08.759+0000] {logging_mixin.py:188} INFO - [2026-02-14T20:35:08.759+0000] {dag.py:3823} INFO - Setting next_dagrun for my_dag_of_the_morning to None, run_after=None
[2026-02-14T20:35:08.794+0000] {processor.py:183} INFO - Processing /opt/airflow/dags/my_second_dag.py took 0.111 seconds
[2026-02-14T20:35:39.086+0000] {processor.py:161} INFO - Started process (PID=6785) to work on /opt/airflow/dags/my_second_dag.py
[2026-02-14T20:35:39.088+0000] {processor.py:830} INFO - Processing file /opt/airflow/dags/my_second_dag.py for tasks to queue
[2026-02-14T20:35:39.090+0000] {logging_mixin.py:188} INFO - [2026-02-14T20:35:39.090+0000] {dagbag.py:538} INFO - Filling up the DagBag from /opt/airflow/dags/my_second_dag.py
[2026-02-14T20:35:39.101+0000] {processor.py:840} INFO - DAG(s) 'my_dag_of_the_morning' retrieved from /opt/airflow/dags/my_second_dag.py
[2026-02-14T20:35:39.134+0000] {logging_mixin.py:188} INFO - [2026-02-14T20:35:39.134+0000] {dag.py:3036} INFO - Sync 1 DAGs
[2026-02-14T20:35:39.157+0000] {logging_mixin.py:188} INFO - [2026-02-14T20:35:39.156+0000] {dag.py:3823} INFO - Setting next_dagrun for my_dag_of_the_morning to None, run_after=None
[2026-02-14T20:35:39.188+0000] {processor.py:183} INFO - Processing /opt/airflow/dags/my_second_dag.py took 0.109 seconds
[2026-02-14T20:36:09.436+0000] {processor.py:161} INFO - Started process (PID=6867) to work on /opt/airflow/dags/my_second_dag.py
[2026-02-14T20:36:09.440+0000] {processor.py:830} INFO - Processing file /opt/airflow/dags/my_second_dag.py for tasks to queue
[2026-02-14T20:36:09.443+0000] {logging_mixin.py:188} INFO - [2026-02-14T20:36:09.443+0000] {dagbag.py:538} INFO - Filling up the DagBag from /opt/airflow/dags/my_second_dag.py
[2026-02-14T20:36:09.453+0000] {processor.py:840} INFO - DAG(s) 'my_dag_of_the_morning' retrieved from /opt/airflow/dags/my_second_dag.py
[2026-02-14T20:36:09.492+0000] {logging_mixin.py:188} INFO - [2026-02-14T20:36:09.492+0000] {dag.py:3036} INFO - Sync 1 DAGs
[2026-02-14T20:36:09.519+0000] {logging_mixin.py:188} INFO - [2026-02-14T20:36:09.518+0000] {dag.py:3823} INFO - Setting next_dagrun for my_dag_of_the_morning to None, run_after=None
[2026-02-14T20:36:09.554+0000] {processor.py:183} INFO - Processing /opt/airflow/dags/my_second_dag.py took 0.123 seconds
[2026-02-14T20:36:39.731+0000] {processor.py:161} INFO - Started process (PID=6949) to work on /opt/airflow/dags/my_second_dag.py
[2026-02-14T20:36:39.733+0000] {processor.py:830} INFO - Processing file /opt/airflow/dags/my_second_dag.py for tasks to queue
[2026-02-14T20:36:39.737+0000] {logging_mixin.py:188} INFO - [2026-02-14T20:36:39.736+0000] {dagbag.py:538} INFO - Filling up the DagBag from /opt/airflow/dags/my_second_dag.py
[2026-02-14T20:36:39.747+0000] {processor.py:840} INFO - DAG(s) 'my_dag_of_the_morning' retrieved from /opt/airflow/dags/my_second_dag.py
[2026-02-14T20:36:39.788+0000] {logging_mixin.py:188} INFO - [2026-02-14T20:36:39.787+0000] {dag.py:3036} INFO - Sync 1 DAGs
[2026-02-14T20:36:39.818+0000] {logging_mixin.py:188} INFO - [2026-02-14T20:36:39.818+0000] {dag.py:3823} INFO - Setting next_dagrun for my_dag_of_the_morning to None, run_after=None
[2026-02-14T20:36:39.858+0000] {processor.py:183} INFO - Processing /opt/airflow/dags/my_second_dag.py took 0.132 seconds
[2026-02-14T20:37:10.230+0000] {processor.py:161} INFO - Started process (PID=7033) to work on /opt/airflow/dags/my_second_dag.py
[2026-02-14T20:37:10.231+0000] {processor.py:830} INFO - Processing file /opt/airflow/dags/my_second_dag.py for tasks to queue
[2026-02-14T20:37:10.233+0000] {logging_mixin.py:188} INFO - [2026-02-14T20:37:10.233+0000] {dagbag.py:538} INFO - Filling up the DagBag from /opt/airflow/dags/my_second_dag.py
[2026-02-14T20:37:10.244+0000] {processor.py:840} INFO - DAG(s) 'my_dag_of_the_morning' retrieved from /opt/airflow/dags/my_second_dag.py
[2026-02-14T20:37:10.283+0000] {logging_mixin.py:188} INFO - [2026-02-14T20:37:10.283+0000] {dag.py:3036} INFO - Sync 1 DAGs
[2026-02-14T20:37:10.309+0000] {logging_mixin.py:188} INFO - [2026-02-14T20:37:10.308+0000] {dag.py:3823} INFO - Setting next_dagrun for my_dag_of_the_morning to None, run_after=None
[2026-02-14T20:37:10.341+0000] {processor.py:183} INFO - Processing /opt/airflow/dags/my_second_dag.py took 0.116 seconds
[2026-02-14T20:37:40.528+0000] {processor.py:161} INFO - Started process (PID=7116) to work on /opt/airflow/dags/my_second_dag.py
[2026-02-14T20:37:40.530+0000] {processor.py:830} INFO - Processing file /opt/airflow/dags/my_second_dag.py for tasks to queue
[2026-02-14T20:37:40.532+0000] {logging_mixin.py:188} INFO - [2026-02-14T20:37:40.532+0000] {dagbag.py:538} INFO - Filling up the DagBag from /opt/airflow/dags/my_second_dag.py
[2026-02-14T20:37:40.543+0000] {processor.py:840} INFO - DAG(s) 'my_dag_of_the_morning' retrieved from /opt/airflow/dags/my_second_dag.py
[2026-02-14T20:37:40.575+0000] {logging_mixin.py:188} INFO - [2026-02-14T20:37:40.574+0000] {dag.py:3036} INFO - Sync 1 DAGs
[2026-02-14T20:37:40.598+0000] {logging_mixin.py:188} INFO - [2026-02-14T20:37:40.598+0000] {dag.py:3823} INFO - Setting next_dagrun for my_dag_of_the_morning to None, run_after=None
[2026-02-14T20:37:40.630+0000] {processor.py:183} INFO - Processing /opt/airflow/dags/my_second_dag.py took 0.106 seconds
[2026-02-14T20:38:10.821+0000] {processor.py:161} INFO - Started process (PID=7199) to work on /opt/airflow/dags/my_second_dag.py
[2026-02-14T20:38:10.822+0000] {processor.py:830} INFO - Processing file /opt/airflow/dags/my_second_dag.py for tasks to queue
[2026-02-14T20:38:10.825+0000] {logging_mixin.py:188} INFO - [2026-02-14T20:38:10.824+0000] {dagbag.py:538} INFO - Filling up the DagBag from /opt/airflow/dags/my_second_dag.py
[2026-02-14T20:38:10.834+0000] {processor.py:840} INFO - DAG(s) 'my_dag_of_the_morning' retrieved from /opt/airflow/dags/my_second_dag.py
[2026-02-14T20:38:10.868+0000] {logging_mixin.py:188} INFO - [2026-02-14T20:38:10.867+0000] {dag.py:3036} INFO - Sync 1 DAGs
[2026-02-14T20:38:10.892+0000] {logging_mixin.py:188} INFO - [2026-02-14T20:38:10.892+0000] {dag.py:3823} INFO - Setting next_dagrun for my_dag_of_the_morning to None, run_after=None
[2026-02-14T20:38:10.924+0000] {processor.py:183} INFO - Processing /opt/airflow/dags/my_second_dag.py took 0.108 seconds
[2026-02-14T20:38:41.392+0000] {processor.py:161} INFO - Started process (PID=7283) to work on /opt/airflow/dags/my_second_dag.py
[2026-02-14T20:38:41.394+0000] {processor.py:830} INFO - Processing file /opt/airflow/dags/my_second_dag.py for tasks to queue
[2026-02-14T20:38:41.396+0000] {logging_mixin.py:188} INFO - [2026-02-14T20:38:41.396+0000] {dagbag.py:538} INFO - Filling up the DagBag from /opt/airflow/dags/my_second_dag.py
[2026-02-14T20:38:41.406+0000] {processor.py:840} INFO - DAG(s) 'my_dag_of_the_morning' retrieved from /opt/airflow/dags/my_second_dag.py
[2026-02-14T20:38:41.440+0000] {logging_mixin.py:188} INFO - [2026-02-14T20:38:41.439+0000] {dag.py:3036} INFO - Sync 1 DAGs
[2026-02-14T20:38:41.479+0000] {logging_mixin.py:188} INFO - [2026-02-14T20:38:41.478+0000] {dag.py:3823} INFO - Setting next_dagrun for my_dag_of_the_morning to None, run_after=None
[2026-02-14T20:38:41.518+0000] {processor.py:183} INFO - Processing /opt/airflow/dags/my_second_dag.py took 0.131 seconds
[2026-02-14T20:39:12.391+0000] {processor.py:161} INFO - Started process (PID=7366) to work on /opt/airflow/dags/my_second_dag.py
[2026-02-14T20:39:12.392+0000] {processor.py:830} INFO - Processing file /opt/airflow/dags/my_second_dag.py for tasks to queue
[2026-02-14T20:39:12.395+0000] {logging_mixin.py:188} INFO - [2026-02-14T20:39:12.394+0000] {dagbag.py:538} INFO - Filling up the DagBag from /opt/airflow/dags/my_second_dag.py
[2026-02-14T20:39:12.404+0000] {processor.py:840} INFO - DAG(s) 'my_dag_of_the_morning' retrieved from /opt/airflow/dags/my_second_dag.py
[2026-02-14T20:39:12.437+0000] {logging_mixin.py:188} INFO - [2026-02-14T20:39:12.436+0000] {dag.py:3036} INFO - Sync 1 DAGs
[2026-02-14T20:39:12.458+0000] {logging_mixin.py:188} INFO - [2026-02-14T20:39:12.457+0000] {dag.py:3823} INFO - Setting next_dagrun for my_dag_of_the_morning to None, run_after=None
[2026-02-14T20:39:12.498+0000] {processor.py:183} INFO - Processing /opt/airflow/dags/my_second_dag.py took 0.112 seconds
[2026-02-14T20:39:43.372+0000] {processor.py:161} INFO - Started process (PID=7457) to work on /opt/airflow/dags/my_second_dag.py
[2026-02-14T20:39:43.374+0000] {processor.py:830} INFO - Processing file /opt/airflow/dags/my_second_dag.py for tasks to queue
[2026-02-14T20:39:43.377+0000] {logging_mixin.py:188} INFO - [2026-02-14T20:39:43.376+0000] {dagbag.py:538} INFO - Filling up the DagBag from /opt/airflow/dags/my_second_dag.py
[2026-02-14T20:39:43.389+0000] {processor.py:840} INFO - DAG(s) 'my_dag_of_the_morning' retrieved from /opt/airflow/dags/my_second_dag.py
[2026-02-14T20:39:43.429+0000] {logging_mixin.py:188} INFO - [2026-02-14T20:39:43.428+0000] {dag.py:3036} INFO - Sync 1 DAGs
[2026-02-14T20:39:43.462+0000] {logging_mixin.py:188} INFO - [2026-02-14T20:39:43.462+0000] {dag.py:3823} INFO - Setting next_dagrun for my_dag_of_the_morning to None, run_after=None
[2026-02-14T20:39:43.496+0000] {processor.py:183} INFO - Processing /opt/airflow/dags/my_second_dag.py took 0.130 seconds
[2026-02-14T20:40:13.648+0000] {processor.py:161} INFO - Started process (PID=7540) to work on /opt/airflow/dags/my_second_dag.py
[2026-02-14T20:40:13.650+0000] {processor.py:830} INFO - Processing file /opt/airflow/dags/my_second_dag.py for tasks to queue
[2026-02-14T20:40:13.653+0000] {logging_mixin.py:188} INFO - [2026-02-14T20:40:13.652+0000] {dagbag.py:538} INFO - Filling up the DagBag from /opt/airflow/dags/my_second_dag.py
[2026-02-14T20:40:13.664+0000] {processor.py:840} INFO - DAG(s) 'my_dag_of_the_morning' retrieved from /opt/airflow/dags/my_second_dag.py
[2026-02-14T20:40:13.704+0000] {logging_mixin.py:188} INFO - [2026-02-14T20:40:13.704+0000] {dag.py:3036} INFO - Sync 1 DAGs
[2026-02-14T20:40:13.730+0000] {logging_mixin.py:188} INFO - [2026-02-14T20:40:13.729+0000] {dag.py:3823} INFO - Setting next_dagrun for my_dag_of_the_morning to None, run_after=None
[2026-02-14T20:40:13.772+0000] {processor.py:183} INFO - Processing /opt/airflow/dags/my_second_dag.py took 0.130 seconds
[2026-02-14T20:40:44.149+0000] {processor.py:161} INFO - Started process (PID=7622) to work on /opt/airflow/dags/my_second_dag.py
[2026-02-14T20:40:44.151+0000] {processor.py:830} INFO - Processing file /opt/airflow/dags/my_second_dag.py for tasks to queue
[2026-02-14T20:40:44.154+0000] {logging_mixin.py:188} INFO - [2026-02-14T20:40:44.154+0000] {dagbag.py:538} INFO - Filling up the DagBag from /opt/airflow/dags/my_second_dag.py
[2026-02-14T20:40:44.166+0000] {processor.py:840} INFO - DAG(s) 'my_dag_of_the_morning' retrieved from /opt/airflow/dags/my_second_dag.py
[2026-02-14T20:40:44.205+0000] {logging_mixin.py:188} INFO - [2026-02-14T20:40:44.205+0000] {dag.py:3036} INFO - Sync 1 DAGs
[2026-02-14T20:40:44.229+0000] {logging_mixin.py:188} INFO - [2026-02-14T20:40:44.228+0000] {dag.py:3823} INFO - Setting next_dagrun for my_dag_of_the_morning to None, run_after=None
[2026-02-14T20:40:44.268+0000] {processor.py:183} INFO - Processing /opt/airflow/dags/my_second_dag.py took 0.126 seconds
[2026-02-14T20:41:14.470+0000] {processor.py:161} INFO - Started process (PID=7705) to work on /opt/airflow/dags/my_second_dag.py
[2026-02-14T20:41:14.471+0000] {processor.py:830} INFO - Processing file /opt/airflow/dags/my_second_dag.py for tasks to queue
[2026-02-14T20:41:14.474+0000] {logging_mixin.py:188} INFO - [2026-02-14T20:41:14.474+0000] {dagbag.py:538} INFO - Filling up the DagBag from /opt/airflow/dags/my_second_dag.py
[2026-02-14T20:41:14.483+0000] {processor.py:840} INFO - DAG(s) 'my_dag_of_the_morning' retrieved from /opt/airflow/dags/my_second_dag.py
[2026-02-14T20:41:14.514+0000] {logging_mixin.py:188} INFO - [2026-02-14T20:41:14.514+0000] {dag.py:3036} INFO - Sync 1 DAGs
[2026-02-14T20:41:14.537+0000] {logging_mixin.py:188} INFO - [2026-02-14T20:41:14.537+0000] {dag.py:3823} INFO - Setting next_dagrun for my_dag_of_the_morning to None, run_after=None
[2026-02-14T20:41:14.572+0000] {processor.py:183} INFO - Processing /opt/airflow/dags/my_second_dag.py took 0.106 seconds
[2026-02-14T20:41:44.706+0000] {processor.py:161} INFO - Started process (PID=7788) to work on /opt/airflow/dags/my_second_dag.py
[2026-02-14T20:41:44.708+0000] {processor.py:830} INFO - Processing file /opt/airflow/dags/my_second_dag.py for tasks to queue
[2026-02-14T20:41:44.711+0000] {logging_mixin.py:188} INFO - [2026-02-14T20:41:44.711+0000] {dagbag.py:538} INFO - Filling up the DagBag from /opt/airflow/dags/my_second_dag.py
[2026-02-14T20:41:44.724+0000] {processor.py:840} INFO - DAG(s) 'my_dag_of_the_morning' retrieved from /opt/airflow/dags/my_second_dag.py
[2026-02-14T20:41:44.767+0000] {logging_mixin.py:188} INFO - [2026-02-14T20:41:44.767+0000] {dag.py:3036} INFO - Sync 1 DAGs
[2026-02-14T20:41:44.791+0000] {logging_mixin.py:188} INFO - [2026-02-14T20:41:44.791+0000] {dag.py:3823} INFO - Setting next_dagrun for my_dag_of_the_morning to None, run_after=None
[2026-02-14T20:41:44.826+0000] {processor.py:183} INFO - Processing /opt/airflow/dags/my_second_dag.py took 0.125 seconds
[2026-02-14T20:42:15.475+0000] {processor.py:161} INFO - Started process (PID=7871) to work on /opt/airflow/dags/my_second_dag.py
[2026-02-14T20:42:15.476+0000] {processor.py:830} INFO - Processing file /opt/airflow/dags/my_second_dag.py for tasks to queue
[2026-02-14T20:42:15.479+0000] {logging_mixin.py:188} INFO - [2026-02-14T20:42:15.478+0000] {dagbag.py:538} INFO - Filling up the DagBag from /opt/airflow/dags/my_second_dag.py
[2026-02-14T20:42:15.490+0000] {processor.py:840} INFO - DAG(s) 'my_dag_of_the_morning' retrieved from /opt/airflow/dags/my_second_dag.py
[2026-02-14T20:42:15.525+0000] {logging_mixin.py:188} INFO - [2026-02-14T20:42:15.525+0000] {dag.py:3036} INFO - Sync 1 DAGs
[2026-02-14T20:42:15.551+0000] {logging_mixin.py:188} INFO - [2026-02-14T20:42:15.551+0000] {dag.py:3823} INFO - Setting next_dagrun for my_dag_of_the_morning to None, run_after=None
[2026-02-14T20:42:15.580+0000] {processor.py:183} INFO - Processing /opt/airflow/dags/my_second_dag.py took 0.110 seconds
[2026-02-14T20:42:45.867+0000] {processor.py:161} INFO - Started process (PID=7953) to work on /opt/airflow/dags/my_second_dag.py
[2026-02-14T20:42:45.869+0000] {processor.py:830} INFO - Processing file /opt/airflow/dags/my_second_dag.py for tasks to queue
[2026-02-14T20:42:45.872+0000] {logging_mixin.py:188} INFO - [2026-02-14T20:42:45.871+0000] {dagbag.py:538} INFO - Filling up the DagBag from /opt/airflow/dags/my_second_dag.py
[2026-02-14T20:42:45.882+0000] {processor.py:840} INFO - DAG(s) 'my_dag_of_the_morning' retrieved from /opt/airflow/dags/my_second_dag.py
[2026-02-14T20:42:45.925+0000] {logging_mixin.py:188} INFO - [2026-02-14T20:42:45.925+0000] {dag.py:3036} INFO - Sync 1 DAGs
[2026-02-14T20:42:45.945+0000] {logging_mixin.py:188} INFO - [2026-02-14T20:42:45.945+0000] {dag.py:3823} INFO - Setting next_dagrun for my_dag_of_the_morning to None, run_after=None
[2026-02-14T20:42:45.980+0000] {processor.py:183} INFO - Processing /opt/airflow/dags/my_second_dag.py took 0.118 seconds
[2026-02-14T20:43:16.954+0000] {processor.py:161} INFO - Started process (PID=8036) to work on /opt/airflow/dags/my_second_dag.py
[2026-02-14T20:43:16.956+0000] {processor.py:830} INFO - Processing file /opt/airflow/dags/my_second_dag.py for tasks to queue
[2026-02-14T20:43:16.959+0000] {logging_mixin.py:188} INFO - [2026-02-14T20:43:16.959+0000] {dagbag.py:538} INFO - Filling up the DagBag from /opt/airflow/dags/my_second_dag.py
[2026-02-14T20:43:16.971+0000] {processor.py:840} INFO - DAG(s) 'my_dag_of_the_morning' retrieved from /opt/airflow/dags/my_second_dag.py
[2026-02-14T20:43:17.010+0000] {logging_mixin.py:188} INFO - [2026-02-14T20:43:17.009+0000] {dag.py:3036} INFO - Sync 1 DAGs
[2026-02-14T20:43:17.036+0000] {logging_mixin.py:188} INFO - [2026-02-14T20:43:17.036+0000] {dag.py:3823} INFO - Setting next_dagrun for my_dag_of_the_morning to None, run_after=None
[2026-02-14T20:43:17.068+0000] {processor.py:183} INFO - Processing /opt/airflow/dags/my_second_dag.py took 0.120 seconds
[2026-02-14T20:43:47.708+0000] {processor.py:161} INFO - Started process (PID=8115) to work on /opt/airflow/dags/my_second_dag.py
[2026-02-14T20:43:47.711+0000] {processor.py:830} INFO - Processing file /opt/airflow/dags/my_second_dag.py for tasks to queue
[2026-02-14T20:43:47.714+0000] {logging_mixin.py:188} INFO - [2026-02-14T20:43:47.713+0000] {dagbag.py:538} INFO - Filling up the DagBag from /opt/airflow/dags/my_second_dag.py
[2026-02-14T20:43:47.725+0000] {processor.py:840} INFO - DAG(s) 'my_dag_of_the_morning' retrieved from /opt/airflow/dags/my_second_dag.py
[2026-02-14T20:43:47.764+0000] {logging_mixin.py:188} INFO - [2026-02-14T20:43:47.764+0000] {dag.py:3036} INFO - Sync 1 DAGs
[2026-02-14T20:43:47.793+0000] {logging_mixin.py:188} INFO - [2026-02-14T20:43:47.792+0000] {dag.py:3823} INFO - Setting next_dagrun for my_dag_of_the_morning to None, run_after=None
[2026-02-14T20:43:47.828+0000] {processor.py:183} INFO - Processing /opt/airflow/dags/my_second_dag.py took 0.125 seconds
[2026-02-14T20:44:18.631+0000] {processor.py:161} INFO - Started process (PID=8198) to work on /opt/airflow/dags/my_second_dag.py
[2026-02-14T20:44:18.632+0000] {processor.py:830} INFO - Processing file /opt/airflow/dags/my_second_dag.py for tasks to queue
[2026-02-14T20:44:18.635+0000] {logging_mixin.py:188} INFO - [2026-02-14T20:44:18.634+0000] {dagbag.py:538} INFO - Filling up the DagBag from /opt/airflow/dags/my_second_dag.py
[2026-02-14T20:44:18.645+0000] {processor.py:840} INFO - DAG(s) 'my_dag_of_the_morning' retrieved from /opt/airflow/dags/my_second_dag.py
[2026-02-14T20:44:18.676+0000] {logging_mixin.py:188} INFO - [2026-02-14T20:44:18.676+0000] {dag.py:3036} INFO - Sync 1 DAGs
[2026-02-14T20:44:18.697+0000] {logging_mixin.py:188} INFO - [2026-02-14T20:44:18.696+0000] {dag.py:3823} INFO - Setting next_dagrun for my_dag_of_the_morning to None, run_after=None
[2026-02-14T20:44:18.729+0000] {processor.py:183} INFO - Processing /opt/airflow/dags/my_second_dag.py took 0.103 seconds
[2026-02-14T20:44:48.967+0000] {processor.py:161} INFO - Started process (PID=8289) to work on /opt/airflow/dags/my_second_dag.py
[2026-02-14T20:44:48.969+0000] {processor.py:830} INFO - Processing file /opt/airflow/dags/my_second_dag.py for tasks to queue
[2026-02-14T20:44:48.973+0000] {logging_mixin.py:188} INFO - [2026-02-14T20:44:48.972+0000] {dagbag.py:538} INFO - Filling up the DagBag from /opt/airflow/dags/my_second_dag.py
[2026-02-14T20:44:48.984+0000] {processor.py:840} INFO - DAG(s) 'my_dag_of_the_morning' retrieved from /opt/airflow/dags/my_second_dag.py
[2026-02-14T20:44:49.023+0000] {logging_mixin.py:188} INFO - [2026-02-14T20:44:49.022+0000] {dag.py:3036} INFO - Sync 1 DAGs
[2026-02-14T20:44:49.048+0000] {logging_mixin.py:188} INFO - [2026-02-14T20:44:49.047+0000] {dag.py:3823} INFO - Setting next_dagrun for my_dag_of_the_morning to None, run_after=None
[2026-02-14T20:44:49.084+0000] {processor.py:183} INFO - Processing /opt/airflow/dags/my_second_dag.py took 0.122 seconds
[2026-02-14T20:45:19.937+0000] {processor.py:161} INFO - Started process (PID=8372) to work on /opt/airflow/dags/my_second_dag.py
[2026-02-14T20:45:19.939+0000] {processor.py:830} INFO - Processing file /opt/airflow/dags/my_second_dag.py for tasks to queue
[2026-02-14T20:45:19.942+0000] {logging_mixin.py:188} INFO - [2026-02-14T20:45:19.942+0000] {dagbag.py:538} INFO - Filling up the DagBag from /opt/airflow/dags/my_second_dag.py
[2026-02-14T20:45:19.954+0000] {processor.py:840} INFO - DAG(s) 'my_dag_of_the_morning' retrieved from /opt/airflow/dags/my_second_dag.py
[2026-02-14T20:45:19.994+0000] {logging_mixin.py:188} INFO - [2026-02-14T20:45:19.993+0000] {dag.py:3036} INFO - Sync 1 DAGs
[2026-02-14T20:45:20.015+0000] {logging_mixin.py:188} INFO - [2026-02-14T20:45:20.015+0000] {dag.py:3823} INFO - Setting next_dagrun for my_dag_of_the_morning to None, run_after=None
[2026-02-14T20:45:20.048+0000] {processor.py:183} INFO - Processing /opt/airflow/dags/my_second_dag.py took 0.122 seconds
[2026-02-14T20:45:50.244+0000] {processor.py:161} INFO - Started process (PID=8455) to work on /opt/airflow/dags/my_second_dag.py
[2026-02-14T20:45:50.246+0000] {processor.py:830} INFO - Processing file /opt/airflow/dags/my_second_dag.py for tasks to queue
[2026-02-14T20:45:50.249+0000] {logging_mixin.py:188} INFO - [2026-02-14T20:45:50.249+0000] {dagbag.py:538} INFO - Filling up the DagBag from /opt/airflow/dags/my_second_dag.py
[2026-02-14T20:45:50.259+0000] {processor.py:840} INFO - DAG(s) 'my_dag_of_the_morning' retrieved from /opt/airflow/dags/my_second_dag.py
[2026-02-14T20:45:50.295+0000] {logging_mixin.py:188} INFO - [2026-02-14T20:45:50.295+0000] {dag.py:3036} INFO - Sync 1 DAGs
[2026-02-14T20:45:50.315+0000] {logging_mixin.py:188} INFO - [2026-02-14T20:45:50.315+0000] {dag.py:3823} INFO - Setting next_dagrun for my_dag_of_the_morning to None, run_after=None
[2026-02-14T20:45:50.345+0000] {processor.py:183} INFO - Processing /opt/airflow/dags/my_second_dag.py took 0.106 seconds
[2026-02-14T20:46:20.503+0000] {processor.py:161} INFO - Started process (PID=8538) to work on /opt/airflow/dags/my_second_dag.py
[2026-02-14T20:46:20.504+0000] {processor.py:830} INFO - Processing file /opt/airflow/dags/my_second_dag.py for tasks to queue
[2026-02-14T20:46:20.507+0000] {logging_mixin.py:188} INFO - [2026-02-14T20:46:20.507+0000] {dagbag.py:538} INFO - Filling up the DagBag from /opt/airflow/dags/my_second_dag.py
[2026-02-14T20:46:20.516+0000] {processor.py:840} INFO - DAG(s) 'my_dag_of_the_morning' retrieved from /opt/airflow/dags/my_second_dag.py
[2026-02-14T20:46:20.548+0000] {logging_mixin.py:188} INFO - [2026-02-14T20:46:20.548+0000] {dag.py:3036} INFO - Sync 1 DAGs
[2026-02-14T20:46:20.572+0000] {logging_mixin.py:188} INFO - [2026-02-14T20:46:20.571+0000] {dag.py:3823} INFO - Setting next_dagrun for my_dag_of_the_morning to None, run_after=None
[2026-02-14T20:46:20.608+0000] {processor.py:183} INFO - Processing /opt/airflow/dags/my_second_dag.py took 0.111 seconds
[2026-02-14T20:46:50.682+0000] {processor.py:161} INFO - Started process (PID=8622) to work on /opt/airflow/dags/my_second_dag.py
[2026-02-14T20:46:50.683+0000] {processor.py:830} INFO - Processing file /opt/airflow/dags/my_second_dag.py for tasks to queue
[2026-02-14T20:46:50.686+0000] {logging_mixin.py:188} INFO - [2026-02-14T20:46:50.686+0000] {dagbag.py:538} INFO - Filling up the DagBag from /opt/airflow/dags/my_second_dag.py
[2026-02-14T20:46:50.695+0000] {processor.py:840} INFO - DAG(s) 'my_dag_of_the_morning' retrieved from /opt/airflow/dags/my_second_dag.py
[2026-02-14T20:46:50.729+0000] {logging_mixin.py:188} INFO - [2026-02-14T20:46:50.728+0000] {dag.py:3036} INFO - Sync 1 DAGs
[2026-02-14T20:46:50.750+0000] {logging_mixin.py:188} INFO - [2026-02-14T20:46:50.750+0000] {dag.py:3823} INFO - Setting next_dagrun for my_dag_of_the_morning to None, run_after=None
[2026-02-14T20:46:50.781+0000] {processor.py:183} INFO - Processing /opt/airflow/dags/my_second_dag.py took 0.104 seconds
[2026-02-14T20:47:21.109+0000] {processor.py:161} INFO - Started process (PID=8705) to work on /opt/airflow/dags/my_second_dag.py
[2026-02-14T20:47:21.110+0000] {processor.py:830} INFO - Processing file /opt/airflow/dags/my_second_dag.py for tasks to queue
[2026-02-14T20:47:21.112+0000] {logging_mixin.py:188} INFO - [2026-02-14T20:47:21.112+0000] {dagbag.py:538} INFO - Filling up the DagBag from /opt/airflow/dags/my_second_dag.py
[2026-02-14T20:47:21.121+0000] {processor.py:840} INFO - DAG(s) 'my_dag_of_the_morning' retrieved from /opt/airflow/dags/my_second_dag.py
[2026-02-14T20:47:21.161+0000] {logging_mixin.py:188} INFO - [2026-02-14T20:47:21.161+0000] {dag.py:3036} INFO - Sync 1 DAGs
[2026-02-14T20:47:21.191+0000] {logging_mixin.py:188} INFO - [2026-02-14T20:47:21.191+0000] {dag.py:3823} INFO - Setting next_dagrun for my_dag_of_the_morning to None, run_after=None
[2026-02-14T20:47:21.225+0000] {processor.py:183} INFO - Processing /opt/airflow/dags/my_second_dag.py took 0.121 seconds
[2026-02-14T20:47:51.620+0000] {processor.py:161} INFO - Started process (PID=8788) to work on /opt/airflow/dags/my_second_dag.py
[2026-02-14T20:47:51.622+0000] {processor.py:830} INFO - Processing file /opt/airflow/dags/my_second_dag.py for tasks to queue
[2026-02-14T20:47:51.624+0000] {logging_mixin.py:188} INFO - [2026-02-14T20:47:51.624+0000] {dagbag.py:538} INFO - Filling up the DagBag from /opt/airflow/dags/my_second_dag.py
[2026-02-14T20:47:51.635+0000] {processor.py:840} INFO - DAG(s) 'my_dag_of_the_morning' retrieved from /opt/airflow/dags/my_second_dag.py
[2026-02-14T20:47:51.669+0000] {logging_mixin.py:188} INFO - [2026-02-14T20:47:51.668+0000] {dag.py:3036} INFO - Sync 1 DAGs
[2026-02-14T20:47:51.689+0000] {logging_mixin.py:188} INFO - [2026-02-14T20:47:51.688+0000] {dag.py:3823} INFO - Setting next_dagrun for my_dag_of_the_morning to None, run_after=None
[2026-02-14T20:47:51.720+0000] {processor.py:183} INFO - Processing /opt/airflow/dags/my_second_dag.py took 0.105 seconds
[2026-02-14T20:48:22.107+0000] {processor.py:161} INFO - Started process (PID=8870) to work on /opt/airflow/dags/my_second_dag.py
[2026-02-14T20:48:22.109+0000] {processor.py:830} INFO - Processing file /opt/airflow/dags/my_second_dag.py for tasks to queue
[2026-02-14T20:48:22.113+0000] {logging_mixin.py:188} INFO - [2026-02-14T20:48:22.112+0000] {dagbag.py:538} INFO - Filling up the DagBag from /opt/airflow/dags/my_second_dag.py
[2026-02-14T20:48:22.122+0000] {processor.py:840} INFO - DAG(s) 'my_dag_of_the_morning' retrieved from /opt/airflow/dags/my_second_dag.py
[2026-02-14T20:48:22.156+0000] {logging_mixin.py:188} INFO - [2026-02-14T20:48:22.155+0000] {dag.py:3036} INFO - Sync 1 DAGs
[2026-02-14T20:48:22.180+0000] {logging_mixin.py:188} INFO - [2026-02-14T20:48:22.179+0000] {dag.py:3823} INFO - Setting next_dagrun for my_dag_of_the_morning to None, run_after=None
[2026-02-14T20:48:22.213+0000] {processor.py:183} INFO - Processing /opt/airflow/dags/my_second_dag.py took 0.110 seconds
[2026-02-14T20:48:53.130+0000] {processor.py:161} INFO - Started process (PID=8961) to work on /opt/airflow/dags/my_second_dag.py
[2026-02-14T20:48:53.131+0000] {processor.py:830} INFO - Processing file /opt/airflow/dags/my_second_dag.py for tasks to queue
[2026-02-14T20:48:53.134+0000] {logging_mixin.py:188} INFO - [2026-02-14T20:48:53.134+0000] {dagbag.py:538} INFO - Filling up the DagBag from /opt/airflow/dags/my_second_dag.py
[2026-02-14T20:48:53.146+0000] {processor.py:840} INFO - DAG(s) 'my_dag_of_the_morning' retrieved from /opt/airflow/dags/my_second_dag.py
[2026-02-14T20:48:53.184+0000] {logging_mixin.py:188} INFO - [2026-02-14T20:48:53.183+0000] {dag.py:3036} INFO - Sync 1 DAGs
[2026-02-14T20:48:53.207+0000] {logging_mixin.py:188} INFO - [2026-02-14T20:48:53.206+0000] {dag.py:3823} INFO - Setting next_dagrun for my_dag_of_the_morning to None, run_after=None
[2026-02-14T20:48:53.237+0000] {processor.py:183} INFO - Processing /opt/airflow/dags/my_second_dag.py took 0.113 seconds
[2026-02-14T20:49:23.508+0000] {processor.py:161} INFO - Started process (PID=9042) to work on /opt/airflow/dags/my_second_dag.py
[2026-02-14T20:49:23.510+0000] {processor.py:830} INFO - Processing file /opt/airflow/dags/my_second_dag.py for tasks to queue
[2026-02-14T20:49:23.514+0000] {logging_mixin.py:188} INFO - [2026-02-14T20:49:23.513+0000] {dagbag.py:538} INFO - Filling up the DagBag from /opt/airflow/dags/my_second_dag.py
[2026-02-14T20:49:23.525+0000] {processor.py:840} INFO - DAG(s) 'my_dag_of_the_morning' retrieved from /opt/airflow/dags/my_second_dag.py
[2026-02-14T20:49:23.564+0000] {logging_mixin.py:188} INFO - [2026-02-14T20:49:23.563+0000] {dag.py:3036} INFO - Sync 1 DAGs
[2026-02-14T20:49:23.599+0000] {logging_mixin.py:188} INFO - [2026-02-14T20:49:23.599+0000] {dag.py:3823} INFO - Setting next_dagrun for my_dag_of_the_morning to None, run_after=None
[2026-02-14T20:49:23.638+0000] {processor.py:183} INFO - Processing /opt/airflow/dags/my_second_dag.py took 0.136 seconds
[2026-02-14T20:49:54.003+0000] {processor.py:161} INFO - Started process (PID=9124) to work on /opt/airflow/dags/my_second_dag.py
[2026-02-14T20:49:54.004+0000] {processor.py:830} INFO - Processing file /opt/airflow/dags/my_second_dag.py for tasks to queue
[2026-02-14T20:49:54.007+0000] {logging_mixin.py:188} INFO - [2026-02-14T20:49:54.006+0000] {dagbag.py:538} INFO - Filling up the DagBag from /opt/airflow/dags/my_second_dag.py
[2026-02-14T20:49:54.018+0000] {processor.py:840} INFO - DAG(s) 'my_dag_of_the_morning' retrieved from /opt/airflow/dags/my_second_dag.py
[2026-02-14T20:49:54.055+0000] {logging_mixin.py:188} INFO - [2026-02-14T20:49:54.054+0000] {dag.py:3036} INFO - Sync 1 DAGs
[2026-02-14T20:49:54.080+0000] {logging_mixin.py:188} INFO - [2026-02-14T20:49:54.079+0000] {dag.py:3823} INFO - Setting next_dagrun for my_dag_of_the_morning to None, run_after=None
[2026-02-14T20:49:54.114+0000] {processor.py:183} INFO - Processing /opt/airflow/dags/my_second_dag.py took 0.116 seconds
[2026-02-14T20:50:24.480+0000] {processor.py:161} INFO - Started process (PID=9208) to work on /opt/airflow/dags/my_second_dag.py
[2026-02-14T20:50:24.482+0000] {processor.py:830} INFO - Processing file /opt/airflow/dags/my_second_dag.py for tasks to queue
[2026-02-14T20:50:24.486+0000] {logging_mixin.py:188} INFO - [2026-02-14T20:50:24.484+0000] {dagbag.py:538} INFO - Filling up the DagBag from /opt/airflow/dags/my_second_dag.py
[2026-02-14T20:50:24.495+0000] {processor.py:840} INFO - DAG(s) 'my_dag_of_the_morning' retrieved from /opt/airflow/dags/my_second_dag.py
[2026-02-14T20:50:24.529+0000] {logging_mixin.py:188} INFO - [2026-02-14T20:50:24.529+0000] {dag.py:3036} INFO - Sync 1 DAGs
[2026-02-14T20:50:24.550+0000] {logging_mixin.py:188} INFO - [2026-02-14T20:50:24.550+0000] {dag.py:3823} INFO - Setting next_dagrun for my_dag_of_the_morning to None, run_after=None
[2026-02-14T20:50:24.579+0000] {processor.py:183} INFO - Processing /opt/airflow/dags/my_second_dag.py took 0.104 seconds
[2026-02-14T20:50:55.236+0000] {processor.py:161} INFO - Started process (PID=9290) to work on /opt/airflow/dags/my_second_dag.py
[2026-02-14T20:50:55.238+0000] {processor.py:830} INFO - Processing file /opt/airflow/dags/my_second_dag.py for tasks to queue
[2026-02-14T20:50:55.240+0000] {logging_mixin.py:188} INFO - [2026-02-14T20:50:55.240+0000] {dagbag.py:538} INFO - Filling up the DagBag from /opt/airflow/dags/my_second_dag.py
[2026-02-14T20:50:55.249+0000] {processor.py:840} INFO - DAG(s) 'my_dag_of_the_morning' retrieved from /opt/airflow/dags/my_second_dag.py
[2026-02-14T20:50:55.281+0000] {logging_mixin.py:188} INFO - [2026-02-14T20:50:55.281+0000] {dag.py:3036} INFO - Sync 1 DAGs
[2026-02-14T20:50:55.304+0000] {logging_mixin.py:188} INFO - [2026-02-14T20:50:55.304+0000] {dag.py:3823} INFO - Setting next_dagrun for my_dag_of_the_morning to None, run_after=None
[2026-02-14T20:50:55.340+0000] {processor.py:183} INFO - Processing /opt/airflow/dags/my_second_dag.py took 0.109 seconds
[2026-02-14T20:51:25.740+0000] {processor.py:161} INFO - Started process (PID=9374) to work on /opt/airflow/dags/my_second_dag.py
[2026-02-14T20:51:25.741+0000] {processor.py:830} INFO - Processing file /opt/airflow/dags/my_second_dag.py for tasks to queue
[2026-02-14T20:51:25.744+0000] {logging_mixin.py:188} INFO - [2026-02-14T20:51:25.743+0000] {dagbag.py:538} INFO - Filling up the DagBag from /opt/airflow/dags/my_second_dag.py
[2026-02-14T20:51:25.753+0000] {processor.py:840} INFO - DAG(s) 'my_dag_of_the_morning' retrieved from /opt/airflow/dags/my_second_dag.py
[2026-02-14T20:51:25.788+0000] {logging_mixin.py:188} INFO - [2026-02-14T20:51:25.787+0000] {dag.py:3036} INFO - Sync 1 DAGs
[2026-02-14T20:51:25.814+0000] {logging_mixin.py:188} INFO - [2026-02-14T20:51:25.813+0000] {dag.py:3823} INFO - Setting next_dagrun for my_dag_of_the_morning to None, run_after=None
[2026-02-14T20:51:25.852+0000] {processor.py:183} INFO - Processing /opt/airflow/dags/my_second_dag.py took 0.118 seconds
[2026-02-14T20:51:56.028+0000] {processor.py:161} INFO - Started process (PID=9457) to work on /opt/airflow/dags/my_second_dag.py
[2026-02-14T20:51:56.030+0000] {processor.py:830} INFO - Processing file /opt/airflow/dags/my_second_dag.py for tasks to queue
[2026-02-14T20:51:56.033+0000] {logging_mixin.py:188} INFO - [2026-02-14T20:51:56.032+0000] {dagbag.py:538} INFO - Filling up the DagBag from /opt/airflow/dags/my_second_dag.py
[2026-02-14T20:51:56.043+0000] {processor.py:840} INFO - DAG(s) 'my_dag_of_the_morning' retrieved from /opt/airflow/dags/my_second_dag.py
[2026-02-14T20:51:56.085+0000] {logging_mixin.py:188} INFO - [2026-02-14T20:51:56.085+0000] {dag.py:3036} INFO - Sync 1 DAGs
[2026-02-14T20:51:56.110+0000] {logging_mixin.py:188} INFO - [2026-02-14T20:51:56.109+0000] {dag.py:3823} INFO - Setting next_dagrun for my_dag_of_the_morning to None, run_after=None
[2026-02-14T20:51:56.147+0000] {processor.py:183} INFO - Processing /opt/airflow/dags/my_second_dag.py took 0.123 seconds
[2026-02-14T20:52:26.623+0000] {processor.py:161} INFO - Started process (PID=9540) to work on /opt/airflow/dags/my_second_dag.py
[2026-02-14T20:52:26.624+0000] {processor.py:830} INFO - Processing file /opt/airflow/dags/my_second_dag.py for tasks to queue
[2026-02-14T20:52:26.627+0000] {logging_mixin.py:188} INFO - [2026-02-14T20:52:26.626+0000] {dagbag.py:538} INFO - Filling up the DagBag from /opt/airflow/dags/my_second_dag.py
[2026-02-14T20:52:26.636+0000] {processor.py:840} INFO - DAG(s) 'my_dag_of_the_morning' retrieved from /opt/airflow/dags/my_second_dag.py
[2026-02-14T20:52:26.669+0000] {logging_mixin.py:188} INFO - [2026-02-14T20:52:26.669+0000] {dag.py:3036} INFO - Sync 1 DAGs
[2026-02-14T20:52:26.693+0000] {logging_mixin.py:188} INFO - [2026-02-14T20:52:26.692+0000] {dag.py:3823} INFO - Setting next_dagrun for my_dag_of_the_morning to None, run_after=None
[2026-02-14T20:52:26.729+0000] {processor.py:183} INFO - Processing /opt/airflow/dags/my_second_dag.py took 0.111 seconds
[2026-02-14T20:52:56.978+0000] {processor.py:161} INFO - Started process (PID=9624) to work on /opt/airflow/dags/my_second_dag.py
[2026-02-14T20:52:56.979+0000] {processor.py:830} INFO - Processing file /opt/airflow/dags/my_second_dag.py for tasks to queue
[2026-02-14T20:52:56.982+0000] {logging_mixin.py:188} INFO - [2026-02-14T20:52:56.981+0000] {dagbag.py:538} INFO - Filling up the DagBag from /opt/airflow/dags/my_second_dag.py
[2026-02-14T20:52:56.993+0000] {processor.py:840} INFO - DAG(s) 'my_dag_of_the_morning' retrieved from /opt/airflow/dags/my_second_dag.py
[2026-02-14T20:52:57.031+0000] {logging_mixin.py:188} INFO - [2026-02-14T20:52:57.030+0000] {dag.py:3036} INFO - Sync 1 DAGs
[2026-02-14T20:52:57.055+0000] {logging_mixin.py:188} INFO - [2026-02-14T20:52:57.055+0000] {dag.py:3823} INFO - Setting next_dagrun for my_dag_of_the_morning to None, run_after=None
[2026-02-14T20:52:57.090+0000] {processor.py:183} INFO - Processing /opt/airflow/dags/my_second_dag.py took 0.118 seconds
[2026-02-14T20:53:27.505+0000] {processor.py:161} INFO - Started process (PID=9715) to work on /opt/airflow/dags/my_second_dag.py
[2026-02-14T20:53:27.507+0000] {processor.py:830} INFO - Processing file /opt/airflow/dags/my_second_dag.py for tasks to queue
[2026-02-14T20:53:27.510+0000] {logging_mixin.py:188} INFO - [2026-02-14T20:53:27.510+0000] {dagbag.py:538} INFO - Filling up the DagBag from /opt/airflow/dags/my_second_dag.py
[2026-02-14T20:53:27.521+0000] {processor.py:840} INFO - DAG(s) 'my_dag_of_the_morning' retrieved from /opt/airflow/dags/my_second_dag.py
[2026-02-14T20:53:27.560+0000] {logging_mixin.py:188} INFO - [2026-02-14T20:53:27.559+0000] {dag.py:3036} INFO - Sync 1 DAGs
[2026-02-14T20:53:27.587+0000] {logging_mixin.py:188} INFO - [2026-02-14T20:53:27.587+0000] {dag.py:3823} INFO - Setting next_dagrun for my_dag_of_the_morning to None, run_after=None
[2026-02-14T20:53:27.627+0000] {processor.py:183} INFO - Processing /opt/airflow/dags/my_second_dag.py took 0.128 seconds
[2026-02-14T20:53:57.902+0000] {processor.py:161} INFO - Started process (PID=9799) to work on /opt/airflow/dags/my_second_dag.py
[2026-02-14T20:53:57.903+0000] {processor.py:830} INFO - Processing file /opt/airflow/dags/my_second_dag.py for tasks to queue
[2026-02-14T20:53:57.906+0000] {logging_mixin.py:188} INFO - [2026-02-14T20:53:57.906+0000] {dagbag.py:538} INFO - Filling up the DagBag from /opt/airflow/dags/my_second_dag.py
[2026-02-14T20:53:57.915+0000] {processor.py:840} INFO - DAG(s) 'my_dag_of_the_morning' retrieved from /opt/airflow/dags/my_second_dag.py
[2026-02-14T20:53:57.947+0000] {logging_mixin.py:188} INFO - [2026-02-14T20:53:57.946+0000] {dag.py:3036} INFO - Sync 1 DAGs
[2026-02-14T20:53:57.969+0000] {logging_mixin.py:188} INFO - [2026-02-14T20:53:57.969+0000] {dag.py:3823} INFO - Setting next_dagrun for my_dag_of_the_morning to None, run_after=None
[2026-02-14T20:53:57.998+0000] {processor.py:183} INFO - Processing /opt/airflow/dags/my_second_dag.py took 0.101 seconds
[2026-02-14T20:54:28.684+0000] {processor.py:161} INFO - Started process (PID=9882) to work on /opt/airflow/dags/my_second_dag.py
[2026-02-14T20:54:28.686+0000] {processor.py:830} INFO - Processing file /opt/airflow/dags/my_second_dag.py for tasks to queue
[2026-02-14T20:54:28.690+0000] {logging_mixin.py:188} INFO - [2026-02-14T20:54:28.689+0000] {dagbag.py:538} INFO - Filling up the DagBag from /opt/airflow/dags/my_second_dag.py
[2026-02-14T20:54:28.702+0000] {processor.py:840} INFO - DAG(s) 'my_dag_of_the_morning' retrieved from /opt/airflow/dags/my_second_dag.py
[2026-02-14T20:54:28.741+0000] {logging_mixin.py:188} INFO - [2026-02-14T20:54:28.741+0000] {dag.py:3036} INFO - Sync 1 DAGs
[2026-02-14T20:54:28.762+0000] {logging_mixin.py:188} INFO - [2026-02-14T20:54:28.761+0000] {dag.py:3823} INFO - Setting next_dagrun for my_dag_of_the_morning to None, run_after=None
[2026-02-14T20:54:28.795+0000] {processor.py:183} INFO - Processing /opt/airflow/dags/my_second_dag.py took 0.116 seconds
[2026-02-14T20:54:59.090+0000] {processor.py:161} INFO - Started process (PID=9964) to work on /opt/airflow/dags/my_second_dag.py
[2026-02-14T20:54:59.091+0000] {processor.py:830} INFO - Processing file /opt/airflow/dags/my_second_dag.py for tasks to queue
[2026-02-14T20:54:59.094+0000] {logging_mixin.py:188} INFO - [2026-02-14T20:54:59.093+0000] {dagbag.py:538} INFO - Filling up the DagBag from /opt/airflow/dags/my_second_dag.py
[2026-02-14T20:54:59.105+0000] {processor.py:840} INFO - DAG(s) 'my_dag_of_the_morning' retrieved from /opt/airflow/dags/my_second_dag.py
[2026-02-14T20:54:59.143+0000] {logging_mixin.py:188} INFO - [2026-02-14T20:54:59.142+0000] {dag.py:3036} INFO - Sync 1 DAGs
[2026-02-14T20:54:59.169+0000] {logging_mixin.py:188} INFO - [2026-02-14T20:54:59.169+0000] {dag.py:3823} INFO - Setting next_dagrun for my_dag_of_the_morning to None, run_after=None
[2026-02-14T20:54:59.203+0000] {processor.py:183} INFO - Processing /opt/airflow/dags/my_second_dag.py took 0.119 seconds
[2026-02-14T20:55:29.463+0000] {processor.py:161} INFO - Started process (PID=10047) to work on /opt/airflow/dags/my_second_dag.py
[2026-02-14T20:55:29.466+0000] {processor.py:830} INFO - Processing file /opt/airflow/dags/my_second_dag.py for tasks to queue
[2026-02-14T20:55:29.468+0000] {logging_mixin.py:188} INFO - [2026-02-14T20:55:29.468+0000] {dagbag.py:538} INFO - Filling up the DagBag from /opt/airflow/dags/my_second_dag.py
[2026-02-14T20:55:29.477+0000] {processor.py:840} INFO - DAG(s) 'my_dag_of_the_morning' retrieved from /opt/airflow/dags/my_second_dag.py
[2026-02-14T20:55:29.511+0000] {logging_mixin.py:188} INFO - [2026-02-14T20:55:29.511+0000] {dag.py:3036} INFO - Sync 1 DAGs
[2026-02-14T20:55:29.531+0000] {logging_mixin.py:188} INFO - [2026-02-14T20:55:29.531+0000] {dag.py:3823} INFO - Setting next_dagrun for my_dag_of_the_morning to None, run_after=None
[2026-02-14T20:55:29.559+0000] {processor.py:183} INFO - Processing /opt/airflow/dags/my_second_dag.py took 0.103 seconds
[2026-02-14T20:56:00.193+0000] {processor.py:161} INFO - Started process (PID=10130) to work on /opt/airflow/dags/my_second_dag.py
[2026-02-14T20:56:00.194+0000] {processor.py:830} INFO - Processing file /opt/airflow/dags/my_second_dag.py for tasks to queue
[2026-02-14T20:56:00.196+0000] {logging_mixin.py:188} INFO - [2026-02-14T20:56:00.196+0000] {dagbag.py:538} INFO - Filling up the DagBag from /opt/airflow/dags/my_second_dag.py
[2026-02-14T20:56:00.206+0000] {processor.py:840} INFO - DAG(s) 'my_dag_of_the_morning' retrieved from /opt/airflow/dags/my_second_dag.py
[2026-02-14T20:56:00.240+0000] {logging_mixin.py:188} INFO - [2026-02-14T20:56:00.240+0000] {dag.py:3036} INFO - Sync 1 DAGs
[2026-02-14T20:56:00.260+0000] {logging_mixin.py:188} INFO - [2026-02-14T20:56:00.260+0000] {dag.py:3823} INFO - Setting next_dagrun for my_dag_of_the_morning to None, run_after=None
[2026-02-14T20:56:00.292+0000] {processor.py:183} INFO - Processing /opt/airflow/dags/my_second_dag.py took 0.104 seconds
[2026-02-14T20:56:31.032+0000] {processor.py:161} INFO - Started process (PID=10214) to work on /opt/airflow/dags/my_second_dag.py
[2026-02-14T20:56:31.034+0000] {processor.py:830} INFO - Processing file /opt/airflow/dags/my_second_dag.py for tasks to queue
[2026-02-14T20:56:31.037+0000] {logging_mixin.py:188} INFO - [2026-02-14T20:56:31.036+0000] {dagbag.py:538} INFO - Filling up the DagBag from /opt/airflow/dags/my_second_dag.py
[2026-02-14T20:56:31.048+0000] {processor.py:840} INFO - DAG(s) 'my_dag_of_the_morning' retrieved from /opt/airflow/dags/my_second_dag.py
[2026-02-14T20:56:31.089+0000] {logging_mixin.py:188} INFO - [2026-02-14T20:56:31.088+0000] {dag.py:3036} INFO - Sync 1 DAGs
[2026-02-14T20:56:31.114+0000] {logging_mixin.py:188} INFO - [2026-02-14T20:56:31.113+0000] {dag.py:3823} INFO - Setting next_dagrun for my_dag_of_the_morning to None, run_after=None
[2026-02-14T20:56:31.152+0000] {processor.py:183} INFO - Processing /opt/airflow/dags/my_second_dag.py took 0.125 seconds
[2026-02-14T20:57:01.353+0000] {processor.py:161} INFO - Started process (PID=10296) to work on /opt/airflow/dags/my_second_dag.py
[2026-02-14T20:57:01.355+0000] {processor.py:830} INFO - Processing file /opt/airflow/dags/my_second_dag.py for tasks to queue
[2026-02-14T20:57:01.358+0000] {logging_mixin.py:188} INFO - [2026-02-14T20:57:01.357+0000] {dagbag.py:538} INFO - Filling up the DagBag from /opt/airflow/dags/my_second_dag.py
[2026-02-14T20:57:01.374+0000] {processor.py:840} INFO - DAG(s) 'my_dag_of_the_morning' retrieved from /opt/airflow/dags/my_second_dag.py
[2026-02-14T20:57:01.406+0000] {logging_mixin.py:188} INFO - [2026-02-14T20:57:01.406+0000] {dag.py:3036} INFO - Sync 1 DAGs
[2026-02-14T20:57:01.426+0000] {logging_mixin.py:188} INFO - [2026-02-14T20:57:01.426+0000] {dag.py:3823} INFO - Setting next_dagrun for my_dag_of_the_morning to None, run_after=None
[2026-02-14T20:57:01.455+0000] {processor.py:183} INFO - Processing /opt/airflow/dags/my_second_dag.py took 0.108 seconds
[2026-02-14T20:57:31.988+0000] {processor.py:161} INFO - Started process (PID=10388) to work on /opt/airflow/dags/my_second_dag.py
[2026-02-14T20:57:31.989+0000] {processor.py:830} INFO - Processing file /opt/airflow/dags/my_second_dag.py for tasks to queue
[2026-02-14T20:57:31.992+0000] {logging_mixin.py:188} INFO - [2026-02-14T20:57:31.991+0000] {dagbag.py:538} INFO - Filling up the DagBag from /opt/airflow/dags/my_second_dag.py
[2026-02-14T20:57:32.001+0000] {processor.py:840} INFO - DAG(s) 'my_dag_of_the_morning' retrieved from /opt/airflow/dags/my_second_dag.py
[2026-02-14T20:57:32.033+0000] {logging_mixin.py:188} INFO - [2026-02-14T20:57:32.032+0000] {dag.py:3036} INFO - Sync 1 DAGs
[2026-02-14T20:57:32.054+0000] {logging_mixin.py:188} INFO - [2026-02-14T20:57:32.054+0000] {dag.py:3823} INFO - Setting next_dagrun for my_dag_of_the_morning to None, run_after=None
[2026-02-14T20:57:32.085+0000] {processor.py:183} INFO - Processing /opt/airflow/dags/my_second_dag.py took 0.103 seconds
[2026-02-14T20:58:02.803+0000] {processor.py:161} INFO - Started process (PID=10472) to work on /opt/airflow/dags/my_second_dag.py
[2026-02-14T20:58:02.805+0000] {processor.py:830} INFO - Processing file /opt/airflow/dags/my_second_dag.py for tasks to queue
[2026-02-14T20:58:02.808+0000] {logging_mixin.py:188} INFO - [2026-02-14T20:58:02.807+0000] {dagbag.py:538} INFO - Filling up the DagBag from /opt/airflow/dags/my_second_dag.py
[2026-02-14T20:58:02.818+0000] {processor.py:840} INFO - DAG(s) 'my_dag_of_the_morning' retrieved from /opt/airflow/dags/my_second_dag.py
[2026-02-14T20:58:02.856+0000] {logging_mixin.py:188} INFO - [2026-02-14T20:58:02.856+0000] {dag.py:3036} INFO - Sync 1 DAGs
[2026-02-14T20:58:02.883+0000] {logging_mixin.py:188} INFO - [2026-02-14T20:58:02.883+0000] {dag.py:3823} INFO - Setting next_dagrun for my_dag_of_the_morning to None, run_after=None
[2026-02-14T20:58:02.918+0000] {processor.py:183} INFO - Processing /opt/airflow/dags/my_second_dag.py took 0.121 seconds
[2026-02-14T20:58:33.568+0000] {processor.py:161} INFO - Started process (PID=10555) to work on /opt/airflow/dags/my_second_dag.py
[2026-02-14T20:58:33.570+0000] {processor.py:830} INFO - Processing file /opt/airflow/dags/my_second_dag.py for tasks to queue
[2026-02-14T20:58:33.572+0000] {logging_mixin.py:188} INFO - [2026-02-14T20:58:33.572+0000] {dagbag.py:538} INFO - Filling up the DagBag from /opt/airflow/dags/my_second_dag.py
[2026-02-14T20:58:33.582+0000] {processor.py:840} INFO - DAG(s) 'my_dag_of_the_morning' retrieved from /opt/airflow/dags/my_second_dag.py
[2026-02-14T20:58:33.618+0000] {logging_mixin.py:188} INFO - [2026-02-14T20:58:33.618+0000] {dag.py:3036} INFO - Sync 1 DAGs
[2026-02-14T20:58:33.639+0000] {logging_mixin.py:188} INFO - [2026-02-14T20:58:33.639+0000] {dag.py:3823} INFO - Setting next_dagrun for my_dag_of_the_morning to None, run_after=None
[2026-02-14T20:58:33.671+0000] {processor.py:183} INFO - Processing /opt/airflow/dags/my_second_dag.py took 0.108 seconds
[2026-02-14T20:59:04.341+0000] {processor.py:161} INFO - Started process (PID=10638) to work on /opt/airflow/dags/my_second_dag.py
[2026-02-14T20:59:04.343+0000] {processor.py:830} INFO - Processing file /opt/airflow/dags/my_second_dag.py for tasks to queue
[2026-02-14T20:59:04.346+0000] {logging_mixin.py:188} INFO - [2026-02-14T20:59:04.346+0000] {dagbag.py:538} INFO - Filling up the DagBag from /opt/airflow/dags/my_second_dag.py
[2026-02-14T20:59:04.357+0000] {processor.py:840} INFO - DAG(s) 'my_dag_of_the_morning' retrieved from /opt/airflow/dags/my_second_dag.py
[2026-02-14T20:59:04.396+0000] {logging_mixin.py:188} INFO - [2026-02-14T20:59:04.395+0000] {dag.py:3036} INFO - Sync 1 DAGs
[2026-02-14T20:59:04.420+0000] {logging_mixin.py:188} INFO - [2026-02-14T20:59:04.420+0000] {dag.py:3823} INFO - Setting next_dagrun for my_dag_of_the_morning to None, run_after=None
[2026-02-14T20:59:04.455+0000] {processor.py:183} INFO - Processing /opt/airflow/dags/my_second_dag.py took 0.118 seconds
[2026-02-14T20:59:34.624+0000] {processor.py:161} INFO - Started process (PID=10720) to work on /opt/airflow/dags/my_second_dag.py
[2026-02-14T20:59:34.625+0000] {processor.py:830} INFO - Processing file /opt/airflow/dags/my_second_dag.py for tasks to queue
[2026-02-14T20:59:34.628+0000] {logging_mixin.py:188} INFO - [2026-02-14T20:59:34.628+0000] {dagbag.py:538} INFO - Filling up the DagBag from /opt/airflow/dags/my_second_dag.py
[2026-02-14T20:59:34.638+0000] {processor.py:840} INFO - DAG(s) 'my_dag_of_the_morning' retrieved from /opt/airflow/dags/my_second_dag.py
[2026-02-14T20:59:34.669+0000] {logging_mixin.py:188} INFO - [2026-02-14T20:59:34.669+0000] {dag.py:3036} INFO - Sync 1 DAGs
[2026-02-14T20:59:34.692+0000] {logging_mixin.py:188} INFO - [2026-02-14T20:59:34.692+0000] {dag.py:3823} INFO - Setting next_dagrun for my_dag_of_the_morning to None, run_after=None
[2026-02-14T20:59:34.721+0000] {processor.py:183} INFO - Processing /opt/airflow/dags/my_second_dag.py took 0.102 seconds
[2026-02-14T21:00:04.929+0000] {processor.py:161} INFO - Started process (PID=10803) to work on /opt/airflow/dags/my_second_dag.py
[2026-02-14T21:00:04.931+0000] {processor.py:830} INFO - Processing file /opt/airflow/dags/my_second_dag.py for tasks to queue
[2026-02-14T21:00:04.934+0000] {logging_mixin.py:188} INFO - [2026-02-14T21:00:04.933+0000] {dagbag.py:538} INFO - Filling up the DagBag from /opt/airflow/dags/my_second_dag.py
[2026-02-14T21:00:04.946+0000] {processor.py:840} INFO - DAG(s) 'my_dag_of_the_morning' retrieved from /opt/airflow/dags/my_second_dag.py
[2026-02-14T21:00:04.981+0000] {logging_mixin.py:188} INFO - [2026-02-14T21:00:04.980+0000] {dag.py:3036} INFO - Sync 1 DAGs
[2026-02-14T21:00:05.002+0000] {logging_mixin.py:188} INFO - [2026-02-14T21:00:05.002+0000] {dag.py:3823} INFO - Setting next_dagrun for my_dag_of_the_morning to None, run_after=None
[2026-02-14T21:00:05.034+0000] {processor.py:183} INFO - Processing /opt/airflow/dags/my_second_dag.py took 0.111 seconds
[2026-02-14T21:00:35.277+0000] {processor.py:161} INFO - Started process (PID=10887) to work on /opt/airflow/dags/my_second_dag.py
[2026-02-14T21:00:35.278+0000] {processor.py:830} INFO - Processing file /opt/airflow/dags/my_second_dag.py for tasks to queue
[2026-02-14T21:00:35.281+0000] {logging_mixin.py:188} INFO - [2026-02-14T21:00:35.281+0000] {dagbag.py:538} INFO - Filling up the DagBag from /opt/airflow/dags/my_second_dag.py
[2026-02-14T21:00:35.297+0000] {processor.py:840} INFO - DAG(s) 'my_dag_of_the_morning' retrieved from /opt/airflow/dags/my_second_dag.py
[2026-02-14T21:00:35.334+0000] {logging_mixin.py:188} INFO - [2026-02-14T21:00:35.334+0000] {dag.py:3036} INFO - Sync 1 DAGs
[2026-02-14T21:00:35.365+0000] {logging_mixin.py:188} INFO - [2026-02-14T21:00:35.364+0000] {dag.py:3823} INFO - Setting next_dagrun for my_dag_of_the_morning to None, run_after=None
[2026-02-14T21:00:35.398+0000] {processor.py:183} INFO - Processing /opt/airflow/dags/my_second_dag.py took 0.128 seconds
[2026-02-14T21:01:05.639+0000] {processor.py:161} INFO - Started process (PID=10971) to work on /opt/airflow/dags/my_second_dag.py
[2026-02-14T21:01:05.641+0000] {processor.py:830} INFO - Processing file /opt/airflow/dags/my_second_dag.py for tasks to queue
[2026-02-14T21:01:05.643+0000] {logging_mixin.py:188} INFO - [2026-02-14T21:01:05.643+0000] {dagbag.py:538} INFO - Filling up the DagBag from /opt/airflow/dags/my_second_dag.py
[2026-02-14T21:01:05.653+0000] {processor.py:840} INFO - DAG(s) 'my_dag_of_the_morning' retrieved from /opt/airflow/dags/my_second_dag.py
[2026-02-14T21:01:05.688+0000] {logging_mixin.py:188} INFO - [2026-02-14T21:01:05.688+0000] {dag.py:3036} INFO - Sync 1 DAGs
[2026-02-14T21:01:05.712+0000] {logging_mixin.py:188} INFO - [2026-02-14T21:01:05.712+0000] {dag.py:3823} INFO - Setting next_dagrun for my_dag_of_the_morning to None, run_after=None
[2026-02-14T21:01:05.752+0000] {processor.py:183} INFO - Processing /opt/airflow/dags/my_second_dag.py took 0.120 seconds
[2026-02-14T21:01:35.930+0000] {processor.py:161} INFO - Started process (PID=11062) to work on /opt/airflow/dags/my_second_dag.py
[2026-02-14T21:01:35.931+0000] {processor.py:830} INFO - Processing file /opt/airflow/dags/my_second_dag.py for tasks to queue
[2026-02-14T21:01:35.933+0000] {logging_mixin.py:188} INFO - [2026-02-14T21:01:35.933+0000] {dagbag.py:538} INFO - Filling up the DagBag from /opt/airflow/dags/my_second_dag.py
[2026-02-14T21:01:35.943+0000] {processor.py:840} INFO - DAG(s) 'my_dag_of_the_morning' retrieved from /opt/airflow/dags/my_second_dag.py
[2026-02-14T21:01:35.983+0000] {logging_mixin.py:188} INFO - [2026-02-14T21:01:35.983+0000] {dag.py:3036} INFO - Sync 1 DAGs
[2026-02-14T21:01:36.006+0000] {logging_mixin.py:188} INFO - [2026-02-14T21:01:36.006+0000] {dag.py:3823} INFO - Setting next_dagrun for my_dag_of_the_morning to None, run_after=None
[2026-02-14T21:01:36.034+0000] {processor.py:183} INFO - Processing /opt/airflow/dags/my_second_dag.py took 0.110 seconds
[2026-02-14T21:02:06.459+0000] {processor.py:161} INFO - Started process (PID=11145) to work on /opt/airflow/dags/my_second_dag.py
[2026-02-14T21:02:06.461+0000] {processor.py:830} INFO - Processing file /opt/airflow/dags/my_second_dag.py for tasks to queue
[2026-02-14T21:02:06.463+0000] {logging_mixin.py:188} INFO - [2026-02-14T21:02:06.463+0000] {dagbag.py:538} INFO - Filling up the DagBag from /opt/airflow/dags/my_second_dag.py
[2026-02-14T21:02:06.474+0000] {processor.py:840} INFO - DAG(s) 'my_dag_of_the_morning' retrieved from /opt/airflow/dags/my_second_dag.py
[2026-02-14T21:02:06.511+0000] {logging_mixin.py:188} INFO - [2026-02-14T21:02:06.511+0000] {dag.py:3036} INFO - Sync 1 DAGs
[2026-02-14T21:02:06.534+0000] {logging_mixin.py:188} INFO - [2026-02-14T21:02:06.533+0000] {dag.py:3823} INFO - Setting next_dagrun for my_dag_of_the_morning to None, run_after=None
[2026-02-14T21:02:06.569+0000] {processor.py:183} INFO - Processing /opt/airflow/dags/my_second_dag.py took 0.115 seconds
[2026-02-14T21:02:36.927+0000] {processor.py:161} INFO - Started process (PID=11228) to work on /opt/airflow/dags/my_second_dag.py
[2026-02-14T21:02:36.931+0000] {processor.py:830} INFO - Processing file /opt/airflow/dags/my_second_dag.py for tasks to queue
[2026-02-14T21:02:36.934+0000] {logging_mixin.py:188} INFO - [2026-02-14T21:02:36.933+0000] {dagbag.py:538} INFO - Filling up the DagBag from /opt/airflow/dags/my_second_dag.py
[2026-02-14T21:02:36.945+0000] {processor.py:840} INFO - DAG(s) 'my_dag_of_the_morning' retrieved from /opt/airflow/dags/my_second_dag.py
[2026-02-14T21:02:36.992+0000] {logging_mixin.py:188} INFO - [2026-02-14T21:02:36.992+0000] {dag.py:3036} INFO - Sync 1 DAGs
[2026-02-14T21:02:37.018+0000] {logging_mixin.py:188} INFO - [2026-02-14T21:02:37.018+0000] {dag.py:3823} INFO - Setting next_dagrun for my_dag_of_the_morning to None, run_after=None
[2026-02-14T21:02:37.051+0000] {processor.py:183} INFO - Processing /opt/airflow/dags/my_second_dag.py took 0.132 seconds
[2026-02-14T21:03:07.497+0000] {processor.py:161} INFO - Started process (PID=11311) to work on /opt/airflow/dags/my_second_dag.py
[2026-02-14T21:03:07.499+0000] {processor.py:830} INFO - Processing file /opt/airflow/dags/my_second_dag.py for tasks to queue
[2026-02-14T21:03:07.501+0000] {logging_mixin.py:188} INFO - [2026-02-14T21:03:07.501+0000] {dagbag.py:538} INFO - Filling up the DagBag from /opt/airflow/dags/my_second_dag.py
[2026-02-14T21:03:07.512+0000] {processor.py:840} INFO - DAG(s) 'my_dag_of_the_morning' retrieved from /opt/airflow/dags/my_second_dag.py
[2026-02-14T21:03:07.551+0000] {logging_mixin.py:188} INFO - [2026-02-14T21:03:07.550+0000] {dag.py:3036} INFO - Sync 1 DAGs
[2026-02-14T21:03:07.577+0000] {logging_mixin.py:188} INFO - [2026-02-14T21:03:07.577+0000] {dag.py:3823} INFO - Setting next_dagrun for my_dag_of_the_morning to None, run_after=None
[2026-02-14T21:03:07.614+0000] {processor.py:183} INFO - Processing /opt/airflow/dags/my_second_dag.py took 0.122 seconds
[2026-02-14T21:03:37.791+0000] {processor.py:161} INFO - Started process (PID=11395) to work on /opt/airflow/dags/my_second_dag.py
[2026-02-14T21:03:37.793+0000] {processor.py:830} INFO - Processing file /opt/airflow/dags/my_second_dag.py for tasks to queue
[2026-02-14T21:03:37.796+0000] {logging_mixin.py:188} INFO - [2026-02-14T21:03:37.795+0000] {dagbag.py:538} INFO - Filling up the DagBag from /opt/airflow/dags/my_second_dag.py
[2026-02-14T21:03:37.805+0000] {processor.py:840} INFO - DAG(s) 'my_dag_of_the_morning' retrieved from /opt/airflow/dags/my_second_dag.py
[2026-02-14T21:03:37.837+0000] {logging_mixin.py:188} INFO - [2026-02-14T21:03:37.836+0000] {dag.py:3036} INFO - Sync 1 DAGs
[2026-02-14T21:03:37.855+0000] {logging_mixin.py:188} INFO - [2026-02-14T21:03:37.855+0000] {dag.py:3823} INFO - Setting next_dagrun for my_dag_of_the_morning to None, run_after=None
[2026-02-14T21:03:37.888+0000] {processor.py:183} INFO - Processing /opt/airflow/dags/my_second_dag.py took 0.102 seconds
[2026-02-14T21:04:08.411+0000] {processor.py:161} INFO - Started process (PID=11478) to work on /opt/airflow/dags/my_second_dag.py
[2026-02-14T21:04:08.414+0000] {processor.py:830} INFO - Processing file /opt/airflow/dags/my_second_dag.py for tasks to queue
[2026-02-14T21:04:08.417+0000] {logging_mixin.py:188} INFO - [2026-02-14T21:04:08.416+0000] {dagbag.py:538} INFO - Filling up the DagBag from /opt/airflow/dags/my_second_dag.py
[2026-02-14T21:04:08.427+0000] {processor.py:840} INFO - DAG(s) 'my_dag_of_the_morning' retrieved from /opt/airflow/dags/my_second_dag.py
[2026-02-14T21:04:08.459+0000] {logging_mixin.py:188} INFO - [2026-02-14T21:04:08.458+0000] {dag.py:3036} INFO - Sync 1 DAGs
[2026-02-14T21:04:08.482+0000] {logging_mixin.py:188} INFO - [2026-02-14T21:04:08.481+0000] {dag.py:3823} INFO - Setting next_dagrun for my_dag_of_the_morning to None, run_after=None
[2026-02-14T21:04:08.514+0000] {processor.py:183} INFO - Processing /opt/airflow/dags/my_second_dag.py took 0.107 seconds
[2026-02-14T21:04:38.755+0000] {processor.py:161} INFO - Started process (PID=11561) to work on /opt/airflow/dags/my_second_dag.py
[2026-02-14T21:04:38.756+0000] {processor.py:830} INFO - Processing file /opt/airflow/dags/my_second_dag.py for tasks to queue
[2026-02-14T21:04:38.759+0000] {logging_mixin.py:188} INFO - [2026-02-14T21:04:38.759+0000] {dagbag.py:538} INFO - Filling up the DagBag from /opt/airflow/dags/my_second_dag.py
[2026-02-14T21:04:38.768+0000] {processor.py:840} INFO - DAG(s) 'my_dag_of_the_morning' retrieved from /opt/airflow/dags/my_second_dag.py
[2026-02-14T21:04:38.804+0000] {logging_mixin.py:188} INFO - [2026-02-14T21:04:38.803+0000] {dag.py:3036} INFO - Sync 1 DAGs
[2026-02-14T21:04:38.824+0000] {logging_mixin.py:188} INFO - [2026-02-14T21:04:38.824+0000] {dag.py:3823} INFO - Setting next_dagrun for my_dag_of_the_morning to None, run_after=None
[2026-02-14T21:04:38.862+0000] {processor.py:183} INFO - Processing /opt/airflow/dags/my_second_dag.py took 0.111 seconds
[2026-02-14T21:05:09.300+0000] {processor.py:161} INFO - Started process (PID=11643) to work on /opt/airflow/dags/my_second_dag.py
[2026-02-14T21:05:09.302+0000] {processor.py:830} INFO - Processing file /opt/airflow/dags/my_second_dag.py for tasks to queue
[2026-02-14T21:05:09.305+0000] {logging_mixin.py:188} INFO - [2026-02-14T21:05:09.304+0000] {dagbag.py:538} INFO - Filling up the DagBag from /opt/airflow/dags/my_second_dag.py
[2026-02-14T21:05:09.314+0000] {processor.py:840} INFO - DAG(s) 'my_dag_of_the_morning' retrieved from /opt/airflow/dags/my_second_dag.py
[2026-02-14T21:05:09.345+0000] {logging_mixin.py:188} INFO - [2026-02-14T21:05:09.345+0000] {dag.py:3036} INFO - Sync 1 DAGs
[2026-02-14T21:05:09.368+0000] {logging_mixin.py:188} INFO - [2026-02-14T21:05:09.368+0000] {dag.py:3823} INFO - Setting next_dagrun for my_dag_of_the_morning to None, run_after=None
[2026-02-14T21:05:09.399+0000] {processor.py:183} INFO - Processing /opt/airflow/dags/my_second_dag.py took 0.103 seconds
[2026-02-14T21:05:39.760+0000] {processor.py:161} INFO - Started process (PID=11727) to work on /opt/airflow/dags/my_second_dag.py
[2026-02-14T21:05:39.762+0000] {processor.py:830} INFO - Processing file /opt/airflow/dags/my_second_dag.py for tasks to queue
[2026-02-14T21:05:39.764+0000] {logging_mixin.py:188} INFO - [2026-02-14T21:05:39.764+0000] {dagbag.py:538} INFO - Filling up the DagBag from /opt/airflow/dags/my_second_dag.py
[2026-02-14T21:05:39.773+0000] {processor.py:840} INFO - DAG(s) 'my_dag_of_the_morning' retrieved from /opt/airflow/dags/my_second_dag.py
[2026-02-14T21:05:39.808+0000] {logging_mixin.py:188} INFO - [2026-02-14T21:05:39.807+0000] {dag.py:3036} INFO - Sync 1 DAGs
[2026-02-14T21:05:39.831+0000] {logging_mixin.py:188} INFO - [2026-02-14T21:05:39.830+0000] {dag.py:3823} INFO - Setting next_dagrun for my_dag_of_the_morning to None, run_after=None
[2026-02-14T21:05:39.864+0000] {processor.py:183} INFO - Processing /opt/airflow/dags/my_second_dag.py took 0.109 seconds
[2026-02-14T21:06:10.225+0000] {processor.py:161} INFO - Started process (PID=11810) to work on /opt/airflow/dags/my_second_dag.py
[2026-02-14T21:06:10.227+0000] {processor.py:830} INFO - Processing file /opt/airflow/dags/my_second_dag.py for tasks to queue
[2026-02-14T21:06:10.230+0000] {logging_mixin.py:188} INFO - [2026-02-14T21:06:10.229+0000] {dagbag.py:538} INFO - Filling up the DagBag from /opt/airflow/dags/my_second_dag.py
[2026-02-14T21:06:10.239+0000] {processor.py:840} INFO - DAG(s) 'my_dag_of_the_morning' retrieved from /opt/airflow/dags/my_second_dag.py
[2026-02-14T21:06:10.271+0000] {logging_mixin.py:188} INFO - [2026-02-14T21:06:10.271+0000] {dag.py:3036} INFO - Sync 1 DAGs
[2026-02-14T21:06:10.295+0000] {logging_mixin.py:188} INFO - [2026-02-14T21:06:10.294+0000] {dag.py:3823} INFO - Setting next_dagrun for my_dag_of_the_morning to None, run_after=None
[2026-02-14T21:06:10.326+0000] {processor.py:183} INFO - Processing /opt/airflow/dags/my_second_dag.py took 0.108 seconds
[2026-02-14T21:06:40.865+0000] {processor.py:161} INFO - Started process (PID=11899) to work on /opt/airflow/dags/my_second_dag.py
[2026-02-14T21:06:40.868+0000] {processor.py:830} INFO - Processing file /opt/airflow/dags/my_second_dag.py for tasks to queue
[2026-02-14T21:06:40.871+0000] {logging_mixin.py:188} INFO - [2026-02-14T21:06:40.870+0000] {dagbag.py:538} INFO - Filling up the DagBag from /opt/airflow/dags/my_second_dag.py
[2026-02-14T21:06:40.882+0000] {processor.py:840} INFO - DAG(s) 'my_dag_of_the_morning' retrieved from /opt/airflow/dags/my_second_dag.py
[2026-02-14T21:06:40.926+0000] {logging_mixin.py:188} INFO - [2026-02-14T21:06:40.926+0000] {dag.py:3036} INFO - Sync 1 DAGs
[2026-02-14T21:06:40.952+0000] {logging_mixin.py:188} INFO - [2026-02-14T21:06:40.951+0000] {dag.py:3823} INFO - Setting next_dagrun for my_dag_of_the_morning to None, run_after=None
[2026-02-14T21:06:40.998+0000] {processor.py:183} INFO - Processing /opt/airflow/dags/my_second_dag.py took 0.138 seconds
[2026-02-14T21:07:11.298+0000] {processor.py:161} INFO - Started process (PID=11984) to work on /opt/airflow/dags/my_second_dag.py
[2026-02-14T21:07:11.300+0000] {processor.py:830} INFO - Processing file /opt/airflow/dags/my_second_dag.py for tasks to queue
[2026-02-14T21:07:11.303+0000] {logging_mixin.py:188} INFO - [2026-02-14T21:07:11.302+0000] {dagbag.py:538} INFO - Filling up the DagBag from /opt/airflow/dags/my_second_dag.py
[2026-02-14T21:07:11.313+0000] {processor.py:840} INFO - DAG(s) 'my_dag_of_the_morning' retrieved from /opt/airflow/dags/my_second_dag.py
[2026-02-14T21:07:11.351+0000] {logging_mixin.py:188} INFO - [2026-02-14T21:07:11.351+0000] {dag.py:3036} INFO - Sync 1 DAGs
[2026-02-14T21:07:11.372+0000] {logging_mixin.py:188} INFO - [2026-02-14T21:07:11.372+0000] {dag.py:3823} INFO - Setting next_dagrun for my_dag_of_the_morning to None, run_after=None
[2026-02-14T21:07:11.403+0000] {processor.py:183} INFO - Processing /opt/airflow/dags/my_second_dag.py took 0.109 seconds
[2026-02-14T21:07:41.810+0000] {processor.py:161} INFO - Started process (PID=12067) to work on /opt/airflow/dags/my_second_dag.py
[2026-02-14T21:07:41.812+0000] {processor.py:830} INFO - Processing file /opt/airflow/dags/my_second_dag.py for tasks to queue
[2026-02-14T21:07:41.814+0000] {logging_mixin.py:188} INFO - [2026-02-14T21:07:41.814+0000] {dagbag.py:538} INFO - Filling up the DagBag from /opt/airflow/dags/my_second_dag.py
[2026-02-14T21:07:41.825+0000] {processor.py:840} INFO - DAG(s) 'my_dag_of_the_morning' retrieved from /opt/airflow/dags/my_second_dag.py
[2026-02-14T21:07:41.863+0000] {logging_mixin.py:188} INFO - [2026-02-14T21:07:41.862+0000] {dag.py:3036} INFO - Sync 1 DAGs
[2026-02-14T21:07:41.882+0000] {logging_mixin.py:188} INFO - [2026-02-14T21:07:41.882+0000] {dag.py:3823} INFO - Setting next_dagrun for my_dag_of_the_morning to None, run_after=None
[2026-02-14T21:07:41.911+0000] {processor.py:183} INFO - Processing /opt/airflow/dags/my_second_dag.py took 0.105 seconds
[2026-02-14T21:08:12.425+0000] {processor.py:161} INFO - Started process (PID=12149) to work on /opt/airflow/dags/my_second_dag.py
[2026-02-14T21:08:12.427+0000] {processor.py:830} INFO - Processing file /opt/airflow/dags/my_second_dag.py for tasks to queue
[2026-02-14T21:08:12.430+0000] {logging_mixin.py:188} INFO - [2026-02-14T21:08:12.429+0000] {dagbag.py:538} INFO - Filling up the DagBag from /opt/airflow/dags/my_second_dag.py
[2026-02-14T21:08:12.441+0000] {processor.py:840} INFO - DAG(s) 'my_dag_of_the_morning' retrieved from /opt/airflow/dags/my_second_dag.py
[2026-02-14T21:08:12.475+0000] {logging_mixin.py:188} INFO - [2026-02-14T21:08:12.475+0000] {dag.py:3036} INFO - Sync 1 DAGs
[2026-02-14T21:08:12.499+0000] {logging_mixin.py:188} INFO - [2026-02-14T21:08:12.498+0000] {dag.py:3823} INFO - Setting next_dagrun for my_dag_of_the_morning to None, run_after=None
[2026-02-14T21:08:12.538+0000] {processor.py:183} INFO - Processing /opt/airflow/dags/my_second_dag.py took 0.118 seconds
[2026-02-14T21:08:42.732+0000] {processor.py:161} INFO - Started process (PID=12230) to work on /opt/airflow/dags/my_second_dag.py
[2026-02-14T21:08:42.733+0000] {processor.py:830} INFO - Processing file /opt/airflow/dags/my_second_dag.py for tasks to queue
[2026-02-14T21:08:42.735+0000] {logging_mixin.py:188} INFO - [2026-02-14T21:08:42.735+0000] {dagbag.py:538} INFO - Filling up the DagBag from /opt/airflow/dags/my_second_dag.py
[2026-02-14T21:08:42.745+0000] {processor.py:840} INFO - DAG(s) 'my_dag_of_the_morning' retrieved from /opt/airflow/dags/my_second_dag.py
[2026-02-14T21:08:42.777+0000] {logging_mixin.py:188} INFO - [2026-02-14T21:08:42.777+0000] {dag.py:3036} INFO - Sync 1 DAGs
[2026-02-14T21:08:42.797+0000] {logging_mixin.py:188} INFO - [2026-02-14T21:08:42.797+0000] {dag.py:3823} INFO - Setting next_dagrun for my_dag_of_the_morning to None, run_after=None
[2026-02-14T21:08:42.828+0000] {processor.py:183} INFO - Processing /opt/airflow/dags/my_second_dag.py took 0.101 seconds
[2026-02-14T21:09:13.089+0000] {processor.py:161} INFO - Started process (PID=12313) to work on /opt/airflow/dags/my_second_dag.py
[2026-02-14T21:09:13.091+0000] {processor.py:830} INFO - Processing file /opt/airflow/dags/my_second_dag.py for tasks to queue
[2026-02-14T21:09:13.094+0000] {logging_mixin.py:188} INFO - [2026-02-14T21:09:13.093+0000] {dagbag.py:538} INFO - Filling up the DagBag from /opt/airflow/dags/my_second_dag.py
[2026-02-14T21:09:13.104+0000] {processor.py:840} INFO - DAG(s) 'my_dag_of_the_morning' retrieved from /opt/airflow/dags/my_second_dag.py
[2026-02-14T21:09:13.142+0000] {logging_mixin.py:188} INFO - [2026-02-14T21:09:13.141+0000] {dag.py:3036} INFO - Sync 1 DAGs
[2026-02-14T21:09:13.166+0000] {logging_mixin.py:188} INFO - [2026-02-14T21:09:13.166+0000] {dag.py:3823} INFO - Setting next_dagrun for my_dag_of_the_morning to None, run_after=None
[2026-02-14T21:09:13.201+0000] {processor.py:183} INFO - Processing /opt/airflow/dags/my_second_dag.py took 0.117 seconds
[2026-02-14T21:09:43.463+0000] {processor.py:161} INFO - Started process (PID=12395) to work on /opt/airflow/dags/my_second_dag.py
[2026-02-14T21:09:43.464+0000] {processor.py:830} INFO - Processing file /opt/airflow/dags/my_second_dag.py for tasks to queue
[2026-02-14T21:09:43.467+0000] {logging_mixin.py:188} INFO - [2026-02-14T21:09:43.467+0000] {dagbag.py:538} INFO - Filling up the DagBag from /opt/airflow/dags/my_second_dag.py
[2026-02-14T21:09:43.476+0000] {processor.py:840} INFO - DAG(s) 'my_dag_of_the_morning' retrieved from /opt/airflow/dags/my_second_dag.py
[2026-02-14T21:09:43.510+0000] {logging_mixin.py:188} INFO - [2026-02-14T21:09:43.510+0000] {dag.py:3036} INFO - Sync 1 DAGs
[2026-02-14T21:09:43.532+0000] {logging_mixin.py:188} INFO - [2026-02-14T21:09:43.531+0000] {dag.py:3823} INFO - Setting next_dagrun for my_dag_of_the_morning to None, run_after=None
[2026-02-14T21:09:43.563+0000] {processor.py:183} INFO - Processing /opt/airflow/dags/my_second_dag.py took 0.105 seconds
[2026-02-14T21:10:13.691+0000] {processor.py:161} INFO - Started process (PID=12478) to work on /opt/airflow/dags/my_second_dag.py
[2026-02-14T21:10:13.693+0000] {processor.py:830} INFO - Processing file /opt/airflow/dags/my_second_dag.py for tasks to queue
[2026-02-14T21:10:13.696+0000] {logging_mixin.py:188} INFO - [2026-02-14T21:10:13.696+0000] {dagbag.py:538} INFO - Filling up the DagBag from /opt/airflow/dags/my_second_dag.py
[2026-02-14T21:10:13.706+0000] {processor.py:840} INFO - DAG(s) 'my_dag_of_the_morning' retrieved from /opt/airflow/dags/my_second_dag.py
[2026-02-14T21:10:13.743+0000] {logging_mixin.py:188} INFO - [2026-02-14T21:10:13.743+0000] {dag.py:3036} INFO - Sync 1 DAGs
[2026-02-14T21:10:13.765+0000] {logging_mixin.py:188} INFO - [2026-02-14T21:10:13.765+0000] {dag.py:3823} INFO - Setting next_dagrun for my_dag_of_the_morning to None, run_after=None
[2026-02-14T21:10:13.797+0000] {processor.py:183} INFO - Processing /opt/airflow/dags/my_second_dag.py took 0.111 seconds
[2026-02-14T21:10:44.119+0000] {processor.py:161} INFO - Started process (PID=12560) to work on /opt/airflow/dags/my_second_dag.py
[2026-02-14T21:10:44.120+0000] {processor.py:830} INFO - Processing file /opt/airflow/dags/my_second_dag.py for tasks to queue
[2026-02-14T21:10:44.123+0000] {logging_mixin.py:188} INFO - [2026-02-14T21:10:44.122+0000] {dagbag.py:538} INFO - Filling up the DagBag from /opt/airflow/dags/my_second_dag.py
[2026-02-14T21:10:44.132+0000] {processor.py:840} INFO - DAG(s) 'my_dag_of_the_morning' retrieved from /opt/airflow/dags/my_second_dag.py
[2026-02-14T21:10:44.164+0000] {logging_mixin.py:188} INFO - [2026-02-14T21:10:44.163+0000] {dag.py:3036} INFO - Sync 1 DAGs
[2026-02-14T21:10:44.186+0000] {logging_mixin.py:188} INFO - [2026-02-14T21:10:44.186+0000] {dag.py:3823} INFO - Setting next_dagrun for my_dag_of_the_morning to None, run_after=None
[2026-02-14T21:10:44.219+0000] {processor.py:183} INFO - Processing /opt/airflow/dags/my_second_dag.py took 0.105 seconds
[2026-02-14T21:11:14.408+0000] {processor.py:161} INFO - Started process (PID=12651) to work on /opt/airflow/dags/my_second_dag.py
[2026-02-14T21:11:14.410+0000] {processor.py:830} INFO - Processing file /opt/airflow/dags/my_second_dag.py for tasks to queue
[2026-02-14T21:11:14.413+0000] {logging_mixin.py:188} INFO - [2026-02-14T21:11:14.413+0000] {dagbag.py:538} INFO - Filling up the DagBag from /opt/airflow/dags/my_second_dag.py
[2026-02-14T21:11:14.424+0000] {processor.py:840} INFO - DAG(s) 'my_dag_of_the_morning' retrieved from /opt/airflow/dags/my_second_dag.py
[2026-02-14T21:11:14.458+0000] {logging_mixin.py:188} INFO - [2026-02-14T21:11:14.458+0000] {dag.py:3036} INFO - Sync 1 DAGs
[2026-02-14T21:11:14.481+0000] {logging_mixin.py:188} INFO - [2026-02-14T21:11:14.481+0000] {dag.py:3823} INFO - Setting next_dagrun for my_dag_of_the_morning to None, run_after=None
[2026-02-14T21:11:14.513+0000] {processor.py:183} INFO - Processing /opt/airflow/dags/my_second_dag.py took 0.110 seconds
[2026-02-14T21:11:45.032+0000] {processor.py:161} INFO - Started process (PID=12734) to work on /opt/airflow/dags/my_second_dag.py
[2026-02-14T21:11:45.034+0000] {processor.py:830} INFO - Processing file /opt/airflow/dags/my_second_dag.py for tasks to queue
[2026-02-14T21:11:45.036+0000] {logging_mixin.py:188} INFO - [2026-02-14T21:11:45.036+0000] {dagbag.py:538} INFO - Filling up the DagBag from /opt/airflow/dags/my_second_dag.py
[2026-02-14T21:11:45.046+0000] {processor.py:840} INFO - DAG(s) 'my_dag_of_the_morning' retrieved from /opt/airflow/dags/my_second_dag.py
[2026-02-14T21:11:45.082+0000] {logging_mixin.py:188} INFO - [2026-02-14T21:11:45.081+0000] {dag.py:3036} INFO - Sync 1 DAGs
[2026-02-14T21:11:45.103+0000] {logging_mixin.py:188} INFO - [2026-02-14T21:11:45.103+0000] {dag.py:3823} INFO - Setting next_dagrun for my_dag_of_the_morning to None, run_after=None
[2026-02-14T21:11:45.132+0000] {processor.py:183} INFO - Processing /opt/airflow/dags/my_second_dag.py took 0.105 seconds
[2026-02-14T21:12:15.483+0000] {processor.py:161} INFO - Started process (PID=12817) to work on /opt/airflow/dags/my_second_dag.py
[2026-02-14T21:12:15.486+0000] {processor.py:830} INFO - Processing file /opt/airflow/dags/my_second_dag.py for tasks to queue
[2026-02-14T21:12:15.489+0000] {logging_mixin.py:188} INFO - [2026-02-14T21:12:15.488+0000] {dagbag.py:538} INFO - Filling up the DagBag from /opt/airflow/dags/my_second_dag.py
[2026-02-14T21:12:15.500+0000] {processor.py:840} INFO - DAG(s) 'my_dag_of_the_morning' retrieved from /opt/airflow/dags/my_second_dag.py
[2026-02-14T21:12:15.534+0000] {logging_mixin.py:188} INFO - [2026-02-14T21:12:15.534+0000] {dag.py:3036} INFO - Sync 1 DAGs
[2026-02-14T21:12:15.555+0000] {logging_mixin.py:188} INFO - [2026-02-14T21:12:15.555+0000] {dag.py:3823} INFO - Setting next_dagrun for my_dag_of_the_morning to None, run_after=None
[2026-02-14T21:12:15.589+0000] {processor.py:183} INFO - Processing /opt/airflow/dags/my_second_dag.py took 0.113 seconds
[2026-02-14T21:12:46.020+0000] {processor.py:161} INFO - Started process (PID=12898) to work on /opt/airflow/dags/my_second_dag.py
[2026-02-14T21:12:46.022+0000] {processor.py:830} INFO - Processing file /opt/airflow/dags/my_second_dag.py for tasks to queue
[2026-02-14T21:12:46.025+0000] {logging_mixin.py:188} INFO - [2026-02-14T21:12:46.024+0000] {dagbag.py:538} INFO - Filling up the DagBag from /opt/airflow/dags/my_second_dag.py
[2026-02-14T21:12:46.034+0000] {processor.py:840} INFO - DAG(s) 'my_dag_of_the_morning' retrieved from /opt/airflow/dags/my_second_dag.py
[2026-02-14T21:12:46.067+0000] {logging_mixin.py:188} INFO - [2026-02-14T21:12:46.066+0000] {dag.py:3036} INFO - Sync 1 DAGs
[2026-02-14T21:12:46.089+0000] {logging_mixin.py:188} INFO - [2026-02-14T21:12:46.088+0000] {dag.py:3823} INFO - Setting next_dagrun for my_dag_of_the_morning to None, run_after=None
[2026-02-14T21:12:46.122+0000] {processor.py:183} INFO - Processing /opt/airflow/dags/my_second_dag.py took 0.107 seconds
[2026-02-14T21:13:16.244+0000] {processor.py:161} INFO - Started process (PID=12981) to work on /opt/airflow/dags/my_second_dag.py
[2026-02-14T21:13:16.246+0000] {processor.py:830} INFO - Processing file /opt/airflow/dags/my_second_dag.py for tasks to queue
[2026-02-14T21:13:16.249+0000] {logging_mixin.py:188} INFO - [2026-02-14T21:13:16.248+0000] {dagbag.py:538} INFO - Filling up the DagBag from /opt/airflow/dags/my_second_dag.py
[2026-02-14T21:13:16.259+0000] {processor.py:840} INFO - DAG(s) 'my_dag_of_the_morning' retrieved from /opt/airflow/dags/my_second_dag.py
[2026-02-14T21:13:16.295+0000] {logging_mixin.py:188} INFO - [2026-02-14T21:13:16.294+0000] {dag.py:3036} INFO - Sync 1 DAGs
[2026-02-14T21:13:16.314+0000] {logging_mixin.py:188} INFO - [2026-02-14T21:13:16.314+0000] {dag.py:3823} INFO - Setting next_dagrun for my_dag_of_the_morning to None, run_after=None
[2026-02-14T21:13:16.346+0000] {processor.py:183} INFO - Processing /opt/airflow/dags/my_second_dag.py took 0.107 seconds
[2026-02-14T21:13:46.739+0000] {processor.py:161} INFO - Started process (PID=13064) to work on /opt/airflow/dags/my_second_dag.py
[2026-02-14T21:13:46.740+0000] {processor.py:830} INFO - Processing file /opt/airflow/dags/my_second_dag.py for tasks to queue
[2026-02-14T21:13:46.743+0000] {logging_mixin.py:188} INFO - [2026-02-14T21:13:46.743+0000] {dagbag.py:538} INFO - Filling up the DagBag from /opt/airflow/dags/my_second_dag.py
[2026-02-14T21:13:46.754+0000] {processor.py:840} INFO - DAG(s) 'my_dag_of_the_morning' retrieved from /opt/airflow/dags/my_second_dag.py
[2026-02-14T21:13:46.788+0000] {logging_mixin.py:188} INFO - [2026-02-14T21:13:46.788+0000] {dag.py:3036} INFO - Sync 1 DAGs
[2026-02-14T21:13:46.809+0000] {logging_mixin.py:188} INFO - [2026-02-14T21:13:46.808+0000] {dag.py:3823} INFO - Setting next_dagrun for my_dag_of_the_morning to None, run_after=None
[2026-02-14T21:13:46.841+0000] {processor.py:183} INFO - Processing /opt/airflow/dags/my_second_dag.py took 0.107 seconds
[2026-02-14T21:14:17.264+0000] {processor.py:161} INFO - Started process (PID=13146) to work on /opt/airflow/dags/my_second_dag.py
[2026-02-14T21:14:17.266+0000] {processor.py:830} INFO - Processing file /opt/airflow/dags/my_second_dag.py for tasks to queue
[2026-02-14T21:14:17.268+0000] {logging_mixin.py:188} INFO - [2026-02-14T21:14:17.268+0000] {dagbag.py:538} INFO - Filling up the DagBag from /opt/airflow/dags/my_second_dag.py
[2026-02-14T21:14:17.278+0000] {processor.py:840} INFO - DAG(s) 'my_dag_of_the_morning' retrieved from /opt/airflow/dags/my_second_dag.py
[2026-02-14T21:14:17.312+0000] {logging_mixin.py:188} INFO - [2026-02-14T21:14:17.312+0000] {dag.py:3036} INFO - Sync 1 DAGs
[2026-02-14T21:14:17.334+0000] {logging_mixin.py:188} INFO - [2026-02-14T21:14:17.333+0000] {dag.py:3823} INFO - Setting next_dagrun for my_dag_of_the_morning to None, run_after=None
[2026-02-14T21:14:17.377+0000] {processor.py:183} INFO - Processing /opt/airflow/dags/my_second_dag.py took 0.122 seconds
[2026-02-14T21:14:47.522+0000] {processor.py:161} INFO - Started process (PID=13227) to work on /opt/airflow/dags/my_second_dag.py
[2026-02-14T21:14:47.523+0000] {processor.py:830} INFO - Processing file /opt/airflow/dags/my_second_dag.py for tasks to queue
[2026-02-14T21:14:47.526+0000] {logging_mixin.py:188} INFO - [2026-02-14T21:14:47.525+0000] {dagbag.py:538} INFO - Filling up the DagBag from /opt/airflow/dags/my_second_dag.py
[2026-02-14T21:14:47.536+0000] {processor.py:840} INFO - DAG(s) 'my_dag_of_the_morning' retrieved from /opt/airflow/dags/my_second_dag.py
[2026-02-14T21:14:47.569+0000] {logging_mixin.py:188} INFO - [2026-02-14T21:14:47.569+0000] {dag.py:3036} INFO - Sync 1 DAGs
[2026-02-14T21:14:47.589+0000] {logging_mixin.py:188} INFO - [2026-02-14T21:14:47.589+0000] {dag.py:3823} INFO - Setting next_dagrun for my_dag_of_the_morning to None, run_after=None
[2026-02-14T21:14:47.627+0000] {processor.py:183} INFO - Processing /opt/airflow/dags/my_second_dag.py took 0.110 seconds
[2026-02-14T21:15:17.963+0000] {processor.py:161} INFO - Started process (PID=13311) to work on /opt/airflow/dags/my_second_dag.py
[2026-02-14T21:15:17.965+0000] {processor.py:830} INFO - Processing file /opt/airflow/dags/my_second_dag.py for tasks to queue
[2026-02-14T21:15:17.968+0000] {logging_mixin.py:188} INFO - [2026-02-14T21:15:17.967+0000] {dagbag.py:538} INFO - Filling up the DagBag from /opt/airflow/dags/my_second_dag.py
[2026-02-14T21:15:17.978+0000] {processor.py:840} INFO - DAG(s) 'my_dag_of_the_morning' retrieved from /opt/airflow/dags/my_second_dag.py
[2026-02-14T21:15:18.014+0000] {logging_mixin.py:188} INFO - [2026-02-14T21:15:18.014+0000] {dag.py:3036} INFO - Sync 1 DAGs
[2026-02-14T21:15:18.034+0000] {logging_mixin.py:188} INFO - [2026-02-14T21:15:18.034+0000] {dag.py:3823} INFO - Setting next_dagrun for my_dag_of_the_morning to None, run_after=None
[2026-02-14T21:15:18.066+0000] {processor.py:183} INFO - Processing /opt/airflow/dags/my_second_dag.py took 0.109 seconds
[2026-02-14T21:15:48.333+0000] {processor.py:161} INFO - Started process (PID=13401) to work on /opt/airflow/dags/my_second_dag.py
[2026-02-14T21:15:48.334+0000] {processor.py:830} INFO - Processing file /opt/airflow/dags/my_second_dag.py for tasks to queue
[2026-02-14T21:15:48.337+0000] {logging_mixin.py:188} INFO - [2026-02-14T21:15:48.337+0000] {dagbag.py:538} INFO - Filling up the DagBag from /opt/airflow/dags/my_second_dag.py
[2026-02-14T21:15:48.348+0000] {processor.py:840} INFO - DAG(s) 'my_dag_of_the_morning' retrieved from /opt/airflow/dags/my_second_dag.py
[2026-02-14T21:15:48.384+0000] {logging_mixin.py:188} INFO - [2026-02-14T21:15:48.384+0000] {dag.py:3036} INFO - Sync 1 DAGs
[2026-02-14T21:15:48.412+0000] {logging_mixin.py:188} INFO - [2026-02-14T21:15:48.412+0000] {dag.py:3823} INFO - Setting next_dagrun for my_dag_of_the_morning to None, run_after=None
[2026-02-14T21:15:48.448+0000] {processor.py:183} INFO - Processing /opt/airflow/dags/my_second_dag.py took 0.121 seconds
[2026-02-14T21:16:18.794+0000] {processor.py:161} INFO - Started process (PID=13485) to work on /opt/airflow/dags/my_second_dag.py
[2026-02-14T21:16:18.796+0000] {processor.py:830} INFO - Processing file /opt/airflow/dags/my_second_dag.py for tasks to queue
[2026-02-14T21:16:18.800+0000] {logging_mixin.py:188} INFO - [2026-02-14T21:16:18.799+0000] {dagbag.py:538} INFO - Filling up the DagBag from /opt/airflow/dags/my_second_dag.py
[2026-02-14T21:16:18.811+0000] {processor.py:840} INFO - DAG(s) 'my_dag_of_the_morning' retrieved from /opt/airflow/dags/my_second_dag.py
[2026-02-14T21:16:18.851+0000] {logging_mixin.py:188} INFO - [2026-02-14T21:16:18.851+0000] {dag.py:3036} INFO - Sync 1 DAGs
[2026-02-14T21:16:18.876+0000] {logging_mixin.py:188} INFO - [2026-02-14T21:16:18.876+0000] {dag.py:3823} INFO - Setting next_dagrun for my_dag_of_the_morning to None, run_after=None
[2026-02-14T21:16:18.913+0000] {processor.py:183} INFO - Processing /opt/airflow/dags/my_second_dag.py took 0.124 seconds
[2026-02-14T21:16:49.302+0000] {processor.py:161} INFO - Started process (PID=13567) to work on /opt/airflow/dags/my_second_dag.py
[2026-02-14T21:16:49.303+0000] {processor.py:830} INFO - Processing file /opt/airflow/dags/my_second_dag.py for tasks to queue
[2026-02-14T21:16:49.306+0000] {logging_mixin.py:188} INFO - [2026-02-14T21:16:49.306+0000] {dagbag.py:538} INFO - Filling up the DagBag from /opt/airflow/dags/my_second_dag.py
[2026-02-14T21:16:49.316+0000] {processor.py:840} INFO - DAG(s) 'my_dag_of_the_morning' retrieved from /opt/airflow/dags/my_second_dag.py
[2026-02-14T21:16:49.352+0000] {logging_mixin.py:188} INFO - [2026-02-14T21:16:49.352+0000] {dag.py:3036} INFO - Sync 1 DAGs
[2026-02-14T21:16:49.379+0000] {logging_mixin.py:188} INFO - [2026-02-14T21:16:49.379+0000] {dag.py:3823} INFO - Setting next_dagrun for my_dag_of_the_morning to None, run_after=None
[2026-02-14T21:16:49.416+0000] {processor.py:183} INFO - Processing /opt/airflow/dags/my_second_dag.py took 0.119 seconds
[2026-02-14T21:17:19.649+0000] {processor.py:161} INFO - Started process (PID=13650) to work on /opt/airflow/dags/my_second_dag.py
[2026-02-14T21:17:19.651+0000] {processor.py:830} INFO - Processing file /opt/airflow/dags/my_second_dag.py for tasks to queue
[2026-02-14T21:17:19.654+0000] {logging_mixin.py:188} INFO - [2026-02-14T21:17:19.653+0000] {dagbag.py:538} INFO - Filling up the DagBag from /opt/airflow/dags/my_second_dag.py
[2026-02-14T21:17:19.663+0000] {processor.py:840} INFO - DAG(s) 'my_dag_of_the_morning' retrieved from /opt/airflow/dags/my_second_dag.py
[2026-02-14T21:17:19.700+0000] {logging_mixin.py:188} INFO - [2026-02-14T21:17:19.699+0000] {dag.py:3036} INFO - Sync 1 DAGs
[2026-02-14T21:17:19.723+0000] {logging_mixin.py:188} INFO - [2026-02-14T21:17:19.722+0000] {dag.py:3823} INFO - Setting next_dagrun for my_dag_of_the_morning to None, run_after=None
[2026-02-14T21:17:19.754+0000] {processor.py:183} INFO - Processing /opt/airflow/dags/my_second_dag.py took 0.110 seconds
[2026-02-14T21:17:49.855+0000] {processor.py:161} INFO - Started process (PID=13733) to work on /opt/airflow/dags/my_second_dag.py
[2026-02-14T21:17:49.856+0000] {processor.py:830} INFO - Processing file /opt/airflow/dags/my_second_dag.py for tasks to queue
[2026-02-14T21:17:49.858+0000] {logging_mixin.py:188} INFO - [2026-02-14T21:17:49.858+0000] {dagbag.py:538} INFO - Filling up the DagBag from /opt/airflow/dags/my_second_dag.py
[2026-02-14T21:17:49.867+0000] {processor.py:840} INFO - DAG(s) 'my_dag_of_the_morning' retrieved from /opt/airflow/dags/my_second_dag.py
[2026-02-14T21:17:49.902+0000] {logging_mixin.py:188} INFO - [2026-02-14T21:17:49.901+0000] {dag.py:3036} INFO - Sync 1 DAGs
[2026-02-14T21:17:49.925+0000] {logging_mixin.py:188} INFO - [2026-02-14T21:17:49.924+0000] {dag.py:3823} INFO - Setting next_dagrun for my_dag_of_the_morning to None, run_after=None
[2026-02-14T21:17:49.956+0000] {processor.py:183} INFO - Processing /opt/airflow/dags/my_second_dag.py took 0.106 seconds
[2026-02-14T21:18:20.417+0000] {processor.py:161} INFO - Started process (PID=13816) to work on /opt/airflow/dags/my_second_dag.py
[2026-02-14T21:18:20.418+0000] {processor.py:830} INFO - Processing file /opt/airflow/dags/my_second_dag.py for tasks to queue
[2026-02-14T21:18:20.421+0000] {logging_mixin.py:188} INFO - [2026-02-14T21:18:20.420+0000] {dagbag.py:538} INFO - Filling up the DagBag from /opt/airflow/dags/my_second_dag.py
[2026-02-14T21:18:20.430+0000] {processor.py:840} INFO - DAG(s) 'my_dag_of_the_morning' retrieved from /opt/airflow/dags/my_second_dag.py
[2026-02-14T21:18:20.464+0000] {logging_mixin.py:188} INFO - [2026-02-14T21:18:20.463+0000] {dag.py:3036} INFO - Sync 1 DAGs
[2026-02-14T21:18:20.487+0000] {logging_mixin.py:188} INFO - [2026-02-14T21:18:20.486+0000] {dag.py:3823} INFO - Setting next_dagrun for my_dag_of_the_morning to None, run_after=None
[2026-02-14T21:18:20.520+0000] {processor.py:183} INFO - Processing /opt/airflow/dags/my_second_dag.py took 0.108 seconds
[2026-02-14T21:18:50.984+0000] {processor.py:161} INFO - Started process (PID=13899) to work on /opt/airflow/dags/my_second_dag.py
[2026-02-14T21:18:50.986+0000] {processor.py:830} INFO - Processing file /opt/airflow/dags/my_second_dag.py for tasks to queue
[2026-02-14T21:18:50.989+0000] {logging_mixin.py:188} INFO - [2026-02-14T21:18:50.988+0000] {dagbag.py:538} INFO - Filling up the DagBag from /opt/airflow/dags/my_second_dag.py
[2026-02-14T21:18:51.000+0000] {processor.py:840} INFO - DAG(s) 'my_dag_of_the_morning' retrieved from /opt/airflow/dags/my_second_dag.py
[2026-02-14T21:18:51.036+0000] {logging_mixin.py:188} INFO - [2026-02-14T21:18:51.036+0000] {dag.py:3036} INFO - Sync 1 DAGs
[2026-02-14T21:18:51.057+0000] {logging_mixin.py:188} INFO - [2026-02-14T21:18:51.057+0000] {dag.py:3823} INFO - Setting next_dagrun for my_dag_of_the_morning to None, run_after=None
[2026-02-14T21:18:51.084+0000] {processor.py:183} INFO - Processing /opt/airflow/dags/my_second_dag.py took 0.106 seconds
[2026-02-14T21:19:21.304+0000] {processor.py:161} INFO - Started process (PID=13982) to work on /opt/airflow/dags/my_second_dag.py
[2026-02-14T21:19:21.305+0000] {processor.py:830} INFO - Processing file /opt/airflow/dags/my_second_dag.py for tasks to queue
[2026-02-14T21:19:21.308+0000] {logging_mixin.py:188} INFO - [2026-02-14T21:19:21.307+0000] {dagbag.py:538} INFO - Filling up the DagBag from /opt/airflow/dags/my_second_dag.py
[2026-02-14T21:19:21.317+0000] {processor.py:840} INFO - DAG(s) 'my_dag_of_the_morning' retrieved from /opt/airflow/dags/my_second_dag.py
[2026-02-14T21:19:21.349+0000] {logging_mixin.py:188} INFO - [2026-02-14T21:19:21.348+0000] {dag.py:3036} INFO - Sync 1 DAGs
[2026-02-14T21:19:21.369+0000] {logging_mixin.py:188} INFO - [2026-02-14T21:19:21.368+0000] {dag.py:3823} INFO - Setting next_dagrun for my_dag_of_the_morning to None, run_after=None
[2026-02-14T21:19:21.398+0000] {processor.py:183} INFO - Processing /opt/airflow/dags/my_second_dag.py took 0.100 seconds
[2026-02-14T21:19:51.792+0000] {processor.py:161} INFO - Started process (PID=14066) to work on /opt/airflow/dags/my_second_dag.py
[2026-02-14T21:19:51.794+0000] {processor.py:830} INFO - Processing file /opt/airflow/dags/my_second_dag.py for tasks to queue
[2026-02-14T21:19:51.796+0000] {logging_mixin.py:188} INFO - [2026-02-14T21:19:51.796+0000] {dagbag.py:538} INFO - Filling up the DagBag from /opt/airflow/dags/my_second_dag.py
[2026-02-14T21:19:51.806+0000] {processor.py:840} INFO - DAG(s) 'my_dag_of_the_morning' retrieved from /opt/airflow/dags/my_second_dag.py
[2026-02-14T21:19:51.840+0000] {logging_mixin.py:188} INFO - [2026-02-14T21:19:51.839+0000] {dag.py:3036} INFO - Sync 1 DAGs
[2026-02-14T21:19:51.864+0000] {logging_mixin.py:188} INFO - [2026-02-14T21:19:51.863+0000] {dag.py:3823} INFO - Setting next_dagrun for my_dag_of_the_morning to None, run_after=None
[2026-02-14T21:19:51.897+0000] {processor.py:183} INFO - Processing /opt/airflow/dags/my_second_dag.py took 0.110 seconds
[2026-02-14T21:20:22.178+0000] {processor.py:161} INFO - Started process (PID=14153) to work on /opt/airflow/dags/my_second_dag.py
[2026-02-14T21:20:22.180+0000] {processor.py:830} INFO - Processing file /opt/airflow/dags/my_second_dag.py for tasks to queue
[2026-02-14T21:20:22.183+0000] {logging_mixin.py:188} INFO - [2026-02-14T21:20:22.183+0000] {dagbag.py:538} INFO - Filling up the DagBag from /opt/airflow/dags/my_second_dag.py
[2026-02-14T21:20:22.200+0000] {processor.py:840} INFO - DAG(s) 'my_dag_of_the_morning' retrieved from /opt/airflow/dags/my_second_dag.py
[2026-02-14T21:20:22.237+0000] {logging_mixin.py:188} INFO - [2026-02-14T21:20:22.236+0000] {dag.py:3036} INFO - Sync 1 DAGs
[2026-02-14T21:20:22.263+0000] {logging_mixin.py:188} INFO - [2026-02-14T21:20:22.263+0000] {dag.py:3823} INFO - Setting next_dagrun for my_dag_of_the_morning to None, run_after=None
[2026-02-14T21:20:22.305+0000] {processor.py:183} INFO - Processing /opt/airflow/dags/my_second_dag.py took 0.133 seconds
[2026-02-14T21:20:52.405+0000] {processor.py:161} INFO - Started process (PID=14239) to work on /opt/airflow/dags/my_second_dag.py
[2026-02-14T21:20:52.407+0000] {processor.py:830} INFO - Processing file /opt/airflow/dags/my_second_dag.py for tasks to queue
[2026-02-14T21:20:52.412+0000] {logging_mixin.py:188} INFO - [2026-02-14T21:20:52.411+0000] {dagbag.py:538} INFO - Filling up the DagBag from /opt/airflow/dags/my_second_dag.py
[2026-02-14T21:20:52.424+0000] {processor.py:840} INFO - DAG(s) 'my_dag_of_the_morning' retrieved from /opt/airflow/dags/my_second_dag.py
[2026-02-14T21:20:52.463+0000] {logging_mixin.py:188} INFO - [2026-02-14T21:20:52.462+0000] {dag.py:3036} INFO - Sync 1 DAGs
[2026-02-14T21:20:52.491+0000] {logging_mixin.py:188} INFO - [2026-02-14T21:20:52.490+0000] {dag.py:3823} INFO - Setting next_dagrun for my_dag_of_the_morning to None, run_after=None
[2026-02-14T21:20:52.534+0000] {processor.py:183} INFO - Processing /opt/airflow/dags/my_second_dag.py took 0.134 seconds
[2026-02-14T21:21:23.241+0000] {processor.py:161} INFO - Started process (PID=14321) to work on /opt/airflow/dags/my_second_dag.py
[2026-02-14T21:21:23.243+0000] {processor.py:830} INFO - Processing file /opt/airflow/dags/my_second_dag.py for tasks to queue
[2026-02-14T21:21:23.246+0000] {logging_mixin.py:188} INFO - [2026-02-14T21:21:23.245+0000] {dagbag.py:538} INFO - Filling up the DagBag from /opt/airflow/dags/my_second_dag.py
[2026-02-14T21:21:23.257+0000] {processor.py:840} INFO - DAG(s) 'my_dag_of_the_morning' retrieved from /opt/airflow/dags/my_second_dag.py
[2026-02-14T21:21:23.302+0000] {logging_mixin.py:188} INFO - [2026-02-14T21:21:23.302+0000] {dag.py:3036} INFO - Sync 1 DAGs
[2026-02-14T21:21:23.332+0000] {logging_mixin.py:188} INFO - [2026-02-14T21:21:23.331+0000] {dag.py:3823} INFO - Setting next_dagrun for my_dag_of_the_morning to None, run_after=None
[2026-02-14T21:21:23.383+0000] {processor.py:183} INFO - Processing /opt/airflow/dags/my_second_dag.py took 0.147 seconds
[2026-02-14T21:21:53.799+0000] {processor.py:161} INFO - Started process (PID=14404) to work on /opt/airflow/dags/my_second_dag.py
[2026-02-14T21:21:53.801+0000] {processor.py:830} INFO - Processing file /opt/airflow/dags/my_second_dag.py for tasks to queue
[2026-02-14T21:21:53.805+0000] {logging_mixin.py:188} INFO - [2026-02-14T21:21:53.804+0000] {dagbag.py:538} INFO - Filling up the DagBag from /opt/airflow/dags/my_second_dag.py
[2026-02-14T21:21:53.817+0000] {processor.py:840} INFO - DAG(s) 'my_dag_of_the_morning' retrieved from /opt/airflow/dags/my_second_dag.py
[2026-02-14T21:21:53.852+0000] {logging_mixin.py:188} INFO - [2026-02-14T21:21:53.851+0000] {dag.py:3036} INFO - Sync 1 DAGs
[2026-02-14T21:21:53.874+0000] {logging_mixin.py:188} INFO - [2026-02-14T21:21:53.874+0000] {dag.py:3823} INFO - Setting next_dagrun for my_dag_of_the_morning to None, run_after=None
[2026-02-14T21:21:53.905+0000] {processor.py:183} INFO - Processing /opt/airflow/dags/my_second_dag.py took 0.115 seconds
[2026-02-14T21:22:24.047+0000] {processor.py:161} INFO - Started process (PID=14487) to work on /opt/airflow/dags/my_second_dag.py
[2026-02-14T21:22:24.048+0000] {processor.py:830} INFO - Processing file /opt/airflow/dags/my_second_dag.py for tasks to queue
[2026-02-14T21:22:24.052+0000] {logging_mixin.py:188} INFO - [2026-02-14T21:22:24.051+0000] {dagbag.py:538} INFO - Filling up the DagBag from /opt/airflow/dags/my_second_dag.py
[2026-02-14T21:22:24.068+0000] {processor.py:840} INFO - DAG(s) 'my_dag_of_the_morning' retrieved from /opt/airflow/dags/my_second_dag.py
[2026-02-14T21:22:24.105+0000] {logging_mixin.py:188} INFO - [2026-02-14T21:22:24.105+0000] {dag.py:3036} INFO - Sync 1 DAGs
[2026-02-14T21:22:24.131+0000] {logging_mixin.py:188} INFO - [2026-02-14T21:22:24.131+0000] {dag.py:3823} INFO - Setting next_dagrun for my_dag_of_the_morning to None, run_after=None
[2026-02-14T21:22:24.165+0000] {processor.py:183} INFO - Processing /opt/airflow/dags/my_second_dag.py took 0.123 seconds
[2026-02-14T21:22:54.554+0000] {processor.py:161} INFO - Started process (PID=14572) to work on /opt/airflow/dags/my_second_dag.py
[2026-02-14T21:22:54.556+0000] {processor.py:830} INFO - Processing file /opt/airflow/dags/my_second_dag.py for tasks to queue
[2026-02-14T21:22:54.559+0000] {logging_mixin.py:188} INFO - [2026-02-14T21:22:54.558+0000] {dagbag.py:538} INFO - Filling up the DagBag from /opt/airflow/dags/my_second_dag.py
[2026-02-14T21:22:54.570+0000] {processor.py:840} INFO - DAG(s) 'my_dag_of_the_morning' retrieved from /opt/airflow/dags/my_second_dag.py
[2026-02-14T21:22:54.615+0000] {logging_mixin.py:188} INFO - [2026-02-14T21:22:54.615+0000] {dag.py:3036} INFO - Sync 1 DAGs
[2026-02-14T21:22:54.639+0000] {logging_mixin.py:188} INFO - [2026-02-14T21:22:54.638+0000] {dag.py:3823} INFO - Setting next_dagrun for my_dag_of_the_morning to None, run_after=None
[2026-02-14T21:22:54.674+0000] {processor.py:183} INFO - Processing /opt/airflow/dags/my_second_dag.py took 0.125 seconds
[2026-02-14T21:23:25.386+0000] {processor.py:161} INFO - Started process (PID=14655) to work on /opt/airflow/dags/my_second_dag.py
[2026-02-14T21:23:25.388+0000] {processor.py:830} INFO - Processing file /opt/airflow/dags/my_second_dag.py for tasks to queue
[2026-02-14T21:23:25.391+0000] {logging_mixin.py:188} INFO - [2026-02-14T21:23:25.390+0000] {dagbag.py:538} INFO - Filling up the DagBag from /opt/airflow/dags/my_second_dag.py
[2026-02-14T21:23:25.400+0000] {processor.py:840} INFO - DAG(s) 'my_dag_of_the_morning' retrieved from /opt/airflow/dags/my_second_dag.py
[2026-02-14T21:23:25.438+0000] {logging_mixin.py:188} INFO - [2026-02-14T21:23:25.437+0000] {dag.py:3036} INFO - Sync 1 DAGs
[2026-02-14T21:23:25.462+0000] {logging_mixin.py:188} INFO - [2026-02-14T21:23:25.461+0000] {dag.py:3823} INFO - Setting next_dagrun for my_dag_of_the_morning to None, run_after=None
[2026-02-14T21:23:25.495+0000] {processor.py:183} INFO - Processing /opt/airflow/dags/my_second_dag.py took 0.114 seconds
[2026-02-14T21:23:55.985+0000] {processor.py:161} INFO - Started process (PID=14739) to work on /opt/airflow/dags/my_second_dag.py
[2026-02-14T21:23:55.987+0000] {processor.py:830} INFO - Processing file /opt/airflow/dags/my_second_dag.py for tasks to queue
[2026-02-14T21:23:55.989+0000] {logging_mixin.py:188} INFO - [2026-02-14T21:23:55.989+0000] {dagbag.py:538} INFO - Filling up the DagBag from /opt/airflow/dags/my_second_dag.py
[2026-02-14T21:23:56.000+0000] {processor.py:840} INFO - DAG(s) 'my_dag_of_the_morning' retrieved from /opt/airflow/dags/my_second_dag.py
[2026-02-14T21:23:56.038+0000] {logging_mixin.py:188} INFO - [2026-02-14T21:23:56.037+0000] {dag.py:3036} INFO - Sync 1 DAGs
[2026-02-14T21:23:56.061+0000] {logging_mixin.py:188} INFO - [2026-02-14T21:23:56.060+0000] {dag.py:3823} INFO - Setting next_dagrun for my_dag_of_the_morning to None, run_after=None
[2026-02-14T21:23:56.093+0000] {processor.py:183} INFO - Processing /opt/airflow/dags/my_second_dag.py took 0.114 seconds
[2026-02-14T21:24:26.670+0000] {processor.py:161} INFO - Started process (PID=14823) to work on /opt/airflow/dags/my_second_dag.py
[2026-02-14T21:24:26.672+0000] {processor.py:830} INFO - Processing file /opt/airflow/dags/my_second_dag.py for tasks to queue
[2026-02-14T21:24:26.674+0000] {logging_mixin.py:188} INFO - [2026-02-14T21:24:26.674+0000] {dagbag.py:538} INFO - Filling up the DagBag from /opt/airflow/dags/my_second_dag.py
[2026-02-14T21:24:26.683+0000] {processor.py:840} INFO - DAG(s) 'my_dag_of_the_morning' retrieved from /opt/airflow/dags/my_second_dag.py
[2026-02-14T21:24:26.714+0000] {logging_mixin.py:188} INFO - [2026-02-14T21:24:26.714+0000] {dag.py:3036} INFO - Sync 1 DAGs
[2026-02-14T21:24:26.737+0000] {logging_mixin.py:188} INFO - [2026-02-14T21:24:26.737+0000] {dag.py:3823} INFO - Setting next_dagrun for my_dag_of_the_morning to None, run_after=None
[2026-02-14T21:24:26.771+0000] {processor.py:183} INFO - Processing /opt/airflow/dags/my_second_dag.py took 0.106 seconds
[2026-02-14T21:24:57.384+0000] {processor.py:161} INFO - Started process (PID=14911) to work on /opt/airflow/dags/my_second_dag.py
[2026-02-14T21:24:57.386+0000] {processor.py:830} INFO - Processing file /opt/airflow/dags/my_second_dag.py for tasks to queue
[2026-02-14T21:24:57.389+0000] {logging_mixin.py:188} INFO - [2026-02-14T21:24:57.388+0000] {dagbag.py:538} INFO - Filling up the DagBag from /opt/airflow/dags/my_second_dag.py
[2026-02-14T21:24:57.398+0000] {processor.py:840} INFO - DAG(s) 'my_dag_of_the_morning' retrieved from /opt/airflow/dags/my_second_dag.py
[2026-02-14T21:24:57.436+0000] {logging_mixin.py:188} INFO - [2026-02-14T21:24:57.435+0000] {dag.py:3036} INFO - Sync 1 DAGs
[2026-02-14T21:24:57.460+0000] {logging_mixin.py:188} INFO - [2026-02-14T21:24:57.460+0000] {dag.py:3823} INFO - Setting next_dagrun for my_dag_of_the_morning to None, run_after=None
[2026-02-14T21:24:57.494+0000] {processor.py:183} INFO - Processing /opt/airflow/dags/my_second_dag.py took 0.115 seconds
[2026-02-14T21:25:27.584+0000] {processor.py:161} INFO - Started process (PID=14992) to work on /opt/airflow/dags/my_second_dag.py
[2026-02-14T21:25:27.586+0000] {processor.py:830} INFO - Processing file /opt/airflow/dags/my_second_dag.py for tasks to queue
[2026-02-14T21:25:27.589+0000] {logging_mixin.py:188} INFO - [2026-02-14T21:25:27.588+0000] {dagbag.py:538} INFO - Filling up the DagBag from /opt/airflow/dags/my_second_dag.py
[2026-02-14T21:25:27.600+0000] {processor.py:840} INFO - DAG(s) 'my_dag_of_the_morning' retrieved from /opt/airflow/dags/my_second_dag.py
[2026-02-14T21:25:27.638+0000] {logging_mixin.py:188} INFO - [2026-02-14T21:25:27.638+0000] {dag.py:3036} INFO - Sync 1 DAGs
[2026-02-14T21:25:27.663+0000] {logging_mixin.py:188} INFO - [2026-02-14T21:25:27.662+0000] {dag.py:3823} INFO - Setting next_dagrun for my_dag_of_the_morning to None, run_after=None
[2026-02-14T21:25:27.698+0000] {processor.py:183} INFO - Processing /opt/airflow/dags/my_second_dag.py took 0.119 seconds
[2026-02-14T21:25:58.055+0000] {processor.py:161} INFO - Started process (PID=15075) to work on /opt/airflow/dags/my_second_dag.py
[2026-02-14T21:25:58.057+0000] {processor.py:830} INFO - Processing file /opt/airflow/dags/my_second_dag.py for tasks to queue
[2026-02-14T21:25:58.060+0000] {logging_mixin.py:188} INFO - [2026-02-14T21:25:58.060+0000] {dagbag.py:538} INFO - Filling up the DagBag from /opt/airflow/dags/my_second_dag.py
[2026-02-14T21:25:58.069+0000] {processor.py:840} INFO - DAG(s) 'my_dag_of_the_morning' retrieved from /opt/airflow/dags/my_second_dag.py
[2026-02-14T21:25:58.101+0000] {logging_mixin.py:188} INFO - [2026-02-14T21:25:58.101+0000] {dag.py:3036} INFO - Sync 1 DAGs
[2026-02-14T21:25:58.122+0000] {logging_mixin.py:188} INFO - [2026-02-14T21:25:58.121+0000] {dag.py:3823} INFO - Setting next_dagrun for my_dag_of_the_morning to None, run_after=None
[2026-02-14T21:25:58.150+0000] {processor.py:183} INFO - Processing /opt/airflow/dags/my_second_dag.py took 0.100 seconds
[2026-02-14T21:26:28.654+0000] {processor.py:161} INFO - Started process (PID=15157) to work on /opt/airflow/dags/my_second_dag.py
[2026-02-14T21:26:28.655+0000] {processor.py:830} INFO - Processing file /opt/airflow/dags/my_second_dag.py for tasks to queue
[2026-02-14T21:26:28.658+0000] {logging_mixin.py:188} INFO - [2026-02-14T21:26:28.658+0000] {dagbag.py:538} INFO - Filling up the DagBag from /opt/airflow/dags/my_second_dag.py
[2026-02-14T21:26:28.668+0000] {processor.py:840} INFO - DAG(s) 'my_dag_of_the_morning' retrieved from /opt/airflow/dags/my_second_dag.py
[2026-02-14T21:26:28.702+0000] {logging_mixin.py:188} INFO - [2026-02-14T21:26:28.702+0000] {dag.py:3036} INFO - Sync 1 DAGs
[2026-02-14T21:26:28.723+0000] {logging_mixin.py:188} INFO - [2026-02-14T21:26:28.723+0000] {dag.py:3823} INFO - Setting next_dagrun for my_dag_of_the_morning to None, run_after=None
[2026-02-14T21:26:28.962+0000] {processor.py:183} INFO - Processing /opt/airflow/dags/my_second_dag.py took 0.315 seconds
[2026-02-14T21:26:59.282+0000] {processor.py:161} INFO - Started process (PID=15240) to work on /opt/airflow/dags/my_second_dag.py
[2026-02-14T21:26:59.286+0000] {processor.py:830} INFO - Processing file /opt/airflow/dags/my_second_dag.py for tasks to queue
[2026-02-14T21:26:59.288+0000] {logging_mixin.py:188} INFO - [2026-02-14T21:26:59.288+0000] {dagbag.py:538} INFO - Filling up the DagBag from /opt/airflow/dags/my_second_dag.py
[2026-02-14T21:26:59.297+0000] {processor.py:840} INFO - DAG(s) 'my_dag_of_the_morning' retrieved from /opt/airflow/dags/my_second_dag.py
[2026-02-14T21:26:59.329+0000] {logging_mixin.py:188} INFO - [2026-02-14T21:26:59.329+0000] {dag.py:3036} INFO - Sync 1 DAGs
[2026-02-14T21:26:59.352+0000] {logging_mixin.py:188} INFO - [2026-02-14T21:26:59.351+0000] {dag.py:3823} INFO - Setting next_dagrun for my_dag_of_the_morning to None, run_after=None
[2026-02-14T21:26:59.384+0000] {processor.py:183} INFO - Processing /opt/airflow/dags/my_second_dag.py took 0.106 seconds
[2026-02-14T21:27:29.688+0000] {processor.py:161} INFO - Started process (PID=15325) to work on /opt/airflow/dags/my_second_dag.py
[2026-02-14T21:27:29.690+0000] {processor.py:830} INFO - Processing file /opt/airflow/dags/my_second_dag.py for tasks to queue
[2026-02-14T21:27:29.692+0000] {logging_mixin.py:188} INFO - [2026-02-14T21:27:29.692+0000] {dagbag.py:538} INFO - Filling up the DagBag from /opt/airflow/dags/my_second_dag.py
[2026-02-14T21:27:29.702+0000] {processor.py:840} INFO - DAG(s) 'my_dag_of_the_morning' retrieved from /opt/airflow/dags/my_second_dag.py
[2026-02-14T21:27:29.734+0000] {logging_mixin.py:188} INFO - [2026-02-14T21:27:29.733+0000] {dag.py:3036} INFO - Sync 1 DAGs
[2026-02-14T21:27:29.754+0000] {logging_mixin.py:188} INFO - [2026-02-14T21:27:29.754+0000] {dag.py:3823} INFO - Setting next_dagrun for my_dag_of_the_morning to None, run_after=None
[2026-02-14T21:27:29.787+0000] {processor.py:183} INFO - Processing /opt/airflow/dags/my_second_dag.py took 0.104 seconds
[2026-02-14T21:28:00.030+0000] {processor.py:161} INFO - Started process (PID=15409) to work on /opt/airflow/dags/my_second_dag.py
[2026-02-14T21:28:00.032+0000] {processor.py:830} INFO - Processing file /opt/airflow/dags/my_second_dag.py for tasks to queue
[2026-02-14T21:28:00.034+0000] {logging_mixin.py:188} INFO - [2026-02-14T21:28:00.034+0000] {dagbag.py:538} INFO - Filling up the DagBag from /opt/airflow/dags/my_second_dag.py
[2026-02-14T21:28:00.044+0000] {processor.py:840} INFO - DAG(s) 'my_dag_of_the_morning' retrieved from /opt/airflow/dags/my_second_dag.py
[2026-02-14T21:28:00.085+0000] {logging_mixin.py:188} INFO - [2026-02-14T21:28:00.084+0000] {dag.py:3036} INFO - Sync 1 DAGs
[2026-02-14T21:28:00.108+0000] {logging_mixin.py:188} INFO - [2026-02-14T21:28:00.108+0000] {dag.py:3823} INFO - Setting next_dagrun for my_dag_of_the_morning to None, run_after=None
[2026-02-14T21:28:00.156+0000] {processor.py:183} INFO - Processing /opt/airflow/dags/my_second_dag.py took 0.131 seconds
[2026-02-14T21:28:30.439+0000] {processor.py:161} INFO - Started process (PID=15492) to work on /opt/airflow/dags/my_second_dag.py
[2026-02-14T21:28:30.440+0000] {processor.py:830} INFO - Processing file /opt/airflow/dags/my_second_dag.py for tasks to queue
[2026-02-14T21:28:30.442+0000] {logging_mixin.py:188} INFO - [2026-02-14T21:28:30.442+0000] {dagbag.py:538} INFO - Filling up the DagBag from /opt/airflow/dags/my_second_dag.py
[2026-02-14T21:28:30.451+0000] {processor.py:840} INFO - DAG(s) 'my_dag_of_the_morning' retrieved from /opt/airflow/dags/my_second_dag.py
[2026-02-14T21:28:30.490+0000] {logging_mixin.py:188} INFO - [2026-02-14T21:28:30.490+0000] {dag.py:3036} INFO - Sync 1 DAGs
[2026-02-14T21:28:30.514+0000] {logging_mixin.py:188} INFO - [2026-02-14T21:28:30.514+0000] {dag.py:3823} INFO - Setting next_dagrun for my_dag_of_the_morning to None, run_after=None
[2026-02-14T21:28:30.549+0000] {processor.py:183} INFO - Processing /opt/airflow/dags/my_second_dag.py took 0.115 seconds
[2026-02-14T21:29:00.821+0000] {processor.py:161} INFO - Started process (PID=15575) to work on /opt/airflow/dags/my_second_dag.py
[2026-02-14T21:29:00.823+0000] {processor.py:830} INFO - Processing file /opt/airflow/dags/my_second_dag.py for tasks to queue
[2026-02-14T21:29:00.826+0000] {logging_mixin.py:188} INFO - [2026-02-14T21:29:00.826+0000] {dagbag.py:538} INFO - Filling up the DagBag from /opt/airflow/dags/my_second_dag.py
[2026-02-14T21:29:00.837+0000] {processor.py:840} INFO - DAG(s) 'my_dag_of_the_morning' retrieved from /opt/airflow/dags/my_second_dag.py
[2026-02-14T21:29:00.876+0000] {logging_mixin.py:188} INFO - [2026-02-14T21:29:00.876+0000] {dag.py:3036} INFO - Sync 1 DAGs
[2026-02-14T21:29:00.902+0000] {logging_mixin.py:188} INFO - [2026-02-14T21:29:00.902+0000] {dag.py:3823} INFO - Setting next_dagrun for my_dag_of_the_morning to None, run_after=None
[2026-02-14T21:29:00.934+0000] {processor.py:183} INFO - Processing /opt/airflow/dags/my_second_dag.py took 0.118 seconds
[2026-02-14T21:29:31.186+0000] {processor.py:161} INFO - Started process (PID=15659) to work on /opt/airflow/dags/my_second_dag.py
[2026-02-14T21:29:31.189+0000] {processor.py:830} INFO - Processing file /opt/airflow/dags/my_second_dag.py for tasks to queue
[2026-02-14T21:29:31.191+0000] {logging_mixin.py:188} INFO - [2026-02-14T21:29:31.191+0000] {dagbag.py:538} INFO - Filling up the DagBag from /opt/airflow/dags/my_second_dag.py
[2026-02-14T21:29:31.202+0000] {processor.py:840} INFO - DAG(s) 'my_dag_of_the_morning' retrieved from /opt/airflow/dags/my_second_dag.py
[2026-02-14T21:29:31.242+0000] {logging_mixin.py:188} INFO - [2026-02-14T21:29:31.241+0000] {dag.py:3036} INFO - Sync 1 DAGs
[2026-02-14T21:29:31.279+0000] {logging_mixin.py:188} INFO - [2026-02-14T21:29:31.278+0000] {dag.py:3823} INFO - Setting next_dagrun for my_dag_of_the_morning to None, run_after=None
[2026-02-14T21:29:31.318+0000] {processor.py:183} INFO - Processing /opt/airflow/dags/my_second_dag.py took 0.139 seconds
[2026-02-14T21:30:01.656+0000] {processor.py:161} INFO - Started process (PID=15742) to work on /opt/airflow/dags/my_second_dag.py
[2026-02-14T21:30:01.658+0000] {processor.py:830} INFO - Processing file /opt/airflow/dags/my_second_dag.py for tasks to queue
[2026-02-14T21:30:01.660+0000] {logging_mixin.py:188} INFO - [2026-02-14T21:30:01.660+0000] {dagbag.py:538} INFO - Filling up the DagBag from /opt/airflow/dags/my_second_dag.py
[2026-02-14T21:30:01.670+0000] {processor.py:840} INFO - DAG(s) 'my_dag_of_the_morning' retrieved from /opt/airflow/dags/my_second_dag.py
[2026-02-14T21:30:01.712+0000] {logging_mixin.py:188} INFO - [2026-02-14T21:30:01.711+0000] {dag.py:3036} INFO - Sync 1 DAGs
[2026-02-14T21:30:01.739+0000] {logging_mixin.py:188} INFO - [2026-02-14T21:30:01.739+0000] {dag.py:3823} INFO - Setting next_dagrun for my_dag_of_the_morning to None, run_after=None
[2026-02-14T21:30:01.773+0000] {processor.py:183} INFO - Processing /opt/airflow/dags/my_second_dag.py took 0.122 seconds
[2026-02-14T21:30:31.858+0000] {processor.py:161} INFO - Started process (PID=15824) to work on /opt/airflow/dags/my_second_dag.py
[2026-02-14T21:30:31.859+0000] {processor.py:830} INFO - Processing file /opt/airflow/dags/my_second_dag.py for tasks to queue
[2026-02-14T21:30:31.862+0000] {logging_mixin.py:188} INFO - [2026-02-14T21:30:31.861+0000] {dagbag.py:538} INFO - Filling up the DagBag from /opt/airflow/dags/my_second_dag.py
[2026-02-14T21:30:31.873+0000] {processor.py:840} INFO - DAG(s) 'my_dag_of_the_morning' retrieved from /opt/airflow/dags/my_second_dag.py
[2026-02-14T21:30:31.914+0000] {logging_mixin.py:188} INFO - [2026-02-14T21:30:31.913+0000] {dag.py:3036} INFO - Sync 1 DAGs
[2026-02-14T21:30:31.939+0000] {logging_mixin.py:188} INFO - [2026-02-14T21:30:31.939+0000] {dag.py:3823} INFO - Setting next_dagrun for my_dag_of_the_morning to None, run_after=None
[2026-02-14T21:30:31.987+0000] {processor.py:183} INFO - Processing /opt/airflow/dags/my_second_dag.py took 0.135 seconds
[2026-02-14T21:31:02.322+0000] {processor.py:161} INFO - Started process (PID=15906) to work on /opt/airflow/dags/my_second_dag.py
[2026-02-14T21:31:02.324+0000] {processor.py:830} INFO - Processing file /opt/airflow/dags/my_second_dag.py for tasks to queue
[2026-02-14T21:31:02.327+0000] {logging_mixin.py:188} INFO - [2026-02-14T21:31:02.327+0000] {dagbag.py:538} INFO - Filling up the DagBag from /opt/airflow/dags/my_second_dag.py
[2026-02-14T21:31:02.339+0000] {processor.py:840} INFO - DAG(s) 'my_dag_of_the_morning' retrieved from /opt/airflow/dags/my_second_dag.py
[2026-02-14T21:31:02.379+0000] {logging_mixin.py:188} INFO - [2026-02-14T21:31:02.378+0000] {dag.py:3036} INFO - Sync 1 DAGs
[2026-02-14T21:31:02.404+0000] {logging_mixin.py:188} INFO - [2026-02-14T21:31:02.404+0000] {dag.py:3823} INFO - Setting next_dagrun for my_dag_of_the_morning to None, run_after=None
[2026-02-14T21:31:02.439+0000] {processor.py:183} INFO - Processing /opt/airflow/dags/my_second_dag.py took 0.122 seconds
[2026-02-14T21:31:33.203+0000] {processor.py:161} INFO - Started process (PID=15990) to work on /opt/airflow/dags/my_second_dag.py
[2026-02-14T21:31:33.205+0000] {processor.py:830} INFO - Processing file /opt/airflow/dags/my_second_dag.py for tasks to queue
[2026-02-14T21:31:33.208+0000] {logging_mixin.py:188} INFO - [2026-02-14T21:31:33.207+0000] {dagbag.py:538} INFO - Filling up the DagBag from /opt/airflow/dags/my_second_dag.py
[2026-02-14T21:31:33.227+0000] {processor.py:840} INFO - DAG(s) 'my_dag_of_the_morning' retrieved from /opt/airflow/dags/my_second_dag.py
[2026-02-14T21:31:33.265+0000] {logging_mixin.py:188} INFO - [2026-02-14T21:31:33.265+0000] {dag.py:3036} INFO - Sync 1 DAGs
[2026-02-14T21:31:33.285+0000] {logging_mixin.py:188} INFO - [2026-02-14T21:31:33.284+0000] {dag.py:3823} INFO - Setting next_dagrun for my_dag_of_the_morning to None, run_after=None
[2026-02-14T21:31:33.317+0000] {processor.py:183} INFO - Processing /opt/airflow/dags/my_second_dag.py took 0.120 seconds
[2026-02-14T21:32:03.521+0000] {processor.py:161} INFO - Started process (PID=16080) to work on /opt/airflow/dags/my_second_dag.py
[2026-02-14T21:32:03.523+0000] {processor.py:830} INFO - Processing file /opt/airflow/dags/my_second_dag.py for tasks to queue
[2026-02-14T21:32:03.526+0000] {logging_mixin.py:188} INFO - [2026-02-14T21:32:03.525+0000] {dagbag.py:538} INFO - Filling up the DagBag from /opt/airflow/dags/my_second_dag.py
[2026-02-14T21:32:03.537+0000] {processor.py:840} INFO - DAG(s) 'my_dag_of_the_morning' retrieved from /opt/airflow/dags/my_second_dag.py
[2026-02-14T21:32:03.577+0000] {logging_mixin.py:188} INFO - [2026-02-14T21:32:03.577+0000] {dag.py:3036} INFO - Sync 1 DAGs
[2026-02-14T21:32:03.602+0000] {logging_mixin.py:188} INFO - [2026-02-14T21:32:03.602+0000] {dag.py:3823} INFO - Setting next_dagrun for my_dag_of_the_morning to None, run_after=None
[2026-02-14T21:32:03.636+0000] {processor.py:183} INFO - Processing /opt/airflow/dags/my_second_dag.py took 0.121 seconds
[2026-02-14T21:32:34.368+0000] {processor.py:161} INFO - Started process (PID=16163) to work on /opt/airflow/dags/my_second_dag.py
[2026-02-14T21:32:34.370+0000] {processor.py:830} INFO - Processing file /opt/airflow/dags/my_second_dag.py for tasks to queue
[2026-02-14T21:32:34.373+0000] {logging_mixin.py:188} INFO - [2026-02-14T21:32:34.372+0000] {dagbag.py:538} INFO - Filling up the DagBag from /opt/airflow/dags/my_second_dag.py
[2026-02-14T21:32:34.385+0000] {processor.py:840} INFO - DAG(s) 'my_dag_of_the_morning' retrieved from /opt/airflow/dags/my_second_dag.py
[2026-02-14T21:32:34.423+0000] {logging_mixin.py:188} INFO - [2026-02-14T21:32:34.423+0000] {dag.py:3036} INFO - Sync 1 DAGs
[2026-02-14T21:32:34.447+0000] {logging_mixin.py:188} INFO - [2026-02-14T21:32:34.447+0000] {dag.py:3823} INFO - Setting next_dagrun for my_dag_of_the_morning to None, run_after=None
[2026-02-14T21:32:34.475+0000] {processor.py:183} INFO - Processing /opt/airflow/dags/my_second_dag.py took 0.112 seconds
[2026-02-14T21:33:05.254+0000] {processor.py:161} INFO - Started process (PID=16245) to work on /opt/airflow/dags/my_second_dag.py
[2026-02-14T21:33:05.256+0000] {processor.py:830} INFO - Processing file /opt/airflow/dags/my_second_dag.py for tasks to queue
[2026-02-14T21:33:05.260+0000] {logging_mixin.py:188} INFO - [2026-02-14T21:33:05.259+0000] {dagbag.py:538} INFO - Filling up the DagBag from /opt/airflow/dags/my_second_dag.py
[2026-02-14T21:33:05.272+0000] {processor.py:840} INFO - DAG(s) 'my_dag_of_the_morning' retrieved from /opt/airflow/dags/my_second_dag.py
[2026-02-14T21:33:05.311+0000] {logging_mixin.py:188} INFO - [2026-02-14T21:33:05.311+0000] {dag.py:3036} INFO - Sync 1 DAGs
[2026-02-14T21:33:05.334+0000] {logging_mixin.py:188} INFO - [2026-02-14T21:33:05.333+0000] {dag.py:3823} INFO - Setting next_dagrun for my_dag_of_the_morning to None, run_after=None
[2026-02-14T21:33:05.367+0000] {processor.py:183} INFO - Processing /opt/airflow/dags/my_second_dag.py took 0.119 seconds
[2026-02-14T21:33:35.701+0000] {processor.py:161} INFO - Started process (PID=16327) to work on /opt/airflow/dags/my_second_dag.py
[2026-02-14T21:33:35.702+0000] {processor.py:830} INFO - Processing file /opt/airflow/dags/my_second_dag.py for tasks to queue
[2026-02-14T21:33:35.705+0000] {logging_mixin.py:188} INFO - [2026-02-14T21:33:35.704+0000] {dagbag.py:538} INFO - Filling up the DagBag from /opt/airflow/dags/my_second_dag.py
[2026-02-14T21:33:35.715+0000] {processor.py:840} INFO - DAG(s) 'my_dag_of_the_morning' retrieved from /opt/airflow/dags/my_second_dag.py
[2026-02-14T21:33:35.753+0000] {logging_mixin.py:188} INFO - [2026-02-14T21:33:35.752+0000] {dag.py:3036} INFO - Sync 1 DAGs
[2026-02-14T21:33:35.777+0000] {logging_mixin.py:188} INFO - [2026-02-14T21:33:35.777+0000] {dag.py:3823} INFO - Setting next_dagrun for my_dag_of_the_morning to None, run_after=None
[2026-02-14T21:33:35.811+0000] {processor.py:183} INFO - Processing /opt/airflow/dags/my_second_dag.py took 0.115 seconds
[2026-02-14T21:34:06.194+0000] {processor.py:161} INFO - Started process (PID=16410) to work on /opt/airflow/dags/my_second_dag.py
[2026-02-14T21:34:06.196+0000] {processor.py:830} INFO - Processing file /opt/airflow/dags/my_second_dag.py for tasks to queue
[2026-02-14T21:34:06.199+0000] {logging_mixin.py:188} INFO - [2026-02-14T21:34:06.199+0000] {dagbag.py:538} INFO - Filling up the DagBag from /opt/airflow/dags/my_second_dag.py
[2026-02-14T21:34:06.211+0000] {processor.py:840} INFO - DAG(s) 'my_dag_of_the_morning' retrieved from /opt/airflow/dags/my_second_dag.py
[2026-02-14T21:34:06.257+0000] {logging_mixin.py:188} INFO - [2026-02-14T21:34:06.256+0000] {dag.py:3036} INFO - Sync 1 DAGs
[2026-02-14T21:34:06.281+0000] {logging_mixin.py:188} INFO - [2026-02-14T21:34:06.281+0000] {dag.py:3823} INFO - Setting next_dagrun for my_dag_of_the_morning to None, run_after=None
[2026-02-14T21:34:06.319+0000] {processor.py:183} INFO - Processing /opt/airflow/dags/my_second_dag.py took 0.131 seconds
[2026-02-14T21:34:36.523+0000] {processor.py:161} INFO - Started process (PID=16493) to work on /opt/airflow/dags/my_second_dag.py
[2026-02-14T21:34:36.524+0000] {processor.py:830} INFO - Processing file /opt/airflow/dags/my_second_dag.py for tasks to queue
[2026-02-14T21:34:36.528+0000] {logging_mixin.py:188} INFO - [2026-02-14T21:34:36.527+0000] {dagbag.py:538} INFO - Filling up the DagBag from /opt/airflow/dags/my_second_dag.py
[2026-02-14T21:34:36.539+0000] {processor.py:840} INFO - DAG(s) 'my_dag_of_the_morning' retrieved from /opt/airflow/dags/my_second_dag.py
[2026-02-14T21:34:36.579+0000] {logging_mixin.py:188} INFO - [2026-02-14T21:34:36.578+0000] {dag.py:3036} INFO - Sync 1 DAGs
[2026-02-14T21:34:36.604+0000] {logging_mixin.py:188} INFO - [2026-02-14T21:34:36.604+0000] {dag.py:3823} INFO - Setting next_dagrun for my_dag_of_the_morning to None, run_after=None
[2026-02-14T21:34:36.637+0000] {processor.py:183} INFO - Processing /opt/airflow/dags/my_second_dag.py took 0.119 seconds
[2026-02-14T21:35:06.688+0000] {processor.py:161} INFO - Started process (PID=16575) to work on /opt/airflow/dags/my_second_dag.py
[2026-02-14T21:35:06.690+0000] {processor.py:830} INFO - Processing file /opt/airflow/dags/my_second_dag.py for tasks to queue
[2026-02-14T21:35:06.693+0000] {logging_mixin.py:188} INFO - [2026-02-14T21:35:06.692+0000] {dagbag.py:538} INFO - Filling up the DagBag from /opt/airflow/dags/my_second_dag.py
[2026-02-14T21:35:06.703+0000] {processor.py:840} INFO - DAG(s) 'my_dag_of_the_morning' retrieved from /opt/airflow/dags/my_second_dag.py
[2026-02-14T21:35:06.739+0000] {logging_mixin.py:188} INFO - [2026-02-14T21:35:06.738+0000] {dag.py:3036} INFO - Sync 1 DAGs
[2026-02-14T21:35:06.760+0000] {logging_mixin.py:188} INFO - [2026-02-14T21:35:06.760+0000] {dag.py:3823} INFO - Setting next_dagrun for my_dag_of_the_morning to None, run_after=None
[2026-02-14T21:35:06.807+0000] {processor.py:183} INFO - Processing /opt/airflow/dags/my_second_dag.py took 0.124 seconds
[2026-02-14T21:35:36.852+0000] {processor.py:161} INFO - Started process (PID=16658) to work on /opt/airflow/dags/my_second_dag.py
[2026-02-14T21:35:36.853+0000] {processor.py:830} INFO - Processing file /opt/airflow/dags/my_second_dag.py for tasks to queue
[2026-02-14T21:35:36.855+0000] {logging_mixin.py:188} INFO - [2026-02-14T21:35:36.855+0000] {dagbag.py:538} INFO - Filling up the DagBag from /opt/airflow/dags/my_second_dag.py
[2026-02-14T21:35:36.864+0000] {processor.py:840} INFO - DAG(s) 'my_dag_of_the_morning' retrieved from /opt/airflow/dags/my_second_dag.py
[2026-02-14T21:35:36.894+0000] {logging_mixin.py:188} INFO - [2026-02-14T21:35:36.893+0000] {dag.py:3036} INFO - Sync 1 DAGs
[2026-02-14T21:35:36.912+0000] {logging_mixin.py:188} INFO - [2026-02-14T21:35:36.912+0000] {dag.py:3823} INFO - Setting next_dagrun for my_dag_of_the_morning to None, run_after=None
[2026-02-14T21:35:36.938+0000] {processor.py:183} INFO - Processing /opt/airflow/dags/my_second_dag.py took 0.091 seconds
[2026-02-14T21:36:07.200+0000] {processor.py:161} INFO - Started process (PID=16740) to work on /opt/airflow/dags/my_second_dag.py
[2026-02-14T21:36:07.202+0000] {processor.py:830} INFO - Processing file /opt/airflow/dags/my_second_dag.py for tasks to queue
[2026-02-14T21:36:07.205+0000] {logging_mixin.py:188} INFO - [2026-02-14T21:36:07.205+0000] {dagbag.py:538} INFO - Filling up the DagBag from /opt/airflow/dags/my_second_dag.py
[2026-02-14T21:36:07.219+0000] {processor.py:840} INFO - DAG(s) 'my_dag_of_the_morning' retrieved from /opt/airflow/dags/my_second_dag.py
[2026-02-14T21:36:07.252+0000] {logging_mixin.py:188} INFO - [2026-02-14T21:36:07.252+0000] {dag.py:3036} INFO - Sync 1 DAGs
[2026-02-14T21:36:07.272+0000] {logging_mixin.py:188} INFO - [2026-02-14T21:36:07.271+0000] {dag.py:3823} INFO - Setting next_dagrun for my_dag_of_the_morning to None, run_after=None
[2026-02-14T21:36:07.302+0000] {processor.py:183} INFO - Processing /opt/airflow/dags/my_second_dag.py took 0.106 seconds
[2026-02-14T21:36:37.872+0000] {processor.py:161} INFO - Started process (PID=16830) to work on /opt/airflow/dags/my_second_dag.py
[2026-02-14T21:36:37.873+0000] {processor.py:830} INFO - Processing file /opt/airflow/dags/my_second_dag.py for tasks to queue
[2026-02-14T21:36:37.875+0000] {logging_mixin.py:188} INFO - [2026-02-14T21:36:37.875+0000] {dagbag.py:538} INFO - Filling up the DagBag from /opt/airflow/dags/my_second_dag.py
[2026-02-14T21:36:37.884+0000] {processor.py:840} INFO - DAG(s) 'my_dag_of_the_morning' retrieved from /opt/airflow/dags/my_second_dag.py
[2026-02-14T21:36:37.919+0000] {logging_mixin.py:188} INFO - [2026-02-14T21:36:37.918+0000] {dag.py:3036} INFO - Sync 1 DAGs
[2026-02-14T21:36:37.943+0000] {logging_mixin.py:188} INFO - [2026-02-14T21:36:37.943+0000] {dag.py:3823} INFO - Setting next_dagrun for my_dag_of_the_morning to None, run_after=None
[2026-02-14T21:36:37.977+0000] {processor.py:183} INFO - Processing /opt/airflow/dags/my_second_dag.py took 0.110 seconds
[2026-02-14T21:37:08.022+0000] {processor.py:161} INFO - Started process (PID=16913) to work on /opt/airflow/dags/my_second_dag.py
[2026-02-14T21:37:08.025+0000] {processor.py:830} INFO - Processing file /opt/airflow/dags/my_second_dag.py for tasks to queue
[2026-02-14T21:37:08.029+0000] {logging_mixin.py:188} INFO - [2026-02-14T21:37:08.028+0000] {dagbag.py:538} INFO - Filling up the DagBag from /opt/airflow/dags/my_second_dag.py
[2026-02-14T21:37:08.040+0000] {processor.py:840} INFO - DAG(s) 'my_dag_of_the_morning' retrieved from /opt/airflow/dags/my_second_dag.py
[2026-02-14T21:37:08.099+0000] {logging_mixin.py:188} INFO - [2026-02-14T21:37:08.099+0000] {dag.py:3036} INFO - Sync 1 DAGs
[2026-02-14T21:37:08.128+0000] {logging_mixin.py:188} INFO - [2026-02-14T21:37:08.127+0000] {dag.py:3823} INFO - Setting next_dagrun for my_dag_of_the_morning to None, run_after=None
[2026-02-14T21:37:08.163+0000] {processor.py:183} INFO - Processing /opt/airflow/dags/my_second_dag.py took 0.147 seconds
[2026-02-14T21:37:38.784+0000] {processor.py:161} INFO - Started process (PID=16996) to work on /opt/airflow/dags/my_second_dag.py
[2026-02-14T21:37:38.785+0000] {processor.py:830} INFO - Processing file /opt/airflow/dags/my_second_dag.py for tasks to queue
[2026-02-14T21:37:38.788+0000] {logging_mixin.py:188} INFO - [2026-02-14T21:37:38.788+0000] {dagbag.py:538} INFO - Filling up the DagBag from /opt/airflow/dags/my_second_dag.py
[2026-02-14T21:37:38.798+0000] {processor.py:840} INFO - DAG(s) 'my_dag_of_the_morning' retrieved from /opt/airflow/dags/my_second_dag.py
[2026-02-14T21:37:38.830+0000] {logging_mixin.py:188} INFO - [2026-02-14T21:37:38.830+0000] {dag.py:3036} INFO - Sync 1 DAGs
[2026-02-14T21:37:38.850+0000] {logging_mixin.py:188} INFO - [2026-02-14T21:37:38.849+0000] {dag.py:3823} INFO - Setting next_dagrun for my_dag_of_the_morning to None, run_after=None
[2026-02-14T21:37:38.878+0000] {processor.py:183} INFO - Processing /opt/airflow/dags/my_second_dag.py took 0.100 seconds
[2026-02-14T21:38:09.304+0000] {processor.py:161} INFO - Started process (PID=17080) to work on /opt/airflow/dags/my_second_dag.py
[2026-02-14T21:38:09.306+0000] {processor.py:830} INFO - Processing file /opt/airflow/dags/my_second_dag.py for tasks to queue
[2026-02-14T21:38:09.315+0000] {logging_mixin.py:188} INFO - [2026-02-14T21:38:09.315+0000] {dagbag.py:538} INFO - Filling up the DagBag from /opt/airflow/dags/my_second_dag.py
[2026-02-14T21:38:09.326+0000] {processor.py:840} INFO - DAG(s) 'my_dag_of_the_morning' retrieved from /opt/airflow/dags/my_second_dag.py
[2026-02-14T21:38:09.365+0000] {logging_mixin.py:188} INFO - [2026-02-14T21:38:09.365+0000] {dag.py:3036} INFO - Sync 1 DAGs
[2026-02-14T21:38:09.390+0000] {logging_mixin.py:188} INFO - [2026-02-14T21:38:09.390+0000] {dag.py:3823} INFO - Setting next_dagrun for my_dag_of_the_morning to None, run_after=None
[2026-02-14T21:38:09.426+0000] {processor.py:183} INFO - Processing /opt/airflow/dags/my_second_dag.py took 0.128 seconds
[2026-02-14T21:38:39.592+0000] {processor.py:161} INFO - Started process (PID=17163) to work on /opt/airflow/dags/my_second_dag.py
[2026-02-14T21:38:39.594+0000] {processor.py:830} INFO - Processing file /opt/airflow/dags/my_second_dag.py for tasks to queue
[2026-02-14T21:38:39.596+0000] {logging_mixin.py:188} INFO - [2026-02-14T21:38:39.596+0000] {dagbag.py:538} INFO - Filling up the DagBag from /opt/airflow/dags/my_second_dag.py
[2026-02-14T21:38:39.607+0000] {processor.py:840} INFO - DAG(s) 'my_dag_of_the_morning' retrieved from /opt/airflow/dags/my_second_dag.py
[2026-02-14T21:38:39.636+0000] {logging_mixin.py:188} INFO - [2026-02-14T21:38:39.635+0000] {dag.py:3036} INFO - Sync 1 DAGs
[2026-02-14T21:38:39.656+0000] {logging_mixin.py:188} INFO - [2026-02-14T21:38:39.656+0000] {dag.py:3823} INFO - Setting next_dagrun for my_dag_of_the_morning to None, run_after=None
[2026-02-14T21:38:39.684+0000] {processor.py:183} INFO - Processing /opt/airflow/dags/my_second_dag.py took 0.097 seconds
[2026-02-14T21:39:10.221+0000] {processor.py:161} INFO - Started process (PID=17248) to work on /opt/airflow/dags/my_second_dag.py
[2026-02-14T21:39:10.223+0000] {processor.py:830} INFO - Processing file /opt/airflow/dags/my_second_dag.py for tasks to queue
[2026-02-14T21:39:10.225+0000] {logging_mixin.py:188} INFO - [2026-02-14T21:39:10.225+0000] {dagbag.py:538} INFO - Filling up the DagBag from /opt/airflow/dags/my_second_dag.py
[2026-02-14T21:39:10.235+0000] {processor.py:840} INFO - DAG(s) 'my_dag_of_the_morning' retrieved from /opt/airflow/dags/my_second_dag.py
[2026-02-14T21:39:10.266+0000] {logging_mixin.py:188} INFO - [2026-02-14T21:39:10.265+0000] {dag.py:3036} INFO - Sync 1 DAGs
[2026-02-14T21:39:10.285+0000] {logging_mixin.py:188} INFO - [2026-02-14T21:39:10.284+0000] {dag.py:3823} INFO - Setting next_dagrun for my_dag_of_the_morning to None, run_after=None
[2026-02-14T21:39:10.313+0000] {processor.py:183} INFO - Processing /opt/airflow/dags/my_second_dag.py took 0.097 seconds
[2026-02-14T21:39:40.886+0000] {processor.py:161} INFO - Started process (PID=17330) to work on /opt/airflow/dags/my_second_dag.py
[2026-02-14T21:39:40.888+0000] {processor.py:830} INFO - Processing file /opt/airflow/dags/my_second_dag.py for tasks to queue
[2026-02-14T21:39:40.892+0000] {logging_mixin.py:188} INFO - [2026-02-14T21:39:40.891+0000] {dagbag.py:538} INFO - Filling up the DagBag from /opt/airflow/dags/my_second_dag.py
[2026-02-14T21:39:40.902+0000] {processor.py:840} INFO - DAG(s) 'my_dag_of_the_morning' retrieved from /opt/airflow/dags/my_second_dag.py
[2026-02-14T21:39:40.932+0000] {logging_mixin.py:188} INFO - [2026-02-14T21:39:40.932+0000] {dag.py:3036} INFO - Sync 1 DAGs
[2026-02-14T21:39:40.951+0000] {logging_mixin.py:188} INFO - [2026-02-14T21:39:40.951+0000] {dag.py:3823} INFO - Setting next_dagrun for my_dag_of_the_morning to None, run_after=None
[2026-02-14T21:39:40.978+0000] {processor.py:183} INFO - Processing /opt/airflow/dags/my_second_dag.py took 0.097 seconds
[2026-02-14T21:40:11.414+0000] {processor.py:161} INFO - Started process (PID=17413) to work on /opt/airflow/dags/my_second_dag.py
[2026-02-14T21:40:11.416+0000] {processor.py:830} INFO - Processing file /opt/airflow/dags/my_second_dag.py for tasks to queue
[2026-02-14T21:40:11.418+0000] {logging_mixin.py:188} INFO - [2026-02-14T21:40:11.418+0000] {dagbag.py:538} INFO - Filling up the DagBag from /opt/airflow/dags/my_second_dag.py
[2026-02-14T21:40:11.427+0000] {processor.py:840} INFO - DAG(s) 'my_dag_of_the_morning' retrieved from /opt/airflow/dags/my_second_dag.py
[2026-02-14T21:40:11.460+0000] {logging_mixin.py:188} INFO - [2026-02-14T21:40:11.460+0000] {dag.py:3036} INFO - Sync 1 DAGs
[2026-02-14T21:40:11.479+0000] {logging_mixin.py:188} INFO - [2026-02-14T21:40:11.478+0000] {dag.py:3823} INFO - Setting next_dagrun for my_dag_of_the_morning to None, run_after=None
[2026-02-14T21:40:11.506+0000] {processor.py:183} INFO - Processing /opt/airflow/dags/my_second_dag.py took 0.097 seconds
[2026-02-14T21:40:41.755+0000] {processor.py:161} INFO - Started process (PID=17496) to work on /opt/airflow/dags/my_second_dag.py
[2026-02-14T21:40:41.765+0000] {processor.py:830} INFO - Processing file /opt/airflow/dags/my_second_dag.py for tasks to queue
[2026-02-14T21:40:41.770+0000] {logging_mixin.py:188} INFO - [2026-02-14T21:40:41.768+0000] {dagbag.py:538} INFO - Filling up the DagBag from /opt/airflow/dags/my_second_dag.py
[2026-02-14T21:40:41.780+0000] {processor.py:840} INFO - DAG(s) 'my_dag_of_the_morning' retrieved from /opt/airflow/dags/my_second_dag.py
[2026-02-14T21:40:41.817+0000] {logging_mixin.py:188} INFO - [2026-02-14T21:40:41.816+0000] {dag.py:3036} INFO - Sync 1 DAGs
[2026-02-14T21:40:41.836+0000] {logging_mixin.py:188} INFO - [2026-02-14T21:40:41.835+0000] {dag.py:3823} INFO - Setting next_dagrun for my_dag_of_the_morning to None, run_after=None
[2026-02-14T21:40:41.863+0000] {processor.py:183} INFO - Processing /opt/airflow/dags/my_second_dag.py took 0.113 seconds
[2026-02-14T21:41:12.496+0000] {processor.py:161} INFO - Started process (PID=17579) to work on /opt/airflow/dags/my_second_dag.py
[2026-02-14T21:41:12.497+0000] {processor.py:830} INFO - Processing file /opt/airflow/dags/my_second_dag.py for tasks to queue
[2026-02-14T21:41:12.500+0000] {logging_mixin.py:188} INFO - [2026-02-14T21:41:12.500+0000] {dagbag.py:538} INFO - Filling up the DagBag from /opt/airflow/dags/my_second_dag.py
[2026-02-14T21:41:12.512+0000] {processor.py:840} INFO - DAG(s) 'my_dag_of_the_morning' retrieved from /opt/airflow/dags/my_second_dag.py
[2026-02-14T21:41:12.565+0000] {logging_mixin.py:188} INFO - [2026-02-14T21:41:12.564+0000] {dag.py:3036} INFO - Sync 1 DAGs
[2026-02-14T21:41:12.596+0000] {logging_mixin.py:188} INFO - [2026-02-14T21:41:12.596+0000] {dag.py:3823} INFO - Setting next_dagrun for my_dag_of_the_morning to None, run_after=None
[2026-02-14T21:41:12.634+0000] {processor.py:183} INFO - Processing /opt/airflow/dags/my_second_dag.py took 0.145 seconds
[2026-02-14T21:41:43.128+0000] {processor.py:161} INFO - Started process (PID=17661) to work on /opt/airflow/dags/my_second_dag.py
[2026-02-14T21:41:43.133+0000] {processor.py:830} INFO - Processing file /opt/airflow/dags/my_second_dag.py for tasks to queue
[2026-02-14T21:41:43.136+0000] {logging_mixin.py:188} INFO - [2026-02-14T21:41:43.135+0000] {dagbag.py:538} INFO - Filling up the DagBag from /opt/airflow/dags/my_second_dag.py
[2026-02-14T21:41:43.147+0000] {processor.py:840} INFO - DAG(s) 'my_dag_of_the_morning' retrieved from /opt/airflow/dags/my_second_dag.py
[2026-02-14T21:41:43.184+0000] {logging_mixin.py:188} INFO - [2026-02-14T21:41:43.183+0000] {dag.py:3036} INFO - Sync 1 DAGs
[2026-02-14T21:41:43.209+0000] {logging_mixin.py:188} INFO - [2026-02-14T21:41:43.208+0000] {dag.py:3823} INFO - Setting next_dagrun for my_dag_of_the_morning to None, run_after=None
[2026-02-14T21:41:43.243+0000] {processor.py:183} INFO - Processing /opt/airflow/dags/my_second_dag.py took 0.120 seconds
[2026-02-14T21:42:13.962+0000] {processor.py:161} INFO - Started process (PID=17743) to work on /opt/airflow/dags/my_second_dag.py
[2026-02-14T21:42:13.967+0000] {processor.py:830} INFO - Processing file /opt/airflow/dags/my_second_dag.py for tasks to queue
[2026-02-14T21:42:13.970+0000] {logging_mixin.py:188} INFO - [2026-02-14T21:42:13.970+0000] {dagbag.py:538} INFO - Filling up the DagBag from /opt/airflow/dags/my_second_dag.py
[2026-02-14T21:42:13.982+0000] {processor.py:840} INFO - DAG(s) 'my_dag_of_the_morning' retrieved from /opt/airflow/dags/my_second_dag.py
[2026-02-14T21:42:14.021+0000] {logging_mixin.py:188} INFO - [2026-02-14T21:42:14.020+0000] {dag.py:3036} INFO - Sync 1 DAGs
[2026-02-14T21:42:14.045+0000] {logging_mixin.py:188} INFO - [2026-02-14T21:42:14.045+0000] {dag.py:3823} INFO - Setting next_dagrun for my_dag_of_the_morning to None, run_after=None
[2026-02-14T21:42:14.078+0000] {processor.py:183} INFO - Processing /opt/airflow/dags/my_second_dag.py took 0.121 seconds
[2026-02-14T21:42:44.830+0000] {processor.py:161} INFO - Started process (PID=17825) to work on /opt/airflow/dags/my_second_dag.py
[2026-02-14T21:42:44.832+0000] {processor.py:830} INFO - Processing file /opt/airflow/dags/my_second_dag.py for tasks to queue
[2026-02-14T21:42:44.835+0000] {logging_mixin.py:188} INFO - [2026-02-14T21:42:44.834+0000] {dagbag.py:538} INFO - Filling up the DagBag from /opt/airflow/dags/my_second_dag.py
[2026-02-14T21:42:44.846+0000] {processor.py:840} INFO - DAG(s) 'my_dag_of_the_morning' retrieved from /opt/airflow/dags/my_second_dag.py
[2026-02-14T21:42:44.898+0000] {logging_mixin.py:188} INFO - [2026-02-14T21:42:44.898+0000] {dag.py:3036} INFO - Sync 1 DAGs
[2026-02-14T21:42:44.924+0000] {logging_mixin.py:188} INFO - [2026-02-14T21:42:44.923+0000] {dag.py:3823} INFO - Setting next_dagrun for my_dag_of_the_morning to None, run_after=None
[2026-02-14T21:42:44.966+0000] {processor.py:183} INFO - Processing /opt/airflow/dags/my_second_dag.py took 0.141 seconds
[2026-02-14T21:43:15.164+0000] {processor.py:161} INFO - Started process (PID=17908) to work on /opt/airflow/dags/my_second_dag.py
[2026-02-14T21:43:15.166+0000] {processor.py:830} INFO - Processing file /opt/airflow/dags/my_second_dag.py for tasks to queue
[2026-02-14T21:43:15.169+0000] {logging_mixin.py:188} INFO - [2026-02-14T21:43:15.168+0000] {dagbag.py:538} INFO - Filling up the DagBag from /opt/airflow/dags/my_second_dag.py
[2026-02-14T21:43:15.178+0000] {processor.py:840} INFO - DAG(s) 'my_dag_of_the_morning' retrieved from /opt/airflow/dags/my_second_dag.py
[2026-02-14T21:43:15.210+0000] {logging_mixin.py:188} INFO - [2026-02-14T21:43:15.209+0000] {dag.py:3036} INFO - Sync 1 DAGs
[2026-02-14T21:43:15.230+0000] {logging_mixin.py:188} INFO - [2026-02-14T21:43:15.230+0000] {dag.py:3823} INFO - Setting next_dagrun for my_dag_of_the_morning to None, run_after=None
[2026-02-14T21:43:15.260+0000] {processor.py:183} INFO - Processing /opt/airflow/dags/my_second_dag.py took 0.101 seconds
[2026-02-14T21:43:45.664+0000] {processor.py:161} INFO - Started process (PID=17998) to work on /opt/airflow/dags/my_second_dag.py
[2026-02-14T21:43:45.665+0000] {processor.py:830} INFO - Processing file /opt/airflow/dags/my_second_dag.py for tasks to queue
[2026-02-14T21:43:45.667+0000] {logging_mixin.py:188} INFO - [2026-02-14T21:43:45.667+0000] {dagbag.py:538} INFO - Filling up the DagBag from /opt/airflow/dags/my_second_dag.py
[2026-02-14T21:43:45.676+0000] {processor.py:840} INFO - DAG(s) 'my_dag_of_the_morning' retrieved from /opt/airflow/dags/my_second_dag.py
[2026-02-14T21:43:45.708+0000] {logging_mixin.py:188} INFO - [2026-02-14T21:43:45.708+0000] {dag.py:3036} INFO - Sync 1 DAGs
[2026-02-14T21:43:45.728+0000] {logging_mixin.py:188} INFO - [2026-02-14T21:43:45.728+0000] {dag.py:3823} INFO - Setting next_dagrun for my_dag_of_the_morning to None, run_after=None
[2026-02-14T21:43:45.764+0000] {processor.py:183} INFO - Processing /opt/airflow/dags/my_second_dag.py took 0.105 seconds
[2026-02-14T21:44:16.012+0000] {processor.py:161} INFO - Started process (PID=18082) to work on /opt/airflow/dags/my_second_dag.py
[2026-02-14T21:44:16.015+0000] {processor.py:830} INFO - Processing file /opt/airflow/dags/my_second_dag.py for tasks to queue
[2026-02-14T21:44:16.018+0000] {logging_mixin.py:188} INFO - [2026-02-14T21:44:16.018+0000] {dagbag.py:538} INFO - Filling up the DagBag from /opt/airflow/dags/my_second_dag.py
[2026-02-14T21:44:16.030+0000] {processor.py:840} INFO - DAG(s) 'my_dag_of_the_morning' retrieved from /opt/airflow/dags/my_second_dag.py
[2026-02-14T21:44:16.071+0000] {logging_mixin.py:188} INFO - [2026-02-14T21:44:16.070+0000] {dag.py:3036} INFO - Sync 1 DAGs
[2026-02-14T21:44:16.096+0000] {logging_mixin.py:188} INFO - [2026-02-14T21:44:16.096+0000] {dag.py:3823} INFO - Setting next_dagrun for my_dag_of_the_morning to None, run_after=None
[2026-02-14T21:44:16.138+0000] {processor.py:183} INFO - Processing /opt/airflow/dags/my_second_dag.py took 0.135 seconds
[2026-02-14T21:44:46.338+0000] {processor.py:161} INFO - Started process (PID=18165) to work on /opt/airflow/dags/my_second_dag.py
[2026-02-14T21:44:46.339+0000] {processor.py:830} INFO - Processing file /opt/airflow/dags/my_second_dag.py for tasks to queue
[2026-02-14T21:44:46.342+0000] {logging_mixin.py:188} INFO - [2026-02-14T21:44:46.341+0000] {dagbag.py:538} INFO - Filling up the DagBag from /opt/airflow/dags/my_second_dag.py
[2026-02-14T21:44:46.351+0000] {processor.py:840} INFO - DAG(s) 'my_dag_of_the_morning' retrieved from /opt/airflow/dags/my_second_dag.py
[2026-02-14T21:44:46.390+0000] {logging_mixin.py:188} INFO - [2026-02-14T21:44:46.389+0000] {dag.py:3036} INFO - Sync 1 DAGs
[2026-02-14T21:44:46.421+0000] {logging_mixin.py:188} INFO - [2026-02-14T21:44:46.421+0000] {dag.py:3823} INFO - Setting next_dagrun for my_dag_of_the_morning to None, run_after=None
[2026-02-14T21:44:46.463+0000] {processor.py:183} INFO - Processing /opt/airflow/dags/my_second_dag.py took 0.131 seconds
[2026-02-14T21:45:16.810+0000] {processor.py:161} INFO - Started process (PID=18248) to work on /opt/airflow/dags/my_second_dag.py
[2026-02-14T21:45:16.812+0000] {processor.py:830} INFO - Processing file /opt/airflow/dags/my_second_dag.py for tasks to queue
[2026-02-14T21:45:16.815+0000] {logging_mixin.py:188} INFO - [2026-02-14T21:45:16.814+0000] {dagbag.py:538} INFO - Filling up the DagBag from /opt/airflow/dags/my_second_dag.py
[2026-02-14T21:45:16.825+0000] {processor.py:840} INFO - DAG(s) 'my_dag_of_the_morning' retrieved from /opt/airflow/dags/my_second_dag.py
[2026-02-14T21:45:16.863+0000] {logging_mixin.py:188} INFO - [2026-02-14T21:45:16.863+0000] {dag.py:3036} INFO - Sync 1 DAGs
[2026-02-14T21:45:16.887+0000] {logging_mixin.py:188} INFO - [2026-02-14T21:45:16.887+0000] {dag.py:3823} INFO - Setting next_dagrun for my_dag_of_the_morning to None, run_after=None
[2026-02-14T21:45:16.923+0000] {processor.py:183} INFO - Processing /opt/airflow/dags/my_second_dag.py took 0.118 seconds
[2026-02-14T21:45:47.036+0000] {processor.py:161} INFO - Started process (PID=18332) to work on /opt/airflow/dags/my_second_dag.py
[2026-02-14T21:45:47.038+0000] {processor.py:830} INFO - Processing file /opt/airflow/dags/my_second_dag.py for tasks to queue
[2026-02-14T21:45:47.040+0000] {logging_mixin.py:188} INFO - [2026-02-14T21:45:47.040+0000] {dagbag.py:538} INFO - Filling up the DagBag from /opt/airflow/dags/my_second_dag.py
[2026-02-14T21:45:47.051+0000] {processor.py:840} INFO - DAG(s) 'my_dag_of_the_morning' retrieved from /opt/airflow/dags/my_second_dag.py
[2026-02-14T21:45:47.082+0000] {logging_mixin.py:188} INFO - [2026-02-14T21:45:47.081+0000] {dag.py:3036} INFO - Sync 1 DAGs
[2026-02-14T21:45:47.100+0000] {logging_mixin.py:188} INFO - [2026-02-14T21:45:47.100+0000] {dag.py:3823} INFO - Setting next_dagrun for my_dag_of_the_morning to None, run_after=None
[2026-02-14T21:45:47.128+0000] {processor.py:183} INFO - Processing /opt/airflow/dags/my_second_dag.py took 0.098 seconds
[2026-02-14T21:46:17.646+0000] {processor.py:161} INFO - Started process (PID=18415) to work on /opt/airflow/dags/my_second_dag.py
[2026-02-14T21:46:17.648+0000] {processor.py:830} INFO - Processing file /opt/airflow/dags/my_second_dag.py for tasks to queue
[2026-02-14T21:46:17.650+0000] {logging_mixin.py:188} INFO - [2026-02-14T21:46:17.650+0000] {dagbag.py:538} INFO - Filling up the DagBag from /opt/airflow/dags/my_second_dag.py
[2026-02-14T21:46:17.662+0000] {processor.py:840} INFO - DAG(s) 'my_dag_of_the_morning' retrieved from /opt/airflow/dags/my_second_dag.py
[2026-02-14T21:46:17.693+0000] {logging_mixin.py:188} INFO - [2026-02-14T21:46:17.693+0000] {dag.py:3036} INFO - Sync 1 DAGs
[2026-02-14T21:46:17.715+0000] {logging_mixin.py:188} INFO - [2026-02-14T21:46:17.714+0000] {dag.py:3823} INFO - Setting next_dagrun for my_dag_of_the_morning to None, run_after=None
[2026-02-14T21:46:17.745+0000] {processor.py:183} INFO - Processing /opt/airflow/dags/my_second_dag.py took 0.104 seconds
[2026-02-14T21:46:48.274+0000] {processor.py:161} INFO - Started process (PID=18497) to work on /opt/airflow/dags/my_second_dag.py
[2026-02-14T21:46:48.276+0000] {processor.py:830} INFO - Processing file /opt/airflow/dags/my_second_dag.py for tasks to queue
[2026-02-14T21:46:48.278+0000] {logging_mixin.py:188} INFO - [2026-02-14T21:46:48.278+0000] {dagbag.py:538} INFO - Filling up the DagBag from /opt/airflow/dags/my_second_dag.py
[2026-02-14T21:46:48.287+0000] {processor.py:840} INFO - DAG(s) 'my_dag_of_the_morning' retrieved from /opt/airflow/dags/my_second_dag.py
[2026-02-14T21:46:48.317+0000] {logging_mixin.py:188} INFO - [2026-02-14T21:46:48.316+0000] {dag.py:3036} INFO - Sync 1 DAGs
[2026-02-14T21:46:48.336+0000] {logging_mixin.py:188} INFO - [2026-02-14T21:46:48.336+0000] {dag.py:3823} INFO - Setting next_dagrun for my_dag_of_the_morning to None, run_after=None
[2026-02-14T21:46:48.362+0000] {processor.py:183} INFO - Processing /opt/airflow/dags/my_second_dag.py took 0.093 seconds
[2026-02-14T21:47:18.675+0000] {processor.py:161} INFO - Started process (PID=18580) to work on /opt/airflow/dags/my_second_dag.py
[2026-02-14T21:47:18.677+0000] {processor.py:830} INFO - Processing file /opt/airflow/dags/my_second_dag.py for tasks to queue
[2026-02-14T21:47:18.680+0000] {logging_mixin.py:188} INFO - [2026-02-14T21:47:18.679+0000] {dagbag.py:538} INFO - Filling up the DagBag from /opt/airflow/dags/my_second_dag.py
[2026-02-14T21:47:18.689+0000] {processor.py:840} INFO - DAG(s) 'my_dag_of_the_morning' retrieved from /opt/airflow/dags/my_second_dag.py
[2026-02-14T21:47:18.719+0000] {logging_mixin.py:188} INFO - [2026-02-14T21:47:18.719+0000] {dag.py:3036} INFO - Sync 1 DAGs
[2026-02-14T21:47:18.740+0000] {logging_mixin.py:188} INFO - [2026-02-14T21:47:18.740+0000] {dag.py:3823} INFO - Setting next_dagrun for my_dag_of_the_morning to None, run_after=None
[2026-02-14T21:47:18.775+0000] {processor.py:183} INFO - Processing /opt/airflow/dags/my_second_dag.py took 0.104 seconds
[2026-02-14T21:47:49.043+0000] {processor.py:161} INFO - Started process (PID=18663) to work on /opt/airflow/dags/my_second_dag.py
[2026-02-14T21:47:49.045+0000] {processor.py:830} INFO - Processing file /opt/airflow/dags/my_second_dag.py for tasks to queue
[2026-02-14T21:47:49.047+0000] {logging_mixin.py:188} INFO - [2026-02-14T21:47:49.047+0000] {dagbag.py:538} INFO - Filling up the DagBag from /opt/airflow/dags/my_second_dag.py
[2026-02-14T21:47:49.058+0000] {processor.py:840} INFO - DAG(s) 'my_dag_of_the_morning' retrieved from /opt/airflow/dags/my_second_dag.py
[2026-02-14T21:47:49.094+0000] {logging_mixin.py:188} INFO - [2026-02-14T21:47:49.093+0000] {dag.py:3036} INFO - Sync 1 DAGs
[2026-02-14T21:47:49.116+0000] {logging_mixin.py:188} INFO - [2026-02-14T21:47:49.116+0000] {dag.py:3823} INFO - Setting next_dagrun for my_dag_of_the_morning to None, run_after=None
[2026-02-14T21:47:49.146+0000] {processor.py:183} INFO - Processing /opt/airflow/dags/my_second_dag.py took 0.109 seconds
[2026-02-14T21:48:19.526+0000] {processor.py:161} INFO - Started process (PID=18746) to work on /opt/airflow/dags/my_second_dag.py
[2026-02-14T21:48:19.527+0000] {processor.py:830} INFO - Processing file /opt/airflow/dags/my_second_dag.py for tasks to queue
[2026-02-14T21:48:19.530+0000] {logging_mixin.py:188} INFO - [2026-02-14T21:48:19.529+0000] {dagbag.py:538} INFO - Filling up the DagBag from /opt/airflow/dags/my_second_dag.py
[2026-02-14T21:48:19.539+0000] {processor.py:840} INFO - DAG(s) 'my_dag_of_the_morning' retrieved from /opt/airflow/dags/my_second_dag.py
[2026-02-14T21:48:19.569+0000] {logging_mixin.py:188} INFO - [2026-02-14T21:48:19.569+0000] {dag.py:3036} INFO - Sync 1 DAGs
[2026-02-14T21:48:19.588+0000] {logging_mixin.py:188} INFO - [2026-02-14T21:48:19.587+0000] {dag.py:3823} INFO - Setting next_dagrun for my_dag_of_the_morning to None, run_after=None
[2026-02-14T21:48:19.614+0000] {processor.py:183} INFO - Processing /opt/airflow/dags/my_second_dag.py took 0.094 seconds
[2026-02-14T21:48:50.069+0000] {processor.py:161} INFO - Started process (PID=18828) to work on /opt/airflow/dags/my_second_dag.py
[2026-02-14T21:48:50.071+0000] {processor.py:830} INFO - Processing file /opt/airflow/dags/my_second_dag.py for tasks to queue
[2026-02-14T21:48:50.073+0000] {logging_mixin.py:188} INFO - [2026-02-14T21:48:50.073+0000] {dagbag.py:538} INFO - Filling up the DagBag from /opt/airflow/dags/my_second_dag.py
[2026-02-14T21:48:50.083+0000] {processor.py:840} INFO - DAG(s) 'my_dag_of_the_morning' retrieved from /opt/airflow/dags/my_second_dag.py
[2026-02-14T21:48:50.115+0000] {logging_mixin.py:188} INFO - [2026-02-14T21:48:50.115+0000] {dag.py:3036} INFO - Sync 1 DAGs
[2026-02-14T21:48:50.136+0000] {logging_mixin.py:188} INFO - [2026-02-14T21:48:50.136+0000] {dag.py:3823} INFO - Setting next_dagrun for my_dag_of_the_morning to None, run_after=None
[2026-02-14T21:48:50.168+0000] {processor.py:183} INFO - Processing /opt/airflow/dags/my_second_dag.py took 0.104 seconds
[2026-02-14T21:49:20.378+0000] {processor.py:161} INFO - Started process (PID=18908) to work on /opt/airflow/dags/my_second_dag.py
[2026-02-14T21:49:20.380+0000] {processor.py:830} INFO - Processing file /opt/airflow/dags/my_second_dag.py for tasks to queue
[2026-02-14T21:49:20.383+0000] {logging_mixin.py:188} INFO - [2026-02-14T21:49:20.382+0000] {dagbag.py:538} INFO - Filling up the DagBag from /opt/airflow/dags/my_second_dag.py
[2026-02-14T21:49:20.394+0000] {processor.py:840} INFO - DAG(s) 'my_dag_of_the_morning' retrieved from /opt/airflow/dags/my_second_dag.py
[2026-02-14T21:49:20.434+0000] {logging_mixin.py:188} INFO - [2026-02-14T21:49:20.433+0000] {dag.py:3036} INFO - Sync 1 DAGs
[2026-02-14T21:49:20.459+0000] {logging_mixin.py:188} INFO - [2026-02-14T21:49:20.459+0000] {dag.py:3823} INFO - Setting next_dagrun for my_dag_of_the_morning to None, run_after=None
[2026-02-14T21:49:20.495+0000] {processor.py:183} INFO - Processing /opt/airflow/dags/my_second_dag.py took 0.121 seconds
[2026-02-14T21:49:50.990+0000] {processor.py:161} INFO - Started process (PID=18999) to work on /opt/airflow/dags/my_second_dag.py
[2026-02-14T21:49:50.992+0000] {processor.py:830} INFO - Processing file /opt/airflow/dags/my_second_dag.py for tasks to queue
[2026-02-14T21:49:50.996+0000] {logging_mixin.py:188} INFO - [2026-02-14T21:49:50.995+0000] {dagbag.py:538} INFO - Filling up the DagBag from /opt/airflow/dags/my_second_dag.py
[2026-02-14T21:49:51.008+0000] {processor.py:840} INFO - DAG(s) 'my_dag_of_the_morning' retrieved from /opt/airflow/dags/my_second_dag.py
[2026-02-14T21:49:51.048+0000] {logging_mixin.py:188} INFO - [2026-02-14T21:49:51.048+0000] {dag.py:3036} INFO - Sync 1 DAGs
[2026-02-14T21:49:51.075+0000] {logging_mixin.py:188} INFO - [2026-02-14T21:49:51.075+0000] {dag.py:3823} INFO - Setting next_dagrun for my_dag_of_the_morning to None, run_after=None
[2026-02-14T21:49:51.113+0000] {processor.py:183} INFO - Processing /opt/airflow/dags/my_second_dag.py took 0.129 seconds
[2026-02-14T21:50:22.107+0000] {processor.py:161} INFO - Started process (PID=19082) to work on /opt/airflow/dags/my_second_dag.py
[2026-02-14T21:50:22.109+0000] {processor.py:830} INFO - Processing file /opt/airflow/dags/my_second_dag.py for tasks to queue
[2026-02-14T21:50:22.112+0000] {logging_mixin.py:188} INFO - [2026-02-14T21:50:22.111+0000] {dagbag.py:538} INFO - Filling up the DagBag from /opt/airflow/dags/my_second_dag.py
[2026-02-14T21:50:22.123+0000] {processor.py:840} INFO - DAG(s) 'my_dag_of_the_morning' retrieved from /opt/airflow/dags/my_second_dag.py
[2026-02-14T21:50:22.162+0000] {logging_mixin.py:188} INFO - [2026-02-14T21:50:22.162+0000] {dag.py:3036} INFO - Sync 1 DAGs
[2026-02-14T21:50:22.188+0000] {logging_mixin.py:188} INFO - [2026-02-14T21:50:22.187+0000] {dag.py:3823} INFO - Setting next_dagrun for my_dag_of_the_morning to None, run_after=None
[2026-02-14T21:50:22.222+0000] {processor.py:183} INFO - Processing /opt/airflow/dags/my_second_dag.py took 0.121 seconds
[2026-02-14T21:50:52.296+0000] {processor.py:161} INFO - Started process (PID=19167) to work on /opt/airflow/dags/my_second_dag.py
[2026-02-14T21:50:52.298+0000] {processor.py:830} INFO - Processing file /opt/airflow/dags/my_second_dag.py for tasks to queue
[2026-02-14T21:50:52.300+0000] {logging_mixin.py:188} INFO - [2026-02-14T21:50:52.300+0000] {dagbag.py:538} INFO - Filling up the DagBag from /opt/airflow/dags/my_second_dag.py
[2026-02-14T21:50:52.310+0000] {processor.py:840} INFO - DAG(s) 'my_dag_of_the_morning' retrieved from /opt/airflow/dags/my_second_dag.py
[2026-02-14T21:50:52.341+0000] {logging_mixin.py:188} INFO - [2026-02-14T21:50:52.340+0000] {dag.py:3036} INFO - Sync 1 DAGs
[2026-02-14T21:50:52.362+0000] {logging_mixin.py:188} INFO - [2026-02-14T21:50:52.361+0000] {dag.py:3823} INFO - Setting next_dagrun for my_dag_of_the_morning to None, run_after=None
[2026-02-14T21:50:52.390+0000] {processor.py:183} INFO - Processing /opt/airflow/dags/my_second_dag.py took 0.099 seconds
[2026-02-14T21:51:22.937+0000] {processor.py:161} INFO - Started process (PID=19250) to work on /opt/airflow/dags/my_second_dag.py
[2026-02-14T21:51:22.941+0000] {processor.py:830} INFO - Processing file /opt/airflow/dags/my_second_dag.py for tasks to queue
[2026-02-14T21:51:22.949+0000] {logging_mixin.py:188} INFO - [2026-02-14T21:51:22.948+0000] {dagbag.py:538} INFO - Filling up the DagBag from /opt/airflow/dags/my_second_dag.py
[2026-02-14T21:51:22.961+0000] {processor.py:840} INFO - DAG(s) 'my_dag_of_the_morning' retrieved from /opt/airflow/dags/my_second_dag.py
[2026-02-14T21:51:22.991+0000] {logging_mixin.py:188} INFO - [2026-02-14T21:51:22.991+0000] {dag.py:3036} INFO - Sync 1 DAGs
[2026-02-14T21:51:23.009+0000] {logging_mixin.py:188} INFO - [2026-02-14T21:51:23.009+0000] {dag.py:3823} INFO - Setting next_dagrun for my_dag_of_the_morning to None, run_after=None
[2026-02-14T21:51:23.038+0000] {processor.py:183} INFO - Processing /opt/airflow/dags/my_second_dag.py took 0.106 seconds
[2026-02-14T21:51:53.186+0000] {processor.py:161} INFO - Started process (PID=19333) to work on /opt/airflow/dags/my_second_dag.py
[2026-02-14T21:51:53.187+0000] {processor.py:830} INFO - Processing file /opt/airflow/dags/my_second_dag.py for tasks to queue
[2026-02-14T21:51:53.189+0000] {logging_mixin.py:188} INFO - [2026-02-14T21:51:53.189+0000] {dagbag.py:538} INFO - Filling up the DagBag from /opt/airflow/dags/my_second_dag.py
[2026-02-14T21:51:53.198+0000] {processor.py:840} INFO - DAG(s) 'my_dag_of_the_morning' retrieved from /opt/airflow/dags/my_second_dag.py
[2026-02-14T21:51:53.235+0000] {logging_mixin.py:188} INFO - [2026-02-14T21:51:53.235+0000] {dag.py:3036} INFO - Sync 1 DAGs
[2026-02-14T21:51:53.256+0000] {logging_mixin.py:188} INFO - [2026-02-14T21:51:53.255+0000] {dag.py:3823} INFO - Setting next_dagrun for my_dag_of_the_morning to None, run_after=None
[2026-02-14T21:51:53.285+0000] {processor.py:183} INFO - Processing /opt/airflow/dags/my_second_dag.py took 0.104 seconds
[2026-02-14T21:52:23.702+0000] {processor.py:161} INFO - Started process (PID=19415) to work on /opt/airflow/dags/my_second_dag.py
[2026-02-14T21:52:23.703+0000] {processor.py:830} INFO - Processing file /opt/airflow/dags/my_second_dag.py for tasks to queue
[2026-02-14T21:52:23.706+0000] {logging_mixin.py:188} INFO - [2026-02-14T21:52:23.705+0000] {dagbag.py:538} INFO - Filling up the DagBag from /opt/airflow/dags/my_second_dag.py
[2026-02-14T21:52:23.714+0000] {processor.py:840} INFO - DAG(s) 'my_dag_of_the_morning' retrieved from /opt/airflow/dags/my_second_dag.py
[2026-02-14T21:52:23.745+0000] {logging_mixin.py:188} INFO - [2026-02-14T21:52:23.744+0000] {dag.py:3036} INFO - Sync 1 DAGs
[2026-02-14T21:52:23.764+0000] {logging_mixin.py:188} INFO - [2026-02-14T21:52:23.763+0000] {dag.py:3823} INFO - Setting next_dagrun for my_dag_of_the_morning to None, run_after=None
[2026-02-14T21:52:23.791+0000] {processor.py:183} INFO - Processing /opt/airflow/dags/my_second_dag.py took 0.094 seconds
[2026-02-14T21:52:53.932+0000] {processor.py:161} INFO - Started process (PID=19497) to work on /opt/airflow/dags/my_second_dag.py
[2026-02-14T21:52:53.934+0000] {processor.py:830} INFO - Processing file /opt/airflow/dags/my_second_dag.py for tasks to queue
[2026-02-14T21:52:53.936+0000] {logging_mixin.py:188} INFO - [2026-02-14T21:52:53.936+0000] {dagbag.py:538} INFO - Filling up the DagBag from /opt/airflow/dags/my_second_dag.py
[2026-02-14T21:52:53.945+0000] {processor.py:840} INFO - DAG(s) 'my_dag_of_the_morning' retrieved from /opt/airflow/dags/my_second_dag.py
[2026-02-14T21:52:53.976+0000] {logging_mixin.py:188} INFO - [2026-02-14T21:52:53.976+0000] {dag.py:3036} INFO - Sync 1 DAGs
[2026-02-14T21:52:53.999+0000] {logging_mixin.py:188} INFO - [2026-02-14T21:52:53.998+0000] {dag.py:3823} INFO - Setting next_dagrun for my_dag_of_the_morning to None, run_after=None
[2026-02-14T21:52:54.028+0000] {processor.py:183} INFO - Processing /opt/airflow/dags/my_second_dag.py took 0.101 seconds
[2026-02-14T21:53:24.712+0000] {processor.py:161} INFO - Started process (PID=19580) to work on /opt/airflow/dags/my_second_dag.py
[2026-02-14T21:53:24.713+0000] {processor.py:830} INFO - Processing file /opt/airflow/dags/my_second_dag.py for tasks to queue
[2026-02-14T21:53:24.718+0000] {logging_mixin.py:188} INFO - [2026-02-14T21:53:24.717+0000] {dagbag.py:538} INFO - Filling up the DagBag from /opt/airflow/dags/my_second_dag.py
[2026-02-14T21:53:24.728+0000] {processor.py:840} INFO - DAG(s) 'my_dag_of_the_morning' retrieved from /opt/airflow/dags/my_second_dag.py
[2026-02-14T21:53:24.783+0000] {logging_mixin.py:188} INFO - [2026-02-14T21:53:24.782+0000] {dag.py:3036} INFO - Sync 1 DAGs
[2026-02-14T21:53:24.808+0000] {logging_mixin.py:188} INFO - [2026-02-14T21:53:24.807+0000] {dag.py:3823} INFO - Setting next_dagrun for my_dag_of_the_morning to None, run_after=None
[2026-02-14T21:53:24.839+0000] {processor.py:183} INFO - Processing /opt/airflow/dags/my_second_dag.py took 0.133 seconds
[2026-02-14T21:53:55.431+0000] {processor.py:161} INFO - Started process (PID=19663) to work on /opt/airflow/dags/my_second_dag.py
[2026-02-14T21:53:55.433+0000] {processor.py:830} INFO - Processing file /opt/airflow/dags/my_second_dag.py for tasks to queue
[2026-02-14T21:53:55.437+0000] {logging_mixin.py:188} INFO - [2026-02-14T21:53:55.436+0000] {dagbag.py:538} INFO - Filling up the DagBag from /opt/airflow/dags/my_second_dag.py
[2026-02-14T21:53:55.446+0000] {processor.py:840} INFO - DAG(s) 'my_dag_of_the_morning' retrieved from /opt/airflow/dags/my_second_dag.py
[2026-02-14T21:53:55.481+0000] {logging_mixin.py:188} INFO - [2026-02-14T21:53:55.481+0000] {dag.py:3036} INFO - Sync 1 DAGs
[2026-02-14T21:53:55.500+0000] {logging_mixin.py:188} INFO - [2026-02-14T21:53:55.500+0000] {dag.py:3823} INFO - Setting next_dagrun for my_dag_of_the_morning to None, run_after=None
[2026-02-14T21:53:55.532+0000] {processor.py:183} INFO - Processing /opt/airflow/dags/my_second_dag.py took 0.105 seconds
[2026-02-14T21:54:26.082+0000] {processor.py:161} INFO - Started process (PID=19754) to work on /opt/airflow/dags/my_second_dag.py
[2026-02-14T21:54:26.083+0000] {processor.py:830} INFO - Processing file /opt/airflow/dags/my_second_dag.py for tasks to queue
[2026-02-14T21:54:26.086+0000] {logging_mixin.py:188} INFO - [2026-02-14T21:54:26.085+0000] {dagbag.py:538} INFO - Filling up the DagBag from /opt/airflow/dags/my_second_dag.py
[2026-02-14T21:54:26.096+0000] {processor.py:840} INFO - DAG(s) 'my_dag_of_the_morning' retrieved from /opt/airflow/dags/my_second_dag.py
[2026-02-14T21:54:26.134+0000] {logging_mixin.py:188} INFO - [2026-02-14T21:54:26.134+0000] {dag.py:3036} INFO - Sync 1 DAGs
[2026-02-14T21:54:26.159+0000] {logging_mixin.py:188} INFO - [2026-02-14T21:54:26.159+0000] {dag.py:3823} INFO - Setting next_dagrun for my_dag_of_the_morning to None, run_after=None
[2026-02-14T21:54:26.198+0000] {processor.py:183} INFO - Processing /opt/airflow/dags/my_second_dag.py took 0.122 seconds
[2026-02-14T21:54:56.563+0000] {processor.py:161} INFO - Started process (PID=19836) to work on /opt/airflow/dags/my_second_dag.py
[2026-02-14T21:54:56.565+0000] {processor.py:830} INFO - Processing file /opt/airflow/dags/my_second_dag.py for tasks to queue
[2026-02-14T21:54:56.567+0000] {logging_mixin.py:188} INFO - [2026-02-14T21:54:56.567+0000] {dagbag.py:538} INFO - Filling up the DagBag from /opt/airflow/dags/my_second_dag.py
[2026-02-14T21:54:56.576+0000] {processor.py:840} INFO - DAG(s) 'my_dag_of_the_morning' retrieved from /opt/airflow/dags/my_second_dag.py
[2026-02-14T21:54:56.606+0000] {logging_mixin.py:188} INFO - [2026-02-14T21:54:56.606+0000] {dag.py:3036} INFO - Sync 1 DAGs
[2026-02-14T21:54:56.626+0000] {logging_mixin.py:188} INFO - [2026-02-14T21:54:56.625+0000] {dag.py:3823} INFO - Setting next_dagrun for my_dag_of_the_morning to None, run_after=None
[2026-02-14T21:54:56.660+0000] {processor.py:183} INFO - Processing /opt/airflow/dags/my_second_dag.py took 0.102 seconds
[2026-02-14T21:55:26.827+0000] {processor.py:161} INFO - Started process (PID=19919) to work on /opt/airflow/dags/my_second_dag.py
[2026-02-14T21:55:26.828+0000] {processor.py:830} INFO - Processing file /opt/airflow/dags/my_second_dag.py for tasks to queue
[2026-02-14T21:55:26.830+0000] {logging_mixin.py:188} INFO - [2026-02-14T21:55:26.830+0000] {dagbag.py:538} INFO - Filling up the DagBag from /opt/airflow/dags/my_second_dag.py
[2026-02-14T21:55:26.840+0000] {processor.py:840} INFO - DAG(s) 'my_dag_of_the_morning' retrieved from /opt/airflow/dags/my_second_dag.py
[2026-02-14T21:55:26.874+0000] {logging_mixin.py:188} INFO - [2026-02-14T21:55:26.873+0000] {dag.py:3036} INFO - Sync 1 DAGs
[2026-02-14T21:55:26.892+0000] {logging_mixin.py:188} INFO - [2026-02-14T21:55:26.892+0000] {dag.py:3823} INFO - Setting next_dagrun for my_dag_of_the_morning to None, run_after=None
[2026-02-14T21:55:26.919+0000] {processor.py:183} INFO - Processing /opt/airflow/dags/my_second_dag.py took 0.098 seconds
[2026-02-14T21:55:57.080+0000] {processor.py:161} INFO - Started process (PID=20002) to work on /opt/airflow/dags/my_second_dag.py
[2026-02-14T21:55:57.083+0000] {processor.py:830} INFO - Processing file /opt/airflow/dags/my_second_dag.py for tasks to queue
[2026-02-14T21:55:57.085+0000] {logging_mixin.py:188} INFO - [2026-02-14T21:55:57.085+0000] {dagbag.py:538} INFO - Filling up the DagBag from /opt/airflow/dags/my_second_dag.py
[2026-02-14T21:55:57.096+0000] {processor.py:840} INFO - DAG(s) 'my_dag_of_the_morning' retrieved from /opt/airflow/dags/my_second_dag.py
[2026-02-14T21:55:57.129+0000] {logging_mixin.py:188} INFO - [2026-02-14T21:55:57.129+0000] {dag.py:3036} INFO - Sync 1 DAGs
[2026-02-14T21:55:57.148+0000] {logging_mixin.py:188} INFO - [2026-02-14T21:55:57.148+0000] {dag.py:3823} INFO - Setting next_dagrun for my_dag_of_the_morning to None, run_after=None
[2026-02-14T21:55:57.177+0000] {processor.py:183} INFO - Processing /opt/airflow/dags/my_second_dag.py took 0.102 seconds
[2026-02-14T21:56:27.548+0000] {processor.py:161} INFO - Started process (PID=20085) to work on /opt/airflow/dags/my_second_dag.py
[2026-02-14T21:56:27.549+0000] {processor.py:830} INFO - Processing file /opt/airflow/dags/my_second_dag.py for tasks to queue
[2026-02-14T21:56:27.552+0000] {logging_mixin.py:188} INFO - [2026-02-14T21:56:27.551+0000] {dagbag.py:538} INFO - Filling up the DagBag from /opt/airflow/dags/my_second_dag.py
[2026-02-14T21:56:27.562+0000] {processor.py:840} INFO - DAG(s) 'my_dag_of_the_morning' retrieved from /opt/airflow/dags/my_second_dag.py
[2026-02-14T21:56:27.596+0000] {logging_mixin.py:188} INFO - [2026-02-14T21:56:27.596+0000] {dag.py:3036} INFO - Sync 1 DAGs
[2026-02-14T21:56:27.622+0000] {logging_mixin.py:188} INFO - [2026-02-14T21:56:27.621+0000] {dag.py:3823} INFO - Setting next_dagrun for my_dag_of_the_morning to None, run_after=None
[2026-02-14T21:56:27.651+0000] {processor.py:183} INFO - Processing /opt/airflow/dags/my_second_dag.py took 0.109 seconds
[2026-02-14T21:56:57.906+0000] {processor.py:161} INFO - Started process (PID=20169) to work on /opt/airflow/dags/my_second_dag.py
[2026-02-14T21:56:57.908+0000] {processor.py:830} INFO - Processing file /opt/airflow/dags/my_second_dag.py for tasks to queue
[2026-02-14T21:56:57.911+0000] {logging_mixin.py:188} INFO - [2026-02-14T21:56:57.911+0000] {dagbag.py:538} INFO - Filling up the DagBag from /opt/airflow/dags/my_second_dag.py
[2026-02-14T21:56:57.931+0000] {processor.py:840} INFO - DAG(s) 'my_dag_of_the_morning' retrieved from /opt/airflow/dags/my_second_dag.py
[2026-02-14T21:56:57.967+0000] {logging_mixin.py:188} INFO - [2026-02-14T21:56:57.967+0000] {dag.py:3036} INFO - Sync 1 DAGs
[2026-02-14T21:56:57.987+0000] {logging_mixin.py:188} INFO - [2026-02-14T21:56:57.987+0000] {dag.py:3823} INFO - Setting next_dagrun for my_dag_of_the_morning to None, run_after=None
[2026-02-14T21:56:58.042+0000] {processor.py:183} INFO - Processing /opt/airflow/dags/my_second_dag.py took 0.140 seconds
[2026-02-14T21:57:28.428+0000] {processor.py:161} INFO - Started process (PID=20252) to work on /opt/airflow/dags/my_second_dag.py
[2026-02-14T21:57:28.429+0000] {processor.py:830} INFO - Processing file /opt/airflow/dags/my_second_dag.py for tasks to queue
[2026-02-14T21:57:28.432+0000] {logging_mixin.py:188} INFO - [2026-02-14T21:57:28.431+0000] {dagbag.py:538} INFO - Filling up the DagBag from /opt/airflow/dags/my_second_dag.py
[2026-02-14T21:57:28.440+0000] {processor.py:840} INFO - DAG(s) 'my_dag_of_the_morning' retrieved from /opt/airflow/dags/my_second_dag.py
[2026-02-14T21:57:28.471+0000] {logging_mixin.py:188} INFO - [2026-02-14T21:57:28.471+0000] {dag.py:3036} INFO - Sync 1 DAGs
[2026-02-14T21:57:28.491+0000] {logging_mixin.py:188} INFO - [2026-02-14T21:57:28.491+0000] {dag.py:3823} INFO - Setting next_dagrun for my_dag_of_the_morning to None, run_after=None
[2026-02-14T21:57:28.523+0000] {processor.py:183} INFO - Processing /opt/airflow/dags/my_second_dag.py took 0.100 seconds
[2026-02-14T21:57:59.194+0000] {processor.py:161} INFO - Started process (PID=20335) to work on /opt/airflow/dags/my_second_dag.py
[2026-02-14T21:57:59.195+0000] {processor.py:830} INFO - Processing file /opt/airflow/dags/my_second_dag.py for tasks to queue
[2026-02-14T21:57:59.198+0000] {logging_mixin.py:188} INFO - [2026-02-14T21:57:59.198+0000] {dagbag.py:538} INFO - Filling up the DagBag from /opt/airflow/dags/my_second_dag.py
[2026-02-14T21:57:59.207+0000] {processor.py:840} INFO - DAG(s) 'my_dag_of_the_morning' retrieved from /opt/airflow/dags/my_second_dag.py
[2026-02-14T21:57:59.238+0000] {logging_mixin.py:188} INFO - [2026-02-14T21:57:59.238+0000] {dag.py:3036} INFO - Sync 1 DAGs
[2026-02-14T21:57:59.257+0000] {logging_mixin.py:188} INFO - [2026-02-14T21:57:59.257+0000] {dag.py:3823} INFO - Setting next_dagrun for my_dag_of_the_morning to None, run_after=None
[2026-02-14T21:57:59.284+0000] {processor.py:183} INFO - Processing /opt/airflow/dags/my_second_dag.py took 0.095 seconds
[2026-02-14T21:58:29.730+0000] {processor.py:161} INFO - Started process (PID=20419) to work on /opt/airflow/dags/my_second_dag.py
[2026-02-14T21:58:29.732+0000] {processor.py:830} INFO - Processing file /opt/airflow/dags/my_second_dag.py for tasks to queue
[2026-02-14T21:58:29.734+0000] {logging_mixin.py:188} INFO - [2026-02-14T21:58:29.734+0000] {dagbag.py:538} INFO - Filling up the DagBag from /opt/airflow/dags/my_second_dag.py
[2026-02-14T21:58:29.745+0000] {processor.py:840} INFO - DAG(s) 'my_dag_of_the_morning' retrieved from /opt/airflow/dags/my_second_dag.py
[2026-02-14T21:58:29.776+0000] {logging_mixin.py:188} INFO - [2026-02-14T21:58:29.776+0000] {dag.py:3036} INFO - Sync 1 DAGs
[2026-02-14T21:58:29.796+0000] {logging_mixin.py:188} INFO - [2026-02-14T21:58:29.795+0000] {dag.py:3823} INFO - Setting next_dagrun for my_dag_of_the_morning to None, run_after=None
[2026-02-14T21:58:29.826+0000] {processor.py:183} INFO - Processing /opt/airflow/dags/my_second_dag.py took 0.102 seconds
[2026-02-14T21:58:59.904+0000] {processor.py:161} INFO - Started process (PID=20509) to work on /opt/airflow/dags/my_second_dag.py
[2026-02-14T21:58:59.906+0000] {processor.py:830} INFO - Processing file /opt/airflow/dags/my_second_dag.py for tasks to queue
[2026-02-14T21:58:59.909+0000] {logging_mixin.py:188} INFO - [2026-02-14T21:58:59.909+0000] {dagbag.py:538} INFO - Filling up the DagBag from /opt/airflow/dags/my_second_dag.py
[2026-02-14T21:58:59.920+0000] {processor.py:840} INFO - DAG(s) 'my_dag_of_the_morning' retrieved from /opt/airflow/dags/my_second_dag.py
[2026-02-14T21:58:59.955+0000] {logging_mixin.py:188} INFO - [2026-02-14T21:58:59.955+0000] {dag.py:3036} INFO - Sync 1 DAGs
[2026-02-14T21:58:59.974+0000] {logging_mixin.py:188} INFO - [2026-02-14T21:58:59.974+0000] {dag.py:3823} INFO - Setting next_dagrun for my_dag_of_the_morning to None, run_after=None
[2026-02-14T21:59:00.002+0000] {processor.py:183} INFO - Processing /opt/airflow/dags/my_second_dag.py took 0.104 seconds
[2026-02-14T21:59:30.574+0000] {processor.py:161} INFO - Started process (PID=20592) to work on /opt/airflow/dags/my_second_dag.py
[2026-02-14T21:59:30.576+0000] {processor.py:830} INFO - Processing file /opt/airflow/dags/my_second_dag.py for tasks to queue
[2026-02-14T21:59:30.579+0000] {logging_mixin.py:188} INFO - [2026-02-14T21:59:30.578+0000] {dagbag.py:538} INFO - Filling up the DagBag from /opt/airflow/dags/my_second_dag.py
[2026-02-14T21:59:30.594+0000] {processor.py:840} INFO - DAG(s) 'my_dag_of_the_morning' retrieved from /opt/airflow/dags/my_second_dag.py
[2026-02-14T21:59:30.632+0000] {logging_mixin.py:188} INFO - [2026-02-14T21:59:30.631+0000] {dag.py:3036} INFO - Sync 1 DAGs
[2026-02-14T21:59:30.658+0000] {logging_mixin.py:188} INFO - [2026-02-14T21:59:30.657+0000] {dag.py:3823} INFO - Setting next_dagrun for my_dag_of_the_morning to None, run_after=None
[2026-02-14T21:59:30.692+0000] {processor.py:183} INFO - Processing /opt/airflow/dags/my_second_dag.py took 0.123 seconds
[2026-02-14T22:00:00.951+0000] {processor.py:161} INFO - Started process (PID=20676) to work on /opt/airflow/dags/my_second_dag.py
[2026-02-14T22:00:00.954+0000] {processor.py:830} INFO - Processing file /opt/airflow/dags/my_second_dag.py for tasks to queue
[2026-02-14T22:00:00.957+0000] {logging_mixin.py:188} INFO - [2026-02-14T22:00:00.957+0000] {dagbag.py:538} INFO - Filling up the DagBag from /opt/airflow/dags/my_second_dag.py
[2026-02-14T22:00:00.969+0000] {processor.py:840} INFO - DAG(s) 'my_dag_of_the_morning' retrieved from /opt/airflow/dags/my_second_dag.py
[2026-02-14T22:00:01.013+0000] {logging_mixin.py:188} INFO - [2026-02-14T22:00:01.012+0000] {dag.py:3036} INFO - Sync 1 DAGs
[2026-02-14T22:00:01.042+0000] {logging_mixin.py:188} INFO - [2026-02-14T22:00:01.041+0000] {dag.py:3823} INFO - Setting next_dagrun for my_dag_of_the_morning to None, run_after=None
[2026-02-14T22:00:01.082+0000] {processor.py:183} INFO - Processing /opt/airflow/dags/my_second_dag.py took 0.137 seconds
[2026-02-14T22:00:31.145+0000] {processor.py:161} INFO - Started process (PID=20758) to work on /opt/airflow/dags/my_second_dag.py
[2026-02-14T22:00:31.147+0000] {processor.py:830} INFO - Processing file /opt/airflow/dags/my_second_dag.py for tasks to queue
[2026-02-14T22:00:31.151+0000] {logging_mixin.py:188} INFO - [2026-02-14T22:00:31.150+0000] {dagbag.py:538} INFO - Filling up the DagBag from /opt/airflow/dags/my_second_dag.py
[2026-02-14T22:00:31.161+0000] {processor.py:840} INFO - DAG(s) 'my_dag_of_the_morning' retrieved from /opt/airflow/dags/my_second_dag.py
[2026-02-14T22:00:31.193+0000] {logging_mixin.py:188} INFO - [2026-02-14T22:00:31.192+0000] {dag.py:3036} INFO - Sync 1 DAGs
[2026-02-14T22:00:31.213+0000] {logging_mixin.py:188} INFO - [2026-02-14T22:00:31.212+0000] {dag.py:3823} INFO - Setting next_dagrun for my_dag_of_the_morning to None, run_after=None
[2026-02-14T22:00:31.244+0000] {processor.py:183} INFO - Processing /opt/airflow/dags/my_second_dag.py took 0.105 seconds
[2026-02-14T22:01:01.524+0000] {processor.py:161} INFO - Started process (PID=20841) to work on /opt/airflow/dags/my_second_dag.py
[2026-02-14T22:01:01.526+0000] {processor.py:830} INFO - Processing file /opt/airflow/dags/my_second_dag.py for tasks to queue
[2026-02-14T22:01:01.528+0000] {logging_mixin.py:188} INFO - [2026-02-14T22:01:01.527+0000] {dagbag.py:538} INFO - Filling up the DagBag from /opt/airflow/dags/my_second_dag.py
[2026-02-14T22:01:01.537+0000] {processor.py:840} INFO - DAG(s) 'my_dag_of_the_morning' retrieved from /opt/airflow/dags/my_second_dag.py
[2026-02-14T22:01:01.567+0000] {logging_mixin.py:188} INFO - [2026-02-14T22:01:01.567+0000] {dag.py:3036} INFO - Sync 1 DAGs
[2026-02-14T22:01:01.586+0000] {logging_mixin.py:188} INFO - [2026-02-14T22:01:01.586+0000] {dag.py:3823} INFO - Setting next_dagrun for my_dag_of_the_morning to None, run_after=None
[2026-02-14T22:01:01.614+0000] {processor.py:183} INFO - Processing /opt/airflow/dags/my_second_dag.py took 0.095 seconds
[2026-02-14T22:01:31.832+0000] {processor.py:161} INFO - Started process (PID=20923) to work on /opt/airflow/dags/my_second_dag.py
[2026-02-14T22:01:31.834+0000] {processor.py:830} INFO - Processing file /opt/airflow/dags/my_second_dag.py for tasks to queue
[2026-02-14T22:01:31.836+0000] {logging_mixin.py:188} INFO - [2026-02-14T22:01:31.836+0000] {dagbag.py:538} INFO - Filling up the DagBag from /opt/airflow/dags/my_second_dag.py
[2026-02-14T22:01:31.845+0000] {processor.py:840} INFO - DAG(s) 'my_dag_of_the_morning' retrieved from /opt/airflow/dags/my_second_dag.py
[2026-02-14T22:01:31.875+0000] {logging_mixin.py:188} INFO - [2026-02-14T22:01:31.875+0000] {dag.py:3036} INFO - Sync 1 DAGs
[2026-02-14T22:01:31.894+0000] {logging_mixin.py:188} INFO - [2026-02-14T22:01:31.894+0000] {dag.py:3823} INFO - Setting next_dagrun for my_dag_of_the_morning to None, run_after=None
[2026-02-14T22:01:31.921+0000] {processor.py:183} INFO - Processing /opt/airflow/dags/my_second_dag.py took 0.094 seconds
[2026-02-14T22:02:02.406+0000] {processor.py:161} INFO - Started process (PID=21007) to work on /opt/airflow/dags/my_second_dag.py
[2026-02-14T22:02:02.407+0000] {processor.py:830} INFO - Processing file /opt/airflow/dags/my_second_dag.py for tasks to queue
[2026-02-14T22:02:02.411+0000] {logging_mixin.py:188} INFO - [2026-02-14T22:02:02.411+0000] {dagbag.py:538} INFO - Filling up the DagBag from /opt/airflow/dags/my_second_dag.py
[2026-02-14T22:02:02.420+0000] {processor.py:840} INFO - DAG(s) 'my_dag_of_the_morning' retrieved from /opt/airflow/dags/my_second_dag.py
[2026-02-14T22:02:02.452+0000] {logging_mixin.py:188} INFO - [2026-02-14T22:02:02.452+0000] {dag.py:3036} INFO - Sync 1 DAGs
[2026-02-14T22:02:02.474+0000] {logging_mixin.py:188} INFO - [2026-02-14T22:02:02.473+0000] {dag.py:3823} INFO - Setting next_dagrun for my_dag_of_the_morning to None, run_after=None
[2026-02-14T22:02:02.523+0000] {processor.py:183} INFO - Processing /opt/airflow/dags/my_second_dag.py took 0.122 seconds
[2026-02-14T22:02:33.124+0000] {processor.py:161} INFO - Started process (PID=21089) to work on /opt/airflow/dags/my_second_dag.py
[2026-02-14T22:02:33.126+0000] {processor.py:830} INFO - Processing file /opt/airflow/dags/my_second_dag.py for tasks to queue
[2026-02-14T22:02:33.129+0000] {logging_mixin.py:188} INFO - [2026-02-14T22:02:33.129+0000] {dagbag.py:538} INFO - Filling up the DagBag from /opt/airflow/dags/my_second_dag.py
[2026-02-14T22:02:33.138+0000] {processor.py:840} INFO - DAG(s) 'my_dag_of_the_morning' retrieved from /opt/airflow/dags/my_second_dag.py
[2026-02-14T22:02:33.168+0000] {logging_mixin.py:188} INFO - [2026-02-14T22:02:33.168+0000] {dag.py:3036} INFO - Sync 1 DAGs
[2026-02-14T22:02:33.186+0000] {logging_mixin.py:188} INFO - [2026-02-14T22:02:33.186+0000] {dag.py:3823} INFO - Setting next_dagrun for my_dag_of_the_morning to None, run_after=None
[2026-02-14T22:02:33.213+0000] {processor.py:183} INFO - Processing /opt/airflow/dags/my_second_dag.py took 0.094 seconds
[2026-02-14T22:03:03.707+0000] {processor.py:161} INFO - Started process (PID=21172) to work on /opt/airflow/dags/my_second_dag.py
[2026-02-14T22:03:03.723+0000] {processor.py:830} INFO - Processing file /opt/airflow/dags/my_second_dag.py for tasks to queue
[2026-02-14T22:03:03.725+0000] {logging_mixin.py:188} INFO - [2026-02-14T22:03:03.725+0000] {dagbag.py:538} INFO - Filling up the DagBag from /opt/airflow/dags/my_second_dag.py
[2026-02-14T22:03:03.738+0000] {processor.py:840} INFO - DAG(s) 'my_dag_of_the_morning' retrieved from /opt/airflow/dags/my_second_dag.py
[2026-02-14T22:03:03.770+0000] {logging_mixin.py:188} INFO - [2026-02-14T22:03:03.770+0000] {dag.py:3036} INFO - Sync 1 DAGs
[2026-02-14T22:03:03.790+0000] {logging_mixin.py:188} INFO - [2026-02-14T22:03:03.789+0000] {dag.py:3823} INFO - Setting next_dagrun for my_dag_of_the_morning to None, run_after=None
[2026-02-14T22:03:03.825+0000] {processor.py:183} INFO - Processing /opt/airflow/dags/my_second_dag.py took 0.123 seconds
[2026-02-14T22:03:34.052+0000] {processor.py:161} INFO - Started process (PID=21255) to work on /opt/airflow/dags/my_second_dag.py
[2026-02-14T22:03:34.054+0000] {processor.py:830} INFO - Processing file /opt/airflow/dags/my_second_dag.py for tasks to queue
[2026-02-14T22:03:34.058+0000] {logging_mixin.py:188} INFO - [2026-02-14T22:03:34.057+0000] {dagbag.py:538} INFO - Filling up the DagBag from /opt/airflow/dags/my_second_dag.py
[2026-02-14T22:03:34.069+0000] {processor.py:840} INFO - DAG(s) 'my_dag_of_the_morning' retrieved from /opt/airflow/dags/my_second_dag.py
[2026-02-14T22:03:34.107+0000] {logging_mixin.py:188} INFO - [2026-02-14T22:03:34.106+0000] {dag.py:3036} INFO - Sync 1 DAGs
[2026-02-14T22:03:34.129+0000] {logging_mixin.py:188} INFO - [2026-02-14T22:03:34.128+0000] {dag.py:3823} INFO - Setting next_dagrun for my_dag_of_the_morning to None, run_after=None
[2026-02-14T22:03:34.160+0000] {processor.py:183} INFO - Processing /opt/airflow/dags/my_second_dag.py took 0.114 seconds
[2026-02-14T22:04:04.502+0000] {processor.py:161} INFO - Started process (PID=21338) to work on /opt/airflow/dags/my_second_dag.py
[2026-02-14T22:04:04.503+0000] {processor.py:830} INFO - Processing file /opt/airflow/dags/my_second_dag.py for tasks to queue
[2026-02-14T22:04:04.506+0000] {logging_mixin.py:188} INFO - [2026-02-14T22:04:04.506+0000] {dagbag.py:538} INFO - Filling up the DagBag from /opt/airflow/dags/my_second_dag.py
[2026-02-14T22:04:04.517+0000] {processor.py:840} INFO - DAG(s) 'my_dag_of_the_morning' retrieved from /opt/airflow/dags/my_second_dag.py
[2026-02-14T22:04:04.558+0000] {logging_mixin.py:188} INFO - [2026-02-14T22:04:04.556+0000] {dag.py:3036} INFO - Sync 1 DAGs
[2026-02-14T22:04:04.580+0000] {logging_mixin.py:188} INFO - [2026-02-14T22:04:04.580+0000] {dag.py:3823} INFO - Setting next_dagrun for my_dag_of_the_morning to None, run_after=None
[2026-02-14T22:04:04.611+0000] {processor.py:183} INFO - Processing /opt/airflow/dags/my_second_dag.py took 0.115 seconds
[2026-02-14T22:04:35.066+0000] {processor.py:161} INFO - Started process (PID=21421) to work on /opt/airflow/dags/my_second_dag.py
[2026-02-14T22:04:35.067+0000] {processor.py:830} INFO - Processing file /opt/airflow/dags/my_second_dag.py for tasks to queue
[2026-02-14T22:04:35.070+0000] {logging_mixin.py:188} INFO - [2026-02-14T22:04:35.070+0000] {dagbag.py:538} INFO - Filling up the DagBag from /opt/airflow/dags/my_second_dag.py
[2026-02-14T22:04:35.081+0000] {processor.py:840} INFO - DAG(s) 'my_dag_of_the_morning' retrieved from /opt/airflow/dags/my_second_dag.py
[2026-02-14T22:04:35.123+0000] {logging_mixin.py:188} INFO - [2026-02-14T22:04:35.123+0000] {dag.py:3036} INFO - Sync 1 DAGs
[2026-02-14T22:04:35.147+0000] {logging_mixin.py:188} INFO - [2026-02-14T22:04:35.146+0000] {dag.py:3823} INFO - Setting next_dagrun for my_dag_of_the_morning to None, run_after=None
[2026-02-14T22:04:35.179+0000] {processor.py:183} INFO - Processing /opt/airflow/dags/my_second_dag.py took 0.120 seconds
[2026-02-14T22:05:05.245+0000] {processor.py:161} INFO - Started process (PID=21512) to work on /opt/airflow/dags/my_second_dag.py
[2026-02-14T22:05:05.246+0000] {processor.py:830} INFO - Processing file /opt/airflow/dags/my_second_dag.py for tasks to queue
[2026-02-14T22:05:05.249+0000] {logging_mixin.py:188} INFO - [2026-02-14T22:05:05.249+0000] {dagbag.py:538} INFO - Filling up the DagBag from /opt/airflow/dags/my_second_dag.py
[2026-02-14T22:05:05.260+0000] {processor.py:840} INFO - DAG(s) 'my_dag_of_the_morning' retrieved from /opt/airflow/dags/my_second_dag.py
[2026-02-14T22:05:05.291+0000] {logging_mixin.py:188} INFO - [2026-02-14T22:05:05.291+0000] {dag.py:3036} INFO - Sync 1 DAGs
[2026-02-14T22:05:05.311+0000] {logging_mixin.py:188} INFO - [2026-02-14T22:05:05.311+0000] {dag.py:3823} INFO - Setting next_dagrun for my_dag_of_the_morning to None, run_after=None
[2026-02-14T22:05:05.343+0000] {processor.py:183} INFO - Processing /opt/airflow/dags/my_second_dag.py took 0.104 seconds
[2026-02-14T22:05:35.868+0000] {processor.py:161} INFO - Started process (PID=21595) to work on /opt/airflow/dags/my_second_dag.py
[2026-02-14T22:05:35.870+0000] {processor.py:830} INFO - Processing file /opt/airflow/dags/my_second_dag.py for tasks to queue
[2026-02-14T22:05:35.875+0000] {logging_mixin.py:188} INFO - [2026-02-14T22:05:35.874+0000] {dagbag.py:538} INFO - Filling up the DagBag from /opt/airflow/dags/my_second_dag.py
[2026-02-14T22:05:35.883+0000] {processor.py:840} INFO - DAG(s) 'my_dag_of_the_morning' retrieved from /opt/airflow/dags/my_second_dag.py
[2026-02-14T22:05:35.915+0000] {logging_mixin.py:188} INFO - [2026-02-14T22:05:35.914+0000] {dag.py:3036} INFO - Sync 1 DAGs
[2026-02-14T22:05:35.937+0000] {logging_mixin.py:188} INFO - [2026-02-14T22:05:35.937+0000] {dag.py:3823} INFO - Setting next_dagrun for my_dag_of_the_morning to None, run_after=None
[2026-02-14T22:05:35.968+0000] {processor.py:183} INFO - Processing /opt/airflow/dags/my_second_dag.py took 0.106 seconds
[2026-02-14T22:06:06.366+0000] {processor.py:161} INFO - Started process (PID=21679) to work on /opt/airflow/dags/my_second_dag.py
[2026-02-14T22:06:06.368+0000] {processor.py:830} INFO - Processing file /opt/airflow/dags/my_second_dag.py for tasks to queue
[2026-02-14T22:06:06.370+0000] {logging_mixin.py:188} INFO - [2026-02-14T22:06:06.370+0000] {dagbag.py:538} INFO - Filling up the DagBag from /opt/airflow/dags/my_second_dag.py
[2026-02-14T22:06:06.380+0000] {processor.py:840} INFO - DAG(s) 'my_dag_of_the_morning' retrieved from /opt/airflow/dags/my_second_dag.py
[2026-02-14T22:06:06.410+0000] {logging_mixin.py:188} INFO - [2026-02-14T22:06:06.410+0000] {dag.py:3036} INFO - Sync 1 DAGs
[2026-02-14T22:06:06.430+0000] {logging_mixin.py:188} INFO - [2026-02-14T22:06:06.430+0000] {dag.py:3823} INFO - Setting next_dagrun for my_dag_of_the_morning to None, run_after=None
[2026-02-14T22:06:06.458+0000] {processor.py:183} INFO - Processing /opt/airflow/dags/my_second_dag.py took 0.096 seconds
[2026-02-14T22:06:37.032+0000] {processor.py:161} INFO - Started process (PID=21761) to work on /opt/airflow/dags/my_second_dag.py
[2026-02-14T22:06:37.035+0000] {processor.py:830} INFO - Processing file /opt/airflow/dags/my_second_dag.py for tasks to queue
[2026-02-14T22:06:37.038+0000] {logging_mixin.py:188} INFO - [2026-02-14T22:06:37.037+0000] {dagbag.py:538} INFO - Filling up the DagBag from /opt/airflow/dags/my_second_dag.py
[2026-02-14T22:06:37.049+0000] {processor.py:840} INFO - DAG(s) 'my_dag_of_the_morning' retrieved from /opt/airflow/dags/my_second_dag.py
[2026-02-14T22:06:37.082+0000] {logging_mixin.py:188} INFO - [2026-02-14T22:06:37.081+0000] {dag.py:3036} INFO - Sync 1 DAGs
[2026-02-14T22:06:37.100+0000] {logging_mixin.py:188} INFO - [2026-02-14T22:06:37.100+0000] {dag.py:3823} INFO - Setting next_dagrun for my_dag_of_the_morning to None, run_after=None
[2026-02-14T22:06:37.129+0000] {processor.py:183} INFO - Processing /opt/airflow/dags/my_second_dag.py took 0.102 seconds
[2026-02-14T22:07:07.521+0000] {processor.py:161} INFO - Started process (PID=21845) to work on /opt/airflow/dags/my_second_dag.py
[2026-02-14T22:07:07.523+0000] {processor.py:830} INFO - Processing file /opt/airflow/dags/my_second_dag.py for tasks to queue
[2026-02-14T22:07:07.526+0000] {logging_mixin.py:188} INFO - [2026-02-14T22:07:07.525+0000] {dagbag.py:538} INFO - Filling up the DagBag from /opt/airflow/dags/my_second_dag.py
[2026-02-14T22:07:07.537+0000] {processor.py:840} INFO - DAG(s) 'my_dag_of_the_morning' retrieved from /opt/airflow/dags/my_second_dag.py
[2026-02-14T22:07:07.569+0000] {logging_mixin.py:188} INFO - [2026-02-14T22:07:07.569+0000] {dag.py:3036} INFO - Sync 1 DAGs
[2026-02-14T22:07:07.588+0000] {logging_mixin.py:188} INFO - [2026-02-14T22:07:07.587+0000] {dag.py:3823} INFO - Setting next_dagrun for my_dag_of_the_morning to None, run_after=None
[2026-02-14T22:07:07.618+0000] {processor.py:183} INFO - Processing /opt/airflow/dags/my_second_dag.py took 0.102 seconds
[2026-02-14T22:07:37.981+0000] {processor.py:161} INFO - Started process (PID=21928) to work on /opt/airflow/dags/my_second_dag.py
[2026-02-14T22:07:37.982+0000] {processor.py:830} INFO - Processing file /opt/airflow/dags/my_second_dag.py for tasks to queue
[2026-02-14T22:07:37.985+0000] {logging_mixin.py:188} INFO - [2026-02-14T22:07:37.985+0000] {dagbag.py:538} INFO - Filling up the DagBag from /opt/airflow/dags/my_second_dag.py
[2026-02-14T22:07:37.994+0000] {processor.py:840} INFO - DAG(s) 'my_dag_of_the_morning' retrieved from /opt/airflow/dags/my_second_dag.py
[2026-02-14T22:07:38.026+0000] {logging_mixin.py:188} INFO - [2026-02-14T22:07:38.026+0000] {dag.py:3036} INFO - Sync 1 DAGs
[2026-02-14T22:07:38.045+0000] {logging_mixin.py:188} INFO - [2026-02-14T22:07:38.045+0000] {dag.py:3823} INFO - Setting next_dagrun for my_dag_of_the_morning to None, run_after=None
[2026-02-14T22:07:38.073+0000] {processor.py:183} INFO - Processing /opt/airflow/dags/my_second_dag.py took 0.097 seconds
[2026-02-14T22:08:08.583+0000] {processor.py:161} INFO - Started process (PID=22011) to work on /opt/airflow/dags/my_second_dag.py
[2026-02-14T22:08:08.584+0000] {processor.py:830} INFO - Processing file /opt/airflow/dags/my_second_dag.py for tasks to queue
[2026-02-14T22:08:08.587+0000] {logging_mixin.py:188} INFO - [2026-02-14T22:08:08.586+0000] {dagbag.py:538} INFO - Filling up the DagBag from /opt/airflow/dags/my_second_dag.py
[2026-02-14T22:08:08.596+0000] {processor.py:840} INFO - DAG(s) 'my_dag_of_the_morning' retrieved from /opt/airflow/dags/my_second_dag.py
[2026-02-14T22:08:08.628+0000] {logging_mixin.py:188} INFO - [2026-02-14T22:08:08.627+0000] {dag.py:3036} INFO - Sync 1 DAGs
[2026-02-14T22:08:08.647+0000] {logging_mixin.py:188} INFO - [2026-02-14T22:08:08.646+0000] {dag.py:3823} INFO - Setting next_dagrun for my_dag_of_the_morning to None, run_after=None
[2026-02-14T22:08:08.676+0000] {processor.py:183} INFO - Processing /opt/airflow/dags/my_second_dag.py took 0.098 seconds
[2026-02-14T22:08:39.183+0000] {processor.py:161} INFO - Started process (PID=22093) to work on /opt/airflow/dags/my_second_dag.py
[2026-02-14T22:08:39.185+0000] {processor.py:830} INFO - Processing file /opt/airflow/dags/my_second_dag.py for tasks to queue
[2026-02-14T22:08:39.187+0000] {logging_mixin.py:188} INFO - [2026-02-14T22:08:39.187+0000] {dagbag.py:538} INFO - Filling up the DagBag from /opt/airflow/dags/my_second_dag.py
[2026-02-14T22:08:39.197+0000] {processor.py:840} INFO - DAG(s) 'my_dag_of_the_morning' retrieved from /opt/airflow/dags/my_second_dag.py
[2026-02-14T22:08:39.230+0000] {logging_mixin.py:188} INFO - [2026-02-14T22:08:39.230+0000] {dag.py:3036} INFO - Sync 1 DAGs
[2026-02-14T22:08:39.249+0000] {logging_mixin.py:188} INFO - [2026-02-14T22:08:39.248+0000] {dag.py:3823} INFO - Setting next_dagrun for my_dag_of_the_morning to None, run_after=None
[2026-02-14T22:08:39.274+0000] {processor.py:183} INFO - Processing /opt/airflow/dags/my_second_dag.py took 0.096 seconds
[2026-02-14T22:09:09.680+0000] {processor.py:161} INFO - Started process (PID=22184) to work on /opt/airflow/dags/my_second_dag.py
[2026-02-14T22:09:09.682+0000] {processor.py:830} INFO - Processing file /opt/airflow/dags/my_second_dag.py for tasks to queue
[2026-02-14T22:09:09.684+0000] {logging_mixin.py:188} INFO - [2026-02-14T22:09:09.684+0000] {dagbag.py:538} INFO - Filling up the DagBag from /opt/airflow/dags/my_second_dag.py
[2026-02-14T22:09:09.693+0000] {processor.py:840} INFO - DAG(s) 'my_dag_of_the_morning' retrieved from /opt/airflow/dags/my_second_dag.py
[2026-02-14T22:09:09.730+0000] {logging_mixin.py:188} INFO - [2026-02-14T22:09:09.730+0000] {dag.py:3036} INFO - Sync 1 DAGs
[2026-02-14T22:09:09.754+0000] {logging_mixin.py:188} INFO - [2026-02-14T22:09:09.753+0000] {dag.py:3823} INFO - Setting next_dagrun for my_dag_of_the_morning to None, run_after=None
[2026-02-14T22:09:09.788+0000] {processor.py:183} INFO - Processing /opt/airflow/dags/my_second_dag.py took 0.115 seconds
[2026-02-14T22:09:39.890+0000] {processor.py:161} INFO - Started process (PID=22267) to work on /opt/airflow/dags/my_second_dag.py
[2026-02-14T22:09:39.892+0000] {processor.py:830} INFO - Processing file /opt/airflow/dags/my_second_dag.py for tasks to queue
[2026-02-14T22:09:39.894+0000] {logging_mixin.py:188} INFO - [2026-02-14T22:09:39.894+0000] {dagbag.py:538} INFO - Filling up the DagBag from /opt/airflow/dags/my_second_dag.py
[2026-02-14T22:09:39.904+0000] {processor.py:840} INFO - DAG(s) 'my_dag_of_the_morning' retrieved from /opt/airflow/dags/my_second_dag.py
[2026-02-14T22:09:39.936+0000] {logging_mixin.py:188} INFO - [2026-02-14T22:09:39.936+0000] {dag.py:3036} INFO - Sync 1 DAGs
[2026-02-14T22:09:39.955+0000] {logging_mixin.py:188} INFO - [2026-02-14T22:09:39.955+0000] {dag.py:3823} INFO - Setting next_dagrun for my_dag_of_the_morning to None, run_after=None
[2026-02-14T22:09:39.981+0000] {processor.py:183} INFO - Processing /opt/airflow/dags/my_second_dag.py took 0.097 seconds
[2026-02-14T22:10:10.361+0000] {processor.py:161} INFO - Started process (PID=22349) to work on /opt/airflow/dags/my_second_dag.py
[2026-02-14T22:10:10.363+0000] {processor.py:830} INFO - Processing file /opt/airflow/dags/my_second_dag.py for tasks to queue
[2026-02-14T22:10:10.366+0000] {logging_mixin.py:188} INFO - [2026-02-14T22:10:10.366+0000] {dagbag.py:538} INFO - Filling up the DagBag from /opt/airflow/dags/my_second_dag.py
[2026-02-14T22:10:10.379+0000] {processor.py:840} INFO - DAG(s) 'my_dag_of_the_morning' retrieved from /opt/airflow/dags/my_second_dag.py
[2026-02-14T22:10:10.422+0000] {logging_mixin.py:188} INFO - [2026-02-14T22:10:10.421+0000] {dag.py:3036} INFO - Sync 1 DAGs
[2026-02-14T22:10:10.455+0000] {logging_mixin.py:188} INFO - [2026-02-14T22:10:10.454+0000] {dag.py:3823} INFO - Setting next_dagrun for my_dag_of_the_morning to None, run_after=None
[2026-02-14T22:10:10.494+0000] {processor.py:183} INFO - Processing /opt/airflow/dags/my_second_dag.py took 0.150 seconds
[2026-02-14T22:10:40.598+0000] {processor.py:161} INFO - Started process (PID=22433) to work on /opt/airflow/dags/my_second_dag.py
[2026-02-14T22:10:40.600+0000] {processor.py:830} INFO - Processing file /opt/airflow/dags/my_second_dag.py for tasks to queue
[2026-02-14T22:10:40.603+0000] {logging_mixin.py:188} INFO - [2026-02-14T22:10:40.602+0000] {dagbag.py:538} INFO - Filling up the DagBag from /opt/airflow/dags/my_second_dag.py
[2026-02-14T22:10:40.614+0000] {processor.py:840} INFO - DAG(s) 'my_dag_of_the_morning' retrieved from /opt/airflow/dags/my_second_dag.py
[2026-02-14T22:10:40.653+0000] {logging_mixin.py:188} INFO - [2026-02-14T22:10:40.652+0000] {dag.py:3036} INFO - Sync 1 DAGs
[2026-02-14T22:10:40.677+0000] {logging_mixin.py:188} INFO - [2026-02-14T22:10:40.677+0000] {dag.py:3823} INFO - Setting next_dagrun for my_dag_of_the_morning to None, run_after=None
[2026-02-14T22:10:40.713+0000] {processor.py:183} INFO - Processing /opt/airflow/dags/my_second_dag.py took 0.120 seconds
[2026-02-14T22:11:11.433+0000] {processor.py:161} INFO - Started process (PID=22514) to work on /opt/airflow/dags/my_second_dag.py
[2026-02-14T22:11:11.435+0000] {processor.py:830} INFO - Processing file /opt/airflow/dags/my_second_dag.py for tasks to queue
[2026-02-14T22:11:11.440+0000] {logging_mixin.py:188} INFO - [2026-02-14T22:11:11.439+0000] {dagbag.py:538} INFO - Filling up the DagBag from /opt/airflow/dags/my_second_dag.py
[2026-02-14T22:11:11.451+0000] {processor.py:840} INFO - DAG(s) 'my_dag_of_the_morning' retrieved from /opt/airflow/dags/my_second_dag.py
[2026-02-14T22:11:11.488+0000] {logging_mixin.py:188} INFO - [2026-02-14T22:11:11.488+0000] {dag.py:3036} INFO - Sync 1 DAGs
[2026-02-14T22:11:11.509+0000] {logging_mixin.py:188} INFO - [2026-02-14T22:11:11.508+0000] {dag.py:3823} INFO - Setting next_dagrun for my_dag_of_the_morning to None, run_after=None
[2026-02-14T22:11:11.536+0000] {processor.py:183} INFO - Processing /opt/airflow/dags/my_second_dag.py took 0.109 seconds
[2026-02-14T22:11:41.804+0000] {processor.py:161} INFO - Started process (PID=22597) to work on /opt/airflow/dags/my_second_dag.py
[2026-02-14T22:11:41.806+0000] {processor.py:830} INFO - Processing file /opt/airflow/dags/my_second_dag.py for tasks to queue
[2026-02-14T22:11:41.809+0000] {logging_mixin.py:188} INFO - [2026-02-14T22:11:41.808+0000] {dagbag.py:538} INFO - Filling up the DagBag from /opt/airflow/dags/my_second_dag.py
[2026-02-14T22:11:41.819+0000] {processor.py:840} INFO - DAG(s) 'my_dag_of_the_morning' retrieved from /opt/airflow/dags/my_second_dag.py
[2026-02-14T22:11:41.853+0000] {logging_mixin.py:188} INFO - [2026-02-14T22:11:41.853+0000] {dag.py:3036} INFO - Sync 1 DAGs
[2026-02-14T22:11:41.872+0000] {logging_mixin.py:188} INFO - [2026-02-14T22:11:41.872+0000] {dag.py:3823} INFO - Setting next_dagrun for my_dag_of_the_morning to None, run_after=None
[2026-02-14T22:11:41.900+0000] {processor.py:183} INFO - Processing /opt/airflow/dags/my_second_dag.py took 0.101 seconds
[2026-02-14T22:12:12.433+0000] {processor.py:161} INFO - Started process (PID=22680) to work on /opt/airflow/dags/my_second_dag.py
[2026-02-14T22:12:12.435+0000] {processor.py:830} INFO - Processing file /opt/airflow/dags/my_second_dag.py for tasks to queue
[2026-02-14T22:12:12.438+0000] {logging_mixin.py:188} INFO - [2026-02-14T22:12:12.438+0000] {dagbag.py:538} INFO - Filling up the DagBag from /opt/airflow/dags/my_second_dag.py
[2026-02-14T22:12:12.447+0000] {processor.py:840} INFO - DAG(s) 'my_dag_of_the_morning' retrieved from /opt/airflow/dags/my_second_dag.py
[2026-02-14T22:12:12.481+0000] {logging_mixin.py:188} INFO - [2026-02-14T22:12:12.481+0000] {dag.py:3036} INFO - Sync 1 DAGs
[2026-02-14T22:12:12.501+0000] {logging_mixin.py:188} INFO - [2026-02-14T22:12:12.501+0000] {dag.py:3823} INFO - Setting next_dagrun for my_dag_of_the_morning to None, run_after=None
[2026-02-14T22:12:12.529+0000] {processor.py:183} INFO - Processing /opt/airflow/dags/my_second_dag.py took 0.101 seconds
[2026-02-14T22:12:42.793+0000] {processor.py:161} INFO - Started process (PID=22764) to work on /opt/airflow/dags/my_second_dag.py
[2026-02-14T22:12:42.794+0000] {processor.py:830} INFO - Processing file /opt/airflow/dags/my_second_dag.py for tasks to queue
[2026-02-14T22:12:42.798+0000] {logging_mixin.py:188} INFO - [2026-02-14T22:12:42.797+0000] {dagbag.py:538} INFO - Filling up the DagBag from /opt/airflow/dags/my_second_dag.py
[2026-02-14T22:12:42.806+0000] {processor.py:840} INFO - DAG(s) 'my_dag_of_the_morning' retrieved from /opt/airflow/dags/my_second_dag.py
[2026-02-14T22:12:42.838+0000] {logging_mixin.py:188} INFO - [2026-02-14T22:12:42.837+0000] {dag.py:3036} INFO - Sync 1 DAGs
[2026-02-14T22:12:42.857+0000] {logging_mixin.py:188} INFO - [2026-02-14T22:12:42.857+0000] {dag.py:3823} INFO - Setting next_dagrun for my_dag_of_the_morning to None, run_after=None
[2026-02-14T22:12:42.894+0000] {processor.py:183} INFO - Processing /opt/airflow/dags/my_second_dag.py took 0.106 seconds
[2026-02-14T22:13:13.719+0000] {processor.py:161} INFO - Started process (PID=22847) to work on /opt/airflow/dags/my_second_dag.py
[2026-02-14T22:13:13.721+0000] {processor.py:830} INFO - Processing file /opt/airflow/dags/my_second_dag.py for tasks to queue
[2026-02-14T22:13:13.724+0000] {logging_mixin.py:188} INFO - [2026-02-14T22:13:13.724+0000] {dagbag.py:538} INFO - Filling up the DagBag from /opt/airflow/dags/my_second_dag.py
[2026-02-14T22:13:13.734+0000] {processor.py:840} INFO - DAG(s) 'my_dag_of_the_morning' retrieved from /opt/airflow/dags/my_second_dag.py
[2026-02-14T22:13:13.765+0000] {logging_mixin.py:188} INFO - [2026-02-14T22:13:13.764+0000] {dag.py:3036} INFO - Sync 1 DAGs
[2026-02-14T22:13:13.784+0000] {logging_mixin.py:188} INFO - [2026-02-14T22:13:13.783+0000] {dag.py:3823} INFO - Setting next_dagrun for my_dag_of_the_morning to None, run_after=None
[2026-02-14T22:13:13.809+0000] {processor.py:183} INFO - Processing /opt/airflow/dags/my_second_dag.py took 0.095 seconds
[2026-02-14T22:13:44.144+0000] {processor.py:161} INFO - Started process (PID=22930) to work on /opt/airflow/dags/my_second_dag.py
[2026-02-14T22:13:44.146+0000] {processor.py:830} INFO - Processing file /opt/airflow/dags/my_second_dag.py for tasks to queue
[2026-02-14T22:13:44.149+0000] {logging_mixin.py:188} INFO - [2026-02-14T22:13:44.149+0000] {dagbag.py:538} INFO - Filling up the DagBag from /opt/airflow/dags/my_second_dag.py
[2026-02-14T22:13:44.160+0000] {processor.py:840} INFO - DAG(s) 'my_dag_of_the_morning' retrieved from /opt/airflow/dags/my_second_dag.py
[2026-02-14T22:13:44.195+0000] {logging_mixin.py:188} INFO - [2026-02-14T22:13:44.195+0000] {dag.py:3036} INFO - Sync 1 DAGs
[2026-02-14T22:13:44.214+0000] {logging_mixin.py:188} INFO - [2026-02-14T22:13:44.214+0000] {dag.py:3823} INFO - Setting next_dagrun for my_dag_of_the_morning to None, run_after=None
[2026-02-14T22:13:44.242+0000] {processor.py:183} INFO - Processing /opt/airflow/dags/my_second_dag.py took 0.104 seconds
[2026-02-14T22:14:14.898+0000] {processor.py:161} INFO - Started process (PID=23021) to work on /opt/airflow/dags/my_second_dag.py
[2026-02-14T22:14:14.899+0000] {processor.py:830} INFO - Processing file /opt/airflow/dags/my_second_dag.py for tasks to queue
[2026-02-14T22:14:14.904+0000] {logging_mixin.py:188} INFO - [2026-02-14T22:14:14.903+0000] {dagbag.py:538} INFO - Filling up the DagBag from /opt/airflow/dags/my_second_dag.py
[2026-02-14T22:14:14.916+0000] {processor.py:840} INFO - DAG(s) 'my_dag_of_the_morning' retrieved from /opt/airflow/dags/my_second_dag.py
[2026-02-14T22:14:14.954+0000] {logging_mixin.py:188} INFO - [2026-02-14T22:14:14.953+0000] {dag.py:3036} INFO - Sync 1 DAGs
[2026-02-14T22:14:14.980+0000] {logging_mixin.py:188} INFO - [2026-02-14T22:14:14.980+0000] {dag.py:3823} INFO - Setting next_dagrun for my_dag_of_the_morning to None, run_after=None
[2026-02-14T22:14:15.017+0000] {processor.py:183} INFO - Processing /opt/airflow/dags/my_second_dag.py took 0.125 seconds
[2026-02-14T22:14:45.100+0000] {processor.py:161} INFO - Started process (PID=23104) to work on /opt/airflow/dags/my_second_dag.py
[2026-02-14T22:14:45.101+0000] {processor.py:830} INFO - Processing file /opt/airflow/dags/my_second_dag.py for tasks to queue
[2026-02-14T22:14:45.104+0000] {logging_mixin.py:188} INFO - [2026-02-14T22:14:45.103+0000] {dagbag.py:538} INFO - Filling up the DagBag from /opt/airflow/dags/my_second_dag.py
[2026-02-14T22:14:45.115+0000] {processor.py:840} INFO - DAG(s) 'my_dag_of_the_morning' retrieved from /opt/airflow/dags/my_second_dag.py
[2026-02-14T22:14:45.152+0000] {logging_mixin.py:188} INFO - [2026-02-14T22:14:45.152+0000] {dag.py:3036} INFO - Sync 1 DAGs
[2026-02-14T22:14:45.172+0000] {logging_mixin.py:188} INFO - [2026-02-14T22:14:45.171+0000] {dag.py:3823} INFO - Setting next_dagrun for my_dag_of_the_morning to None, run_after=None
[2026-02-14T22:14:45.209+0000] {processor.py:183} INFO - Processing /opt/airflow/dags/my_second_dag.py took 0.115 seconds
[2026-02-14T22:15:15.440+0000] {processor.py:161} INFO - Started process (PID=23188) to work on /opt/airflow/dags/my_second_dag.py
[2026-02-14T22:15:15.442+0000] {processor.py:830} INFO - Processing file /opt/airflow/dags/my_second_dag.py for tasks to queue
[2026-02-14T22:15:15.445+0000] {logging_mixin.py:188} INFO - [2026-02-14T22:15:15.444+0000] {dagbag.py:538} INFO - Filling up the DagBag from /opt/airflow/dags/my_second_dag.py
[2026-02-14T22:15:15.455+0000] {processor.py:840} INFO - DAG(s) 'my_dag_of_the_morning' retrieved from /opt/airflow/dags/my_second_dag.py
[2026-02-14T22:15:15.491+0000] {logging_mixin.py:188} INFO - [2026-02-14T22:15:15.490+0000] {dag.py:3036} INFO - Sync 1 DAGs
[2026-02-14T22:15:15.511+0000] {logging_mixin.py:188} INFO - [2026-02-14T22:15:15.511+0000] {dag.py:3823} INFO - Setting next_dagrun for my_dag_of_the_morning to None, run_after=None
[2026-02-14T22:15:15.543+0000] {processor.py:183} INFO - Processing /opt/airflow/dags/my_second_dag.py took 0.108 seconds
[2026-02-14T22:15:45.889+0000] {processor.py:161} INFO - Started process (PID=23270) to work on /opt/airflow/dags/my_second_dag.py
[2026-02-14T22:15:45.890+0000] {processor.py:830} INFO - Processing file /opt/airflow/dags/my_second_dag.py for tasks to queue
[2026-02-14T22:15:45.893+0000] {logging_mixin.py:188} INFO - [2026-02-14T22:15:45.893+0000] {dagbag.py:538} INFO - Filling up the DagBag from /opt/airflow/dags/my_second_dag.py
[2026-02-14T22:15:45.903+0000] {processor.py:840} INFO - DAG(s) 'my_dag_of_the_morning' retrieved from /opt/airflow/dags/my_second_dag.py
[2026-02-14T22:15:45.934+0000] {logging_mixin.py:188} INFO - [2026-02-14T22:15:45.934+0000] {dag.py:3036} INFO - Sync 1 DAGs
[2026-02-14T22:15:45.953+0000] {logging_mixin.py:188} INFO - [2026-02-14T22:15:45.953+0000] {dag.py:3823} INFO - Setting next_dagrun for my_dag_of_the_morning to None, run_after=None
[2026-02-14T22:15:45.979+0000] {processor.py:183} INFO - Processing /opt/airflow/dags/my_second_dag.py took 0.096 seconds
[2026-02-14T22:16:16.139+0000] {processor.py:161} INFO - Started process (PID=23353) to work on /opt/airflow/dags/my_second_dag.py
[2026-02-14T22:16:16.141+0000] {processor.py:830} INFO - Processing file /opt/airflow/dags/my_second_dag.py for tasks to queue
[2026-02-14T22:16:16.144+0000] {logging_mixin.py:188} INFO - [2026-02-14T22:16:16.144+0000] {dagbag.py:538} INFO - Filling up the DagBag from /opt/airflow/dags/my_second_dag.py
[2026-02-14T22:16:16.155+0000] {processor.py:840} INFO - DAG(s) 'my_dag_of_the_morning' retrieved from /opt/airflow/dags/my_second_dag.py
[2026-02-14T22:16:16.200+0000] {logging_mixin.py:188} INFO - [2026-02-14T22:16:16.199+0000] {dag.py:3036} INFO - Sync 1 DAGs
[2026-02-14T22:16:16.223+0000] {logging_mixin.py:188} INFO - [2026-02-14T22:16:16.222+0000] {dag.py:3823} INFO - Setting next_dagrun for my_dag_of_the_morning to None, run_after=None
[2026-02-14T22:16:16.257+0000] {processor.py:183} INFO - Processing /opt/airflow/dags/my_second_dag.py took 0.123 seconds
[2026-02-14T22:16:46.644+0000] {processor.py:161} INFO - Started process (PID=23436) to work on /opt/airflow/dags/my_second_dag.py
[2026-02-14T22:16:46.645+0000] {processor.py:830} INFO - Processing file /opt/airflow/dags/my_second_dag.py for tasks to queue
[2026-02-14T22:16:46.649+0000] {logging_mixin.py:188} INFO - [2026-02-14T22:16:46.648+0000] {dagbag.py:538} INFO - Filling up the DagBag from /opt/airflow/dags/my_second_dag.py
[2026-02-14T22:16:46.658+0000] {processor.py:840} INFO - DAG(s) 'my_dag_of_the_morning' retrieved from /opt/airflow/dags/my_second_dag.py
[2026-02-14T22:16:46.698+0000] {logging_mixin.py:188} INFO - [2026-02-14T22:16:46.698+0000] {dag.py:3036} INFO - Sync 1 DAGs
[2026-02-14T22:16:46.718+0000] {logging_mixin.py:188} INFO - [2026-02-14T22:16:46.717+0000] {dag.py:3823} INFO - Setting next_dagrun for my_dag_of_the_morning to None, run_after=None
[2026-02-14T22:16:46.747+0000] {processor.py:183} INFO - Processing /opt/airflow/dags/my_second_dag.py took 0.109 seconds
[2026-02-14T22:17:17.125+0000] {processor.py:161} INFO - Started process (PID=23520) to work on /opt/airflow/dags/my_second_dag.py
[2026-02-14T22:17:17.127+0000] {processor.py:830} INFO - Processing file /opt/airflow/dags/my_second_dag.py for tasks to queue
[2026-02-14T22:17:17.130+0000] {logging_mixin.py:188} INFO - [2026-02-14T22:17:17.129+0000] {dagbag.py:538} INFO - Filling up the DagBag from /opt/airflow/dags/my_second_dag.py
[2026-02-14T22:17:17.140+0000] {processor.py:840} INFO - DAG(s) 'my_dag_of_the_morning' retrieved from /opt/airflow/dags/my_second_dag.py
[2026-02-14T22:17:17.181+0000] {logging_mixin.py:188} INFO - [2026-02-14T22:17:17.180+0000] {dag.py:3036} INFO - Sync 1 DAGs
[2026-02-14T22:17:17.206+0000] {logging_mixin.py:188} INFO - [2026-02-14T22:17:17.205+0000] {dag.py:3823} INFO - Setting next_dagrun for my_dag_of_the_morning to None, run_after=None
[2026-02-14T22:17:17.241+0000] {processor.py:183} INFO - Processing /opt/airflow/dags/my_second_dag.py took 0.121 seconds
[2026-02-14T22:17:48.062+0000] {processor.py:161} INFO - Started process (PID=23602) to work on /opt/airflow/dags/my_second_dag.py
[2026-02-14T22:17:48.063+0000] {processor.py:830} INFO - Processing file /opt/airflow/dags/my_second_dag.py for tasks to queue
[2026-02-14T22:17:48.066+0000] {logging_mixin.py:188} INFO - [2026-02-14T22:17:48.065+0000] {dagbag.py:538} INFO - Filling up the DagBag from /opt/airflow/dags/my_second_dag.py
[2026-02-14T22:17:48.075+0000] {processor.py:840} INFO - DAG(s) 'my_dag_of_the_morning' retrieved from /opt/airflow/dags/my_second_dag.py
[2026-02-14T22:17:48.105+0000] {logging_mixin.py:188} INFO - [2026-02-14T22:17:48.105+0000] {dag.py:3036} INFO - Sync 1 DAGs
[2026-02-14T22:17:48.124+0000] {logging_mixin.py:188} INFO - [2026-02-14T22:17:48.124+0000] {dag.py:3823} INFO - Setting next_dagrun for my_dag_of_the_morning to None, run_after=None
[2026-02-14T22:17:48.152+0000] {processor.py:183} INFO - Processing /opt/airflow/dags/my_second_dag.py took 0.095 seconds
[2026-02-14T22:18:18.201+0000] {processor.py:161} INFO - Started process (PID=23684) to work on /opt/airflow/dags/my_second_dag.py
[2026-02-14T22:18:18.203+0000] {processor.py:830} INFO - Processing file /opt/airflow/dags/my_second_dag.py for tasks to queue
[2026-02-14T22:18:18.205+0000] {logging_mixin.py:188} INFO - [2026-02-14T22:18:18.204+0000] {dagbag.py:538} INFO - Filling up the DagBag from /opt/airflow/dags/my_second_dag.py
[2026-02-14T22:18:18.214+0000] {processor.py:840} INFO - DAG(s) 'my_dag_of_the_morning' retrieved from /opt/airflow/dags/my_second_dag.py
[2026-02-14T22:18:18.246+0000] {logging_mixin.py:188} INFO - [2026-02-14T22:18:18.246+0000] {dag.py:3036} INFO - Sync 1 DAGs
[2026-02-14T22:18:18.267+0000] {logging_mixin.py:188} INFO - [2026-02-14T22:18:18.267+0000] {dag.py:3823} INFO - Setting next_dagrun for my_dag_of_the_morning to None, run_after=None
[2026-02-14T22:18:18.297+0000] {processor.py:183} INFO - Processing /opt/airflow/dags/my_second_dag.py took 0.101 seconds
[2026-02-14T22:18:48.605+0000] {processor.py:161} INFO - Started process (PID=23767) to work on /opt/airflow/dags/my_second_dag.py
[2026-02-14T22:18:48.607+0000] {processor.py:830} INFO - Processing file /opt/airflow/dags/my_second_dag.py for tasks to queue
[2026-02-14T22:18:48.609+0000] {logging_mixin.py:188} INFO - [2026-02-14T22:18:48.609+0000] {dagbag.py:538} INFO - Filling up the DagBag from /opt/airflow/dags/my_second_dag.py
[2026-02-14T22:18:48.618+0000] {processor.py:840} INFO - DAG(s) 'my_dag_of_the_morning' retrieved from /opt/airflow/dags/my_second_dag.py
[2026-02-14T22:18:48.651+0000] {logging_mixin.py:188} INFO - [2026-02-14T22:18:48.651+0000] {dag.py:3036} INFO - Sync 1 DAGs
[2026-02-14T22:18:48.670+0000] {logging_mixin.py:188} INFO - [2026-02-14T22:18:48.669+0000] {dag.py:3823} INFO - Setting next_dagrun for my_dag_of_the_morning to None, run_after=None
[2026-02-14T22:18:48.697+0000] {processor.py:183} INFO - Processing /opt/airflow/dags/my_second_dag.py took 0.097 seconds
[2026-02-14T22:19:19.503+0000] {processor.py:161} INFO - Started process (PID=23856) to work on /opt/airflow/dags/my_second_dag.py
[2026-02-14T22:19:19.505+0000] {processor.py:830} INFO - Processing file /opt/airflow/dags/my_second_dag.py for tasks to queue
[2026-02-14T22:19:19.508+0000] {logging_mixin.py:188} INFO - [2026-02-14T22:19:19.507+0000] {dagbag.py:538} INFO - Filling up the DagBag from /opt/airflow/dags/my_second_dag.py
[2026-02-14T22:19:19.518+0000] {processor.py:840} INFO - DAG(s) 'my_dag_of_the_morning' retrieved from /opt/airflow/dags/my_second_dag.py
[2026-02-14T22:19:19.552+0000] {logging_mixin.py:188} INFO - [2026-02-14T22:19:19.551+0000] {dag.py:3036} INFO - Sync 1 DAGs
[2026-02-14T22:19:19.571+0000] {logging_mixin.py:188} INFO - [2026-02-14T22:19:19.571+0000] {dag.py:3823} INFO - Setting next_dagrun for my_dag_of_the_morning to None, run_after=None
[2026-02-14T22:19:19.599+0000] {processor.py:183} INFO - Processing /opt/airflow/dags/my_second_dag.py took 0.101 seconds
[2026-02-14T22:19:49.833+0000] {processor.py:161} INFO - Started process (PID=23939) to work on /opt/airflow/dags/my_second_dag.py
[2026-02-14T22:19:49.835+0000] {processor.py:830} INFO - Processing file /opt/airflow/dags/my_second_dag.py for tasks to queue
[2026-02-14T22:19:49.838+0000] {logging_mixin.py:188} INFO - [2026-02-14T22:19:49.837+0000] {dagbag.py:538} INFO - Filling up the DagBag from /opt/airflow/dags/my_second_dag.py
[2026-02-14T22:19:49.849+0000] {processor.py:840} INFO - DAG(s) 'my_dag_of_the_morning' retrieved from /opt/airflow/dags/my_second_dag.py
[2026-02-14T22:19:49.880+0000] {logging_mixin.py:188} INFO - [2026-02-14T22:19:49.880+0000] {dag.py:3036} INFO - Sync 1 DAGs
[2026-02-14T22:19:49.899+0000] {logging_mixin.py:188} INFO - [2026-02-14T22:19:49.899+0000] {dag.py:3823} INFO - Setting next_dagrun for my_dag_of_the_morning to None, run_after=None
[2026-02-14T22:19:49.928+0000] {processor.py:183} INFO - Processing /opt/airflow/dags/my_second_dag.py took 0.102 seconds
[2026-02-14T22:20:20.373+0000] {processor.py:161} INFO - Started process (PID=24022) to work on /opt/airflow/dags/my_second_dag.py
[2026-02-14T22:20:20.375+0000] {processor.py:830} INFO - Processing file /opt/airflow/dags/my_second_dag.py for tasks to queue
[2026-02-14T22:20:20.377+0000] {logging_mixin.py:188} INFO - [2026-02-14T22:20:20.377+0000] {dagbag.py:538} INFO - Filling up the DagBag from /opt/airflow/dags/my_second_dag.py
[2026-02-14T22:20:20.387+0000] {processor.py:840} INFO - DAG(s) 'my_dag_of_the_morning' retrieved from /opt/airflow/dags/my_second_dag.py
[2026-02-14T22:20:20.424+0000] {logging_mixin.py:188} INFO - [2026-02-14T22:20:20.423+0000] {dag.py:3036} INFO - Sync 1 DAGs
[2026-02-14T22:20:20.443+0000] {logging_mixin.py:188} INFO - [2026-02-14T22:20:20.443+0000] {dag.py:3823} INFO - Setting next_dagrun for my_dag_of_the_morning to None, run_after=None
[2026-02-14T22:20:20.473+0000] {processor.py:183} INFO - Processing /opt/airflow/dags/my_second_dag.py took 0.106 seconds
[2026-02-14T22:20:50.647+0000] {processor.py:161} INFO - Started process (PID=24105) to work on /opt/airflow/dags/my_second_dag.py
[2026-02-14T22:20:50.649+0000] {processor.py:830} INFO - Processing file /opt/airflow/dags/my_second_dag.py for tasks to queue
[2026-02-14T22:20:50.651+0000] {logging_mixin.py:188} INFO - [2026-02-14T22:20:50.651+0000] {dagbag.py:538} INFO - Filling up the DagBag from /opt/airflow/dags/my_second_dag.py
[2026-02-14T22:20:50.662+0000] {processor.py:840} INFO - DAG(s) 'my_dag_of_the_morning' retrieved from /opt/airflow/dags/my_second_dag.py
[2026-02-14T22:20:50.698+0000] {logging_mixin.py:188} INFO - [2026-02-14T22:20:50.698+0000] {dag.py:3036} INFO - Sync 1 DAGs
[2026-02-14T22:20:50.722+0000] {logging_mixin.py:188} INFO - [2026-02-14T22:20:50.722+0000] {dag.py:3823} INFO - Setting next_dagrun for my_dag_of_the_morning to None, run_after=None
[2026-02-14T22:20:50.755+0000] {processor.py:183} INFO - Processing /opt/airflow/dags/my_second_dag.py took 0.114 seconds
[2026-02-14T22:21:21.125+0000] {processor.py:161} INFO - Started process (PID=24189) to work on /opt/airflow/dags/my_second_dag.py
[2026-02-14T22:21:21.128+0000] {processor.py:830} INFO - Processing file /opt/airflow/dags/my_second_dag.py for tasks to queue
[2026-02-14T22:21:21.140+0000] {logging_mixin.py:188} INFO - [2026-02-14T22:21:21.131+0000] {dagbag.py:538} INFO - Filling up the DagBag from /opt/airflow/dags/my_second_dag.py
[2026-02-14T22:21:21.153+0000] {processor.py:840} INFO - DAG(s) 'my_dag_of_the_morning' retrieved from /opt/airflow/dags/my_second_dag.py
[2026-02-14T22:21:21.192+0000] {logging_mixin.py:188} INFO - [2026-02-14T22:21:21.191+0000] {dag.py:3036} INFO - Sync 1 DAGs
[2026-02-14T22:21:21.222+0000] {logging_mixin.py:188} INFO - [2026-02-14T22:21:21.222+0000] {dag.py:3823} INFO - Setting next_dagrun for my_dag_of_the_morning to None, run_after=None
[2026-02-14T22:21:21.262+0000] {processor.py:183} INFO - Processing /opt/airflow/dags/my_second_dag.py took 0.143 seconds
[2026-02-14T22:21:51.322+0000] {processor.py:161} INFO - Started process (PID=24272) to work on /opt/airflow/dags/my_second_dag.py
[2026-02-14T22:21:51.323+0000] {processor.py:830} INFO - Processing file /opt/airflow/dags/my_second_dag.py for tasks to queue
[2026-02-14T22:21:51.326+0000] {logging_mixin.py:188} INFO - [2026-02-14T22:21:51.325+0000] {dagbag.py:538} INFO - Filling up the DagBag from /opt/airflow/dags/my_second_dag.py
[2026-02-14T22:21:51.336+0000] {processor.py:840} INFO - DAG(s) 'my_dag_of_the_morning' retrieved from /opt/airflow/dags/my_second_dag.py
[2026-02-14T22:21:51.369+0000] {logging_mixin.py:188} INFO - [2026-02-14T22:21:51.369+0000] {dag.py:3036} INFO - Sync 1 DAGs
[2026-02-14T22:21:51.389+0000] {logging_mixin.py:188} INFO - [2026-02-14T22:21:51.388+0000] {dag.py:3823} INFO - Setting next_dagrun for my_dag_of_the_morning to None, run_after=None
[2026-02-14T22:21:51.418+0000] {processor.py:183} INFO - Processing /opt/airflow/dags/my_second_dag.py took 0.101 seconds
[2026-02-14T22:22:21.815+0000] {processor.py:161} INFO - Started process (PID=24353) to work on /opt/airflow/dags/my_second_dag.py
[2026-02-14T22:22:21.825+0000] {processor.py:830} INFO - Processing file /opt/airflow/dags/my_second_dag.py for tasks to queue
[2026-02-14T22:22:21.828+0000] {logging_mixin.py:188} INFO - [2026-02-14T22:22:21.827+0000] {dagbag.py:538} INFO - Filling up the DagBag from /opt/airflow/dags/my_second_dag.py
[2026-02-14T22:22:21.847+0000] {processor.py:840} INFO - DAG(s) 'my_dag_of_the_morning' retrieved from /opt/airflow/dags/my_second_dag.py
[2026-02-14T22:22:21.905+0000] {logging_mixin.py:188} INFO - [2026-02-14T22:22:21.905+0000] {dag.py:3036} INFO - Sync 1 DAGs
[2026-02-14T22:22:21.929+0000] {logging_mixin.py:188} INFO - [2026-02-14T22:22:21.928+0000] {dag.py:3823} INFO - Setting next_dagrun for my_dag_of_the_morning to None, run_after=None
[2026-02-14T22:22:21.968+0000] {processor.py:183} INFO - Processing /opt/airflow/dags/my_second_dag.py took 0.158 seconds
[2026-02-14T22:22:52.282+0000] {processor.py:161} INFO - Started process (PID=24436) to work on /opt/airflow/dags/my_second_dag.py
[2026-02-14T22:22:52.283+0000] {processor.py:830} INFO - Processing file /opt/airflow/dags/my_second_dag.py for tasks to queue
[2026-02-14T22:22:52.287+0000] {logging_mixin.py:188} INFO - [2026-02-14T22:22:52.287+0000] {dagbag.py:538} INFO - Filling up the DagBag from /opt/airflow/dags/my_second_dag.py
[2026-02-14T22:22:52.299+0000] {processor.py:840} INFO - DAG(s) 'my_dag_of_the_morning' retrieved from /opt/airflow/dags/my_second_dag.py
[2026-02-14T22:22:52.338+0000] {logging_mixin.py:188} INFO - [2026-02-14T22:22:52.338+0000] {dag.py:3036} INFO - Sync 1 DAGs
[2026-02-14T22:22:52.362+0000] {logging_mixin.py:188} INFO - [2026-02-14T22:22:52.361+0000] {dag.py:3823} INFO - Setting next_dagrun for my_dag_of_the_morning to None, run_after=None
[2026-02-14T22:22:52.572+0000] {processor.py:183} INFO - Processing /opt/airflow/dags/my_second_dag.py took 0.296 seconds
[2026-02-14T22:23:22.690+0000] {processor.py:161} INFO - Started process (PID=24519) to work on /opt/airflow/dags/my_second_dag.py
[2026-02-14T22:23:22.691+0000] {processor.py:830} INFO - Processing file /opt/airflow/dags/my_second_dag.py for tasks to queue
[2026-02-14T22:23:22.694+0000] {logging_mixin.py:188} INFO - [2026-02-14T22:23:22.693+0000] {dagbag.py:538} INFO - Filling up the DagBag from /opt/airflow/dags/my_second_dag.py
[2026-02-14T22:23:22.702+0000] {processor.py:840} INFO - DAG(s) 'my_dag_of_the_morning' retrieved from /opt/airflow/dags/my_second_dag.py
[2026-02-14T22:23:22.732+0000] {logging_mixin.py:188} INFO - [2026-02-14T22:23:22.732+0000] {dag.py:3036} INFO - Sync 1 DAGs
[2026-02-14T22:23:22.751+0000] {logging_mixin.py:188} INFO - [2026-02-14T22:23:22.751+0000] {dag.py:3823} INFO - Setting next_dagrun for my_dag_of_the_morning to None, run_after=None
[2026-02-14T22:23:22.939+0000] {processor.py:183} INFO - Processing /opt/airflow/dags/my_second_dag.py took 0.254 seconds
[2026-02-14T22:23:53.432+0000] {processor.py:161} INFO - Started process (PID=24601) to work on /opt/airflow/dags/my_second_dag.py
[2026-02-14T22:23:53.435+0000] {processor.py:830} INFO - Processing file /opt/airflow/dags/my_second_dag.py for tasks to queue
[2026-02-14T22:23:53.439+0000] {logging_mixin.py:188} INFO - [2026-02-14T22:23:53.438+0000] {dagbag.py:538} INFO - Filling up the DagBag from /opt/airflow/dags/my_second_dag.py
[2026-02-14T22:23:53.448+0000] {processor.py:840} INFO - DAG(s) 'my_dag_of_the_morning' retrieved from /opt/airflow/dags/my_second_dag.py
[2026-02-14T22:23:53.481+0000] {logging_mixin.py:188} INFO - [2026-02-14T22:23:53.480+0000] {dag.py:3036} INFO - Sync 1 DAGs
[2026-02-14T22:23:53.501+0000] {logging_mixin.py:188} INFO - [2026-02-14T22:23:53.501+0000] {dag.py:3823} INFO - Setting next_dagrun for my_dag_of_the_morning to None, run_after=None
[2026-02-14T22:23:53.701+0000] {processor.py:183} INFO - Processing /opt/airflow/dags/my_second_dag.py took 0.274 seconds
[2026-02-14T22:24:23.892+0000] {processor.py:161} INFO - Started process (PID=24683) to work on /opt/airflow/dags/my_second_dag.py
[2026-02-14T22:24:23.894+0000] {processor.py:830} INFO - Processing file /opt/airflow/dags/my_second_dag.py for tasks to queue
[2026-02-14T22:24:23.897+0000] {logging_mixin.py:188} INFO - [2026-02-14T22:24:23.897+0000] {dagbag.py:538} INFO - Filling up the DagBag from /opt/airflow/dags/my_second_dag.py
[2026-02-14T22:24:23.908+0000] {processor.py:840} INFO - DAG(s) 'my_dag_of_the_morning' retrieved from /opt/airflow/dags/my_second_dag.py
[2026-02-14T22:24:23.944+0000] {logging_mixin.py:188} INFO - [2026-02-14T22:24:23.943+0000] {dag.py:3036} INFO - Sync 1 DAGs
[2026-02-14T22:24:23.976+0000] {logging_mixin.py:188} INFO - [2026-02-14T22:24:23.975+0000] {dag.py:3823} INFO - Setting next_dagrun for my_dag_of_the_morning to None, run_after=None
[2026-02-14T22:24:24.187+0000] {processor.py:183} INFO - Processing /opt/airflow/dags/my_second_dag.py took 0.301 seconds
[2026-02-14T22:24:54.267+0000] {processor.py:161} INFO - Started process (PID=24766) to work on /opt/airflow/dags/my_second_dag.py
[2026-02-14T22:24:54.269+0000] {processor.py:830} INFO - Processing file /opt/airflow/dags/my_second_dag.py for tasks to queue
[2026-02-14T22:24:54.271+0000] {logging_mixin.py:188} INFO - [2026-02-14T22:24:54.270+0000] {dagbag.py:538} INFO - Filling up the DagBag from /opt/airflow/dags/my_second_dag.py
[2026-02-14T22:24:54.280+0000] {processor.py:840} INFO - DAG(s) 'my_dag_of_the_morning' retrieved from /opt/airflow/dags/my_second_dag.py
[2026-02-14T22:24:54.313+0000] {logging_mixin.py:188} INFO - [2026-02-14T22:24:54.313+0000] {dag.py:3036} INFO - Sync 1 DAGs
[2026-02-14T22:24:54.332+0000] {logging_mixin.py:188} INFO - [2026-02-14T22:24:54.332+0000] {dag.py:3823} INFO - Setting next_dagrun for my_dag_of_the_morning to None, run_after=None
[2026-02-14T22:24:54.362+0000] {processor.py:183} INFO - Processing /opt/airflow/dags/my_second_dag.py took 0.100 seconds
[2026-02-14T22:25:24.639+0000] {processor.py:161} INFO - Started process (PID=24849) to work on /opt/airflow/dags/my_second_dag.py
[2026-02-14T22:25:24.641+0000] {processor.py:830} INFO - Processing file /opt/airflow/dags/my_second_dag.py for tasks to queue
[2026-02-14T22:25:24.644+0000] {logging_mixin.py:188} INFO - [2026-02-14T22:25:24.643+0000] {dagbag.py:538} INFO - Filling up the DagBag from /opt/airflow/dags/my_second_dag.py
[2026-02-14T22:25:24.653+0000] {processor.py:840} INFO - DAG(s) 'my_dag_of_the_morning' retrieved from /opt/airflow/dags/my_second_dag.py
[2026-02-14T22:25:24.693+0000] {logging_mixin.py:188} INFO - [2026-02-14T22:25:24.693+0000] {dag.py:3036} INFO - Sync 1 DAGs
[2026-02-14T22:25:24.716+0000] {logging_mixin.py:188} INFO - [2026-02-14T22:25:24.715+0000] {dag.py:3823} INFO - Setting next_dagrun for my_dag_of_the_morning to None, run_after=None
[2026-02-14T22:25:24.762+0000] {processor.py:183} INFO - Processing /opt/airflow/dags/my_second_dag.py took 0.127 seconds
[2026-02-14T22:25:55.174+0000] {processor.py:161} INFO - Started process (PID=24931) to work on /opt/airflow/dags/my_second_dag.py
[2026-02-14T22:25:55.176+0000] {processor.py:830} INFO - Processing file /opt/airflow/dags/my_second_dag.py for tasks to queue
[2026-02-14T22:25:55.179+0000] {logging_mixin.py:188} INFO - [2026-02-14T22:25:55.179+0000] {dagbag.py:538} INFO - Filling up the DagBag from /opt/airflow/dags/my_second_dag.py
[2026-02-14T22:25:55.195+0000] {processor.py:840} INFO - DAG(s) 'my_dag_of_the_morning' retrieved from /opt/airflow/dags/my_second_dag.py
[2026-02-14T22:25:55.227+0000] {logging_mixin.py:188} INFO - [2026-02-14T22:25:55.227+0000] {dag.py:3036} INFO - Sync 1 DAGs
[2026-02-14T22:25:55.248+0000] {logging_mixin.py:188} INFO - [2026-02-14T22:25:55.247+0000] {dag.py:3823} INFO - Setting next_dagrun for my_dag_of_the_morning to None, run_after=None
[2026-02-14T22:25:55.280+0000] {processor.py:183} INFO - Processing /opt/airflow/dags/my_second_dag.py took 0.112 seconds
[2026-02-14T22:26:25.527+0000] {processor.py:161} INFO - Started process (PID=25023) to work on /opt/airflow/dags/my_second_dag.py
[2026-02-14T22:26:25.529+0000] {processor.py:830} INFO - Processing file /opt/airflow/dags/my_second_dag.py for tasks to queue
[2026-02-14T22:26:25.532+0000] {logging_mixin.py:188} INFO - [2026-02-14T22:26:25.531+0000] {dagbag.py:538} INFO - Filling up the DagBag from /opt/airflow/dags/my_second_dag.py
[2026-02-14T22:26:25.543+0000] {processor.py:840} INFO - DAG(s) 'my_dag_of_the_morning' retrieved from /opt/airflow/dags/my_second_dag.py
[2026-02-14T22:26:25.580+0000] {logging_mixin.py:188} INFO - [2026-02-14T22:26:25.580+0000] {dag.py:3036} INFO - Sync 1 DAGs
[2026-02-14T22:26:25.605+0000] {logging_mixin.py:188} INFO - [2026-02-14T22:26:25.604+0000] {dag.py:3823} INFO - Setting next_dagrun for my_dag_of_the_morning to None, run_after=None
[2026-02-14T22:26:25.640+0000] {processor.py:183} INFO - Processing /opt/airflow/dags/my_second_dag.py took 0.118 seconds
[2026-02-14T22:26:55.711+0000] {processor.py:161} INFO - Started process (PID=25107) to work on /opt/airflow/dags/my_second_dag.py
[2026-02-14T22:26:55.712+0000] {processor.py:830} INFO - Processing file /opt/airflow/dags/my_second_dag.py for tasks to queue
[2026-02-14T22:26:55.715+0000] {logging_mixin.py:188} INFO - [2026-02-14T22:26:55.715+0000] {dagbag.py:538} INFO - Filling up the DagBag from /opt/airflow/dags/my_second_dag.py
[2026-02-14T22:26:55.727+0000] {processor.py:840} INFO - DAG(s) 'my_dag_of_the_morning' retrieved from /opt/airflow/dags/my_second_dag.py
[2026-02-14T22:26:55.769+0000] {logging_mixin.py:188} INFO - [2026-02-14T22:26:55.768+0000] {dag.py:3036} INFO - Sync 1 DAGs
[2026-02-14T22:26:55.788+0000] {logging_mixin.py:188} INFO - [2026-02-14T22:26:55.787+0000] {dag.py:3823} INFO - Setting next_dagrun for my_dag_of_the_morning to None, run_after=None
[2026-02-14T22:26:55.815+0000] {processor.py:183} INFO - Processing /opt/airflow/dags/my_second_dag.py took 0.110 seconds
[2026-02-14T22:27:26.132+0000] {processor.py:161} INFO - Started process (PID=25189) to work on /opt/airflow/dags/my_second_dag.py
[2026-02-14T22:27:26.134+0000] {processor.py:830} INFO - Processing file /opt/airflow/dags/my_second_dag.py for tasks to queue
[2026-02-14T22:27:26.137+0000] {logging_mixin.py:188} INFO - [2026-02-14T22:27:26.136+0000] {dagbag.py:538} INFO - Filling up the DagBag from /opt/airflow/dags/my_second_dag.py
[2026-02-14T22:27:26.149+0000] {processor.py:840} INFO - DAG(s) 'my_dag_of_the_morning' retrieved from /opt/airflow/dags/my_second_dag.py
[2026-02-14T22:27:26.198+0000] {logging_mixin.py:188} INFO - [2026-02-14T22:27:26.198+0000] {dag.py:3036} INFO - Sync 1 DAGs
[2026-02-14T22:27:26.220+0000] {logging_mixin.py:188} INFO - [2026-02-14T22:27:26.219+0000] {dag.py:3823} INFO - Setting next_dagrun for my_dag_of_the_morning to None, run_after=None
[2026-02-14T22:27:26.266+0000] {processor.py:183} INFO - Processing /opt/airflow/dags/my_second_dag.py took 0.141 seconds
[2026-02-14T22:27:56.537+0000] {processor.py:161} INFO - Started process (PID=25272) to work on /opt/airflow/dags/my_second_dag.py
[2026-02-14T22:27:56.539+0000] {processor.py:830} INFO - Processing file /opt/airflow/dags/my_second_dag.py for tasks to queue
[2026-02-14T22:27:56.542+0000] {logging_mixin.py:188} INFO - [2026-02-14T22:27:56.542+0000] {dagbag.py:538} INFO - Filling up the DagBag from /opt/airflow/dags/my_second_dag.py
[2026-02-14T22:27:56.554+0000] {processor.py:840} INFO - DAG(s) 'my_dag_of_the_morning' retrieved from /opt/airflow/dags/my_second_dag.py
[2026-02-14T22:27:56.594+0000] {logging_mixin.py:188} INFO - [2026-02-14T22:27:56.594+0000] {dag.py:3036} INFO - Sync 1 DAGs
[2026-02-14T22:27:56.620+0000] {logging_mixin.py:188} INFO - [2026-02-14T22:27:56.619+0000] {dag.py:3823} INFO - Setting next_dagrun for my_dag_of_the_morning to None, run_after=None
[2026-02-14T22:27:56.654+0000] {processor.py:183} INFO - Processing /opt/airflow/dags/my_second_dag.py took 0.122 seconds
