[2026-02-14T19:54:51.636+0000] {processor.py:161} INFO - Started process (PID=48) to work on /opt/airflow/dags/xcoms_dag.py
[2026-02-14T19:54:51.638+0000] {processor.py:830} INFO - Processing file /opt/airflow/dags/xcoms_dag.py for tasks to queue
[2026-02-14T19:54:51.641+0000] {logging_mixin.py:188} INFO - [2026-02-14T19:54:51.640+0000] {dagbag.py:538} INFO - Filling up the DagBag from /opt/airflow/dags/xcoms_dag.py
[2026-02-14T19:54:51.658+0000] {processor.py:840} INFO - DAG(s) 'simple_xcom_dag' retrieved from /opt/airflow/dags/xcoms_dag.py
[2026-02-14T19:54:51.875+0000] {logging_mixin.py:188} INFO - [2026-02-14T19:54:51.874+0000] {dag.py:3036} INFO - Sync 1 DAGs
[2026-02-14T19:54:51.898+0000] {logging_mixin.py:188} INFO - [2026-02-14T19:54:51.898+0000] {dag.py:3823} INFO - Setting next_dagrun for simple_xcom_dag to None, run_after=None
[2026-02-14T19:54:51.946+0000] {processor.py:183} INFO - Processing /opt/airflow/dags/xcoms_dag.py took 0.316 seconds
[2026-02-14T19:55:22.348+0000] {processor.py:161} INFO - Started process (PID=130) to work on /opt/airflow/dags/xcoms_dag.py
[2026-02-14T19:55:22.349+0000] {processor.py:830} INFO - Processing file /opt/airflow/dags/xcoms_dag.py for tasks to queue
[2026-02-14T19:55:22.352+0000] {logging_mixin.py:188} INFO - [2026-02-14T19:55:22.351+0000] {dagbag.py:538} INFO - Filling up the DagBag from /opt/airflow/dags/xcoms_dag.py
[2026-02-14T19:55:22.361+0000] {processor.py:840} INFO - DAG(s) 'simple_xcom_dag' retrieved from /opt/airflow/dags/xcoms_dag.py
[2026-02-14T19:55:22.397+0000] {logging_mixin.py:188} INFO - [2026-02-14T19:55:22.396+0000] {dag.py:3036} INFO - Sync 1 DAGs
[2026-02-14T19:55:22.421+0000] {logging_mixin.py:188} INFO - [2026-02-14T19:55:22.421+0000] {dag.py:3823} INFO - Setting next_dagrun for simple_xcom_dag to None, run_after=None
[2026-02-14T19:55:22.455+0000] {processor.py:183} INFO - Processing /opt/airflow/dags/xcoms_dag.py took 0.114 seconds
[2026-02-14T19:55:52.659+0000] {processor.py:161} INFO - Started process (PID=222) to work on /opt/airflow/dags/xcoms_dag.py
[2026-02-14T19:55:52.662+0000] {processor.py:830} INFO - Processing file /opt/airflow/dags/xcoms_dag.py for tasks to queue
[2026-02-14T19:55:52.665+0000] {logging_mixin.py:188} INFO - [2026-02-14T19:55:52.664+0000] {dagbag.py:538} INFO - Filling up the DagBag from /opt/airflow/dags/xcoms_dag.py
[2026-02-14T19:55:52.674+0000] {processor.py:840} INFO - DAG(s) 'simple_xcom_dag' retrieved from /opt/airflow/dags/xcoms_dag.py
[2026-02-14T19:55:52.707+0000] {logging_mixin.py:188} INFO - [2026-02-14T19:55:52.707+0000] {dag.py:3036} INFO - Sync 1 DAGs
[2026-02-14T19:55:52.731+0000] {logging_mixin.py:188} INFO - [2026-02-14T19:55:52.731+0000] {dag.py:3823} INFO - Setting next_dagrun for simple_xcom_dag to None, run_after=None
[2026-02-14T19:55:52.763+0000] {processor.py:183} INFO - Processing /opt/airflow/dags/xcoms_dag.py took 0.109 seconds
[2026-02-14T19:56:22.973+0000] {processor.py:161} INFO - Started process (PID=305) to work on /opt/airflow/dags/xcoms_dag.py
[2026-02-14T19:56:22.975+0000] {processor.py:830} INFO - Processing file /opt/airflow/dags/xcoms_dag.py for tasks to queue
[2026-02-14T19:56:22.978+0000] {logging_mixin.py:188} INFO - [2026-02-14T19:56:22.978+0000] {dagbag.py:538} INFO - Filling up the DagBag from /opt/airflow/dags/xcoms_dag.py
[2026-02-14T19:56:22.986+0000] {processor.py:840} INFO - DAG(s) 'simple_xcom_dag' retrieved from /opt/airflow/dags/xcoms_dag.py
[2026-02-14T19:56:23.017+0000] {logging_mixin.py:188} INFO - [2026-02-14T19:56:23.016+0000] {dag.py:3036} INFO - Sync 1 DAGs
[2026-02-14T19:56:23.037+0000] {logging_mixin.py:188} INFO - [2026-02-14T19:56:23.037+0000] {dag.py:3823} INFO - Setting next_dagrun for simple_xcom_dag to None, run_after=None
[2026-02-14T19:56:23.068+0000] {processor.py:183} INFO - Processing /opt/airflow/dags/xcoms_dag.py took 0.100 seconds
[2026-02-14T19:56:53.679+0000] {processor.py:161} INFO - Started process (PID=388) to work on /opt/airflow/dags/xcoms_dag.py
[2026-02-14T19:56:53.681+0000] {processor.py:830} INFO - Processing file /opt/airflow/dags/xcoms_dag.py for tasks to queue
[2026-02-14T19:56:53.683+0000] {logging_mixin.py:188} INFO - [2026-02-14T19:56:53.683+0000] {dagbag.py:538} INFO - Filling up the DagBag from /opt/airflow/dags/xcoms_dag.py
[2026-02-14T19:56:53.692+0000] {processor.py:840} INFO - DAG(s) 'simple_xcom_dag' retrieved from /opt/airflow/dags/xcoms_dag.py
[2026-02-14T19:56:53.722+0000] {logging_mixin.py:188} INFO - [2026-02-14T19:56:53.722+0000] {dag.py:3036} INFO - Sync 1 DAGs
[2026-02-14T19:56:53.743+0000] {logging_mixin.py:188} INFO - [2026-02-14T19:56:53.742+0000] {dag.py:3823} INFO - Setting next_dagrun for simple_xcom_dag to None, run_after=None
[2026-02-14T19:56:53.771+0000] {processor.py:183} INFO - Processing /opt/airflow/dags/xcoms_dag.py took 0.097 seconds
[2026-02-14T19:57:24.048+0000] {processor.py:161} INFO - Started process (PID=470) to work on /opt/airflow/dags/xcoms_dag.py
[2026-02-14T19:57:24.049+0000] {processor.py:830} INFO - Processing file /opt/airflow/dags/xcoms_dag.py for tasks to queue
[2026-02-14T19:57:24.051+0000] {logging_mixin.py:188} INFO - [2026-02-14T19:57:24.051+0000] {dagbag.py:538} INFO - Filling up the DagBag from /opt/airflow/dags/xcoms_dag.py
[2026-02-14T19:57:24.059+0000] {processor.py:840} INFO - DAG(s) 'simple_xcom_dag' retrieved from /opt/airflow/dags/xcoms_dag.py
[2026-02-14T19:57:24.088+0000] {logging_mixin.py:188} INFO - [2026-02-14T19:57:24.087+0000] {dag.py:3036} INFO - Sync 1 DAGs
[2026-02-14T19:57:24.111+0000] {logging_mixin.py:188} INFO - [2026-02-14T19:57:24.110+0000] {dag.py:3823} INFO - Setting next_dagrun for simple_xcom_dag to None, run_after=None
[2026-02-14T19:57:24.138+0000] {processor.py:183} INFO - Processing /opt/airflow/dags/xcoms_dag.py took 0.096 seconds
[2026-02-14T19:57:54.781+0000] {processor.py:161} INFO - Started process (PID=553) to work on /opt/airflow/dags/xcoms_dag.py
[2026-02-14T19:57:54.783+0000] {processor.py:830} INFO - Processing file /opt/airflow/dags/xcoms_dag.py for tasks to queue
[2026-02-14T19:57:54.786+0000] {logging_mixin.py:188} INFO - [2026-02-14T19:57:54.785+0000] {dagbag.py:538} INFO - Filling up the DagBag from /opt/airflow/dags/xcoms_dag.py
[2026-02-14T19:57:54.794+0000] {processor.py:840} INFO - DAG(s) 'simple_xcom_dag' retrieved from /opt/airflow/dags/xcoms_dag.py
[2026-02-14T19:57:54.823+0000] {logging_mixin.py:188} INFO - [2026-02-14T19:57:54.823+0000] {dag.py:3036} INFO - Sync 1 DAGs
[2026-02-14T19:57:54.845+0000] {logging_mixin.py:188} INFO - [2026-02-14T19:57:54.845+0000] {dag.py:3823} INFO - Setting next_dagrun for simple_xcom_dag to None, run_after=None
[2026-02-14T19:57:54.879+0000] {processor.py:183} INFO - Processing /opt/airflow/dags/xcoms_dag.py took 0.103 seconds
[2026-02-14T19:58:25.607+0000] {processor.py:161} INFO - Started process (PID=636) to work on /opt/airflow/dags/xcoms_dag.py
[2026-02-14T19:58:25.609+0000] {processor.py:830} INFO - Processing file /opt/airflow/dags/xcoms_dag.py for tasks to queue
[2026-02-14T19:58:25.611+0000] {logging_mixin.py:188} INFO - [2026-02-14T19:58:25.611+0000] {dagbag.py:538} INFO - Filling up the DagBag from /opt/airflow/dags/xcoms_dag.py
[2026-02-14T19:58:25.620+0000] {processor.py:840} INFO - DAG(s) 'simple_xcom_dag' retrieved from /opt/airflow/dags/xcoms_dag.py
[2026-02-14T19:58:25.648+0000] {logging_mixin.py:188} INFO - [2026-02-14T19:58:25.648+0000] {dag.py:3036} INFO - Sync 1 DAGs
[2026-02-14T19:58:25.667+0000] {logging_mixin.py:188} INFO - [2026-02-14T19:58:25.667+0000] {dag.py:3823} INFO - Setting next_dagrun for simple_xcom_dag to None, run_after=None
[2026-02-14T19:58:25.696+0000] {processor.py:183} INFO - Processing /opt/airflow/dags/xcoms_dag.py took 0.094 seconds
[2026-02-14T19:58:56.132+0000] {processor.py:161} INFO - Started process (PID=719) to work on /opt/airflow/dags/xcoms_dag.py
[2026-02-14T19:58:56.133+0000] {processor.py:830} INFO - Processing file /opt/airflow/dags/xcoms_dag.py for tasks to queue
[2026-02-14T19:58:56.136+0000] {logging_mixin.py:188} INFO - [2026-02-14T19:58:56.135+0000] {dagbag.py:538} INFO - Filling up the DagBag from /opt/airflow/dags/xcoms_dag.py
[2026-02-14T19:58:56.143+0000] {processor.py:840} INFO - DAG(s) 'simple_xcom_dag' retrieved from /opt/airflow/dags/xcoms_dag.py
[2026-02-14T19:58:56.171+0000] {logging_mixin.py:188} INFO - [2026-02-14T19:58:56.171+0000] {dag.py:3036} INFO - Sync 1 DAGs
[2026-02-14T19:58:56.190+0000] {logging_mixin.py:188} INFO - [2026-02-14T19:58:56.190+0000] {dag.py:3823} INFO - Setting next_dagrun for simple_xcom_dag to None, run_after=None
[2026-02-14T19:58:56.218+0000] {processor.py:183} INFO - Processing /opt/airflow/dags/xcoms_dag.py took 0.091 seconds
[2026-02-14T19:59:26.420+0000] {processor.py:161} INFO - Started process (PID=802) to work on /opt/airflow/dags/xcoms_dag.py
[2026-02-14T19:59:26.421+0000] {processor.py:830} INFO - Processing file /opt/airflow/dags/xcoms_dag.py for tasks to queue
[2026-02-14T19:59:26.424+0000] {logging_mixin.py:188} INFO - [2026-02-14T19:59:26.423+0000] {dagbag.py:538} INFO - Filling up the DagBag from /opt/airflow/dags/xcoms_dag.py
[2026-02-14T19:59:26.431+0000] {processor.py:840} INFO - DAG(s) 'simple_xcom_dag' retrieved from /opt/airflow/dags/xcoms_dag.py
[2026-02-14T19:59:26.459+0000] {logging_mixin.py:188} INFO - [2026-02-14T19:59:26.459+0000] {dag.py:3036} INFO - Sync 1 DAGs
[2026-02-14T19:59:26.478+0000] {logging_mixin.py:188} INFO - [2026-02-14T19:59:26.478+0000] {dag.py:3823} INFO - Setting next_dagrun for simple_xcom_dag to None, run_after=None
[2026-02-14T19:59:26.507+0000] {processor.py:183} INFO - Processing /opt/airflow/dags/xcoms_dag.py took 0.092 seconds
[2026-02-14T19:59:56.833+0000] {processor.py:161} INFO - Started process (PID=893) to work on /opt/airflow/dags/xcoms_dag.py
[2026-02-14T19:59:56.835+0000] {processor.py:830} INFO - Processing file /opt/airflow/dags/xcoms_dag.py for tasks to queue
[2026-02-14T19:59:56.846+0000] {logging_mixin.py:188} INFO - [2026-02-14T19:59:56.845+0000] {dagbag.py:538} INFO - Filling up the DagBag from /opt/airflow/dags/xcoms_dag.py
[2026-02-14T19:59:56.863+0000] {processor.py:840} INFO - DAG(s) 'simple_xcom_dag' retrieved from /opt/airflow/dags/xcoms_dag.py
[2026-02-14T19:59:56.898+0000] {logging_mixin.py:188} INFO - [2026-02-14T19:59:56.898+0000] {dag.py:3036} INFO - Sync 1 DAGs
[2026-02-14T19:59:56.921+0000] {logging_mixin.py:188} INFO - [2026-02-14T19:59:56.920+0000] {dag.py:3823} INFO - Setting next_dagrun for simple_xcom_dag to None, run_after=None
[2026-02-14T19:59:56.954+0000] {processor.py:183} INFO - Processing /opt/airflow/dags/xcoms_dag.py took 0.128 seconds
[2026-02-14T20:00:27.144+0000] {processor.py:161} INFO - Started process (PID=977) to work on /opt/airflow/dags/xcoms_dag.py
[2026-02-14T20:00:27.146+0000] {processor.py:830} INFO - Processing file /opt/airflow/dags/xcoms_dag.py for tasks to queue
[2026-02-14T20:00:27.150+0000] {logging_mixin.py:188} INFO - [2026-02-14T20:00:27.149+0000] {dagbag.py:538} INFO - Filling up the DagBag from /opt/airflow/dags/xcoms_dag.py
[2026-02-14T20:00:27.160+0000] {processor.py:840} INFO - DAG(s) 'simple_xcom_dag' retrieved from /opt/airflow/dags/xcoms_dag.py
[2026-02-14T20:00:27.197+0000] {logging_mixin.py:188} INFO - [2026-02-14T20:00:27.196+0000] {dag.py:3036} INFO - Sync 1 DAGs
[2026-02-14T20:00:27.216+0000] {logging_mixin.py:188} INFO - [2026-02-14T20:00:27.216+0000] {dag.py:3823} INFO - Setting next_dagrun for simple_xcom_dag to None, run_after=None
[2026-02-14T20:00:27.246+0000] {processor.py:183} INFO - Processing /opt/airflow/dags/xcoms_dag.py took 0.108 seconds
[2026-02-14T20:00:57.566+0000] {processor.py:161} INFO - Started process (PID=1060) to work on /opt/airflow/dags/xcoms_dag.py
[2026-02-14T20:00:57.568+0000] {processor.py:830} INFO - Processing file /opt/airflow/dags/xcoms_dag.py for tasks to queue
[2026-02-14T20:00:57.572+0000] {logging_mixin.py:188} INFO - [2026-02-14T20:00:57.571+0000] {dagbag.py:538} INFO - Filling up the DagBag from /opt/airflow/dags/xcoms_dag.py
[2026-02-14T20:00:57.582+0000] {processor.py:840} INFO - DAG(s) 'simple_xcom_dag' retrieved from /opt/airflow/dags/xcoms_dag.py
[2026-02-14T20:00:57.617+0000] {logging_mixin.py:188} INFO - [2026-02-14T20:00:57.616+0000] {dag.py:3036} INFO - Sync 1 DAGs
[2026-02-14T20:00:57.640+0000] {logging_mixin.py:188} INFO - [2026-02-14T20:00:57.639+0000] {dag.py:3823} INFO - Setting next_dagrun for simple_xcom_dag to None, run_after=None
[2026-02-14T20:00:57.676+0000] {processor.py:183} INFO - Processing /opt/airflow/dags/xcoms_dag.py took 0.116 seconds
[2026-02-14T20:01:27.989+0000] {processor.py:161} INFO - Started process (PID=1142) to work on /opt/airflow/dags/xcoms_dag.py
[2026-02-14T20:01:27.991+0000] {processor.py:830} INFO - Processing file /opt/airflow/dags/xcoms_dag.py for tasks to queue
[2026-02-14T20:01:27.994+0000] {logging_mixin.py:188} INFO - [2026-02-14T20:01:27.994+0000] {dagbag.py:538} INFO - Filling up the DagBag from /opt/airflow/dags/xcoms_dag.py
[2026-02-14T20:01:28.003+0000] {processor.py:840} INFO - DAG(s) 'simple_xcom_dag' retrieved from /opt/airflow/dags/xcoms_dag.py
[2026-02-14T20:01:28.032+0000] {logging_mixin.py:188} INFO - [2026-02-14T20:01:28.031+0000] {dag.py:3036} INFO - Sync 1 DAGs
[2026-02-14T20:01:28.051+0000] {logging_mixin.py:188} INFO - [2026-02-14T20:01:28.050+0000] {dag.py:3823} INFO - Setting next_dagrun for simple_xcom_dag to None, run_after=None
[2026-02-14T20:01:28.080+0000] {processor.py:183} INFO - Processing /opt/airflow/dags/xcoms_dag.py took 0.096 seconds
[2026-02-14T20:01:58.466+0000] {processor.py:161} INFO - Started process (PID=1226) to work on /opt/airflow/dags/xcoms_dag.py
[2026-02-14T20:01:58.468+0000] {processor.py:830} INFO - Processing file /opt/airflow/dags/xcoms_dag.py for tasks to queue
[2026-02-14T20:01:58.471+0000] {logging_mixin.py:188} INFO - [2026-02-14T20:01:58.471+0000] {dagbag.py:538} INFO - Filling up the DagBag from /opt/airflow/dags/xcoms_dag.py
[2026-02-14T20:01:58.480+0000] {processor.py:840} INFO - DAG(s) 'simple_xcom_dag' retrieved from /opt/airflow/dags/xcoms_dag.py
[2026-02-14T20:01:58.508+0000] {logging_mixin.py:188} INFO - [2026-02-14T20:01:58.508+0000] {dag.py:3036} INFO - Sync 1 DAGs
[2026-02-14T20:01:58.527+0000] {logging_mixin.py:188} INFO - [2026-02-14T20:01:58.526+0000] {dag.py:3823} INFO - Setting next_dagrun for simple_xcom_dag to None, run_after=None
[2026-02-14T20:01:58.556+0000] {processor.py:183} INFO - Processing /opt/airflow/dags/xcoms_dag.py took 0.095 seconds
[2026-02-14T20:02:29.173+0000] {processor.py:161} INFO - Started process (PID=1310) to work on /opt/airflow/dags/xcoms_dag.py
[2026-02-14T20:02:29.175+0000] {processor.py:830} INFO - Processing file /opt/airflow/dags/xcoms_dag.py for tasks to queue
[2026-02-14T20:02:29.177+0000] {logging_mixin.py:188} INFO - [2026-02-14T20:02:29.177+0000] {dagbag.py:538} INFO - Filling up the DagBag from /opt/airflow/dags/xcoms_dag.py
[2026-02-14T20:02:29.185+0000] {processor.py:840} INFO - DAG(s) 'simple_xcom_dag' retrieved from /opt/airflow/dags/xcoms_dag.py
[2026-02-14T20:02:29.213+0000] {logging_mixin.py:188} INFO - [2026-02-14T20:02:29.213+0000] {dag.py:3036} INFO - Sync 1 DAGs
[2026-02-14T20:02:29.234+0000] {logging_mixin.py:188} INFO - [2026-02-14T20:02:29.233+0000] {dag.py:3823} INFO - Setting next_dagrun for simple_xcom_dag to None, run_after=None
[2026-02-14T20:02:29.262+0000] {processor.py:183} INFO - Processing /opt/airflow/dags/xcoms_dag.py took 0.094 seconds
[2026-02-14T20:02:59.861+0000] {processor.py:161} INFO - Started process (PID=1394) to work on /opt/airflow/dags/xcoms_dag.py
[2026-02-14T20:02:59.862+0000] {processor.py:830} INFO - Processing file /opt/airflow/dags/xcoms_dag.py for tasks to queue
[2026-02-14T20:02:59.865+0000] {logging_mixin.py:188} INFO - [2026-02-14T20:02:59.864+0000] {dagbag.py:538} INFO - Filling up the DagBag from /opt/airflow/dags/xcoms_dag.py
[2026-02-14T20:02:59.873+0000] {processor.py:840} INFO - DAG(s) 'simple_xcom_dag' retrieved from /opt/airflow/dags/xcoms_dag.py
[2026-02-14T20:02:59.906+0000] {logging_mixin.py:188} INFO - [2026-02-14T20:02:59.906+0000] {dag.py:3036} INFO - Sync 1 DAGs
[2026-02-14T20:02:59.930+0000] {logging_mixin.py:188} INFO - [2026-02-14T20:02:59.929+0000] {dag.py:3823} INFO - Setting next_dagrun for simple_xcom_dag to None, run_after=None
[2026-02-14T20:02:59.960+0000] {processor.py:183} INFO - Processing /opt/airflow/dags/xcoms_dag.py took 0.105 seconds
[2026-02-14T20:03:30.834+0000] {processor.py:161} INFO - Started process (PID=1477) to work on /opt/airflow/dags/xcoms_dag.py
[2026-02-14T20:03:30.836+0000] {processor.py:830} INFO - Processing file /opt/airflow/dags/xcoms_dag.py for tasks to queue
[2026-02-14T20:03:30.839+0000] {logging_mixin.py:188} INFO - [2026-02-14T20:03:30.838+0000] {dagbag.py:538} INFO - Filling up the DagBag from /opt/airflow/dags/xcoms_dag.py
[2026-02-14T20:03:30.847+0000] {processor.py:840} INFO - DAG(s) 'simple_xcom_dag' retrieved from /opt/airflow/dags/xcoms_dag.py
[2026-02-14T20:03:30.877+0000] {logging_mixin.py:188} INFO - [2026-02-14T20:03:30.876+0000] {dag.py:3036} INFO - Sync 1 DAGs
[2026-02-14T20:03:30.898+0000] {logging_mixin.py:188} INFO - [2026-02-14T20:03:30.898+0000] {dag.py:3823} INFO - Setting next_dagrun for simple_xcom_dag to None, run_after=None
[2026-02-14T20:03:30.927+0000] {processor.py:183} INFO - Processing /opt/airflow/dags/xcoms_dag.py took 0.097 seconds
[2026-02-14T20:04:01.214+0000] {processor.py:161} INFO - Started process (PID=1569) to work on /opt/airflow/dags/xcoms_dag.py
[2026-02-14T20:04:01.215+0000] {processor.py:830} INFO - Processing file /opt/airflow/dags/xcoms_dag.py for tasks to queue
[2026-02-14T20:04:01.218+0000] {logging_mixin.py:188} INFO - [2026-02-14T20:04:01.217+0000] {dagbag.py:538} INFO - Filling up the DagBag from /opt/airflow/dags/xcoms_dag.py
[2026-02-14T20:04:01.226+0000] {processor.py:840} INFO - DAG(s) 'simple_xcom_dag' retrieved from /opt/airflow/dags/xcoms_dag.py
[2026-02-14T20:04:01.254+0000] {logging_mixin.py:188} INFO - [2026-02-14T20:04:01.253+0000] {dag.py:3036} INFO - Sync 1 DAGs
[2026-02-14T20:04:01.272+0000] {logging_mixin.py:188} INFO - [2026-02-14T20:04:01.272+0000] {dag.py:3823} INFO - Setting next_dagrun for simple_xcom_dag to None, run_after=None
[2026-02-14T20:04:01.299+0000] {processor.py:183} INFO - Processing /opt/airflow/dags/xcoms_dag.py took 0.090 seconds
[2026-02-14T20:04:31.735+0000] {processor.py:161} INFO - Started process (PID=1651) to work on /opt/airflow/dags/xcoms_dag.py
[2026-02-14T20:04:31.738+0000] {processor.py:830} INFO - Processing file /opt/airflow/dags/xcoms_dag.py for tasks to queue
[2026-02-14T20:04:31.741+0000] {logging_mixin.py:188} INFO - [2026-02-14T20:04:31.740+0000] {dagbag.py:538} INFO - Filling up the DagBag from /opt/airflow/dags/xcoms_dag.py
[2026-02-14T20:04:31.751+0000] {processor.py:840} INFO - DAG(s) 'simple_xcom_dag' retrieved from /opt/airflow/dags/xcoms_dag.py
[2026-02-14T20:04:31.796+0000] {logging_mixin.py:188} INFO - [2026-02-14T20:04:31.795+0000] {dag.py:3036} INFO - Sync 1 DAGs
[2026-02-14T20:04:31.838+0000] {logging_mixin.py:188} INFO - [2026-02-14T20:04:31.834+0000] {dag.py:3823} INFO - Setting next_dagrun for simple_xcom_dag to None, run_after=None
[2026-02-14T20:04:31.870+0000] {processor.py:183} INFO - Processing /opt/airflow/dags/xcoms_dag.py took 0.141 seconds
[2026-02-14T20:05:02.754+0000] {processor.py:161} INFO - Started process (PID=1733) to work on /opt/airflow/dags/xcoms_dag.py
[2026-02-14T20:05:02.755+0000] {processor.py:830} INFO - Processing file /opt/airflow/dags/xcoms_dag.py for tasks to queue
[2026-02-14T20:05:02.757+0000] {logging_mixin.py:188} INFO - [2026-02-14T20:05:02.757+0000] {dagbag.py:538} INFO - Filling up the DagBag from /opt/airflow/dags/xcoms_dag.py
[2026-02-14T20:05:02.766+0000] {processor.py:840} INFO - DAG(s) 'simple_xcom_dag' retrieved from /opt/airflow/dags/xcoms_dag.py
[2026-02-14T20:05:02.798+0000] {logging_mixin.py:188} INFO - [2026-02-14T20:05:02.798+0000] {dag.py:3036} INFO - Sync 1 DAGs
[2026-02-14T20:05:02.822+0000] {logging_mixin.py:188} INFO - [2026-02-14T20:05:02.822+0000] {dag.py:3823} INFO - Setting next_dagrun for simple_xcom_dag to None, run_after=None
[2026-02-14T20:05:02.854+0000] {processor.py:183} INFO - Processing /opt/airflow/dags/xcoms_dag.py took 0.106 seconds
[2026-02-14T20:05:33.651+0000] {processor.py:161} INFO - Started process (PID=1816) to work on /opt/airflow/dags/xcoms_dag.py
[2026-02-14T20:05:33.653+0000] {processor.py:830} INFO - Processing file /opt/airflow/dags/xcoms_dag.py for tasks to queue
[2026-02-14T20:05:33.656+0000] {logging_mixin.py:188} INFO - [2026-02-14T20:05:33.655+0000] {dagbag.py:538} INFO - Filling up the DagBag from /opt/airflow/dags/xcoms_dag.py
[2026-02-14T20:05:33.664+0000] {processor.py:840} INFO - DAG(s) 'simple_xcom_dag' retrieved from /opt/airflow/dags/xcoms_dag.py
[2026-02-14T20:05:33.692+0000] {logging_mixin.py:188} INFO - [2026-02-14T20:05:33.691+0000] {dag.py:3036} INFO - Sync 1 DAGs
[2026-02-14T20:05:33.711+0000] {logging_mixin.py:188} INFO - [2026-02-14T20:05:33.710+0000] {dag.py:3823} INFO - Setting next_dagrun for simple_xcom_dag to None, run_after=None
[2026-02-14T20:05:33.742+0000] {processor.py:183} INFO - Processing /opt/airflow/dags/xcoms_dag.py took 0.096 seconds
[2026-02-14T20:06:04.058+0000] {processor.py:161} INFO - Started process (PID=1899) to work on /opt/airflow/dags/xcoms_dag.py
[2026-02-14T20:06:04.059+0000] {processor.py:830} INFO - Processing file /opt/airflow/dags/xcoms_dag.py for tasks to queue
[2026-02-14T20:06:04.062+0000] {logging_mixin.py:188} INFO - [2026-02-14T20:06:04.062+0000] {dagbag.py:538} INFO - Filling up the DagBag from /opt/airflow/dags/xcoms_dag.py
[2026-02-14T20:06:04.071+0000] {processor.py:840} INFO - DAG(s) 'simple_xcom_dag' retrieved from /opt/airflow/dags/xcoms_dag.py
[2026-02-14T20:06:04.101+0000] {logging_mixin.py:188} INFO - [2026-02-14T20:06:04.101+0000] {dag.py:3036} INFO - Sync 1 DAGs
[2026-02-14T20:06:04.123+0000] {logging_mixin.py:188} INFO - [2026-02-14T20:06:04.123+0000] {dag.py:3823} INFO - Setting next_dagrun for simple_xcom_dag to None, run_after=None
[2026-02-14T20:06:04.152+0000] {processor.py:183} INFO - Processing /opt/airflow/dags/xcoms_dag.py took 0.100 seconds
[2026-02-14T20:06:34.606+0000] {processor.py:161} INFO - Started process (PID=1980) to work on /opt/airflow/dags/xcoms_dag.py
[2026-02-14T20:06:34.608+0000] {processor.py:830} INFO - Processing file /opt/airflow/dags/xcoms_dag.py for tasks to queue
[2026-02-14T20:06:34.612+0000] {logging_mixin.py:188} INFO - [2026-02-14T20:06:34.611+0000] {dagbag.py:538} INFO - Filling up the DagBag from /opt/airflow/dags/xcoms_dag.py
[2026-02-14T20:06:34.620+0000] {processor.py:840} INFO - DAG(s) 'simple_xcom_dag' retrieved from /opt/airflow/dags/xcoms_dag.py
[2026-02-14T20:06:34.649+0000] {logging_mixin.py:188} INFO - [2026-02-14T20:06:34.649+0000] {dag.py:3036} INFO - Sync 1 DAGs
[2026-02-14T20:06:34.669+0000] {logging_mixin.py:188} INFO - [2026-02-14T20:06:34.668+0000] {dag.py:3823} INFO - Setting next_dagrun for simple_xcom_dag to None, run_after=None
[2026-02-14T20:06:34.702+0000] {processor.py:183} INFO - Processing /opt/airflow/dags/xcoms_dag.py took 0.102 seconds
[2026-02-14T20:07:05.131+0000] {processor.py:161} INFO - Started process (PID=2063) to work on /opt/airflow/dags/xcoms_dag.py
[2026-02-14T20:07:05.132+0000] {processor.py:830} INFO - Processing file /opt/airflow/dags/xcoms_dag.py for tasks to queue
[2026-02-14T20:07:05.136+0000] {logging_mixin.py:188} INFO - [2026-02-14T20:07:05.135+0000] {dagbag.py:538} INFO - Filling up the DagBag from /opt/airflow/dags/xcoms_dag.py
[2026-02-14T20:07:05.143+0000] {processor.py:840} INFO - DAG(s) 'simple_xcom_dag' retrieved from /opt/airflow/dags/xcoms_dag.py
[2026-02-14T20:07:05.174+0000] {logging_mixin.py:188} INFO - [2026-02-14T20:07:05.173+0000] {dag.py:3036} INFO - Sync 1 DAGs
[2026-02-14T20:07:05.197+0000] {logging_mixin.py:188} INFO - [2026-02-14T20:07:05.196+0000] {dag.py:3823} INFO - Setting next_dagrun for simple_xcom_dag to None, run_after=None
[2026-02-14T20:07:05.226+0000] {processor.py:183} INFO - Processing /opt/airflow/dags/xcoms_dag.py took 0.099 seconds
[2026-02-14T20:07:35.400+0000] {processor.py:161} INFO - Started process (PID=2145) to work on /opt/airflow/dags/xcoms_dag.py
[2026-02-14T20:07:35.402+0000] {processor.py:830} INFO - Processing file /opt/airflow/dags/xcoms_dag.py for tasks to queue
[2026-02-14T20:07:35.405+0000] {logging_mixin.py:188} INFO - [2026-02-14T20:07:35.405+0000] {dagbag.py:538} INFO - Filling up the DagBag from /opt/airflow/dags/xcoms_dag.py
[2026-02-14T20:07:35.413+0000] {processor.py:840} INFO - DAG(s) 'simple_xcom_dag' retrieved from /opt/airflow/dags/xcoms_dag.py
[2026-02-14T20:07:35.443+0000] {logging_mixin.py:188} INFO - [2026-02-14T20:07:35.443+0000] {dag.py:3036} INFO - Sync 1 DAGs
[2026-02-14T20:07:35.464+0000] {logging_mixin.py:188} INFO - [2026-02-14T20:07:35.463+0000] {dag.py:3823} INFO - Setting next_dagrun for simple_xcom_dag to None, run_after=None
[2026-02-14T20:07:35.504+0000] {processor.py:183} INFO - Processing /opt/airflow/dags/xcoms_dag.py took 0.108 seconds
[2026-02-14T20:08:05.746+0000] {processor.py:161} INFO - Started process (PID=2229) to work on /opt/airflow/dags/xcoms_dag.py
[2026-02-14T20:08:05.747+0000] {processor.py:830} INFO - Processing file /opt/airflow/dags/xcoms_dag.py for tasks to queue
[2026-02-14T20:08:05.751+0000] {logging_mixin.py:188} INFO - [2026-02-14T20:08:05.750+0000] {dagbag.py:538} INFO - Filling up the DagBag from /opt/airflow/dags/xcoms_dag.py
[2026-02-14T20:08:05.758+0000] {processor.py:840} INFO - DAG(s) 'simple_xcom_dag' retrieved from /opt/airflow/dags/xcoms_dag.py
[2026-02-14T20:08:05.788+0000] {logging_mixin.py:188} INFO - [2026-02-14T20:08:05.787+0000] {dag.py:3036} INFO - Sync 1 DAGs
[2026-02-14T20:08:05.808+0000] {logging_mixin.py:188} INFO - [2026-02-14T20:08:05.807+0000] {dag.py:3823} INFO - Setting next_dagrun for simple_xcom_dag to None, run_after=None
[2026-02-14T20:08:05.836+0000] {processor.py:183} INFO - Processing /opt/airflow/dags/xcoms_dag.py took 0.095 seconds
[2026-02-14T20:08:36.319+0000] {processor.py:161} INFO - Started process (PID=2319) to work on /opt/airflow/dags/xcoms_dag.py
[2026-02-14T20:08:36.327+0000] {processor.py:830} INFO - Processing file /opt/airflow/dags/xcoms_dag.py for tasks to queue
[2026-02-14T20:08:36.331+0000] {logging_mixin.py:188} INFO - [2026-02-14T20:08:36.330+0000] {dagbag.py:538} INFO - Filling up the DagBag from /opt/airflow/dags/xcoms_dag.py
[2026-02-14T20:08:36.339+0000] {processor.py:840} INFO - DAG(s) 'simple_xcom_dag' retrieved from /opt/airflow/dags/xcoms_dag.py
[2026-02-14T20:08:36.430+0000] {logging_mixin.py:188} INFO - [2026-02-14T20:08:36.429+0000] {dag.py:3036} INFO - Sync 1 DAGs
[2026-02-14T20:08:36.468+0000] {logging_mixin.py:188} INFO - [2026-02-14T20:08:36.468+0000] {dag.py:3823} INFO - Setting next_dagrun for simple_xcom_dag to None, run_after=None
[2026-02-14T20:08:36.539+0000] {processor.py:183} INFO - Processing /opt/airflow/dags/xcoms_dag.py took 0.225 seconds
[2026-02-14T20:09:06.689+0000] {processor.py:161} INFO - Started process (PID=2402) to work on /opt/airflow/dags/xcoms_dag.py
[2026-02-14T20:09:06.690+0000] {processor.py:830} INFO - Processing file /opt/airflow/dags/xcoms_dag.py for tasks to queue
[2026-02-14T20:09:06.694+0000] {logging_mixin.py:188} INFO - [2026-02-14T20:09:06.693+0000] {dagbag.py:538} INFO - Filling up the DagBag from /opt/airflow/dags/xcoms_dag.py
[2026-02-14T20:09:06.703+0000] {processor.py:840} INFO - DAG(s) 'simple_xcom_dag' retrieved from /opt/airflow/dags/xcoms_dag.py
[2026-02-14T20:09:06.737+0000] {logging_mixin.py:188} INFO - [2026-02-14T20:09:06.737+0000] {dag.py:3036} INFO - Sync 1 DAGs
[2026-02-14T20:09:06.761+0000] {logging_mixin.py:188} INFO - [2026-02-14T20:09:06.761+0000] {dag.py:3823} INFO - Setting next_dagrun for simple_xcom_dag to None, run_after=None
[2026-02-14T20:09:06.791+0000] {processor.py:183} INFO - Processing /opt/airflow/dags/xcoms_dag.py took 0.108 seconds
[2026-02-14T20:09:36.995+0000] {processor.py:161} INFO - Started process (PID=2485) to work on /opt/airflow/dags/xcoms_dag.py
[2026-02-14T20:09:36.996+0000] {processor.py:830} INFO - Processing file /opt/airflow/dags/xcoms_dag.py for tasks to queue
[2026-02-14T20:09:37.000+0000] {logging_mixin.py:188} INFO - [2026-02-14T20:09:37.000+0000] {dagbag.py:538} INFO - Filling up the DagBag from /opt/airflow/dags/xcoms_dag.py
[2026-02-14T20:09:37.008+0000] {processor.py:840} INFO - DAG(s) 'simple_xcom_dag' retrieved from /opt/airflow/dags/xcoms_dag.py
[2026-02-14T20:09:37.039+0000] {logging_mixin.py:188} INFO - [2026-02-14T20:09:37.038+0000] {dag.py:3036} INFO - Sync 1 DAGs
[2026-02-14T20:09:37.062+0000] {logging_mixin.py:188} INFO - [2026-02-14T20:09:37.061+0000] {dag.py:3823} INFO - Setting next_dagrun for simple_xcom_dag to None, run_after=None
[2026-02-14T20:09:37.097+0000] {processor.py:183} INFO - Processing /opt/airflow/dags/xcoms_dag.py took 0.107 seconds
[2026-02-14T20:10:07.891+0000] {processor.py:161} INFO - Started process (PID=2567) to work on /opt/airflow/dags/xcoms_dag.py
[2026-02-14T20:10:07.892+0000] {processor.py:830} INFO - Processing file /opt/airflow/dags/xcoms_dag.py for tasks to queue
[2026-02-14T20:10:07.895+0000] {logging_mixin.py:188} INFO - [2026-02-14T20:10:07.894+0000] {dagbag.py:538} INFO - Filling up the DagBag from /opt/airflow/dags/xcoms_dag.py
[2026-02-14T20:10:07.903+0000] {processor.py:840} INFO - DAG(s) 'simple_xcom_dag' retrieved from /opt/airflow/dags/xcoms_dag.py
[2026-02-14T20:10:07.935+0000] {logging_mixin.py:188} INFO - [2026-02-14T20:10:07.934+0000] {dag.py:3036} INFO - Sync 1 DAGs
[2026-02-14T20:10:07.954+0000] {logging_mixin.py:188} INFO - [2026-02-14T20:10:07.953+0000] {dag.py:3823} INFO - Setting next_dagrun for simple_xcom_dag to None, run_after=None
[2026-02-14T20:10:07.982+0000] {processor.py:183} INFO - Processing /opt/airflow/dags/xcoms_dag.py took 0.095 seconds
[2026-02-14T20:10:38.737+0000] {processor.py:161} INFO - Started process (PID=2650) to work on /opt/airflow/dags/xcoms_dag.py
[2026-02-14T20:10:38.739+0000] {processor.py:830} INFO - Processing file /opt/airflow/dags/xcoms_dag.py for tasks to queue
[2026-02-14T20:10:38.743+0000] {logging_mixin.py:188} INFO - [2026-02-14T20:10:38.742+0000] {dagbag.py:538} INFO - Filling up the DagBag from /opt/airflow/dags/xcoms_dag.py
[2026-02-14T20:10:38.750+0000] {processor.py:840} INFO - DAG(s) 'simple_xcom_dag' retrieved from /opt/airflow/dags/xcoms_dag.py
[2026-02-14T20:10:38.779+0000] {logging_mixin.py:188} INFO - [2026-02-14T20:10:38.779+0000] {dag.py:3036} INFO - Sync 1 DAGs
[2026-02-14T20:10:38.798+0000] {logging_mixin.py:188} INFO - [2026-02-14T20:10:38.798+0000] {dag.py:3823} INFO - Setting next_dagrun for simple_xcom_dag to None, run_after=None
[2026-02-14T20:10:38.830+0000] {processor.py:183} INFO - Processing /opt/airflow/dags/xcoms_dag.py took 0.098 seconds
[2026-02-14T20:11:09.391+0000] {processor.py:161} INFO - Started process (PID=2733) to work on /opt/airflow/dags/xcoms_dag.py
[2026-02-14T20:11:09.393+0000] {processor.py:830} INFO - Processing file /opt/airflow/dags/xcoms_dag.py for tasks to queue
[2026-02-14T20:11:09.396+0000] {logging_mixin.py:188} INFO - [2026-02-14T20:11:09.396+0000] {dagbag.py:538} INFO - Filling up the DagBag from /opt/airflow/dags/xcoms_dag.py
[2026-02-14T20:11:09.403+0000] {processor.py:840} INFO - DAG(s) 'simple_xcom_dag' retrieved from /opt/airflow/dags/xcoms_dag.py
[2026-02-14T20:11:09.433+0000] {logging_mixin.py:188} INFO - [2026-02-14T20:11:09.432+0000] {dag.py:3036} INFO - Sync 1 DAGs
[2026-02-14T20:11:09.453+0000] {logging_mixin.py:188} INFO - [2026-02-14T20:11:09.453+0000] {dag.py:3823} INFO - Setting next_dagrun for simple_xcom_dag to None, run_after=None
[2026-02-14T20:11:09.483+0000] {processor.py:183} INFO - Processing /opt/airflow/dags/xcoms_dag.py took 0.096 seconds
[2026-02-14T20:11:39.603+0000] {processor.py:161} INFO - Started process (PID=2816) to work on /opt/airflow/dags/xcoms_dag.py
[2026-02-14T20:11:39.604+0000] {processor.py:830} INFO - Processing file /opt/airflow/dags/xcoms_dag.py for tasks to queue
[2026-02-14T20:11:39.607+0000] {logging_mixin.py:188} INFO - [2026-02-14T20:11:39.606+0000] {dagbag.py:538} INFO - Filling up the DagBag from /opt/airflow/dags/xcoms_dag.py
[2026-02-14T20:11:39.615+0000] {processor.py:840} INFO - DAG(s) 'simple_xcom_dag' retrieved from /opt/airflow/dags/xcoms_dag.py
[2026-02-14T20:11:39.642+0000] {logging_mixin.py:188} INFO - [2026-02-14T20:11:39.642+0000] {dag.py:3036} INFO - Sync 1 DAGs
[2026-02-14T20:11:39.664+0000] {logging_mixin.py:188} INFO - [2026-02-14T20:11:39.663+0000] {dag.py:3823} INFO - Setting next_dagrun for simple_xcom_dag to None, run_after=None
[2026-02-14T20:11:39.699+0000] {processor.py:183} INFO - Processing /opt/airflow/dags/xcoms_dag.py took 0.101 seconds
[2026-02-14T20:12:10.132+0000] {processor.py:161} INFO - Started process (PID=2898) to work on /opt/airflow/dags/xcoms_dag.py
[2026-02-14T20:12:10.134+0000] {processor.py:830} INFO - Processing file /opt/airflow/dags/xcoms_dag.py for tasks to queue
[2026-02-14T20:12:10.137+0000] {logging_mixin.py:188} INFO - [2026-02-14T20:12:10.137+0000] {dagbag.py:538} INFO - Filling up the DagBag from /opt/airflow/dags/xcoms_dag.py
[2026-02-14T20:12:10.146+0000] {processor.py:840} INFO - DAG(s) 'simple_xcom_dag' retrieved from /opt/airflow/dags/xcoms_dag.py
[2026-02-14T20:12:10.177+0000] {logging_mixin.py:188} INFO - [2026-02-14T20:12:10.177+0000] {dag.py:3036} INFO - Sync 1 DAGs
[2026-02-14T20:12:10.200+0000] {logging_mixin.py:188} INFO - [2026-02-14T20:12:10.200+0000] {dag.py:3823} INFO - Setting next_dagrun for simple_xcom_dag to None, run_after=None
[2026-02-14T20:12:10.232+0000] {processor.py:183} INFO - Processing /opt/airflow/dags/xcoms_dag.py took 0.105 seconds
[2026-02-14T20:12:40.272+0000] {processor.py:161} INFO - Started process (PID=2981) to work on /opt/airflow/dags/xcoms_dag.py
[2026-02-14T20:12:40.274+0000] {processor.py:830} INFO - Processing file /opt/airflow/dags/xcoms_dag.py for tasks to queue
[2026-02-14T20:12:40.276+0000] {logging_mixin.py:188} INFO - [2026-02-14T20:12:40.276+0000] {dagbag.py:538} INFO - Filling up the DagBag from /opt/airflow/dags/xcoms_dag.py
[2026-02-14T20:12:40.284+0000] {processor.py:840} INFO - DAG(s) 'simple_xcom_dag' retrieved from /opt/airflow/dags/xcoms_dag.py
[2026-02-14T20:12:40.312+0000] {logging_mixin.py:188} INFO - [2026-02-14T20:12:40.312+0000] {dag.py:3036} INFO - Sync 1 DAGs
[2026-02-14T20:12:40.331+0000] {logging_mixin.py:188} INFO - [2026-02-14T20:12:40.331+0000] {dag.py:3823} INFO - Setting next_dagrun for simple_xcom_dag to None, run_after=None
[2026-02-14T20:12:40.360+0000] {processor.py:183} INFO - Processing /opt/airflow/dags/xcoms_dag.py took 0.093 seconds
[2026-02-14T20:13:10.823+0000] {processor.py:161} INFO - Started process (PID=3071) to work on /opt/airflow/dags/xcoms_dag.py
[2026-02-14T20:13:10.825+0000] {processor.py:830} INFO - Processing file /opt/airflow/dags/xcoms_dag.py for tasks to queue
[2026-02-14T20:13:10.828+0000] {logging_mixin.py:188} INFO - [2026-02-14T20:13:10.828+0000] {dagbag.py:538} INFO - Filling up the DagBag from /opt/airflow/dags/xcoms_dag.py
[2026-02-14T20:13:10.835+0000] {processor.py:840} INFO - DAG(s) 'simple_xcom_dag' retrieved from /opt/airflow/dags/xcoms_dag.py
[2026-02-14T20:13:10.864+0000] {logging_mixin.py:188} INFO - [2026-02-14T20:13:10.863+0000] {dag.py:3036} INFO - Sync 1 DAGs
[2026-02-14T20:13:10.883+0000] {logging_mixin.py:188} INFO - [2026-02-14T20:13:10.883+0000] {dag.py:3823} INFO - Setting next_dagrun for simple_xcom_dag to None, run_after=None
[2026-02-14T20:13:10.912+0000] {processor.py:183} INFO - Processing /opt/airflow/dags/xcoms_dag.py took 0.094 seconds
[2026-02-14T20:13:41.515+0000] {processor.py:161} INFO - Started process (PID=3155) to work on /opt/airflow/dags/xcoms_dag.py
[2026-02-14T20:13:41.525+0000] {processor.py:830} INFO - Processing file /opt/airflow/dags/xcoms_dag.py for tasks to queue
[2026-02-14T20:13:41.528+0000] {logging_mixin.py:188} INFO - [2026-02-14T20:13:41.528+0000] {dagbag.py:538} INFO - Filling up the DagBag from /opt/airflow/dags/xcoms_dag.py
[2026-02-14T20:13:41.535+0000] {processor.py:840} INFO - DAG(s) 'simple_xcom_dag' retrieved from /opt/airflow/dags/xcoms_dag.py
[2026-02-14T20:13:41.563+0000] {logging_mixin.py:188} INFO - [2026-02-14T20:13:41.562+0000] {dag.py:3036} INFO - Sync 1 DAGs
[2026-02-14T20:13:41.583+0000] {logging_mixin.py:188} INFO - [2026-02-14T20:13:41.582+0000] {dag.py:3823} INFO - Setting next_dagrun for simple_xcom_dag to None, run_after=None
[2026-02-14T20:13:41.612+0000] {processor.py:183} INFO - Processing /opt/airflow/dags/xcoms_dag.py took 0.105 seconds
[2026-02-14T20:14:11.718+0000] {processor.py:161} INFO - Started process (PID=3238) to work on /opt/airflow/dags/xcoms_dag.py
[2026-02-14T20:14:11.720+0000] {processor.py:830} INFO - Processing file /opt/airflow/dags/xcoms_dag.py for tasks to queue
[2026-02-14T20:14:11.723+0000] {logging_mixin.py:188} INFO - [2026-02-14T20:14:11.723+0000] {dagbag.py:538} INFO - Filling up the DagBag from /opt/airflow/dags/xcoms_dag.py
[2026-02-14T20:14:11.733+0000] {processor.py:840} INFO - DAG(s) 'simple_xcom_dag' retrieved from /opt/airflow/dags/xcoms_dag.py
[2026-02-14T20:14:11.768+0000] {logging_mixin.py:188} INFO - [2026-02-14T20:14:11.767+0000] {dag.py:3036} INFO - Sync 1 DAGs
[2026-02-14T20:14:11.791+0000] {logging_mixin.py:188} INFO - [2026-02-14T20:14:11.791+0000] {dag.py:3823} INFO - Setting next_dagrun for simple_xcom_dag to None, run_after=None
[2026-02-14T20:14:11.824+0000] {processor.py:183} INFO - Processing /opt/airflow/dags/xcoms_dag.py took 0.112 seconds
[2026-02-14T20:14:42.025+0000] {processor.py:161} INFO - Started process (PID=3323) to work on /opt/airflow/dags/xcoms_dag.py
[2026-02-14T20:14:42.026+0000] {processor.py:830} INFO - Processing file /opt/airflow/dags/xcoms_dag.py for tasks to queue
[2026-02-14T20:14:42.029+0000] {logging_mixin.py:188} INFO - [2026-02-14T20:14:42.029+0000] {dagbag.py:538} INFO - Filling up the DagBag from /opt/airflow/dags/xcoms_dag.py
[2026-02-14T20:14:42.038+0000] {processor.py:840} INFO - DAG(s) 'simple_xcom_dag' retrieved from /opt/airflow/dags/xcoms_dag.py
[2026-02-14T20:14:42.074+0000] {logging_mixin.py:188} INFO - [2026-02-14T20:14:42.074+0000] {dag.py:3036} INFO - Sync 1 DAGs
[2026-02-14T20:14:42.098+0000] {logging_mixin.py:188} INFO - [2026-02-14T20:14:42.098+0000] {dag.py:3823} INFO - Setting next_dagrun for simple_xcom_dag to None, run_after=None
[2026-02-14T20:14:42.131+0000] {processor.py:183} INFO - Processing /opt/airflow/dags/xcoms_dag.py took 0.112 seconds
[2026-02-14T20:15:12.219+0000] {processor.py:161} INFO - Started process (PID=3406) to work on /opt/airflow/dags/xcoms_dag.py
[2026-02-14T20:15:12.221+0000] {processor.py:830} INFO - Processing file /opt/airflow/dags/xcoms_dag.py for tasks to queue
[2026-02-14T20:15:12.224+0000] {logging_mixin.py:188} INFO - [2026-02-14T20:15:12.223+0000] {dagbag.py:538} INFO - Filling up the DagBag from /opt/airflow/dags/xcoms_dag.py
[2026-02-14T20:15:12.232+0000] {processor.py:840} INFO - DAG(s) 'simple_xcom_dag' retrieved from /opt/airflow/dags/xcoms_dag.py
[2026-02-14T20:15:12.263+0000] {logging_mixin.py:188} INFO - [2026-02-14T20:15:12.263+0000] {dag.py:3036} INFO - Sync 1 DAGs
[2026-02-14T20:15:12.283+0000] {logging_mixin.py:188} INFO - [2026-02-14T20:15:12.282+0000] {dag.py:3823} INFO - Setting next_dagrun for simple_xcom_dag to None, run_after=None
[2026-02-14T20:15:12.311+0000] {processor.py:183} INFO - Processing /opt/airflow/dags/xcoms_dag.py took 0.097 seconds
[2026-02-14T20:15:42.765+0000] {processor.py:161} INFO - Started process (PID=3489) to work on /opt/airflow/dags/xcoms_dag.py
[2026-02-14T20:15:42.767+0000] {processor.py:830} INFO - Processing file /opt/airflow/dags/xcoms_dag.py for tasks to queue
[2026-02-14T20:15:42.770+0000] {logging_mixin.py:188} INFO - [2026-02-14T20:15:42.769+0000] {dagbag.py:538} INFO - Filling up the DagBag from /opt/airflow/dags/xcoms_dag.py
[2026-02-14T20:15:42.779+0000] {processor.py:840} INFO - DAG(s) 'simple_xcom_dag' retrieved from /opt/airflow/dags/xcoms_dag.py
[2026-02-14T20:15:42.812+0000] {logging_mixin.py:188} INFO - [2026-02-14T20:15:42.812+0000] {dag.py:3036} INFO - Sync 1 DAGs
[2026-02-14T20:15:42.832+0000] {logging_mixin.py:188} INFO - [2026-02-14T20:15:42.832+0000] {dag.py:3823} INFO - Setting next_dagrun for simple_xcom_dag to None, run_after=None
[2026-02-14T20:15:42.862+0000] {processor.py:183} INFO - Processing /opt/airflow/dags/xcoms_dag.py took 0.104 seconds
[2026-02-14T20:16:12.984+0000] {processor.py:161} INFO - Started process (PID=3571) to work on /opt/airflow/dags/xcoms_dag.py
[2026-02-14T20:16:12.993+0000] {processor.py:830} INFO - Processing file /opt/airflow/dags/xcoms_dag.py for tasks to queue
[2026-02-14T20:16:12.995+0000] {logging_mixin.py:188} INFO - [2026-02-14T20:16:12.995+0000] {dagbag.py:538} INFO - Filling up the DagBag from /opt/airflow/dags/xcoms_dag.py
[2026-02-14T20:16:13.006+0000] {processor.py:840} INFO - DAG(s) 'simple_xcom_dag' retrieved from /opt/airflow/dags/xcoms_dag.py
[2026-02-14T20:16:13.040+0000] {logging_mixin.py:188} INFO - [2026-02-14T20:16:13.039+0000] {dag.py:3036} INFO - Sync 1 DAGs
[2026-02-14T20:16:13.063+0000] {logging_mixin.py:188} INFO - [2026-02-14T20:16:13.062+0000] {dag.py:3823} INFO - Setting next_dagrun for simple_xcom_dag to None, run_after=None
[2026-02-14T20:16:13.094+0000] {processor.py:183} INFO - Processing /opt/airflow/dags/xcoms_dag.py took 0.114 seconds
[2026-02-14T20:16:43.466+0000] {processor.py:161} INFO - Started process (PID=3652) to work on /opt/airflow/dags/xcoms_dag.py
[2026-02-14T20:16:43.468+0000] {processor.py:830} INFO - Processing file /opt/airflow/dags/xcoms_dag.py for tasks to queue
[2026-02-14T20:16:43.471+0000] {logging_mixin.py:188} INFO - [2026-02-14T20:16:43.470+0000] {dagbag.py:538} INFO - Filling up the DagBag from /opt/airflow/dags/xcoms_dag.py
[2026-02-14T20:16:43.478+0000] {processor.py:840} INFO - DAG(s) 'simple_xcom_dag' retrieved from /opt/airflow/dags/xcoms_dag.py
[2026-02-14T20:16:43.508+0000] {logging_mixin.py:188} INFO - [2026-02-14T20:16:43.507+0000] {dag.py:3036} INFO - Sync 1 DAGs
[2026-02-14T20:16:43.529+0000] {logging_mixin.py:188} INFO - [2026-02-14T20:16:43.529+0000] {dag.py:3823} INFO - Setting next_dagrun for simple_xcom_dag to None, run_after=None
[2026-02-14T20:16:43.564+0000] {processor.py:183} INFO - Processing /opt/airflow/dags/xcoms_dag.py took 0.104 seconds
[2026-02-14T20:17:13.894+0000] {processor.py:161} INFO - Started process (PID=3736) to work on /opt/airflow/dags/xcoms_dag.py
[2026-02-14T20:17:13.896+0000] {processor.py:830} INFO - Processing file /opt/airflow/dags/xcoms_dag.py for tasks to queue
[2026-02-14T20:17:13.900+0000] {logging_mixin.py:188} INFO - [2026-02-14T20:17:13.899+0000] {dagbag.py:538} INFO - Filling up the DagBag from /opt/airflow/dags/xcoms_dag.py
[2026-02-14T20:17:13.907+0000] {processor.py:840} INFO - DAG(s) 'simple_xcom_dag' retrieved from /opt/airflow/dags/xcoms_dag.py
[2026-02-14T20:17:13.936+0000] {logging_mixin.py:188} INFO - [2026-02-14T20:17:13.936+0000] {dag.py:3036} INFO - Sync 1 DAGs
[2026-02-14T20:17:13.955+0000] {logging_mixin.py:188} INFO - [2026-02-14T20:17:13.955+0000] {dag.py:3823} INFO - Setting next_dagrun for simple_xcom_dag to None, run_after=None
[2026-02-14T20:17:13.984+0000] {processor.py:183} INFO - Processing /opt/airflow/dags/xcoms_dag.py took 0.094 seconds
[2026-02-14T20:17:44.189+0000] {processor.py:161} INFO - Started process (PID=3828) to work on /opt/airflow/dags/xcoms_dag.py
[2026-02-14T20:17:44.191+0000] {processor.py:830} INFO - Processing file /opt/airflow/dags/xcoms_dag.py for tasks to queue
[2026-02-14T20:17:44.194+0000] {logging_mixin.py:188} INFO - [2026-02-14T20:17:44.194+0000] {dagbag.py:538} INFO - Filling up the DagBag from /opt/airflow/dags/xcoms_dag.py
[2026-02-14T20:17:44.202+0000] {processor.py:840} INFO - DAG(s) 'simple_xcom_dag' retrieved from /opt/airflow/dags/xcoms_dag.py
[2026-02-14T20:17:44.230+0000] {logging_mixin.py:188} INFO - [2026-02-14T20:17:44.230+0000] {dag.py:3036} INFO - Sync 1 DAGs
[2026-02-14T20:17:44.249+0000] {logging_mixin.py:188} INFO - [2026-02-14T20:17:44.249+0000] {dag.py:3823} INFO - Setting next_dagrun for simple_xcom_dag to None, run_after=None
[2026-02-14T20:17:44.277+0000] {processor.py:183} INFO - Processing /opt/airflow/dags/xcoms_dag.py took 0.093 seconds
[2026-02-14T20:18:14.521+0000] {processor.py:161} INFO - Started process (PID=3912) to work on /opt/airflow/dags/xcoms_dag.py
[2026-02-14T20:18:14.523+0000] {processor.py:830} INFO - Processing file /opt/airflow/dags/xcoms_dag.py for tasks to queue
[2026-02-14T20:18:14.527+0000] {logging_mixin.py:188} INFO - [2026-02-14T20:18:14.527+0000] {dagbag.py:538} INFO - Filling up the DagBag from /opt/airflow/dags/xcoms_dag.py
[2026-02-14T20:18:14.538+0000] {processor.py:840} INFO - DAG(s) 'simple_xcom_dag' retrieved from /opt/airflow/dags/xcoms_dag.py
[2026-02-14T20:18:14.572+0000] {logging_mixin.py:188} INFO - [2026-02-14T20:18:14.572+0000] {dag.py:3036} INFO - Sync 1 DAGs
[2026-02-14T20:18:14.597+0000] {logging_mixin.py:188} INFO - [2026-02-14T20:18:14.596+0000] {dag.py:3823} INFO - Setting next_dagrun for simple_xcom_dag to None, run_after=None
[2026-02-14T20:18:14.632+0000] {processor.py:183} INFO - Processing /opt/airflow/dags/xcoms_dag.py took 0.117 seconds
[2026-02-14T20:18:44.979+0000] {processor.py:161} INFO - Started process (PID=3994) to work on /opt/airflow/dags/xcoms_dag.py
[2026-02-14T20:18:44.980+0000] {processor.py:830} INFO - Processing file /opt/airflow/dags/xcoms_dag.py for tasks to queue
[2026-02-14T20:18:44.984+0000] {logging_mixin.py:188} INFO - [2026-02-14T20:18:44.984+0000] {dagbag.py:538} INFO - Filling up the DagBag from /opt/airflow/dags/xcoms_dag.py
[2026-02-14T20:18:44.993+0000] {processor.py:840} INFO - DAG(s) 'simple_xcom_dag' retrieved from /opt/airflow/dags/xcoms_dag.py
[2026-02-14T20:18:45.042+0000] {logging_mixin.py:188} INFO - [2026-02-14T20:18:45.042+0000] {dag.py:3036} INFO - Sync 1 DAGs
[2026-02-14T20:18:45.076+0000] {logging_mixin.py:188} INFO - [2026-02-14T20:18:45.076+0000] {dag.py:3823} INFO - Setting next_dagrun for simple_xcom_dag to None, run_after=None
[2026-02-14T20:18:45.118+0000] {processor.py:183} INFO - Processing /opt/airflow/dags/xcoms_dag.py took 0.145 seconds
[2026-02-14T20:19:15.181+0000] {processor.py:161} INFO - Started process (PID=4078) to work on /opt/airflow/dags/xcoms_dag.py
[2026-02-14T20:19:15.182+0000] {processor.py:830} INFO - Processing file /opt/airflow/dags/xcoms_dag.py for tasks to queue
[2026-02-14T20:19:15.186+0000] {logging_mixin.py:188} INFO - [2026-02-14T20:19:15.185+0000] {dagbag.py:538} INFO - Filling up the DagBag from /opt/airflow/dags/xcoms_dag.py
[2026-02-14T20:19:15.193+0000] {processor.py:840} INFO - DAG(s) 'simple_xcom_dag' retrieved from /opt/airflow/dags/xcoms_dag.py
[2026-02-14T20:19:15.225+0000] {logging_mixin.py:188} INFO - [2026-02-14T20:19:15.224+0000] {dag.py:3036} INFO - Sync 1 DAGs
[2026-02-14T20:19:15.249+0000] {logging_mixin.py:188} INFO - [2026-02-14T20:19:15.248+0000] {dag.py:3823} INFO - Setting next_dagrun for simple_xcom_dag to None, run_after=None
[2026-02-14T20:19:15.281+0000] {processor.py:183} INFO - Processing /opt/airflow/dags/xcoms_dag.py took 0.105 seconds
[2026-02-14T20:19:45.334+0000] {processor.py:161} INFO - Started process (PID=4161) to work on /opt/airflow/dags/xcoms_dag.py
[2026-02-14T20:19:45.335+0000] {processor.py:830} INFO - Processing file /opt/airflow/dags/xcoms_dag.py for tasks to queue
[2026-02-14T20:19:45.337+0000] {logging_mixin.py:188} INFO - [2026-02-14T20:19:45.337+0000] {dagbag.py:538} INFO - Filling up the DagBag from /opt/airflow/dags/xcoms_dag.py
[2026-02-14T20:19:45.346+0000] {processor.py:840} INFO - DAG(s) 'simple_xcom_dag' retrieved from /opt/airflow/dags/xcoms_dag.py
[2026-02-14T20:19:45.377+0000] {logging_mixin.py:188} INFO - [2026-02-14T20:19:45.377+0000] {dag.py:3036} INFO - Sync 1 DAGs
[2026-02-14T20:19:45.398+0000] {logging_mixin.py:188} INFO - [2026-02-14T20:19:45.397+0000] {dag.py:3823} INFO - Setting next_dagrun for simple_xcom_dag to None, run_after=None
[2026-02-14T20:19:45.425+0000] {processor.py:183} INFO - Processing /opt/airflow/dags/xcoms_dag.py took 0.096 seconds
[2026-02-14T20:20:16.072+0000] {processor.py:161} INFO - Started process (PID=4245) to work on /opt/airflow/dags/xcoms_dag.py
[2026-02-14T20:20:16.083+0000] {processor.py:830} INFO - Processing file /opt/airflow/dags/xcoms_dag.py for tasks to queue
[2026-02-14T20:20:16.087+0000] {logging_mixin.py:188} INFO - [2026-02-14T20:20:16.086+0000] {dagbag.py:538} INFO - Filling up the DagBag from /opt/airflow/dags/xcoms_dag.py
[2026-02-14T20:20:16.098+0000] {processor.py:840} INFO - DAG(s) 'simple_xcom_dag' retrieved from /opt/airflow/dags/xcoms_dag.py
[2026-02-14T20:20:16.133+0000] {logging_mixin.py:188} INFO - [2026-02-14T20:20:16.133+0000] {dag.py:3036} INFO - Sync 1 DAGs
[2026-02-14T20:20:16.159+0000] {logging_mixin.py:188} INFO - [2026-02-14T20:20:16.159+0000] {dag.py:3823} INFO - Setting next_dagrun for simple_xcom_dag to None, run_after=None
[2026-02-14T20:20:16.209+0000] {processor.py:183} INFO - Processing /opt/airflow/dags/xcoms_dag.py took 0.143 seconds
[2026-02-14T20:20:46.595+0000] {processor.py:161} INFO - Started process (PID=4330) to work on /opt/airflow/dags/xcoms_dag.py
[2026-02-14T20:20:46.597+0000] {processor.py:830} INFO - Processing file /opt/airflow/dags/xcoms_dag.py for tasks to queue
[2026-02-14T20:20:46.600+0000] {logging_mixin.py:188} INFO - [2026-02-14T20:20:46.599+0000] {dagbag.py:538} INFO - Filling up the DagBag from /opt/airflow/dags/xcoms_dag.py
[2026-02-14T20:20:46.608+0000] {processor.py:840} INFO - DAG(s) 'simple_xcom_dag' retrieved from /opt/airflow/dags/xcoms_dag.py
[2026-02-14T20:20:46.638+0000] {logging_mixin.py:188} INFO - [2026-02-14T20:20:46.637+0000] {dag.py:3036} INFO - Sync 1 DAGs
[2026-02-14T20:20:46.659+0000] {logging_mixin.py:188} INFO - [2026-02-14T20:20:46.659+0000] {dag.py:3823} INFO - Setting next_dagrun for simple_xcom_dag to None, run_after=None
[2026-02-14T20:20:46.689+0000] {processor.py:183} INFO - Processing /opt/airflow/dags/xcoms_dag.py took 0.099 seconds
[2026-02-14T20:21:17.131+0000] {processor.py:161} INFO - Started process (PID=4413) to work on /opt/airflow/dags/xcoms_dag.py
[2026-02-14T20:21:17.133+0000] {processor.py:830} INFO - Processing file /opt/airflow/dags/xcoms_dag.py for tasks to queue
[2026-02-14T20:21:17.135+0000] {logging_mixin.py:188} INFO - [2026-02-14T20:21:17.135+0000] {dagbag.py:538} INFO - Filling up the DagBag from /opt/airflow/dags/xcoms_dag.py
[2026-02-14T20:21:17.143+0000] {processor.py:840} INFO - DAG(s) 'simple_xcom_dag' retrieved from /opt/airflow/dags/xcoms_dag.py
[2026-02-14T20:21:17.175+0000] {logging_mixin.py:188} INFO - [2026-02-14T20:21:17.175+0000] {dag.py:3036} INFO - Sync 1 DAGs
[2026-02-14T20:21:17.197+0000] {logging_mixin.py:188} INFO - [2026-02-14T20:21:17.197+0000] {dag.py:3823} INFO - Setting next_dagrun for simple_xcom_dag to None, run_after=None
[2026-02-14T20:21:17.228+0000] {processor.py:183} INFO - Processing /opt/airflow/dags/xcoms_dag.py took 0.102 seconds
[2026-02-14T20:21:47.483+0000] {processor.py:161} INFO - Started process (PID=4496) to work on /opt/airflow/dags/xcoms_dag.py
[2026-02-14T20:21:47.484+0000] {processor.py:830} INFO - Processing file /opt/airflow/dags/xcoms_dag.py for tasks to queue
[2026-02-14T20:21:47.487+0000] {logging_mixin.py:188} INFO - [2026-02-14T20:21:47.486+0000] {dagbag.py:538} INFO - Filling up the DagBag from /opt/airflow/dags/xcoms_dag.py
[2026-02-14T20:21:47.494+0000] {processor.py:840} INFO - DAG(s) 'simple_xcom_dag' retrieved from /opt/airflow/dags/xcoms_dag.py
[2026-02-14T20:21:47.524+0000] {logging_mixin.py:188} INFO - [2026-02-14T20:21:47.524+0000] {dag.py:3036} INFO - Sync 1 DAGs
[2026-02-14T20:21:47.549+0000] {logging_mixin.py:188} INFO - [2026-02-14T20:21:47.549+0000] {dag.py:3823} INFO - Setting next_dagrun for simple_xcom_dag to None, run_after=None
[2026-02-14T20:21:47.581+0000] {processor.py:183} INFO - Processing /opt/airflow/dags/xcoms_dag.py took 0.103 seconds
[2026-02-14T20:22:17.754+0000] {processor.py:161} INFO - Started process (PID=4578) to work on /opt/airflow/dags/xcoms_dag.py
[2026-02-14T20:22:17.755+0000] {processor.py:830} INFO - Processing file /opt/airflow/dags/xcoms_dag.py for tasks to queue
[2026-02-14T20:22:17.758+0000] {logging_mixin.py:188} INFO - [2026-02-14T20:22:17.758+0000] {dagbag.py:538} INFO - Filling up the DagBag from /opt/airflow/dags/xcoms_dag.py
[2026-02-14T20:22:17.767+0000] {processor.py:840} INFO - DAG(s) 'simple_xcom_dag' retrieved from /opt/airflow/dags/xcoms_dag.py
[2026-02-14T20:22:17.795+0000] {logging_mixin.py:188} INFO - [2026-02-14T20:22:17.794+0000] {dag.py:3036} INFO - Sync 1 DAGs
[2026-02-14T20:22:17.814+0000] {logging_mixin.py:188} INFO - [2026-02-14T20:22:17.814+0000] {dag.py:3823} INFO - Setting next_dagrun for simple_xcom_dag to None, run_after=None
[2026-02-14T20:22:17.841+0000] {processor.py:183} INFO - Processing /opt/airflow/dags/xcoms_dag.py took 0.093 seconds
[2026-02-14T20:22:48.539+0000] {processor.py:161} INFO - Started process (PID=4667) to work on /opt/airflow/dags/xcoms_dag.py
[2026-02-14T20:22:48.541+0000] {processor.py:830} INFO - Processing file /opt/airflow/dags/xcoms_dag.py for tasks to queue
[2026-02-14T20:22:48.544+0000] {logging_mixin.py:188} INFO - [2026-02-14T20:22:48.543+0000] {dagbag.py:538} INFO - Filling up the DagBag from /opt/airflow/dags/xcoms_dag.py
[2026-02-14T20:22:48.554+0000] {processor.py:840} INFO - DAG(s) 'simple_xcom_dag' retrieved from /opt/airflow/dags/xcoms_dag.py
[2026-02-14T20:22:48.589+0000] {logging_mixin.py:188} INFO - [2026-02-14T20:22:48.589+0000] {dag.py:3036} INFO - Sync 1 DAGs
[2026-02-14T20:22:48.615+0000] {logging_mixin.py:188} INFO - [2026-02-14T20:22:48.614+0000] {dag.py:3823} INFO - Setting next_dagrun for simple_xcom_dag to None, run_after=None
[2026-02-14T20:22:48.649+0000] {processor.py:183} INFO - Processing /opt/airflow/dags/xcoms_dag.py took 0.117 seconds
[2026-02-14T20:23:19.524+0000] {processor.py:161} INFO - Started process (PID=4750) to work on /opt/airflow/dags/xcoms_dag.py
[2026-02-14T20:23:19.526+0000] {processor.py:830} INFO - Processing file /opt/airflow/dags/xcoms_dag.py for tasks to queue
[2026-02-14T20:23:19.528+0000] {logging_mixin.py:188} INFO - [2026-02-14T20:23:19.528+0000] {dagbag.py:538} INFO - Filling up the DagBag from /opt/airflow/dags/xcoms_dag.py
[2026-02-14T20:23:19.537+0000] {processor.py:840} INFO - DAG(s) 'simple_xcom_dag' retrieved from /opt/airflow/dags/xcoms_dag.py
[2026-02-14T20:23:19.570+0000] {logging_mixin.py:188} INFO - [2026-02-14T20:23:19.569+0000] {dag.py:3036} INFO - Sync 1 DAGs
[2026-02-14T20:23:19.791+0000] {logging_mixin.py:188} INFO - [2026-02-14T20:23:19.791+0000] {dag.py:3823} INFO - Setting next_dagrun for simple_xcom_dag to None, run_after=None
[2026-02-14T20:23:19.822+0000] {processor.py:183} INFO - Processing /opt/airflow/dags/xcoms_dag.py took 0.303 seconds
[2026-02-14T20:23:50.615+0000] {processor.py:161} INFO - Started process (PID=4833) to work on /opt/airflow/dags/xcoms_dag.py
[2026-02-14T20:23:50.617+0000] {processor.py:830} INFO - Processing file /opt/airflow/dags/xcoms_dag.py for tasks to queue
[2026-02-14T20:23:50.619+0000] {logging_mixin.py:188} INFO - [2026-02-14T20:23:50.619+0000] {dagbag.py:538} INFO - Filling up the DagBag from /opt/airflow/dags/xcoms_dag.py
[2026-02-14T20:23:50.627+0000] {processor.py:840} INFO - DAG(s) 'simple_xcom_dag' retrieved from /opt/airflow/dags/xcoms_dag.py
[2026-02-14T20:23:50.660+0000] {logging_mixin.py:188} INFO - [2026-02-14T20:23:50.660+0000] {dag.py:3036} INFO - Sync 1 DAGs
[2026-02-14T20:23:50.682+0000] {logging_mixin.py:188} INFO - [2026-02-14T20:23:50.681+0000] {dag.py:3823} INFO - Setting next_dagrun for simple_xcom_dag to None, run_after=None
[2026-02-14T20:23:50.712+0000] {processor.py:183} INFO - Processing /opt/airflow/dags/xcoms_dag.py took 0.102 seconds
[2026-02-14T20:24:21.057+0000] {processor.py:161} INFO - Started process (PID=4918) to work on /opt/airflow/dags/xcoms_dag.py
[2026-02-14T20:24:21.058+0000] {processor.py:830} INFO - Processing file /opt/airflow/dags/xcoms_dag.py for tasks to queue
[2026-02-14T20:24:21.060+0000] {logging_mixin.py:188} INFO - [2026-02-14T20:24:21.060+0000] {dagbag.py:538} INFO - Filling up the DagBag from /opt/airflow/dags/xcoms_dag.py
[2026-02-14T20:24:21.067+0000] {processor.py:840} INFO - DAG(s) 'simple_xcom_dag' retrieved from /opt/airflow/dags/xcoms_dag.py
[2026-02-14T20:24:21.098+0000] {logging_mixin.py:188} INFO - [2026-02-14T20:24:21.098+0000] {dag.py:3036} INFO - Sync 1 DAGs
[2026-02-14T20:24:21.118+0000] {logging_mixin.py:188} INFO - [2026-02-14T20:24:21.117+0000] {dag.py:3823} INFO - Setting next_dagrun for simple_xcom_dag to None, run_after=None
[2026-02-14T20:24:21.151+0000] {processor.py:183} INFO - Processing /opt/airflow/dags/xcoms_dag.py took 0.100 seconds
[2026-02-14T20:24:51.410+0000] {processor.py:161} INFO - Started process (PID=5001) to work on /opt/airflow/dags/xcoms_dag.py
[2026-02-14T20:24:51.412+0000] {processor.py:830} INFO - Processing file /opt/airflow/dags/xcoms_dag.py for tasks to queue
[2026-02-14T20:24:51.414+0000] {logging_mixin.py:188} INFO - [2026-02-14T20:24:51.414+0000] {dagbag.py:538} INFO - Filling up the DagBag from /opt/airflow/dags/xcoms_dag.py
[2026-02-14T20:24:51.422+0000] {processor.py:840} INFO - DAG(s) 'simple_xcom_dag' retrieved from /opt/airflow/dags/xcoms_dag.py
[2026-02-14T20:24:51.454+0000] {logging_mixin.py:188} INFO - [2026-02-14T20:24:51.454+0000] {dag.py:3036} INFO - Sync 1 DAGs
[2026-02-14T20:24:51.477+0000] {logging_mixin.py:188} INFO - [2026-02-14T20:24:51.477+0000] {dag.py:3823} INFO - Setting next_dagrun for simple_xcom_dag to None, run_after=None
[2026-02-14T20:24:51.511+0000] {processor.py:183} INFO - Processing /opt/airflow/dags/xcoms_dag.py took 0.106 seconds
[2026-02-14T20:25:21.904+0000] {processor.py:161} INFO - Started process (PID=5084) to work on /opt/airflow/dags/xcoms_dag.py
[2026-02-14T20:25:21.906+0000] {processor.py:830} INFO - Processing file /opt/airflow/dags/xcoms_dag.py for tasks to queue
[2026-02-14T20:25:21.908+0000] {logging_mixin.py:188} INFO - [2026-02-14T20:25:21.908+0000] {dagbag.py:538} INFO - Filling up the DagBag from /opt/airflow/dags/xcoms_dag.py
[2026-02-14T20:25:21.920+0000] {processor.py:840} INFO - DAG(s) 'simple_xcom_dag' retrieved from /opt/airflow/dags/xcoms_dag.py
[2026-02-14T20:25:21.957+0000] {logging_mixin.py:188} INFO - [2026-02-14T20:25:21.956+0000] {dag.py:3036} INFO - Sync 1 DAGs
[2026-02-14T20:25:21.981+0000] {logging_mixin.py:188} INFO - [2026-02-14T20:25:21.981+0000] {dag.py:3823} INFO - Setting next_dagrun for simple_xcom_dag to None, run_after=None
[2026-02-14T20:25:22.010+0000] {processor.py:183} INFO - Processing /opt/airflow/dags/xcoms_dag.py took 0.110 seconds
[2026-02-14T20:25:52.152+0000] {processor.py:161} INFO - Started process (PID=5167) to work on /opt/airflow/dags/xcoms_dag.py
[2026-02-14T20:25:52.154+0000] {processor.py:830} INFO - Processing file /opt/airflow/dags/xcoms_dag.py for tasks to queue
[2026-02-14T20:25:52.156+0000] {logging_mixin.py:188} INFO - [2026-02-14T20:25:52.156+0000] {dagbag.py:538} INFO - Filling up the DagBag from /opt/airflow/dags/xcoms_dag.py
[2026-02-14T20:25:52.164+0000] {processor.py:840} INFO - DAG(s) 'simple_xcom_dag' retrieved from /opt/airflow/dags/xcoms_dag.py
[2026-02-14T20:25:52.191+0000] {logging_mixin.py:188} INFO - [2026-02-14T20:25:52.190+0000] {dag.py:3036} INFO - Sync 1 DAGs
[2026-02-14T20:25:52.209+0000] {logging_mixin.py:188} INFO - [2026-02-14T20:25:52.209+0000] {dag.py:3823} INFO - Setting next_dagrun for simple_xcom_dag to None, run_after=None
[2026-02-14T20:25:52.236+0000] {processor.py:183} INFO - Processing /opt/airflow/dags/xcoms_dag.py took 0.088 seconds
[2026-02-14T20:26:22.758+0000] {processor.py:161} INFO - Started process (PID=5251) to work on /opt/airflow/dags/xcoms_dag.py
[2026-02-14T20:26:22.759+0000] {processor.py:830} INFO - Processing file /opt/airflow/dags/xcoms_dag.py for tasks to queue
[2026-02-14T20:26:22.762+0000] {logging_mixin.py:188} INFO - [2026-02-14T20:26:22.761+0000] {dagbag.py:538} INFO - Filling up the DagBag from /opt/airflow/dags/xcoms_dag.py
[2026-02-14T20:26:22.769+0000] {processor.py:840} INFO - DAG(s) 'simple_xcom_dag' retrieved from /opt/airflow/dags/xcoms_dag.py
[2026-02-14T20:26:22.796+0000] {logging_mixin.py:188} INFO - [2026-02-14T20:26:22.796+0000] {dag.py:3036} INFO - Sync 1 DAGs
[2026-02-14T20:26:22.816+0000] {logging_mixin.py:188} INFO - [2026-02-14T20:26:22.816+0000] {dag.py:3823} INFO - Setting next_dagrun for simple_xcom_dag to None, run_after=None
[2026-02-14T20:26:22.845+0000] {processor.py:183} INFO - Processing /opt/airflow/dags/xcoms_dag.py took 0.092 seconds
[2026-02-14T20:26:53.150+0000] {processor.py:161} INFO - Started process (PID=5334) to work on /opt/airflow/dags/xcoms_dag.py
[2026-02-14T20:26:53.151+0000] {processor.py:830} INFO - Processing file /opt/airflow/dags/xcoms_dag.py for tasks to queue
[2026-02-14T20:26:53.154+0000] {logging_mixin.py:188} INFO - [2026-02-14T20:26:53.153+0000] {dagbag.py:538} INFO - Filling up the DagBag from /opt/airflow/dags/xcoms_dag.py
[2026-02-14T20:26:53.161+0000] {processor.py:840} INFO - DAG(s) 'simple_xcom_dag' retrieved from /opt/airflow/dags/xcoms_dag.py
[2026-02-14T20:26:53.194+0000] {logging_mixin.py:188} INFO - [2026-02-14T20:26:53.194+0000] {dag.py:3036} INFO - Sync 1 DAGs
[2026-02-14T20:26:53.213+0000] {logging_mixin.py:188} INFO - [2026-02-14T20:26:53.213+0000] {dag.py:3823} INFO - Setting next_dagrun for simple_xcom_dag to None, run_after=None
[2026-02-14T20:26:53.240+0000] {processor.py:183} INFO - Processing /opt/airflow/dags/xcoms_dag.py took 0.095 seconds
[2026-02-14T20:27:23.841+0000] {processor.py:161} INFO - Started process (PID=5425) to work on /opt/airflow/dags/xcoms_dag.py
[2026-02-14T20:27:23.843+0000] {processor.py:830} INFO - Processing file /opt/airflow/dags/xcoms_dag.py for tasks to queue
[2026-02-14T20:27:23.845+0000] {logging_mixin.py:188} INFO - [2026-02-14T20:27:23.845+0000] {dagbag.py:538} INFO - Filling up the DagBag from /opt/airflow/dags/xcoms_dag.py
[2026-02-14T20:27:23.853+0000] {processor.py:840} INFO - DAG(s) 'simple_xcom_dag' retrieved from /opt/airflow/dags/xcoms_dag.py
[2026-02-14T20:27:23.886+0000] {logging_mixin.py:188} INFO - [2026-02-14T20:27:23.885+0000] {dag.py:3036} INFO - Sync 1 DAGs
[2026-02-14T20:27:23.909+0000] {logging_mixin.py:188} INFO - [2026-02-14T20:27:23.909+0000] {dag.py:3823} INFO - Setting next_dagrun for simple_xcom_dag to None, run_after=None
[2026-02-14T20:27:23.945+0000] {processor.py:183} INFO - Processing /opt/airflow/dags/xcoms_dag.py took 0.110 seconds
[2026-02-14T20:27:54.327+0000] {processor.py:161} INFO - Started process (PID=5509) to work on /opt/airflow/dags/xcoms_dag.py
[2026-02-14T20:27:54.328+0000] {processor.py:830} INFO - Processing file /opt/airflow/dags/xcoms_dag.py for tasks to queue
[2026-02-14T20:27:54.331+0000] {logging_mixin.py:188} INFO - [2026-02-14T20:27:54.331+0000] {dagbag.py:538} INFO - Filling up the DagBag from /opt/airflow/dags/xcoms_dag.py
[2026-02-14T20:27:54.346+0000] {processor.py:840} INFO - DAG(s) 'simple_xcom_dag' retrieved from /opt/airflow/dags/xcoms_dag.py
[2026-02-14T20:27:54.379+0000] {logging_mixin.py:188} INFO - [2026-02-14T20:27:54.379+0000] {dag.py:3036} INFO - Sync 1 DAGs
[2026-02-14T20:27:54.404+0000] {logging_mixin.py:188} INFO - [2026-02-14T20:27:54.403+0000] {dag.py:3823} INFO - Setting next_dagrun for simple_xcom_dag to None, run_after=None
[2026-02-14T20:27:54.435+0000] {processor.py:183} INFO - Processing /opt/airflow/dags/xcoms_dag.py took 0.113 seconds
[2026-02-14T20:28:24.623+0000] {processor.py:161} INFO - Started process (PID=5592) to work on /opt/airflow/dags/xcoms_dag.py
[2026-02-14T20:28:24.630+0000] {processor.py:830} INFO - Processing file /opt/airflow/dags/xcoms_dag.py for tasks to queue
[2026-02-14T20:28:24.633+0000] {logging_mixin.py:188} INFO - [2026-02-14T20:28:24.632+0000] {dagbag.py:538} INFO - Filling up the DagBag from /opt/airflow/dags/xcoms_dag.py
[2026-02-14T20:28:24.641+0000] {processor.py:840} INFO - DAG(s) 'simple_xcom_dag' retrieved from /opt/airflow/dags/xcoms_dag.py
[2026-02-14T20:28:24.687+0000] {logging_mixin.py:188} INFO - [2026-02-14T20:28:24.686+0000] {dag.py:3036} INFO - Sync 1 DAGs
[2026-02-14T20:28:24.714+0000] {logging_mixin.py:188} INFO - [2026-02-14T20:28:24.714+0000] {dag.py:3823} INFO - Setting next_dagrun for simple_xcom_dag to None, run_after=None
[2026-02-14T20:28:24.759+0000] {processor.py:183} INFO - Processing /opt/airflow/dags/xcoms_dag.py took 0.145 seconds
[2026-02-14T20:28:55.150+0000] {processor.py:161} INFO - Started process (PID=5673) to work on /opt/airflow/dags/xcoms_dag.py
[2026-02-14T20:28:55.151+0000] {processor.py:830} INFO - Processing file /opt/airflow/dags/xcoms_dag.py for tasks to queue
[2026-02-14T20:28:55.153+0000] {logging_mixin.py:188} INFO - [2026-02-14T20:28:55.153+0000] {dagbag.py:538} INFO - Filling up the DagBag from /opt/airflow/dags/xcoms_dag.py
[2026-02-14T20:28:55.160+0000] {processor.py:840} INFO - DAG(s) 'simple_xcom_dag' retrieved from /opt/airflow/dags/xcoms_dag.py
[2026-02-14T20:28:55.188+0000] {logging_mixin.py:188} INFO - [2026-02-14T20:28:55.187+0000] {dag.py:3036} INFO - Sync 1 DAGs
[2026-02-14T20:28:55.207+0000] {logging_mixin.py:188} INFO - [2026-02-14T20:28:55.206+0000] {dag.py:3823} INFO - Setting next_dagrun for simple_xcom_dag to None, run_after=None
[2026-02-14T20:28:55.233+0000] {processor.py:183} INFO - Processing /opt/airflow/dags/xcoms_dag.py took 0.087 seconds
[2026-02-14T20:29:25.316+0000] {processor.py:161} INFO - Started process (PID=5756) to work on /opt/airflow/dags/xcoms_dag.py
[2026-02-14T20:29:25.318+0000] {processor.py:830} INFO - Processing file /opt/airflow/dags/xcoms_dag.py for tasks to queue
[2026-02-14T20:29:25.322+0000] {logging_mixin.py:188} INFO - [2026-02-14T20:29:25.321+0000] {dagbag.py:538} INFO - Filling up the DagBag from /opt/airflow/dags/xcoms_dag.py
[2026-02-14T20:29:25.329+0000] {processor.py:840} INFO - DAG(s) 'simple_xcom_dag' retrieved from /opt/airflow/dags/xcoms_dag.py
[2026-02-14T20:29:25.357+0000] {logging_mixin.py:188} INFO - [2026-02-14T20:29:25.356+0000] {dag.py:3036} INFO - Sync 1 DAGs
[2026-02-14T20:29:25.377+0000] {logging_mixin.py:188} INFO - [2026-02-14T20:29:25.377+0000] {dag.py:3823} INFO - Setting next_dagrun for simple_xcom_dag to None, run_after=None
[2026-02-14T20:29:25.406+0000] {processor.py:183} INFO - Processing /opt/airflow/dags/xcoms_dag.py took 0.094 seconds
[2026-02-14T20:29:55.647+0000] {processor.py:161} INFO - Started process (PID=5839) to work on /opt/airflow/dags/xcoms_dag.py
[2026-02-14T20:29:55.648+0000] {processor.py:830} INFO - Processing file /opt/airflow/dags/xcoms_dag.py for tasks to queue
[2026-02-14T20:29:55.650+0000] {logging_mixin.py:188} INFO - [2026-02-14T20:29:55.650+0000] {dagbag.py:538} INFO - Filling up the DagBag from /opt/airflow/dags/xcoms_dag.py
[2026-02-14T20:29:55.658+0000] {processor.py:840} INFO - DAG(s) 'simple_xcom_dag' retrieved from /opt/airflow/dags/xcoms_dag.py
[2026-02-14T20:29:55.690+0000] {logging_mixin.py:188} INFO - [2026-02-14T20:29:55.689+0000] {dag.py:3036} INFO - Sync 1 DAGs
[2026-02-14T20:29:55.712+0000] {logging_mixin.py:188} INFO - [2026-02-14T20:29:55.711+0000] {dag.py:3823} INFO - Setting next_dagrun for simple_xcom_dag to None, run_after=None
[2026-02-14T20:29:55.743+0000] {processor.py:183} INFO - Processing /opt/airflow/dags/xcoms_dag.py took 0.100 seconds
[2026-02-14T20:30:25.821+0000] {processor.py:161} INFO - Started process (PID=5923) to work on /opt/airflow/dags/xcoms_dag.py
[2026-02-14T20:30:25.823+0000] {processor.py:830} INFO - Processing file /opt/airflow/dags/xcoms_dag.py for tasks to queue
[2026-02-14T20:30:25.826+0000] {logging_mixin.py:188} INFO - [2026-02-14T20:30:25.826+0000] {dagbag.py:538} INFO - Filling up the DagBag from /opt/airflow/dags/xcoms_dag.py
[2026-02-14T20:30:25.833+0000] {processor.py:840} INFO - DAG(s) 'simple_xcom_dag' retrieved from /opt/airflow/dags/xcoms_dag.py
[2026-02-14T20:30:25.860+0000] {logging_mixin.py:188} INFO - [2026-02-14T20:30:25.860+0000] {dag.py:3036} INFO - Sync 1 DAGs
[2026-02-14T20:30:25.879+0000] {logging_mixin.py:188} INFO - [2026-02-14T20:30:25.879+0000] {dag.py:3823} INFO - Setting next_dagrun for simple_xcom_dag to None, run_after=None
[2026-02-14T20:30:25.904+0000] {processor.py:183} INFO - Processing /opt/airflow/dags/xcoms_dag.py took 0.089 seconds
[2026-02-14T20:30:56.389+0000] {processor.py:161} INFO - Started process (PID=6006) to work on /opt/airflow/dags/xcoms_dag.py
[2026-02-14T20:30:56.391+0000] {processor.py:830} INFO - Processing file /opt/airflow/dags/xcoms_dag.py for tasks to queue
[2026-02-14T20:30:56.393+0000] {logging_mixin.py:188} INFO - [2026-02-14T20:30:56.393+0000] {dagbag.py:538} INFO - Filling up the DagBag from /opt/airflow/dags/xcoms_dag.py
[2026-02-14T20:30:56.402+0000] {processor.py:840} INFO - DAG(s) 'simple_xcom_dag' retrieved from /opt/airflow/dags/xcoms_dag.py
[2026-02-14T20:30:56.431+0000] {logging_mixin.py:188} INFO - [2026-02-14T20:30:56.431+0000] {dag.py:3036} INFO - Sync 1 DAGs
[2026-02-14T20:30:56.451+0000] {logging_mixin.py:188} INFO - [2026-02-14T20:30:56.451+0000] {dag.py:3823} INFO - Setting next_dagrun for simple_xcom_dag to None, run_after=None
[2026-02-14T20:30:56.482+0000] {processor.py:183} INFO - Processing /opt/airflow/dags/xcoms_dag.py took 0.098 seconds
[2026-02-14T20:31:27.079+0000] {processor.py:161} INFO - Started process (PID=6089) to work on /opt/airflow/dags/xcoms_dag.py
[2026-02-14T20:31:27.081+0000] {processor.py:830} INFO - Processing file /opt/airflow/dags/xcoms_dag.py for tasks to queue
[2026-02-14T20:31:27.084+0000] {logging_mixin.py:188} INFO - [2026-02-14T20:31:27.083+0000] {dagbag.py:538} INFO - Filling up the DagBag from /opt/airflow/dags/xcoms_dag.py
[2026-02-14T20:31:27.092+0000] {processor.py:840} INFO - DAG(s) 'simple_xcom_dag' retrieved from /opt/airflow/dags/xcoms_dag.py
[2026-02-14T20:31:27.121+0000] {logging_mixin.py:188} INFO - [2026-02-14T20:31:27.121+0000] {dag.py:3036} INFO - Sync 1 DAGs
[2026-02-14T20:31:27.140+0000] {logging_mixin.py:188} INFO - [2026-02-14T20:31:27.140+0000] {dag.py:3823} INFO - Setting next_dagrun for simple_xcom_dag to None, run_after=None
[2026-02-14T20:31:27.172+0000] {processor.py:183} INFO - Processing /opt/airflow/dags/xcoms_dag.py took 0.098 seconds
[2026-02-14T20:31:57.696+0000] {processor.py:161} INFO - Started process (PID=6172) to work on /opt/airflow/dags/xcoms_dag.py
[2026-02-14T20:31:57.697+0000] {processor.py:830} INFO - Processing file /opt/airflow/dags/xcoms_dag.py for tasks to queue
[2026-02-14T20:31:57.700+0000] {logging_mixin.py:188} INFO - [2026-02-14T20:31:57.699+0000] {dagbag.py:538} INFO - Filling up the DagBag from /opt/airflow/dags/xcoms_dag.py
[2026-02-14T20:31:57.708+0000] {processor.py:840} INFO - DAG(s) 'simple_xcom_dag' retrieved from /opt/airflow/dags/xcoms_dag.py
[2026-02-14T20:31:57.741+0000] {logging_mixin.py:188} INFO - [2026-02-14T20:31:57.741+0000] {dag.py:3036} INFO - Sync 1 DAGs
[2026-02-14T20:31:57.765+0000] {logging_mixin.py:188} INFO - [2026-02-14T20:31:57.765+0000] {dag.py:3823} INFO - Setting next_dagrun for simple_xcom_dag to None, run_after=None
[2026-02-14T20:31:57.799+0000] {processor.py:183} INFO - Processing /opt/airflow/dags/xcoms_dag.py took 0.108 seconds
[2026-02-14T20:32:28.107+0000] {processor.py:161} INFO - Started process (PID=6263) to work on /opt/airflow/dags/xcoms_dag.py
[2026-02-14T20:32:28.113+0000] {processor.py:830} INFO - Processing file /opt/airflow/dags/xcoms_dag.py for tasks to queue
[2026-02-14T20:32:28.127+0000] {logging_mixin.py:188} INFO - [2026-02-14T20:32:28.127+0000] {dagbag.py:538} INFO - Filling up the DagBag from /opt/airflow/dags/xcoms_dag.py
[2026-02-14T20:32:28.150+0000] {processor.py:840} INFO - DAG(s) 'simple_xcom_dag' retrieved from /opt/airflow/dags/xcoms_dag.py
[2026-02-14T20:32:28.220+0000] {logging_mixin.py:188} INFO - [2026-02-14T20:32:28.220+0000] {dag.py:3036} INFO - Sync 1 DAGs
[2026-02-14T20:32:28.246+0000] {logging_mixin.py:188} INFO - [2026-02-14T20:32:28.246+0000] {dag.py:3823} INFO - Setting next_dagrun for simple_xcom_dag to None, run_after=None
[2026-02-14T20:32:28.282+0000] {processor.py:183} INFO - Processing /opt/airflow/dags/xcoms_dag.py took 0.181 seconds
[2026-02-14T20:32:58.474+0000] {processor.py:161} INFO - Started process (PID=6348) to work on /opt/airflow/dags/xcoms_dag.py
[2026-02-14T20:32:58.475+0000] {processor.py:830} INFO - Processing file /opt/airflow/dags/xcoms_dag.py for tasks to queue
[2026-02-14T20:32:58.478+0000] {logging_mixin.py:188} INFO - [2026-02-14T20:32:58.478+0000] {dagbag.py:538} INFO - Filling up the DagBag from /opt/airflow/dags/xcoms_dag.py
[2026-02-14T20:32:58.488+0000] {processor.py:840} INFO - DAG(s) 'simple_xcom_dag' retrieved from /opt/airflow/dags/xcoms_dag.py
[2026-02-14T20:32:58.523+0000] {logging_mixin.py:188} INFO - [2026-02-14T20:32:58.522+0000] {dag.py:3036} INFO - Sync 1 DAGs
[2026-02-14T20:32:58.548+0000] {logging_mixin.py:188} INFO - [2026-02-14T20:32:58.548+0000] {dag.py:3823} INFO - Setting next_dagrun for simple_xcom_dag to None, run_after=None
[2026-02-14T20:32:58.585+0000] {processor.py:183} INFO - Processing /opt/airflow/dags/xcoms_dag.py took 0.117 seconds
[2026-02-14T20:33:28.888+0000] {processor.py:161} INFO - Started process (PID=6429) to work on /opt/airflow/dags/xcoms_dag.py
[2026-02-14T20:33:28.890+0000] {processor.py:830} INFO - Processing file /opt/airflow/dags/xcoms_dag.py for tasks to queue
[2026-02-14T20:33:28.893+0000] {logging_mixin.py:188} INFO - [2026-02-14T20:33:28.893+0000] {dagbag.py:538} INFO - Filling up the DagBag from /opt/airflow/dags/xcoms_dag.py
[2026-02-14T20:33:28.902+0000] {processor.py:840} INFO - DAG(s) 'simple_xcom_dag' retrieved from /opt/airflow/dags/xcoms_dag.py
[2026-02-14T20:33:28.936+0000] {logging_mixin.py:188} INFO - [2026-02-14T20:33:28.936+0000] {dag.py:3036} INFO - Sync 1 DAGs
[2026-02-14T20:33:28.962+0000] {logging_mixin.py:188} INFO - [2026-02-14T20:33:28.962+0000] {dag.py:3823} INFO - Setting next_dagrun for simple_xcom_dag to None, run_after=None
[2026-02-14T20:33:28.998+0000] {processor.py:183} INFO - Processing /opt/airflow/dags/xcoms_dag.py took 0.116 seconds
[2026-02-14T20:33:59.360+0000] {processor.py:161} INFO - Started process (PID=6513) to work on /opt/airflow/dags/xcoms_dag.py
[2026-02-14T20:33:59.361+0000] {processor.py:830} INFO - Processing file /opt/airflow/dags/xcoms_dag.py for tasks to queue
[2026-02-14T20:33:59.363+0000] {logging_mixin.py:188} INFO - [2026-02-14T20:33:59.363+0000] {dagbag.py:538} INFO - Filling up the DagBag from /opt/airflow/dags/xcoms_dag.py
[2026-02-14T20:33:59.371+0000] {processor.py:840} INFO - DAG(s) 'simple_xcom_dag' retrieved from /opt/airflow/dags/xcoms_dag.py
[2026-02-14T20:33:59.400+0000] {logging_mixin.py:188} INFO - [2026-02-14T20:33:59.399+0000] {dag.py:3036} INFO - Sync 1 DAGs
[2026-02-14T20:33:59.419+0000] {logging_mixin.py:188} INFO - [2026-02-14T20:33:59.418+0000] {dag.py:3823} INFO - Setting next_dagrun for simple_xcom_dag to None, run_after=None
[2026-02-14T20:33:59.446+0000] {processor.py:183} INFO - Processing /opt/airflow/dags/xcoms_dag.py took 0.091 seconds
[2026-02-14T20:34:29.666+0000] {processor.py:161} INFO - Started process (PID=6597) to work on /opt/airflow/dags/xcoms_dag.py
[2026-02-14T20:34:29.668+0000] {processor.py:830} INFO - Processing file /opt/airflow/dags/xcoms_dag.py for tasks to queue
[2026-02-14T20:34:29.671+0000] {logging_mixin.py:188} INFO - [2026-02-14T20:34:29.670+0000] {dagbag.py:538} INFO - Filling up the DagBag from /opt/airflow/dags/xcoms_dag.py
[2026-02-14T20:34:29.679+0000] {processor.py:840} INFO - DAG(s) 'simple_xcom_dag' retrieved from /opt/airflow/dags/xcoms_dag.py
[2026-02-14T20:34:29.711+0000] {logging_mixin.py:188} INFO - [2026-02-14T20:34:29.711+0000] {dag.py:3036} INFO - Sync 1 DAGs
[2026-02-14T20:34:29.732+0000] {logging_mixin.py:188} INFO - [2026-02-14T20:34:29.731+0000] {dag.py:3823} INFO - Setting next_dagrun for simple_xcom_dag to None, run_after=None
[2026-02-14T20:34:29.761+0000] {processor.py:183} INFO - Processing /opt/airflow/dags/xcoms_dag.py took 0.100 seconds
[2026-02-14T20:35:00.091+0000] {processor.py:161} INFO - Started process (PID=6680) to work on /opt/airflow/dags/xcoms_dag.py
[2026-02-14T20:35:00.092+0000] {processor.py:830} INFO - Processing file /opt/airflow/dags/xcoms_dag.py for tasks to queue
[2026-02-14T20:35:00.095+0000] {logging_mixin.py:188} INFO - [2026-02-14T20:35:00.095+0000] {dagbag.py:538} INFO - Filling up the DagBag from /opt/airflow/dags/xcoms_dag.py
[2026-02-14T20:35:00.103+0000] {processor.py:840} INFO - DAG(s) 'simple_xcom_dag' retrieved from /opt/airflow/dags/xcoms_dag.py
[2026-02-14T20:35:00.131+0000] {logging_mixin.py:188} INFO - [2026-02-14T20:35:00.131+0000] {dag.py:3036} INFO - Sync 1 DAGs
[2026-02-14T20:35:00.151+0000] {logging_mixin.py:188} INFO - [2026-02-14T20:35:00.151+0000] {dag.py:3823} INFO - Setting next_dagrun for simple_xcom_dag to None, run_after=None
[2026-02-14T20:35:00.180+0000] {processor.py:183} INFO - Processing /opt/airflow/dags/xcoms_dag.py took 0.093 seconds
[2026-02-14T20:35:30.442+0000] {processor.py:161} INFO - Started process (PID=6761) to work on /opt/airflow/dags/xcoms_dag.py
[2026-02-14T20:35:30.444+0000] {processor.py:830} INFO - Processing file /opt/airflow/dags/xcoms_dag.py for tasks to queue
[2026-02-14T20:35:30.447+0000] {logging_mixin.py:188} INFO - [2026-02-14T20:35:30.446+0000] {dagbag.py:538} INFO - Filling up the DagBag from /opt/airflow/dags/xcoms_dag.py
[2026-02-14T20:35:30.456+0000] {processor.py:840} INFO - DAG(s) 'simple_xcom_dag' retrieved from /opt/airflow/dags/xcoms_dag.py
[2026-02-14T20:35:30.489+0000] {logging_mixin.py:188} INFO - [2026-02-14T20:35:30.488+0000] {dag.py:3036} INFO - Sync 1 DAGs
[2026-02-14T20:35:30.513+0000] {logging_mixin.py:188} INFO - [2026-02-14T20:35:30.513+0000] {dag.py:3823} INFO - Setting next_dagrun for simple_xcom_dag to None, run_after=None
[2026-02-14T20:35:30.548+0000] {processor.py:183} INFO - Processing /opt/airflow/dags/xcoms_dag.py took 0.111 seconds
[2026-02-14T20:36:00.867+0000] {processor.py:161} INFO - Started process (PID=6844) to work on /opt/airflow/dags/xcoms_dag.py
[2026-02-14T20:36:00.868+0000] {processor.py:830} INFO - Processing file /opt/airflow/dags/xcoms_dag.py for tasks to queue
[2026-02-14T20:36:00.871+0000] {logging_mixin.py:188} INFO - [2026-02-14T20:36:00.870+0000] {dagbag.py:538} INFO - Filling up the DagBag from /opt/airflow/dags/xcoms_dag.py
[2026-02-14T20:36:00.880+0000] {processor.py:840} INFO - DAG(s) 'simple_xcom_dag' retrieved from /opt/airflow/dags/xcoms_dag.py
[2026-02-14T20:36:00.910+0000] {logging_mixin.py:188} INFO - [2026-02-14T20:36:00.910+0000] {dag.py:3036} INFO - Sync 1 DAGs
[2026-02-14T20:36:00.933+0000] {logging_mixin.py:188} INFO - [2026-02-14T20:36:00.932+0000] {dag.py:3823} INFO - Setting next_dagrun for simple_xcom_dag to None, run_after=None
[2026-02-14T20:36:00.982+0000] {processor.py:183} INFO - Processing /opt/airflow/dags/xcoms_dag.py took 0.120 seconds
[2026-02-14T20:36:31.359+0000] {processor.py:161} INFO - Started process (PID=6925) to work on /opt/airflow/dags/xcoms_dag.py
[2026-02-14T20:36:31.361+0000] {processor.py:830} INFO - Processing file /opt/airflow/dags/xcoms_dag.py for tasks to queue
[2026-02-14T20:36:31.363+0000] {logging_mixin.py:188} INFO - [2026-02-14T20:36:31.363+0000] {dagbag.py:538} INFO - Filling up the DagBag from /opt/airflow/dags/xcoms_dag.py
[2026-02-14T20:36:31.372+0000] {processor.py:840} INFO - DAG(s) 'simple_xcom_dag' retrieved from /opt/airflow/dags/xcoms_dag.py
[2026-02-14T20:36:31.401+0000] {logging_mixin.py:188} INFO - [2026-02-14T20:36:31.401+0000] {dag.py:3036} INFO - Sync 1 DAGs
[2026-02-14T20:36:31.423+0000] {logging_mixin.py:188} INFO - [2026-02-14T20:36:31.422+0000] {dag.py:3823} INFO - Setting next_dagrun for simple_xcom_dag to None, run_after=None
[2026-02-14T20:36:31.460+0000] {processor.py:183} INFO - Processing /opt/airflow/dags/xcoms_dag.py took 0.106 seconds
[2026-02-14T20:37:01.571+0000] {processor.py:161} INFO - Started process (PID=7009) to work on /opt/airflow/dags/xcoms_dag.py
[2026-02-14T20:37:01.572+0000] {processor.py:830} INFO - Processing file /opt/airflow/dags/xcoms_dag.py for tasks to queue
[2026-02-14T20:37:01.575+0000] {logging_mixin.py:188} INFO - [2026-02-14T20:37:01.574+0000] {dagbag.py:538} INFO - Filling up the DagBag from /opt/airflow/dags/xcoms_dag.py
[2026-02-14T20:37:01.583+0000] {processor.py:840} INFO - DAG(s) 'simple_xcom_dag' retrieved from /opt/airflow/dags/xcoms_dag.py
[2026-02-14T20:37:01.616+0000] {logging_mixin.py:188} INFO - [2026-02-14T20:37:01.615+0000] {dag.py:3036} INFO - Sync 1 DAGs
[2026-02-14T20:37:01.638+0000] {logging_mixin.py:188} INFO - [2026-02-14T20:37:01.638+0000] {dag.py:3823} INFO - Setting next_dagrun for simple_xcom_dag to None, run_after=None
[2026-02-14T20:37:01.670+0000] {processor.py:183} INFO - Processing /opt/airflow/dags/xcoms_dag.py took 0.104 seconds
[2026-02-14T20:37:31.985+0000] {processor.py:161} INFO - Started process (PID=7099) to work on /opt/airflow/dags/xcoms_dag.py
[2026-02-14T20:37:31.987+0000] {processor.py:830} INFO - Processing file /opt/airflow/dags/xcoms_dag.py for tasks to queue
[2026-02-14T20:37:31.990+0000] {logging_mixin.py:188} INFO - [2026-02-14T20:37:31.990+0000] {dagbag.py:538} INFO - Filling up the DagBag from /opt/airflow/dags/xcoms_dag.py
[2026-02-14T20:37:31.998+0000] {processor.py:840} INFO - DAG(s) 'simple_xcom_dag' retrieved from /opt/airflow/dags/xcoms_dag.py
[2026-02-14T20:37:32.026+0000] {logging_mixin.py:188} INFO - [2026-02-14T20:37:32.026+0000] {dag.py:3036} INFO - Sync 1 DAGs
[2026-02-14T20:37:32.060+0000] {logging_mixin.py:188} INFO - [2026-02-14T20:37:32.059+0000] {dag.py:3823} INFO - Setting next_dagrun for simple_xcom_dag to None, run_after=None
[2026-02-14T20:37:32.093+0000] {processor.py:183} INFO - Processing /opt/airflow/dags/xcoms_dag.py took 0.112 seconds
[2026-02-14T20:38:02.393+0000] {processor.py:161} INFO - Started process (PID=7183) to work on /opt/airflow/dags/xcoms_dag.py
[2026-02-14T20:38:02.395+0000] {processor.py:830} INFO - Processing file /opt/airflow/dags/xcoms_dag.py for tasks to queue
[2026-02-14T20:38:02.398+0000] {logging_mixin.py:188} INFO - [2026-02-14T20:38:02.397+0000] {dagbag.py:538} INFO - Filling up the DagBag from /opt/airflow/dags/xcoms_dag.py
[2026-02-14T20:38:02.406+0000] {processor.py:840} INFO - DAG(s) 'simple_xcom_dag' retrieved from /opt/airflow/dags/xcoms_dag.py
[2026-02-14T20:38:02.438+0000] {logging_mixin.py:188} INFO - [2026-02-14T20:38:02.438+0000] {dag.py:3036} INFO - Sync 1 DAGs
[2026-02-14T20:38:02.461+0000] {logging_mixin.py:188} INFO - [2026-02-14T20:38:02.460+0000] {dag.py:3823} INFO - Setting next_dagrun for simple_xcom_dag to None, run_after=None
[2026-02-14T20:38:02.492+0000] {processor.py:183} INFO - Processing /opt/airflow/dags/xcoms_dag.py took 0.106 seconds
[2026-02-14T20:38:32.805+0000] {processor.py:161} INFO - Started process (PID=7267) to work on /opt/airflow/dags/xcoms_dag.py
[2026-02-14T20:38:32.807+0000] {processor.py:830} INFO - Processing file /opt/airflow/dags/xcoms_dag.py for tasks to queue
[2026-02-14T20:38:32.810+0000] {logging_mixin.py:188} INFO - [2026-02-14T20:38:32.810+0000] {dagbag.py:538} INFO - Filling up the DagBag from /opt/airflow/dags/xcoms_dag.py
[2026-02-14T20:38:32.819+0000] {processor.py:840} INFO - DAG(s) 'simple_xcom_dag' retrieved from /opt/airflow/dags/xcoms_dag.py
[2026-02-14T20:38:32.858+0000] {logging_mixin.py:188} INFO - [2026-02-14T20:38:32.857+0000] {dag.py:3036} INFO - Sync 1 DAGs
[2026-02-14T20:38:32.897+0000] {logging_mixin.py:188} INFO - [2026-02-14T20:38:32.897+0000] {dag.py:3823} INFO - Setting next_dagrun for simple_xcom_dag to None, run_after=None
[2026-02-14T20:38:32.930+0000] {processor.py:183} INFO - Processing /opt/airflow/dags/xcoms_dag.py took 0.133 seconds
[2026-02-14T20:39:03.011+0000] {processor.py:161} INFO - Started process (PID=7350) to work on /opt/airflow/dags/xcoms_dag.py
[2026-02-14T20:39:03.012+0000] {processor.py:830} INFO - Processing file /opt/airflow/dags/xcoms_dag.py for tasks to queue
[2026-02-14T20:39:03.016+0000] {logging_mixin.py:188} INFO - [2026-02-14T20:39:03.015+0000] {dagbag.py:538} INFO - Filling up the DagBag from /opt/airflow/dags/xcoms_dag.py
[2026-02-14T20:39:03.024+0000] {processor.py:840} INFO - DAG(s) 'simple_xcom_dag' retrieved from /opt/airflow/dags/xcoms_dag.py
[2026-02-14T20:39:03.054+0000] {logging_mixin.py:188} INFO - [2026-02-14T20:39:03.054+0000] {dag.py:3036} INFO - Sync 1 DAGs
[2026-02-14T20:39:03.074+0000] {logging_mixin.py:188} INFO - [2026-02-14T20:39:03.074+0000] {dag.py:3823} INFO - Setting next_dagrun for simple_xcom_dag to None, run_after=None
[2026-02-14T20:39:03.106+0000] {processor.py:183} INFO - Processing /opt/airflow/dags/xcoms_dag.py took 0.101 seconds
[2026-02-14T20:39:33.916+0000] {processor.py:161} INFO - Started process (PID=7433) to work on /opt/airflow/dags/xcoms_dag.py
[2026-02-14T20:39:33.918+0000] {processor.py:830} INFO - Processing file /opt/airflow/dags/xcoms_dag.py for tasks to queue
[2026-02-14T20:39:33.920+0000] {logging_mixin.py:188} INFO - [2026-02-14T20:39:33.920+0000] {dagbag.py:538} INFO - Filling up the DagBag from /opt/airflow/dags/xcoms_dag.py
[2026-02-14T20:39:33.928+0000] {processor.py:840} INFO - DAG(s) 'simple_xcom_dag' retrieved from /opt/airflow/dags/xcoms_dag.py
[2026-02-14T20:39:33.955+0000] {logging_mixin.py:188} INFO - [2026-02-14T20:39:33.955+0000] {dag.py:3036} INFO - Sync 1 DAGs
[2026-02-14T20:39:33.975+0000] {logging_mixin.py:188} INFO - [2026-02-14T20:39:33.974+0000] {dag.py:3823} INFO - Setting next_dagrun for simple_xcom_dag to None, run_after=None
[2026-02-14T20:39:34.000+0000] {processor.py:183} INFO - Processing /opt/airflow/dags/xcoms_dag.py took 0.088 seconds
[2026-02-14T20:40:04.842+0000] {processor.py:161} INFO - Started process (PID=7516) to work on /opt/airflow/dags/xcoms_dag.py
[2026-02-14T20:40:04.844+0000] {processor.py:830} INFO - Processing file /opt/airflow/dags/xcoms_dag.py for tasks to queue
[2026-02-14T20:40:04.846+0000] {logging_mixin.py:188} INFO - [2026-02-14T20:40:04.846+0000] {dagbag.py:538} INFO - Filling up the DagBag from /opt/airflow/dags/xcoms_dag.py
[2026-02-14T20:40:04.853+0000] {processor.py:840} INFO - DAG(s) 'simple_xcom_dag' retrieved from /opt/airflow/dags/xcoms_dag.py
[2026-02-14T20:40:04.884+0000] {logging_mixin.py:188} INFO - [2026-02-14T20:40:04.884+0000] {dag.py:3036} INFO - Sync 1 DAGs
[2026-02-14T20:40:04.906+0000] {logging_mixin.py:188} INFO - [2026-02-14T20:40:04.906+0000] {dag.py:3823} INFO - Setting next_dagrun for simple_xcom_dag to None, run_after=None
[2026-02-14T20:40:04.943+0000] {processor.py:183} INFO - Processing /opt/airflow/dags/xcoms_dag.py took 0.105 seconds
[2026-02-14T20:40:35.331+0000] {processor.py:161} INFO - Started process (PID=7599) to work on /opt/airflow/dags/xcoms_dag.py
[2026-02-14T20:40:35.333+0000] {processor.py:830} INFO - Processing file /opt/airflow/dags/xcoms_dag.py for tasks to queue
[2026-02-14T20:40:35.335+0000] {logging_mixin.py:188} INFO - [2026-02-14T20:40:35.335+0000] {dagbag.py:538} INFO - Filling up the DagBag from /opt/airflow/dags/xcoms_dag.py
[2026-02-14T20:40:35.343+0000] {processor.py:840} INFO - DAG(s) 'simple_xcom_dag' retrieved from /opt/airflow/dags/xcoms_dag.py
[2026-02-14T20:40:35.371+0000] {logging_mixin.py:188} INFO - [2026-02-14T20:40:35.370+0000] {dag.py:3036} INFO - Sync 1 DAGs
[2026-02-14T20:40:35.389+0000] {logging_mixin.py:188} INFO - [2026-02-14T20:40:35.389+0000] {dag.py:3823} INFO - Setting next_dagrun for simple_xcom_dag to None, run_after=None
[2026-02-14T20:40:35.415+0000] {processor.py:183} INFO - Processing /opt/airflow/dags/xcoms_dag.py took 0.089 seconds
[2026-02-14T20:41:05.833+0000] {processor.py:161} INFO - Started process (PID=7681) to work on /opt/airflow/dags/xcoms_dag.py
[2026-02-14T20:41:05.834+0000] {processor.py:830} INFO - Processing file /opt/airflow/dags/xcoms_dag.py for tasks to queue
[2026-02-14T20:41:05.837+0000] {logging_mixin.py:188} INFO - [2026-02-14T20:41:05.837+0000] {dagbag.py:538} INFO - Filling up the DagBag from /opt/airflow/dags/xcoms_dag.py
[2026-02-14T20:41:05.844+0000] {processor.py:840} INFO - DAG(s) 'simple_xcom_dag' retrieved from /opt/airflow/dags/xcoms_dag.py
[2026-02-14T20:41:05.871+0000] {logging_mixin.py:188} INFO - [2026-02-14T20:41:05.871+0000] {dag.py:3036} INFO - Sync 1 DAGs
[2026-02-14T20:41:05.894+0000] {logging_mixin.py:188} INFO - [2026-02-14T20:41:05.893+0000] {dag.py:3823} INFO - Setting next_dagrun for simple_xcom_dag to None, run_after=None
[2026-02-14T20:41:05.928+0000] {processor.py:183} INFO - Processing /opt/airflow/dags/xcoms_dag.py took 0.099 seconds
[2026-02-14T20:41:36.137+0000] {processor.py:161} INFO - Started process (PID=7764) to work on /opt/airflow/dags/xcoms_dag.py
[2026-02-14T20:41:36.139+0000] {processor.py:830} INFO - Processing file /opt/airflow/dags/xcoms_dag.py for tasks to queue
[2026-02-14T20:41:36.142+0000] {logging_mixin.py:188} INFO - [2026-02-14T20:41:36.141+0000] {dagbag.py:538} INFO - Filling up the DagBag from /opt/airflow/dags/xcoms_dag.py
[2026-02-14T20:41:36.150+0000] {processor.py:840} INFO - DAG(s) 'simple_xcom_dag' retrieved from /opt/airflow/dags/xcoms_dag.py
[2026-02-14T20:41:36.180+0000] {logging_mixin.py:188} INFO - [2026-02-14T20:41:36.180+0000] {dag.py:3036} INFO - Sync 1 DAGs
[2026-02-14T20:41:36.201+0000] {logging_mixin.py:188} INFO - [2026-02-14T20:41:36.201+0000] {dag.py:3823} INFO - Setting next_dagrun for simple_xcom_dag to None, run_after=None
[2026-02-14T20:41:36.232+0000] {processor.py:183} INFO - Processing /opt/airflow/dags/xcoms_dag.py took 0.101 seconds
[2026-02-14T20:42:06.992+0000] {processor.py:161} INFO - Started process (PID=7847) to work on /opt/airflow/dags/xcoms_dag.py
[2026-02-14T20:42:06.994+0000] {processor.py:830} INFO - Processing file /opt/airflow/dags/xcoms_dag.py for tasks to queue
[2026-02-14T20:42:06.997+0000] {logging_mixin.py:188} INFO - [2026-02-14T20:42:06.996+0000] {dagbag.py:538} INFO - Filling up the DagBag from /opt/airflow/dags/xcoms_dag.py
[2026-02-14T20:42:07.005+0000] {processor.py:840} INFO - DAG(s) 'simple_xcom_dag' retrieved from /opt/airflow/dags/xcoms_dag.py
[2026-02-14T20:42:07.040+0000] {logging_mixin.py:188} INFO - [2026-02-14T20:42:07.039+0000] {dag.py:3036} INFO - Sync 1 DAGs
[2026-02-14T20:42:07.064+0000] {logging_mixin.py:188} INFO - [2026-02-14T20:42:07.064+0000] {dag.py:3823} INFO - Setting next_dagrun for simple_xcom_dag to None, run_after=None
[2026-02-14T20:42:07.098+0000] {processor.py:183} INFO - Processing /opt/airflow/dags/xcoms_dag.py took 0.111 seconds
[2026-02-14T20:42:37.209+0000] {processor.py:161} INFO - Started process (PID=7936) to work on /opt/airflow/dags/xcoms_dag.py
[2026-02-14T20:42:37.211+0000] {processor.py:830} INFO - Processing file /opt/airflow/dags/xcoms_dag.py for tasks to queue
[2026-02-14T20:42:37.214+0000] {logging_mixin.py:188} INFO - [2026-02-14T20:42:37.214+0000] {dagbag.py:538} INFO - Filling up the DagBag from /opt/airflow/dags/xcoms_dag.py
[2026-02-14T20:42:37.226+0000] {processor.py:840} INFO - DAG(s) 'simple_xcom_dag' retrieved from /opt/airflow/dags/xcoms_dag.py
[2026-02-14T20:42:37.260+0000] {logging_mixin.py:188} INFO - [2026-02-14T20:42:37.260+0000] {dag.py:3036} INFO - Sync 1 DAGs
[2026-02-14T20:42:37.288+0000] {logging_mixin.py:188} INFO - [2026-02-14T20:42:37.287+0000] {dag.py:3823} INFO - Setting next_dagrun for simple_xcom_dag to None, run_after=None
[2026-02-14T20:42:37.320+0000] {processor.py:183} INFO - Processing /opt/airflow/dags/xcoms_dag.py took 0.117 seconds
[2026-02-14T20:43:08.016+0000] {processor.py:161} INFO - Started process (PID=8020) to work on /opt/airflow/dags/xcoms_dag.py
[2026-02-14T20:43:08.018+0000] {processor.py:830} INFO - Processing file /opt/airflow/dags/xcoms_dag.py for tasks to queue
[2026-02-14T20:43:08.021+0000] {logging_mixin.py:188} INFO - [2026-02-14T20:43:08.020+0000] {dagbag.py:538} INFO - Filling up the DagBag from /opt/airflow/dags/xcoms_dag.py
[2026-02-14T20:43:08.030+0000] {processor.py:840} INFO - DAG(s) 'simple_xcom_dag' retrieved from /opt/airflow/dags/xcoms_dag.py
[2026-02-14T20:43:08.067+0000] {logging_mixin.py:188} INFO - [2026-02-14T20:43:08.067+0000] {dag.py:3036} INFO - Sync 1 DAGs
[2026-02-14T20:43:08.094+0000] {logging_mixin.py:188} INFO - [2026-02-14T20:43:08.093+0000] {dag.py:3823} INFO - Setting next_dagrun for simple_xcom_dag to None, run_after=None
[2026-02-14T20:43:08.134+0000] {processor.py:183} INFO - Processing /opt/airflow/dags/xcoms_dag.py took 0.123 seconds
[2026-02-14T20:43:38.239+0000] {processor.py:161} INFO - Started process (PID=8102) to work on /opt/airflow/dags/xcoms_dag.py
[2026-02-14T20:43:38.241+0000] {processor.py:830} INFO - Processing file /opt/airflow/dags/xcoms_dag.py for tasks to queue
[2026-02-14T20:43:38.244+0000] {logging_mixin.py:188} INFO - [2026-02-14T20:43:38.243+0000] {dagbag.py:538} INFO - Filling up the DagBag from /opt/airflow/dags/xcoms_dag.py
[2026-02-14T20:43:38.252+0000] {processor.py:840} INFO - DAG(s) 'simple_xcom_dag' retrieved from /opt/airflow/dags/xcoms_dag.py
[2026-02-14T20:43:38.281+0000] {logging_mixin.py:188} INFO - [2026-02-14T20:43:38.281+0000] {dag.py:3036} INFO - Sync 1 DAGs
[2026-02-14T20:43:38.300+0000] {logging_mixin.py:188} INFO - [2026-02-14T20:43:38.300+0000] {dag.py:3823} INFO - Setting next_dagrun for simple_xcom_dag to None, run_after=None
[2026-02-14T20:43:38.327+0000] {processor.py:183} INFO - Processing /opt/airflow/dags/xcoms_dag.py took 0.094 seconds
[2026-02-14T20:44:08.425+0000] {processor.py:161} INFO - Started process (PID=8185) to work on /opt/airflow/dags/xcoms_dag.py
[2026-02-14T20:44:08.427+0000] {processor.py:830} INFO - Processing file /opt/airflow/dags/xcoms_dag.py for tasks to queue
[2026-02-14T20:44:08.430+0000] {logging_mixin.py:188} INFO - [2026-02-14T20:44:08.430+0000] {dagbag.py:538} INFO - Filling up the DagBag from /opt/airflow/dags/xcoms_dag.py
[2026-02-14T20:44:08.439+0000] {processor.py:840} INFO - DAG(s) 'simple_xcom_dag' retrieved from /opt/airflow/dags/xcoms_dag.py
[2026-02-14T20:44:08.469+0000] {logging_mixin.py:188} INFO - [2026-02-14T20:44:08.469+0000] {dag.py:3036} INFO - Sync 1 DAGs
[2026-02-14T20:44:08.489+0000] {logging_mixin.py:188} INFO - [2026-02-14T20:44:08.489+0000] {dag.py:3823} INFO - Setting next_dagrun for simple_xcom_dag to None, run_after=None
[2026-02-14T20:44:08.536+0000] {processor.py:183} INFO - Processing /opt/airflow/dags/xcoms_dag.py took 0.117 seconds
[2026-02-14T20:44:38.796+0000] {processor.py:161} INFO - Started process (PID=8268) to work on /opt/airflow/dags/xcoms_dag.py
[2026-02-14T20:44:38.797+0000] {processor.py:830} INFO - Processing file /opt/airflow/dags/xcoms_dag.py for tasks to queue
[2026-02-14T20:44:38.800+0000] {logging_mixin.py:188} INFO - [2026-02-14T20:44:38.799+0000] {dagbag.py:538} INFO - Filling up the DagBag from /opt/airflow/dags/xcoms_dag.py
[2026-02-14T20:44:38.807+0000] {processor.py:840} INFO - DAG(s) 'simple_xcom_dag' retrieved from /opt/airflow/dags/xcoms_dag.py
[2026-02-14T20:44:38.838+0000] {logging_mixin.py:188} INFO - [2026-02-14T20:44:38.837+0000] {dag.py:3036} INFO - Sync 1 DAGs
[2026-02-14T20:44:38.857+0000] {logging_mixin.py:188} INFO - [2026-02-14T20:44:38.857+0000] {dag.py:3823} INFO - Setting next_dagrun for simple_xcom_dag to None, run_after=None
[2026-02-14T20:44:38.885+0000] {processor.py:183} INFO - Processing /opt/airflow/dags/xcoms_dag.py took 0.094 seconds
[2026-02-14T20:45:09.761+0000] {processor.py:161} INFO - Started process (PID=8351) to work on /opt/airflow/dags/xcoms_dag.py
[2026-02-14T20:45:09.763+0000] {processor.py:830} INFO - Processing file /opt/airflow/dags/xcoms_dag.py for tasks to queue
[2026-02-14T20:45:09.766+0000] {logging_mixin.py:188} INFO - [2026-02-14T20:45:09.766+0000] {dagbag.py:538} INFO - Filling up the DagBag from /opt/airflow/dags/xcoms_dag.py
[2026-02-14T20:45:09.776+0000] {processor.py:840} INFO - DAG(s) 'simple_xcom_dag' retrieved from /opt/airflow/dags/xcoms_dag.py
[2026-02-14T20:45:09.806+0000] {logging_mixin.py:188} INFO - [2026-02-14T20:45:09.805+0000] {dag.py:3036} INFO - Sync 1 DAGs
[2026-02-14T20:45:09.826+0000] {logging_mixin.py:188} INFO - [2026-02-14T20:45:09.826+0000] {dag.py:3823} INFO - Setting next_dagrun for simple_xcom_dag to None, run_after=None
[2026-02-14T20:45:09.854+0000] {processor.py:183} INFO - Processing /opt/airflow/dags/xcoms_dag.py took 0.101 seconds
[2026-02-14T20:45:40.038+0000] {processor.py:161} INFO - Started process (PID=8433) to work on /opt/airflow/dags/xcoms_dag.py
[2026-02-14T20:45:40.039+0000] {processor.py:830} INFO - Processing file /opt/airflow/dags/xcoms_dag.py for tasks to queue
[2026-02-14T20:45:40.042+0000] {logging_mixin.py:188} INFO - [2026-02-14T20:45:40.042+0000] {dagbag.py:538} INFO - Filling up the DagBag from /opt/airflow/dags/xcoms_dag.py
[2026-02-14T20:45:40.050+0000] {processor.py:840} INFO - DAG(s) 'simple_xcom_dag' retrieved from /opt/airflow/dags/xcoms_dag.py
[2026-02-14T20:45:40.079+0000] {logging_mixin.py:188} INFO - [2026-02-14T20:45:40.078+0000] {dag.py:3036} INFO - Sync 1 DAGs
[2026-02-14T20:45:40.100+0000] {logging_mixin.py:188} INFO - [2026-02-14T20:45:40.100+0000] {dag.py:3823} INFO - Setting next_dagrun for simple_xcom_dag to None, run_after=None
[2026-02-14T20:45:40.130+0000] {processor.py:183} INFO - Processing /opt/airflow/dags/xcoms_dag.py took 0.097 seconds
[2026-02-14T20:46:10.316+0000] {processor.py:161} INFO - Started process (PID=8517) to work on /opt/airflow/dags/xcoms_dag.py
[2026-02-14T20:46:10.318+0000] {processor.py:830} INFO - Processing file /opt/airflow/dags/xcoms_dag.py for tasks to queue
[2026-02-14T20:46:10.321+0000] {logging_mixin.py:188} INFO - [2026-02-14T20:46:10.321+0000] {dagbag.py:538} INFO - Filling up the DagBag from /opt/airflow/dags/xcoms_dag.py
[2026-02-14T20:46:10.331+0000] {processor.py:840} INFO - DAG(s) 'simple_xcom_dag' retrieved from /opt/airflow/dags/xcoms_dag.py
[2026-02-14T20:46:10.369+0000] {logging_mixin.py:188} INFO - [2026-02-14T20:46:10.368+0000] {dag.py:3036} INFO - Sync 1 DAGs
[2026-02-14T20:46:10.395+0000] {logging_mixin.py:188} INFO - [2026-02-14T20:46:10.394+0000] {dag.py:3823} INFO - Setting next_dagrun for simple_xcom_dag to None, run_after=None
[2026-02-14T20:46:10.428+0000] {processor.py:183} INFO - Processing /opt/airflow/dags/xcoms_dag.py took 0.121 seconds
[2026-02-14T20:46:40.744+0000] {processor.py:161} INFO - Started process (PID=8600) to work on /opt/airflow/dags/xcoms_dag.py
[2026-02-14T20:46:40.746+0000] {processor.py:830} INFO - Processing file /opt/airflow/dags/xcoms_dag.py for tasks to queue
[2026-02-14T20:46:40.748+0000] {logging_mixin.py:188} INFO - [2026-02-14T20:46:40.748+0000] {dagbag.py:538} INFO - Filling up the DagBag from /opt/airflow/dags/xcoms_dag.py
[2026-02-14T20:46:40.756+0000] {processor.py:840} INFO - DAG(s) 'simple_xcom_dag' retrieved from /opt/airflow/dags/xcoms_dag.py
[2026-02-14T20:46:40.786+0000] {logging_mixin.py:188} INFO - [2026-02-14T20:46:40.786+0000] {dag.py:3036} INFO - Sync 1 DAGs
[2026-02-14T20:46:40.809+0000] {logging_mixin.py:188} INFO - [2026-02-14T20:46:40.808+0000] {dag.py:3823} INFO - Setting next_dagrun for simple_xcom_dag to None, run_after=None
[2026-02-14T20:46:40.845+0000] {processor.py:183} INFO - Processing /opt/airflow/dags/xcoms_dag.py took 0.106 seconds
[2026-02-14T20:47:11.015+0000] {processor.py:161} INFO - Started process (PID=8691) to work on /opt/airflow/dags/xcoms_dag.py
[2026-02-14T20:47:11.017+0000] {processor.py:830} INFO - Processing file /opt/airflow/dags/xcoms_dag.py for tasks to queue
[2026-02-14T20:47:11.019+0000] {logging_mixin.py:188} INFO - [2026-02-14T20:47:11.019+0000] {dagbag.py:538} INFO - Filling up the DagBag from /opt/airflow/dags/xcoms_dag.py
[2026-02-14T20:47:11.027+0000] {processor.py:840} INFO - DAG(s) 'simple_xcom_dag' retrieved from /opt/airflow/dags/xcoms_dag.py
[2026-02-14T20:47:11.057+0000] {logging_mixin.py:188} INFO - [2026-02-14T20:47:11.057+0000] {dag.py:3036} INFO - Sync 1 DAGs
[2026-02-14T20:47:11.077+0000] {logging_mixin.py:188} INFO - [2026-02-14T20:47:11.077+0000] {dag.py:3823} INFO - Setting next_dagrun for simple_xcom_dag to None, run_after=None
[2026-02-14T20:47:11.108+0000] {processor.py:183} INFO - Processing /opt/airflow/dags/xcoms_dag.py took 0.098 seconds
[2026-02-14T20:47:41.509+0000] {processor.py:161} INFO - Started process (PID=8775) to work on /opt/airflow/dags/xcoms_dag.py
[2026-02-14T20:47:41.510+0000] {processor.py:830} INFO - Processing file /opt/airflow/dags/xcoms_dag.py for tasks to queue
[2026-02-14T20:47:41.513+0000] {logging_mixin.py:188} INFO - [2026-02-14T20:47:41.512+0000] {dagbag.py:538} INFO - Filling up the DagBag from /opt/airflow/dags/xcoms_dag.py
[2026-02-14T20:47:41.520+0000] {processor.py:840} INFO - DAG(s) 'simple_xcom_dag' retrieved from /opt/airflow/dags/xcoms_dag.py
[2026-02-14T20:47:41.561+0000] {logging_mixin.py:188} INFO - [2026-02-14T20:47:41.561+0000] {dag.py:3036} INFO - Sync 1 DAGs
[2026-02-14T20:47:41.583+0000] {logging_mixin.py:188} INFO - [2026-02-14T20:47:41.582+0000] {dag.py:3823} INFO - Setting next_dagrun for simple_xcom_dag to None, run_after=None
[2026-02-14T20:47:41.612+0000] {processor.py:183} INFO - Processing /opt/airflow/dags/xcoms_dag.py took 0.108 seconds
[2026-02-14T20:48:11.951+0000] {processor.py:161} INFO - Started process (PID=8857) to work on /opt/airflow/dags/xcoms_dag.py
[2026-02-14T20:48:11.953+0000] {processor.py:830} INFO - Processing file /opt/airflow/dags/xcoms_dag.py for tasks to queue
[2026-02-14T20:48:11.956+0000] {logging_mixin.py:188} INFO - [2026-02-14T20:48:11.956+0000] {dagbag.py:538} INFO - Filling up the DagBag from /opt/airflow/dags/xcoms_dag.py
[2026-02-14T20:48:11.965+0000] {processor.py:840} INFO - DAG(s) 'simple_xcom_dag' retrieved from /opt/airflow/dags/xcoms_dag.py
[2026-02-14T20:48:11.996+0000] {logging_mixin.py:188} INFO - [2026-02-14T20:48:11.996+0000] {dag.py:3036} INFO - Sync 1 DAGs
[2026-02-14T20:48:12.018+0000] {logging_mixin.py:188} INFO - [2026-02-14T20:48:12.017+0000] {dag.py:3823} INFO - Setting next_dagrun for simple_xcom_dag to None, run_after=None
[2026-02-14T20:48:12.049+0000] {processor.py:183} INFO - Processing /opt/airflow/dags/xcoms_dag.py took 0.103 seconds
[2026-02-14T20:48:43.002+0000] {processor.py:161} INFO - Started process (PID=8940) to work on /opt/airflow/dags/xcoms_dag.py
[2026-02-14T20:48:43.003+0000] {processor.py:830} INFO - Processing file /opt/airflow/dags/xcoms_dag.py for tasks to queue
[2026-02-14T20:48:43.006+0000] {logging_mixin.py:188} INFO - [2026-02-14T20:48:43.005+0000] {dagbag.py:538} INFO - Filling up the DagBag from /opt/airflow/dags/xcoms_dag.py
[2026-02-14T20:48:43.014+0000] {processor.py:840} INFO - DAG(s) 'simple_xcom_dag' retrieved from /opt/airflow/dags/xcoms_dag.py
[2026-02-14T20:48:43.045+0000] {logging_mixin.py:188} INFO - [2026-02-14T20:48:43.044+0000] {dag.py:3036} INFO - Sync 1 DAGs
[2026-02-14T20:48:43.064+0000] {logging_mixin.py:188} INFO - [2026-02-14T20:48:43.063+0000] {dag.py:3823} INFO - Setting next_dagrun for simple_xcom_dag to None, run_after=None
[2026-02-14T20:48:43.094+0000] {processor.py:183} INFO - Processing /opt/airflow/dags/xcoms_dag.py took 0.096 seconds
[2026-02-14T20:49:13.488+0000] {processor.py:161} INFO - Started process (PID=9022) to work on /opt/airflow/dags/xcoms_dag.py
[2026-02-14T20:49:13.490+0000] {processor.py:830} INFO - Processing file /opt/airflow/dags/xcoms_dag.py for tasks to queue
[2026-02-14T20:49:13.493+0000] {logging_mixin.py:188} INFO - [2026-02-14T20:49:13.492+0000] {dagbag.py:538} INFO - Filling up the DagBag from /opt/airflow/dags/xcoms_dag.py
[2026-02-14T20:49:13.501+0000] {processor.py:840} INFO - DAG(s) 'simple_xcom_dag' retrieved from /opt/airflow/dags/xcoms_dag.py
[2026-02-14T20:49:13.531+0000] {logging_mixin.py:188} INFO - [2026-02-14T20:49:13.530+0000] {dag.py:3036} INFO - Sync 1 DAGs
[2026-02-14T20:49:13.551+0000] {logging_mixin.py:188} INFO - [2026-02-14T20:49:13.550+0000] {dag.py:3823} INFO - Setting next_dagrun for simple_xcom_dag to None, run_after=None
[2026-02-14T20:49:13.582+0000] {processor.py:183} INFO - Processing /opt/airflow/dags/xcoms_dag.py took 0.098 seconds
[2026-02-14T20:49:44.017+0000] {processor.py:161} INFO - Started process (PID=9104) to work on /opt/airflow/dags/xcoms_dag.py
[2026-02-14T20:49:44.018+0000] {processor.py:830} INFO - Processing file /opt/airflow/dags/xcoms_dag.py for tasks to queue
[2026-02-14T20:49:44.021+0000] {logging_mixin.py:188} INFO - [2026-02-14T20:49:44.021+0000] {dagbag.py:538} INFO - Filling up the DagBag from /opt/airflow/dags/xcoms_dag.py
[2026-02-14T20:49:44.029+0000] {processor.py:840} INFO - DAG(s) 'simple_xcom_dag' retrieved from /opt/airflow/dags/xcoms_dag.py
[2026-02-14T20:49:44.060+0000] {logging_mixin.py:188} INFO - [2026-02-14T20:49:44.059+0000] {dag.py:3036} INFO - Sync 1 DAGs
[2026-02-14T20:49:44.083+0000] {logging_mixin.py:188} INFO - [2026-02-14T20:49:44.082+0000] {dag.py:3823} INFO - Setting next_dagrun for simple_xcom_dag to None, run_after=None
[2026-02-14T20:49:44.114+0000] {processor.py:183} INFO - Processing /opt/airflow/dags/xcoms_dag.py took 0.101 seconds
[2026-02-14T20:50:14.423+0000] {processor.py:161} INFO - Started process (PID=9186) to work on /opt/airflow/dags/xcoms_dag.py
[2026-02-14T20:50:14.425+0000] {processor.py:830} INFO - Processing file /opt/airflow/dags/xcoms_dag.py for tasks to queue
[2026-02-14T20:50:14.427+0000] {logging_mixin.py:188} INFO - [2026-02-14T20:50:14.427+0000] {dagbag.py:538} INFO - Filling up the DagBag from /opt/airflow/dags/xcoms_dag.py
[2026-02-14T20:50:14.434+0000] {processor.py:840} INFO - DAG(s) 'simple_xcom_dag' retrieved from /opt/airflow/dags/xcoms_dag.py
[2026-02-14T20:50:14.463+0000] {logging_mixin.py:188} INFO - [2026-02-14T20:50:14.463+0000] {dag.py:3036} INFO - Sync 1 DAGs
[2026-02-14T20:50:14.483+0000] {logging_mixin.py:188} INFO - [2026-02-14T20:50:14.483+0000] {dag.py:3823} INFO - Setting next_dagrun for simple_xcom_dag to None, run_after=None
[2026-02-14T20:50:14.513+0000] {processor.py:183} INFO - Processing /opt/airflow/dags/xcoms_dag.py took 0.095 seconds
[2026-02-14T20:50:45.172+0000] {processor.py:161} INFO - Started process (PID=9270) to work on /opt/airflow/dags/xcoms_dag.py
[2026-02-14T20:50:45.173+0000] {processor.py:830} INFO - Processing file /opt/airflow/dags/xcoms_dag.py for tasks to queue
[2026-02-14T20:50:45.176+0000] {logging_mixin.py:188} INFO - [2026-02-14T20:50:45.175+0000] {dagbag.py:538} INFO - Filling up the DagBag from /opt/airflow/dags/xcoms_dag.py
[2026-02-14T20:50:45.183+0000] {processor.py:840} INFO - DAG(s) 'simple_xcom_dag' retrieved from /opt/airflow/dags/xcoms_dag.py
[2026-02-14T20:50:45.214+0000] {logging_mixin.py:188} INFO - [2026-02-14T20:50:45.214+0000] {dag.py:3036} INFO - Sync 1 DAGs
[2026-02-14T20:50:45.235+0000] {logging_mixin.py:188} INFO - [2026-02-14T20:50:45.235+0000] {dag.py:3823} INFO - Setting next_dagrun for simple_xcom_dag to None, run_after=None
[2026-02-14T20:50:45.263+0000] {processor.py:183} INFO - Processing /opt/airflow/dags/xcoms_dag.py took 0.097 seconds
[2026-02-14T20:51:15.549+0000] {processor.py:161} INFO - Started process (PID=9360) to work on /opt/airflow/dags/xcoms_dag.py
[2026-02-14T20:51:15.550+0000] {processor.py:830} INFO - Processing file /opt/airflow/dags/xcoms_dag.py for tasks to queue
[2026-02-14T20:51:15.554+0000] {logging_mixin.py:188} INFO - [2026-02-14T20:51:15.553+0000] {dagbag.py:538} INFO - Filling up the DagBag from /opt/airflow/dags/xcoms_dag.py
[2026-02-14T20:51:15.562+0000] {processor.py:840} INFO - DAG(s) 'simple_xcom_dag' retrieved from /opt/airflow/dags/xcoms_dag.py
[2026-02-14T20:51:15.590+0000] {logging_mixin.py:188} INFO - [2026-02-14T20:51:15.590+0000] {dag.py:3036} INFO - Sync 1 DAGs
[2026-02-14T20:51:15.611+0000] {logging_mixin.py:188} INFO - [2026-02-14T20:51:15.611+0000] {dag.py:3823} INFO - Setting next_dagrun for simple_xcom_dag to None, run_after=None
[2026-02-14T20:51:15.641+0000] {processor.py:183} INFO - Processing /opt/airflow/dags/xcoms_dag.py took 0.098 seconds
[2026-02-14T20:51:45.812+0000] {processor.py:161} INFO - Started process (PID=9444) to work on /opt/airflow/dags/xcoms_dag.py
[2026-02-14T20:51:45.814+0000] {processor.py:830} INFO - Processing file /opt/airflow/dags/xcoms_dag.py for tasks to queue
[2026-02-14T20:51:45.817+0000] {logging_mixin.py:188} INFO - [2026-02-14T20:51:45.817+0000] {dagbag.py:538} INFO - Filling up the DagBag from /opt/airflow/dags/xcoms_dag.py
[2026-02-14T20:51:45.826+0000] {processor.py:840} INFO - DAG(s) 'simple_xcom_dag' retrieved from /opt/airflow/dags/xcoms_dag.py
[2026-02-14T20:51:45.861+0000] {logging_mixin.py:188} INFO - [2026-02-14T20:51:45.860+0000] {dag.py:3036} INFO - Sync 1 DAGs
[2026-02-14T20:51:45.886+0000] {logging_mixin.py:188} INFO - [2026-02-14T20:51:45.886+0000] {dag.py:3823} INFO - Setting next_dagrun for simple_xcom_dag to None, run_after=None
[2026-02-14T20:51:45.936+0000] {processor.py:183} INFO - Processing /opt/airflow/dags/xcoms_dag.py took 0.129 seconds
[2026-02-14T20:52:16.426+0000] {processor.py:161} INFO - Started process (PID=9527) to work on /opt/airflow/dags/xcoms_dag.py
[2026-02-14T20:52:16.428+0000] {processor.py:830} INFO - Processing file /opt/airflow/dags/xcoms_dag.py for tasks to queue
[2026-02-14T20:52:16.431+0000] {logging_mixin.py:188} INFO - [2026-02-14T20:52:16.431+0000] {dagbag.py:538} INFO - Filling up the DagBag from /opt/airflow/dags/xcoms_dag.py
[2026-02-14T20:52:16.441+0000] {processor.py:840} INFO - DAG(s) 'simple_xcom_dag' retrieved from /opt/airflow/dags/xcoms_dag.py
[2026-02-14T20:52:16.479+0000] {logging_mixin.py:188} INFO - [2026-02-14T20:52:16.479+0000] {dag.py:3036} INFO - Sync 1 DAGs
[2026-02-14T20:52:16.505+0000] {logging_mixin.py:188} INFO - [2026-02-14T20:52:16.505+0000] {dag.py:3823} INFO - Setting next_dagrun for simple_xcom_dag to None, run_after=None
[2026-02-14T20:52:16.543+0000] {processor.py:183} INFO - Processing /opt/airflow/dags/xcoms_dag.py took 0.123 seconds
[2026-02-14T20:52:46.791+0000] {processor.py:161} INFO - Started process (PID=9611) to work on /opt/airflow/dags/xcoms_dag.py
[2026-02-14T20:52:46.793+0000] {processor.py:830} INFO - Processing file /opt/airflow/dags/xcoms_dag.py for tasks to queue
[2026-02-14T20:52:46.796+0000] {logging_mixin.py:188} INFO - [2026-02-14T20:52:46.795+0000] {dagbag.py:538} INFO - Filling up the DagBag from /opt/airflow/dags/xcoms_dag.py
[2026-02-14T20:52:46.804+0000] {processor.py:840} INFO - DAG(s) 'simple_xcom_dag' retrieved from /opt/airflow/dags/xcoms_dag.py
[2026-02-14T20:52:46.842+0000] {logging_mixin.py:188} INFO - [2026-02-14T20:52:46.842+0000] {dag.py:3036} INFO - Sync 1 DAGs
[2026-02-14T20:52:46.863+0000] {logging_mixin.py:188} INFO - [2026-02-14T20:52:46.863+0000] {dag.py:3823} INFO - Setting next_dagrun for simple_xcom_dag to None, run_after=None
[2026-02-14T20:52:46.894+0000] {processor.py:183} INFO - Processing /opt/airflow/dags/xcoms_dag.py took 0.107 seconds
[2026-02-14T20:53:17.414+0000] {processor.py:161} INFO - Started process (PID=9695) to work on /opt/airflow/dags/xcoms_dag.py
[2026-02-14T20:53:17.415+0000] {processor.py:830} INFO - Processing file /opt/airflow/dags/xcoms_dag.py for tasks to queue
[2026-02-14T20:53:17.417+0000] {logging_mixin.py:188} INFO - [2026-02-14T20:53:17.417+0000] {dagbag.py:538} INFO - Filling up the DagBag from /opt/airflow/dags/xcoms_dag.py
[2026-02-14T20:53:17.425+0000] {processor.py:840} INFO - DAG(s) 'simple_xcom_dag' retrieved from /opt/airflow/dags/xcoms_dag.py
[2026-02-14T20:53:17.455+0000] {logging_mixin.py:188} INFO - [2026-02-14T20:53:17.455+0000] {dag.py:3036} INFO - Sync 1 DAGs
[2026-02-14T20:53:17.474+0000] {logging_mixin.py:188} INFO - [2026-02-14T20:53:17.474+0000] {dag.py:3823} INFO - Setting next_dagrun for simple_xcom_dag to None, run_after=None
[2026-02-14T20:53:17.501+0000] {processor.py:183} INFO - Processing /opt/airflow/dags/xcoms_dag.py took 0.092 seconds
[2026-02-14T20:53:47.741+0000] {processor.py:161} INFO - Started process (PID=9778) to work on /opt/airflow/dags/xcoms_dag.py
[2026-02-14T20:53:47.743+0000] {processor.py:830} INFO - Processing file /opt/airflow/dags/xcoms_dag.py for tasks to queue
[2026-02-14T20:53:47.747+0000] {logging_mixin.py:188} INFO - [2026-02-14T20:53:47.746+0000] {dagbag.py:538} INFO - Filling up the DagBag from /opt/airflow/dags/xcoms_dag.py
[2026-02-14T20:53:47.754+0000] {processor.py:840} INFO - DAG(s) 'simple_xcom_dag' retrieved from /opt/airflow/dags/xcoms_dag.py
[2026-02-14T20:53:47.787+0000] {logging_mixin.py:188} INFO - [2026-02-14T20:53:47.787+0000] {dag.py:3036} INFO - Sync 1 DAGs
[2026-02-14T20:53:47.807+0000] {logging_mixin.py:188} INFO - [2026-02-14T20:53:47.806+0000] {dag.py:3823} INFO - Setting next_dagrun for simple_xcom_dag to None, run_after=None
[2026-02-14T20:53:47.837+0000] {processor.py:183} INFO - Processing /opt/airflow/dags/xcoms_dag.py took 0.101 seconds
[2026-02-14T20:54:18.561+0000] {processor.py:161} INFO - Started process (PID=9861) to work on /opt/airflow/dags/xcoms_dag.py
[2026-02-14T20:54:18.562+0000] {processor.py:830} INFO - Processing file /opt/airflow/dags/xcoms_dag.py for tasks to queue
[2026-02-14T20:54:18.566+0000] {logging_mixin.py:188} INFO - [2026-02-14T20:54:18.565+0000] {dagbag.py:538} INFO - Filling up the DagBag from /opt/airflow/dags/xcoms_dag.py
[2026-02-14T20:54:18.572+0000] {processor.py:840} INFO - DAG(s) 'simple_xcom_dag' retrieved from /opt/airflow/dags/xcoms_dag.py
[2026-02-14T20:54:18.601+0000] {logging_mixin.py:188} INFO - [2026-02-14T20:54:18.601+0000] {dag.py:3036} INFO - Sync 1 DAGs
[2026-02-14T20:54:18.620+0000] {logging_mixin.py:188} INFO - [2026-02-14T20:54:18.619+0000] {dag.py:3823} INFO - Setting next_dagrun for simple_xcom_dag to None, run_after=None
[2026-02-14T20:54:18.645+0000] {processor.py:183} INFO - Processing /opt/airflow/dags/xcoms_dag.py took 0.089 seconds
[2026-02-14T20:54:48.722+0000] {processor.py:161} INFO - Started process (PID=9943) to work on /opt/airflow/dags/xcoms_dag.py
[2026-02-14T20:54:48.724+0000] {processor.py:830} INFO - Processing file /opt/airflow/dags/xcoms_dag.py for tasks to queue
[2026-02-14T20:54:48.728+0000] {logging_mixin.py:188} INFO - [2026-02-14T20:54:48.727+0000] {dagbag.py:538} INFO - Filling up the DagBag from /opt/airflow/dags/xcoms_dag.py
[2026-02-14T20:54:48.735+0000] {processor.py:840} INFO - DAG(s) 'simple_xcom_dag' retrieved from /opt/airflow/dags/xcoms_dag.py
[2026-02-14T20:54:48.766+0000] {logging_mixin.py:188} INFO - [2026-02-14T20:54:48.765+0000] {dag.py:3036} INFO - Sync 1 DAGs
[2026-02-14T20:54:48.785+0000] {logging_mixin.py:188} INFO - [2026-02-14T20:54:48.784+0000] {dag.py:3823} INFO - Setting next_dagrun for simple_xcom_dag to None, run_after=None
[2026-02-14T20:54:48.823+0000] {processor.py:183} INFO - Processing /opt/airflow/dags/xcoms_dag.py took 0.105 seconds
[2026-02-14T20:55:18.980+0000] {processor.py:161} INFO - Started process (PID=10026) to work on /opt/airflow/dags/xcoms_dag.py
[2026-02-14T20:55:18.981+0000] {processor.py:830} INFO - Processing file /opt/airflow/dags/xcoms_dag.py for tasks to queue
[2026-02-14T20:55:18.984+0000] {logging_mixin.py:188} INFO - [2026-02-14T20:55:18.984+0000] {dagbag.py:538} INFO - Filling up the DagBag from /opt/airflow/dags/xcoms_dag.py
[2026-02-14T20:55:18.991+0000] {processor.py:840} INFO - DAG(s) 'simple_xcom_dag' retrieved from /opt/airflow/dags/xcoms_dag.py
[2026-02-14T20:55:19.018+0000] {logging_mixin.py:188} INFO - [2026-02-14T20:55:19.018+0000] {dag.py:3036} INFO - Sync 1 DAGs
[2026-02-14T20:55:19.036+0000] {logging_mixin.py:188} INFO - [2026-02-14T20:55:19.036+0000] {dag.py:3823} INFO - Setting next_dagrun for simple_xcom_dag to None, run_after=None
[2026-02-14T20:55:19.063+0000] {processor.py:183} INFO - Processing /opt/airflow/dags/xcoms_dag.py took 0.088 seconds
[2026-02-14T20:55:49.289+0000] {processor.py:161} INFO - Started process (PID=10109) to work on /opt/airflow/dags/xcoms_dag.py
[2026-02-14T20:55:49.291+0000] {processor.py:830} INFO - Processing file /opt/airflow/dags/xcoms_dag.py for tasks to queue
[2026-02-14T20:55:49.295+0000] {logging_mixin.py:188} INFO - [2026-02-14T20:55:49.294+0000] {dagbag.py:538} INFO - Filling up the DagBag from /opt/airflow/dags/xcoms_dag.py
[2026-02-14T20:55:49.306+0000] {processor.py:840} INFO - DAG(s) 'simple_xcom_dag' retrieved from /opt/airflow/dags/xcoms_dag.py
[2026-02-14T20:55:49.339+0000] {logging_mixin.py:188} INFO - [2026-02-14T20:55:49.339+0000] {dag.py:3036} INFO - Sync 1 DAGs
[2026-02-14T20:55:49.371+0000] {logging_mixin.py:188} INFO - [2026-02-14T20:55:49.370+0000] {dag.py:3823} INFO - Setting next_dagrun for simple_xcom_dag to None, run_after=None
[2026-02-14T20:55:49.408+0000] {processor.py:183} INFO - Processing /opt/airflow/dags/xcoms_dag.py took 0.126 seconds
[2026-02-14T20:56:20.001+0000] {processor.py:161} INFO - Started process (PID=10201) to work on /opt/airflow/dags/xcoms_dag.py
[2026-02-14T20:56:20.002+0000] {processor.py:830} INFO - Processing file /opt/airflow/dags/xcoms_dag.py for tasks to queue
[2026-02-14T20:56:20.004+0000] {logging_mixin.py:188} INFO - [2026-02-14T20:56:20.004+0000] {dagbag.py:538} INFO - Filling up the DagBag from /opt/airflow/dags/xcoms_dag.py
[2026-02-14T20:56:20.012+0000] {processor.py:840} INFO - DAG(s) 'simple_xcom_dag' retrieved from /opt/airflow/dags/xcoms_dag.py
[2026-02-14T20:56:20.040+0000] {logging_mixin.py:188} INFO - [2026-02-14T20:56:20.039+0000] {dag.py:3036} INFO - Sync 1 DAGs
[2026-02-14T20:56:20.060+0000] {logging_mixin.py:188} INFO - [2026-02-14T20:56:20.059+0000] {dag.py:3823} INFO - Setting next_dagrun for simple_xcom_dag to None, run_after=None
[2026-02-14T20:56:20.089+0000] {processor.py:183} INFO - Processing /opt/airflow/dags/xcoms_dag.py took 0.092 seconds
[2026-02-14T20:56:50.220+0000] {processor.py:161} INFO - Started process (PID=10283) to work on /opt/airflow/dags/xcoms_dag.py
[2026-02-14T20:56:50.222+0000] {processor.py:830} INFO - Processing file /opt/airflow/dags/xcoms_dag.py for tasks to queue
[2026-02-14T20:56:50.225+0000] {logging_mixin.py:188} INFO - [2026-02-14T20:56:50.224+0000] {dagbag.py:538} INFO - Filling up the DagBag from /opt/airflow/dags/xcoms_dag.py
[2026-02-14T20:56:50.234+0000] {processor.py:840} INFO - DAG(s) 'simple_xcom_dag' retrieved from /opt/airflow/dags/xcoms_dag.py
[2026-02-14T20:56:50.268+0000] {logging_mixin.py:188} INFO - [2026-02-14T20:56:50.267+0000] {dag.py:3036} INFO - Sync 1 DAGs
[2026-02-14T20:56:50.292+0000] {logging_mixin.py:188} INFO - [2026-02-14T20:56:50.291+0000] {dag.py:3823} INFO - Setting next_dagrun for simple_xcom_dag to None, run_after=None
[2026-02-14T20:56:50.323+0000] {processor.py:183} INFO - Processing /opt/airflow/dags/xcoms_dag.py took 0.110 seconds
[2026-02-14T20:57:21.014+0000] {processor.py:161} INFO - Started process (PID=10366) to work on /opt/airflow/dags/xcoms_dag.py
[2026-02-14T20:57:21.015+0000] {processor.py:830} INFO - Processing file /opt/airflow/dags/xcoms_dag.py for tasks to queue
[2026-02-14T20:57:21.018+0000] {logging_mixin.py:188} INFO - [2026-02-14T20:57:21.018+0000] {dagbag.py:538} INFO - Filling up the DagBag from /opt/airflow/dags/xcoms_dag.py
[2026-02-14T20:57:21.031+0000] {processor.py:840} INFO - DAG(s) 'simple_xcom_dag' retrieved from /opt/airflow/dags/xcoms_dag.py
[2026-02-14T20:57:21.062+0000] {logging_mixin.py:188} INFO - [2026-02-14T20:57:21.062+0000] {dag.py:3036} INFO - Sync 1 DAGs
[2026-02-14T20:57:21.081+0000] {logging_mixin.py:188} INFO - [2026-02-14T20:57:21.081+0000] {dag.py:3823} INFO - Setting next_dagrun for simple_xcom_dag to None, run_after=None
[2026-02-14T20:57:21.114+0000] {processor.py:183} INFO - Processing /opt/airflow/dags/xcoms_dag.py took 0.105 seconds
[2026-02-14T20:57:51.816+0000] {processor.py:161} INFO - Started process (PID=10451) to work on /opt/airflow/dags/xcoms_dag.py
[2026-02-14T20:57:51.817+0000] {processor.py:830} INFO - Processing file /opt/airflow/dags/xcoms_dag.py for tasks to queue
[2026-02-14T20:57:51.819+0000] {logging_mixin.py:188} INFO - [2026-02-14T20:57:51.819+0000] {dagbag.py:538} INFO - Filling up the DagBag from /opt/airflow/dags/xcoms_dag.py
[2026-02-14T20:57:51.828+0000] {processor.py:840} INFO - DAG(s) 'simple_xcom_dag' retrieved from /opt/airflow/dags/xcoms_dag.py
[2026-02-14T20:57:51.855+0000] {logging_mixin.py:188} INFO - [2026-02-14T20:57:51.855+0000] {dag.py:3036} INFO - Sync 1 DAGs
[2026-02-14T20:57:51.873+0000] {logging_mixin.py:188} INFO - [2026-02-14T20:57:51.873+0000] {dag.py:3823} INFO - Setting next_dagrun for simple_xcom_dag to None, run_after=None
[2026-02-14T20:57:51.899+0000] {processor.py:183} INFO - Processing /opt/airflow/dags/xcoms_dag.py took 0.088 seconds
[2026-02-14T20:58:22.642+0000] {processor.py:161} INFO - Started process (PID=10535) to work on /opt/airflow/dags/xcoms_dag.py
[2026-02-14T20:58:22.643+0000] {processor.py:830} INFO - Processing file /opt/airflow/dags/xcoms_dag.py for tasks to queue
[2026-02-14T20:58:22.646+0000] {logging_mixin.py:188} INFO - [2026-02-14T20:58:22.645+0000] {dagbag.py:538} INFO - Filling up the DagBag from /opt/airflow/dags/xcoms_dag.py
[2026-02-14T20:58:22.654+0000] {processor.py:840} INFO - DAG(s) 'simple_xcom_dag' retrieved from /opt/airflow/dags/xcoms_dag.py
[2026-02-14T20:58:22.683+0000] {logging_mixin.py:188} INFO - [2026-02-14T20:58:22.683+0000] {dag.py:3036} INFO - Sync 1 DAGs
[2026-02-14T20:58:22.703+0000] {logging_mixin.py:188} INFO - [2026-02-14T20:58:22.703+0000] {dag.py:3823} INFO - Setting next_dagrun for simple_xcom_dag to None, run_after=None
[2026-02-14T20:58:22.735+0000] {processor.py:183} INFO - Processing /opt/airflow/dags/xcoms_dag.py took 0.098 seconds
[2026-02-14T20:58:53.327+0000] {processor.py:161} INFO - Started process (PID=10617) to work on /opt/airflow/dags/xcoms_dag.py
[2026-02-14T20:58:53.329+0000] {processor.py:830} INFO - Processing file /opt/airflow/dags/xcoms_dag.py for tasks to queue
[2026-02-14T20:58:53.331+0000] {logging_mixin.py:188} INFO - [2026-02-14T20:58:53.330+0000] {dagbag.py:538} INFO - Filling up the DagBag from /opt/airflow/dags/xcoms_dag.py
[2026-02-14T20:58:53.339+0000] {processor.py:840} INFO - DAG(s) 'simple_xcom_dag' retrieved from /opt/airflow/dags/xcoms_dag.py
[2026-02-14T20:58:53.367+0000] {logging_mixin.py:188} INFO - [2026-02-14T20:58:53.367+0000] {dag.py:3036} INFO - Sync 1 DAGs
[2026-02-14T20:58:53.386+0000] {logging_mixin.py:188} INFO - [2026-02-14T20:58:53.385+0000] {dag.py:3823} INFO - Setting next_dagrun for simple_xcom_dag to None, run_after=None
[2026-02-14T20:58:53.418+0000] {processor.py:183} INFO - Processing /opt/airflow/dags/xcoms_dag.py took 0.097 seconds
[2026-02-14T20:59:23.501+0000] {processor.py:161} INFO - Started process (PID=10699) to work on /opt/airflow/dags/xcoms_dag.py
[2026-02-14T20:59:23.502+0000] {processor.py:830} INFO - Processing file /opt/airflow/dags/xcoms_dag.py for tasks to queue
[2026-02-14T20:59:23.505+0000] {logging_mixin.py:188} INFO - [2026-02-14T20:59:23.505+0000] {dagbag.py:538} INFO - Filling up the DagBag from /opt/airflow/dags/xcoms_dag.py
[2026-02-14T20:59:23.515+0000] {processor.py:840} INFO - DAG(s) 'simple_xcom_dag' retrieved from /opt/airflow/dags/xcoms_dag.py
[2026-02-14T20:59:23.544+0000] {logging_mixin.py:188} INFO - [2026-02-14T20:59:23.544+0000] {dag.py:3036} INFO - Sync 1 DAGs
[2026-02-14T20:59:23.563+0000] {logging_mixin.py:188} INFO - [2026-02-14T20:59:23.563+0000] {dag.py:3823} INFO - Setting next_dagrun for simple_xcom_dag to None, run_after=None
[2026-02-14T20:59:23.590+0000] {processor.py:183} INFO - Processing /opt/airflow/dags/xcoms_dag.py took 0.095 seconds
[2026-02-14T20:59:53.903+0000] {processor.py:161} INFO - Started process (PID=10789) to work on /opt/airflow/dags/xcoms_dag.py
[2026-02-14T20:59:53.905+0000] {processor.py:830} INFO - Processing file /opt/airflow/dags/xcoms_dag.py for tasks to queue
[2026-02-14T20:59:53.907+0000] {logging_mixin.py:188} INFO - [2026-02-14T20:59:53.907+0000] {dagbag.py:538} INFO - Filling up the DagBag from /opt/airflow/dags/xcoms_dag.py
[2026-02-14T20:59:53.916+0000] {processor.py:840} INFO - DAG(s) 'simple_xcom_dag' retrieved from /opt/airflow/dags/xcoms_dag.py
[2026-02-14T20:59:53.947+0000] {logging_mixin.py:188} INFO - [2026-02-14T20:59:53.946+0000] {dag.py:3036} INFO - Sync 1 DAGs
[2026-02-14T20:59:53.968+0000] {logging_mixin.py:188} INFO - [2026-02-14T20:59:53.967+0000] {dag.py:3823} INFO - Setting next_dagrun for simple_xcom_dag to None, run_after=None
[2026-02-14T20:59:54.005+0000] {processor.py:183} INFO - Processing /opt/airflow/dags/xcoms_dag.py took 0.107 seconds
[2026-02-14T21:00:24.234+0000] {processor.py:161} INFO - Started process (PID=10874) to work on /opt/airflow/dags/xcoms_dag.py
[2026-02-14T21:00:24.235+0000] {processor.py:830} INFO - Processing file /opt/airflow/dags/xcoms_dag.py for tasks to queue
[2026-02-14T21:00:24.239+0000] {logging_mixin.py:188} INFO - [2026-02-14T21:00:24.239+0000] {dagbag.py:538} INFO - Filling up the DagBag from /opt/airflow/dags/xcoms_dag.py
[2026-02-14T21:00:24.249+0000] {processor.py:840} INFO - DAG(s) 'simple_xcom_dag' retrieved from /opt/airflow/dags/xcoms_dag.py
[2026-02-14T21:00:24.279+0000] {logging_mixin.py:188} INFO - [2026-02-14T21:00:24.278+0000] {dag.py:3036} INFO - Sync 1 DAGs
[2026-02-14T21:00:24.299+0000] {logging_mixin.py:188} INFO - [2026-02-14T21:00:24.298+0000] {dag.py:3823} INFO - Setting next_dagrun for simple_xcom_dag to None, run_after=None
[2026-02-14T21:00:24.332+0000] {processor.py:183} INFO - Processing /opt/airflow/dags/xcoms_dag.py took 0.104 seconds
[2026-02-14T21:00:54.634+0000] {processor.py:161} INFO - Started process (PID=10958) to work on /opt/airflow/dags/xcoms_dag.py
[2026-02-14T21:00:54.636+0000] {processor.py:830} INFO - Processing file /opt/airflow/dags/xcoms_dag.py for tasks to queue
[2026-02-14T21:00:54.639+0000] {logging_mixin.py:188} INFO - [2026-02-14T21:00:54.639+0000] {dagbag.py:538} INFO - Filling up the DagBag from /opt/airflow/dags/xcoms_dag.py
[2026-02-14T21:00:54.649+0000] {processor.py:840} INFO - DAG(s) 'simple_xcom_dag' retrieved from /opt/airflow/dags/xcoms_dag.py
[2026-02-14T21:00:54.683+0000] {logging_mixin.py:188} INFO - [2026-02-14T21:00:54.682+0000] {dag.py:3036} INFO - Sync 1 DAGs
[2026-02-14T21:00:54.706+0000] {logging_mixin.py:188} INFO - [2026-02-14T21:00:54.705+0000] {dag.py:3823} INFO - Setting next_dagrun for simple_xcom_dag to None, run_after=None
[2026-02-14T21:00:54.741+0000] {processor.py:183} INFO - Processing /opt/airflow/dags/xcoms_dag.py took 0.113 seconds
[2026-02-14T21:01:24.850+0000] {processor.py:161} INFO - Started process (PID=11041) to work on /opt/airflow/dags/xcoms_dag.py
[2026-02-14T21:01:24.851+0000] {processor.py:830} INFO - Processing file /opt/airflow/dags/xcoms_dag.py for tasks to queue
[2026-02-14T21:01:24.855+0000] {logging_mixin.py:188} INFO - [2026-02-14T21:01:24.854+0000] {dagbag.py:538} INFO - Filling up the DagBag from /opt/airflow/dags/xcoms_dag.py
[2026-02-14T21:01:24.871+0000] {processor.py:840} INFO - DAG(s) 'simple_xcom_dag' retrieved from /opt/airflow/dags/xcoms_dag.py
[2026-02-14T21:01:24.937+0000] {logging_mixin.py:188} INFO - [2026-02-14T21:01:24.931+0000] {dag.py:3036} INFO - Sync 1 DAGs
[2026-02-14T21:01:24.963+0000] {logging_mixin.py:188} INFO - [2026-02-14T21:01:24.963+0000] {dag.py:3823} INFO - Setting next_dagrun for simple_xcom_dag to None, run_after=None
[2026-02-14T21:01:24.996+0000] {processor.py:183} INFO - Processing /opt/airflow/dags/xcoms_dag.py took 0.153 seconds
[2026-02-14T21:01:55.360+0000] {processor.py:161} INFO - Started process (PID=11124) to work on /opt/airflow/dags/xcoms_dag.py
[2026-02-14T21:01:55.362+0000] {processor.py:830} INFO - Processing file /opt/airflow/dags/xcoms_dag.py for tasks to queue
[2026-02-14T21:01:55.366+0000] {logging_mixin.py:188} INFO - [2026-02-14T21:01:55.365+0000] {dagbag.py:538} INFO - Filling up the DagBag from /opt/airflow/dags/xcoms_dag.py
[2026-02-14T21:01:55.376+0000] {processor.py:840} INFO - DAG(s) 'simple_xcom_dag' retrieved from /opt/airflow/dags/xcoms_dag.py
[2026-02-14T21:01:55.418+0000] {logging_mixin.py:188} INFO - [2026-02-14T21:01:55.418+0000] {dag.py:3036} INFO - Sync 1 DAGs
[2026-02-14T21:01:55.444+0000] {logging_mixin.py:188} INFO - [2026-02-14T21:01:55.444+0000] {dag.py:3823} INFO - Setting next_dagrun for simple_xcom_dag to None, run_after=None
[2026-02-14T21:01:55.478+0000] {processor.py:183} INFO - Processing /opt/airflow/dags/xcoms_dag.py took 0.124 seconds
[2026-02-14T21:02:26.206+0000] {processor.py:161} INFO - Started process (PID=11206) to work on /opt/airflow/dags/xcoms_dag.py
[2026-02-14T21:02:26.208+0000] {processor.py:830} INFO - Processing file /opt/airflow/dags/xcoms_dag.py for tasks to queue
[2026-02-14T21:02:26.211+0000] {logging_mixin.py:188} INFO - [2026-02-14T21:02:26.210+0000] {dagbag.py:538} INFO - Filling up the DagBag from /opt/airflow/dags/xcoms_dag.py
[2026-02-14T21:02:26.219+0000] {processor.py:840} INFO - DAG(s) 'simple_xcom_dag' retrieved from /opt/airflow/dags/xcoms_dag.py
[2026-02-14T21:02:26.250+0000] {logging_mixin.py:188} INFO - [2026-02-14T21:02:26.250+0000] {dag.py:3036} INFO - Sync 1 DAGs
[2026-02-14T21:02:26.271+0000] {logging_mixin.py:188} INFO - [2026-02-14T21:02:26.271+0000] {dag.py:3823} INFO - Setting next_dagrun for simple_xcom_dag to None, run_after=None
[2026-02-14T21:02:26.303+0000] {processor.py:183} INFO - Processing /opt/airflow/dags/xcoms_dag.py took 0.103 seconds
[2026-02-14T21:02:56.789+0000] {processor.py:161} INFO - Started process (PID=11288) to work on /opt/airflow/dags/xcoms_dag.py
[2026-02-14T21:02:56.801+0000] {processor.py:830} INFO - Processing file /opt/airflow/dags/xcoms_dag.py for tasks to queue
[2026-02-14T21:02:56.804+0000] {logging_mixin.py:188} INFO - [2026-02-14T21:02:56.803+0000] {dagbag.py:538} INFO - Filling up the DagBag from /opt/airflow/dags/xcoms_dag.py
[2026-02-14T21:02:56.812+0000] {processor.py:840} INFO - DAG(s) 'simple_xcom_dag' retrieved from /opt/airflow/dags/xcoms_dag.py
[2026-02-14T21:02:56.844+0000] {logging_mixin.py:188} INFO - [2026-02-14T21:02:56.844+0000] {dag.py:3036} INFO - Sync 1 DAGs
[2026-02-14T21:02:56.868+0000] {logging_mixin.py:188} INFO - [2026-02-14T21:02:56.868+0000] {dag.py:3823} INFO - Setting next_dagrun for simple_xcom_dag to None, run_after=None
[2026-02-14T21:02:56.898+0000] {processor.py:183} INFO - Processing /opt/airflow/dags/xcoms_dag.py took 0.114 seconds
[2026-02-14T21:03:27.065+0000] {processor.py:161} INFO - Started process (PID=11371) to work on /opt/airflow/dags/xcoms_dag.py
[2026-02-14T21:03:27.067+0000] {processor.py:830} INFO - Processing file /opt/airflow/dags/xcoms_dag.py for tasks to queue
[2026-02-14T21:03:27.069+0000] {logging_mixin.py:188} INFO - [2026-02-14T21:03:27.069+0000] {dagbag.py:538} INFO - Filling up the DagBag from /opt/airflow/dags/xcoms_dag.py
[2026-02-14T21:03:27.076+0000] {processor.py:840} INFO - DAG(s) 'simple_xcom_dag' retrieved from /opt/airflow/dags/xcoms_dag.py
[2026-02-14T21:03:27.104+0000] {logging_mixin.py:188} INFO - [2026-02-14T21:03:27.103+0000] {dag.py:3036} INFO - Sync 1 DAGs
[2026-02-14T21:03:27.126+0000] {logging_mixin.py:188} INFO - [2026-02-14T21:03:27.126+0000] {dag.py:3823} INFO - Setting next_dagrun for simple_xcom_dag to None, run_after=None
[2026-02-14T21:03:27.158+0000] {processor.py:183} INFO - Processing /opt/airflow/dags/xcoms_dag.py took 0.097 seconds
[2026-02-14T21:03:57.565+0000] {processor.py:161} INFO - Started process (PID=11455) to work on /opt/airflow/dags/xcoms_dag.py
[2026-02-14T21:03:57.566+0000] {processor.py:830} INFO - Processing file /opt/airflow/dags/xcoms_dag.py for tasks to queue
[2026-02-14T21:03:57.568+0000] {logging_mixin.py:188} INFO - [2026-02-14T21:03:57.568+0000] {dagbag.py:538} INFO - Filling up the DagBag from /opt/airflow/dags/xcoms_dag.py
[2026-02-14T21:03:57.575+0000] {processor.py:840} INFO - DAG(s) 'simple_xcom_dag' retrieved from /opt/airflow/dags/xcoms_dag.py
[2026-02-14T21:03:57.604+0000] {logging_mixin.py:188} INFO - [2026-02-14T21:03:57.604+0000] {dag.py:3036} INFO - Sync 1 DAGs
[2026-02-14T21:03:57.624+0000] {logging_mixin.py:188} INFO - [2026-02-14T21:03:57.624+0000] {dag.py:3823} INFO - Setting next_dagrun for simple_xcom_dag to None, run_after=None
[2026-02-14T21:03:57.652+0000] {processor.py:183} INFO - Processing /opt/airflow/dags/xcoms_dag.py took 0.092 seconds
[2026-02-14T21:04:27.839+0000] {processor.py:161} INFO - Started process (PID=11538) to work on /opt/airflow/dags/xcoms_dag.py
[2026-02-14T21:04:27.841+0000] {processor.py:830} INFO - Processing file /opt/airflow/dags/xcoms_dag.py for tasks to queue
[2026-02-14T21:04:27.843+0000] {logging_mixin.py:188} INFO - [2026-02-14T21:04:27.843+0000] {dagbag.py:538} INFO - Filling up the DagBag from /opt/airflow/dags/xcoms_dag.py
[2026-02-14T21:04:27.851+0000] {processor.py:840} INFO - DAG(s) 'simple_xcom_dag' retrieved from /opt/airflow/dags/xcoms_dag.py
[2026-02-14T21:04:27.878+0000] {logging_mixin.py:188} INFO - [2026-02-14T21:04:27.878+0000] {dag.py:3036} INFO - Sync 1 DAGs
[2026-02-14T21:04:27.896+0000] {logging_mixin.py:188} INFO - [2026-02-14T21:04:27.896+0000] {dag.py:3823} INFO - Setting next_dagrun for simple_xcom_dag to None, run_after=None
[2026-02-14T21:04:27.923+0000] {processor.py:183} INFO - Processing /opt/airflow/dags/xcoms_dag.py took 0.088 seconds
[2026-02-14T21:04:58.134+0000] {processor.py:161} INFO - Started process (PID=11627) to work on /opt/airflow/dags/xcoms_dag.py
[2026-02-14T21:04:58.135+0000] {processor.py:830} INFO - Processing file /opt/airflow/dags/xcoms_dag.py for tasks to queue
[2026-02-14T21:04:58.138+0000] {logging_mixin.py:188} INFO - [2026-02-14T21:04:58.138+0000] {dagbag.py:538} INFO - Filling up the DagBag from /opt/airflow/dags/xcoms_dag.py
[2026-02-14T21:04:58.148+0000] {processor.py:840} INFO - DAG(s) 'simple_xcom_dag' retrieved from /opt/airflow/dags/xcoms_dag.py
[2026-02-14T21:04:58.181+0000] {logging_mixin.py:188} INFO - [2026-02-14T21:04:58.180+0000] {dag.py:3036} INFO - Sync 1 DAGs
[2026-02-14T21:04:58.204+0000] {logging_mixin.py:188} INFO - [2026-02-14T21:04:58.204+0000] {dag.py:3823} INFO - Setting next_dagrun for simple_xcom_dag to None, run_after=None
[2026-02-14T21:04:58.257+0000] {processor.py:183} INFO - Processing /opt/airflow/dags/xcoms_dag.py took 0.128 seconds
[2026-02-14T21:05:28.631+0000] {processor.py:161} INFO - Started process (PID=11712) to work on /opt/airflow/dags/xcoms_dag.py
[2026-02-14T21:05:28.634+0000] {processor.py:830} INFO - Processing file /opt/airflow/dags/xcoms_dag.py for tasks to queue
[2026-02-14T21:05:28.637+0000] {logging_mixin.py:188} INFO - [2026-02-14T21:05:28.636+0000] {dagbag.py:538} INFO - Filling up the DagBag from /opt/airflow/dags/xcoms_dag.py
[2026-02-14T21:05:28.647+0000] {processor.py:840} INFO - DAG(s) 'simple_xcom_dag' retrieved from /opt/airflow/dags/xcoms_dag.py
[2026-02-14T21:05:28.684+0000] {logging_mixin.py:188} INFO - [2026-02-14T21:05:28.683+0000] {dag.py:3036} INFO - Sync 1 DAGs
[2026-02-14T21:05:28.710+0000] {logging_mixin.py:188} INFO - [2026-02-14T21:05:28.710+0000] {dag.py:3823} INFO - Setting next_dagrun for simple_xcom_dag to None, run_after=None
[2026-02-14T21:05:28.747+0000] {processor.py:183} INFO - Processing /opt/airflow/dags/xcoms_dag.py took 0.122 seconds
[2026-02-14T21:05:58.926+0000] {processor.py:161} INFO - Started process (PID=11795) to work on /opt/airflow/dags/xcoms_dag.py
[2026-02-14T21:05:58.928+0000] {processor.py:830} INFO - Processing file /opt/airflow/dags/xcoms_dag.py for tasks to queue
[2026-02-14T21:05:58.930+0000] {logging_mixin.py:188} INFO - [2026-02-14T21:05:58.930+0000] {dagbag.py:538} INFO - Filling up the DagBag from /opt/airflow/dags/xcoms_dag.py
[2026-02-14T21:05:58.938+0000] {processor.py:840} INFO - DAG(s) 'simple_xcom_dag' retrieved from /opt/airflow/dags/xcoms_dag.py
[2026-02-14T21:05:58.970+0000] {logging_mixin.py:188} INFO - [2026-02-14T21:05:58.970+0000] {dag.py:3036} INFO - Sync 1 DAGs
[2026-02-14T21:05:58.990+0000] {logging_mixin.py:188} INFO - [2026-02-14T21:05:58.990+0000] {dag.py:3823} INFO - Setting next_dagrun for simple_xcom_dag to None, run_after=None
[2026-02-14T21:05:59.020+0000] {processor.py:183} INFO - Processing /opt/airflow/dags/xcoms_dag.py took 0.098 seconds
[2026-02-14T21:06:29.230+0000] {processor.py:161} INFO - Started process (PID=11877) to work on /opt/airflow/dags/xcoms_dag.py
[2026-02-14T21:06:29.232+0000] {processor.py:830} INFO - Processing file /opt/airflow/dags/xcoms_dag.py for tasks to queue
[2026-02-14T21:06:29.235+0000] {logging_mixin.py:188} INFO - [2026-02-14T21:06:29.235+0000] {dagbag.py:538} INFO - Filling up the DagBag from /opt/airflow/dags/xcoms_dag.py
[2026-02-14T21:06:29.244+0000] {processor.py:840} INFO - DAG(s) 'simple_xcom_dag' retrieved from /opt/airflow/dags/xcoms_dag.py
[2026-02-14T21:06:29.279+0000] {logging_mixin.py:188} INFO - [2026-02-14T21:06:29.279+0000] {dag.py:3036} INFO - Sync 1 DAGs
[2026-02-14T21:06:29.307+0000] {logging_mixin.py:188} INFO - [2026-02-14T21:06:29.306+0000] {dag.py:3823} INFO - Setting next_dagrun for simple_xcom_dag to None, run_after=None
[2026-02-14T21:06:29.338+0000] {processor.py:183} INFO - Processing /opt/airflow/dags/xcoms_dag.py took 0.114 seconds
[2026-02-14T21:06:59.524+0000] {processor.py:161} INFO - Started process (PID=11961) to work on /opt/airflow/dags/xcoms_dag.py
[2026-02-14T21:06:59.525+0000] {processor.py:830} INFO - Processing file /opt/airflow/dags/xcoms_dag.py for tasks to queue
[2026-02-14T21:06:59.529+0000] {logging_mixin.py:188} INFO - [2026-02-14T21:06:59.528+0000] {dagbag.py:538} INFO - Filling up the DagBag from /opt/airflow/dags/xcoms_dag.py
[2026-02-14T21:06:59.544+0000] {processor.py:840} INFO - DAG(s) 'simple_xcom_dag' retrieved from /opt/airflow/dags/xcoms_dag.py
[2026-02-14T21:06:59.577+0000] {logging_mixin.py:188} INFO - [2026-02-14T21:06:59.577+0000] {dag.py:3036} INFO - Sync 1 DAGs
[2026-02-14T21:06:59.604+0000] {logging_mixin.py:188} INFO - [2026-02-14T21:06:59.604+0000] {dag.py:3823} INFO - Setting next_dagrun for simple_xcom_dag to None, run_after=None
[2026-02-14T21:06:59.648+0000] {processor.py:183} INFO - Processing /opt/airflow/dags/xcoms_dag.py took 0.136 seconds
[2026-02-14T21:07:29.967+0000] {processor.py:161} INFO - Started process (PID=12044) to work on /opt/airflow/dags/xcoms_dag.py
[2026-02-14T21:07:29.969+0000] {processor.py:830} INFO - Processing file /opt/airflow/dags/xcoms_dag.py for tasks to queue
[2026-02-14T21:07:29.972+0000] {logging_mixin.py:188} INFO - [2026-02-14T21:07:29.971+0000] {dagbag.py:538} INFO - Filling up the DagBag from /opt/airflow/dags/xcoms_dag.py
[2026-02-14T21:07:29.979+0000] {processor.py:840} INFO - DAG(s) 'simple_xcom_dag' retrieved from /opt/airflow/dags/xcoms_dag.py
[2026-02-14T21:07:30.008+0000] {logging_mixin.py:188} INFO - [2026-02-14T21:07:30.008+0000] {dag.py:3036} INFO - Sync 1 DAGs
[2026-02-14T21:07:30.027+0000] {logging_mixin.py:188} INFO - [2026-02-14T21:07:30.027+0000] {dag.py:3823} INFO - Setting next_dagrun for simple_xcom_dag to None, run_after=None
[2026-02-14T21:07:30.054+0000] {processor.py:183} INFO - Processing /opt/airflow/dags/xcoms_dag.py took 0.092 seconds
[2026-02-14T21:08:00.244+0000] {processor.py:161} INFO - Started process (PID=12127) to work on /opt/airflow/dags/xcoms_dag.py
[2026-02-14T21:08:00.245+0000] {processor.py:830} INFO - Processing file /opt/airflow/dags/xcoms_dag.py for tasks to queue
[2026-02-14T21:08:00.248+0000] {logging_mixin.py:188} INFO - [2026-02-14T21:08:00.248+0000] {dagbag.py:538} INFO - Filling up the DagBag from /opt/airflow/dags/xcoms_dag.py
[2026-02-14T21:08:00.257+0000] {processor.py:840} INFO - DAG(s) 'simple_xcom_dag' retrieved from /opt/airflow/dags/xcoms_dag.py
[2026-02-14T21:08:00.293+0000] {logging_mixin.py:188} INFO - [2026-02-14T21:08:00.293+0000] {dag.py:3036} INFO - Sync 1 DAGs
[2026-02-14T21:08:00.317+0000] {logging_mixin.py:188} INFO - [2026-02-14T21:08:00.316+0000] {dag.py:3823} INFO - Setting next_dagrun for simple_xcom_dag to None, run_after=None
[2026-02-14T21:08:00.351+0000] {processor.py:183} INFO - Processing /opt/airflow/dags/xcoms_dag.py took 0.112 seconds
[2026-02-14T21:08:30.629+0000] {processor.py:161} INFO - Started process (PID=12209) to work on /opt/airflow/dags/xcoms_dag.py
[2026-02-14T21:08:30.630+0000] {processor.py:830} INFO - Processing file /opt/airflow/dags/xcoms_dag.py for tasks to queue
[2026-02-14T21:08:30.633+0000] {logging_mixin.py:188} INFO - [2026-02-14T21:08:30.632+0000] {dagbag.py:538} INFO - Filling up the DagBag from /opt/airflow/dags/xcoms_dag.py
[2026-02-14T21:08:30.640+0000] {processor.py:840} INFO - DAG(s) 'simple_xcom_dag' retrieved from /opt/airflow/dags/xcoms_dag.py
[2026-02-14T21:08:30.673+0000] {logging_mixin.py:188} INFO - [2026-02-14T21:08:30.672+0000] {dag.py:3036} INFO - Sync 1 DAGs
[2026-02-14T21:08:30.698+0000] {logging_mixin.py:188} INFO - [2026-02-14T21:08:30.698+0000] {dag.py:3823} INFO - Setting next_dagrun for simple_xcom_dag to None, run_after=None
[2026-02-14T21:08:30.732+0000] {processor.py:183} INFO - Processing /opt/airflow/dags/xcoms_dag.py took 0.109 seconds
[2026-02-14T21:09:00.932+0000] {processor.py:161} INFO - Started process (PID=12292) to work on /opt/airflow/dags/xcoms_dag.py
[2026-02-14T21:09:00.934+0000] {processor.py:830} INFO - Processing file /opt/airflow/dags/xcoms_dag.py for tasks to queue
[2026-02-14T21:09:00.938+0000] {logging_mixin.py:188} INFO - [2026-02-14T21:09:00.938+0000] {dagbag.py:538} INFO - Filling up the DagBag from /opt/airflow/dags/xcoms_dag.py
[2026-02-14T21:09:00.947+0000] {processor.py:840} INFO - DAG(s) 'simple_xcom_dag' retrieved from /opt/airflow/dags/xcoms_dag.py
[2026-02-14T21:09:00.981+0000] {logging_mixin.py:188} INFO - [2026-02-14T21:09:00.981+0000] {dag.py:3036} INFO - Sync 1 DAGs
[2026-02-14T21:09:01.006+0000] {logging_mixin.py:188} INFO - [2026-02-14T21:09:01.006+0000] {dag.py:3823} INFO - Setting next_dagrun for simple_xcom_dag to None, run_after=None
[2026-02-14T21:09:01.042+0000] {processor.py:183} INFO - Processing /opt/airflow/dags/xcoms_dag.py took 0.117 seconds
[2026-02-14T21:09:31.213+0000] {processor.py:161} INFO - Started process (PID=12374) to work on /opt/airflow/dags/xcoms_dag.py
[2026-02-14T21:09:31.215+0000] {processor.py:830} INFO - Processing file /opt/airflow/dags/xcoms_dag.py for tasks to queue
[2026-02-14T21:09:31.218+0000] {logging_mixin.py:188} INFO - [2026-02-14T21:09:31.218+0000] {dagbag.py:538} INFO - Filling up the DagBag from /opt/airflow/dags/xcoms_dag.py
[2026-02-14T21:09:31.225+0000] {processor.py:840} INFO - DAG(s) 'simple_xcom_dag' retrieved from /opt/airflow/dags/xcoms_dag.py
[2026-02-14T21:09:31.255+0000] {logging_mixin.py:188} INFO - [2026-02-14T21:09:31.254+0000] {dag.py:3036} INFO - Sync 1 DAGs
[2026-02-14T21:09:31.275+0000] {logging_mixin.py:188} INFO - [2026-02-14T21:09:31.274+0000] {dag.py:3823} INFO - Setting next_dagrun for simple_xcom_dag to None, run_after=None
[2026-02-14T21:09:31.304+0000] {processor.py:183} INFO - Processing /opt/airflow/dags/xcoms_dag.py took 0.096 seconds
[2026-02-14T21:10:01.582+0000] {processor.py:161} INFO - Started process (PID=12464) to work on /opt/airflow/dags/xcoms_dag.py
[2026-02-14T21:10:01.584+0000] {processor.py:830} INFO - Processing file /opt/airflow/dags/xcoms_dag.py for tasks to queue
[2026-02-14T21:10:01.587+0000] {logging_mixin.py:188} INFO - [2026-02-14T21:10:01.586+0000] {dagbag.py:538} INFO - Filling up the DagBag from /opt/airflow/dags/xcoms_dag.py
[2026-02-14T21:10:01.594+0000] {processor.py:840} INFO - DAG(s) 'simple_xcom_dag' retrieved from /opt/airflow/dags/xcoms_dag.py
[2026-02-14T21:10:01.626+0000] {logging_mixin.py:188} INFO - [2026-02-14T21:10:01.625+0000] {dag.py:3036} INFO - Sync 1 DAGs
[2026-02-14T21:10:01.651+0000] {logging_mixin.py:188} INFO - [2026-02-14T21:10:01.650+0000] {dag.py:3823} INFO - Setting next_dagrun for simple_xcom_dag to None, run_after=None
[2026-02-14T21:10:01.681+0000] {processor.py:183} INFO - Processing /opt/airflow/dags/xcoms_dag.py took 0.104 seconds
[2026-02-14T21:10:32.092+0000] {processor.py:161} INFO - Started process (PID=12547) to work on /opt/airflow/dags/xcoms_dag.py
[2026-02-14T21:10:32.093+0000] {processor.py:830} INFO - Processing file /opt/airflow/dags/xcoms_dag.py for tasks to queue
[2026-02-14T21:10:32.095+0000] {logging_mixin.py:188} INFO - [2026-02-14T21:10:32.095+0000] {dagbag.py:538} INFO - Filling up the DagBag from /opt/airflow/dags/xcoms_dag.py
[2026-02-14T21:10:32.103+0000] {processor.py:840} INFO - DAG(s) 'simple_xcom_dag' retrieved from /opt/airflow/dags/xcoms_dag.py
[2026-02-14T21:10:32.132+0000] {logging_mixin.py:188} INFO - [2026-02-14T21:10:32.131+0000] {dag.py:3036} INFO - Sync 1 DAGs
[2026-02-14T21:10:32.151+0000] {logging_mixin.py:188} INFO - [2026-02-14T21:10:32.150+0000] {dag.py:3823} INFO - Setting next_dagrun for simple_xcom_dag to None, run_after=None
[2026-02-14T21:10:32.179+0000] {processor.py:183} INFO - Processing /opt/airflow/dags/xcoms_dag.py took 0.093 seconds
[2026-02-14T21:11:02.528+0000] {processor.py:161} INFO - Started process (PID=12629) to work on /opt/airflow/dags/xcoms_dag.py
[2026-02-14T21:11:02.530+0000] {processor.py:830} INFO - Processing file /opt/airflow/dags/xcoms_dag.py for tasks to queue
[2026-02-14T21:11:02.535+0000] {logging_mixin.py:188} INFO - [2026-02-14T21:11:02.535+0000] {dagbag.py:538} INFO - Filling up the DagBag from /opt/airflow/dags/xcoms_dag.py
[2026-02-14T21:11:02.545+0000] {processor.py:840} INFO - DAG(s) 'simple_xcom_dag' retrieved from /opt/airflow/dags/xcoms_dag.py
[2026-02-14T21:11:02.599+0000] {logging_mixin.py:188} INFO - [2026-02-14T21:11:02.599+0000] {dag.py:3036} INFO - Sync 1 DAGs
[2026-02-14T21:11:02.625+0000] {logging_mixin.py:188} INFO - [2026-02-14T21:11:02.625+0000] {dag.py:3823} INFO - Setting next_dagrun for simple_xcom_dag to None, run_after=None
[2026-02-14T21:11:02.661+0000] {processor.py:183} INFO - Processing /opt/airflow/dags/xcoms_dag.py took 0.138 seconds
[2026-02-14T21:11:33.100+0000] {processor.py:161} INFO - Started process (PID=12713) to work on /opt/airflow/dags/xcoms_dag.py
[2026-02-14T21:11:33.102+0000] {processor.py:830} INFO - Processing file /opt/airflow/dags/xcoms_dag.py for tasks to queue
[2026-02-14T21:11:33.104+0000] {logging_mixin.py:188} INFO - [2026-02-14T21:11:33.104+0000] {dagbag.py:538} INFO - Filling up the DagBag from /opt/airflow/dags/xcoms_dag.py
[2026-02-14T21:11:33.113+0000] {processor.py:840} INFO - DAG(s) 'simple_xcom_dag' retrieved from /opt/airflow/dags/xcoms_dag.py
[2026-02-14T21:11:33.146+0000] {logging_mixin.py:188} INFO - [2026-02-14T21:11:33.146+0000] {dag.py:3036} INFO - Sync 1 DAGs
[2026-02-14T21:11:33.170+0000] {logging_mixin.py:188} INFO - [2026-02-14T21:11:33.170+0000] {dag.py:3823} INFO - Setting next_dagrun for simple_xcom_dag to None, run_after=None
[2026-02-14T21:11:33.204+0000] {processor.py:183} INFO - Processing /opt/airflow/dags/xcoms_dag.py took 0.108 seconds
[2026-02-14T21:12:03.931+0000] {processor.py:161} INFO - Started process (PID=12795) to work on /opt/airflow/dags/xcoms_dag.py
[2026-02-14T21:12:03.934+0000] {processor.py:830} INFO - Processing file /opt/airflow/dags/xcoms_dag.py for tasks to queue
[2026-02-14T21:12:03.937+0000] {logging_mixin.py:188} INFO - [2026-02-14T21:12:03.936+0000] {dagbag.py:538} INFO - Filling up the DagBag from /opt/airflow/dags/xcoms_dag.py
[2026-02-14T21:12:03.945+0000] {processor.py:840} INFO - DAG(s) 'simple_xcom_dag' retrieved from /opt/airflow/dags/xcoms_dag.py
[2026-02-14T21:12:03.976+0000] {logging_mixin.py:188} INFO - [2026-02-14T21:12:03.975+0000] {dag.py:3036} INFO - Sync 1 DAGs
[2026-02-14T21:12:03.997+0000] {logging_mixin.py:188} INFO - [2026-02-14T21:12:03.996+0000] {dag.py:3823} INFO - Setting next_dagrun for simple_xcom_dag to None, run_after=None
[2026-02-14T21:12:04.029+0000] {processor.py:183} INFO - Processing /opt/airflow/dags/xcoms_dag.py took 0.103 seconds
[2026-02-14T21:12:34.402+0000] {processor.py:161} INFO - Started process (PID=12877) to work on /opt/airflow/dags/xcoms_dag.py
[2026-02-14T21:12:34.403+0000] {processor.py:830} INFO - Processing file /opt/airflow/dags/xcoms_dag.py for tasks to queue
[2026-02-14T21:12:34.407+0000] {logging_mixin.py:188} INFO - [2026-02-14T21:12:34.407+0000] {dagbag.py:538} INFO - Filling up the DagBag from /opt/airflow/dags/xcoms_dag.py
[2026-02-14T21:12:34.416+0000] {processor.py:840} INFO - DAG(s) 'simple_xcom_dag' retrieved from /opt/airflow/dags/xcoms_dag.py
[2026-02-14T21:12:34.448+0000] {logging_mixin.py:188} INFO - [2026-02-14T21:12:34.447+0000] {dag.py:3036} INFO - Sync 1 DAGs
[2026-02-14T21:12:34.468+0000] {logging_mixin.py:188} INFO - [2026-02-14T21:12:34.468+0000] {dag.py:3823} INFO - Setting next_dagrun for simple_xcom_dag to None, run_after=None
[2026-02-14T21:12:34.496+0000] {processor.py:183} INFO - Processing /opt/airflow/dags/xcoms_dag.py took 0.099 seconds
[2026-02-14T21:13:04.647+0000] {processor.py:161} INFO - Started process (PID=12959) to work on /opt/airflow/dags/xcoms_dag.py
[2026-02-14T21:13:04.649+0000] {processor.py:830} INFO - Processing file /opt/airflow/dags/xcoms_dag.py for tasks to queue
[2026-02-14T21:13:04.653+0000] {logging_mixin.py:188} INFO - [2026-02-14T21:13:04.652+0000] {dagbag.py:538} INFO - Filling up the DagBag from /opt/airflow/dags/xcoms_dag.py
[2026-02-14T21:13:04.661+0000] {processor.py:840} INFO - DAG(s) 'simple_xcom_dag' retrieved from /opt/airflow/dags/xcoms_dag.py
[2026-02-14T21:13:04.690+0000] {logging_mixin.py:188} INFO - [2026-02-14T21:13:04.690+0000] {dag.py:3036} INFO - Sync 1 DAGs
[2026-02-14T21:13:04.710+0000] {logging_mixin.py:188} INFO - [2026-02-14T21:13:04.709+0000] {dag.py:3823} INFO - Setting next_dagrun for simple_xcom_dag to None, run_after=None
[2026-02-14T21:13:04.738+0000] {processor.py:183} INFO - Processing /opt/airflow/dags/xcoms_dag.py took 0.095 seconds
[2026-02-14T21:13:35.500+0000] {processor.py:161} INFO - Started process (PID=13042) to work on /opt/airflow/dags/xcoms_dag.py
[2026-02-14T21:13:35.502+0000] {processor.py:830} INFO - Processing file /opt/airflow/dags/xcoms_dag.py for tasks to queue
[2026-02-14T21:13:35.505+0000] {logging_mixin.py:188} INFO - [2026-02-14T21:13:35.504+0000] {dagbag.py:538} INFO - Filling up the DagBag from /opt/airflow/dags/xcoms_dag.py
[2026-02-14T21:13:35.512+0000] {processor.py:840} INFO - DAG(s) 'simple_xcom_dag' retrieved from /opt/airflow/dags/xcoms_dag.py
[2026-02-14T21:13:35.541+0000] {logging_mixin.py:188} INFO - [2026-02-14T21:13:35.541+0000] {dag.py:3036} INFO - Sync 1 DAGs
[2026-02-14T21:13:35.560+0000] {logging_mixin.py:188} INFO - [2026-02-14T21:13:35.560+0000] {dag.py:3823} INFO - Setting next_dagrun for simple_xcom_dag to None, run_after=None
[2026-02-14T21:13:35.589+0000] {processor.py:183} INFO - Processing /opt/airflow/dags/xcoms_dag.py took 0.094 seconds
[2026-02-14T21:14:06.018+0000] {processor.py:161} INFO - Started process (PID=13131) to work on /opt/airflow/dags/xcoms_dag.py
[2026-02-14T21:14:06.020+0000] {processor.py:830} INFO - Processing file /opt/airflow/dags/xcoms_dag.py for tasks to queue
[2026-02-14T21:14:06.023+0000] {logging_mixin.py:188} INFO - [2026-02-14T21:14:06.023+0000] {dagbag.py:538} INFO - Filling up the DagBag from /opt/airflow/dags/xcoms_dag.py
[2026-02-14T21:14:06.033+0000] {processor.py:840} INFO - DAG(s) 'simple_xcom_dag' retrieved from /opt/airflow/dags/xcoms_dag.py
[2026-02-14T21:14:06.064+0000] {logging_mixin.py:188} INFO - [2026-02-14T21:14:06.064+0000] {dag.py:3036} INFO - Sync 1 DAGs
[2026-02-14T21:14:06.091+0000] {logging_mixin.py:188} INFO - [2026-02-14T21:14:06.090+0000] {dag.py:3823} INFO - Setting next_dagrun for simple_xcom_dag to None, run_after=None
[2026-02-14T21:14:06.128+0000] {processor.py:183} INFO - Processing /opt/airflow/dags/xcoms_dag.py took 0.115 seconds
[2026-02-14T21:14:36.209+0000] {processor.py:161} INFO - Started process (PID=13213) to work on /opt/airflow/dags/xcoms_dag.py
[2026-02-14T21:14:36.211+0000] {processor.py:830} INFO - Processing file /opt/airflow/dags/xcoms_dag.py for tasks to queue
[2026-02-14T21:14:36.214+0000] {logging_mixin.py:188} INFO - [2026-02-14T21:14:36.214+0000] {dagbag.py:538} INFO - Filling up the DagBag from /opt/airflow/dags/xcoms_dag.py
[2026-02-14T21:14:36.224+0000] {processor.py:840} INFO - DAG(s) 'simple_xcom_dag' retrieved from /opt/airflow/dags/xcoms_dag.py
[2026-02-14T21:14:36.261+0000] {logging_mixin.py:188} INFO - [2026-02-14T21:14:36.261+0000] {dag.py:3036} INFO - Sync 1 DAGs
[2026-02-14T21:14:36.286+0000] {logging_mixin.py:188} INFO - [2026-02-14T21:14:36.285+0000] {dag.py:3823} INFO - Setting next_dagrun for simple_xcom_dag to None, run_after=None
[2026-02-14T21:14:36.319+0000] {processor.py:183} INFO - Processing /opt/airflow/dags/xcoms_dag.py took 0.116 seconds
[2026-02-14T21:15:06.738+0000] {processor.py:161} INFO - Started process (PID=13297) to work on /opt/airflow/dags/xcoms_dag.py
[2026-02-14T21:15:06.741+0000] {processor.py:830} INFO - Processing file /opt/airflow/dags/xcoms_dag.py for tasks to queue
[2026-02-14T21:15:06.745+0000] {logging_mixin.py:188} INFO - [2026-02-14T21:15:06.744+0000] {dagbag.py:538} INFO - Filling up the DagBag from /opt/airflow/dags/xcoms_dag.py
[2026-02-14T21:15:06.753+0000] {processor.py:840} INFO - DAG(s) 'simple_xcom_dag' retrieved from /opt/airflow/dags/xcoms_dag.py
[2026-02-14T21:15:06.793+0000] {logging_mixin.py:188} INFO - [2026-02-14T21:15:06.793+0000] {dag.py:3036} INFO - Sync 1 DAGs
[2026-02-14T21:15:06.818+0000] {logging_mixin.py:188} INFO - [2026-02-14T21:15:06.818+0000] {dag.py:3823} INFO - Setting next_dagrun for simple_xcom_dag to None, run_after=None
[2026-02-14T21:15:06.851+0000] {processor.py:183} INFO - Processing /opt/airflow/dags/xcoms_dag.py took 0.119 seconds
[2026-02-14T21:15:37.166+0000] {processor.py:161} INFO - Started process (PID=13380) to work on /opt/airflow/dags/xcoms_dag.py
[2026-02-14T21:15:37.168+0000] {processor.py:830} INFO - Processing file /opt/airflow/dags/xcoms_dag.py for tasks to queue
[2026-02-14T21:15:37.171+0000] {logging_mixin.py:188} INFO - [2026-02-14T21:15:37.171+0000] {dagbag.py:538} INFO - Filling up the DagBag from /opt/airflow/dags/xcoms_dag.py
[2026-02-14T21:15:37.181+0000] {processor.py:840} INFO - DAG(s) 'simple_xcom_dag' retrieved from /opt/airflow/dags/xcoms_dag.py
[2026-02-14T21:15:37.217+0000] {logging_mixin.py:188} INFO - [2026-02-14T21:15:37.217+0000] {dag.py:3036} INFO - Sync 1 DAGs
[2026-02-14T21:15:37.256+0000] {logging_mixin.py:188} INFO - [2026-02-14T21:15:37.256+0000] {dag.py:3823} INFO - Setting next_dagrun for simple_xcom_dag to None, run_after=None
[2026-02-14T21:15:37.292+0000] {processor.py:183} INFO - Processing /opt/airflow/dags/xcoms_dag.py took 0.132 seconds
[2026-02-14T21:16:07.660+0000] {processor.py:161} INFO - Started process (PID=13463) to work on /opt/airflow/dags/xcoms_dag.py
[2026-02-14T21:16:07.662+0000] {processor.py:830} INFO - Processing file /opt/airflow/dags/xcoms_dag.py for tasks to queue
[2026-02-14T21:16:07.664+0000] {logging_mixin.py:188} INFO - [2026-02-14T21:16:07.664+0000] {dagbag.py:538} INFO - Filling up the DagBag from /opt/airflow/dags/xcoms_dag.py
[2026-02-14T21:16:07.673+0000] {processor.py:840} INFO - DAG(s) 'simple_xcom_dag' retrieved from /opt/airflow/dags/xcoms_dag.py
[2026-02-14T21:16:07.702+0000] {logging_mixin.py:188} INFO - [2026-02-14T21:16:07.702+0000] {dag.py:3036} INFO - Sync 1 DAGs
[2026-02-14T21:16:07.722+0000] {logging_mixin.py:188} INFO - [2026-02-14T21:16:07.722+0000] {dag.py:3823} INFO - Setting next_dagrun for simple_xcom_dag to None, run_after=None
[2026-02-14T21:16:07.752+0000] {processor.py:183} INFO - Processing /opt/airflow/dags/xcoms_dag.py took 0.097 seconds
[2026-02-14T21:16:37.985+0000] {processor.py:161} INFO - Started process (PID=13545) to work on /opt/airflow/dags/xcoms_dag.py
[2026-02-14T21:16:37.986+0000] {processor.py:830} INFO - Processing file /opt/airflow/dags/xcoms_dag.py for tasks to queue
[2026-02-14T21:16:37.989+0000] {logging_mixin.py:188} INFO - [2026-02-14T21:16:37.988+0000] {dagbag.py:538} INFO - Filling up the DagBag from /opt/airflow/dags/xcoms_dag.py
[2026-02-14T21:16:37.997+0000] {processor.py:840} INFO - DAG(s) 'simple_xcom_dag' retrieved from /opt/airflow/dags/xcoms_dag.py
[2026-02-14T21:16:38.028+0000] {logging_mixin.py:188} INFO - [2026-02-14T21:16:38.028+0000] {dag.py:3036} INFO - Sync 1 DAGs
[2026-02-14T21:16:38.048+0000] {logging_mixin.py:188} INFO - [2026-02-14T21:16:38.048+0000] {dag.py:3823} INFO - Setting next_dagrun for simple_xcom_dag to None, run_after=None
[2026-02-14T21:16:38.077+0000] {processor.py:183} INFO - Processing /opt/airflow/dags/xcoms_dag.py took 0.097 seconds
[2026-02-14T21:17:08.434+0000] {processor.py:161} INFO - Started process (PID=13628) to work on /opt/airflow/dags/xcoms_dag.py
[2026-02-14T21:17:08.435+0000] {processor.py:830} INFO - Processing file /opt/airflow/dags/xcoms_dag.py for tasks to queue
[2026-02-14T21:17:08.438+0000] {logging_mixin.py:188} INFO - [2026-02-14T21:17:08.438+0000] {dagbag.py:538} INFO - Filling up the DagBag from /opt/airflow/dags/xcoms_dag.py
[2026-02-14T21:17:08.448+0000] {processor.py:840} INFO - DAG(s) 'simple_xcom_dag' retrieved from /opt/airflow/dags/xcoms_dag.py
[2026-02-14T21:17:08.481+0000] {logging_mixin.py:188} INFO - [2026-02-14T21:17:08.480+0000] {dag.py:3036} INFO - Sync 1 DAGs
[2026-02-14T21:17:08.505+0000] {logging_mixin.py:188} INFO - [2026-02-14T21:17:08.504+0000] {dag.py:3823} INFO - Setting next_dagrun for simple_xcom_dag to None, run_after=None
[2026-02-14T21:17:08.535+0000] {processor.py:183} INFO - Processing /opt/airflow/dags/xcoms_dag.py took 0.107 seconds
[2026-02-14T21:17:39.044+0000] {processor.py:161} INFO - Started process (PID=13711) to work on /opt/airflow/dags/xcoms_dag.py
[2026-02-14T21:17:39.045+0000] {processor.py:830} INFO - Processing file /opt/airflow/dags/xcoms_dag.py for tasks to queue
[2026-02-14T21:17:39.048+0000] {logging_mixin.py:188} INFO - [2026-02-14T21:17:39.047+0000] {dagbag.py:538} INFO - Filling up the DagBag from /opt/airflow/dags/xcoms_dag.py
[2026-02-14T21:17:39.056+0000] {processor.py:840} INFO - DAG(s) 'simple_xcom_dag' retrieved from /opt/airflow/dags/xcoms_dag.py
[2026-02-14T21:17:39.091+0000] {logging_mixin.py:188} INFO - [2026-02-14T21:17:39.090+0000] {dag.py:3036} INFO - Sync 1 DAGs
[2026-02-14T21:17:39.115+0000] {logging_mixin.py:188} INFO - [2026-02-14T21:17:39.114+0000] {dag.py:3823} INFO - Setting next_dagrun for simple_xcom_dag to None, run_after=None
[2026-02-14T21:17:39.149+0000] {processor.py:183} INFO - Processing /opt/airflow/dags/xcoms_dag.py took 0.111 seconds
[2026-02-14T21:18:09.543+0000] {processor.py:161} INFO - Started process (PID=13794) to work on /opt/airflow/dags/xcoms_dag.py
[2026-02-14T21:18:09.545+0000] {processor.py:830} INFO - Processing file /opt/airflow/dags/xcoms_dag.py for tasks to queue
[2026-02-14T21:18:09.548+0000] {logging_mixin.py:188} INFO - [2026-02-14T21:18:09.547+0000] {dagbag.py:538} INFO - Filling up the DagBag from /opt/airflow/dags/xcoms_dag.py
[2026-02-14T21:18:09.557+0000] {processor.py:840} INFO - DAG(s) 'simple_xcom_dag' retrieved from /opt/airflow/dags/xcoms_dag.py
[2026-02-14T21:18:09.591+0000] {logging_mixin.py:188} INFO - [2026-02-14T21:18:09.590+0000] {dag.py:3036} INFO - Sync 1 DAGs
[2026-02-14T21:18:09.615+0000] {logging_mixin.py:188} INFO - [2026-02-14T21:18:09.614+0000] {dag.py:3823} INFO - Setting next_dagrun for simple_xcom_dag to None, run_after=None
[2026-02-14T21:18:09.649+0000] {processor.py:183} INFO - Processing /opt/airflow/dags/xcoms_dag.py took 0.112 seconds
[2026-02-14T21:18:39.852+0000] {processor.py:161} INFO - Started process (PID=13875) to work on /opt/airflow/dags/xcoms_dag.py
[2026-02-14T21:18:39.853+0000] {processor.py:830} INFO - Processing file /opt/airflow/dags/xcoms_dag.py for tasks to queue
[2026-02-14T21:18:39.856+0000] {logging_mixin.py:188} INFO - [2026-02-14T21:18:39.856+0000] {dagbag.py:538} INFO - Filling up the DagBag from /opt/airflow/dags/xcoms_dag.py
[2026-02-14T21:18:39.865+0000] {processor.py:840} INFO - DAG(s) 'simple_xcom_dag' retrieved from /opt/airflow/dags/xcoms_dag.py
[2026-02-14T21:18:39.894+0000] {logging_mixin.py:188} INFO - [2026-02-14T21:18:39.894+0000] {dag.py:3036} INFO - Sync 1 DAGs
[2026-02-14T21:18:39.918+0000] {logging_mixin.py:188} INFO - [2026-02-14T21:18:39.918+0000] {dag.py:3823} INFO - Setting next_dagrun for simple_xcom_dag to None, run_after=None
[2026-02-14T21:18:39.955+0000] {processor.py:183} INFO - Processing /opt/airflow/dags/xcoms_dag.py took 0.109 seconds
[2026-02-14T21:19:10.214+0000] {processor.py:161} INFO - Started process (PID=13958) to work on /opt/airflow/dags/xcoms_dag.py
[2026-02-14T21:19:10.216+0000] {processor.py:830} INFO - Processing file /opt/airflow/dags/xcoms_dag.py for tasks to queue
[2026-02-14T21:19:10.219+0000] {logging_mixin.py:188} INFO - [2026-02-14T21:19:10.219+0000] {dagbag.py:538} INFO - Filling up the DagBag from /opt/airflow/dags/xcoms_dag.py
[2026-02-14T21:19:10.227+0000] {processor.py:840} INFO - DAG(s) 'simple_xcom_dag' retrieved from /opt/airflow/dags/xcoms_dag.py
[2026-02-14T21:19:10.260+0000] {logging_mixin.py:188} INFO - [2026-02-14T21:19:10.260+0000] {dag.py:3036} INFO - Sync 1 DAGs
[2026-02-14T21:19:10.299+0000] {logging_mixin.py:188} INFO - [2026-02-14T21:19:10.299+0000] {dag.py:3823} INFO - Setting next_dagrun for simple_xcom_dag to None, run_after=None
[2026-02-14T21:19:10.336+0000] {processor.py:183} INFO - Processing /opt/airflow/dags/xcoms_dag.py took 0.127 seconds
[2026-02-14T21:19:40.661+0000] {processor.py:161} INFO - Started process (PID=14050) to work on /opt/airflow/dags/xcoms_dag.py
[2026-02-14T21:19:40.662+0000] {processor.py:830} INFO - Processing file /opt/airflow/dags/xcoms_dag.py for tasks to queue
[2026-02-14T21:19:40.666+0000] {logging_mixin.py:188} INFO - [2026-02-14T21:19:40.665+0000] {dagbag.py:538} INFO - Filling up the DagBag from /opt/airflow/dags/xcoms_dag.py
[2026-02-14T21:19:40.674+0000] {processor.py:840} INFO - DAG(s) 'simple_xcom_dag' retrieved from /opt/airflow/dags/xcoms_dag.py
[2026-02-14T21:19:40.712+0000] {logging_mixin.py:188} INFO - [2026-02-14T21:19:40.711+0000] {dag.py:3036} INFO - Sync 1 DAGs
[2026-02-14T21:19:40.750+0000] {logging_mixin.py:188} INFO - [2026-02-14T21:19:40.749+0000] {dag.py:3823} INFO - Setting next_dagrun for simple_xcom_dag to None, run_after=None
[2026-02-14T21:19:40.785+0000] {processor.py:183} INFO - Processing /opt/airflow/dags/xcoms_dag.py took 0.130 seconds
[2026-02-14T21:20:11.183+0000] {processor.py:161} INFO - Started process (PID=14133) to work on /opt/airflow/dags/xcoms_dag.py
[2026-02-14T21:20:11.184+0000] {processor.py:830} INFO - Processing file /opt/airflow/dags/xcoms_dag.py for tasks to queue
[2026-02-14T21:20:11.188+0000] {logging_mixin.py:188} INFO - [2026-02-14T21:20:11.187+0000] {dagbag.py:538} INFO - Filling up the DagBag from /opt/airflow/dags/xcoms_dag.py
[2026-02-14T21:20:11.195+0000] {processor.py:840} INFO - DAG(s) 'simple_xcom_dag' retrieved from /opt/airflow/dags/xcoms_dag.py
[2026-02-14T21:20:11.228+0000] {logging_mixin.py:188} INFO - [2026-02-14T21:20:11.227+0000] {dag.py:3036} INFO - Sync 1 DAGs
[2026-02-14T21:20:11.253+0000] {logging_mixin.py:188} INFO - [2026-02-14T21:20:11.252+0000] {dag.py:3823} INFO - Setting next_dagrun for simple_xcom_dag to None, run_after=None
[2026-02-14T21:20:11.288+0000] {processor.py:183} INFO - Processing /opt/airflow/dags/xcoms_dag.py took 0.110 seconds
[2026-02-14T21:20:42.104+0000] {processor.py:161} INFO - Started process (PID=14215) to work on /opt/airflow/dags/xcoms_dag.py
[2026-02-14T21:20:42.107+0000] {processor.py:830} INFO - Processing file /opt/airflow/dags/xcoms_dag.py for tasks to queue
[2026-02-14T21:20:42.111+0000] {logging_mixin.py:188} INFO - [2026-02-14T21:20:42.111+0000] {dagbag.py:538} INFO - Filling up the DagBag from /opt/airflow/dags/xcoms_dag.py
[2026-02-14T21:20:42.119+0000] {processor.py:840} INFO - DAG(s) 'simple_xcom_dag' retrieved from /opt/airflow/dags/xcoms_dag.py
[2026-02-14T21:20:42.151+0000] {logging_mixin.py:188} INFO - [2026-02-14T21:20:42.150+0000] {dag.py:3036} INFO - Sync 1 DAGs
[2026-02-14T21:20:42.171+0000] {logging_mixin.py:188} INFO - [2026-02-14T21:20:42.171+0000] {dag.py:3823} INFO - Setting next_dagrun for simple_xcom_dag to None, run_after=None
[2026-02-14T21:20:42.204+0000] {processor.py:183} INFO - Processing /opt/airflow/dags/xcoms_dag.py took 0.108 seconds
[2026-02-14T21:21:12.299+0000] {processor.py:161} INFO - Started process (PID=14298) to work on /opt/airflow/dags/xcoms_dag.py
[2026-02-14T21:21:12.301+0000] {processor.py:830} INFO - Processing file /opt/airflow/dags/xcoms_dag.py for tasks to queue
[2026-02-14T21:21:12.305+0000] {logging_mixin.py:188} INFO - [2026-02-14T21:21:12.304+0000] {dagbag.py:538} INFO - Filling up the DagBag from /opt/airflow/dags/xcoms_dag.py
[2026-02-14T21:21:12.313+0000] {processor.py:840} INFO - DAG(s) 'simple_xcom_dag' retrieved from /opt/airflow/dags/xcoms_dag.py
[2026-02-14T21:21:12.344+0000] {logging_mixin.py:188} INFO - [2026-02-14T21:21:12.343+0000] {dag.py:3036} INFO - Sync 1 DAGs
[2026-02-14T21:21:12.364+0000] {logging_mixin.py:188} INFO - [2026-02-14T21:21:12.363+0000] {dag.py:3823} INFO - Setting next_dagrun for simple_xcom_dag to None, run_after=None
[2026-02-14T21:21:12.392+0000] {processor.py:183} INFO - Processing /opt/airflow/dags/xcoms_dag.py took 0.098 seconds
[2026-02-14T21:21:42.555+0000] {processor.py:161} INFO - Started process (PID=14381) to work on /opt/airflow/dags/xcoms_dag.py
[2026-02-14T21:21:42.556+0000] {processor.py:830} INFO - Processing file /opt/airflow/dags/xcoms_dag.py for tasks to queue
[2026-02-14T21:21:42.559+0000] {logging_mixin.py:188} INFO - [2026-02-14T21:21:42.559+0000] {dagbag.py:538} INFO - Filling up the DagBag from /opt/airflow/dags/xcoms_dag.py
[2026-02-14T21:21:42.567+0000] {processor.py:840} INFO - DAG(s) 'simple_xcom_dag' retrieved from /opt/airflow/dags/xcoms_dag.py
[2026-02-14T21:21:42.602+0000] {logging_mixin.py:188} INFO - [2026-02-14T21:21:42.602+0000] {dag.py:3036} INFO - Sync 1 DAGs
[2026-02-14T21:21:42.627+0000] {logging_mixin.py:188} INFO - [2026-02-14T21:21:42.626+0000] {dag.py:3823} INFO - Setting next_dagrun for simple_xcom_dag to None, run_after=None
[2026-02-14T21:21:42.663+0000] {processor.py:183} INFO - Processing /opt/airflow/dags/xcoms_dag.py took 0.112 seconds
[2026-02-14T21:22:13.136+0000] {processor.py:161} INFO - Started process (PID=14464) to work on /opt/airflow/dags/xcoms_dag.py
[2026-02-14T21:22:13.138+0000] {processor.py:830} INFO - Processing file /opt/airflow/dags/xcoms_dag.py for tasks to queue
[2026-02-14T21:22:13.145+0000] {logging_mixin.py:188} INFO - [2026-02-14T21:22:13.144+0000] {dagbag.py:538} INFO - Filling up the DagBag from /opt/airflow/dags/xcoms_dag.py
[2026-02-14T21:22:13.156+0000] {processor.py:840} INFO - DAG(s) 'simple_xcom_dag' retrieved from /opt/airflow/dags/xcoms_dag.py
[2026-02-14T21:22:13.190+0000] {logging_mixin.py:188} INFO - [2026-02-14T21:22:13.189+0000] {dag.py:3036} INFO - Sync 1 DAGs
[2026-02-14T21:22:13.217+0000] {logging_mixin.py:188} INFO - [2026-02-14T21:22:13.216+0000] {dag.py:3823} INFO - Setting next_dagrun for simple_xcom_dag to None, run_after=None
[2026-02-14T21:22:13.252+0000] {processor.py:183} INFO - Processing /opt/airflow/dags/xcoms_dag.py took 0.126 seconds
[2026-02-14T21:22:43.305+0000] {processor.py:161} INFO - Started process (PID=14548) to work on /opt/airflow/dags/xcoms_dag.py
[2026-02-14T21:22:43.306+0000] {processor.py:830} INFO - Processing file /opt/airflow/dags/xcoms_dag.py for tasks to queue
[2026-02-14T21:22:43.308+0000] {logging_mixin.py:188} INFO - [2026-02-14T21:22:43.308+0000] {dagbag.py:538} INFO - Filling up the DagBag from /opt/airflow/dags/xcoms_dag.py
[2026-02-14T21:22:43.315+0000] {processor.py:840} INFO - DAG(s) 'simple_xcom_dag' retrieved from /opt/airflow/dags/xcoms_dag.py
[2026-02-14T21:22:43.349+0000] {logging_mixin.py:188} INFO - [2026-02-14T21:22:43.348+0000] {dag.py:3036} INFO - Sync 1 DAGs
[2026-02-14T21:22:43.368+0000] {logging_mixin.py:188} INFO - [2026-02-14T21:22:43.367+0000] {dag.py:3823} INFO - Setting next_dagrun for simple_xcom_dag to None, run_after=None
[2026-02-14T21:22:43.395+0000] {processor.py:183} INFO - Processing /opt/airflow/dags/xcoms_dag.py took 0.096 seconds
[2026-02-14T21:23:13.561+0000] {processor.py:161} INFO - Started process (PID=14632) to work on /opt/airflow/dags/xcoms_dag.py
[2026-02-14T21:23:13.563+0000] {processor.py:830} INFO - Processing file /opt/airflow/dags/xcoms_dag.py for tasks to queue
[2026-02-14T21:23:13.566+0000] {logging_mixin.py:188} INFO - [2026-02-14T21:23:13.566+0000] {dagbag.py:538} INFO - Filling up the DagBag from /opt/airflow/dags/xcoms_dag.py
[2026-02-14T21:23:13.574+0000] {processor.py:840} INFO - DAG(s) 'simple_xcom_dag' retrieved from /opt/airflow/dags/xcoms_dag.py
[2026-02-14T21:23:13.604+0000] {logging_mixin.py:188} INFO - [2026-02-14T21:23:13.604+0000] {dag.py:3036} INFO - Sync 1 DAGs
[2026-02-14T21:23:13.624+0000] {logging_mixin.py:188} INFO - [2026-02-14T21:23:13.624+0000] {dag.py:3823} INFO - Setting next_dagrun for simple_xcom_dag to None, run_after=None
[2026-02-14T21:23:13.657+0000] {processor.py:183} INFO - Processing /opt/airflow/dags/xcoms_dag.py took 0.101 seconds
[2026-02-14T21:23:44.418+0000] {processor.py:161} INFO - Started process (PID=14724) to work on /opt/airflow/dags/xcoms_dag.py
[2026-02-14T21:23:44.420+0000] {processor.py:830} INFO - Processing file /opt/airflow/dags/xcoms_dag.py for tasks to queue
[2026-02-14T21:23:44.423+0000] {logging_mixin.py:188} INFO - [2026-02-14T21:23:44.422+0000] {dagbag.py:538} INFO - Filling up the DagBag from /opt/airflow/dags/xcoms_dag.py
[2026-02-14T21:23:44.430+0000] {processor.py:840} INFO - DAG(s) 'simple_xcom_dag' retrieved from /opt/airflow/dags/xcoms_dag.py
[2026-02-14T21:23:44.462+0000] {logging_mixin.py:188} INFO - [2026-02-14T21:23:44.462+0000] {dag.py:3036} INFO - Sync 1 DAGs
[2026-02-14T21:23:44.483+0000] {logging_mixin.py:188} INFO - [2026-02-14T21:23:44.483+0000] {dag.py:3823} INFO - Setting next_dagrun for simple_xcom_dag to None, run_after=None
[2026-02-14T21:23:44.514+0000] {processor.py:183} INFO - Processing /opt/airflow/dags/xcoms_dag.py took 0.101 seconds
[2026-02-14T21:24:14.640+0000] {processor.py:161} INFO - Started process (PID=14808) to work on /opt/airflow/dags/xcoms_dag.py
[2026-02-14T21:24:14.642+0000] {processor.py:830} INFO - Processing file /opt/airflow/dags/xcoms_dag.py for tasks to queue
[2026-02-14T21:24:14.646+0000] {logging_mixin.py:188} INFO - [2026-02-14T21:24:14.645+0000] {dagbag.py:538} INFO - Filling up the DagBag from /opt/airflow/dags/xcoms_dag.py
[2026-02-14T21:24:14.654+0000] {processor.py:840} INFO - DAG(s) 'simple_xcom_dag' retrieved from /opt/airflow/dags/xcoms_dag.py
[2026-02-14T21:24:14.689+0000] {logging_mixin.py:188} INFO - [2026-02-14T21:24:14.689+0000] {dag.py:3036} INFO - Sync 1 DAGs
[2026-02-14T21:24:14.714+0000] {logging_mixin.py:188} INFO - [2026-02-14T21:24:14.714+0000] {dag.py:3823} INFO - Setting next_dagrun for simple_xcom_dag to None, run_after=None
[2026-02-14T21:24:14.748+0000] {processor.py:183} INFO - Processing /opt/airflow/dags/xcoms_dag.py took 0.113 seconds
[2026-02-14T21:24:44.843+0000] {processor.py:161} INFO - Started process (PID=14889) to work on /opt/airflow/dags/xcoms_dag.py
[2026-02-14T21:24:44.845+0000] {processor.py:830} INFO - Processing file /opt/airflow/dags/xcoms_dag.py for tasks to queue
[2026-02-14T21:24:44.849+0000] {logging_mixin.py:188} INFO - [2026-02-14T21:24:44.848+0000] {dagbag.py:538} INFO - Filling up the DagBag from /opt/airflow/dags/xcoms_dag.py
[2026-02-14T21:24:44.857+0000] {processor.py:840} INFO - DAG(s) 'simple_xcom_dag' retrieved from /opt/airflow/dags/xcoms_dag.py
[2026-02-14T21:24:44.892+0000] {logging_mixin.py:188} INFO - [2026-02-14T21:24:44.892+0000] {dag.py:3036} INFO - Sync 1 DAGs
[2026-02-14T21:24:44.917+0000] {logging_mixin.py:188} INFO - [2026-02-14T21:24:44.916+0000] {dag.py:3823} INFO - Setting next_dagrun for simple_xcom_dag to None, run_after=None
[2026-02-14T21:24:44.952+0000] {processor.py:183} INFO - Processing /opt/airflow/dags/xcoms_dag.py took 0.114 seconds
[2026-02-14T21:25:15.774+0000] {processor.py:161} INFO - Started process (PID=14970) to work on /opt/airflow/dags/xcoms_dag.py
[2026-02-14T21:25:15.776+0000] {processor.py:830} INFO - Processing file /opt/airflow/dags/xcoms_dag.py for tasks to queue
[2026-02-14T21:25:15.784+0000] {logging_mixin.py:188} INFO - [2026-02-14T21:25:15.782+0000] {dagbag.py:538} INFO - Filling up the DagBag from /opt/airflow/dags/xcoms_dag.py
[2026-02-14T21:25:15.802+0000] {processor.py:840} INFO - DAG(s) 'simple_xcom_dag' retrieved from /opt/airflow/dags/xcoms_dag.py
[2026-02-14T21:25:15.838+0000] {logging_mixin.py:188} INFO - [2026-02-14T21:25:15.837+0000] {dag.py:3036} INFO - Sync 1 DAGs
[2026-02-14T21:25:15.862+0000] {logging_mixin.py:188} INFO - [2026-02-14T21:25:15.862+0000] {dag.py:3823} INFO - Setting next_dagrun for simple_xcom_dag to None, run_after=None
[2026-02-14T21:25:15.896+0000] {processor.py:183} INFO - Processing /opt/airflow/dags/xcoms_dag.py took 0.128 seconds
[2026-02-14T21:25:46.022+0000] {processor.py:161} INFO - Started process (PID=15052) to work on /opt/airflow/dags/xcoms_dag.py
[2026-02-14T21:25:46.023+0000] {processor.py:830} INFO - Processing file /opt/airflow/dags/xcoms_dag.py for tasks to queue
[2026-02-14T21:25:46.026+0000] {logging_mixin.py:188} INFO - [2026-02-14T21:25:46.025+0000] {dagbag.py:538} INFO - Filling up the DagBag from /opt/airflow/dags/xcoms_dag.py
[2026-02-14T21:25:46.035+0000] {processor.py:840} INFO - DAG(s) 'simple_xcom_dag' retrieved from /opt/airflow/dags/xcoms_dag.py
[2026-02-14T21:25:46.065+0000] {logging_mixin.py:188} INFO - [2026-02-14T21:25:46.064+0000] {dag.py:3036} INFO - Sync 1 DAGs
[2026-02-14T21:25:46.267+0000] {logging_mixin.py:188} INFO - [2026-02-14T21:25:46.266+0000] {dag.py:3823} INFO - Setting next_dagrun for simple_xcom_dag to None, run_after=None
[2026-02-14T21:25:46.301+0000] {processor.py:183} INFO - Processing /opt/airflow/dags/xcoms_dag.py took 0.285 seconds
[2026-02-14T21:26:16.357+0000] {processor.py:161} INFO - Started process (PID=15135) to work on /opt/airflow/dags/xcoms_dag.py
[2026-02-14T21:26:16.358+0000] {processor.py:830} INFO - Processing file /opt/airflow/dags/xcoms_dag.py for tasks to queue
[2026-02-14T21:26:16.363+0000] {logging_mixin.py:188} INFO - [2026-02-14T21:26:16.361+0000] {dagbag.py:538} INFO - Filling up the DagBag from /opt/airflow/dags/xcoms_dag.py
[2026-02-14T21:26:16.373+0000] {processor.py:840} INFO - DAG(s) 'simple_xcom_dag' retrieved from /opt/airflow/dags/xcoms_dag.py
[2026-02-14T21:26:16.401+0000] {logging_mixin.py:188} INFO - [2026-02-14T21:26:16.401+0000] {dag.py:3036} INFO - Sync 1 DAGs
[2026-02-14T21:26:16.420+0000] {logging_mixin.py:188} INFO - [2026-02-14T21:26:16.419+0000] {dag.py:3823} INFO - Setting next_dagrun for simple_xcom_dag to None, run_after=None
[2026-02-14T21:26:16.451+0000] {processor.py:183} INFO - Processing /opt/airflow/dags/xcoms_dag.py took 0.099 seconds
[2026-02-14T21:26:46.561+0000] {processor.py:161} INFO - Started process (PID=15219) to work on /opt/airflow/dags/xcoms_dag.py
[2026-02-14T21:26:46.562+0000] {processor.py:830} INFO - Processing file /opt/airflow/dags/xcoms_dag.py for tasks to queue
[2026-02-14T21:26:46.565+0000] {logging_mixin.py:188} INFO - [2026-02-14T21:26:46.565+0000] {dagbag.py:538} INFO - Filling up the DagBag from /opt/airflow/dags/xcoms_dag.py
[2026-02-14T21:26:46.575+0000] {processor.py:840} INFO - DAG(s) 'simple_xcom_dag' retrieved from /opt/airflow/dags/xcoms_dag.py
[2026-02-14T21:26:46.608+0000] {logging_mixin.py:188} INFO - [2026-02-14T21:26:46.608+0000] {dag.py:3036} INFO - Sync 1 DAGs
[2026-02-14T21:26:46.633+0000] {logging_mixin.py:188} INFO - [2026-02-14T21:26:46.632+0000] {dag.py:3823} INFO - Setting next_dagrun for simple_xcom_dag to None, run_after=None
[2026-02-14T21:26:46.666+0000] {processor.py:183} INFO - Processing /opt/airflow/dags/xcoms_dag.py took 0.110 seconds
[2026-02-14T21:27:17.607+0000] {processor.py:161} INFO - Started process (PID=15303) to work on /opt/airflow/dags/xcoms_dag.py
[2026-02-14T21:27:17.609+0000] {processor.py:830} INFO - Processing file /opt/airflow/dags/xcoms_dag.py for tasks to queue
[2026-02-14T21:27:17.612+0000] {logging_mixin.py:188} INFO - [2026-02-14T21:27:17.612+0000] {dagbag.py:538} INFO - Filling up the DagBag from /opt/airflow/dags/xcoms_dag.py
[2026-02-14T21:27:17.620+0000] {processor.py:840} INFO - DAG(s) 'simple_xcom_dag' retrieved from /opt/airflow/dags/xcoms_dag.py
[2026-02-14T21:27:17.649+0000] {logging_mixin.py:188} INFO - [2026-02-14T21:27:17.648+0000] {dag.py:3036} INFO - Sync 1 DAGs
[2026-02-14T21:27:17.671+0000] {logging_mixin.py:188} INFO - [2026-02-14T21:27:17.671+0000] {dag.py:3823} INFO - Setting next_dagrun for simple_xcom_dag to None, run_after=None
[2026-02-14T21:27:17.700+0000] {processor.py:183} INFO - Processing /opt/airflow/dags/xcoms_dag.py took 0.098 seconds
[2026-02-14T21:27:48.356+0000] {processor.py:161} INFO - Started process (PID=15388) to work on /opt/airflow/dags/xcoms_dag.py
[2026-02-14T21:27:48.358+0000] {processor.py:830} INFO - Processing file /opt/airflow/dags/xcoms_dag.py for tasks to queue
[2026-02-14T21:27:48.360+0000] {logging_mixin.py:188} INFO - [2026-02-14T21:27:48.360+0000] {dagbag.py:538} INFO - Filling up the DagBag from /opt/airflow/dags/xcoms_dag.py
[2026-02-14T21:27:48.368+0000] {processor.py:840} INFO - DAG(s) 'simple_xcom_dag' retrieved from /opt/airflow/dags/xcoms_dag.py
[2026-02-14T21:27:48.399+0000] {logging_mixin.py:188} INFO - [2026-02-14T21:27:48.399+0000] {dag.py:3036} INFO - Sync 1 DAGs
[2026-02-14T21:27:48.420+0000] {logging_mixin.py:188} INFO - [2026-02-14T21:27:48.420+0000] {dag.py:3823} INFO - Setting next_dagrun for simple_xcom_dag to None, run_after=None
[2026-02-14T21:27:48.451+0000] {processor.py:183} INFO - Processing /opt/airflow/dags/xcoms_dag.py took 0.101 seconds
[2026-02-14T21:28:18.701+0000] {processor.py:161} INFO - Started process (PID=15471) to work on /opt/airflow/dags/xcoms_dag.py
[2026-02-14T21:28:18.702+0000] {processor.py:830} INFO - Processing file /opt/airflow/dags/xcoms_dag.py for tasks to queue
[2026-02-14T21:28:18.704+0000] {logging_mixin.py:188} INFO - [2026-02-14T21:28:18.704+0000] {dagbag.py:538} INFO - Filling up the DagBag from /opt/airflow/dags/xcoms_dag.py
[2026-02-14T21:28:18.713+0000] {processor.py:840} INFO - DAG(s) 'simple_xcom_dag' retrieved from /opt/airflow/dags/xcoms_dag.py
[2026-02-14T21:28:18.743+0000] {logging_mixin.py:188} INFO - [2026-02-14T21:28:18.742+0000] {dag.py:3036} INFO - Sync 1 DAGs
[2026-02-14T21:28:18.762+0000] {logging_mixin.py:188} INFO - [2026-02-14T21:28:18.761+0000] {dag.py:3823} INFO - Setting next_dagrun for simple_xcom_dag to None, run_after=None
[2026-02-14T21:28:18.798+0000] {processor.py:183} INFO - Processing /opt/airflow/dags/xcoms_dag.py took 0.102 seconds
[2026-02-14T21:28:49.343+0000] {processor.py:161} INFO - Started process (PID=15554) to work on /opt/airflow/dags/xcoms_dag.py
[2026-02-14T21:28:49.345+0000] {processor.py:830} INFO - Processing file /opt/airflow/dags/xcoms_dag.py for tasks to queue
[2026-02-14T21:28:49.348+0000] {logging_mixin.py:188} INFO - [2026-02-14T21:28:49.347+0000] {dagbag.py:538} INFO - Filling up the DagBag from /opt/airflow/dags/xcoms_dag.py
[2026-02-14T21:28:49.358+0000] {processor.py:840} INFO - DAG(s) 'simple_xcom_dag' retrieved from /opt/airflow/dags/xcoms_dag.py
[2026-02-14T21:28:49.398+0000] {logging_mixin.py:188} INFO - [2026-02-14T21:28:49.398+0000] {dag.py:3036} INFO - Sync 1 DAGs
[2026-02-14T21:28:49.424+0000] {logging_mixin.py:188} INFO - [2026-02-14T21:28:49.424+0000] {dag.py:3823} INFO - Setting next_dagrun for simple_xcom_dag to None, run_after=None
[2026-02-14T21:28:49.466+0000] {processor.py:183} INFO - Processing /opt/airflow/dags/xcoms_dag.py took 0.129 seconds
[2026-02-14T21:29:19.943+0000] {processor.py:161} INFO - Started process (PID=15638) to work on /opt/airflow/dags/xcoms_dag.py
[2026-02-14T21:29:19.946+0000] {processor.py:830} INFO - Processing file /opt/airflow/dags/xcoms_dag.py for tasks to queue
[2026-02-14T21:29:19.949+0000] {logging_mixin.py:188} INFO - [2026-02-14T21:29:19.948+0000] {dagbag.py:538} INFO - Filling up the DagBag from /opt/airflow/dags/xcoms_dag.py
[2026-02-14T21:29:19.960+0000] {processor.py:840} INFO - DAG(s) 'simple_xcom_dag' retrieved from /opt/airflow/dags/xcoms_dag.py
[2026-02-14T21:29:19.995+0000] {logging_mixin.py:188} INFO - [2026-02-14T21:29:19.994+0000] {dag.py:3036} INFO - Sync 1 DAGs
[2026-02-14T21:29:20.020+0000] {logging_mixin.py:188} INFO - [2026-02-14T21:29:20.020+0000] {dag.py:3823} INFO - Setting next_dagrun for simple_xcom_dag to None, run_after=None
[2026-02-14T21:29:20.062+0000] {processor.py:183} INFO - Processing /opt/airflow/dags/xcoms_dag.py took 0.127 seconds
[2026-02-14T21:29:50.276+0000] {processor.py:161} INFO - Started process (PID=15721) to work on /opt/airflow/dags/xcoms_dag.py
[2026-02-14T21:29:50.277+0000] {processor.py:830} INFO - Processing file /opt/airflow/dags/xcoms_dag.py for tasks to queue
[2026-02-14T21:29:50.280+0000] {logging_mixin.py:188} INFO - [2026-02-14T21:29:50.280+0000] {dagbag.py:538} INFO - Filling up the DagBag from /opt/airflow/dags/xcoms_dag.py
[2026-02-14T21:29:50.290+0000] {processor.py:840} INFO - DAG(s) 'simple_xcom_dag' retrieved from /opt/airflow/dags/xcoms_dag.py
[2026-02-14T21:29:50.330+0000] {logging_mixin.py:188} INFO - [2026-02-14T21:29:50.329+0000] {dag.py:3036} INFO - Sync 1 DAGs
[2026-02-14T21:29:50.370+0000] {logging_mixin.py:188} INFO - [2026-02-14T21:29:50.368+0000] {dag.py:3823} INFO - Setting next_dagrun for simple_xcom_dag to None, run_after=None
[2026-02-14T21:29:50.408+0000] {processor.py:183} INFO - Processing /opt/airflow/dags/xcoms_dag.py took 0.138 seconds
[2026-02-14T21:30:20.725+0000] {processor.py:161} INFO - Started process (PID=15811) to work on /opt/airflow/dags/xcoms_dag.py
[2026-02-14T21:30:20.727+0000] {processor.py:830} INFO - Processing file /opt/airflow/dags/xcoms_dag.py for tasks to queue
[2026-02-14T21:30:20.730+0000] {logging_mixin.py:188} INFO - [2026-02-14T21:30:20.729+0000] {dagbag.py:538} INFO - Filling up the DagBag from /opt/airflow/dags/xcoms_dag.py
[2026-02-14T21:30:20.740+0000] {processor.py:840} INFO - DAG(s) 'simple_xcom_dag' retrieved from /opt/airflow/dags/xcoms_dag.py
[2026-02-14T21:30:20.776+0000] {logging_mixin.py:188} INFO - [2026-02-14T21:30:20.775+0000] {dag.py:3036} INFO - Sync 1 DAGs
[2026-02-14T21:30:20.801+0000] {logging_mixin.py:188} INFO - [2026-02-14T21:30:20.801+0000] {dag.py:3823} INFO - Setting next_dagrun for simple_xcom_dag to None, run_after=None
[2026-02-14T21:30:20.835+0000] {processor.py:183} INFO - Processing /opt/airflow/dags/xcoms_dag.py took 0.117 seconds
[2026-02-14T21:30:51.289+0000] {processor.py:161} INFO - Started process (PID=15894) to work on /opt/airflow/dags/xcoms_dag.py
[2026-02-14T21:30:51.290+0000] {processor.py:830} INFO - Processing file /opt/airflow/dags/xcoms_dag.py for tasks to queue
[2026-02-14T21:30:51.293+0000] {logging_mixin.py:188} INFO - [2026-02-14T21:30:51.293+0000] {dagbag.py:538} INFO - Filling up the DagBag from /opt/airflow/dags/xcoms_dag.py
[2026-02-14T21:30:51.303+0000] {processor.py:840} INFO - DAG(s) 'simple_xcom_dag' retrieved from /opt/airflow/dags/xcoms_dag.py
[2026-02-14T21:30:51.336+0000] {logging_mixin.py:188} INFO - [2026-02-14T21:30:51.335+0000] {dag.py:3036} INFO - Sync 1 DAGs
[2026-02-14T21:30:51.361+0000] {logging_mixin.py:188} INFO - [2026-02-14T21:30:51.360+0000] {dag.py:3823} INFO - Setting next_dagrun for simple_xcom_dag to None, run_after=None
[2026-02-14T21:30:51.413+0000] {processor.py:183} INFO - Processing /opt/airflow/dags/xcoms_dag.py took 0.129 seconds
[2026-02-14T21:31:21.920+0000] {processor.py:161} INFO - Started process (PID=15977) to work on /opt/airflow/dags/xcoms_dag.py
[2026-02-14T21:31:21.935+0000] {processor.py:830} INFO - Processing file /opt/airflow/dags/xcoms_dag.py for tasks to queue
[2026-02-14T21:31:21.938+0000] {logging_mixin.py:188} INFO - [2026-02-14T21:31:21.937+0000] {dagbag.py:538} INFO - Filling up the DagBag from /opt/airflow/dags/xcoms_dag.py
[2026-02-14T21:31:21.947+0000] {processor.py:840} INFO - DAG(s) 'simple_xcom_dag' retrieved from /opt/airflow/dags/xcoms_dag.py
[2026-02-14T21:31:21.981+0000] {logging_mixin.py:188} INFO - [2026-02-14T21:31:21.981+0000] {dag.py:3036} INFO - Sync 1 DAGs
[2026-02-14T21:31:22.009+0000] {logging_mixin.py:188} INFO - [2026-02-14T21:31:22.008+0000] {dag.py:3823} INFO - Setting next_dagrun for simple_xcom_dag to None, run_after=None
[2026-02-14T21:31:22.054+0000] {processor.py:183} INFO - Processing /opt/airflow/dags/xcoms_dag.py took 0.138 seconds
