[2026-02-09T10:58:03.003+0000] {processor.py:161} INFO - Started process (PID=17430) to work on /opt/airflow/dags/setup_dag.py
[2026-02-09T10:58:03.004+0000] {processor.py:830} INFO - Processing file /opt/airflow/dags/setup_dag.py for tasks to queue
[2026-02-09T10:58:03.007+0000] {logging_mixin.py:188} INFO - [2026-02-09T10:58:03.006+0000] {dagbag.py:538} INFO - Filling up the DagBag from /opt/airflow/dags/setup_dag.py
[2026-02-09T10:58:03.017+0000] {processor.py:840} INFO - DAG(s) 'fork1_dag' retrieved from /opt/airflow/dags/setup_dag.py
[2026-02-09T10:58:03.210+0000] {logging_mixin.py:188} INFO - [2026-02-09T10:58:03.209+0000] {dag.py:3036} INFO - Sync 1 DAGs
[2026-02-09T10:58:03.246+0000] {logging_mixin.py:188} INFO - [2026-02-09T10:58:03.246+0000] {dag.py:3823} INFO - Setting next_dagrun for fork1_dag to 2026-02-09 10:57:50+00:00, run_after=2026-02-09 10:58:00+00:00
[2026-02-09T10:58:03.282+0000] {processor.py:183} INFO - Processing /opt/airflow/dags/setup_dag.py took 0.284 seconds
[2026-02-09T10:58:33.397+0000] {processor.py:161} INFO - Started process (PID=17505) to work on /opt/airflow/dags/setup_dag.py
[2026-02-09T10:58:33.399+0000] {processor.py:830} INFO - Processing file /opt/airflow/dags/setup_dag.py for tasks to queue
[2026-02-09T10:58:33.402+0000] {logging_mixin.py:188} INFO - [2026-02-09T10:58:33.401+0000] {dagbag.py:538} INFO - Filling up the DagBag from /opt/airflow/dags/setup_dag.py
[2026-02-09T10:58:33.410+0000] {processor.py:840} INFO - DAG(s) 'fork1_dag' retrieved from /opt/airflow/dags/setup_dag.py
[2026-02-09T10:58:33.439+0000] {logging_mixin.py:188} INFO - [2026-02-09T10:58:33.438+0000] {dag.py:3036} INFO - Sync 1 DAGs
[2026-02-09T10:58:33.471+0000] {logging_mixin.py:188} INFO - [2026-02-09T10:58:33.471+0000] {dag.py:3823} INFO - Setting next_dagrun for fork1_dag to 2026-02-09 10:58:20+00:00, run_after=2026-02-09 10:58:30+00:00
[2026-02-09T10:58:33.496+0000] {processor.py:183} INFO - Processing /opt/airflow/dags/setup_dag.py took 0.104 seconds
[2026-02-09T10:59:03.646+0000] {processor.py:161} INFO - Started process (PID=17579) to work on /opt/airflow/dags/setup_dag.py
[2026-02-09T10:59:03.647+0000] {processor.py:830} INFO - Processing file /opt/airflow/dags/setup_dag.py for tasks to queue
[2026-02-09T10:59:03.650+0000] {logging_mixin.py:188} INFO - [2026-02-09T10:59:03.649+0000] {dagbag.py:538} INFO - Filling up the DagBag from /opt/airflow/dags/setup_dag.py
[2026-02-09T10:59:03.658+0000] {processor.py:840} INFO - DAG(s) 'fork1_dag' retrieved from /opt/airflow/dags/setup_dag.py
[2026-02-09T10:59:03.675+0000] {logging_mixin.py:188} INFO - [2026-02-09T10:59:03.675+0000] {dag.py:3036} INFO - Sync 1 DAGs
[2026-02-09T10:59:03.716+0000] {logging_mixin.py:188} INFO - [2026-02-09T10:59:03.715+0000] {dag.py:3823} INFO - Setting next_dagrun for fork1_dag to 2026-02-09 10:58:50+00:00, run_after=2026-02-09 10:59:00+00:00
[2026-02-09T10:59:03.742+0000] {processor.py:183} INFO - Processing /opt/airflow/dags/setup_dag.py took 0.101 seconds
[2026-02-09T10:59:33.946+0000] {processor.py:161} INFO - Started process (PID=17652) to work on /opt/airflow/dags/setup_dag.py
[2026-02-09T10:59:33.948+0000] {processor.py:830} INFO - Processing file /opt/airflow/dags/setup_dag.py for tasks to queue
[2026-02-09T10:59:33.951+0000] {logging_mixin.py:188} INFO - [2026-02-09T10:59:33.950+0000] {dagbag.py:538} INFO - Filling up the DagBag from /opt/airflow/dags/setup_dag.py
[2026-02-09T10:59:33.959+0000] {processor.py:840} INFO - DAG(s) 'fork1_dag' retrieved from /opt/airflow/dags/setup_dag.py
[2026-02-09T10:59:34.130+0000] {logging_mixin.py:188} INFO - [2026-02-09T10:59:34.130+0000] {dag.py:3036} INFO - Sync 1 DAGs
[2026-02-09T10:59:34.161+0000] {logging_mixin.py:188} INFO - [2026-02-09T10:59:34.161+0000] {dag.py:3823} INFO - Setting next_dagrun for fork1_dag to 2026-02-09 10:59:20+00:00, run_after=2026-02-09 10:59:30+00:00
[2026-02-09T10:59:34.189+0000] {processor.py:183} INFO - Processing /opt/airflow/dags/setup_dag.py took 0.247 seconds
[2026-02-09T11:00:04.437+0000] {processor.py:161} INFO - Started process (PID=17732) to work on /opt/airflow/dags/setup_dag.py
[2026-02-09T11:00:04.440+0000] {processor.py:830} INFO - Processing file /opt/airflow/dags/setup_dag.py for tasks to queue
[2026-02-09T11:00:04.443+0000] {logging_mixin.py:188} INFO - [2026-02-09T11:00:04.442+0000] {dagbag.py:538} INFO - Filling up the DagBag from /opt/airflow/dags/setup_dag.py
[2026-02-09T11:00:04.454+0000] {processor.py:840} INFO - DAG(s) 'fork1_dag' retrieved from /opt/airflow/dags/setup_dag.py
[2026-02-09T11:00:04.492+0000] {logging_mixin.py:188} INFO - [2026-02-09T11:00:04.491+0000] {dag.py:3036} INFO - Sync 1 DAGs
[2026-02-09T11:00:04.536+0000] {logging_mixin.py:188} INFO - [2026-02-09T11:00:04.536+0000] {dag.py:3823} INFO - Setting next_dagrun for fork1_dag to 2026-02-09 10:59:50+00:00, run_after=2026-02-09 11:00:00+00:00
[2026-02-09T11:00:04.587+0000] {processor.py:183} INFO - Processing /opt/airflow/dags/setup_dag.py took 0.155 seconds
[2026-02-09T11:00:34.905+0000] {processor.py:161} INFO - Started process (PID=17805) to work on /opt/airflow/dags/setup_dag.py
[2026-02-09T11:00:34.906+0000] {processor.py:830} INFO - Processing file /opt/airflow/dags/setup_dag.py for tasks to queue
[2026-02-09T11:00:34.909+0000] {logging_mixin.py:188} INFO - [2026-02-09T11:00:34.908+0000] {dagbag.py:538} INFO - Filling up the DagBag from /opt/airflow/dags/setup_dag.py
[2026-02-09T11:00:34.920+0000] {processor.py:840} INFO - DAG(s) 'fork1_dag' retrieved from /opt/airflow/dags/setup_dag.py
[2026-02-09T11:00:34.940+0000] {logging_mixin.py:188} INFO - [2026-02-09T11:00:34.940+0000] {dag.py:3036} INFO - Sync 1 DAGs
[2026-02-09T11:00:34.987+0000] {logging_mixin.py:188} INFO - [2026-02-09T11:00:34.987+0000] {dag.py:3823} INFO - Setting next_dagrun for fork1_dag to 2026-02-09 11:00:20+00:00, run_after=2026-02-09 11:00:30+00:00
[2026-02-09T11:00:35.020+0000] {processor.py:183} INFO - Processing /opt/airflow/dags/setup_dag.py took 0.120 seconds
[2026-02-09T11:00:35.092+0000] {processor.py:161} INFO - Started process (PID=17808) to work on /opt/airflow/dags/setup_dag.py
[2026-02-09T11:00:35.093+0000] {processor.py:830} INFO - Processing file /opt/airflow/dags/setup_dag.py for tasks to queue
[2026-02-09T11:00:35.096+0000] {logging_mixin.py:188} INFO - [2026-02-09T11:00:35.096+0000] {dagbag.py:538} INFO - Filling up the DagBag from /opt/airflow/dags/setup_dag.py
[2026-02-09T11:00:35.107+0000] {processor.py:840} INFO - DAG(s) 'fork3_dag' retrieved from /opt/airflow/dags/setup_dag.py
[2026-02-09T11:00:35.285+0000] {logging_mixin.py:188} INFO - [2026-02-09T11:00:35.284+0000] {override.py:1769} INFO - Created Permission View: can delete on DAG:fork3_dag
[2026-02-09T11:00:35.300+0000] {logging_mixin.py:188} INFO - [2026-02-09T11:00:35.300+0000] {override.py:1769} INFO - Created Permission View: can read on DAG:fork3_dag
[2026-02-09T11:00:35.310+0000] {logging_mixin.py:188} INFO - [2026-02-09T11:00:35.310+0000] {override.py:1769} INFO - Created Permission View: can edit on DAG:fork3_dag
[2026-02-09T11:00:35.311+0000] {logging_mixin.py:188} INFO - [2026-02-09T11:00:35.311+0000] {dag.py:3036} INFO - Sync 1 DAGs
[2026-02-09T11:00:35.329+0000] {logging_mixin.py:188} INFO - [2026-02-09T11:00:35.329+0000] {dag.py:3058} INFO - Creating ORM DAG for fork3_dag
[2026-02-09T11:00:35.346+0000] {logging_mixin.py:188} INFO - [2026-02-09T11:00:35.346+0000] {dag.py:3823} INFO - Setting next_dagrun for fork3_dag to 2026-02-09 11:00:20+00:00, run_after=2026-02-09 11:00:30+00:00
[2026-02-09T11:00:35.372+0000] {processor.py:183} INFO - Processing /opt/airflow/dags/setup_dag.py took 0.286 seconds
[2026-02-09T11:01:05.429+0000] {processor.py:161} INFO - Started process (PID=17882) to work on /opt/airflow/dags/setup_dag.py
[2026-02-09T11:01:05.431+0000] {processor.py:830} INFO - Processing file /opt/airflow/dags/setup_dag.py for tasks to queue
[2026-02-09T11:01:05.433+0000] {logging_mixin.py:188} INFO - [2026-02-09T11:01:05.433+0000] {dagbag.py:538} INFO - Filling up the DagBag from /opt/airflow/dags/setup_dag.py
[2026-02-09T11:01:05.442+0000] {processor.py:840} INFO - DAG(s) 'fork3_dag' retrieved from /opt/airflow/dags/setup_dag.py
[2026-02-09T11:01:05.474+0000] {logging_mixin.py:188} INFO - [2026-02-09T11:01:05.473+0000] {dag.py:3036} INFO - Sync 1 DAGs
[2026-02-09T11:01:05.508+0000] {logging_mixin.py:188} INFO - [2026-02-09T11:01:05.507+0000] {dag.py:3823} INFO - Setting next_dagrun for fork3_dag to 2026-02-09 11:00:50+00:00, run_after=2026-02-09 11:01:00+00:00
[2026-02-09T11:01:05.534+0000] {processor.py:183} INFO - Processing /opt/airflow/dags/setup_dag.py took 0.110 seconds
[2026-02-09T11:01:35.859+0000] {processor.py:161} INFO - Started process (PID=17976) to work on /opt/airflow/dags/setup_dag.py
[2026-02-09T11:01:35.861+0000] {processor.py:830} INFO - Processing file /opt/airflow/dags/setup_dag.py for tasks to queue
[2026-02-09T11:01:35.864+0000] {logging_mixin.py:188} INFO - [2026-02-09T11:01:35.863+0000] {dagbag.py:538} INFO - Filling up the DagBag from /opt/airflow/dags/setup_dag.py
[2026-02-09T11:01:35.874+0000] {processor.py:840} INFO - DAG(s) 'fork3_dag' retrieved from /opt/airflow/dags/setup_dag.py
[2026-02-09T11:01:35.904+0000] {logging_mixin.py:188} INFO - [2026-02-09T11:01:35.904+0000] {dag.py:3036} INFO - Sync 1 DAGs
[2026-02-09T11:01:35.936+0000] {logging_mixin.py:188} INFO - [2026-02-09T11:01:35.936+0000] {dag.py:3823} INFO - Setting next_dagrun for fork3_dag to 2026-02-09 11:01:30+00:00, run_after=2026-02-09 11:01:40+00:00
[2026-02-09T11:01:35.960+0000] {processor.py:183} INFO - Processing /opt/airflow/dags/setup_dag.py took 0.107 seconds
[2026-02-09T11:02:06.364+0000] {processor.py:161} INFO - Started process (PID=18065) to work on /opt/airflow/dags/setup_dag.py
[2026-02-09T11:02:06.373+0000] {processor.py:830} INFO - Processing file /opt/airflow/dags/setup_dag.py for tasks to queue
[2026-02-09T11:02:06.376+0000] {logging_mixin.py:188} INFO - [2026-02-09T11:02:06.375+0000] {dagbag.py:538} INFO - Filling up the DagBag from /opt/airflow/dags/setup_dag.py
[2026-02-09T11:02:06.395+0000] {processor.py:840} INFO - DAG(s) 'fork3_dag' retrieved from /opt/airflow/dags/setup_dag.py
[2026-02-09T11:02:06.451+0000] {logging_mixin.py:188} INFO - [2026-02-09T11:02:06.451+0000] {dag.py:3036} INFO - Sync 1 DAGs
[2026-02-09T11:02:06.495+0000] {logging_mixin.py:188} INFO - [2026-02-09T11:02:06.495+0000] {dag.py:3823} INFO - Setting next_dagrun for fork3_dag to 2026-02-09 11:02:00+00:00, run_after=2026-02-09 11:02:10+00:00
[2026-02-09T11:02:06.550+0000] {processor.py:183} INFO - Processing /opt/airflow/dags/setup_dag.py took 0.200 seconds
[2026-02-09T11:02:36.779+0000] {processor.py:161} INFO - Started process (PID=18147) to work on /opt/airflow/dags/setup_dag.py
[2026-02-09T11:02:36.781+0000] {processor.py:830} INFO - Processing file /opt/airflow/dags/setup_dag.py for tasks to queue
[2026-02-09T11:02:36.785+0000] {logging_mixin.py:188} INFO - [2026-02-09T11:02:36.784+0000] {dagbag.py:538} INFO - Filling up the DagBag from /opt/airflow/dags/setup_dag.py
[2026-02-09T11:02:36.795+0000] {processor.py:840} INFO - DAG(s) 'fork3_dag' retrieved from /opt/airflow/dags/setup_dag.py
[2026-02-09T11:02:36.831+0000] {logging_mixin.py:188} INFO - [2026-02-09T11:02:36.831+0000] {dag.py:3036} INFO - Sync 1 DAGs
[2026-02-09T11:02:36.876+0000] {logging_mixin.py:188} INFO - [2026-02-09T11:02:36.875+0000] {dag.py:3823} INFO - Setting next_dagrun for fork3_dag to 2026-02-09 11:02:30+00:00, run_after=2026-02-09 11:02:40+00:00
[2026-02-09T11:02:36.908+0000] {processor.py:183} INFO - Processing /opt/airflow/dags/setup_dag.py took 0.135 seconds
[2026-02-09T11:03:07.125+0000] {processor.py:161} INFO - Started process (PID=18237) to work on /opt/airflow/dags/setup_dag.py
[2026-02-09T11:03:07.127+0000] {processor.py:830} INFO - Processing file /opt/airflow/dags/setup_dag.py for tasks to queue
[2026-02-09T11:03:07.130+0000] {logging_mixin.py:188} INFO - [2026-02-09T11:03:07.130+0000] {dagbag.py:538} INFO - Filling up the DagBag from /opt/airflow/dags/setup_dag.py
[2026-02-09T11:03:07.140+0000] {processor.py:840} INFO - DAG(s) 'fork3_dag' retrieved from /opt/airflow/dags/setup_dag.py
[2026-02-09T11:03:07.173+0000] {logging_mixin.py:188} INFO - [2026-02-09T11:03:07.173+0000] {dag.py:3036} INFO - Sync 1 DAGs
[2026-02-09T11:03:07.215+0000] {logging_mixin.py:188} INFO - [2026-02-09T11:03:07.215+0000] {dag.py:3823} INFO - Setting next_dagrun for fork3_dag to 2026-02-09 11:03:00+00:00, run_after=2026-02-09 11:03:10+00:00
[2026-02-09T11:03:07.246+0000] {processor.py:183} INFO - Processing /opt/airflow/dags/setup_dag.py took 0.127 seconds
[2026-02-09T11:03:37.304+0000] {processor.py:161} INFO - Started process (PID=18323) to work on /opt/airflow/dags/setup_dag.py
[2026-02-09T11:03:37.305+0000] {processor.py:830} INFO - Processing file /opt/airflow/dags/setup_dag.py for tasks to queue
[2026-02-09T11:03:37.308+0000] {logging_mixin.py:188} INFO - [2026-02-09T11:03:37.307+0000] {dagbag.py:538} INFO - Filling up the DagBag from /opt/airflow/dags/setup_dag.py
[2026-02-09T11:03:37.317+0000] {processor.py:840} INFO - DAG(s) 'fork3_dag' retrieved from /opt/airflow/dags/setup_dag.py
[2026-02-09T11:03:37.353+0000] {logging_mixin.py:188} INFO - [2026-02-09T11:03:37.353+0000] {dag.py:3036} INFO - Sync 1 DAGs
[2026-02-09T11:03:37.416+0000] {logging_mixin.py:188} INFO - [2026-02-09T11:03:37.416+0000] {dag.py:3823} INFO - Setting next_dagrun for fork3_dag to 2026-02-09 11:03:30+00:00, run_after=2026-02-09 11:03:40+00:00
[2026-02-09T11:03:37.461+0000] {processor.py:183} INFO - Processing /opt/airflow/dags/setup_dag.py took 0.162 seconds
[2026-02-09T11:04:07.595+0000] {processor.py:161} INFO - Started process (PID=18405) to work on /opt/airflow/dags/setup_dag.py
[2026-02-09T11:04:07.597+0000] {processor.py:830} INFO - Processing file /opt/airflow/dags/setup_dag.py for tasks to queue
[2026-02-09T11:04:07.599+0000] {logging_mixin.py:188} INFO - [2026-02-09T11:04:07.599+0000] {dagbag.py:538} INFO - Filling up the DagBag from /opt/airflow/dags/setup_dag.py
[2026-02-09T11:04:07.607+0000] {processor.py:840} INFO - DAG(s) 'fork3_dag' retrieved from /opt/airflow/dags/setup_dag.py
[2026-02-09T11:04:07.639+0000] {logging_mixin.py:188} INFO - [2026-02-09T11:04:07.639+0000] {dag.py:3036} INFO - Sync 1 DAGs
[2026-02-09T11:04:07.676+0000] {logging_mixin.py:188} INFO - [2026-02-09T11:04:07.675+0000] {dag.py:3823} INFO - Setting next_dagrun for fork3_dag to 2026-02-09 11:04:00+00:00, run_after=2026-02-09 11:04:10+00:00
[2026-02-09T11:04:07.703+0000] {processor.py:183} INFO - Processing /opt/airflow/dags/setup_dag.py took 0.114 seconds
[2026-02-09T11:04:38.025+0000] {processor.py:161} INFO - Started process (PID=18490) to work on /opt/airflow/dags/setup_dag.py
[2026-02-09T11:04:38.026+0000] {processor.py:830} INFO - Processing file /opt/airflow/dags/setup_dag.py for tasks to queue
[2026-02-09T11:04:38.029+0000] {logging_mixin.py:188} INFO - [2026-02-09T11:04:38.028+0000] {dagbag.py:538} INFO - Filling up the DagBag from /opt/airflow/dags/setup_dag.py
[2026-02-09T11:04:38.038+0000] {processor.py:840} INFO - DAG(s) 'fork3_dag' retrieved from /opt/airflow/dags/setup_dag.py
[2026-02-09T11:04:38.072+0000] {logging_mixin.py:188} INFO - [2026-02-09T11:04:38.072+0000] {dag.py:3036} INFO - Sync 1 DAGs
[2026-02-09T11:04:38.118+0000] {logging_mixin.py:188} INFO - [2026-02-09T11:04:38.118+0000] {dag.py:3823} INFO - Setting next_dagrun for fork3_dag to 2026-02-09 11:04:30+00:00, run_after=2026-02-09 11:04:40+00:00
[2026-02-09T11:04:38.153+0000] {processor.py:183} INFO - Processing /opt/airflow/dags/setup_dag.py took 0.133 seconds
[2026-02-09T11:05:08.731+0000] {processor.py:161} INFO - Started process (PID=18575) to work on /opt/airflow/dags/setup_dag.py
[2026-02-09T11:05:08.733+0000] {processor.py:830} INFO - Processing file /opt/airflow/dags/setup_dag.py for tasks to queue
[2026-02-09T11:05:08.736+0000] {logging_mixin.py:188} INFO - [2026-02-09T11:05:08.735+0000] {dagbag.py:538} INFO - Filling up the DagBag from /opt/airflow/dags/setup_dag.py
[2026-02-09T11:05:08.744+0000] {processor.py:840} INFO - DAG(s) 'fork3_dag' retrieved from /opt/airflow/dags/setup_dag.py
[2026-02-09T11:05:08.778+0000] {logging_mixin.py:188} INFO - [2026-02-09T11:05:08.777+0000] {dag.py:3036} INFO - Sync 1 DAGs
[2026-02-09T11:05:08.817+0000] {logging_mixin.py:188} INFO - [2026-02-09T11:05:08.817+0000] {dag.py:3823} INFO - Setting next_dagrun for fork3_dag to 2026-02-09 11:05:00+00:00, run_after=2026-02-09 11:05:10+00:00
[2026-02-09T11:05:08.847+0000] {processor.py:183} INFO - Processing /opt/airflow/dags/setup_dag.py took 0.122 seconds
[2026-02-09T11:05:39.454+0000] {processor.py:161} INFO - Started process (PID=18660) to work on /opt/airflow/dags/setup_dag.py
[2026-02-09T11:05:39.455+0000] {processor.py:830} INFO - Processing file /opt/airflow/dags/setup_dag.py for tasks to queue
[2026-02-09T11:05:39.457+0000] {logging_mixin.py:188} INFO - [2026-02-09T11:05:39.457+0000] {dagbag.py:538} INFO - Filling up the DagBag from /opt/airflow/dags/setup_dag.py
[2026-02-09T11:05:39.466+0000] {processor.py:840} INFO - DAG(s) 'fork3_dag' retrieved from /opt/airflow/dags/setup_dag.py
[2026-02-09T11:05:39.498+0000] {logging_mixin.py:188} INFO - [2026-02-09T11:05:39.497+0000] {dag.py:3036} INFO - Sync 1 DAGs
[2026-02-09T11:05:39.530+0000] {logging_mixin.py:188} INFO - [2026-02-09T11:05:39.530+0000] {dag.py:3823} INFO - Setting next_dagrun for fork3_dag to 2026-02-09 11:05:30+00:00, run_after=2026-02-09 11:05:40+00:00
[2026-02-09T11:05:39.556+0000] {processor.py:183} INFO - Processing /opt/airflow/dags/setup_dag.py took 0.107 seconds
[2026-02-09T11:06:09.975+0000] {processor.py:161} INFO - Started process (PID=18753) to work on /opt/airflow/dags/setup_dag.py
[2026-02-09T11:06:09.976+0000] {processor.py:830} INFO - Processing file /opt/airflow/dags/setup_dag.py for tasks to queue
[2026-02-09T11:06:09.979+0000] {logging_mixin.py:188} INFO - [2026-02-09T11:06:09.979+0000] {dagbag.py:538} INFO - Filling up the DagBag from /opt/airflow/dags/setup_dag.py
[2026-02-09T11:06:09.988+0000] {processor.py:840} INFO - DAG(s) 'fork3_dag' retrieved from /opt/airflow/dags/setup_dag.py
[2026-02-09T11:06:10.019+0000] {logging_mixin.py:188} INFO - [2026-02-09T11:06:10.019+0000] {dag.py:3036} INFO - Sync 1 DAGs
[2026-02-09T11:06:10.061+0000] {logging_mixin.py:188} INFO - [2026-02-09T11:06:10.061+0000] {dag.py:3823} INFO - Setting next_dagrun for fork3_dag to 2026-02-09 11:06:00+00:00, run_after=2026-02-09 11:06:10+00:00
[2026-02-09T11:06:10.097+0000] {processor.py:183} INFO - Processing /opt/airflow/dags/setup_dag.py took 0.127 seconds
[2026-02-09T11:06:40.548+0000] {processor.py:161} INFO - Started process (PID=18839) to work on /opt/airflow/dags/setup_dag.py
[2026-02-09T11:06:40.550+0000] {processor.py:830} INFO - Processing file /opt/airflow/dags/setup_dag.py for tasks to queue
[2026-02-09T11:06:40.553+0000] {logging_mixin.py:188} INFO - [2026-02-09T11:06:40.553+0000] {dagbag.py:538} INFO - Filling up the DagBag from /opt/airflow/dags/setup_dag.py
[2026-02-09T11:06:40.564+0000] {processor.py:840} INFO - DAG(s) 'fork3_dag' retrieved from /opt/airflow/dags/setup_dag.py
[2026-02-09T11:06:40.600+0000] {logging_mixin.py:188} INFO - [2026-02-09T11:06:40.599+0000] {dag.py:3036} INFO - Sync 1 DAGs
[2026-02-09T11:06:40.647+0000] {logging_mixin.py:188} INFO - [2026-02-09T11:06:40.647+0000] {dag.py:3823} INFO - Setting next_dagrun for fork3_dag to 2026-02-09 11:06:40+00:00, run_after=2026-02-09 11:06:50+00:00
[2026-02-09T11:06:40.703+0000] {processor.py:183} INFO - Processing /opt/airflow/dags/setup_dag.py took 0.162 seconds
[2026-02-09T11:07:10.767+0000] {processor.py:161} INFO - Started process (PID=18928) to work on /opt/airflow/dags/setup_dag.py
[2026-02-09T11:07:10.769+0000] {processor.py:830} INFO - Processing file /opt/airflow/dags/setup_dag.py for tasks to queue
[2026-02-09T11:07:10.772+0000] {logging_mixin.py:188} INFO - [2026-02-09T11:07:10.771+0000] {dagbag.py:538} INFO - Filling up the DagBag from /opt/airflow/dags/setup_dag.py
[2026-02-09T11:07:10.782+0000] {processor.py:840} INFO - DAG(s) 'fork3_dag' retrieved from /opt/airflow/dags/setup_dag.py
[2026-02-09T11:07:10.818+0000] {logging_mixin.py:188} INFO - [2026-02-09T11:07:10.818+0000] {dag.py:3036} INFO - Sync 1 DAGs
[2026-02-09T11:07:10.864+0000] {logging_mixin.py:188} INFO - [2026-02-09T11:07:10.863+0000] {dag.py:3823} INFO - Setting next_dagrun for fork3_dag to 2026-02-09 11:07:10+00:00, run_after=2026-02-09 11:07:20+00:00
[2026-02-09T11:07:10.897+0000] {processor.py:183} INFO - Processing /opt/airflow/dags/setup_dag.py took 0.137 seconds
[2026-02-09T11:07:41.116+0000] {processor.py:161} INFO - Started process (PID=19015) to work on /opt/airflow/dags/setup_dag.py
[2026-02-09T11:07:41.117+0000] {processor.py:830} INFO - Processing file /opt/airflow/dags/setup_dag.py for tasks to queue
[2026-02-09T11:07:41.120+0000] {logging_mixin.py:188} INFO - [2026-02-09T11:07:41.120+0000] {dagbag.py:538} INFO - Filling up the DagBag from /opt/airflow/dags/setup_dag.py
[2026-02-09T11:07:41.131+0000] {processor.py:840} INFO - DAG(s) 'fork3_dag' retrieved from /opt/airflow/dags/setup_dag.py
[2026-02-09T11:07:41.162+0000] {logging_mixin.py:188} INFO - [2026-02-09T11:07:41.162+0000] {dag.py:3036} INFO - Sync 1 DAGs
[2026-02-09T11:07:41.198+0000] {logging_mixin.py:188} INFO - [2026-02-09T11:07:41.198+0000] {dag.py:3823} INFO - Setting next_dagrun for fork3_dag to 2026-02-09 11:07:40+00:00, run_after=2026-02-09 11:07:50+00:00
[2026-02-09T11:07:41.232+0000] {processor.py:183} INFO - Processing /opt/airflow/dags/setup_dag.py took 0.122 seconds
[2026-02-09T11:08:11.870+0000] {processor.py:161} INFO - Started process (PID=19101) to work on /opt/airflow/dags/setup_dag.py
[2026-02-09T11:08:11.874+0000] {processor.py:830} INFO - Processing file /opt/airflow/dags/setup_dag.py for tasks to queue
[2026-02-09T11:08:11.878+0000] {logging_mixin.py:188} INFO - [2026-02-09T11:08:11.877+0000] {dagbag.py:538} INFO - Filling up the DagBag from /opt/airflow/dags/setup_dag.py
[2026-02-09T11:08:11.888+0000] {processor.py:840} INFO - DAG(s) 'fork3_dag' retrieved from /opt/airflow/dags/setup_dag.py
[2026-02-09T11:08:11.931+0000] {logging_mixin.py:188} INFO - [2026-02-09T11:08:11.931+0000] {dag.py:3036} INFO - Sync 1 DAGs
[2026-02-09T11:08:11.968+0000] {logging_mixin.py:188} INFO - [2026-02-09T11:08:11.967+0000] {dag.py:3823} INFO - Setting next_dagrun for fork3_dag to 2026-02-09 11:08:10+00:00, run_after=2026-02-09 11:08:20+00:00
[2026-02-09T11:08:11.994+0000] {processor.py:183} INFO - Processing /opt/airflow/dags/setup_dag.py took 0.129 seconds
[2026-02-09T11:08:42.112+0000] {processor.py:161} INFO - Started process (PID=19187) to work on /opt/airflow/dags/setup_dag.py
[2026-02-09T11:08:42.113+0000] {processor.py:830} INFO - Processing file /opt/airflow/dags/setup_dag.py for tasks to queue
[2026-02-09T11:08:42.116+0000] {logging_mixin.py:188} INFO - [2026-02-09T11:08:42.115+0000] {dagbag.py:538} INFO - Filling up the DagBag from /opt/airflow/dags/setup_dag.py
[2026-02-09T11:08:42.125+0000] {processor.py:840} INFO - DAG(s) 'fork3_dag' retrieved from /opt/airflow/dags/setup_dag.py
[2026-02-09T11:08:42.158+0000] {logging_mixin.py:188} INFO - [2026-02-09T11:08:42.158+0000] {dag.py:3036} INFO - Sync 1 DAGs
[2026-02-09T11:08:42.203+0000] {logging_mixin.py:188} INFO - [2026-02-09T11:08:42.203+0000] {dag.py:3823} INFO - Setting next_dagrun for fork3_dag to 2026-02-09 11:08:40+00:00, run_after=2026-02-09 11:08:50+00:00
[2026-02-09T11:08:42.236+0000] {processor.py:183} INFO - Processing /opt/airflow/dags/setup_dag.py took 0.129 seconds
[2026-02-09T11:09:12.286+0000] {processor.py:161} INFO - Started process (PID=19271) to work on /opt/airflow/dags/setup_dag.py
[2026-02-09T11:09:12.288+0000] {processor.py:830} INFO - Processing file /opt/airflow/dags/setup_dag.py for tasks to queue
[2026-02-09T11:09:12.291+0000] {logging_mixin.py:188} INFO - [2026-02-09T11:09:12.290+0000] {dagbag.py:538} INFO - Filling up the DagBag from /opt/airflow/dags/setup_dag.py
[2026-02-09T11:09:12.301+0000] {processor.py:840} INFO - DAG(s) 'fork3_dag' retrieved from /opt/airflow/dags/setup_dag.py
[2026-02-09T11:09:12.344+0000] {logging_mixin.py:188} INFO - [2026-02-09T11:09:12.343+0000] {dag.py:3036} INFO - Sync 1 DAGs
[2026-02-09T11:09:12.388+0000] {logging_mixin.py:188} INFO - [2026-02-09T11:09:12.388+0000] {dag.py:3823} INFO - Setting next_dagrun for fork3_dag to 2026-02-09 11:09:10+00:00, run_after=2026-02-09 11:09:20+00:00
[2026-02-09T11:09:12.422+0000] {processor.py:183} INFO - Processing /opt/airflow/dags/setup_dag.py took 0.143 seconds
[2026-02-09T11:09:33.748+0000] {processor.py:161} INFO - Started process (PID=19342) to work on /opt/airflow/dags/setup_dag.py
[2026-02-09T11:09:33.750+0000] {processor.py:830} INFO - Processing file /opt/airflow/dags/setup_dag.py for tasks to queue
[2026-02-09T11:09:33.753+0000] {logging_mixin.py:188} INFO - [2026-02-09T11:09:33.752+0000] {dagbag.py:538} INFO - Filling up the DagBag from /opt/airflow/dags/setup_dag.py
[2026-02-09T11:09:33.760+0000] {logging_mixin.py:188} INFO - [2026-02-09T11:09:33.759+0000] {dagbag.py:348} ERROR - Failed to import: /opt/airflow/dags/setup_dag.py
Traceback (most recent call last):
  File "/home/airflow/.local/lib/python3.8/site-packages/airflow/models/dagbag.py", line 344, in parse
    loader.exec_module(new_module)
  File "<frozen importlib._bootstrap_external>", line 843, in exec_module
  File "<frozen importlib._bootstrap>", line 219, in _call_with_frames_removed
  File "/opt/airflow/dags/setup_dag.py", line 7, in <module>
    AIRFLOW__SMTP__SMTP_HOST=smtp.gmail.com
NameError: name 'smtp' is not defined
[2026-02-09T11:09:33.761+0000] {processor.py:842} WARNING - No viable dags retrieved from /opt/airflow/dags/setup_dag.py
[2026-02-09T11:09:33.795+0000] {processor.py:183} INFO - Processing /opt/airflow/dags/setup_dag.py took 0.054 seconds
[2026-02-09T11:09:58.659+0000] {processor.py:161} INFO - Started process (PID=19394) to work on /opt/airflow/dags/setup_dag.py
[2026-02-09T11:09:58.660+0000] {processor.py:830} INFO - Processing file /opt/airflow/dags/setup_dag.py for tasks to queue
[2026-02-09T11:09:58.663+0000] {logging_mixin.py:188} INFO - [2026-02-09T11:09:58.662+0000] {dagbag.py:538} INFO - Filling up the DagBag from /opt/airflow/dags/setup_dag.py
[2026-02-09T11:09:58.668+0000] {logging_mixin.py:188} INFO - [2026-02-09T11:09:58.667+0000] {dagbag.py:348} ERROR - Failed to import: /opt/airflow/dags/setup_dag.py
Traceback (most recent call last):
  File "/home/airflow/.local/lib/python3.8/site-packages/airflow/models/dagbag.py", line 344, in parse
    loader.exec_module(new_module)
  File "<frozen importlib._bootstrap_external>", line 843, in exec_module
  File "<frozen importlib._bootstrap>", line 219, in _call_with_frames_removed
  File "/opt/airflow/dags/setup_dag.py", line 7, in <module>
    AIRFLOW__SMTP__SMTP_HOST=smtp.gmail.com
NameError: name 'smtp' is not defined
[2026-02-09T11:09:58.668+0000] {processor.py:842} WARNING - No viable dags retrieved from /opt/airflow/dags/setup_dag.py
[2026-02-09T11:09:58.693+0000] {processor.py:183} INFO - Processing /opt/airflow/dags/setup_dag.py took 0.039 seconds
[2026-02-09T11:10:28.991+0000] {processor.py:161} INFO - Started process (PID=19467) to work on /opt/airflow/dags/setup_dag.py
[2026-02-09T11:10:28.992+0000] {processor.py:830} INFO - Processing file /opt/airflow/dags/setup_dag.py for tasks to queue
[2026-02-09T11:10:28.994+0000] {logging_mixin.py:188} INFO - [2026-02-09T11:10:28.993+0000] {dagbag.py:538} INFO - Filling up the DagBag from /opt/airflow/dags/setup_dag.py
[2026-02-09T11:10:28.998+0000] {logging_mixin.py:188} INFO - [2026-02-09T11:10:28.996+0000] {dagbag.py:348} ERROR - Failed to import: /opt/airflow/dags/setup_dag.py
Traceback (most recent call last):
  File "/home/airflow/.local/lib/python3.8/site-packages/airflow/models/dagbag.py", line 344, in parse
    loader.exec_module(new_module)
  File "<frozen importlib._bootstrap_external>", line 843, in exec_module
  File "<frozen importlib._bootstrap>", line 219, in _call_with_frames_removed
  File "/opt/airflow/dags/setup_dag.py", line 7, in <module>
    AIRFLOW__SMTP__SMTP_HOST=smtp.gmail.com
NameError: name 'smtp' is not defined
[2026-02-09T11:10:28.998+0000] {processor.py:842} WARNING - No viable dags retrieved from /opt/airflow/dags/setup_dag.py
[2026-02-09T11:10:29.024+0000] {processor.py:183} INFO - Processing /opt/airflow/dags/setup_dag.py took 0.038 seconds
[2026-02-09T11:10:59.440+0000] {processor.py:161} INFO - Started process (PID=19547) to work on /opt/airflow/dags/setup_dag.py
[2026-02-09T11:10:59.442+0000] {processor.py:830} INFO - Processing file /opt/airflow/dags/setup_dag.py for tasks to queue
[2026-02-09T11:10:59.443+0000] {logging_mixin.py:188} INFO - [2026-02-09T11:10:59.442+0000] {dagbag.py:538} INFO - Filling up the DagBag from /opt/airflow/dags/setup_dag.py
[2026-02-09T11:10:59.447+0000] {logging_mixin.py:188} INFO - [2026-02-09T11:10:59.446+0000] {dagbag.py:348} ERROR - Failed to import: /opt/airflow/dags/setup_dag.py
Traceback (most recent call last):
  File "/home/airflow/.local/lib/python3.8/site-packages/airflow/models/dagbag.py", line 344, in parse
    loader.exec_module(new_module)
  File "<frozen importlib._bootstrap_external>", line 843, in exec_module
  File "<frozen importlib._bootstrap>", line 219, in _call_with_frames_removed
  File "/opt/airflow/dags/setup_dag.py", line 7, in <module>
    AIRFLOW__SMTP__SMTP_HOST=smtp.gmail.com
NameError: name 'smtp' is not defined
[2026-02-09T11:10:59.447+0000] {processor.py:842} WARNING - No viable dags retrieved from /opt/airflow/dags/setup_dag.py
[2026-02-09T11:10:59.476+0000] {processor.py:183} INFO - Processing /opt/airflow/dags/setup_dag.py took 0.041 seconds
[2026-02-09T11:11:29.875+0000] {processor.py:161} INFO - Started process (PID=19621) to work on /opt/airflow/dags/setup_dag.py
[2026-02-09T11:11:29.876+0000] {processor.py:830} INFO - Processing file /opt/airflow/dags/setup_dag.py for tasks to queue
[2026-02-09T11:11:29.878+0000] {logging_mixin.py:188} INFO - [2026-02-09T11:11:29.877+0000] {dagbag.py:538} INFO - Filling up the DagBag from /opt/airflow/dags/setup_dag.py
[2026-02-09T11:11:29.882+0000] {logging_mixin.py:188} INFO - [2026-02-09T11:11:29.881+0000] {dagbag.py:348} ERROR - Failed to import: /opt/airflow/dags/setup_dag.py
Traceback (most recent call last):
  File "/home/airflow/.local/lib/python3.8/site-packages/airflow/models/dagbag.py", line 344, in parse
    loader.exec_module(new_module)
  File "<frozen importlib._bootstrap_external>", line 843, in exec_module
  File "<frozen importlib._bootstrap>", line 219, in _call_with_frames_removed
  File "/opt/airflow/dags/setup_dag.py", line 7, in <module>
    AIRFLOW__SMTP__SMTP_HOST=smtp.gmail.com
NameError: name 'smtp' is not defined
[2026-02-09T11:11:29.883+0000] {processor.py:842} WARNING - No viable dags retrieved from /opt/airflow/dags/setup_dag.py
[2026-02-09T11:11:29.913+0000] {processor.py:183} INFO - Processing /opt/airflow/dags/setup_dag.py took 0.044 seconds
[2026-02-09T11:12:00.247+0000] {processor.py:161} INFO - Started process (PID=19694) to work on /opt/airflow/dags/setup_dag.py
[2026-02-09T11:12:00.249+0000] {processor.py:830} INFO - Processing file /opt/airflow/dags/setup_dag.py for tasks to queue
[2026-02-09T11:12:00.251+0000] {logging_mixin.py:188} INFO - [2026-02-09T11:12:00.250+0000] {dagbag.py:538} INFO - Filling up the DagBag from /opt/airflow/dags/setup_dag.py
[2026-02-09T11:12:00.256+0000] {logging_mixin.py:188} INFO - [2026-02-09T11:12:00.254+0000] {dagbag.py:348} ERROR - Failed to import: /opt/airflow/dags/setup_dag.py
Traceback (most recent call last):
  File "/home/airflow/.local/lib/python3.8/site-packages/airflow/models/dagbag.py", line 344, in parse
    loader.exec_module(new_module)
  File "<frozen importlib._bootstrap_external>", line 843, in exec_module
  File "<frozen importlib._bootstrap>", line 219, in _call_with_frames_removed
  File "/opt/airflow/dags/setup_dag.py", line 7, in <module>
    AIRFLOW__SMTP__SMTP_HOST=smtp.gmail.com
NameError: name 'smtp' is not defined
[2026-02-09T11:12:00.257+0000] {processor.py:842} WARNING - No viable dags retrieved from /opt/airflow/dags/setup_dag.py
[2026-02-09T11:12:00.290+0000] {processor.py:183} INFO - Processing /opt/airflow/dags/setup_dag.py took 0.049 seconds
[2026-02-09T11:12:30.599+0000] {processor.py:161} INFO - Started process (PID=19767) to work on /opt/airflow/dags/setup_dag.py
[2026-02-09T11:12:30.601+0000] {processor.py:830} INFO - Processing file /opt/airflow/dags/setup_dag.py for tasks to queue
[2026-02-09T11:12:30.602+0000] {logging_mixin.py:188} INFO - [2026-02-09T11:12:30.602+0000] {dagbag.py:538} INFO - Filling up the DagBag from /opt/airflow/dags/setup_dag.py
[2026-02-09T11:12:30.606+0000] {logging_mixin.py:188} INFO - [2026-02-09T11:12:30.605+0000] {dagbag.py:348} ERROR - Failed to import: /opt/airflow/dags/setup_dag.py
Traceback (most recent call last):
  File "/home/airflow/.local/lib/python3.8/site-packages/airflow/models/dagbag.py", line 344, in parse
    loader.exec_module(new_module)
  File "<frozen importlib._bootstrap_external>", line 843, in exec_module
  File "<frozen importlib._bootstrap>", line 219, in _call_with_frames_removed
  File "/opt/airflow/dags/setup_dag.py", line 7, in <module>
    AIRFLOW__SMTP__SMTP_HOST=smtp.gmail.com
NameError: name 'smtp' is not defined
[2026-02-09T11:12:30.607+0000] {processor.py:842} WARNING - No viable dags retrieved from /opt/airflow/dags/setup_dag.py
[2026-02-09T11:12:30.632+0000] {processor.py:183} INFO - Processing /opt/airflow/dags/setup_dag.py took 0.037 seconds
[2026-02-09T11:13:01.530+0000] {processor.py:161} INFO - Started process (PID=19840) to work on /opt/airflow/dags/setup_dag.py
[2026-02-09T11:13:01.533+0000] {processor.py:830} INFO - Processing file /opt/airflow/dags/setup_dag.py for tasks to queue
[2026-02-09T11:13:01.534+0000] {logging_mixin.py:188} INFO - [2026-02-09T11:13:01.534+0000] {dagbag.py:538} INFO - Filling up the DagBag from /opt/airflow/dags/setup_dag.py
[2026-02-09T11:13:01.538+0000] {logging_mixin.py:188} INFO - [2026-02-09T11:13:01.537+0000] {dagbag.py:348} ERROR - Failed to import: /opt/airflow/dags/setup_dag.py
Traceback (most recent call last):
  File "/home/airflow/.local/lib/python3.8/site-packages/airflow/models/dagbag.py", line 344, in parse
    loader.exec_module(new_module)
  File "<frozen importlib._bootstrap_external>", line 843, in exec_module
  File "<frozen importlib._bootstrap>", line 219, in _call_with_frames_removed
  File "/opt/airflow/dags/setup_dag.py", line 7, in <module>
    AIRFLOW__SMTP__SMTP_HOST=smtp.gmail.com
NameError: name 'smtp' is not defined
[2026-02-09T11:13:01.539+0000] {processor.py:842} WARNING - No viable dags retrieved from /opt/airflow/dags/setup_dag.py
[2026-02-09T11:13:01.570+0000] {processor.py:183} INFO - Processing /opt/airflow/dags/setup_dag.py took 0.045 seconds
[2026-02-09T11:13:32.287+0000] {processor.py:161} INFO - Started process (PID=19913) to work on /opt/airflow/dags/setup_dag.py
[2026-02-09T11:13:32.290+0000] {processor.py:830} INFO - Processing file /opt/airflow/dags/setup_dag.py for tasks to queue
[2026-02-09T11:13:32.291+0000] {logging_mixin.py:188} INFO - [2026-02-09T11:13:32.291+0000] {dagbag.py:538} INFO - Filling up the DagBag from /opt/airflow/dags/setup_dag.py
[2026-02-09T11:13:32.295+0000] {logging_mixin.py:188} INFO - [2026-02-09T11:13:32.294+0000] {dagbag.py:348} ERROR - Failed to import: /opt/airflow/dags/setup_dag.py
Traceback (most recent call last):
  File "/home/airflow/.local/lib/python3.8/site-packages/airflow/models/dagbag.py", line 344, in parse
    loader.exec_module(new_module)
  File "<frozen importlib._bootstrap_external>", line 843, in exec_module
  File "<frozen importlib._bootstrap>", line 219, in _call_with_frames_removed
  File "/opt/airflow/dags/setup_dag.py", line 7, in <module>
    AIRFLOW__SMTP__SMTP_HOST=smtp.gmail.com
NameError: name 'smtp' is not defined
[2026-02-09T11:13:32.296+0000] {processor.py:842} WARNING - No viable dags retrieved from /opt/airflow/dags/setup_dag.py
[2026-02-09T11:13:32.323+0000] {processor.py:183} INFO - Processing /opt/airflow/dags/setup_dag.py took 0.041 seconds
[2026-02-09T11:14:02.987+0000] {processor.py:161} INFO - Started process (PID=19987) to work on /opt/airflow/dags/setup_dag.py
[2026-02-09T11:14:02.988+0000] {processor.py:830} INFO - Processing file /opt/airflow/dags/setup_dag.py for tasks to queue
[2026-02-09T11:14:02.989+0000] {logging_mixin.py:188} INFO - [2026-02-09T11:14:02.989+0000] {dagbag.py:538} INFO - Filling up the DagBag from /opt/airflow/dags/setup_dag.py
[2026-02-09T11:14:02.993+0000] {logging_mixin.py:188} INFO - [2026-02-09T11:14:02.992+0000] {dagbag.py:348} ERROR - Failed to import: /opt/airflow/dags/setup_dag.py
Traceback (most recent call last):
  File "/home/airflow/.local/lib/python3.8/site-packages/airflow/models/dagbag.py", line 344, in parse
    loader.exec_module(new_module)
  File "<frozen importlib._bootstrap_external>", line 843, in exec_module
  File "<frozen importlib._bootstrap>", line 219, in _call_with_frames_removed
  File "/opt/airflow/dags/setup_dag.py", line 7, in <module>
    AIRFLOW__SMTP__SMTP_HOST=smtp.gmail.com
NameError: name 'smtp' is not defined
[2026-02-09T11:14:02.994+0000] {processor.py:842} WARNING - No viable dags retrieved from /opt/airflow/dags/setup_dag.py
[2026-02-09T11:14:03.018+0000] {processor.py:183} INFO - Processing /opt/airflow/dags/setup_dag.py took 0.035 seconds
[2026-02-09T11:14:33.330+0000] {processor.py:161} INFO - Started process (PID=20062) to work on /opt/airflow/dags/setup_dag.py
[2026-02-09T11:14:33.332+0000] {processor.py:830} INFO - Processing file /opt/airflow/dags/setup_dag.py for tasks to queue
[2026-02-09T11:14:33.333+0000] {logging_mixin.py:188} INFO - [2026-02-09T11:14:33.333+0000] {dagbag.py:538} INFO - Filling up the DagBag from /opt/airflow/dags/setup_dag.py
[2026-02-09T11:14:33.337+0000] {logging_mixin.py:188} INFO - [2026-02-09T11:14:33.336+0000] {dagbag.py:348} ERROR - Failed to import: /opt/airflow/dags/setup_dag.py
Traceback (most recent call last):
  File "/home/airflow/.local/lib/python3.8/site-packages/airflow/models/dagbag.py", line 344, in parse
    loader.exec_module(new_module)
  File "<frozen importlib._bootstrap_external>", line 843, in exec_module
  File "<frozen importlib._bootstrap>", line 219, in _call_with_frames_removed
  File "/opt/airflow/dags/setup_dag.py", line 7, in <module>
    AIRFLOW__SMTP__SMTP_HOST=smtp.gmail.com
NameError: name 'smtp' is not defined
[2026-02-09T11:14:33.337+0000] {processor.py:842} WARNING - No viable dags retrieved from /opt/airflow/dags/setup_dag.py
[2026-02-09T11:14:33.363+0000] {processor.py:183} INFO - Processing /opt/airflow/dags/setup_dag.py took 0.037 seconds
[2026-02-09T11:15:03.592+0000] {processor.py:161} INFO - Started process (PID=20144) to work on /opt/airflow/dags/setup_dag.py
[2026-02-09T11:15:03.594+0000] {processor.py:830} INFO - Processing file /opt/airflow/dags/setup_dag.py for tasks to queue
[2026-02-09T11:15:03.595+0000] {logging_mixin.py:188} INFO - [2026-02-09T11:15:03.595+0000] {dagbag.py:538} INFO - Filling up the DagBag from /opt/airflow/dags/setup_dag.py
[2026-02-09T11:15:03.601+0000] {logging_mixin.py:188} INFO - [2026-02-09T11:15:03.599+0000] {dagbag.py:348} ERROR - Failed to import: /opt/airflow/dags/setup_dag.py
Traceback (most recent call last):
  File "/home/airflow/.local/lib/python3.8/site-packages/airflow/models/dagbag.py", line 344, in parse
    loader.exec_module(new_module)
  File "<frozen importlib._bootstrap_external>", line 843, in exec_module
  File "<frozen importlib._bootstrap>", line 219, in _call_with_frames_removed
  File "/opt/airflow/dags/setup_dag.py", line 7, in <module>
    AIRFLOW__SMTP__SMTP_HOST=smtp.gmail.com
NameError: name 'smtp' is not defined
[2026-02-09T11:15:03.602+0000] {processor.py:842} WARNING - No viable dags retrieved from /opt/airflow/dags/setup_dag.py
[2026-02-09T11:15:03.639+0000] {processor.py:183} INFO - Processing /opt/airflow/dags/setup_dag.py took 0.052 seconds
[2026-02-09T11:15:31.325+0000] {processor.py:161} INFO - Started process (PID=20213) to work on /opt/airflow/dags/setup_dag.py
[2026-02-09T11:15:31.327+0000] {processor.py:830} INFO - Processing file /opt/airflow/dags/setup_dag.py for tasks to queue
[2026-02-09T11:15:31.328+0000] {logging_mixin.py:188} INFO - [2026-02-09T11:15:31.328+0000] {dagbag.py:538} INFO - Filling up the DagBag from /opt/airflow/dags/setup_dag.py
[2026-02-09T11:15:31.333+0000] {logging_mixin.py:188} INFO - [2026-02-09T11:15:31.332+0000] {dagbag.py:348} ERROR - Failed to import: /opt/airflow/dags/setup_dag.py
Traceback (most recent call last):
  File "/home/airflow/.local/lib/python3.8/site-packages/airflow/models/dagbag.py", line 344, in parse
    loader.exec_module(new_module)
  File "<frozen importlib._bootstrap_external>", line 843, in exec_module
  File "<frozen importlib._bootstrap>", line 219, in _call_with_frames_removed
  File "/opt/airflow/dags/setup_dag.py", line 7, in <module>
    AIRFLOW__SMTP__SMTP_HOST=smtp.gmail.com
NameError: name 'smtp' is not defined
[2026-02-09T11:15:31.334+0000] {processor.py:842} WARNING - No viable dags retrieved from /opt/airflow/dags/setup_dag.py
[2026-02-09T11:15:31.366+0000] {processor.py:183} INFO - Processing /opt/airflow/dags/setup_dag.py took 0.046 seconds
[2026-02-09T11:16:01.539+0000] {processor.py:161} INFO - Started process (PID=20287) to work on /opt/airflow/dags/setup_dag.py
[2026-02-09T11:16:01.541+0000] {processor.py:830} INFO - Processing file /opt/airflow/dags/setup_dag.py for tasks to queue
[2026-02-09T11:16:01.542+0000] {logging_mixin.py:188} INFO - [2026-02-09T11:16:01.541+0000] {dagbag.py:538} INFO - Filling up the DagBag from /opt/airflow/dags/setup_dag.py
[2026-02-09T11:16:01.546+0000] {logging_mixin.py:188} INFO - [2026-02-09T11:16:01.545+0000] {dagbag.py:348} ERROR - Failed to import: /opt/airflow/dags/setup_dag.py
Traceback (most recent call last):
  File "/home/airflow/.local/lib/python3.8/site-packages/airflow/models/dagbag.py", line 344, in parse
    loader.exec_module(new_module)
  File "<frozen importlib._bootstrap_external>", line 843, in exec_module
  File "<frozen importlib._bootstrap>", line 219, in _call_with_frames_removed
  File "/opt/airflow/dags/setup_dag.py", line 7, in <module>
    AIRFLOW__SMTP__SMTP_HOST=smtp.gmail.com
NameError: name 'smtp' is not defined
[2026-02-09T11:16:01.546+0000] {processor.py:842} WARNING - No viable dags retrieved from /opt/airflow/dags/setup_dag.py
[2026-02-09T11:16:01.576+0000] {processor.py:183} INFO - Processing /opt/airflow/dags/setup_dag.py took 0.041 seconds
[2026-02-09T11:16:03.628+0000] {processor.py:161} INFO - Started process (PID=20289) to work on /opt/airflow/dags/setup_dag.py
[2026-02-09T11:16:03.630+0000] {processor.py:830} INFO - Processing file /opt/airflow/dags/setup_dag.py for tasks to queue
[2026-02-09T11:16:03.631+0000] {logging_mixin.py:188} INFO - [2026-02-09T11:16:03.631+0000] {dagbag.py:538} INFO - Filling up the DagBag from /opt/airflow/dags/setup_dag.py
[2026-02-09T11:16:03.641+0000] {processor.py:840} INFO - DAG(s) 'fork3_dag' retrieved from /opt/airflow/dags/setup_dag.py
[2026-02-09T11:16:03.974+0000] {logging_mixin.py:188} INFO - [2026-02-09T11:16:03.974+0000] {dag.py:3036} INFO - Sync 1 DAGs
[2026-02-09T11:16:04.004+0000] {logging_mixin.py:188} INFO - [2026-02-09T11:16:04.003+0000] {dag.py:3823} INFO - Setting next_dagrun for fork3_dag to 2026-02-09 11:15:50+00:00, run_after=2026-02-09 11:16:00+00:00
[2026-02-09T11:16:04.030+0000] {processor.py:183} INFO - Processing /opt/airflow/dags/setup_dag.py took 0.407 seconds
[2026-02-09T11:16:34.131+0000] {processor.py:161} INFO - Started process (PID=20382) to work on /opt/airflow/dags/setup_dag.py
[2026-02-09T11:16:34.132+0000] {processor.py:830} INFO - Processing file /opt/airflow/dags/setup_dag.py for tasks to queue
[2026-02-09T11:16:34.134+0000] {logging_mixin.py:188} INFO - [2026-02-09T11:16:34.133+0000] {dagbag.py:538} INFO - Filling up the DagBag from /opt/airflow/dags/setup_dag.py
[2026-02-09T11:16:34.146+0000] {processor.py:840} INFO - DAG(s) 'fork3_dag' retrieved from /opt/airflow/dags/setup_dag.py
[2026-02-09T11:16:34.182+0000] {logging_mixin.py:188} INFO - [2026-02-09T11:16:34.182+0000] {dag.py:3036} INFO - Sync 1 DAGs
[2026-02-09T11:16:34.236+0000] {logging_mixin.py:188} INFO - [2026-02-09T11:16:34.236+0000] {dag.py:3823} INFO - Setting next_dagrun for fork3_dag to 2026-02-09 11:16:30+00:00, run_after=2026-02-09 11:16:40+00:00
[2026-02-09T11:16:34.276+0000] {processor.py:183} INFO - Processing /opt/airflow/dags/setup_dag.py took 0.151 seconds
[2026-02-09T11:17:04.960+0000] {processor.py:161} INFO - Started process (PID=20466) to work on /opt/airflow/dags/setup_dag.py
[2026-02-09T11:17:04.965+0000] {processor.py:830} INFO - Processing file /opt/airflow/dags/setup_dag.py for tasks to queue
[2026-02-09T11:17:04.966+0000] {logging_mixin.py:188} INFO - [2026-02-09T11:17:04.966+0000] {dagbag.py:538} INFO - Filling up the DagBag from /opt/airflow/dags/setup_dag.py
[2026-02-09T11:17:04.975+0000] {processor.py:840} INFO - DAG(s) 'fork3_dag' retrieved from /opt/airflow/dags/setup_dag.py
[2026-02-09T11:17:05.005+0000] {logging_mixin.py:188} INFO - [2026-02-09T11:17:05.005+0000] {dag.py:3036} INFO - Sync 1 DAGs
[2026-02-09T11:17:05.039+0000] {logging_mixin.py:188} INFO - [2026-02-09T11:17:05.039+0000] {dag.py:3823} INFO - Setting next_dagrun for fork3_dag to 2026-02-09 11:17:00+00:00, run_after=2026-02-09 11:17:10+00:00
[2026-02-09T11:17:05.071+0000] {processor.py:183} INFO - Processing /opt/airflow/dags/setup_dag.py took 0.115 seconds
[2026-02-09T11:17:35.758+0000] {processor.py:161} INFO - Started process (PID=20551) to work on /opt/airflow/dags/setup_dag.py
[2026-02-09T11:17:35.760+0000] {processor.py:830} INFO - Processing file /opt/airflow/dags/setup_dag.py for tasks to queue
[2026-02-09T11:17:35.762+0000] {logging_mixin.py:188} INFO - [2026-02-09T11:17:35.761+0000] {dagbag.py:538} INFO - Filling up the DagBag from /opt/airflow/dags/setup_dag.py
[2026-02-09T11:17:35.772+0000] {processor.py:840} INFO - DAG(s) 'fork3_dag' retrieved from /opt/airflow/dags/setup_dag.py
[2026-02-09T11:17:35.822+0000] {logging_mixin.py:188} INFO - [2026-02-09T11:17:35.822+0000] {dag.py:3036} INFO - Sync 1 DAGs
[2026-02-09T11:17:35.867+0000] {logging_mixin.py:188} INFO - [2026-02-09T11:17:35.866+0000] {dag.py:3823} INFO - Setting next_dagrun for fork3_dag to 2026-02-09 11:17:30+00:00, run_after=2026-02-09 11:17:40+00:00
[2026-02-09T11:17:35.900+0000] {processor.py:183} INFO - Processing /opt/airflow/dags/setup_dag.py took 0.147 seconds
[2026-02-09T11:18:06.281+0000] {processor.py:161} INFO - Started process (PID=20644) to work on /opt/airflow/dags/setup_dag.py
[2026-02-09T11:18:06.282+0000] {processor.py:830} INFO - Processing file /opt/airflow/dags/setup_dag.py for tasks to queue
[2026-02-09T11:18:06.284+0000] {logging_mixin.py:188} INFO - [2026-02-09T11:18:06.283+0000] {dagbag.py:538} INFO - Filling up the DagBag from /opt/airflow/dags/setup_dag.py
[2026-02-09T11:18:06.294+0000] {processor.py:840} INFO - DAG(s) 'fork3_dag' retrieved from /opt/airflow/dags/setup_dag.py
[2026-02-09T11:18:06.326+0000] {logging_mixin.py:188} INFO - [2026-02-09T11:18:06.326+0000] {dag.py:3036} INFO - Sync 1 DAGs
[2026-02-09T11:18:06.378+0000] {logging_mixin.py:188} INFO - [2026-02-09T11:18:06.378+0000] {dag.py:3823} INFO - Setting next_dagrun for fork3_dag to 2026-02-09 11:18:00+00:00, run_after=2026-02-09 11:18:10+00:00
[2026-02-09T11:18:06.408+0000] {processor.py:183} INFO - Processing /opt/airflow/dags/setup_dag.py took 0.132 seconds
[2026-02-09T11:18:36.494+0000] {processor.py:161} INFO - Started process (PID=20730) to work on /opt/airflow/dags/setup_dag.py
[2026-02-09T11:18:36.495+0000] {processor.py:830} INFO - Processing file /opt/airflow/dags/setup_dag.py for tasks to queue
[2026-02-09T11:18:36.496+0000] {logging_mixin.py:188} INFO - [2026-02-09T11:18:36.496+0000] {dagbag.py:538} INFO - Filling up the DagBag from /opt/airflow/dags/setup_dag.py
[2026-02-09T11:18:36.508+0000] {processor.py:840} INFO - DAG(s) 'fork3_dag' retrieved from /opt/airflow/dags/setup_dag.py
[2026-02-09T11:18:36.550+0000] {logging_mixin.py:188} INFO - [2026-02-09T11:18:36.549+0000] {dag.py:3036} INFO - Sync 1 DAGs
[2026-02-09T11:18:36.607+0000] {logging_mixin.py:188} INFO - [2026-02-09T11:18:36.606+0000] {dag.py:3823} INFO - Setting next_dagrun for fork3_dag to 2026-02-09 11:18:30+00:00, run_after=2026-02-09 11:18:40+00:00
[2026-02-09T11:18:36.660+0000] {processor.py:183} INFO - Processing /opt/airflow/dags/setup_dag.py took 0.171 seconds
[2026-02-09T11:19:06.754+0000] {processor.py:161} INFO - Started process (PID=20815) to work on /opt/airflow/dags/setup_dag.py
[2026-02-09T11:19:06.755+0000] {processor.py:830} INFO - Processing file /opt/airflow/dags/setup_dag.py for tasks to queue
[2026-02-09T11:19:06.757+0000] {logging_mixin.py:188} INFO - [2026-02-09T11:19:06.756+0000] {dagbag.py:538} INFO - Filling up the DagBag from /opt/airflow/dags/setup_dag.py
[2026-02-09T11:19:06.768+0000] {processor.py:840} INFO - DAG(s) 'fork3_dag' retrieved from /opt/airflow/dags/setup_dag.py
[2026-02-09T11:19:06.804+0000] {logging_mixin.py:188} INFO - [2026-02-09T11:19:06.804+0000] {dag.py:3036} INFO - Sync 1 DAGs
[2026-02-09T11:19:06.838+0000] {logging_mixin.py:188} INFO - [2026-02-09T11:19:06.837+0000] {dag.py:3823} INFO - Setting next_dagrun for fork3_dag to 2026-02-09 11:19:00+00:00, run_after=2026-02-09 11:19:10+00:00
[2026-02-09T11:19:06.866+0000] {processor.py:183} INFO - Processing /opt/airflow/dags/setup_dag.py took 0.117 seconds
[2026-02-09T11:19:37.215+0000] {processor.py:161} INFO - Started process (PID=20900) to work on /opt/airflow/dags/setup_dag.py
[2026-02-09T11:19:37.217+0000] {processor.py:830} INFO - Processing file /opt/airflow/dags/setup_dag.py for tasks to queue
[2026-02-09T11:19:37.218+0000] {logging_mixin.py:188} INFO - [2026-02-09T11:19:37.218+0000] {dagbag.py:538} INFO - Filling up the DagBag from /opt/airflow/dags/setup_dag.py
[2026-02-09T11:19:37.230+0000] {processor.py:840} INFO - DAG(s) 'fork3_dag' retrieved from /opt/airflow/dags/setup_dag.py
[2026-02-09T11:19:37.264+0000] {logging_mixin.py:188} INFO - [2026-02-09T11:19:37.264+0000] {dag.py:3036} INFO - Sync 1 DAGs
[2026-02-09T11:19:37.301+0000] {logging_mixin.py:188} INFO - [2026-02-09T11:19:37.300+0000] {dag.py:3823} INFO - Setting next_dagrun for fork3_dag to 2026-02-09 11:19:30+00:00, run_after=2026-02-09 11:19:40+00:00
[2026-02-09T11:19:37.328+0000] {processor.py:183} INFO - Processing /opt/airflow/dags/setup_dag.py took 0.118 seconds
[2026-02-09T11:20:07.560+0000] {processor.py:161} INFO - Started process (PID=20985) to work on /opt/airflow/dags/setup_dag.py
[2026-02-09T11:20:07.562+0000] {processor.py:830} INFO - Processing file /opt/airflow/dags/setup_dag.py for tasks to queue
[2026-02-09T11:20:07.563+0000] {logging_mixin.py:188} INFO - [2026-02-09T11:20:07.563+0000] {dagbag.py:538} INFO - Filling up the DagBag from /opt/airflow/dags/setup_dag.py
[2026-02-09T11:20:07.573+0000] {processor.py:840} INFO - DAG(s) 'fork3_dag' retrieved from /opt/airflow/dags/setup_dag.py
[2026-02-09T11:20:07.602+0000] {logging_mixin.py:188} INFO - [2026-02-09T11:20:07.602+0000] {dag.py:3036} INFO - Sync 1 DAGs
[2026-02-09T11:20:07.635+0000] {logging_mixin.py:188} INFO - [2026-02-09T11:20:07.635+0000] {dag.py:3823} INFO - Setting next_dagrun for fork3_dag to 2026-02-09 11:20:00+00:00, run_after=2026-02-09 11:20:10+00:00
[2026-02-09T11:20:07.660+0000] {processor.py:183} INFO - Processing /opt/airflow/dags/setup_dag.py took 0.104 seconds
[2026-02-09T11:20:38.020+0000] {processor.py:161} INFO - Started process (PID=21071) to work on /opt/airflow/dags/setup_dag.py
[2026-02-09T11:20:38.024+0000] {processor.py:830} INFO - Processing file /opt/airflow/dags/setup_dag.py for tasks to queue
[2026-02-09T11:20:38.025+0000] {logging_mixin.py:188} INFO - [2026-02-09T11:20:38.025+0000] {dagbag.py:538} INFO - Filling up the DagBag from /opt/airflow/dags/setup_dag.py
[2026-02-09T11:20:38.036+0000] {processor.py:840} INFO - DAG(s) 'fork3_dag' retrieved from /opt/airflow/dags/setup_dag.py
[2026-02-09T11:20:38.068+0000] {logging_mixin.py:188} INFO - [2026-02-09T11:20:38.068+0000] {dag.py:3036} INFO - Sync 1 DAGs
[2026-02-09T11:20:38.108+0000] {logging_mixin.py:188} INFO - [2026-02-09T11:20:38.108+0000] {dag.py:3823} INFO - Setting next_dagrun for fork3_dag to 2026-02-09 11:20:30+00:00, run_after=2026-02-09 11:20:40+00:00
[2026-02-09T11:20:38.136+0000] {processor.py:183} INFO - Processing /opt/airflow/dags/setup_dag.py took 0.121 seconds
[2026-02-09T11:21:08.248+0000] {processor.py:161} INFO - Started process (PID=21157) to work on /opt/airflow/dags/setup_dag.py
[2026-02-09T11:21:08.250+0000] {processor.py:830} INFO - Processing file /opt/airflow/dags/setup_dag.py for tasks to queue
[2026-02-09T11:21:08.251+0000] {logging_mixin.py:188} INFO - [2026-02-09T11:21:08.251+0000] {dagbag.py:538} INFO - Filling up the DagBag from /opt/airflow/dags/setup_dag.py
[2026-02-09T11:21:08.261+0000] {processor.py:840} INFO - DAG(s) 'fork3_dag' retrieved from /opt/airflow/dags/setup_dag.py
[2026-02-09T11:21:08.290+0000] {logging_mixin.py:188} INFO - [2026-02-09T11:21:08.290+0000] {dag.py:3036} INFO - Sync 1 DAGs
[2026-02-09T11:21:08.325+0000] {logging_mixin.py:188} INFO - [2026-02-09T11:21:08.324+0000] {dag.py:3823} INFO - Setting next_dagrun for fork3_dag to 2026-02-09 11:21:00+00:00, run_after=2026-02-09 11:21:10+00:00
[2026-02-09T11:21:08.352+0000] {processor.py:183} INFO - Processing /opt/airflow/dags/setup_dag.py took 0.109 seconds
[2026-02-09T11:21:38.674+0000] {processor.py:161} INFO - Started process (PID=21242) to work on /opt/airflow/dags/setup_dag.py
[2026-02-09T11:21:38.676+0000] {processor.py:830} INFO - Processing file /opt/airflow/dags/setup_dag.py for tasks to queue
[2026-02-09T11:21:38.677+0000] {logging_mixin.py:188} INFO - [2026-02-09T11:21:38.677+0000] {dagbag.py:538} INFO - Filling up the DagBag from /opt/airflow/dags/setup_dag.py
[2026-02-09T11:21:38.687+0000] {processor.py:840} INFO - DAG(s) 'fork3_dag' retrieved from /opt/airflow/dags/setup_dag.py
[2026-02-09T11:21:38.719+0000] {logging_mixin.py:188} INFO - [2026-02-09T11:21:38.719+0000] {dag.py:3036} INFO - Sync 1 DAGs
[2026-02-09T11:21:38.760+0000] {logging_mixin.py:188} INFO - [2026-02-09T11:21:38.759+0000] {dag.py:3823} INFO - Setting next_dagrun for fork3_dag to 2026-02-09 11:21:30+00:00, run_after=2026-02-09 11:21:40+00:00
[2026-02-09T11:21:38.789+0000] {processor.py:183} INFO - Processing /opt/airflow/dags/setup_dag.py took 0.119 seconds
[2026-02-09T11:22:09.037+0000] {processor.py:161} INFO - Started process (PID=21327) to work on /opt/airflow/dags/setup_dag.py
[2026-02-09T11:22:09.040+0000] {processor.py:830} INFO - Processing file /opt/airflow/dags/setup_dag.py for tasks to queue
[2026-02-09T11:22:09.041+0000] {logging_mixin.py:188} INFO - [2026-02-09T11:22:09.041+0000] {dagbag.py:538} INFO - Filling up the DagBag from /opt/airflow/dags/setup_dag.py
[2026-02-09T11:22:09.051+0000] {processor.py:840} INFO - DAG(s) 'fork3_dag' retrieved from /opt/airflow/dags/setup_dag.py
[2026-02-09T11:22:09.084+0000] {logging_mixin.py:188} INFO - [2026-02-09T11:22:09.084+0000] {dag.py:3036} INFO - Sync 1 DAGs
[2026-02-09T11:22:09.125+0000] {logging_mixin.py:188} INFO - [2026-02-09T11:22:09.125+0000] {dag.py:3823} INFO - Setting next_dagrun for fork3_dag to 2026-02-09 11:22:00+00:00, run_after=2026-02-09 11:22:10+00:00
[2026-02-09T11:22:09.155+0000] {processor.py:183} INFO - Processing /opt/airflow/dags/setup_dag.py took 0.123 seconds
[2026-02-09T11:22:39.291+0000] {processor.py:161} INFO - Started process (PID=21412) to work on /opt/airflow/dags/setup_dag.py
[2026-02-09T11:22:39.293+0000] {processor.py:830} INFO - Processing file /opt/airflow/dags/setup_dag.py for tasks to queue
[2026-02-09T11:22:39.294+0000] {logging_mixin.py:188} INFO - [2026-02-09T11:22:39.293+0000] {dagbag.py:538} INFO - Filling up the DagBag from /opt/airflow/dags/setup_dag.py
[2026-02-09T11:22:39.303+0000] {processor.py:840} INFO - DAG(s) 'fork3_dag' retrieved from /opt/airflow/dags/setup_dag.py
[2026-02-09T11:22:39.334+0000] {logging_mixin.py:188} INFO - [2026-02-09T11:22:39.333+0000] {dag.py:3036} INFO - Sync 1 DAGs
[2026-02-09T11:22:39.368+0000] {logging_mixin.py:188} INFO - [2026-02-09T11:22:39.367+0000] {dag.py:3823} INFO - Setting next_dagrun for fork3_dag to 2026-02-09 11:22:30+00:00, run_after=2026-02-09 11:22:40+00:00
[2026-02-09T11:22:39.394+0000] {processor.py:183} INFO - Processing /opt/airflow/dags/setup_dag.py took 0.108 seconds
[2026-02-09T11:23:09.479+0000] {processor.py:161} INFO - Started process (PID=21497) to work on /opt/airflow/dags/setup_dag.py
[2026-02-09T11:23:09.481+0000] {processor.py:830} INFO - Processing file /opt/airflow/dags/setup_dag.py for tasks to queue
[2026-02-09T11:23:09.482+0000] {logging_mixin.py:188} INFO - [2026-02-09T11:23:09.482+0000] {dagbag.py:538} INFO - Filling up the DagBag from /opt/airflow/dags/setup_dag.py
[2026-02-09T11:23:09.492+0000] {processor.py:840} INFO - DAG(s) 'fork3_dag' retrieved from /opt/airflow/dags/setup_dag.py
[2026-02-09T11:23:09.521+0000] {logging_mixin.py:188} INFO - [2026-02-09T11:23:09.521+0000] {dag.py:3036} INFO - Sync 1 DAGs
[2026-02-09T11:23:09.555+0000] {logging_mixin.py:188} INFO - [2026-02-09T11:23:09.555+0000] {dag.py:3823} INFO - Setting next_dagrun for fork3_dag to 2026-02-09 11:23:00+00:00, run_after=2026-02-09 11:23:10+00:00
[2026-02-09T11:23:09.580+0000] {processor.py:183} INFO - Processing /opt/airflow/dags/setup_dag.py took 0.107 seconds
[2026-02-09T11:23:40.105+0000] {processor.py:161} INFO - Started process (PID=21589) to work on /opt/airflow/dags/setup_dag.py
[2026-02-09T11:23:40.106+0000] {processor.py:830} INFO - Processing file /opt/airflow/dags/setup_dag.py for tasks to queue
[2026-02-09T11:23:40.108+0000] {logging_mixin.py:188} INFO - [2026-02-09T11:23:40.108+0000] {dagbag.py:538} INFO - Filling up the DagBag from /opt/airflow/dags/setup_dag.py
[2026-02-09T11:23:40.124+0000] {processor.py:840} INFO - DAG(s) 'fork3_dag' retrieved from /opt/airflow/dags/setup_dag.py
[2026-02-09T11:23:40.157+0000] {logging_mixin.py:188} INFO - [2026-02-09T11:23:40.157+0000] {dag.py:3036} INFO - Sync 1 DAGs
[2026-02-09T11:23:40.201+0000] {logging_mixin.py:188} INFO - [2026-02-09T11:23:40.201+0000] {dag.py:3823} INFO - Setting next_dagrun for fork3_dag to 2026-02-09 11:23:30+00:00, run_after=2026-02-09 11:23:40+00:00
[2026-02-09T11:23:40.232+0000] {processor.py:183} INFO - Processing /opt/airflow/dags/setup_dag.py took 0.133 seconds
[2026-02-09T11:24:10.699+0000] {processor.py:161} INFO - Started process (PID=21674) to work on /opt/airflow/dags/setup_dag.py
[2026-02-09T11:24:10.704+0000] {processor.py:830} INFO - Processing file /opt/airflow/dags/setup_dag.py for tasks to queue
[2026-02-09T11:24:10.706+0000] {logging_mixin.py:188} INFO - [2026-02-09T11:24:10.706+0000] {dagbag.py:538} INFO - Filling up the DagBag from /opt/airflow/dags/setup_dag.py
[2026-02-09T11:24:10.728+0000] {processor.py:840} INFO - DAG(s) 'fork3_dag' retrieved from /opt/airflow/dags/setup_dag.py
[2026-02-09T11:24:10.769+0000] {logging_mixin.py:188} INFO - [2026-02-09T11:24:10.769+0000] {dag.py:3036} INFO - Sync 1 DAGs
[2026-02-09T11:24:10.815+0000] {logging_mixin.py:188} INFO - [2026-02-09T11:24:10.814+0000] {dag.py:3823} INFO - Setting next_dagrun for fork3_dag to 2026-02-09 11:24:00+00:00, run_after=2026-02-09 11:24:10+00:00
[2026-02-09T11:24:10.845+0000] {processor.py:183} INFO - Processing /opt/airflow/dags/setup_dag.py took 0.152 seconds
[2026-02-09T11:24:41.403+0000] {processor.py:161} INFO - Started process (PID=21749) to work on /opt/airflow/dags/setup_dag.py
[2026-02-09T11:24:41.405+0000] {processor.py:830} INFO - Processing file /opt/airflow/dags/setup_dag.py for tasks to queue
[2026-02-09T11:24:41.406+0000] {logging_mixin.py:188} INFO - [2026-02-09T11:24:41.405+0000] {dagbag.py:538} INFO - Filling up the DagBag from /opt/airflow/dags/setup_dag.py
[2026-02-09T11:24:41.416+0000] {processor.py:840} INFO - DAG(s) 'fork3_dag' retrieved from /opt/airflow/dags/setup_dag.py
[2026-02-09T11:24:41.447+0000] {logging_mixin.py:188} INFO - [2026-02-09T11:24:41.447+0000] {dag.py:3036} INFO - Sync 1 DAGs
[2026-02-09T11:24:41.491+0000] {logging_mixin.py:188} INFO - [2026-02-09T11:24:41.490+0000] {dag.py:3823} INFO - Setting next_dagrun for fork3_dag to 2026-02-09 11:24:30+00:00, run_after=2026-02-09 11:24:40+00:00
[2026-02-09T11:24:41.525+0000] {processor.py:183} INFO - Processing /opt/airflow/dags/setup_dag.py took 0.126 seconds
[2026-02-09T11:24:57.722+0000] {processor.py:161} INFO - Started process (PID=21786) to work on /opt/airflow/dags/setup_dag.py
[2026-02-09T11:24:57.723+0000] {processor.py:830} INFO - Processing file /opt/airflow/dags/setup_dag.py for tasks to queue
[2026-02-09T11:24:57.725+0000] {logging_mixin.py:188} INFO - [2026-02-09T11:24:57.724+0000] {dagbag.py:538} INFO - Filling up the DagBag from /opt/airflow/dags/setup_dag.py
[2026-02-09T11:24:57.735+0000] {processor.py:840} INFO - DAG(s) 'fork3_dag' retrieved from /opt/airflow/dags/setup_dag.py
[2026-02-09T11:24:57.883+0000] {logging_mixin.py:188} INFO - [2026-02-09T11:24:57.882+0000] {dag.py:3036} INFO - Sync 1 DAGs
[2026-02-09T11:24:57.914+0000] {logging_mixin.py:188} INFO - [2026-02-09T11:24:57.914+0000] {dag.py:3823} INFO - Setting next_dagrun for fork3_dag to 2026-02-09 11:24:40+00:00, run_after=2026-02-09 11:24:50+00:00
[2026-02-09T11:24:57.941+0000] {processor.py:183} INFO - Processing /opt/airflow/dags/setup_dag.py took 0.224 seconds
[2026-02-09T11:25:09.580+0000] {processor.py:161} INFO - Started process (PID=21823) to work on /opt/airflow/dags/setup_dag.py
[2026-02-09T11:25:09.581+0000] {processor.py:830} INFO - Processing file /opt/airflow/dags/setup_dag.py for tasks to queue
[2026-02-09T11:25:09.582+0000] {logging_mixin.py:188} INFO - [2026-02-09T11:25:09.582+0000] {dagbag.py:538} INFO - Filling up the DagBag from /opt/airflow/dags/setup_dag.py
[2026-02-09T11:25:09.587+0000] {logging_mixin.py:188} INFO - [2026-02-09T11:25:09.586+0000] {dagbag.py:348} ERROR - Failed to import: /opt/airflow/dags/setup_dag.py
Traceback (most recent call last):
  File "/home/airflow/.local/lib/python3.8/site-packages/airflow/models/dagbag.py", line 344, in parse
    loader.exec_module(new_module)
  File "<frozen importlib._bootstrap_external>", line 843, in exec_module
  File "<frozen importlib._bootstrap>", line 219, in _call_with_frames_removed
  File "/opt/airflow/dags/setup_dag.py", line 7, in <module>
    AIRFLOW__SMTP__SMTP_HOST=smtp.gmail.com
NameError: name 'smtp' is not defined
[2026-02-09T11:25:09.588+0000] {processor.py:842} WARNING - No viable dags retrieved from /opt/airflow/dags/setup_dag.py
[2026-02-09T11:25:09.617+0000] {processor.py:183} INFO - Processing /opt/airflow/dags/setup_dag.py took 0.042 seconds
[2026-02-09T11:25:32.151+0000] {processor.py:161} INFO - Started process (PID=21865) to work on /opt/airflow/dags/setup_dag.py
[2026-02-09T11:25:32.153+0000] {processor.py:830} INFO - Processing file /opt/airflow/dags/setup_dag.py for tasks to queue
[2026-02-09T11:25:32.154+0000] {logging_mixin.py:188} INFO - [2026-02-09T11:25:32.154+0000] {dagbag.py:538} INFO - Filling up the DagBag from /opt/airflow/dags/setup_dag.py
[2026-02-09T11:25:32.159+0000] {logging_mixin.py:188} INFO - [2026-02-09T11:25:32.158+0000] {dagbag.py:348} ERROR - Failed to import: /opt/airflow/dags/setup_dag.py
Traceback (most recent call last):
  File "/home/airflow/.local/lib/python3.8/site-packages/airflow/models/dagbag.py", line 344, in parse
    loader.exec_module(new_module)
  File "<frozen importlib._bootstrap_external>", line 843, in exec_module
  File "<frozen importlib._bootstrap>", line 219, in _call_with_frames_removed
  File "/opt/airflow/dags/setup_dag.py", line 7, in <module>
    AIRFLOW__SMTP__SMTP_HOST=smtp.gmail.com
NameError: name 'smtp' is not defined
[2026-02-09T11:25:32.160+0000] {processor.py:842} WARNING - No viable dags retrieved from /opt/airflow/dags/setup_dag.py
[2026-02-09T11:25:32.185+0000] {processor.py:183} INFO - Processing /opt/airflow/dags/setup_dag.py took 0.038 seconds
[2026-02-09T11:26:02.482+0000] {processor.py:161} INFO - Started process (PID=21937) to work on /opt/airflow/dags/setup_dag.py
[2026-02-09T11:26:02.483+0000] {processor.py:830} INFO - Processing file /opt/airflow/dags/setup_dag.py for tasks to queue
[2026-02-09T11:26:02.485+0000] {logging_mixin.py:188} INFO - [2026-02-09T11:26:02.484+0000] {dagbag.py:538} INFO - Filling up the DagBag from /opt/airflow/dags/setup_dag.py
[2026-02-09T11:26:02.489+0000] {logging_mixin.py:188} INFO - [2026-02-09T11:26:02.488+0000] {dagbag.py:348} ERROR - Failed to import: /opt/airflow/dags/setup_dag.py
Traceback (most recent call last):
  File "/home/airflow/.local/lib/python3.8/site-packages/airflow/models/dagbag.py", line 344, in parse
    loader.exec_module(new_module)
  File "<frozen importlib._bootstrap_external>", line 843, in exec_module
  File "<frozen importlib._bootstrap>", line 219, in _call_with_frames_removed
  File "/opt/airflow/dags/setup_dag.py", line 7, in <module>
    AIRFLOW__SMTP__SMTP_HOST=smtp.gmail.com
NameError: name 'smtp' is not defined
[2026-02-09T11:26:02.489+0000] {processor.py:842} WARNING - No viable dags retrieved from /opt/airflow/dags/setup_dag.py
[2026-02-09T11:26:02.519+0000] {processor.py:183} INFO - Processing /opt/airflow/dags/setup_dag.py took 0.041 seconds
[2026-02-09T11:26:33.171+0000] {processor.py:161} INFO - Started process (PID=22017) to work on /opt/airflow/dags/setup_dag.py
[2026-02-09T11:26:33.173+0000] {processor.py:830} INFO - Processing file /opt/airflow/dags/setup_dag.py for tasks to queue
[2026-02-09T11:26:33.174+0000] {logging_mixin.py:188} INFO - [2026-02-09T11:26:33.173+0000] {dagbag.py:538} INFO - Filling up the DagBag from /opt/airflow/dags/setup_dag.py
[2026-02-09T11:26:33.178+0000] {logging_mixin.py:188} INFO - [2026-02-09T11:26:33.177+0000] {dagbag.py:348} ERROR - Failed to import: /opt/airflow/dags/setup_dag.py
Traceback (most recent call last):
  File "/home/airflow/.local/lib/python3.8/site-packages/airflow/models/dagbag.py", line 344, in parse
    loader.exec_module(new_module)
  File "<frozen importlib._bootstrap_external>", line 843, in exec_module
  File "<frozen importlib._bootstrap>", line 219, in _call_with_frames_removed
  File "/opt/airflow/dags/setup_dag.py", line 7, in <module>
    AIRFLOW__SMTP__SMTP_HOST=smtp.gmail.com
NameError: name 'smtp' is not defined
[2026-02-09T11:26:33.178+0000] {processor.py:842} WARNING - No viable dags retrieved from /opt/airflow/dags/setup_dag.py
[2026-02-09T11:26:33.207+0000] {processor.py:183} INFO - Processing /opt/airflow/dags/setup_dag.py took 0.041 seconds
[2026-02-09T11:27:03.752+0000] {processor.py:161} INFO - Started process (PID=22089) to work on /opt/airflow/dags/setup_dag.py
[2026-02-09T11:27:03.753+0000] {processor.py:830} INFO - Processing file /opt/airflow/dags/setup_dag.py for tasks to queue
[2026-02-09T11:27:03.754+0000] {logging_mixin.py:188} INFO - [2026-02-09T11:27:03.754+0000] {dagbag.py:538} INFO - Filling up the DagBag from /opt/airflow/dags/setup_dag.py
[2026-02-09T11:27:03.758+0000] {logging_mixin.py:188} INFO - [2026-02-09T11:27:03.757+0000] {dagbag.py:348} ERROR - Failed to import: /opt/airflow/dags/setup_dag.py
Traceback (most recent call last):
  File "/home/airflow/.local/lib/python3.8/site-packages/airflow/models/dagbag.py", line 344, in parse
    loader.exec_module(new_module)
  File "<frozen importlib._bootstrap_external>", line 843, in exec_module
  File "<frozen importlib._bootstrap>", line 219, in _call_with_frames_removed
  File "/opt/airflow/dags/setup_dag.py", line 7, in <module>
    AIRFLOW__SMTP__SMTP_HOST=smtp.gmail.com
NameError: name 'smtp' is not defined
[2026-02-09T11:27:03.759+0000] {processor.py:842} WARNING - No viable dags retrieved from /opt/airflow/dags/setup_dag.py
[2026-02-09T11:27:03.799+0000] {processor.py:183} INFO - Processing /opt/airflow/dags/setup_dag.py took 0.052 seconds
[2026-02-09T11:27:34.326+0000] {processor.py:161} INFO - Started process (PID=22162) to work on /opt/airflow/dags/setup_dag.py
[2026-02-09T11:27:34.328+0000] {processor.py:830} INFO - Processing file /opt/airflow/dags/setup_dag.py for tasks to queue
[2026-02-09T11:27:34.329+0000] {logging_mixin.py:188} INFO - [2026-02-09T11:27:34.329+0000] {dagbag.py:538} INFO - Filling up the DagBag from /opt/airflow/dags/setup_dag.py
[2026-02-09T11:27:34.333+0000] {logging_mixin.py:188} INFO - [2026-02-09T11:27:34.332+0000] {dagbag.py:348} ERROR - Failed to import: /opt/airflow/dags/setup_dag.py
Traceback (most recent call last):
  File "/home/airflow/.local/lib/python3.8/site-packages/airflow/models/dagbag.py", line 344, in parse
    loader.exec_module(new_module)
  File "<frozen importlib._bootstrap_external>", line 843, in exec_module
  File "<frozen importlib._bootstrap>", line 219, in _call_with_frames_removed
  File "/opt/airflow/dags/setup_dag.py", line 7, in <module>
    AIRFLOW__SMTP__SMTP_HOST=smtp.gmail.com
NameError: name 'smtp' is not defined
[2026-02-09T11:27:34.333+0000] {processor.py:842} WARNING - No viable dags retrieved from /opt/airflow/dags/setup_dag.py
[2026-02-09T11:27:34.359+0000] {processor.py:183} INFO - Processing /opt/airflow/dags/setup_dag.py took 0.038 seconds
[2026-02-09T11:27:53.269+0000] {processor.py:161} INFO - Started process (PID=22209) to work on /opt/airflow/dags/setup_dag.py
[2026-02-09T11:27:53.271+0000] {processor.py:830} INFO - Processing file /opt/airflow/dags/setup_dag.py for tasks to queue
[2026-02-09T11:27:53.272+0000] {logging_mixin.py:188} INFO - [2026-02-09T11:27:53.272+0000] {dagbag.py:538} INFO - Filling up the DagBag from /opt/airflow/dags/setup_dag.py
[2026-02-09T11:27:53.277+0000] {logging_mixin.py:188} INFO - [2026-02-09T11:27:53.276+0000] {dagbag.py:348} ERROR - Failed to import: /opt/airflow/dags/setup_dag.py
Traceback (most recent call last):
  File "/home/airflow/.local/lib/python3.8/site-packages/airflow/models/dagbag.py", line 344, in parse
    loader.exec_module(new_module)
  File "<frozen importlib._bootstrap_external>", line 843, in exec_module
  File "<frozen importlib._bootstrap>", line 219, in _call_with_frames_removed
  File "/opt/airflow/dags/setup_dag.py", line 7, in <module>
    AIRFLOW__SMTP__SMTP_HOST=smtp.gmail.com
NameError: name 'smtp' is not defined
[2026-02-09T11:27:53.278+0000] {processor.py:842} WARNING - No viable dags retrieved from /opt/airflow/dags/setup_dag.py
[2026-02-09T11:27:53.310+0000] {processor.py:183} INFO - Processing /opt/airflow/dags/setup_dag.py took 0.046 seconds
[2026-02-09T11:28:23.541+0000] {processor.py:161} INFO - Started process (PID=22283) to work on /opt/airflow/dags/setup_dag.py
[2026-02-09T11:28:23.543+0000] {processor.py:830} INFO - Processing file /opt/airflow/dags/setup_dag.py for tasks to queue
[2026-02-09T11:28:23.545+0000] {logging_mixin.py:188} INFO - [2026-02-09T11:28:23.544+0000] {dagbag.py:538} INFO - Filling up the DagBag from /opt/airflow/dags/setup_dag.py
[2026-02-09T11:28:23.549+0000] {logging_mixin.py:188} INFO - [2026-02-09T11:28:23.548+0000] {dagbag.py:348} ERROR - Failed to import: /opt/airflow/dags/setup_dag.py
Traceback (most recent call last):
  File "/home/airflow/.local/lib/python3.8/site-packages/airflow/models/dagbag.py", line 344, in parse
    loader.exec_module(new_module)
  File "<frozen importlib._bootstrap_external>", line 843, in exec_module
  File "<frozen importlib._bootstrap>", line 219, in _call_with_frames_removed
  File "/opt/airflow/dags/setup_dag.py", line 7, in <module>
    AIRFLOW__SMTP__SMTP_HOST=smtp.gmail.com
NameError: name 'smtp' is not defined
[2026-02-09T11:28:23.550+0000] {processor.py:842} WARNING - No viable dags retrieved from /opt/airflow/dags/setup_dag.py
[2026-02-09T11:28:23.578+0000] {processor.py:183} INFO - Processing /opt/airflow/dags/setup_dag.py took 0.042 seconds
[2026-02-09T11:28:54.204+0000] {processor.py:161} INFO - Started process (PID=22364) to work on /opt/airflow/dags/setup_dag.py
[2026-02-09T11:28:54.206+0000] {processor.py:830} INFO - Processing file /opt/airflow/dags/setup_dag.py for tasks to queue
[2026-02-09T11:28:54.207+0000] {logging_mixin.py:188} INFO - [2026-02-09T11:28:54.207+0000] {dagbag.py:538} INFO - Filling up the DagBag from /opt/airflow/dags/setup_dag.py
[2026-02-09T11:28:54.211+0000] {logging_mixin.py:188} INFO - [2026-02-09T11:28:54.210+0000] {dagbag.py:348} ERROR - Failed to import: /opt/airflow/dags/setup_dag.py
Traceback (most recent call last):
  File "/home/airflow/.local/lib/python3.8/site-packages/airflow/models/dagbag.py", line 344, in parse
    loader.exec_module(new_module)
  File "<frozen importlib._bootstrap_external>", line 843, in exec_module
  File "<frozen importlib._bootstrap>", line 219, in _call_with_frames_removed
  File "/opt/airflow/dags/setup_dag.py", line 7, in <module>
    AIRFLOW__SMTP__SMTP_HOST=smtp.gmail.com
NameError: name 'smtp' is not defined
[2026-02-09T11:28:54.212+0000] {processor.py:842} WARNING - No viable dags retrieved from /opt/airflow/dags/setup_dag.py
[2026-02-09T11:28:54.238+0000] {processor.py:183} INFO - Processing /opt/airflow/dags/setup_dag.py took 0.039 seconds
[2026-02-09T11:29:24.428+0000] {processor.py:161} INFO - Started process (PID=22437) to work on /opt/airflow/dags/setup_dag.py
[2026-02-09T11:29:24.429+0000] {processor.py:830} INFO - Processing file /opt/airflow/dags/setup_dag.py for tasks to queue
[2026-02-09T11:29:24.430+0000] {logging_mixin.py:188} INFO - [2026-02-09T11:29:24.430+0000] {dagbag.py:538} INFO - Filling up the DagBag from /opt/airflow/dags/setup_dag.py
[2026-02-09T11:29:24.434+0000] {logging_mixin.py:188} INFO - [2026-02-09T11:29:24.433+0000] {dagbag.py:348} ERROR - Failed to import: /opt/airflow/dags/setup_dag.py
Traceback (most recent call last):
  File "/home/airflow/.local/lib/python3.8/site-packages/airflow/models/dagbag.py", line 344, in parse
    loader.exec_module(new_module)
  File "<frozen importlib._bootstrap_external>", line 843, in exec_module
  File "<frozen importlib._bootstrap>", line 219, in _call_with_frames_removed
  File "/opt/airflow/dags/setup_dag.py", line 7, in <module>
    AIRFLOW__SMTP__SMTP_HOST=smtp.gmail.com
NameError: name 'smtp' is not defined
[2026-02-09T11:29:24.435+0000] {processor.py:842} WARNING - No viable dags retrieved from /opt/airflow/dags/setup_dag.py
[2026-02-09T11:29:24.461+0000] {processor.py:183} INFO - Processing /opt/airflow/dags/setup_dag.py took 0.038 seconds
[2026-02-09T11:29:54.640+0000] {processor.py:161} INFO - Started process (PID=22511) to work on /opt/airflow/dags/setup_dag.py
[2026-02-09T11:29:54.642+0000] {processor.py:830} INFO - Processing file /opt/airflow/dags/setup_dag.py for tasks to queue
[2026-02-09T11:29:54.643+0000] {logging_mixin.py:188} INFO - [2026-02-09T11:29:54.642+0000] {dagbag.py:538} INFO - Filling up the DagBag from /opt/airflow/dags/setup_dag.py
[2026-02-09T11:29:54.647+0000] {logging_mixin.py:188} INFO - [2026-02-09T11:29:54.646+0000] {dagbag.py:348} ERROR - Failed to import: /opt/airflow/dags/setup_dag.py
Traceback (most recent call last):
  File "/home/airflow/.local/lib/python3.8/site-packages/airflow/models/dagbag.py", line 344, in parse
    loader.exec_module(new_module)
  File "<frozen importlib._bootstrap_external>", line 843, in exec_module
  File "<frozen importlib._bootstrap>", line 219, in _call_with_frames_removed
  File "/opt/airflow/dags/setup_dag.py", line 7, in <module>
    AIRFLOW__SMTP__SMTP_HOST=smtp.gmail.com
NameError: name 'smtp' is not defined
[2026-02-09T11:29:54.648+0000] {processor.py:842} WARNING - No viable dags retrieved from /opt/airflow/dags/setup_dag.py
[2026-02-09T11:29:54.678+0000] {processor.py:183} INFO - Processing /opt/airflow/dags/setup_dag.py took 0.043 seconds
[2026-02-09T11:30:24.855+0000] {processor.py:161} INFO - Started process (PID=22585) to work on /opt/airflow/dags/setup_dag.py
[2026-02-09T11:30:24.857+0000] {processor.py:830} INFO - Processing file /opt/airflow/dags/setup_dag.py for tasks to queue
[2026-02-09T11:30:24.859+0000] {logging_mixin.py:188} INFO - [2026-02-09T11:30:24.858+0000] {dagbag.py:538} INFO - Filling up the DagBag from /opt/airflow/dags/setup_dag.py
[2026-02-09T11:30:24.864+0000] {logging_mixin.py:188} INFO - [2026-02-09T11:30:24.862+0000] {dagbag.py:348} ERROR - Failed to import: /opt/airflow/dags/setup_dag.py
Traceback (most recent call last):
  File "/home/airflow/.local/lib/python3.8/site-packages/airflow/models/dagbag.py", line 344, in parse
    loader.exec_module(new_module)
  File "<frozen importlib._bootstrap_external>", line 843, in exec_module
  File "<frozen importlib._bootstrap>", line 219, in _call_with_frames_removed
  File "/opt/airflow/dags/setup_dag.py", line 7, in <module>
    AIRFLOW__SMTP__SMTP_HOST=smtp.gmail.com
NameError: name 'smtp' is not defined
[2026-02-09T11:30:24.864+0000] {processor.py:842} WARNING - No viable dags retrieved from /opt/airflow/dags/setup_dag.py
[2026-02-09T11:30:24.898+0000] {processor.py:183} INFO - Processing /opt/airflow/dags/setup_dag.py took 0.048 seconds
[2026-02-09T11:30:55.133+0000] {processor.py:161} INFO - Started process (PID=22656) to work on /opt/airflow/dags/setup_dag.py
[2026-02-09T11:30:55.134+0000] {processor.py:830} INFO - Processing file /opt/airflow/dags/setup_dag.py for tasks to queue
[2026-02-09T11:30:55.136+0000] {logging_mixin.py:188} INFO - [2026-02-09T11:30:55.135+0000] {dagbag.py:538} INFO - Filling up the DagBag from /opt/airflow/dags/setup_dag.py
[2026-02-09T11:30:55.140+0000] {logging_mixin.py:188} INFO - [2026-02-09T11:30:55.139+0000] {dagbag.py:348} ERROR - Failed to import: /opt/airflow/dags/setup_dag.py
Traceback (most recent call last):
  File "/home/airflow/.local/lib/python3.8/site-packages/airflow/models/dagbag.py", line 344, in parse
    loader.exec_module(new_module)
  File "<frozen importlib._bootstrap_external>", line 843, in exec_module
  File "<frozen importlib._bootstrap>", line 219, in _call_with_frames_removed
  File "/opt/airflow/dags/setup_dag.py", line 7, in <module>
    AIRFLOW__SMTP__SMTP_HOST=smtp.gmail.com
NameError: name 'smtp' is not defined
[2026-02-09T11:30:55.140+0000] {processor.py:842} WARNING - No viable dags retrieved from /opt/airflow/dags/setup_dag.py
[2026-02-09T11:30:55.171+0000] {processor.py:183} INFO - Processing /opt/airflow/dags/setup_dag.py took 0.043 seconds
[2026-02-09T11:31:25.919+0000] {processor.py:161} INFO - Started process (PID=22728) to work on /opt/airflow/dags/setup_dag.py
[2026-02-09T11:31:25.921+0000] {processor.py:830} INFO - Processing file /opt/airflow/dags/setup_dag.py for tasks to queue
[2026-02-09T11:31:25.922+0000] {logging_mixin.py:188} INFO - [2026-02-09T11:31:25.922+0000] {dagbag.py:538} INFO - Filling up the DagBag from /opt/airflow/dags/setup_dag.py
[2026-02-09T11:31:25.926+0000] {logging_mixin.py:188} INFO - [2026-02-09T11:31:25.925+0000] {dagbag.py:348} ERROR - Failed to import: /opt/airflow/dags/setup_dag.py
Traceback (most recent call last):
  File "/home/airflow/.local/lib/python3.8/site-packages/airflow/models/dagbag.py", line 344, in parse
    loader.exec_module(new_module)
  File "<frozen importlib._bootstrap_external>", line 843, in exec_module
  File "<frozen importlib._bootstrap>", line 219, in _call_with_frames_removed
  File "/opt/airflow/dags/setup_dag.py", line 7, in <module>
    AIRFLOW__SMTP__SMTP_HOST=smtp.gmail.com
NameError: name 'smtp' is not defined
[2026-02-09T11:31:25.927+0000] {processor.py:842} WARNING - No viable dags retrieved from /opt/airflow/dags/setup_dag.py
[2026-02-09T11:31:25.957+0000] {processor.py:183} INFO - Processing /opt/airflow/dags/setup_dag.py took 0.043 seconds
[2026-02-09T11:33:05.039+0000] {processor.py:161} INFO - Started process (PID=22962) to work on /opt/airflow/dags/setup_dag.py
[2026-02-09T11:33:05.041+0000] {processor.py:830} INFO - Processing file /opt/airflow/dags/setup_dag.py for tasks to queue
[2026-02-09T11:33:05.042+0000] {logging_mixin.py:188} INFO - [2026-02-09T11:33:05.041+0000] {dagbag.py:538} INFO - Filling up the DagBag from /opt/airflow/dags/setup_dag.py
[2026-02-09T11:33:05.052+0000] {processor.py:840} INFO - DAG(s) 'fork2_dag' retrieved from /opt/airflow/dags/setup_dag.py
[2026-02-09T11:33:05.205+0000] {logging_mixin.py:188} INFO - [2026-02-09T11:33:05.205+0000] {dag.py:3036} INFO - Sync 1 DAGs
[2026-02-09T11:33:05.236+0000] {logging_mixin.py:188} INFO - [2026-02-09T11:33:05.235+0000] {dag.py:3823} INFO - Setting next_dagrun for fork2_dag to 2026-02-09 11:32:50+00:00, run_after=2026-02-09 11:33:00+00:00
[2026-02-09T11:33:05.264+0000] {processor.py:183} INFO - Processing /opt/airflow/dags/setup_dag.py took 0.230 seconds
[2026-02-09T11:33:35.339+0000] {processor.py:161} INFO - Started process (PID=23034) to work on /opt/airflow/dags/setup_dag.py
[2026-02-09T11:33:35.341+0000] {processor.py:830} INFO - Processing file /opt/airflow/dags/setup_dag.py for tasks to queue
[2026-02-09T11:33:35.342+0000] {logging_mixin.py:188} INFO - [2026-02-09T11:33:35.342+0000] {dagbag.py:538} INFO - Filling up the DagBag from /opt/airflow/dags/setup_dag.py
[2026-02-09T11:33:35.353+0000] {processor.py:840} INFO - DAG(s) 'fork2_dag' retrieved from /opt/airflow/dags/setup_dag.py
[2026-02-09T11:33:35.385+0000] {logging_mixin.py:188} INFO - [2026-02-09T11:33:35.385+0000] {dag.py:3036} INFO - Sync 1 DAGs
[2026-02-09T11:33:35.419+0000] {logging_mixin.py:188} INFO - [2026-02-09T11:33:35.419+0000] {dag.py:3823} INFO - Setting next_dagrun for fork2_dag to 2026-02-09 11:33:20+00:00, run_after=2026-02-09 11:33:30+00:00
[2026-02-09T11:33:35.446+0000] {processor.py:183} INFO - Processing /opt/airflow/dags/setup_dag.py took 0.112 seconds
[2026-02-09T11:34:05.723+0000] {processor.py:161} INFO - Started process (PID=23108) to work on /opt/airflow/dags/setup_dag.py
[2026-02-09T11:34:05.725+0000] {processor.py:830} INFO - Processing file /opt/airflow/dags/setup_dag.py for tasks to queue
[2026-02-09T11:34:05.726+0000] {logging_mixin.py:188} INFO - [2026-02-09T11:34:05.726+0000] {dagbag.py:538} INFO - Filling up the DagBag from /opt/airflow/dags/setup_dag.py
[2026-02-09T11:34:05.738+0000] {processor.py:840} INFO - DAG(s) 'fork2_dag' retrieved from /opt/airflow/dags/setup_dag.py
[2026-02-09T11:34:05.758+0000] {logging_mixin.py:188} INFO - [2026-02-09T11:34:05.757+0000] {dag.py:3036} INFO - Sync 1 DAGs
[2026-02-09T11:34:05.797+0000] {logging_mixin.py:188} INFO - [2026-02-09T11:34:05.796+0000] {dag.py:3823} INFO - Setting next_dagrun for fork2_dag to 2026-02-09 11:33:50+00:00, run_after=2026-02-09 11:34:00+00:00
[2026-02-09T11:34:05.828+0000] {processor.py:183} INFO - Processing /opt/airflow/dags/setup_dag.py took 0.111 seconds
[2026-02-09T11:34:36.039+0000] {processor.py:161} INFO - Started process (PID=23188) to work on /opt/airflow/dags/setup_dag.py
[2026-02-09T11:34:36.041+0000] {processor.py:830} INFO - Processing file /opt/airflow/dags/setup_dag.py for tasks to queue
[2026-02-09T11:34:36.043+0000] {logging_mixin.py:188} INFO - [2026-02-09T11:34:36.042+0000] {dagbag.py:538} INFO - Filling up the DagBag from /opt/airflow/dags/setup_dag.py
[2026-02-09T11:34:36.055+0000] {processor.py:840} INFO - DAG(s) 'fork2_dag' retrieved from /opt/airflow/dags/setup_dag.py
[2026-02-09T11:34:36.266+0000] {logging_mixin.py:188} INFO - [2026-02-09T11:34:36.265+0000] {dag.py:3036} INFO - Sync 1 DAGs
[2026-02-09T11:34:36.308+0000] {logging_mixin.py:188} INFO - [2026-02-09T11:34:36.307+0000] {dag.py:3823} INFO - Setting next_dagrun for fork2_dag to 2026-02-09 11:34:20+00:00, run_after=2026-02-09 11:34:30+00:00
[2026-02-09T11:34:36.343+0000] {processor.py:183} INFO - Processing /opt/airflow/dags/setup_dag.py took 0.309 seconds
[2026-02-09T11:35:06.506+0000] {processor.py:161} INFO - Started process (PID=23262) to work on /opt/airflow/dags/setup_dag.py
[2026-02-09T11:35:06.508+0000] {processor.py:830} INFO - Processing file /opt/airflow/dags/setup_dag.py for tasks to queue
[2026-02-09T11:35:06.510+0000] {logging_mixin.py:188} INFO - [2026-02-09T11:35:06.509+0000] {dagbag.py:538} INFO - Filling up the DagBag from /opt/airflow/dags/setup_dag.py
[2026-02-09T11:35:06.523+0000] {processor.py:840} INFO - DAG(s) 'fork2_dag' retrieved from /opt/airflow/dags/setup_dag.py
[2026-02-09T11:35:06.566+0000] {logging_mixin.py:188} INFO - [2026-02-09T11:35:06.566+0000] {dag.py:3036} INFO - Sync 1 DAGs
[2026-02-09T11:35:06.610+0000] {logging_mixin.py:188} INFO - [2026-02-09T11:35:06.610+0000] {dag.py:3823} INFO - Setting next_dagrun for fork2_dag to 2026-02-09 11:34:50+00:00, run_after=2026-02-09 11:35:00+00:00
[2026-02-09T11:35:06.666+0000] {processor.py:183} INFO - Processing /opt/airflow/dags/setup_dag.py took 0.166 seconds
[2026-02-09T11:35:36.973+0000] {processor.py:161} INFO - Started process (PID=23335) to work on /opt/airflow/dags/setup_dag.py
[2026-02-09T11:35:36.974+0000] {processor.py:830} INFO - Processing file /opt/airflow/dags/setup_dag.py for tasks to queue
[2026-02-09T11:35:36.976+0000] {logging_mixin.py:188} INFO - [2026-02-09T11:35:36.975+0000] {dagbag.py:538} INFO - Filling up the DagBag from /opt/airflow/dags/setup_dag.py
[2026-02-09T11:35:36.986+0000] {processor.py:840} INFO - DAG(s) 'fork2_dag' retrieved from /opt/airflow/dags/setup_dag.py
[2026-02-09T11:35:37.004+0000] {logging_mixin.py:188} INFO - [2026-02-09T11:35:37.004+0000] {dag.py:3036} INFO - Sync 1 DAGs
[2026-02-09T11:35:37.048+0000] {logging_mixin.py:188} INFO - [2026-02-09T11:35:37.047+0000] {dag.py:3823} INFO - Setting next_dagrun for fork2_dag to 2026-02-09 11:35:20+00:00, run_after=2026-02-09 11:35:30+00:00
[2026-02-09T11:35:37.084+0000] {processor.py:183} INFO - Processing /opt/airflow/dags/setup_dag.py took 0.117 seconds
[2026-02-09T11:36:07.198+0000] {processor.py:161} INFO - Started process (PID=23409) to work on /opt/airflow/dags/setup_dag.py
[2026-02-09T11:36:07.200+0000] {processor.py:830} INFO - Processing file /opt/airflow/dags/setup_dag.py for tasks to queue
[2026-02-09T11:36:07.201+0000] {logging_mixin.py:188} INFO - [2026-02-09T11:36:07.201+0000] {dagbag.py:538} INFO - Filling up the DagBag from /opt/airflow/dags/setup_dag.py
[2026-02-09T11:36:07.212+0000] {processor.py:840} INFO - DAG(s) 'fork2_dag' retrieved from /opt/airflow/dags/setup_dag.py
[2026-02-09T11:36:07.388+0000] {logging_mixin.py:188} INFO - [2026-02-09T11:36:07.387+0000] {dag.py:3036} INFO - Sync 1 DAGs
[2026-02-09T11:36:07.420+0000] {logging_mixin.py:188} INFO - [2026-02-09T11:36:07.420+0000] {dag.py:3823} INFO - Setting next_dagrun for fork2_dag to 2026-02-09 11:35:50+00:00, run_after=2026-02-09 11:36:00+00:00
[2026-02-09T11:36:07.447+0000] {processor.py:183} INFO - Processing /opt/airflow/dags/setup_dag.py took 0.254 seconds
[2026-02-09T11:36:38.304+0000] {processor.py:161} INFO - Started process (PID=23483) to work on /opt/airflow/dags/setup_dag.py
[2026-02-09T11:36:38.307+0000] {processor.py:830} INFO - Processing file /opt/airflow/dags/setup_dag.py for tasks to queue
[2026-02-09T11:36:38.308+0000] {logging_mixin.py:188} INFO - [2026-02-09T11:36:38.307+0000] {dagbag.py:538} INFO - Filling up the DagBag from /opt/airflow/dags/setup_dag.py
[2026-02-09T11:36:38.318+0000] {processor.py:840} INFO - DAG(s) 'fork2_dag' retrieved from /opt/airflow/dags/setup_dag.py
[2026-02-09T11:36:38.349+0000] {logging_mixin.py:188} INFO - [2026-02-09T11:36:38.349+0000] {dag.py:3036} INFO - Sync 1 DAGs
[2026-02-09T11:36:38.384+0000] {logging_mixin.py:188} INFO - [2026-02-09T11:36:38.384+0000] {dag.py:3823} INFO - Setting next_dagrun for fork2_dag to 2026-02-09 11:36:20+00:00, run_after=2026-02-09 11:36:30+00:00
[2026-02-09T11:36:38.415+0000] {processor.py:183} INFO - Processing /opt/airflow/dags/setup_dag.py took 0.116 seconds
[2026-02-09T11:37:08.573+0000] {processor.py:161} INFO - Started process (PID=23558) to work on /opt/airflow/dags/setup_dag.py
[2026-02-09T11:37:08.574+0000] {processor.py:830} INFO - Processing file /opt/airflow/dags/setup_dag.py for tasks to queue
[2026-02-09T11:37:08.576+0000] {logging_mixin.py:188} INFO - [2026-02-09T11:37:08.575+0000] {dagbag.py:538} INFO - Filling up the DagBag from /opt/airflow/dags/setup_dag.py
[2026-02-09T11:37:08.586+0000] {processor.py:840} INFO - DAG(s) 'fork2_dag' retrieved from /opt/airflow/dags/setup_dag.py
[2026-02-09T11:37:08.605+0000] {logging_mixin.py:188} INFO - [2026-02-09T11:37:08.605+0000] {dag.py:3036} INFO - Sync 1 DAGs
[2026-02-09T11:37:08.648+0000] {logging_mixin.py:188} INFO - [2026-02-09T11:37:08.648+0000] {dag.py:3823} INFO - Setting next_dagrun for fork2_dag to 2026-02-09 11:36:50+00:00, run_after=2026-02-09 11:37:00+00:00
[2026-02-09T11:37:08.680+0000] {processor.py:183} INFO - Processing /opt/airflow/dags/setup_dag.py took 0.112 seconds
[2026-02-09T11:37:38.842+0000] {processor.py:161} INFO - Started process (PID=23631) to work on /opt/airflow/dags/setup_dag.py
[2026-02-09T11:37:38.844+0000] {processor.py:830} INFO - Processing file /opt/airflow/dags/setup_dag.py for tasks to queue
[2026-02-09T11:37:38.846+0000] {logging_mixin.py:188} INFO - [2026-02-09T11:37:38.845+0000] {dagbag.py:538} INFO - Filling up the DagBag from /opt/airflow/dags/setup_dag.py
[2026-02-09T11:37:38.857+0000] {processor.py:840} INFO - DAG(s) 'fork2_dag' retrieved from /opt/airflow/dags/setup_dag.py
[2026-02-09T11:37:39.056+0000] {logging_mixin.py:188} INFO - [2026-02-09T11:37:39.056+0000] {dag.py:3036} INFO - Sync 1 DAGs
[2026-02-09T11:37:39.091+0000] {logging_mixin.py:188} INFO - [2026-02-09T11:37:39.090+0000] {dag.py:3823} INFO - Setting next_dagrun for fork2_dag to 2026-02-09 11:37:20+00:00, run_after=2026-02-09 11:37:30+00:00
[2026-02-09T11:37:39.120+0000] {processor.py:183} INFO - Processing /opt/airflow/dags/setup_dag.py took 0.282 seconds
[2026-02-09T11:38:09.386+0000] {processor.py:161} INFO - Started process (PID=23710) to work on /opt/airflow/dags/setup_dag.py
[2026-02-09T11:38:09.387+0000] {processor.py:830} INFO - Processing file /opt/airflow/dags/setup_dag.py for tasks to queue
[2026-02-09T11:38:09.388+0000] {logging_mixin.py:188} INFO - [2026-02-09T11:38:09.388+0000] {dagbag.py:538} INFO - Filling up the DagBag from /opt/airflow/dags/setup_dag.py
[2026-02-09T11:38:09.398+0000] {processor.py:840} INFO - DAG(s) 'fork2_dag' retrieved from /opt/airflow/dags/setup_dag.py
[2026-02-09T11:38:09.434+0000] {logging_mixin.py:188} INFO - [2026-02-09T11:38:09.434+0000] {dag.py:3036} INFO - Sync 1 DAGs
[2026-02-09T11:38:09.478+0000] {logging_mixin.py:188} INFO - [2026-02-09T11:38:09.478+0000] {dag.py:3823} INFO - Setting next_dagrun for fork2_dag to 2026-02-09 11:37:50+00:00, run_after=2026-02-09 11:38:00+00:00
[2026-02-09T11:38:09.513+0000] {processor.py:183} INFO - Processing /opt/airflow/dags/setup_dag.py took 0.132 seconds
[2026-02-09T11:38:40.233+0000] {processor.py:161} INFO - Started process (PID=23784) to work on /opt/airflow/dags/setup_dag.py
[2026-02-09T11:38:40.235+0000] {processor.py:830} INFO - Processing file /opt/airflow/dags/setup_dag.py for tasks to queue
[2026-02-09T11:38:40.236+0000] {logging_mixin.py:188} INFO - [2026-02-09T11:38:40.236+0000] {dagbag.py:538} INFO - Filling up the DagBag from /opt/airflow/dags/setup_dag.py
[2026-02-09T11:38:40.245+0000] {processor.py:840} INFO - DAG(s) 'fork2_dag' retrieved from /opt/airflow/dags/setup_dag.py
[2026-02-09T11:38:40.264+0000] {logging_mixin.py:188} INFO - [2026-02-09T11:38:40.263+0000] {dag.py:3036} INFO - Sync 1 DAGs
[2026-02-09T11:38:40.301+0000] {logging_mixin.py:188} INFO - [2026-02-09T11:38:40.301+0000] {dag.py:3823} INFO - Setting next_dagrun for fork2_dag to 2026-02-09 11:38:30+00:00, run_after=2026-02-09 11:38:40+00:00
[2026-02-09T11:38:40.330+0000] {processor.py:183} INFO - Processing /opt/airflow/dags/setup_dag.py took 0.102 seconds
[2026-02-09T11:39:10.790+0000] {processor.py:161} INFO - Started process (PID=23858) to work on /opt/airflow/dags/setup_dag.py
[2026-02-09T11:39:10.791+0000] {processor.py:830} INFO - Processing file /opt/airflow/dags/setup_dag.py for tasks to queue
[2026-02-09T11:39:10.792+0000] {logging_mixin.py:188} INFO - [2026-02-09T11:39:10.792+0000] {dagbag.py:538} INFO - Filling up the DagBag from /opt/airflow/dags/setup_dag.py
[2026-02-09T11:39:10.802+0000] {processor.py:840} INFO - DAG(s) 'fork2_dag' retrieved from /opt/airflow/dags/setup_dag.py
[2026-02-09T11:39:10.965+0000] {logging_mixin.py:188} INFO - [2026-02-09T11:39:10.964+0000] {dag.py:3036} INFO - Sync 1 DAGs
[2026-02-09T11:39:10.995+0000] {logging_mixin.py:188} INFO - [2026-02-09T11:39:10.995+0000] {dag.py:3823} INFO - Setting next_dagrun for fork2_dag to 2026-02-09 11:39:00+00:00, run_after=2026-02-09 11:39:10+00:00
[2026-02-09T11:39:11.024+0000] {processor.py:183} INFO - Processing /opt/airflow/dags/setup_dag.py took 0.239 seconds
[2026-02-09T11:39:41.248+0000] {processor.py:161} INFO - Started process (PID=23932) to work on /opt/airflow/dags/setup_dag.py
[2026-02-09T11:39:41.250+0000] {processor.py:830} INFO - Processing file /opt/airflow/dags/setup_dag.py for tasks to queue
[2026-02-09T11:39:41.251+0000] {logging_mixin.py:188} INFO - [2026-02-09T11:39:41.250+0000] {dagbag.py:538} INFO - Filling up the DagBag from /opt/airflow/dags/setup_dag.py
[2026-02-09T11:39:41.260+0000] {processor.py:840} INFO - DAG(s) 'fork2_dag' retrieved from /opt/airflow/dags/setup_dag.py
[2026-02-09T11:39:41.293+0000] {logging_mixin.py:188} INFO - [2026-02-09T11:39:41.293+0000] {dag.py:3036} INFO - Sync 1 DAGs
[2026-02-09T11:39:41.335+0000] {logging_mixin.py:188} INFO - [2026-02-09T11:39:41.335+0000] {dag.py:3823} INFO - Setting next_dagrun for fork2_dag to 2026-02-09 11:39:30+00:00, run_after=2026-02-09 11:39:40+00:00
[2026-02-09T11:39:41.363+0000] {processor.py:183} INFO - Processing /opt/airflow/dags/setup_dag.py took 0.120 seconds
[2026-02-09T11:40:11.438+0000] {processor.py:161} INFO - Started process (PID=24005) to work on /opt/airflow/dags/setup_dag.py
[2026-02-09T11:40:11.440+0000] {processor.py:830} INFO - Processing file /opt/airflow/dags/setup_dag.py for tasks to queue
[2026-02-09T11:40:11.441+0000] {logging_mixin.py:188} INFO - [2026-02-09T11:40:11.441+0000] {dagbag.py:538} INFO - Filling up the DagBag from /opt/airflow/dags/setup_dag.py
[2026-02-09T11:40:11.453+0000] {processor.py:840} INFO - DAG(s) 'fork2_dag' retrieved from /opt/airflow/dags/setup_dag.py
[2026-02-09T11:40:11.474+0000] {logging_mixin.py:188} INFO - [2026-02-09T11:40:11.474+0000] {dag.py:3036} INFO - Sync 1 DAGs
[2026-02-09T11:40:11.520+0000] {logging_mixin.py:188} INFO - [2026-02-09T11:40:11.519+0000] {dag.py:3823} INFO - Setting next_dagrun for fork2_dag to 2026-02-09 11:40:00+00:00, run_after=2026-02-09 11:40:10+00:00
[2026-02-09T11:40:11.555+0000] {processor.py:183} INFO - Processing /opt/airflow/dags/setup_dag.py took 0.121 seconds
[2026-02-09T11:40:41.643+0000] {processor.py:161} INFO - Started process (PID=24079) to work on /opt/airflow/dags/setup_dag.py
[2026-02-09T11:40:41.644+0000] {processor.py:830} INFO - Processing file /opt/airflow/dags/setup_dag.py for tasks to queue
[2026-02-09T11:40:41.645+0000] {logging_mixin.py:188} INFO - [2026-02-09T11:40:41.645+0000] {dagbag.py:538} INFO - Filling up the DagBag from /opt/airflow/dags/setup_dag.py
[2026-02-09T11:40:41.655+0000] {processor.py:840} INFO - DAG(s) 'fork2_dag' retrieved from /opt/airflow/dags/setup_dag.py
[2026-02-09T11:40:41.834+0000] {logging_mixin.py:188} INFO - [2026-02-09T11:40:41.833+0000] {dag.py:3036} INFO - Sync 1 DAGs
[2026-02-09T11:40:41.864+0000] {logging_mixin.py:188} INFO - [2026-02-09T11:40:41.863+0000] {dag.py:3823} INFO - Setting next_dagrun for fork2_dag to 2026-02-09 11:40:30+00:00, run_after=2026-02-09 11:40:40+00:00
[2026-02-09T11:40:41.895+0000] {processor.py:183} INFO - Processing /opt/airflow/dags/setup_dag.py took 0.257 seconds
[2026-02-09T11:41:11.975+0000] {processor.py:161} INFO - Started process (PID=24154) to work on /opt/airflow/dags/setup_dag.py
[2026-02-09T11:41:11.977+0000] {processor.py:830} INFO - Processing file /opt/airflow/dags/setup_dag.py for tasks to queue
[2026-02-09T11:41:11.978+0000] {logging_mixin.py:188} INFO - [2026-02-09T11:41:11.978+0000] {dagbag.py:538} INFO - Filling up the DagBag from /opt/airflow/dags/setup_dag.py
[2026-02-09T11:41:11.988+0000] {processor.py:840} INFO - DAG(s) 'fork2_dag' retrieved from /opt/airflow/dags/setup_dag.py
[2026-02-09T11:41:12.021+0000] {logging_mixin.py:188} INFO - [2026-02-09T11:41:12.020+0000] {dag.py:3036} INFO - Sync 1 DAGs
[2026-02-09T11:41:12.057+0000] {logging_mixin.py:188} INFO - [2026-02-09T11:41:12.057+0000] {dag.py:3823} INFO - Setting next_dagrun for fork2_dag to 2026-02-09 11:41:00+00:00, run_after=2026-02-09 11:41:10+00:00
[2026-02-09T11:41:12.086+0000] {processor.py:183} INFO - Processing /opt/airflow/dags/setup_dag.py took 0.116 seconds
[2026-02-09T11:41:42.759+0000] {processor.py:161} INFO - Started process (PID=24235) to work on /opt/airflow/dags/setup_dag.py
[2026-02-09T11:41:42.761+0000] {processor.py:830} INFO - Processing file /opt/airflow/dags/setup_dag.py for tasks to queue
[2026-02-09T11:41:42.762+0000] {logging_mixin.py:188} INFO - [2026-02-09T11:41:42.762+0000] {dagbag.py:538} INFO - Filling up the DagBag from /opt/airflow/dags/setup_dag.py
[2026-02-09T11:41:42.772+0000] {processor.py:840} INFO - DAG(s) 'fork2_dag' retrieved from /opt/airflow/dags/setup_dag.py
[2026-02-09T11:41:42.789+0000] {logging_mixin.py:188} INFO - [2026-02-09T11:41:42.789+0000] {dag.py:3036} INFO - Sync 1 DAGs
[2026-02-09T11:41:42.826+0000] {logging_mixin.py:188} INFO - [2026-02-09T11:41:42.826+0000] {dag.py:3823} INFO - Setting next_dagrun for fork2_dag to 2026-02-09 11:41:30+00:00, run_after=2026-02-09 11:41:40+00:00
[2026-02-09T11:41:42.853+0000] {processor.py:183} INFO - Processing /opt/airflow/dags/setup_dag.py took 0.099 seconds
[2026-02-09T11:42:13.402+0000] {processor.py:161} INFO - Started process (PID=24307) to work on /opt/airflow/dags/setup_dag.py
[2026-02-09T11:42:13.403+0000] {processor.py:830} INFO - Processing file /opt/airflow/dags/setup_dag.py for tasks to queue
[2026-02-09T11:42:13.404+0000] {logging_mixin.py:188} INFO - [2026-02-09T11:42:13.404+0000] {dagbag.py:538} INFO - Filling up the DagBag from /opt/airflow/dags/setup_dag.py
[2026-02-09T11:42:13.414+0000] {processor.py:840} INFO - DAG(s) 'fork2_dag' retrieved from /opt/airflow/dags/setup_dag.py
[2026-02-09T11:42:13.574+0000] {logging_mixin.py:188} INFO - [2026-02-09T11:42:13.574+0000] {dag.py:3036} INFO - Sync 1 DAGs
[2026-02-09T11:42:13.605+0000] {logging_mixin.py:188} INFO - [2026-02-09T11:42:13.605+0000] {dag.py:3823} INFO - Setting next_dagrun for fork2_dag to 2026-02-09 11:42:00+00:00, run_after=2026-02-09 11:42:10+00:00
[2026-02-09T11:42:13.633+0000] {processor.py:183} INFO - Processing /opt/airflow/dags/setup_dag.py took 0.236 seconds
[2026-02-09T11:42:43.835+0000] {processor.py:161} INFO - Started process (PID=24380) to work on /opt/airflow/dags/setup_dag.py
[2026-02-09T11:42:43.837+0000] {processor.py:830} INFO - Processing file /opt/airflow/dags/setup_dag.py for tasks to queue
[2026-02-09T11:42:43.838+0000] {logging_mixin.py:188} INFO - [2026-02-09T11:42:43.837+0000] {dagbag.py:538} INFO - Filling up the DagBag from /opt/airflow/dags/setup_dag.py
[2026-02-09T11:42:43.847+0000] {processor.py:840} INFO - DAG(s) 'fork2_dag' retrieved from /opt/airflow/dags/setup_dag.py
[2026-02-09T11:42:43.876+0000] {logging_mixin.py:188} INFO - [2026-02-09T11:42:43.876+0000] {dag.py:3036} INFO - Sync 1 DAGs
[2026-02-09T11:42:43.909+0000] {logging_mixin.py:188} INFO - [2026-02-09T11:42:43.909+0000] {dag.py:3823} INFO - Setting next_dagrun for fork2_dag to 2026-02-09 11:42:30+00:00, run_after=2026-02-09 11:42:40+00:00
[2026-02-09T11:42:43.934+0000] {processor.py:183} INFO - Processing /opt/airflow/dags/setup_dag.py took 0.104 seconds
[2026-02-09T11:43:14.372+0000] {processor.py:161} INFO - Started process (PID=24456) to work on /opt/airflow/dags/setup_dag.py
[2026-02-09T11:43:14.373+0000] {processor.py:830} INFO - Processing file /opt/airflow/dags/setup_dag.py for tasks to queue
[2026-02-09T11:43:14.374+0000] {logging_mixin.py:188} INFO - [2026-02-09T11:43:14.374+0000] {dagbag.py:538} INFO - Filling up the DagBag from /opt/airflow/dags/setup_dag.py
[2026-02-09T11:43:14.384+0000] {processor.py:840} INFO - DAG(s) 'fork2_dag' retrieved from /opt/airflow/dags/setup_dag.py
[2026-02-09T11:43:14.401+0000] {logging_mixin.py:188} INFO - [2026-02-09T11:43:14.401+0000] {dag.py:3036} INFO - Sync 1 DAGs
[2026-02-09T11:43:14.435+0000] {logging_mixin.py:188} INFO - [2026-02-09T11:43:14.435+0000] {dag.py:3823} INFO - Setting next_dagrun for fork2_dag to 2026-02-09 11:43:00+00:00, run_after=2026-02-09 11:43:10+00:00
[2026-02-09T11:43:14.461+0000] {processor.py:183} INFO - Processing /opt/airflow/dags/setup_dag.py took 0.094 seconds
[2026-02-09T11:43:44.906+0000] {processor.py:161} INFO - Started process (PID=24529) to work on /opt/airflow/dags/setup_dag.py
[2026-02-09T11:43:44.908+0000] {processor.py:830} INFO - Processing file /opt/airflow/dags/setup_dag.py for tasks to queue
[2026-02-09T11:43:44.909+0000] {logging_mixin.py:188} INFO - [2026-02-09T11:43:44.909+0000] {dagbag.py:538} INFO - Filling up the DagBag from /opt/airflow/dags/setup_dag.py
[2026-02-09T11:43:44.918+0000] {processor.py:840} INFO - DAG(s) 'fork2_dag' retrieved from /opt/airflow/dags/setup_dag.py
[2026-02-09T11:43:45.075+0000] {logging_mixin.py:188} INFO - [2026-02-09T11:43:45.075+0000] {dag.py:3036} INFO - Sync 1 DAGs
[2026-02-09T11:43:45.108+0000] {logging_mixin.py:188} INFO - [2026-02-09T11:43:45.107+0000] {dag.py:3823} INFO - Setting next_dagrun for fork2_dag to 2026-02-09 11:43:30+00:00, run_after=2026-02-09 11:43:40+00:00
[2026-02-09T11:43:45.139+0000] {processor.py:183} INFO - Processing /opt/airflow/dags/setup_dag.py took 0.237 seconds
[2026-02-09T11:44:15.535+0000] {processor.py:161} INFO - Started process (PID=24603) to work on /opt/airflow/dags/setup_dag.py
[2026-02-09T11:44:15.536+0000] {processor.py:830} INFO - Processing file /opt/airflow/dags/setup_dag.py for tasks to queue
[2026-02-09T11:44:15.537+0000] {logging_mixin.py:188} INFO - [2026-02-09T11:44:15.537+0000] {dagbag.py:538} INFO - Filling up the DagBag from /opt/airflow/dags/setup_dag.py
[2026-02-09T11:44:15.547+0000] {processor.py:840} INFO - DAG(s) 'fork2_dag' retrieved from /opt/airflow/dags/setup_dag.py
[2026-02-09T11:44:15.581+0000] {logging_mixin.py:188} INFO - [2026-02-09T11:44:15.580+0000] {dag.py:3036} INFO - Sync 1 DAGs
[2026-02-09T11:44:15.618+0000] {logging_mixin.py:188} INFO - [2026-02-09T11:44:15.618+0000] {dag.py:3823} INFO - Setting next_dagrun for fork2_dag to 2026-02-09 11:44:00+00:00, run_after=2026-02-09 11:44:10+00:00
[2026-02-09T11:44:15.648+0000] {processor.py:183} INFO - Processing /opt/airflow/dags/setup_dag.py took 0.119 seconds
[2026-02-09T11:44:46.173+0000] {processor.py:161} INFO - Started process (PID=24685) to work on /opt/airflow/dags/setup_dag.py
[2026-02-09T11:44:46.175+0000] {processor.py:830} INFO - Processing file /opt/airflow/dags/setup_dag.py for tasks to queue
[2026-02-09T11:44:46.176+0000] {logging_mixin.py:188} INFO - [2026-02-09T11:44:46.176+0000] {dagbag.py:538} INFO - Filling up the DagBag from /opt/airflow/dags/setup_dag.py
[2026-02-09T11:44:46.187+0000] {processor.py:840} INFO - DAG(s) 'fork2_dag' retrieved from /opt/airflow/dags/setup_dag.py
[2026-02-09T11:44:46.204+0000] {logging_mixin.py:188} INFO - [2026-02-09T11:44:46.204+0000] {dag.py:3036} INFO - Sync 1 DAGs
[2026-02-09T11:44:46.248+0000] {logging_mixin.py:188} INFO - [2026-02-09T11:44:46.247+0000] {dag.py:3823} INFO - Setting next_dagrun for fork2_dag to 2026-02-09 11:44:30+00:00, run_after=2026-02-09 11:44:40+00:00
[2026-02-09T11:44:46.276+0000] {processor.py:183} INFO - Processing /opt/airflow/dags/setup_dag.py took 0.108 seconds
[2026-02-09T11:45:16.754+0000] {processor.py:161} INFO - Started process (PID=24759) to work on /opt/airflow/dags/setup_dag.py
[2026-02-09T11:45:16.756+0000] {processor.py:830} INFO - Processing file /opt/airflow/dags/setup_dag.py for tasks to queue
[2026-02-09T11:45:16.757+0000] {logging_mixin.py:188} INFO - [2026-02-09T11:45:16.756+0000] {dagbag.py:538} INFO - Filling up the DagBag from /opt/airflow/dags/setup_dag.py
[2026-02-09T11:45:16.766+0000] {processor.py:840} INFO - DAG(s) 'fork2_dag' retrieved from /opt/airflow/dags/setup_dag.py
[2026-02-09T11:45:16.946+0000] {logging_mixin.py:188} INFO - [2026-02-09T11:45:16.946+0000] {dag.py:3036} INFO - Sync 1 DAGs
[2026-02-09T11:45:16.983+0000] {logging_mixin.py:188} INFO - [2026-02-09T11:45:16.983+0000] {dag.py:3823} INFO - Setting next_dagrun for fork2_dag to 2026-02-09 11:45:00+00:00, run_after=2026-02-09 11:45:10+00:00
[2026-02-09T11:45:17.013+0000] {processor.py:183} INFO - Processing /opt/airflow/dags/setup_dag.py took 0.263 seconds
[2026-02-09T11:45:47.438+0000] {processor.py:161} INFO - Started process (PID=24833) to work on /opt/airflow/dags/setup_dag.py
[2026-02-09T11:45:47.440+0000] {processor.py:830} INFO - Processing file /opt/airflow/dags/setup_dag.py for tasks to queue
[2026-02-09T11:45:47.441+0000] {logging_mixin.py:188} INFO - [2026-02-09T11:45:47.441+0000] {dagbag.py:538} INFO - Filling up the DagBag from /opt/airflow/dags/setup_dag.py
[2026-02-09T11:45:47.450+0000] {processor.py:840} INFO - DAG(s) 'fork2_dag' retrieved from /opt/airflow/dags/setup_dag.py
[2026-02-09T11:45:47.479+0000] {logging_mixin.py:188} INFO - [2026-02-09T11:45:47.479+0000] {dag.py:3036} INFO - Sync 1 DAGs
[2026-02-09T11:45:47.513+0000] {logging_mixin.py:188} INFO - [2026-02-09T11:45:47.512+0000] {dag.py:3823} INFO - Setting next_dagrun for fork2_dag to 2026-02-09 11:45:30+00:00, run_after=2026-02-09 11:45:40+00:00
[2026-02-09T11:45:47.540+0000] {processor.py:183} INFO - Processing /opt/airflow/dags/setup_dag.py took 0.106 seconds
[2026-02-09T11:46:17.827+0000] {processor.py:161} INFO - Started process (PID=24907) to work on /opt/airflow/dags/setup_dag.py
[2026-02-09T11:46:17.828+0000] {processor.py:830} INFO - Processing file /opt/airflow/dags/setup_dag.py for tasks to queue
[2026-02-09T11:46:17.829+0000] {logging_mixin.py:188} INFO - [2026-02-09T11:46:17.829+0000] {dagbag.py:538} INFO - Filling up the DagBag from /opt/airflow/dags/setup_dag.py
[2026-02-09T11:46:17.838+0000] {processor.py:840} INFO - DAG(s) 'fork2_dag' retrieved from /opt/airflow/dags/setup_dag.py
[2026-02-09T11:46:17.855+0000] {logging_mixin.py:188} INFO - [2026-02-09T11:46:17.854+0000] {dag.py:3036} INFO - Sync 1 DAGs
[2026-02-09T11:46:17.895+0000] {logging_mixin.py:188} INFO - [2026-02-09T11:46:17.894+0000] {dag.py:3823} INFO - Setting next_dagrun for fork2_dag to 2026-02-09 11:46:00+00:00, run_after=2026-02-09 11:46:10+00:00
[2026-02-09T11:46:17.926+0000] {processor.py:183} INFO - Processing /opt/airflow/dags/setup_dag.py took 0.104 seconds
[2026-02-09T11:46:48.265+0000] {processor.py:161} INFO - Started process (PID=24985) to work on /opt/airflow/dags/setup_dag.py
[2026-02-09T11:46:48.268+0000] {processor.py:830} INFO - Processing file /opt/airflow/dags/setup_dag.py for tasks to queue
[2026-02-09T11:46:48.273+0000] {logging_mixin.py:188} INFO - [2026-02-09T11:46:48.273+0000] {dagbag.py:538} INFO - Filling up the DagBag from /opt/airflow/dags/setup_dag.py
[2026-02-09T11:46:48.299+0000] {processor.py:840} INFO - DAG(s) 'fork2_dag' retrieved from /opt/airflow/dags/setup_dag.py
[2026-02-09T11:46:48.550+0000] {logging_mixin.py:188} INFO - [2026-02-09T11:46:48.549+0000] {dag.py:3036} INFO - Sync 1 DAGs
[2026-02-09T11:46:48.627+0000] {logging_mixin.py:188} INFO - [2026-02-09T11:46:48.626+0000] {dag.py:3823} INFO - Setting next_dagrun for fork2_dag to 2026-02-09 11:46:30+00:00, run_after=2026-02-09 11:46:40+00:00
[2026-02-09T11:46:48.696+0000] {processor.py:183} INFO - Processing /opt/airflow/dags/setup_dag.py took 0.451 seconds
[2026-02-09T11:47:18.854+0000] {processor.py:161} INFO - Started process (PID=25061) to work on /opt/airflow/dags/setup_dag.py
[2026-02-09T11:47:18.855+0000] {processor.py:830} INFO - Processing file /opt/airflow/dags/setup_dag.py for tasks to queue
[2026-02-09T11:47:18.856+0000] {logging_mixin.py:188} INFO - [2026-02-09T11:47:18.856+0000] {dagbag.py:538} INFO - Filling up the DagBag from /opt/airflow/dags/setup_dag.py
[2026-02-09T11:47:18.865+0000] {processor.py:840} INFO - DAG(s) 'fork2_dag' retrieved from /opt/airflow/dags/setup_dag.py
[2026-02-09T11:47:18.895+0000] {logging_mixin.py:188} INFO - [2026-02-09T11:47:18.894+0000] {dag.py:3036} INFO - Sync 1 DAGs
[2026-02-09T11:47:18.929+0000] {logging_mixin.py:188} INFO - [2026-02-09T11:47:18.928+0000] {dag.py:3823} INFO - Setting next_dagrun for fork2_dag to 2026-02-09 11:47:00+00:00, run_after=2026-02-09 11:47:10+00:00
[2026-02-09T11:47:18.955+0000] {processor.py:183} INFO - Processing /opt/airflow/dags/setup_dag.py took 0.106 seconds
[2026-02-09T11:47:49.025+0000] {processor.py:161} INFO - Started process (PID=25139) to work on /opt/airflow/dags/setup_dag.py
[2026-02-09T11:47:49.026+0000] {processor.py:830} INFO - Processing file /opt/airflow/dags/setup_dag.py for tasks to queue
[2026-02-09T11:47:49.027+0000] {logging_mixin.py:188} INFO - [2026-02-09T11:47:49.027+0000] {dagbag.py:538} INFO - Filling up the DagBag from /opt/airflow/dags/setup_dag.py
[2026-02-09T11:47:49.037+0000] {processor.py:840} INFO - DAG(s) 'fork2_dag' retrieved from /opt/airflow/dags/setup_dag.py
[2026-02-09T11:47:49.053+0000] {logging_mixin.py:188} INFO - [2026-02-09T11:47:49.053+0000] {dag.py:3036} INFO - Sync 1 DAGs
[2026-02-09T11:47:49.087+0000] {logging_mixin.py:188} INFO - [2026-02-09T11:47:49.086+0000] {dag.py:3823} INFO - Setting next_dagrun for fork2_dag to 2026-02-09 11:47:30+00:00, run_after=2026-02-09 11:47:40+00:00
[2026-02-09T11:47:49.112+0000] {processor.py:183} INFO - Processing /opt/airflow/dags/setup_dag.py took 0.093 seconds
[2026-02-09T11:48:19.572+0000] {processor.py:161} INFO - Started process (PID=25216) to work on /opt/airflow/dags/setup_dag.py
[2026-02-09T11:48:19.574+0000] {processor.py:830} INFO - Processing file /opt/airflow/dags/setup_dag.py for tasks to queue
[2026-02-09T11:48:19.575+0000] {logging_mixin.py:188} INFO - [2026-02-09T11:48:19.575+0000] {dagbag.py:538} INFO - Filling up the DagBag from /opt/airflow/dags/setup_dag.py
[2026-02-09T11:48:19.586+0000] {processor.py:840} INFO - DAG(s) 'fork2_dag' retrieved from /opt/airflow/dags/setup_dag.py
[2026-02-09T11:48:19.766+0000] {logging_mixin.py:188} INFO - [2026-02-09T11:48:19.766+0000] {dag.py:3036} INFO - Sync 1 DAGs
[2026-02-09T11:48:19.796+0000] {logging_mixin.py:188} INFO - [2026-02-09T11:48:19.796+0000] {dag.py:3823} INFO - Setting next_dagrun for fork2_dag to 2026-02-09 11:48:00+00:00, run_after=2026-02-09 11:48:10+00:00
[2026-02-09T11:48:19.824+0000] {processor.py:183} INFO - Processing /opt/airflow/dags/setup_dag.py took 0.257 seconds
[2026-02-09T11:48:50.013+0000] {processor.py:161} INFO - Started process (PID=25296) to work on /opt/airflow/dags/setup_dag.py
[2026-02-09T11:48:50.015+0000] {processor.py:830} INFO - Processing file /opt/airflow/dags/setup_dag.py for tasks to queue
[2026-02-09T11:48:50.017+0000] {logging_mixin.py:188} INFO - [2026-02-09T11:48:50.016+0000] {dagbag.py:538} INFO - Filling up the DagBag from /opt/airflow/dags/setup_dag.py
[2026-02-09T11:48:50.028+0000] {processor.py:840} INFO - DAG(s) 'fork2_dag' retrieved from /opt/airflow/dags/setup_dag.py
[2026-02-09T11:48:50.064+0000] {logging_mixin.py:188} INFO - [2026-02-09T11:48:50.063+0000] {dag.py:3036} INFO - Sync 1 DAGs
[2026-02-09T11:48:50.109+0000] {logging_mixin.py:188} INFO - [2026-02-09T11:48:50.109+0000] {dag.py:3823} INFO - Setting next_dagrun for fork2_dag to 2026-02-09 11:48:40+00:00, run_after=2026-02-09 11:48:50+00:00
[2026-02-09T11:48:50.142+0000] {processor.py:183} INFO - Processing /opt/airflow/dags/setup_dag.py took 0.135 seconds
[2026-02-09T11:49:20.564+0000] {processor.py:161} INFO - Started process (PID=25379) to work on /opt/airflow/dags/setup_dag.py
[2026-02-09T11:49:20.566+0000] {processor.py:830} INFO - Processing file /opt/airflow/dags/setup_dag.py for tasks to queue
[2026-02-09T11:49:20.567+0000] {logging_mixin.py:188} INFO - [2026-02-09T11:49:20.567+0000] {dagbag.py:538} INFO - Filling up the DagBag from /opt/airflow/dags/setup_dag.py
[2026-02-09T11:49:20.579+0000] {processor.py:840} INFO - DAG(s) 'fork2_dag' retrieved from /opt/airflow/dags/setup_dag.py
[2026-02-09T11:49:20.598+0000] {logging_mixin.py:188} INFO - [2026-02-09T11:49:20.597+0000] {dag.py:3036} INFO - Sync 1 DAGs
[2026-02-09T11:49:20.636+0000] {logging_mixin.py:188} INFO - [2026-02-09T11:49:20.635+0000] {dag.py:3823} INFO - Setting next_dagrun for fork2_dag to 2026-02-09 11:49:10+00:00, run_after=2026-02-09 11:49:20+00:00
[2026-02-09T11:49:20.665+0000] {processor.py:183} INFO - Processing /opt/airflow/dags/setup_dag.py took 0.106 seconds
[2026-02-09T11:49:50.807+0000] {processor.py:161} INFO - Started process (PID=25466) to work on /opt/airflow/dags/setup_dag.py
[2026-02-09T11:49:50.808+0000] {processor.py:830} INFO - Processing file /opt/airflow/dags/setup_dag.py for tasks to queue
[2026-02-09T11:49:50.810+0000] {logging_mixin.py:188} INFO - [2026-02-09T11:49:50.809+0000] {dagbag.py:538} INFO - Filling up the DagBag from /opt/airflow/dags/setup_dag.py
[2026-02-09T11:49:50.835+0000] {processor.py:840} INFO - DAG(s) 'fork2_dag' retrieved from /opt/airflow/dags/setup_dag.py
[2026-02-09T11:49:51.223+0000] {logging_mixin.py:188} INFO - [2026-02-09T11:49:51.223+0000] {dag.py:3036} INFO - Sync 1 DAGs
[2026-02-09T11:49:51.283+0000] {logging_mixin.py:188} INFO - [2026-02-09T11:49:51.282+0000] {dag.py:3823} INFO - Setting next_dagrun for fork2_dag to 2026-02-09 11:49:40+00:00, run_after=2026-02-09 11:49:50+00:00
[2026-02-09T11:49:51.336+0000] {processor.py:183} INFO - Processing /opt/airflow/dags/setup_dag.py took 0.547 seconds
[2026-02-09T11:50:21.453+0000] {processor.py:161} INFO - Started process (PID=25548) to work on /opt/airflow/dags/setup_dag.py
[2026-02-09T11:50:21.454+0000] {processor.py:830} INFO - Processing file /opt/airflow/dags/setup_dag.py for tasks to queue
[2026-02-09T11:50:21.455+0000] {logging_mixin.py:188} INFO - [2026-02-09T11:50:21.455+0000] {dagbag.py:538} INFO - Filling up the DagBag from /opt/airflow/dags/setup_dag.py
[2026-02-09T11:50:21.464+0000] {processor.py:840} INFO - DAG(s) 'fork2_dag' retrieved from /opt/airflow/dags/setup_dag.py
[2026-02-09T11:50:21.495+0000] {logging_mixin.py:188} INFO - [2026-02-09T11:50:21.494+0000] {dag.py:3036} INFO - Sync 1 DAGs
[2026-02-09T11:50:21.529+0000] {logging_mixin.py:188} INFO - [2026-02-09T11:50:21.528+0000] {dag.py:3823} INFO - Setting next_dagrun for fork2_dag to 2026-02-09 11:50:10+00:00, run_after=2026-02-09 11:50:20+00:00
[2026-02-09T11:50:21.558+0000] {processor.py:183} INFO - Processing /opt/airflow/dags/setup_dag.py took 0.110 seconds
[2026-02-09T11:50:51.802+0000] {processor.py:161} INFO - Started process (PID=25633) to work on /opt/airflow/dags/setup_dag.py
[2026-02-09T11:50:51.804+0000] {processor.py:830} INFO - Processing file /opt/airflow/dags/setup_dag.py for tasks to queue
[2026-02-09T11:50:51.810+0000] {logging_mixin.py:188} INFO - [2026-02-09T11:50:51.806+0000] {dagbag.py:538} INFO - Filling up the DagBag from /opt/airflow/dags/setup_dag.py
[2026-02-09T11:50:51.826+0000] {processor.py:840} INFO - DAG(s) 'fork2_dag' retrieved from /opt/airflow/dags/setup_dag.py
[2026-02-09T11:50:51.861+0000] {logging_mixin.py:188} INFO - [2026-02-09T11:50:51.860+0000] {dag.py:3036} INFO - Sync 1 DAGs
[2026-02-09T11:50:51.921+0000] {logging_mixin.py:188} INFO - [2026-02-09T11:50:51.920+0000] {dag.py:3823} INFO - Setting next_dagrun for fork2_dag to 2026-02-09 11:50:40+00:00, run_after=2026-02-09 11:50:50+00:00
[2026-02-09T11:50:51.955+0000] {processor.py:183} INFO - Processing /opt/airflow/dags/setup_dag.py took 0.161 seconds
[2026-02-09T11:51:22.044+0000] {processor.py:161} INFO - Started process (PID=25719) to work on /opt/airflow/dags/setup_dag.py
[2026-02-09T11:51:22.045+0000] {processor.py:830} INFO - Processing file /opt/airflow/dags/setup_dag.py for tasks to queue
[2026-02-09T11:51:22.046+0000] {logging_mixin.py:188} INFO - [2026-02-09T11:51:22.046+0000] {dagbag.py:538} INFO - Filling up the DagBag from /opt/airflow/dags/setup_dag.py
[2026-02-09T11:51:22.057+0000] {processor.py:840} INFO - DAG(s) 'fork2_dag' retrieved from /opt/airflow/dags/setup_dag.py
[2026-02-09T11:51:22.257+0000] {logging_mixin.py:188} INFO - [2026-02-09T11:51:22.257+0000] {dag.py:3036} INFO - Sync 1 DAGs
[2026-02-09T11:51:22.295+0000] {logging_mixin.py:188} INFO - [2026-02-09T11:51:22.295+0000] {dag.py:3823} INFO - Setting next_dagrun for fork2_dag to 2026-02-09 11:51:10+00:00, run_after=2026-02-09 11:51:20+00:00
[2026-02-09T11:51:22.327+0000] {processor.py:183} INFO - Processing /opt/airflow/dags/setup_dag.py took 0.288 seconds
[2026-02-09T11:51:52.505+0000] {processor.py:161} INFO - Started process (PID=25805) to work on /opt/airflow/dags/setup_dag.py
[2026-02-09T11:51:52.506+0000] {processor.py:830} INFO - Processing file /opt/airflow/dags/setup_dag.py for tasks to queue
[2026-02-09T11:51:52.507+0000] {logging_mixin.py:188} INFO - [2026-02-09T11:51:52.507+0000] {dagbag.py:538} INFO - Filling up the DagBag from /opt/airflow/dags/setup_dag.py
[2026-02-09T11:51:52.517+0000] {processor.py:840} INFO - DAG(s) 'fork2_dag' retrieved from /opt/airflow/dags/setup_dag.py
[2026-02-09T11:51:52.552+0000] {logging_mixin.py:188} INFO - [2026-02-09T11:51:52.551+0000] {dag.py:3036} INFO - Sync 1 DAGs
[2026-02-09T11:51:52.590+0000] {logging_mixin.py:188} INFO - [2026-02-09T11:51:52.590+0000] {dag.py:3823} INFO - Setting next_dagrun for fork2_dag to 2026-02-09 11:51:40+00:00, run_after=2026-02-09 11:51:50+00:00
[2026-02-09T11:51:52.620+0000] {processor.py:183} INFO - Processing /opt/airflow/dags/setup_dag.py took 0.120 seconds
[2026-02-09T11:52:23.022+0000] {processor.py:161} INFO - Started process (PID=25887) to work on /opt/airflow/dags/setup_dag.py
[2026-02-09T11:52:23.024+0000] {processor.py:830} INFO - Processing file /opt/airflow/dags/setup_dag.py for tasks to queue
[2026-02-09T11:52:23.025+0000] {logging_mixin.py:188} INFO - [2026-02-09T11:52:23.025+0000] {dagbag.py:538} INFO - Filling up the DagBag from /opt/airflow/dags/setup_dag.py
[2026-02-09T11:52:23.036+0000] {processor.py:840} INFO - DAG(s) 'fork2_dag' retrieved from /opt/airflow/dags/setup_dag.py
[2026-02-09T11:52:23.056+0000] {logging_mixin.py:188} INFO - [2026-02-09T11:52:23.055+0000] {dag.py:3036} INFO - Sync 1 DAGs
[2026-02-09T11:52:23.100+0000] {logging_mixin.py:188} INFO - [2026-02-09T11:52:23.100+0000] {dag.py:3823} INFO - Setting next_dagrun for fork2_dag to 2026-02-09 11:52:10+00:00, run_after=2026-02-09 11:52:20+00:00
[2026-02-09T11:52:23.127+0000] {processor.py:183} INFO - Processing /opt/airflow/dags/setup_dag.py took 0.110 seconds
[2026-02-09T11:52:53.919+0000] {processor.py:161} INFO - Started process (PID=25974) to work on /opt/airflow/dags/setup_dag.py
[2026-02-09T11:52:53.929+0000] {processor.py:830} INFO - Processing file /opt/airflow/dags/setup_dag.py for tasks to queue
[2026-02-09T11:52:53.931+0000] {logging_mixin.py:188} INFO - [2026-02-09T11:52:53.930+0000] {dagbag.py:538} INFO - Filling up the DagBag from /opt/airflow/dags/setup_dag.py
[2026-02-09T11:52:53.954+0000] {processor.py:840} INFO - DAG(s) 'fork2_dag' retrieved from /opt/airflow/dags/setup_dag.py
[2026-02-09T11:52:54.210+0000] {logging_mixin.py:188} INFO - [2026-02-09T11:52:54.210+0000] {dag.py:3036} INFO - Sync 1 DAGs
[2026-02-09T11:52:54.265+0000] {logging_mixin.py:188} INFO - [2026-02-09T11:52:54.264+0000] {dag.py:3823} INFO - Setting next_dagrun for fork2_dag to 2026-02-09 11:52:40+00:00, run_after=2026-02-09 11:52:50+00:00
[2026-02-09T11:52:54.300+0000] {processor.py:183} INFO - Processing /opt/airflow/dags/setup_dag.py took 0.395 seconds
[2026-02-09T11:53:25.218+0000] {processor.py:161} INFO - Started process (PID=26049) to work on /opt/airflow/dags/setup_dag.py
[2026-02-09T11:53:25.220+0000] {processor.py:830} INFO - Processing file /opt/airflow/dags/setup_dag.py for tasks to queue
[2026-02-09T11:53:25.221+0000] {logging_mixin.py:188} INFO - [2026-02-09T11:53:25.220+0000] {dagbag.py:538} INFO - Filling up the DagBag from /opt/airflow/dags/setup_dag.py
[2026-02-09T11:53:25.230+0000] {processor.py:840} INFO - DAG(s) 'fork2_dag' retrieved from /opt/airflow/dags/setup_dag.py
[2026-02-09T11:53:25.260+0000] {logging_mixin.py:188} INFO - [2026-02-09T11:53:25.260+0000] {dag.py:3036} INFO - Sync 1 DAGs
[2026-02-09T11:53:25.311+0000] {logging_mixin.py:188} INFO - [2026-02-09T11:53:25.310+0000] {dag.py:3823} INFO - Setting next_dagrun for fork2_dag to 2026-02-09 11:53:10+00:00, run_after=2026-02-09 11:53:20+00:00
[2026-02-09T11:53:25.344+0000] {processor.py:183} INFO - Processing /opt/airflow/dags/setup_dag.py took 0.130 seconds
[2026-02-09T11:53:56.247+0000] {processor.py:161} INFO - Started process (PID=26144) to work on /opt/airflow/dags/setup_dag.py
[2026-02-09T11:53:56.249+0000] {processor.py:830} INFO - Processing file /opt/airflow/dags/setup_dag.py for tasks to queue
[2026-02-09T11:53:56.250+0000] {logging_mixin.py:188} INFO - [2026-02-09T11:53:56.249+0000] {dagbag.py:538} INFO - Filling up the DagBag from /opt/airflow/dags/setup_dag.py
[2026-02-09T11:53:56.258+0000] {processor.py:840} INFO - DAG(s) 'fork2_dag' retrieved from /opt/airflow/dags/setup_dag.py
[2026-02-09T11:53:56.275+0000] {logging_mixin.py:188} INFO - [2026-02-09T11:53:56.275+0000] {dag.py:3036} INFO - Sync 1 DAGs
[2026-02-09T11:53:56.309+0000] {logging_mixin.py:188} INFO - [2026-02-09T11:53:56.308+0000] {dag.py:3823} INFO - Setting next_dagrun for fork2_dag to 2026-02-09 11:53:40+00:00, run_after=2026-02-09 11:53:50+00:00
[2026-02-09T11:53:56.353+0000] {processor.py:183} INFO - Processing /opt/airflow/dags/setup_dag.py took 0.111 seconds
[2026-02-09T11:54:26.535+0000] {processor.py:161} INFO - Started process (PID=26234) to work on /opt/airflow/dags/setup_dag.py
[2026-02-09T11:54:26.536+0000] {processor.py:830} INFO - Processing file /opt/airflow/dags/setup_dag.py for tasks to queue
[2026-02-09T11:54:26.538+0000] {logging_mixin.py:188} INFO - [2026-02-09T11:54:26.537+0000] {dagbag.py:538} INFO - Filling up the DagBag from /opt/airflow/dags/setup_dag.py
[2026-02-09T11:54:26.559+0000] {processor.py:840} INFO - DAG(s) 'fork2_dag' retrieved from /opt/airflow/dags/setup_dag.py
[2026-02-09T11:54:26.871+0000] {logging_mixin.py:188} INFO - [2026-02-09T11:54:26.871+0000] {dag.py:3036} INFO - Sync 1 DAGs
[2026-02-09T11:54:26.912+0000] {logging_mixin.py:188} INFO - [2026-02-09T11:54:26.912+0000] {dag.py:3823} INFO - Setting next_dagrun for fork2_dag to 2026-02-09 11:54:10+00:00, run_after=2026-02-09 11:54:20+00:00
[2026-02-09T11:54:26.969+0000] {processor.py:183} INFO - Processing /opt/airflow/dags/setup_dag.py took 0.441 seconds
[2026-02-09T11:54:57.063+0000] {processor.py:161} INFO - Started process (PID=26321) to work on /opt/airflow/dags/setup_dag.py
[2026-02-09T11:54:57.068+0000] {processor.py:830} INFO - Processing file /opt/airflow/dags/setup_dag.py for tasks to queue
[2026-02-09T11:54:57.070+0000] {logging_mixin.py:188} INFO - [2026-02-09T11:54:57.070+0000] {dagbag.py:538} INFO - Filling up the DagBag from /opt/airflow/dags/setup_dag.py
[2026-02-09T11:54:57.084+0000] {processor.py:840} INFO - DAG(s) 'fork2_dag' retrieved from /opt/airflow/dags/setup_dag.py
[2026-02-09T11:54:57.122+0000] {logging_mixin.py:188} INFO - [2026-02-09T11:54:57.121+0000] {dag.py:3036} INFO - Sync 1 DAGs
[2026-02-09T11:54:57.164+0000] {logging_mixin.py:188} INFO - [2026-02-09T11:54:57.163+0000] {dag.py:3823} INFO - Setting next_dagrun for fork2_dag to 2026-02-09 11:54:40+00:00, run_after=2026-02-09 11:54:50+00:00
[2026-02-09T11:54:57.201+0000] {processor.py:183} INFO - Processing /opt/airflow/dags/setup_dag.py took 0.149 seconds
[2026-02-09T11:55:27.275+0000] {processor.py:161} INFO - Started process (PID=26406) to work on /opt/airflow/dags/setup_dag.py
[2026-02-09T11:55:27.277+0000] {processor.py:830} INFO - Processing file /opt/airflow/dags/setup_dag.py for tasks to queue
[2026-02-09T11:55:27.278+0000] {logging_mixin.py:188} INFO - [2026-02-09T11:55:27.277+0000] {dagbag.py:538} INFO - Filling up the DagBag from /opt/airflow/dags/setup_dag.py
[2026-02-09T11:55:27.287+0000] {processor.py:840} INFO - DAG(s) 'fork2_dag' retrieved from /opt/airflow/dags/setup_dag.py
[2026-02-09T11:55:27.303+0000] {logging_mixin.py:188} INFO - [2026-02-09T11:55:27.303+0000] {dag.py:3036} INFO - Sync 1 DAGs
[2026-02-09T11:55:27.338+0000] {logging_mixin.py:188} INFO - [2026-02-09T11:55:27.338+0000] {dag.py:3823} INFO - Setting next_dagrun for fork2_dag to 2026-02-09 11:55:10+00:00, run_after=2026-02-09 11:55:20+00:00
[2026-02-09T11:55:27.365+0000] {processor.py:183} INFO - Processing /opt/airflow/dags/setup_dag.py took 0.094 seconds
[2026-02-09T11:55:58.091+0000] {processor.py:161} INFO - Started process (PID=26496) to work on /opt/airflow/dags/setup_dag.py
[2026-02-09T11:55:58.093+0000] {processor.py:830} INFO - Processing file /opt/airflow/dags/setup_dag.py for tasks to queue
[2026-02-09T11:55:58.094+0000] {logging_mixin.py:188} INFO - [2026-02-09T11:55:58.094+0000] {dagbag.py:538} INFO - Filling up the DagBag from /opt/airflow/dags/setup_dag.py
[2026-02-09T11:55:58.105+0000] {processor.py:840} INFO - DAG(s) 'fork2_dag' retrieved from /opt/airflow/dags/setup_dag.py
[2026-02-09T11:55:58.279+0000] {logging_mixin.py:188} INFO - [2026-02-09T11:55:58.278+0000] {dag.py:3036} INFO - Sync 1 DAGs
[2026-02-09T11:55:58.310+0000] {logging_mixin.py:188} INFO - [2026-02-09T11:55:58.310+0000] {dag.py:3823} INFO - Setting next_dagrun for fork2_dag to 2026-02-09 11:55:40+00:00, run_after=2026-02-09 11:55:50+00:00
[2026-02-09T11:55:58.341+0000] {processor.py:183} INFO - Processing /opt/airflow/dags/setup_dag.py took 0.256 seconds
[2026-02-09T11:56:28.791+0000] {processor.py:161} INFO - Started process (PID=26582) to work on /opt/airflow/dags/setup_dag.py
[2026-02-09T11:56:28.792+0000] {processor.py:830} INFO - Processing file /opt/airflow/dags/setup_dag.py for tasks to queue
[2026-02-09T11:56:28.794+0000] {logging_mixin.py:188} INFO - [2026-02-09T11:56:28.793+0000] {dagbag.py:538} INFO - Filling up the DagBag from /opt/airflow/dags/setup_dag.py
[2026-02-09T11:56:28.814+0000] {processor.py:840} INFO - DAG(s) 'fork2_dag' retrieved from /opt/airflow/dags/setup_dag.py
[2026-02-09T11:56:28.859+0000] {logging_mixin.py:188} INFO - [2026-02-09T11:56:28.859+0000] {dag.py:3036} INFO - Sync 1 DAGs
[2026-02-09T11:56:28.905+0000] {logging_mixin.py:188} INFO - [2026-02-09T11:56:28.904+0000] {dag.py:3823} INFO - Setting next_dagrun for fork2_dag to 2026-02-09 11:56:10+00:00, run_after=2026-02-09 11:56:20+00:00
[2026-02-09T11:56:28.933+0000] {processor.py:183} INFO - Processing /opt/airflow/dags/setup_dag.py took 0.148 seconds
[2026-02-09T11:56:59.382+0000] {processor.py:161} INFO - Started process (PID=26672) to work on /opt/airflow/dags/setup_dag.py
[2026-02-09T11:56:59.384+0000] {processor.py:830} INFO - Processing file /opt/airflow/dags/setup_dag.py for tasks to queue
[2026-02-09T11:56:59.386+0000] {logging_mixin.py:188} INFO - [2026-02-09T11:56:59.385+0000] {dagbag.py:538} INFO - Filling up the DagBag from /opt/airflow/dags/setup_dag.py
[2026-02-09T11:56:59.398+0000] {processor.py:840} INFO - DAG(s) 'fork2_dag' retrieved from /opt/airflow/dags/setup_dag.py
[2026-02-09T11:56:59.438+0000] {logging_mixin.py:188} INFO - [2026-02-09T11:56:59.437+0000] {dag.py:3036} INFO - Sync 1 DAGs
[2026-02-09T11:56:59.486+0000] {logging_mixin.py:188} INFO - [2026-02-09T11:56:59.485+0000] {dag.py:3823} INFO - Setting next_dagrun for fork2_dag to 2026-02-09 11:56:40+00:00, run_after=2026-02-09 11:56:50+00:00
[2026-02-09T11:56:59.518+0000] {processor.py:183} INFO - Processing /opt/airflow/dags/setup_dag.py took 0.143 seconds
[2026-02-09T11:57:29.941+0000] {processor.py:161} INFO - Started process (PID=26770) to work on /opt/airflow/dags/setup_dag.py
[2026-02-09T11:57:29.942+0000] {processor.py:830} INFO - Processing file /opt/airflow/dags/setup_dag.py for tasks to queue
[2026-02-09T11:57:29.943+0000] {logging_mixin.py:188} INFO - [2026-02-09T11:57:29.943+0000] {dagbag.py:538} INFO - Filling up the DagBag from /opt/airflow/dags/setup_dag.py
[2026-02-09T11:57:29.955+0000] {processor.py:840} INFO - DAG(s) 'fork2_dag' retrieved from /opt/airflow/dags/setup_dag.py
[2026-02-09T11:57:30.130+0000] {logging_mixin.py:188} INFO - [2026-02-09T11:57:30.130+0000] {dag.py:3036} INFO - Sync 1 DAGs
[2026-02-09T11:57:30.163+0000] {logging_mixin.py:188} INFO - [2026-02-09T11:57:30.163+0000] {dag.py:3823} INFO - Setting next_dagrun for fork2_dag to 2026-02-09 11:57:20+00:00, run_after=2026-02-09 11:57:30+00:00
[2026-02-09T11:57:30.195+0000] {processor.py:183} INFO - Processing /opt/airflow/dags/setup_dag.py took 0.260 seconds
[2026-02-09T11:58:00.283+0000] {processor.py:161} INFO - Started process (PID=26861) to work on /opt/airflow/dags/setup_dag.py
[2026-02-09T11:58:00.285+0000] {processor.py:830} INFO - Processing file /opt/airflow/dags/setup_dag.py for tasks to queue
[2026-02-09T11:58:00.287+0000] {logging_mixin.py:188} INFO - [2026-02-09T11:58:00.286+0000] {dagbag.py:538} INFO - Filling up the DagBag from /opt/airflow/dags/setup_dag.py
[2026-02-09T11:58:00.298+0000] {processor.py:840} INFO - DAG(s) 'fork2_dag' retrieved from /opt/airflow/dags/setup_dag.py
[2026-02-09T11:58:00.332+0000] {logging_mixin.py:188} INFO - [2026-02-09T11:58:00.331+0000] {dag.py:3036} INFO - Sync 1 DAGs
[2026-02-09T11:58:00.376+0000] {logging_mixin.py:188} INFO - [2026-02-09T11:58:00.376+0000] {dag.py:3823} INFO - Setting next_dagrun for fork2_dag to 2026-02-09 11:57:50+00:00, run_after=2026-02-09 11:58:00+00:00
[2026-02-09T11:58:00.405+0000] {processor.py:183} INFO - Processing /opt/airflow/dags/setup_dag.py took 0.128 seconds
[2026-02-09T11:58:30.974+0000] {processor.py:161} INFO - Started process (PID=26937) to work on /opt/airflow/dags/setup_dag.py
[2026-02-09T11:58:30.975+0000] {processor.py:830} INFO - Processing file /opt/airflow/dags/setup_dag.py for tasks to queue
[2026-02-09T11:58:30.977+0000] {logging_mixin.py:188} INFO - [2026-02-09T11:58:30.977+0000] {dagbag.py:538} INFO - Filling up the DagBag from /opt/airflow/dags/setup_dag.py
[2026-02-09T11:58:30.988+0000] {processor.py:840} INFO - DAG(s) 'fork2_dag' retrieved from /opt/airflow/dags/setup_dag.py
[2026-02-09T11:58:31.009+0000] {logging_mixin.py:188} INFO - [2026-02-09T11:58:31.008+0000] {dag.py:3036} INFO - Sync 1 DAGs
[2026-02-09T11:58:31.054+0000] {logging_mixin.py:188} INFO - [2026-02-09T11:58:31.054+0000] {dag.py:3823} INFO - Setting next_dagrun for fork2_dag to 2026-02-09 11:58:20+00:00, run_after=2026-02-09 11:58:30+00:00
[2026-02-09T11:58:31.099+0000] {processor.py:183} INFO - Processing /opt/airflow/dags/setup_dag.py took 0.130 seconds
[2026-02-09T11:59:01.508+0000] {processor.py:161} INFO - Started process (PID=27019) to work on /opt/airflow/dags/setup_dag.py
[2026-02-09T11:59:01.510+0000] {processor.py:830} INFO - Processing file /opt/airflow/dags/setup_dag.py for tasks to queue
[2026-02-09T11:59:01.511+0000] {logging_mixin.py:188} INFO - [2026-02-09T11:59:01.511+0000] {dagbag.py:538} INFO - Filling up the DagBag from /opt/airflow/dags/setup_dag.py
[2026-02-09T11:59:01.522+0000] {processor.py:840} INFO - DAG(s) 'fork2_dag' retrieved from /opt/airflow/dags/setup_dag.py
[2026-02-09T11:59:01.768+0000] {logging_mixin.py:188} INFO - [2026-02-09T11:59:01.767+0000] {dag.py:3036} INFO - Sync 1 DAGs
[2026-02-09T11:59:01.845+0000] {logging_mixin.py:188} INFO - [2026-02-09T11:59:01.845+0000] {dag.py:3823} INFO - Setting next_dagrun for fork2_dag to 2026-02-09 11:58:50+00:00, run_after=2026-02-09 11:59:00+00:00
[2026-02-09T11:59:01.882+0000] {processor.py:183} INFO - Processing /opt/airflow/dags/setup_dag.py took 0.380 seconds
[2026-02-09T11:59:31.947+0000] {processor.py:161} INFO - Started process (PID=27107) to work on /opt/airflow/dags/setup_dag.py
[2026-02-09T11:59:31.949+0000] {processor.py:830} INFO - Processing file /opt/airflow/dags/setup_dag.py for tasks to queue
[2026-02-09T11:59:31.950+0000] {logging_mixin.py:188} INFO - [2026-02-09T11:59:31.950+0000] {dagbag.py:538} INFO - Filling up the DagBag from /opt/airflow/dags/setup_dag.py
[2026-02-09T11:59:31.960+0000] {processor.py:840} INFO - DAG(s) 'fork2_dag' retrieved from /opt/airflow/dags/setup_dag.py
[2026-02-09T11:59:31.991+0000] {logging_mixin.py:188} INFO - [2026-02-09T11:59:31.991+0000] {dag.py:3036} INFO - Sync 1 DAGs
[2026-02-09T11:59:32.028+0000] {logging_mixin.py:188} INFO - [2026-02-09T11:59:32.027+0000] {dag.py:3823} INFO - Setting next_dagrun for fork2_dag to 2026-02-09 11:59:20+00:00, run_after=2026-02-09 11:59:30+00:00
[2026-02-09T11:59:32.059+0000] {processor.py:183} INFO - Processing /opt/airflow/dags/setup_dag.py took 0.117 seconds
[2026-02-09T12:00:02.229+0000] {processor.py:161} INFO - Started process (PID=27200) to work on /opt/airflow/dags/setup_dag.py
[2026-02-09T12:00:02.231+0000] {processor.py:830} INFO - Processing file /opt/airflow/dags/setup_dag.py for tasks to queue
[2026-02-09T12:00:02.232+0000] {logging_mixin.py:188} INFO - [2026-02-09T12:00:02.232+0000] {dagbag.py:538} INFO - Filling up the DagBag from /opt/airflow/dags/setup_dag.py
[2026-02-09T12:00:02.242+0000] {processor.py:840} INFO - DAG(s) 'fork2_dag' retrieved from /opt/airflow/dags/setup_dag.py
[2026-02-09T12:00:02.259+0000] {logging_mixin.py:188} INFO - [2026-02-09T12:00:02.259+0000] {dag.py:3036} INFO - Sync 1 DAGs
[2026-02-09T12:00:02.295+0000] {logging_mixin.py:188} INFO - [2026-02-09T12:00:02.295+0000] {dag.py:3823} INFO - Setting next_dagrun for fork2_dag to 2026-02-09 11:59:50+00:00, run_after=2026-02-09 12:00:00+00:00
[2026-02-09T12:00:02.327+0000] {processor.py:183} INFO - Processing /opt/airflow/dags/setup_dag.py took 0.102 seconds
[2026-02-09T12:00:32.475+0000] {processor.py:161} INFO - Started process (PID=27295) to work on /opt/airflow/dags/setup_dag.py
[2026-02-09T12:00:32.477+0000] {processor.py:830} INFO - Processing file /opt/airflow/dags/setup_dag.py for tasks to queue
[2026-02-09T12:00:32.478+0000] {logging_mixin.py:188} INFO - [2026-02-09T12:00:32.477+0000] {dagbag.py:538} INFO - Filling up the DagBag from /opt/airflow/dags/setup_dag.py
[2026-02-09T12:00:32.488+0000] {processor.py:840} INFO - DAG(s) 'fork2_dag' retrieved from /opt/airflow/dags/setup_dag.py
[2026-02-09T12:00:32.671+0000] {logging_mixin.py:188} INFO - [2026-02-09T12:00:32.671+0000] {dag.py:3036} INFO - Sync 1 DAGs
[2026-02-09T12:00:32.701+0000] {logging_mixin.py:188} INFO - [2026-02-09T12:00:32.701+0000] {dag.py:3823} INFO - Setting next_dagrun for fork2_dag to 2026-02-09 12:00:20+00:00, run_after=2026-02-09 12:00:30+00:00
[2026-02-09T12:00:32.731+0000] {processor.py:183} INFO - Processing /opt/airflow/dags/setup_dag.py took 0.262 seconds
[2026-02-09T12:01:02.828+0000] {processor.py:161} INFO - Started process (PID=27391) to work on /opt/airflow/dags/setup_dag.py
[2026-02-09T12:01:02.830+0000] {processor.py:830} INFO - Processing file /opt/airflow/dags/setup_dag.py for tasks to queue
[2026-02-09T12:01:02.831+0000] {logging_mixin.py:188} INFO - [2026-02-09T12:01:02.831+0000] {dagbag.py:538} INFO - Filling up the DagBag from /opt/airflow/dags/setup_dag.py
[2026-02-09T12:01:02.840+0000] {processor.py:840} INFO - DAG(s) 'fork2_dag' retrieved from /opt/airflow/dags/setup_dag.py
[2026-02-09T12:01:02.877+0000] {logging_mixin.py:188} INFO - [2026-02-09T12:01:02.876+0000] {dag.py:3036} INFO - Sync 1 DAGs
[2026-02-09T12:01:02.921+0000] {logging_mixin.py:188} INFO - [2026-02-09T12:01:02.921+0000] {dag.py:3823} INFO - Setting next_dagrun for fork2_dag to 2026-02-09 12:00:50+00:00, run_after=2026-02-09 12:01:00+00:00
[2026-02-09T12:01:02.957+0000] {processor.py:183} INFO - Processing /opt/airflow/dags/setup_dag.py took 0.133 seconds
[2026-02-09T12:01:33.038+0000] {processor.py:161} INFO - Started process (PID=27472) to work on /opt/airflow/dags/setup_dag.py
[2026-02-09T12:01:33.040+0000] {processor.py:830} INFO - Processing file /opt/airflow/dags/setup_dag.py for tasks to queue
[2026-02-09T12:01:33.041+0000] {logging_mixin.py:188} INFO - [2026-02-09T12:01:33.041+0000] {dagbag.py:538} INFO - Filling up the DagBag from /opt/airflow/dags/setup_dag.py
[2026-02-09T12:01:33.052+0000] {processor.py:840} INFO - DAG(s) 'fork2_dag' retrieved from /opt/airflow/dags/setup_dag.py
[2026-02-09T12:01:33.079+0000] {logging_mixin.py:188} INFO - [2026-02-09T12:01:33.078+0000] {dag.py:3036} INFO - Sync 1 DAGs
[2026-02-09T12:01:33.128+0000] {logging_mixin.py:188} INFO - [2026-02-09T12:01:33.128+0000] {dag.py:3823} INFO - Setting next_dagrun for fork2_dag to 2026-02-09 12:01:20+00:00, run_after=2026-02-09 12:01:30+00:00
[2026-02-09T12:01:33.167+0000] {processor.py:183} INFO - Processing /opt/airflow/dags/setup_dag.py took 0.133 seconds
[2026-02-09T12:02:03.342+0000] {processor.py:161} INFO - Started process (PID=27558) to work on /opt/airflow/dags/setup_dag.py
[2026-02-09T12:02:03.344+0000] {processor.py:830} INFO - Processing file /opt/airflow/dags/setup_dag.py for tasks to queue
[2026-02-09T12:02:03.346+0000] {logging_mixin.py:188} INFO - [2026-02-09T12:02:03.345+0000] {dagbag.py:538} INFO - Filling up the DagBag from /opt/airflow/dags/setup_dag.py
[2026-02-09T12:02:03.357+0000] {processor.py:840} INFO - DAG(s) 'fork2_dag' retrieved from /opt/airflow/dags/setup_dag.py
[2026-02-09T12:02:03.559+0000] {logging_mixin.py:188} INFO - [2026-02-09T12:02:03.559+0000] {dag.py:3036} INFO - Sync 1 DAGs
[2026-02-09T12:02:03.600+0000] {logging_mixin.py:188} INFO - [2026-02-09T12:02:03.599+0000] {dag.py:3823} INFO - Setting next_dagrun for fork2_dag to 2026-02-09 12:01:50+00:00, run_after=2026-02-09 12:02:00+00:00
[2026-02-09T12:02:03.639+0000] {processor.py:183} INFO - Processing /opt/airflow/dags/setup_dag.py took 0.301 seconds
[2026-02-09T12:02:33.750+0000] {processor.py:161} INFO - Started process (PID=27658) to work on /opt/airflow/dags/setup_dag.py
[2026-02-09T12:02:33.752+0000] {processor.py:830} INFO - Processing file /opt/airflow/dags/setup_dag.py for tasks to queue
[2026-02-09T12:02:33.753+0000] {logging_mixin.py:188} INFO - [2026-02-09T12:02:33.753+0000] {dagbag.py:538} INFO - Filling up the DagBag from /opt/airflow/dags/setup_dag.py
[2026-02-09T12:02:33.768+0000] {processor.py:840} INFO - DAG(s) 'fork2_dag' retrieved from /opt/airflow/dags/setup_dag.py
[2026-02-09T12:02:33.833+0000] {logging_mixin.py:188} INFO - [2026-02-09T12:02:33.833+0000] {dag.py:3036} INFO - Sync 1 DAGs
[2026-02-09T12:02:33.914+0000] {logging_mixin.py:188} INFO - [2026-02-09T12:02:33.913+0000] {dag.py:3823} INFO - Setting next_dagrun for fork2_dag to 2026-02-09 12:02:20+00:00, run_after=2026-02-09 12:02:30+00:00
[2026-02-09T12:02:33.963+0000] {processor.py:183} INFO - Processing /opt/airflow/dags/setup_dag.py took 0.220 seconds
[2026-02-09T12:03:04.015+0000] {processor.py:161} INFO - Started process (PID=27749) to work on /opt/airflow/dags/setup_dag.py
[2026-02-09T12:03:04.017+0000] {processor.py:830} INFO - Processing file /opt/airflow/dags/setup_dag.py for tasks to queue
[2026-02-09T12:03:04.018+0000] {logging_mixin.py:188} INFO - [2026-02-09T12:03:04.018+0000] {dagbag.py:538} INFO - Filling up the DagBag from /opt/airflow/dags/setup_dag.py
[2026-02-09T12:03:04.028+0000] {processor.py:840} INFO - DAG(s) 'fork2_dag' retrieved from /opt/airflow/dags/setup_dag.py
[2026-02-09T12:03:04.046+0000] {logging_mixin.py:188} INFO - [2026-02-09T12:03:04.045+0000] {dag.py:3036} INFO - Sync 1 DAGs
[2026-02-09T12:03:04.083+0000] {logging_mixin.py:188} INFO - [2026-02-09T12:03:04.083+0000] {dag.py:3823} INFO - Setting next_dagrun for fork2_dag to 2026-02-09 12:02:50+00:00, run_after=2026-02-09 12:03:00+00:00
[2026-02-09T12:03:04.115+0000] {processor.py:183} INFO - Processing /opt/airflow/dags/setup_dag.py took 0.105 seconds
[2026-02-09T12:03:34.485+0000] {processor.py:161} INFO - Started process (PID=27838) to work on /opt/airflow/dags/setup_dag.py
[2026-02-09T12:03:34.486+0000] {processor.py:830} INFO - Processing file /opt/airflow/dags/setup_dag.py for tasks to queue
[2026-02-09T12:03:34.488+0000] {logging_mixin.py:188} INFO - [2026-02-09T12:03:34.487+0000] {dagbag.py:538} INFO - Filling up the DagBag from /opt/airflow/dags/setup_dag.py
[2026-02-09T12:03:34.500+0000] {processor.py:840} INFO - DAG(s) 'fork2_dag' retrieved from /opt/airflow/dags/setup_dag.py
[2026-02-09T12:03:34.767+0000] {logging_mixin.py:188} INFO - [2026-02-09T12:03:34.767+0000] {dag.py:3036} INFO - Sync 1 DAGs
[2026-02-09T12:03:34.807+0000] {logging_mixin.py:188} INFO - [2026-02-09T12:03:34.807+0000] {dag.py:3823} INFO - Setting next_dagrun for fork2_dag to 2026-02-09 12:03:20+00:00, run_after=2026-02-09 12:03:30+00:00
[2026-02-09T12:03:34.881+0000] {processor.py:183} INFO - Processing /opt/airflow/dags/setup_dag.py took 0.402 seconds
[2026-02-09T12:04:05.111+0000] {processor.py:161} INFO - Started process (PID=27929) to work on /opt/airflow/dags/setup_dag.py
[2026-02-09T12:04:05.113+0000] {processor.py:830} INFO - Processing file /opt/airflow/dags/setup_dag.py for tasks to queue
[2026-02-09T12:04:05.114+0000] {logging_mixin.py:188} INFO - [2026-02-09T12:04:05.114+0000] {dagbag.py:538} INFO - Filling up the DagBag from /opt/airflow/dags/setup_dag.py
[2026-02-09T12:04:05.124+0000] {processor.py:840} INFO - DAG(s) 'fork2_dag' retrieved from /opt/airflow/dags/setup_dag.py
[2026-02-09T12:04:05.169+0000] {logging_mixin.py:188} INFO - [2026-02-09T12:04:05.169+0000] {dag.py:3036} INFO - Sync 1 DAGs
[2026-02-09T12:04:05.202+0000] {logging_mixin.py:188} INFO - [2026-02-09T12:04:05.202+0000] {dag.py:3823} INFO - Setting next_dagrun for fork2_dag to 2026-02-09 12:03:50+00:00, run_after=2026-02-09 12:04:00+00:00
[2026-02-09T12:04:05.246+0000] {processor.py:183} INFO - Processing /opt/airflow/dags/setup_dag.py took 0.140 seconds
[2026-02-09T12:04:35.457+0000] {processor.py:161} INFO - Started process (PID=28020) to work on /opt/airflow/dags/setup_dag.py
[2026-02-09T12:04:35.458+0000] {processor.py:830} INFO - Processing file /opt/airflow/dags/setup_dag.py for tasks to queue
[2026-02-09T12:04:35.459+0000] {logging_mixin.py:188} INFO - [2026-02-09T12:04:35.459+0000] {dagbag.py:538} INFO - Filling up the DagBag from /opt/airflow/dags/setup_dag.py
[2026-02-09T12:04:35.471+0000] {processor.py:840} INFO - DAG(s) 'fork2_dag' retrieved from /opt/airflow/dags/setup_dag.py
[2026-02-09T12:04:35.499+0000] {logging_mixin.py:188} INFO - [2026-02-09T12:04:35.499+0000] {dag.py:3036} INFO - Sync 1 DAGs
[2026-02-09T12:04:35.547+0000] {logging_mixin.py:188} INFO - [2026-02-09T12:04:35.546+0000] {dag.py:3823} INFO - Setting next_dagrun for fork2_dag to 2026-02-09 12:04:20+00:00, run_after=2026-02-09 12:04:30+00:00
[2026-02-09T12:04:35.589+0000] {processor.py:183} INFO - Processing /opt/airflow/dags/setup_dag.py took 0.139 seconds
[2026-02-09T12:05:05.838+0000] {processor.py:161} INFO - Started process (PID=28105) to work on /opt/airflow/dags/setup_dag.py
[2026-02-09T12:05:05.845+0000] {processor.py:830} INFO - Processing file /opt/airflow/dags/setup_dag.py for tasks to queue
[2026-02-09T12:05:05.847+0000] {logging_mixin.py:188} INFO - [2026-02-09T12:05:05.846+0000] {dagbag.py:538} INFO - Filling up the DagBag from /opt/airflow/dags/setup_dag.py
[2026-02-09T12:05:05.866+0000] {processor.py:840} INFO - DAG(s) 'fork2_dag' retrieved from /opt/airflow/dags/setup_dag.py
[2026-02-09T12:05:06.158+0000] {logging_mixin.py:188} INFO - [2026-02-09T12:05:06.158+0000] {dag.py:3036} INFO - Sync 1 DAGs
[2026-02-09T12:05:06.197+0000] {logging_mixin.py:188} INFO - [2026-02-09T12:05:06.197+0000] {dag.py:3823} INFO - Setting next_dagrun for fork2_dag to 2026-02-09 12:04:50+00:00, run_after=2026-02-09 12:05:00+00:00
[2026-02-09T12:05:06.234+0000] {processor.py:183} INFO - Processing /opt/airflow/dags/setup_dag.py took 0.402 seconds
[2026-02-09T12:05:36.687+0000] {processor.py:161} INFO - Started process (PID=28187) to work on /opt/airflow/dags/setup_dag.py
[2026-02-09T12:05:36.689+0000] {processor.py:830} INFO - Processing file /opt/airflow/dags/setup_dag.py for tasks to queue
[2026-02-09T12:05:36.690+0000] {logging_mixin.py:188} INFO - [2026-02-09T12:05:36.690+0000] {dagbag.py:538} INFO - Filling up the DagBag from /opt/airflow/dags/setup_dag.py
[2026-02-09T12:05:36.700+0000] {processor.py:840} INFO - DAG(s) 'fork2_dag' retrieved from /opt/airflow/dags/setup_dag.py
[2026-02-09T12:05:36.732+0000] {logging_mixin.py:188} INFO - [2026-02-09T12:05:36.732+0000] {dag.py:3036} INFO - Sync 1 DAGs
[2026-02-09T12:05:36.768+0000] {logging_mixin.py:188} INFO - [2026-02-09T12:05:36.767+0000] {dag.py:3823} INFO - Setting next_dagrun for fork2_dag to 2026-02-09 12:05:20+00:00, run_after=2026-02-09 12:05:30+00:00
[2026-02-09T12:05:36.798+0000] {processor.py:183} INFO - Processing /opt/airflow/dags/setup_dag.py took 0.116 seconds
[2026-02-09T12:06:07.171+0000] {processor.py:161} INFO - Started process (PID=28282) to work on /opt/airflow/dags/setup_dag.py
[2026-02-09T12:06:07.173+0000] {processor.py:830} INFO - Processing file /opt/airflow/dags/setup_dag.py for tasks to queue
[2026-02-09T12:06:07.175+0000] {logging_mixin.py:188} INFO - [2026-02-09T12:06:07.174+0000] {dagbag.py:538} INFO - Filling up the DagBag from /opt/airflow/dags/setup_dag.py
[2026-02-09T12:06:07.186+0000] {processor.py:840} INFO - DAG(s) 'fork2_dag' retrieved from /opt/airflow/dags/setup_dag.py
[2026-02-09T12:06:07.208+0000] {logging_mixin.py:188} INFO - [2026-02-09T12:06:07.207+0000] {dag.py:3036} INFO - Sync 1 DAGs
[2026-02-09T12:06:07.254+0000] {logging_mixin.py:188} INFO - [2026-02-09T12:06:07.254+0000] {dag.py:3823} INFO - Setting next_dagrun for fork2_dag to 2026-02-09 12:05:50+00:00, run_after=2026-02-09 12:06:00+00:00
[2026-02-09T12:06:07.289+0000] {processor.py:183} INFO - Processing /opt/airflow/dags/setup_dag.py took 0.124 seconds
[2026-02-09T12:06:37.508+0000] {processor.py:161} INFO - Started process (PID=28370) to work on /opt/airflow/dags/setup_dag.py
[2026-02-09T12:06:37.522+0000] {processor.py:830} INFO - Processing file /opt/airflow/dags/setup_dag.py for tasks to queue
[2026-02-09T12:06:37.524+0000] {logging_mixin.py:188} INFO - [2026-02-09T12:06:37.523+0000] {dagbag.py:538} INFO - Filling up the DagBag from /opt/airflow/dags/setup_dag.py
[2026-02-09T12:06:37.536+0000] {processor.py:840} INFO - DAG(s) 'fork2_dag' retrieved from /opt/airflow/dags/setup_dag.py
[2026-02-09T12:06:37.856+0000] {logging_mixin.py:188} INFO - [2026-02-09T12:06:37.855+0000] {dag.py:3036} INFO - Sync 1 DAGs
[2026-02-09T12:06:37.897+0000] {logging_mixin.py:188} INFO - [2026-02-09T12:06:37.897+0000] {dag.py:3823} INFO - Setting next_dagrun for fork2_dag to 2026-02-09 12:06:20+00:00, run_after=2026-02-09 12:06:30+00:00
[2026-02-09T12:06:37.947+0000] {processor.py:183} INFO - Processing /opt/airflow/dags/setup_dag.py took 0.445 seconds
[2026-02-09T12:07:08.513+0000] {processor.py:161} INFO - Started process (PID=28455) to work on /opt/airflow/dags/setup_dag.py
[2026-02-09T12:07:08.516+0000] {processor.py:830} INFO - Processing file /opt/airflow/dags/setup_dag.py for tasks to queue
[2026-02-09T12:07:08.518+0000] {logging_mixin.py:188} INFO - [2026-02-09T12:07:08.518+0000] {dagbag.py:538} INFO - Filling up the DagBag from /opt/airflow/dags/setup_dag.py
[2026-02-09T12:07:08.530+0000] {processor.py:840} INFO - DAG(s) 'fork2_dag' retrieved from /opt/airflow/dags/setup_dag.py
[2026-02-09T12:07:08.567+0000] {logging_mixin.py:188} INFO - [2026-02-09T12:07:08.566+0000] {dag.py:3036} INFO - Sync 1 DAGs
[2026-02-09T12:07:08.611+0000] {logging_mixin.py:188} INFO - [2026-02-09T12:07:08.611+0000] {dag.py:3823} INFO - Setting next_dagrun for fork2_dag to 2026-02-09 12:06:50+00:00, run_after=2026-02-09 12:07:00+00:00
[2026-02-09T12:07:08.670+0000] {processor.py:183} INFO - Processing /opt/airflow/dags/setup_dag.py took 0.162 seconds
[2026-02-09T12:07:38.915+0000] {processor.py:161} INFO - Started process (PID=28530) to work on /opt/airflow/dags/setup_dag.py
[2026-02-09T12:07:38.916+0000] {processor.py:830} INFO - Processing file /opt/airflow/dags/setup_dag.py for tasks to queue
[2026-02-09T12:07:38.917+0000] {logging_mixin.py:188} INFO - [2026-02-09T12:07:38.917+0000] {dagbag.py:538} INFO - Filling up the DagBag from /opt/airflow/dags/setup_dag.py
[2026-02-09T12:07:38.927+0000] {processor.py:840} INFO - DAG(s) 'fork2_dag' retrieved from /opt/airflow/dags/setup_dag.py
[2026-02-09T12:07:38.945+0000] {logging_mixin.py:188} INFO - [2026-02-09T12:07:38.945+0000] {dag.py:3036} INFO - Sync 1 DAGs
[2026-02-09T12:07:38.983+0000] {logging_mixin.py:188} INFO - [2026-02-09T12:07:38.983+0000] {dag.py:3823} INFO - Setting next_dagrun for fork2_dag to 2026-02-09 12:07:20+00:00, run_after=2026-02-09 12:07:30+00:00
[2026-02-09T12:07:39.015+0000] {processor.py:183} INFO - Processing /opt/airflow/dags/setup_dag.py took 0.105 seconds
[2026-02-09T12:08:09.128+0000] {processor.py:161} INFO - Started process (PID=28604) to work on /opt/airflow/dags/setup_dag.py
[2026-02-09T12:08:09.130+0000] {processor.py:830} INFO - Processing file /opt/airflow/dags/setup_dag.py for tasks to queue
[2026-02-09T12:08:09.131+0000] {logging_mixin.py:188} INFO - [2026-02-09T12:08:09.131+0000] {dagbag.py:538} INFO - Filling up the DagBag from /opt/airflow/dags/setup_dag.py
[2026-02-09T12:08:09.141+0000] {processor.py:840} INFO - DAG(s) 'fork2_dag' retrieved from /opt/airflow/dags/setup_dag.py
[2026-02-09T12:08:09.304+0000] {logging_mixin.py:188} INFO - [2026-02-09T12:08:09.303+0000] {dag.py:3036} INFO - Sync 1 DAGs
[2026-02-09T12:08:09.334+0000] {logging_mixin.py:188} INFO - [2026-02-09T12:08:09.333+0000] {dag.py:3823} INFO - Setting next_dagrun for fork2_dag to 2026-02-09 12:07:50+00:00, run_after=2026-02-09 12:08:00+00:00
[2026-02-09T12:08:09.361+0000] {processor.py:183} INFO - Processing /opt/airflow/dags/setup_dag.py took 0.238 seconds
[2026-02-09T12:08:39.474+0000] {processor.py:161} INFO - Started process (PID=28679) to work on /opt/airflow/dags/setup_dag.py
[2026-02-09T12:08:39.475+0000] {processor.py:830} INFO - Processing file /opt/airflow/dags/setup_dag.py for tasks to queue
[2026-02-09T12:08:39.476+0000] {logging_mixin.py:188} INFO - [2026-02-09T12:08:39.476+0000] {dagbag.py:538} INFO - Filling up the DagBag from /opt/airflow/dags/setup_dag.py
[2026-02-09T12:08:39.485+0000] {processor.py:840} INFO - DAG(s) 'fork2_dag' retrieved from /opt/airflow/dags/setup_dag.py
[2026-02-09T12:08:39.523+0000] {logging_mixin.py:188} INFO - [2026-02-09T12:08:39.523+0000] {dag.py:3036} INFO - Sync 1 DAGs
[2026-02-09T12:08:39.557+0000] {logging_mixin.py:188} INFO - [2026-02-09T12:08:39.557+0000] {dag.py:3823} INFO - Setting next_dagrun for fork2_dag to 2026-02-09 12:08:20+00:00, run_after=2026-02-09 12:08:30+00:00
[2026-02-09T12:08:39.584+0000] {processor.py:183} INFO - Processing /opt/airflow/dags/setup_dag.py took 0.115 seconds
[2026-02-09T12:09:09.963+0000] {processor.py:161} INFO - Started process (PID=28759) to work on /opt/airflow/dags/setup_dag.py
[2026-02-09T12:09:09.965+0000] {processor.py:830} INFO - Processing file /opt/airflow/dags/setup_dag.py for tasks to queue
[2026-02-09T12:09:09.967+0000] {logging_mixin.py:188} INFO - [2026-02-09T12:09:09.966+0000] {dagbag.py:538} INFO - Filling up the DagBag from /opt/airflow/dags/setup_dag.py
[2026-02-09T12:09:09.977+0000] {processor.py:840} INFO - DAG(s) 'fork2_dag' retrieved from /opt/airflow/dags/setup_dag.py
[2026-02-09T12:09:09.994+0000] {logging_mixin.py:188} INFO - [2026-02-09T12:09:09.993+0000] {dag.py:3036} INFO - Sync 1 DAGs
[2026-02-09T12:09:10.029+0000] {logging_mixin.py:188} INFO - [2026-02-09T12:09:10.028+0000] {dag.py:3823} INFO - Setting next_dagrun for fork2_dag to 2026-02-09 12:09:00+00:00, run_after=2026-02-09 12:09:10+00:00
[2026-02-09T12:09:10.056+0000] {processor.py:183} INFO - Processing /opt/airflow/dags/setup_dag.py took 0.097 seconds
[2026-02-09T12:09:40.559+0000] {processor.py:161} INFO - Started process (PID=28833) to work on /opt/airflow/dags/setup_dag.py
[2026-02-09T12:09:40.561+0000] {processor.py:830} INFO - Processing file /opt/airflow/dags/setup_dag.py for tasks to queue
[2026-02-09T12:09:40.562+0000] {logging_mixin.py:188} INFO - [2026-02-09T12:09:40.562+0000] {dagbag.py:538} INFO - Filling up the DagBag from /opt/airflow/dags/setup_dag.py
[2026-02-09T12:09:40.573+0000] {processor.py:840} INFO - DAG(s) 'fork2_dag' retrieved from /opt/airflow/dags/setup_dag.py
[2026-02-09T12:09:40.786+0000] {logging_mixin.py:188} INFO - [2026-02-09T12:09:40.785+0000] {dag.py:3036} INFO - Sync 1 DAGs
[2026-02-09T12:09:41.094+0000] {logging_mixin.py:188} INFO - [2026-02-09T12:09:41.093+0000] {dag.py:3823} INFO - Setting next_dagrun for fork2_dag to 2026-02-09 12:09:30+00:00, run_after=2026-02-09 12:09:40+00:00
[2026-02-09T12:09:41.128+0000] {processor.py:183} INFO - Processing /opt/airflow/dags/setup_dag.py took 0.574 seconds
[2026-02-09T12:10:11.929+0000] {processor.py:161} INFO - Started process (PID=28909) to work on /opt/airflow/dags/setup_dag.py
[2026-02-09T12:10:11.931+0000] {processor.py:830} INFO - Processing file /opt/airflow/dags/setup_dag.py for tasks to queue
[2026-02-09T12:10:11.933+0000] {logging_mixin.py:188} INFO - [2026-02-09T12:10:11.933+0000] {dagbag.py:538} INFO - Filling up the DagBag from /opt/airflow/dags/setup_dag.py
[2026-02-09T12:10:11.945+0000] {processor.py:840} INFO - DAG(s) 'fork2_dag' retrieved from /opt/airflow/dags/setup_dag.py
[2026-02-09T12:10:11.979+0000] {logging_mixin.py:188} INFO - [2026-02-09T12:10:11.979+0000] {dag.py:3036} INFO - Sync 1 DAGs
[2026-02-09T12:10:12.016+0000] {logging_mixin.py:188} INFO - [2026-02-09T12:10:12.015+0000] {dag.py:3823} INFO - Setting next_dagrun for fork2_dag to 2026-02-09 12:10:00+00:00, run_after=2026-02-09 12:10:10+00:00
[2026-02-09T12:10:12.050+0000] {processor.py:183} INFO - Processing /opt/airflow/dags/setup_dag.py took 0.127 seconds
[2026-02-09T12:10:42.468+0000] {processor.py:161} INFO - Started process (PID=28983) to work on /opt/airflow/dags/setup_dag.py
[2026-02-09T12:10:42.469+0000] {processor.py:830} INFO - Processing file /opt/airflow/dags/setup_dag.py for tasks to queue
[2026-02-09T12:10:42.470+0000] {logging_mixin.py:188} INFO - [2026-02-09T12:10:42.469+0000] {dagbag.py:538} INFO - Filling up the DagBag from /opt/airflow/dags/setup_dag.py
[2026-02-09T12:10:42.478+0000] {processor.py:840} INFO - DAG(s) 'fork2_dag' retrieved from /opt/airflow/dags/setup_dag.py
[2026-02-09T12:10:42.496+0000] {logging_mixin.py:188} INFO - [2026-02-09T12:10:42.496+0000] {dag.py:3036} INFO - Sync 1 DAGs
[2026-02-09T12:10:42.538+0000] {logging_mixin.py:188} INFO - [2026-02-09T12:10:42.537+0000] {dag.py:3823} INFO - Setting next_dagrun for fork2_dag to 2026-02-09 12:10:30+00:00, run_after=2026-02-09 12:10:40+00:00
[2026-02-09T12:10:42.569+0000] {processor.py:183} INFO - Processing /opt/airflow/dags/setup_dag.py took 0.106 seconds
[2026-02-09T12:11:12.628+0000] {processor.py:161} INFO - Started process (PID=29057) to work on /opt/airflow/dags/setup_dag.py
[2026-02-09T12:11:12.630+0000] {processor.py:830} INFO - Processing file /opt/airflow/dags/setup_dag.py for tasks to queue
[2026-02-09T12:11:12.631+0000] {logging_mixin.py:188} INFO - [2026-02-09T12:11:12.630+0000] {dagbag.py:538} INFO - Filling up the DagBag from /opt/airflow/dags/setup_dag.py
[2026-02-09T12:11:12.640+0000] {processor.py:840} INFO - DAG(s) 'fork2_dag' retrieved from /opt/airflow/dags/setup_dag.py
[2026-02-09T12:11:12.805+0000] {logging_mixin.py:188} INFO - [2026-02-09T12:11:12.805+0000] {dag.py:3036} INFO - Sync 1 DAGs
[2026-02-09T12:11:12.837+0000] {logging_mixin.py:188} INFO - [2026-02-09T12:11:12.837+0000] {dag.py:3823} INFO - Setting next_dagrun for fork2_dag to 2026-02-09 12:11:00+00:00, run_after=2026-02-09 12:11:10+00:00
[2026-02-09T12:11:12.867+0000] {processor.py:183} INFO - Processing /opt/airflow/dags/setup_dag.py took 0.244 seconds
[2026-02-09T12:11:42.969+0000] {processor.py:161} INFO - Started process (PID=29131) to work on /opt/airflow/dags/setup_dag.py
[2026-02-09T12:11:42.970+0000] {processor.py:830} INFO - Processing file /opt/airflow/dags/setup_dag.py for tasks to queue
[2026-02-09T12:11:42.972+0000] {logging_mixin.py:188} INFO - [2026-02-09T12:11:42.971+0000] {dagbag.py:538} INFO - Filling up the DagBag from /opt/airflow/dags/setup_dag.py
[2026-02-09T12:11:42.982+0000] {processor.py:840} INFO - DAG(s) 'fork2_dag' retrieved from /opt/airflow/dags/setup_dag.py
[2026-02-09T12:11:43.014+0000] {logging_mixin.py:188} INFO - [2026-02-09T12:11:43.013+0000] {dag.py:3036} INFO - Sync 1 DAGs
[2026-02-09T12:11:43.058+0000] {logging_mixin.py:188} INFO - [2026-02-09T12:11:43.058+0000] {dag.py:3823} INFO - Setting next_dagrun for fork2_dag to 2026-02-09 12:11:30+00:00, run_after=2026-02-09 12:11:40+00:00
[2026-02-09T12:11:43.088+0000] {processor.py:183} INFO - Processing /opt/airflow/dags/setup_dag.py took 0.125 seconds
[2026-02-09T12:12:13.513+0000] {processor.py:161} INFO - Started process (PID=29206) to work on /opt/airflow/dags/setup_dag.py
[2026-02-09T12:12:13.515+0000] {processor.py:830} INFO - Processing file /opt/airflow/dags/setup_dag.py for tasks to queue
[2026-02-09T12:12:13.516+0000] {logging_mixin.py:188} INFO - [2026-02-09T12:12:13.516+0000] {dagbag.py:538} INFO - Filling up the DagBag from /opt/airflow/dags/setup_dag.py
[2026-02-09T12:12:13.526+0000] {processor.py:840} INFO - DAG(s) 'fork2_dag' retrieved from /opt/airflow/dags/setup_dag.py
[2026-02-09T12:12:13.544+0000] {logging_mixin.py:188} INFO - [2026-02-09T12:12:13.544+0000] {dag.py:3036} INFO - Sync 1 DAGs
[2026-02-09T12:12:13.582+0000] {logging_mixin.py:188} INFO - [2026-02-09T12:12:13.581+0000] {dag.py:3823} INFO - Setting next_dagrun for fork2_dag to 2026-02-09 12:12:00+00:00, run_after=2026-02-09 12:12:10+00:00
[2026-02-09T12:12:13.608+0000] {processor.py:183} INFO - Processing /opt/airflow/dags/setup_dag.py took 0.099 seconds
[2026-02-09T12:12:43.846+0000] {processor.py:161} INFO - Started process (PID=29280) to work on /opt/airflow/dags/setup_dag.py
[2026-02-09T12:12:43.847+0000] {processor.py:830} INFO - Processing file /opt/airflow/dags/setup_dag.py for tasks to queue
[2026-02-09T12:12:43.848+0000] {logging_mixin.py:188} INFO - [2026-02-09T12:12:43.848+0000] {dagbag.py:538} INFO - Filling up the DagBag from /opt/airflow/dags/setup_dag.py
[2026-02-09T12:12:43.859+0000] {processor.py:840} INFO - DAG(s) 'fork2_dag' retrieved from /opt/airflow/dags/setup_dag.py
[2026-02-09T12:12:44.222+0000] {logging_mixin.py:188} INFO - [2026-02-09T12:12:44.222+0000] {dag.py:3036} INFO - Sync 1 DAGs
[2026-02-09T12:12:44.258+0000] {logging_mixin.py:188} INFO - [2026-02-09T12:12:44.258+0000] {dag.py:3823} INFO - Setting next_dagrun for fork2_dag to 2026-02-09 12:12:30+00:00, run_after=2026-02-09 12:12:40+00:00
[2026-02-09T12:12:44.297+0000] {processor.py:183} INFO - Processing /opt/airflow/dags/setup_dag.py took 0.456 seconds
[2026-02-09T12:13:14.364+0000] {processor.py:161} INFO - Started process (PID=29363) to work on /opt/airflow/dags/setup_dag.py
[2026-02-09T12:13:14.366+0000] {processor.py:830} INFO - Processing file /opt/airflow/dags/setup_dag.py for tasks to queue
[2026-02-09T12:13:14.368+0000] {logging_mixin.py:188} INFO - [2026-02-09T12:13:14.367+0000] {dagbag.py:538} INFO - Filling up the DagBag from /opt/airflow/dags/setup_dag.py
[2026-02-09T12:13:14.380+0000] {processor.py:840} INFO - DAG(s) 'fork2_dag' retrieved from /opt/airflow/dags/setup_dag.py
[2026-02-09T12:13:14.417+0000] {logging_mixin.py:188} INFO - [2026-02-09T12:13:14.416+0000] {dag.py:3036} INFO - Sync 1 DAGs
[2026-02-09T12:13:14.460+0000] {logging_mixin.py:188} INFO - [2026-02-09T12:13:14.459+0000] {dag.py:3823} INFO - Setting next_dagrun for fork2_dag to 2026-02-09 12:13:00+00:00, run_after=2026-02-09 12:13:10+00:00
[2026-02-09T12:13:14.493+0000] {processor.py:183} INFO - Processing /opt/airflow/dags/setup_dag.py took 0.135 seconds
[2026-02-09T12:13:44.914+0000] {processor.py:161} INFO - Started process (PID=29436) to work on /opt/airflow/dags/setup_dag.py
[2026-02-09T12:13:44.917+0000] {processor.py:830} INFO - Processing file /opt/airflow/dags/setup_dag.py for tasks to queue
[2026-02-09T12:13:44.919+0000] {logging_mixin.py:188} INFO - [2026-02-09T12:13:44.918+0000] {dagbag.py:538} INFO - Filling up the DagBag from /opt/airflow/dags/setup_dag.py
[2026-02-09T12:13:44.930+0000] {processor.py:840} INFO - DAG(s) 'fork2_dag' retrieved from /opt/airflow/dags/setup_dag.py
[2026-02-09T12:13:44.949+0000] {logging_mixin.py:188} INFO - [2026-02-09T12:13:44.949+0000] {dag.py:3036} INFO - Sync 1 DAGs
[2026-02-09T12:13:44.985+0000] {logging_mixin.py:188} INFO - [2026-02-09T12:13:44.984+0000] {dag.py:3823} INFO - Setting next_dagrun for fork2_dag to 2026-02-09 12:13:30+00:00, run_after=2026-02-09 12:13:40+00:00
[2026-02-09T12:13:45.014+0000] {processor.py:183} INFO - Processing /opt/airflow/dags/setup_dag.py took 0.105 seconds
[2026-02-09T12:14:15.782+0000] {processor.py:161} INFO - Started process (PID=29510) to work on /opt/airflow/dags/setup_dag.py
[2026-02-09T12:14:15.784+0000] {processor.py:830} INFO - Processing file /opt/airflow/dags/setup_dag.py for tasks to queue
[2026-02-09T12:14:15.785+0000] {logging_mixin.py:188} INFO - [2026-02-09T12:14:15.785+0000] {dagbag.py:538} INFO - Filling up the DagBag from /opt/airflow/dags/setup_dag.py
[2026-02-09T12:14:15.795+0000] {processor.py:840} INFO - DAG(s) 'fork2_dag' retrieved from /opt/airflow/dags/setup_dag.py
[2026-02-09T12:14:15.956+0000] {logging_mixin.py:188} INFO - [2026-02-09T12:14:15.956+0000] {dag.py:3036} INFO - Sync 1 DAGs
[2026-02-09T12:14:16.170+0000] {logging_mixin.py:188} INFO - [2026-02-09T12:14:16.170+0000] {dag.py:3823} INFO - Setting next_dagrun for fork2_dag to 2026-02-09 12:14:00+00:00, run_after=2026-02-09 12:14:10+00:00
[2026-02-09T12:14:16.196+0000] {processor.py:183} INFO - Processing /opt/airflow/dags/setup_dag.py took 0.420 seconds
[2026-02-09T12:14:46.311+0000] {processor.py:161} INFO - Started process (PID=29584) to work on /opt/airflow/dags/setup_dag.py
[2026-02-09T12:14:46.312+0000] {processor.py:830} INFO - Processing file /opt/airflow/dags/setup_dag.py for tasks to queue
[2026-02-09T12:14:46.314+0000] {logging_mixin.py:188} INFO - [2026-02-09T12:14:46.313+0000] {dagbag.py:538} INFO - Filling up the DagBag from /opt/airflow/dags/setup_dag.py
[2026-02-09T12:14:46.323+0000] {processor.py:840} INFO - DAG(s) 'fork2_dag' retrieved from /opt/airflow/dags/setup_dag.py
[2026-02-09T12:14:46.353+0000] {logging_mixin.py:188} INFO - [2026-02-09T12:14:46.353+0000] {dag.py:3036} INFO - Sync 1 DAGs
[2026-02-09T12:14:46.387+0000] {logging_mixin.py:188} INFO - [2026-02-09T12:14:46.387+0000] {dag.py:3823} INFO - Setting next_dagrun for fork2_dag to 2026-02-09 12:14:30+00:00, run_after=2026-02-09 12:14:40+00:00
[2026-02-09T12:14:46.592+0000] {processor.py:183} INFO - Processing /opt/airflow/dags/setup_dag.py took 0.285 seconds
[2026-02-09T12:15:16.683+0000] {processor.py:161} INFO - Started process (PID=29658) to work on /opt/airflow/dags/setup_dag.py
[2026-02-09T12:15:16.685+0000] {processor.py:830} INFO - Processing file /opt/airflow/dags/setup_dag.py for tasks to queue
[2026-02-09T12:15:16.686+0000] {logging_mixin.py:188} INFO - [2026-02-09T12:15:16.686+0000] {dagbag.py:538} INFO - Filling up the DagBag from /opt/airflow/dags/setup_dag.py
[2026-02-09T12:15:16.697+0000] {processor.py:840} INFO - DAG(s) 'fork2_dag' retrieved from /opt/airflow/dags/setup_dag.py
[2026-02-09T12:15:16.714+0000] {logging_mixin.py:188} INFO - [2026-02-09T12:15:16.714+0000] {dag.py:3036} INFO - Sync 1 DAGs
[2026-02-09T12:15:16.755+0000] {logging_mixin.py:188} INFO - [2026-02-09T12:15:16.754+0000] {dag.py:3823} INFO - Setting next_dagrun for fork2_dag to 2026-02-09 12:15:00+00:00, run_after=2026-02-09 12:15:10+00:00
[2026-02-09T12:15:16.782+0000] {processor.py:183} INFO - Processing /opt/airflow/dags/setup_dag.py took 0.104 seconds
[2026-02-09T12:15:46.829+0000] {processor.py:161} INFO - Started process (PID=29731) to work on /opt/airflow/dags/setup_dag.py
[2026-02-09T12:15:46.830+0000] {processor.py:830} INFO - Processing file /opt/airflow/dags/setup_dag.py for tasks to queue
[2026-02-09T12:15:46.831+0000] {logging_mixin.py:188} INFO - [2026-02-09T12:15:46.831+0000] {dagbag.py:538} INFO - Filling up the DagBag from /opt/airflow/dags/setup_dag.py
[2026-02-09T12:15:46.840+0000] {processor.py:840} INFO - DAG(s) 'fork2_dag' retrieved from /opt/airflow/dags/setup_dag.py
[2026-02-09T12:15:47.167+0000] {logging_mixin.py:188} INFO - [2026-02-09T12:15:47.167+0000] {dag.py:3036} INFO - Sync 1 DAGs
[2026-02-09T12:15:47.197+0000] {logging_mixin.py:188} INFO - [2026-02-09T12:15:47.196+0000] {dag.py:3823} INFO - Setting next_dagrun for fork2_dag to 2026-02-09 12:15:30+00:00, run_after=2026-02-09 12:15:40+00:00
[2026-02-09T12:15:47.225+0000] {processor.py:183} INFO - Processing /opt/airflow/dags/setup_dag.py took 0.401 seconds
[2026-02-09T12:16:18.154+0000] {processor.py:161} INFO - Started process (PID=29812) to work on /opt/airflow/dags/setup_dag.py
[2026-02-09T12:16:18.155+0000] {processor.py:830} INFO - Processing file /opt/airflow/dags/setup_dag.py for tasks to queue
[2026-02-09T12:16:18.156+0000] {logging_mixin.py:188} INFO - [2026-02-09T12:16:18.156+0000] {dagbag.py:538} INFO - Filling up the DagBag from /opt/airflow/dags/setup_dag.py
[2026-02-09T12:16:18.167+0000] {processor.py:840} INFO - DAG(s) 'fork2_dag' retrieved from /opt/airflow/dags/setup_dag.py
[2026-02-09T12:16:18.200+0000] {logging_mixin.py:188} INFO - [2026-02-09T12:16:18.200+0000] {dag.py:3036} INFO - Sync 1 DAGs
[2026-02-09T12:16:18.239+0000] {logging_mixin.py:188} INFO - [2026-02-09T12:16:18.238+0000] {dag.py:3823} INFO - Setting next_dagrun for fork2_dag to 2026-02-09 12:16:00+00:00, run_after=2026-02-09 12:16:10+00:00
[2026-02-09T12:16:18.266+0000] {processor.py:183} INFO - Processing /opt/airflow/dags/setup_dag.py took 0.118 seconds
[2026-02-09T12:16:48.638+0000] {processor.py:161} INFO - Started process (PID=29886) to work on /opt/airflow/dags/setup_dag.py
[2026-02-09T12:16:48.639+0000] {processor.py:830} INFO - Processing file /opt/airflow/dags/setup_dag.py for tasks to queue
[2026-02-09T12:16:48.641+0000] {logging_mixin.py:188} INFO - [2026-02-09T12:16:48.640+0000] {dagbag.py:538} INFO - Filling up the DagBag from /opt/airflow/dags/setup_dag.py
[2026-02-09T12:16:48.651+0000] {processor.py:840} INFO - DAG(s) 'fork2_dag' retrieved from /opt/airflow/dags/setup_dag.py
[2026-02-09T12:16:48.671+0000] {logging_mixin.py:188} INFO - [2026-02-09T12:16:48.671+0000] {dag.py:3036} INFO - Sync 1 DAGs
[2026-02-09T12:16:48.715+0000] {logging_mixin.py:188} INFO - [2026-02-09T12:16:48.715+0000] {dag.py:3823} INFO - Setting next_dagrun for fork2_dag to 2026-02-09 12:16:30+00:00, run_after=2026-02-09 12:16:40+00:00
[2026-02-09T12:16:48.749+0000] {processor.py:183} INFO - Processing /opt/airflow/dags/setup_dag.py took 0.116 seconds
[2026-02-09T12:17:19.524+0000] {processor.py:161} INFO - Started process (PID=29960) to work on /opt/airflow/dags/setup_dag.py
[2026-02-09T12:17:19.525+0000] {processor.py:830} INFO - Processing file /opt/airflow/dags/setup_dag.py for tasks to queue
[2026-02-09T12:17:19.526+0000] {logging_mixin.py:188} INFO - [2026-02-09T12:17:19.526+0000] {dagbag.py:538} INFO - Filling up the DagBag from /opt/airflow/dags/setup_dag.py
[2026-02-09T12:17:19.690+0000] {processor.py:840} INFO - DAG(s) 'fork2_dag' retrieved from /opt/airflow/dags/setup_dag.py
[2026-02-09T12:17:19.850+0000] {logging_mixin.py:188} INFO - [2026-02-09T12:17:19.850+0000] {dag.py:3036} INFO - Sync 1 DAGs
[2026-02-09T12:17:19.879+0000] {logging_mixin.py:188} INFO - [2026-02-09T12:17:19.879+0000] {dag.py:3823} INFO - Setting next_dagrun for fork2_dag to 2026-02-09 12:17:00+00:00, run_after=2026-02-09 12:17:10+00:00
[2026-02-09T12:17:19.905+0000] {processor.py:183} INFO - Processing /opt/airflow/dags/setup_dag.py took 0.385 seconds
[2026-02-09T12:17:50.777+0000] {processor.py:161} INFO - Started process (PID=30034) to work on /opt/airflow/dags/setup_dag.py
[2026-02-09T12:17:50.778+0000] {processor.py:830} INFO - Processing file /opt/airflow/dags/setup_dag.py for tasks to queue
[2026-02-09T12:17:50.780+0000] {logging_mixin.py:188} INFO - [2026-02-09T12:17:50.779+0000] {dagbag.py:538} INFO - Filling up the DagBag from /opt/airflow/dags/setup_dag.py
[2026-02-09T12:17:50.789+0000] {processor.py:840} INFO - DAG(s) 'fork2_dag' retrieved from /opt/airflow/dags/setup_dag.py
[2026-02-09T12:17:50.819+0000] {logging_mixin.py:188} INFO - [2026-02-09T12:17:50.818+0000] {dag.py:3036} INFO - Sync 1 DAGs
[2026-02-09T12:17:50.852+0000] {logging_mixin.py:188} INFO - [2026-02-09T12:17:50.852+0000] {dag.py:3823} INFO - Setting next_dagrun for fork2_dag to 2026-02-09 12:17:40+00:00, run_after=2026-02-09 12:17:50+00:00
[2026-02-09T12:17:50.878+0000] {processor.py:183} INFO - Processing /opt/airflow/dags/setup_dag.py took 0.106 seconds
[2026-02-09T12:18:21.106+0000] {processor.py:161} INFO - Started process (PID=30108) to work on /opt/airflow/dags/setup_dag.py
[2026-02-09T12:18:21.108+0000] {processor.py:830} INFO - Processing file /opt/airflow/dags/setup_dag.py for tasks to queue
[2026-02-09T12:18:21.109+0000] {logging_mixin.py:188} INFO - [2026-02-09T12:18:21.108+0000] {dagbag.py:538} INFO - Filling up the DagBag from /opt/airflow/dags/setup_dag.py
[2026-02-09T12:18:21.118+0000] {processor.py:840} INFO - DAG(s) 'fork2_dag' retrieved from /opt/airflow/dags/setup_dag.py
[2026-02-09T12:18:21.137+0000] {logging_mixin.py:188} INFO - [2026-02-09T12:18:21.136+0000] {dag.py:3036} INFO - Sync 1 DAGs
[2026-02-09T12:18:21.175+0000] {logging_mixin.py:188} INFO - [2026-02-09T12:18:21.175+0000] {dag.py:3823} INFO - Setting next_dagrun for fork2_dag to 2026-02-09 12:18:10+00:00, run_after=2026-02-09 12:18:20+00:00
[2026-02-09T12:18:21.202+0000] {processor.py:183} INFO - Processing /opt/airflow/dags/setup_dag.py took 0.101 seconds
[2026-02-09T12:18:51.586+0000] {processor.py:161} INFO - Started process (PID=30182) to work on /opt/airflow/dags/setup_dag.py
[2026-02-09T12:18:51.588+0000] {processor.py:830} INFO - Processing file /opt/airflow/dags/setup_dag.py for tasks to queue
[2026-02-09T12:18:51.589+0000] {logging_mixin.py:188} INFO - [2026-02-09T12:18:51.588+0000] {dagbag.py:538} INFO - Filling up the DagBag from /opt/airflow/dags/setup_dag.py
[2026-02-09T12:18:51.598+0000] {processor.py:840} INFO - DAG(s) 'fork2_dag' retrieved from /opt/airflow/dags/setup_dag.py
[2026-02-09T12:18:51.756+0000] {logging_mixin.py:188} INFO - [2026-02-09T12:18:51.756+0000] {dag.py:3036} INFO - Sync 1 DAGs
[2026-02-09T12:18:51.787+0000] {logging_mixin.py:188} INFO - [2026-02-09T12:18:51.787+0000] {dag.py:3823} INFO - Setting next_dagrun for fork2_dag to 2026-02-09 12:18:40+00:00, run_after=2026-02-09 12:18:50+00:00
[2026-02-09T12:18:51.814+0000] {processor.py:183} INFO - Processing /opt/airflow/dags/setup_dag.py took 0.233 seconds
[2026-02-09T12:19:22.020+0000] {processor.py:161} INFO - Started process (PID=30256) to work on /opt/airflow/dags/setup_dag.py
[2026-02-09T12:19:22.022+0000] {processor.py:830} INFO - Processing file /opt/airflow/dags/setup_dag.py for tasks to queue
[2026-02-09T12:19:22.023+0000] {logging_mixin.py:188} INFO - [2026-02-09T12:19:22.022+0000] {dagbag.py:538} INFO - Filling up the DagBag from /opt/airflow/dags/setup_dag.py
[2026-02-09T12:19:22.032+0000] {processor.py:840} INFO - DAG(s) 'fork2_dag' retrieved from /opt/airflow/dags/setup_dag.py
[2026-02-09T12:19:22.066+0000] {logging_mixin.py:188} INFO - [2026-02-09T12:19:22.065+0000] {dag.py:3036} INFO - Sync 1 DAGs
[2026-02-09T12:19:22.100+0000] {logging_mixin.py:188} INFO - [2026-02-09T12:19:22.099+0000] {dag.py:3823} INFO - Setting next_dagrun for fork2_dag to 2026-02-09 12:19:10+00:00, run_after=2026-02-09 12:19:20+00:00
[2026-02-09T12:19:22.129+0000] {processor.py:183} INFO - Processing /opt/airflow/dags/setup_dag.py took 0.113 seconds
[2026-02-09T12:19:52.597+0000] {processor.py:161} INFO - Started process (PID=30337) to work on /opt/airflow/dags/setup_dag.py
[2026-02-09T12:19:52.598+0000] {processor.py:830} INFO - Processing file /opt/airflow/dags/setup_dag.py for tasks to queue
[2026-02-09T12:19:52.600+0000] {logging_mixin.py:188} INFO - [2026-02-09T12:19:52.599+0000] {dagbag.py:538} INFO - Filling up the DagBag from /opt/airflow/dags/setup_dag.py
[2026-02-09T12:19:52.609+0000] {processor.py:840} INFO - DAG(s) 'fork2_dag' retrieved from /opt/airflow/dags/setup_dag.py
[2026-02-09T12:19:52.634+0000] {logging_mixin.py:188} INFO - [2026-02-09T12:19:52.634+0000] {dag.py:3036} INFO - Sync 1 DAGs
[2026-02-09T12:19:52.673+0000] {logging_mixin.py:188} INFO - [2026-02-09T12:19:52.673+0000] {dag.py:3823} INFO - Setting next_dagrun for fork2_dag to 2026-02-09 12:19:40+00:00, run_after=2026-02-09 12:19:50+00:00
[2026-02-09T12:19:52.714+0000] {processor.py:183} INFO - Processing /opt/airflow/dags/setup_dag.py took 0.122 seconds
[2026-02-09T12:20:22.837+0000] {processor.py:161} INFO - Started process (PID=30410) to work on /opt/airflow/dags/setup_dag.py
[2026-02-09T12:20:22.839+0000] {processor.py:830} INFO - Processing file /opt/airflow/dags/setup_dag.py for tasks to queue
[2026-02-09T12:20:22.841+0000] {logging_mixin.py:188} INFO - [2026-02-09T12:20:22.840+0000] {dagbag.py:538} INFO - Filling up the DagBag from /opt/airflow/dags/setup_dag.py
[2026-02-09T12:20:22.851+0000] {processor.py:840} INFO - DAG(s) 'fork2_dag' retrieved from /opt/airflow/dags/setup_dag.py
[2026-02-09T12:20:23.125+0000] {logging_mixin.py:188} INFO - [2026-02-09T12:20:23.125+0000] {dag.py:3036} INFO - Sync 1 DAGs
[2026-02-09T12:20:23.189+0000] {logging_mixin.py:188} INFO - [2026-02-09T12:20:23.189+0000] {dag.py:3823} INFO - Setting next_dagrun for fork2_dag to 2026-02-09 12:20:10+00:00, run_after=2026-02-09 12:20:20+00:00
[2026-02-09T12:20:23.240+0000] {processor.py:183} INFO - Processing /opt/airflow/dags/setup_dag.py took 0.409 seconds
[2026-02-09T12:20:54.074+0000] {processor.py:161} INFO - Started process (PID=30484) to work on /opt/airflow/dags/setup_dag.py
[2026-02-09T12:20:54.076+0000] {processor.py:830} INFO - Processing file /opt/airflow/dags/setup_dag.py for tasks to queue
[2026-02-09T12:20:54.077+0000] {logging_mixin.py:188} INFO - [2026-02-09T12:20:54.077+0000] {dagbag.py:538} INFO - Filling up the DagBag from /opt/airflow/dags/setup_dag.py
[2026-02-09T12:20:54.086+0000] {processor.py:840} INFO - DAG(s) 'fork2_dag' retrieved from /opt/airflow/dags/setup_dag.py
[2026-02-09T12:20:54.116+0000] {logging_mixin.py:188} INFO - [2026-02-09T12:20:54.116+0000] {dag.py:3036} INFO - Sync 1 DAGs
[2026-02-09T12:20:54.156+0000] {logging_mixin.py:188} INFO - [2026-02-09T12:20:54.156+0000] {dag.py:3823} INFO - Setting next_dagrun for fork2_dag to 2026-02-09 12:20:40+00:00, run_after=2026-02-09 12:20:50+00:00
[2026-02-09T12:20:54.187+0000] {processor.py:183} INFO - Processing /opt/airflow/dags/setup_dag.py took 0.119 seconds
[2026-02-09T12:21:24.369+0000] {processor.py:161} INFO - Started process (PID=30558) to work on /opt/airflow/dags/setup_dag.py
[2026-02-09T12:21:24.370+0000] {processor.py:830} INFO - Processing file /opt/airflow/dags/setup_dag.py for tasks to queue
[2026-02-09T12:21:24.372+0000] {logging_mixin.py:188} INFO - [2026-02-09T12:21:24.371+0000] {dagbag.py:538} INFO - Filling up the DagBag from /opt/airflow/dags/setup_dag.py
[2026-02-09T12:21:24.381+0000] {processor.py:840} INFO - DAG(s) 'fork2_dag' retrieved from /opt/airflow/dags/setup_dag.py
[2026-02-09T12:21:24.398+0000] {logging_mixin.py:188} INFO - [2026-02-09T12:21:24.398+0000] {dag.py:3036} INFO - Sync 1 DAGs
[2026-02-09T12:21:24.438+0000] {logging_mixin.py:188} INFO - [2026-02-09T12:21:24.438+0000] {dag.py:3823} INFO - Setting next_dagrun for fork2_dag to 2026-02-09 12:21:10+00:00, run_after=2026-02-09 12:21:20+00:00
[2026-02-09T12:21:24.467+0000] {processor.py:183} INFO - Processing /opt/airflow/dags/setup_dag.py took 0.103 seconds
[2026-02-09T12:21:54.691+0000] {processor.py:161} INFO - Started process (PID=30631) to work on /opt/airflow/dags/setup_dag.py
[2026-02-09T12:21:54.693+0000] {processor.py:830} INFO - Processing file /opt/airflow/dags/setup_dag.py for tasks to queue
[2026-02-09T12:21:54.694+0000] {logging_mixin.py:188} INFO - [2026-02-09T12:21:54.694+0000] {dagbag.py:538} INFO - Filling up the DagBag from /opt/airflow/dags/setup_dag.py
[2026-02-09T12:21:54.703+0000] {processor.py:840} INFO - DAG(s) 'fork2_dag' retrieved from /opt/airflow/dags/setup_dag.py
[2026-02-09T12:21:54.899+0000] {logging_mixin.py:188} INFO - [2026-02-09T12:21:54.899+0000] {dag.py:3036} INFO - Sync 1 DAGs
[2026-02-09T12:21:54.933+0000] {logging_mixin.py:188} INFO - [2026-02-09T12:21:54.933+0000] {dag.py:3823} INFO - Setting next_dagrun for fork2_dag to 2026-02-09 12:21:40+00:00, run_after=2026-02-09 12:21:50+00:00
[2026-02-09T12:21:54.958+0000] {processor.py:183} INFO - Processing /opt/airflow/dags/setup_dag.py took 0.272 seconds
[2026-02-09T12:22:25.093+0000] {processor.py:161} INFO - Started process (PID=30706) to work on /opt/airflow/dags/setup_dag.py
[2026-02-09T12:22:25.095+0000] {processor.py:830} INFO - Processing file /opt/airflow/dags/setup_dag.py for tasks to queue
[2026-02-09T12:22:25.096+0000] {logging_mixin.py:188} INFO - [2026-02-09T12:22:25.095+0000] {dagbag.py:538} INFO - Filling up the DagBag from /opt/airflow/dags/setup_dag.py
[2026-02-09T12:22:25.105+0000] {processor.py:840} INFO - DAG(s) 'fork2_dag' retrieved from /opt/airflow/dags/setup_dag.py
[2026-02-09T12:22:25.137+0000] {logging_mixin.py:188} INFO - [2026-02-09T12:22:25.136+0000] {dag.py:3036} INFO - Sync 1 DAGs
[2026-02-09T12:22:25.176+0000] {logging_mixin.py:188} INFO - [2026-02-09T12:22:25.176+0000] {dag.py:3823} INFO - Setting next_dagrun for fork2_dag to 2026-02-09 12:22:10+00:00, run_after=2026-02-09 12:22:20+00:00
[2026-02-09T12:22:25.204+0000] {processor.py:183} INFO - Processing /opt/airflow/dags/setup_dag.py took 0.115 seconds
[2026-02-09T12:22:55.444+0000] {processor.py:161} INFO - Started process (PID=30779) to work on /opt/airflow/dags/setup_dag.py
[2026-02-09T12:22:55.446+0000] {processor.py:830} INFO - Processing file /opt/airflow/dags/setup_dag.py for tasks to queue
[2026-02-09T12:22:55.447+0000] {logging_mixin.py:188} INFO - [2026-02-09T12:22:55.447+0000] {dagbag.py:538} INFO - Filling up the DagBag from /opt/airflow/dags/setup_dag.py
[2026-02-09T12:22:55.457+0000] {processor.py:840} INFO - DAG(s) 'fork2_dag' retrieved from /opt/airflow/dags/setup_dag.py
[2026-02-09T12:22:55.473+0000] {logging_mixin.py:188} INFO - [2026-02-09T12:22:55.473+0000] {dag.py:3036} INFO - Sync 1 DAGs
[2026-02-09T12:22:55.507+0000] {logging_mixin.py:188} INFO - [2026-02-09T12:22:55.507+0000] {dag.py:3823} INFO - Setting next_dagrun for fork2_dag to 2026-02-09 12:22:40+00:00, run_after=2026-02-09 12:22:50+00:00
[2026-02-09T12:22:55.534+0000] {processor.py:183} INFO - Processing /opt/airflow/dags/setup_dag.py took 0.095 seconds
[2026-02-09T12:23:26.060+0000] {processor.py:161} INFO - Started process (PID=30863) to work on /opt/airflow/dags/setup_dag.py
[2026-02-09T12:23:26.062+0000] {processor.py:830} INFO - Processing file /opt/airflow/dags/setup_dag.py for tasks to queue
[2026-02-09T12:23:26.064+0000] {logging_mixin.py:188} INFO - [2026-02-09T12:23:26.063+0000] {dagbag.py:538} INFO - Filling up the DagBag from /opt/airflow/dags/setup_dag.py
[2026-02-09T12:23:26.075+0000] {processor.py:840} INFO - DAG(s) 'fork2_dag' retrieved from /opt/airflow/dags/setup_dag.py
[2026-02-09T12:23:26.299+0000] {logging_mixin.py:188} INFO - [2026-02-09T12:23:26.299+0000] {dag.py:3036} INFO - Sync 1 DAGs
[2026-02-09T12:23:26.342+0000] {logging_mixin.py:188} INFO - [2026-02-09T12:23:26.341+0000] {dag.py:3823} INFO - Setting next_dagrun for fork2_dag to 2026-02-09 12:23:10+00:00, run_after=2026-02-09 12:23:20+00:00
[2026-02-09T12:23:26.377+0000] {processor.py:183} INFO - Processing /opt/airflow/dags/setup_dag.py took 0.323 seconds
[2026-02-09T12:23:56.741+0000] {processor.py:161} INFO - Started process (PID=30938) to work on /opt/airflow/dags/setup_dag.py
[2026-02-09T12:23:56.742+0000] {processor.py:830} INFO - Processing file /opt/airflow/dags/setup_dag.py for tasks to queue
[2026-02-09T12:23:56.743+0000] {logging_mixin.py:188} INFO - [2026-02-09T12:23:56.743+0000] {dagbag.py:538} INFO - Filling up the DagBag from /opt/airflow/dags/setup_dag.py
[2026-02-09T12:23:56.753+0000] {processor.py:840} INFO - DAG(s) 'fork2_dag' retrieved from /opt/airflow/dags/setup_dag.py
[2026-02-09T12:23:56.790+0000] {logging_mixin.py:188} INFO - [2026-02-09T12:23:56.789+0000] {dag.py:3036} INFO - Sync 1 DAGs
[2026-02-09T12:23:56.834+0000] {logging_mixin.py:188} INFO - [2026-02-09T12:23:56.834+0000] {dag.py:3823} INFO - Setting next_dagrun for fork2_dag to 2026-02-09 12:23:40+00:00, run_after=2026-02-09 12:23:50+00:00
[2026-02-09T12:23:56.869+0000] {processor.py:183} INFO - Processing /opt/airflow/dags/setup_dag.py took 0.133 seconds
[2026-02-09T12:24:26.917+0000] {processor.py:161} INFO - Started process (PID=31011) to work on /opt/airflow/dags/setup_dag.py
[2026-02-09T12:24:26.919+0000] {processor.py:830} INFO - Processing file /opt/airflow/dags/setup_dag.py for tasks to queue
[2026-02-09T12:24:26.921+0000] {logging_mixin.py:188} INFO - [2026-02-09T12:24:26.920+0000] {dagbag.py:538} INFO - Filling up the DagBag from /opt/airflow/dags/setup_dag.py
[2026-02-09T12:24:26.930+0000] {processor.py:840} INFO - DAG(s) 'fork2_dag' retrieved from /opt/airflow/dags/setup_dag.py
[2026-02-09T12:24:26.948+0000] {logging_mixin.py:188} INFO - [2026-02-09T12:24:26.947+0000] {dag.py:3036} INFO - Sync 1 DAGs
[2026-02-09T12:24:26.984+0000] {logging_mixin.py:188} INFO - [2026-02-09T12:24:26.983+0000] {dag.py:3823} INFO - Setting next_dagrun for fork2_dag to 2026-02-09 12:24:10+00:00, run_after=2026-02-09 12:24:20+00:00
[2026-02-09T12:24:27.012+0000] {processor.py:183} INFO - Processing /opt/airflow/dags/setup_dag.py took 0.099 seconds
[2026-02-09T12:24:57.334+0000] {processor.py:161} INFO - Started process (PID=31085) to work on /opt/airflow/dags/setup_dag.py
[2026-02-09T12:24:57.335+0000] {processor.py:830} INFO - Processing file /opt/airflow/dags/setup_dag.py for tasks to queue
[2026-02-09T12:24:57.337+0000] {logging_mixin.py:188} INFO - [2026-02-09T12:24:57.336+0000] {dagbag.py:538} INFO - Filling up the DagBag from /opt/airflow/dags/setup_dag.py
[2026-02-09T12:24:57.346+0000] {processor.py:840} INFO - DAG(s) 'fork2_dag' retrieved from /opt/airflow/dags/setup_dag.py
[2026-02-09T12:24:57.548+0000] {logging_mixin.py:188} INFO - [2026-02-09T12:24:57.547+0000] {dag.py:3036} INFO - Sync 1 DAGs
[2026-02-09T12:24:57.581+0000] {logging_mixin.py:188} INFO - [2026-02-09T12:24:57.581+0000] {dag.py:3823} INFO - Setting next_dagrun for fork2_dag to 2026-02-09 12:24:40+00:00, run_after=2026-02-09 12:24:50+00:00
[2026-02-09T12:24:57.614+0000] {processor.py:183} INFO - Processing /opt/airflow/dags/setup_dag.py took 0.284 seconds
[2026-02-09T12:25:28.108+0000] {processor.py:161} INFO - Started process (PID=31157) to work on /opt/airflow/dags/setup_dag.py
[2026-02-09T12:25:28.110+0000] {processor.py:830} INFO - Processing file /opt/airflow/dags/setup_dag.py for tasks to queue
[2026-02-09T12:25:28.111+0000] {logging_mixin.py:188} INFO - [2026-02-09T12:25:28.110+0000] {dagbag.py:538} INFO - Filling up the DagBag from /opt/airflow/dags/setup_dag.py
[2026-02-09T12:25:28.129+0000] {processor.py:840} INFO - DAG(s) 'fork2_dag' retrieved from /opt/airflow/dags/setup_dag.py
[2026-02-09T12:25:28.159+0000] {logging_mixin.py:188} INFO - [2026-02-09T12:25:28.159+0000] {dag.py:3036} INFO - Sync 1 DAGs
[2026-02-09T12:25:28.200+0000] {logging_mixin.py:188} INFO - [2026-02-09T12:25:28.199+0000] {dag.py:3823} INFO - Setting next_dagrun for fork2_dag to 2026-02-09 12:25:10+00:00, run_after=2026-02-09 12:25:20+00:00
[2026-02-09T12:25:28.231+0000] {processor.py:183} INFO - Processing /opt/airflow/dags/setup_dag.py took 0.128 seconds
[2026-02-09T12:25:58.743+0000] {processor.py:161} INFO - Started process (PID=31231) to work on /opt/airflow/dags/setup_dag.py
[2026-02-09T12:25:58.745+0000] {processor.py:830} INFO - Processing file /opt/airflow/dags/setup_dag.py for tasks to queue
[2026-02-09T12:25:58.747+0000] {logging_mixin.py:188} INFO - [2026-02-09T12:25:58.747+0000] {dagbag.py:538} INFO - Filling up the DagBag from /opt/airflow/dags/setup_dag.py
[2026-02-09T12:25:58.759+0000] {processor.py:840} INFO - DAG(s) 'fork2_dag' retrieved from /opt/airflow/dags/setup_dag.py
[2026-02-09T12:25:58.784+0000] {logging_mixin.py:188} INFO - [2026-02-09T12:25:58.784+0000] {dag.py:3036} INFO - Sync 1 DAGs
[2026-02-09T12:25:58.851+0000] {logging_mixin.py:188} INFO - [2026-02-09T12:25:58.850+0000] {dag.py:3823} INFO - Setting next_dagrun for fork2_dag to 2026-02-09 12:25:40+00:00, run_after=2026-02-09 12:25:50+00:00
[2026-02-09T12:25:58.893+0000] {processor.py:183} INFO - Processing /opt/airflow/dags/setup_dag.py took 0.156 seconds
[2026-02-09T12:26:29.138+0000] {processor.py:161} INFO - Started process (PID=31305) to work on /opt/airflow/dags/setup_dag.py
[2026-02-09T12:26:29.139+0000] {processor.py:830} INFO - Processing file /opt/airflow/dags/setup_dag.py for tasks to queue
[2026-02-09T12:26:29.140+0000] {logging_mixin.py:188} INFO - [2026-02-09T12:26:29.140+0000] {dagbag.py:538} INFO - Filling up the DagBag from /opt/airflow/dags/setup_dag.py
[2026-02-09T12:26:29.150+0000] {processor.py:840} INFO - DAG(s) 'fork2_dag' retrieved from /opt/airflow/dags/setup_dag.py
[2026-02-09T12:26:29.342+0000] {logging_mixin.py:188} INFO - [2026-02-09T12:26:29.341+0000] {dag.py:3036} INFO - Sync 1 DAGs
[2026-02-09T12:26:29.373+0000] {logging_mixin.py:188} INFO - [2026-02-09T12:26:29.373+0000] {dag.py:3823} INFO - Setting next_dagrun for fork2_dag to 2026-02-09 12:26:10+00:00, run_after=2026-02-09 12:26:20+00:00
[2026-02-09T12:26:29.399+0000] {processor.py:183} INFO - Processing /opt/airflow/dags/setup_dag.py took 0.269 seconds
[2026-02-09T12:26:59.882+0000] {processor.py:161} INFO - Started process (PID=31388) to work on /opt/airflow/dags/setup_dag.py
[2026-02-09T12:26:59.884+0000] {processor.py:830} INFO - Processing file /opt/airflow/dags/setup_dag.py for tasks to queue
[2026-02-09T12:26:59.885+0000] {logging_mixin.py:188} INFO - [2026-02-09T12:26:59.885+0000] {dagbag.py:538} INFO - Filling up the DagBag from /opt/airflow/dags/setup_dag.py
[2026-02-09T12:26:59.894+0000] {processor.py:840} INFO - DAG(s) 'fork2_dag' retrieved from /opt/airflow/dags/setup_dag.py
[2026-02-09T12:26:59.924+0000] {logging_mixin.py:188} INFO - [2026-02-09T12:26:59.923+0000] {dag.py:3036} INFO - Sync 1 DAGs
[2026-02-09T12:26:59.957+0000] {logging_mixin.py:188} INFO - [2026-02-09T12:26:59.956+0000] {dag.py:3823} INFO - Setting next_dagrun for fork2_dag to 2026-02-09 12:26:40+00:00, run_after=2026-02-09 12:26:50+00:00
[2026-02-09T12:26:59.983+0000] {processor.py:183} INFO - Processing /opt/airflow/dags/setup_dag.py took 0.106 seconds
[2026-02-09T12:27:30.578+0000] {processor.py:161} INFO - Started process (PID=31462) to work on /opt/airflow/dags/setup_dag.py
[2026-02-09T12:27:30.579+0000] {processor.py:830} INFO - Processing file /opt/airflow/dags/setup_dag.py for tasks to queue
[2026-02-09T12:27:30.581+0000] {logging_mixin.py:188} INFO - [2026-02-09T12:27:30.580+0000] {dagbag.py:538} INFO - Filling up the DagBag from /opt/airflow/dags/setup_dag.py
[2026-02-09T12:27:30.591+0000] {processor.py:840} INFO - DAG(s) 'fork2_dag' retrieved from /opt/airflow/dags/setup_dag.py
[2026-02-09T12:27:30.615+0000] {logging_mixin.py:188} INFO - [2026-02-09T12:27:30.615+0000] {dag.py:3036} INFO - Sync 1 DAGs
[2026-02-09T12:27:30.660+0000] {logging_mixin.py:188} INFO - [2026-02-09T12:27:30.660+0000] {dag.py:3823} INFO - Setting next_dagrun for fork2_dag to 2026-02-09 12:27:20+00:00, run_after=2026-02-09 12:27:30+00:00
[2026-02-09T12:27:30.694+0000] {processor.py:183} INFO - Processing /opt/airflow/dags/setup_dag.py took 0.121 seconds
[2026-02-09T12:28:01.162+0000] {processor.py:161} INFO - Started process (PID=31537) to work on /opt/airflow/dags/setup_dag.py
[2026-02-09T12:28:01.164+0000] {processor.py:830} INFO - Processing file /opt/airflow/dags/setup_dag.py for tasks to queue
[2026-02-09T12:28:01.165+0000] {logging_mixin.py:188} INFO - [2026-02-09T12:28:01.165+0000] {dagbag.py:538} INFO - Filling up the DagBag from /opt/airflow/dags/setup_dag.py
[2026-02-09T12:28:01.175+0000] {processor.py:840} INFO - DAG(s) 'fork2_dag' retrieved from /opt/airflow/dags/setup_dag.py
[2026-02-09T12:28:01.365+0000] {logging_mixin.py:188} INFO - [2026-02-09T12:28:01.365+0000] {dag.py:3036} INFO - Sync 1 DAGs
[2026-02-09T12:28:01.398+0000] {logging_mixin.py:188} INFO - [2026-02-09T12:28:01.398+0000] {dag.py:3823} INFO - Setting next_dagrun for fork2_dag to 2026-02-09 12:27:50+00:00, run_after=2026-02-09 12:28:00+00:00
[2026-02-09T12:28:01.430+0000] {processor.py:183} INFO - Processing /opt/airflow/dags/setup_dag.py took 0.273 seconds
[2026-02-09T12:28:31.555+0000] {processor.py:161} INFO - Started process (PID=31611) to work on /opt/airflow/dags/setup_dag.py
[2026-02-09T12:28:31.556+0000] {processor.py:830} INFO - Processing file /opt/airflow/dags/setup_dag.py for tasks to queue
[2026-02-09T12:28:31.558+0000] {logging_mixin.py:188} INFO - [2026-02-09T12:28:31.557+0000] {dagbag.py:538} INFO - Filling up the DagBag from /opt/airflow/dags/setup_dag.py
[2026-02-09T12:28:31.571+0000] {processor.py:840} INFO - DAG(s) 'fork2_dag' retrieved from /opt/airflow/dags/setup_dag.py
[2026-02-09T12:28:31.602+0000] {logging_mixin.py:188} INFO - [2026-02-09T12:28:31.602+0000] {dag.py:3036} INFO - Sync 1 DAGs
[2026-02-09T12:28:31.645+0000] {logging_mixin.py:188} INFO - [2026-02-09T12:28:31.644+0000] {dag.py:3823} INFO - Setting next_dagrun for fork2_dag to 2026-02-09 12:28:20+00:00, run_after=2026-02-09 12:28:30+00:00
[2026-02-09T12:28:31.679+0000] {processor.py:183} INFO - Processing /opt/airflow/dags/setup_dag.py took 0.129 seconds
[2026-02-09T12:29:01.960+0000] {processor.py:161} INFO - Started process (PID=31685) to work on /opt/airflow/dags/setup_dag.py
[2026-02-09T12:29:01.962+0000] {processor.py:830} INFO - Processing file /opt/airflow/dags/setup_dag.py for tasks to queue
[2026-02-09T12:29:01.963+0000] {logging_mixin.py:188} INFO - [2026-02-09T12:29:01.963+0000] {dagbag.py:538} INFO - Filling up the DagBag from /opt/airflow/dags/setup_dag.py
[2026-02-09T12:29:01.972+0000] {processor.py:840} INFO - DAG(s) 'fork2_dag' retrieved from /opt/airflow/dags/setup_dag.py
[2026-02-09T12:29:01.991+0000] {logging_mixin.py:188} INFO - [2026-02-09T12:29:01.991+0000] {dag.py:3036} INFO - Sync 1 DAGs
[2026-02-09T12:29:02.030+0000] {logging_mixin.py:188} INFO - [2026-02-09T12:29:02.029+0000] {dag.py:3823} INFO - Setting next_dagrun for fork2_dag to 2026-02-09 12:28:50+00:00, run_after=2026-02-09 12:29:00+00:00
[2026-02-09T12:29:02.055+0000] {processor.py:183} INFO - Processing /opt/airflow/dags/setup_dag.py took 0.100 seconds
[2026-02-09T12:29:32.169+0000] {processor.py:161} INFO - Started process (PID=31760) to work on /opt/airflow/dags/setup_dag.py
[2026-02-09T12:29:32.170+0000] {processor.py:830} INFO - Processing file /opt/airflow/dags/setup_dag.py for tasks to queue
[2026-02-09T12:29:32.171+0000] {logging_mixin.py:188} INFO - [2026-02-09T12:29:32.171+0000] {dagbag.py:538} INFO - Filling up the DagBag from /opt/airflow/dags/setup_dag.py
[2026-02-09T12:29:32.181+0000] {processor.py:840} INFO - DAG(s) 'fork2_dag' retrieved from /opt/airflow/dags/setup_dag.py
[2026-02-09T12:29:32.358+0000] {logging_mixin.py:188} INFO - [2026-02-09T12:29:32.358+0000] {dag.py:3036} INFO - Sync 1 DAGs
[2026-02-09T12:29:32.395+0000] {logging_mixin.py:188} INFO - [2026-02-09T12:29:32.395+0000] {dag.py:3823} INFO - Setting next_dagrun for fork2_dag to 2026-02-09 12:29:20+00:00, run_after=2026-02-09 12:29:30+00:00
[2026-02-09T12:29:32.425+0000] {processor.py:183} INFO - Processing /opt/airflow/dags/setup_dag.py took 0.262 seconds
[2026-02-09T12:30:02.700+0000] {processor.py:161} INFO - Started process (PID=31843) to work on /opt/airflow/dags/setup_dag.py
[2026-02-09T12:30:02.702+0000] {processor.py:830} INFO - Processing file /opt/airflow/dags/setup_dag.py for tasks to queue
[2026-02-09T12:30:02.703+0000] {logging_mixin.py:188} INFO - [2026-02-09T12:30:02.703+0000] {dagbag.py:538} INFO - Filling up the DagBag from /opt/airflow/dags/setup_dag.py
[2026-02-09T12:30:02.714+0000] {processor.py:840} INFO - DAG(s) 'fork2_dag' retrieved from /opt/airflow/dags/setup_dag.py
[2026-02-09T12:30:02.747+0000] {logging_mixin.py:188} INFO - [2026-02-09T12:30:02.747+0000] {dag.py:3036} INFO - Sync 1 DAGs
[2026-02-09T12:30:02.791+0000] {logging_mixin.py:188} INFO - [2026-02-09T12:30:02.790+0000] {dag.py:3823} INFO - Setting next_dagrun for fork2_dag to 2026-02-09 12:29:50+00:00, run_after=2026-02-09 12:30:00+00:00
[2026-02-09T12:30:02.825+0000] {processor.py:183} INFO - Processing /opt/airflow/dags/setup_dag.py took 0.132 seconds
[2026-02-09T12:30:33.033+0000] {processor.py:161} INFO - Started process (PID=31917) to work on /opt/airflow/dags/setup_dag.py
[2026-02-09T12:30:33.034+0000] {processor.py:830} INFO - Processing file /opt/airflow/dags/setup_dag.py for tasks to queue
[2026-02-09T12:30:33.036+0000] {logging_mixin.py:188} INFO - [2026-02-09T12:30:33.035+0000] {dagbag.py:538} INFO - Filling up the DagBag from /opt/airflow/dags/setup_dag.py
[2026-02-09T12:30:33.048+0000] {processor.py:840} INFO - DAG(s) 'fork2_dag' retrieved from /opt/airflow/dags/setup_dag.py
[2026-02-09T12:30:33.072+0000] {logging_mixin.py:188} INFO - [2026-02-09T12:30:33.071+0000] {dag.py:3036} INFO - Sync 1 DAGs
[2026-02-09T12:30:33.121+0000] {logging_mixin.py:188} INFO - [2026-02-09T12:30:33.121+0000] {dag.py:3823} INFO - Setting next_dagrun for fork2_dag to 2026-02-09 12:30:20+00:00, run_after=2026-02-09 12:30:30+00:00
[2026-02-09T12:30:33.163+0000] {processor.py:183} INFO - Processing /opt/airflow/dags/setup_dag.py took 0.152 seconds
[2026-02-09T12:31:03.232+0000] {processor.py:161} INFO - Started process (PID=31990) to work on /opt/airflow/dags/setup_dag.py
[2026-02-09T12:31:03.234+0000] {processor.py:830} INFO - Processing file /opt/airflow/dags/setup_dag.py for tasks to queue
[2026-02-09T12:31:03.235+0000] {logging_mixin.py:188} INFO - [2026-02-09T12:31:03.235+0000] {dagbag.py:538} INFO - Filling up the DagBag from /opt/airflow/dags/setup_dag.py
[2026-02-09T12:31:03.245+0000] {processor.py:840} INFO - DAG(s) 'fork2_dag' retrieved from /opt/airflow/dags/setup_dag.py
[2026-02-09T12:31:03.411+0000] {logging_mixin.py:188} INFO - [2026-02-09T12:31:03.411+0000] {dag.py:3036} INFO - Sync 1 DAGs
[2026-02-09T12:31:03.446+0000] {logging_mixin.py:188} INFO - [2026-02-09T12:31:03.446+0000] {dag.py:3823} INFO - Setting next_dagrun for fork2_dag to 2026-02-09 12:30:50+00:00, run_after=2026-02-09 12:31:00+00:00
[2026-02-09T12:31:03.475+0000] {processor.py:183} INFO - Processing /opt/airflow/dags/setup_dag.py took 0.247 seconds
[2026-02-09T12:31:34.066+0000] {processor.py:161} INFO - Started process (PID=32064) to work on /opt/airflow/dags/setup_dag.py
[2026-02-09T12:31:34.067+0000] {processor.py:830} INFO - Processing file /opt/airflow/dags/setup_dag.py for tasks to queue
[2026-02-09T12:31:34.069+0000] {logging_mixin.py:188} INFO - [2026-02-09T12:31:34.068+0000] {dagbag.py:538} INFO - Filling up the DagBag from /opt/airflow/dags/setup_dag.py
[2026-02-09T12:31:34.078+0000] {processor.py:840} INFO - DAG(s) 'fork2_dag' retrieved from /opt/airflow/dags/setup_dag.py
[2026-02-09T12:31:34.108+0000] {logging_mixin.py:188} INFO - [2026-02-09T12:31:34.107+0000] {dag.py:3036} INFO - Sync 1 DAGs
[2026-02-09T12:31:34.152+0000] {logging_mixin.py:188} INFO - [2026-02-09T12:31:34.152+0000] {dag.py:3823} INFO - Setting next_dagrun for fork2_dag to 2026-02-09 12:31:20+00:00, run_after=2026-02-09 12:31:30+00:00
[2026-02-09T12:31:34.189+0000] {processor.py:183} INFO - Processing /opt/airflow/dags/setup_dag.py took 0.129 seconds
[2026-02-09T12:32:04.550+0000] {processor.py:161} INFO - Started process (PID=32138) to work on /opt/airflow/dags/setup_dag.py
[2026-02-09T12:32:04.552+0000] {processor.py:830} INFO - Processing file /opt/airflow/dags/setup_dag.py for tasks to queue
[2026-02-09T12:32:04.554+0000] {logging_mixin.py:188} INFO - [2026-02-09T12:32:04.553+0000] {dagbag.py:538} INFO - Filling up the DagBag from /opt/airflow/dags/setup_dag.py
[2026-02-09T12:32:04.563+0000] {processor.py:840} INFO - DAG(s) 'fork2_dag' retrieved from /opt/airflow/dags/setup_dag.py
[2026-02-09T12:32:04.580+0000] {logging_mixin.py:188} INFO - [2026-02-09T12:32:04.579+0000] {dag.py:3036} INFO - Sync 1 DAGs
[2026-02-09T12:32:04.622+0000] {logging_mixin.py:188} INFO - [2026-02-09T12:32:04.622+0000] {dag.py:3823} INFO - Setting next_dagrun for fork2_dag to 2026-02-09 12:31:50+00:00, run_after=2026-02-09 12:32:00+00:00
[2026-02-09T12:32:04.661+0000] {processor.py:183} INFO - Processing /opt/airflow/dags/setup_dag.py took 0.116 seconds
[2026-02-09T12:32:35.028+0000] {processor.py:161} INFO - Started process (PID=32211) to work on /opt/airflow/dags/setup_dag.py
[2026-02-09T12:32:35.030+0000] {processor.py:830} INFO - Processing file /opt/airflow/dags/setup_dag.py for tasks to queue
[2026-02-09T12:32:35.031+0000] {logging_mixin.py:188} INFO - [2026-02-09T12:32:35.030+0000] {dagbag.py:538} INFO - Filling up the DagBag from /opt/airflow/dags/setup_dag.py
[2026-02-09T12:32:35.040+0000] {processor.py:840} INFO - DAG(s) 'fork2_dag' retrieved from /opt/airflow/dags/setup_dag.py
[2026-02-09T12:32:35.237+0000] {logging_mixin.py:188} INFO - [2026-02-09T12:32:35.237+0000] {dag.py:3036} INFO - Sync 1 DAGs
[2026-02-09T12:32:35.274+0000] {logging_mixin.py:188} INFO - [2026-02-09T12:32:35.274+0000] {dag.py:3823} INFO - Setting next_dagrun for fork2_dag to 2026-02-09 12:32:20+00:00, run_after=2026-02-09 12:32:30+00:00
[2026-02-09T12:32:35.300+0000] {processor.py:183} INFO - Processing /opt/airflow/dags/setup_dag.py took 0.277 seconds
[2026-02-09T12:33:05.499+0000] {processor.py:161} INFO - Started process (PID=32284) to work on /opt/airflow/dags/setup_dag.py
[2026-02-09T12:33:05.502+0000] {processor.py:830} INFO - Processing file /opt/airflow/dags/setup_dag.py for tasks to queue
[2026-02-09T12:33:05.503+0000] {logging_mixin.py:188} INFO - [2026-02-09T12:33:05.502+0000] {dagbag.py:538} INFO - Filling up the DagBag from /opt/airflow/dags/setup_dag.py
[2026-02-09T12:33:05.512+0000] {processor.py:840} INFO - DAG(s) 'fork2_dag' retrieved from /opt/airflow/dags/setup_dag.py
[2026-02-09T12:33:05.547+0000] {logging_mixin.py:188} INFO - [2026-02-09T12:33:05.547+0000] {dag.py:3036} INFO - Sync 1 DAGs
[2026-02-09T12:33:05.585+0000] {logging_mixin.py:188} INFO - [2026-02-09T12:33:05.585+0000] {dag.py:3823} INFO - Setting next_dagrun for fork2_dag to 2026-02-09 12:32:50+00:00, run_after=2026-02-09 12:33:00+00:00
[2026-02-09T12:33:05.614+0000] {processor.py:183} INFO - Processing /opt/airflow/dags/setup_dag.py took 0.119 seconds
[2026-02-09T12:33:36.088+0000] {processor.py:161} INFO - Started process (PID=32366) to work on /opt/airflow/dags/setup_dag.py
[2026-02-09T12:33:36.089+0000] {processor.py:830} INFO - Processing file /opt/airflow/dags/setup_dag.py for tasks to queue
[2026-02-09T12:33:36.090+0000] {logging_mixin.py:188} INFO - [2026-02-09T12:33:36.090+0000] {dagbag.py:538} INFO - Filling up the DagBag from /opt/airflow/dags/setup_dag.py
[2026-02-09T12:33:36.099+0000] {processor.py:840} INFO - DAG(s) 'fork2_dag' retrieved from /opt/airflow/dags/setup_dag.py
[2026-02-09T12:33:36.117+0000] {logging_mixin.py:188} INFO - [2026-02-09T12:33:36.117+0000] {dag.py:3036} INFO - Sync 1 DAGs
[2026-02-09T12:33:36.153+0000] {logging_mixin.py:188} INFO - [2026-02-09T12:33:36.153+0000] {dag.py:3823} INFO - Setting next_dagrun for fork2_dag to 2026-02-09 12:33:20+00:00, run_after=2026-02-09 12:33:30+00:00
[2026-02-09T12:33:36.184+0000] {processor.py:183} INFO - Processing /opt/airflow/dags/setup_dag.py took 0.101 seconds
[2026-02-09T12:34:06.280+0000] {processor.py:161} INFO - Started process (PID=32440) to work on /opt/airflow/dags/setup_dag.py
[2026-02-09T12:34:06.282+0000] {processor.py:830} INFO - Processing file /opt/airflow/dags/setup_dag.py for tasks to queue
[2026-02-09T12:34:06.283+0000] {logging_mixin.py:188} INFO - [2026-02-09T12:34:06.283+0000] {dagbag.py:538} INFO - Filling up the DagBag from /opt/airflow/dags/setup_dag.py
[2026-02-09T12:34:06.295+0000] {processor.py:840} INFO - DAG(s) 'fork2_dag' retrieved from /opt/airflow/dags/setup_dag.py
[2026-02-09T12:34:06.506+0000] {logging_mixin.py:188} INFO - [2026-02-09T12:34:06.506+0000] {dag.py:3036} INFO - Sync 1 DAGs
[2026-02-09T12:34:06.547+0000] {logging_mixin.py:188} INFO - [2026-02-09T12:34:06.547+0000] {dag.py:3823} INFO - Setting next_dagrun for fork2_dag to 2026-02-09 12:33:50+00:00, run_after=2026-02-09 12:34:00+00:00
[2026-02-09T12:34:06.583+0000] {processor.py:183} INFO - Processing /opt/airflow/dags/setup_dag.py took 0.310 seconds
[2026-02-09T12:34:36.788+0000] {processor.py:161} INFO - Started process (PID=32514) to work on /opt/airflow/dags/setup_dag.py
[2026-02-09T12:34:36.789+0000] {processor.py:830} INFO - Processing file /opt/airflow/dags/setup_dag.py for tasks to queue
[2026-02-09T12:34:36.790+0000] {logging_mixin.py:188} INFO - [2026-02-09T12:34:36.790+0000] {dagbag.py:538} INFO - Filling up the DagBag from /opt/airflow/dags/setup_dag.py
[2026-02-09T12:34:36.799+0000] {processor.py:840} INFO - DAG(s) 'fork2_dag' retrieved from /opt/airflow/dags/setup_dag.py
[2026-02-09T12:34:36.829+0000] {logging_mixin.py:188} INFO - [2026-02-09T12:34:36.828+0000] {dag.py:3036} INFO - Sync 1 DAGs
[2026-02-09T12:34:36.861+0000] {logging_mixin.py:188} INFO - [2026-02-09T12:34:36.860+0000] {dag.py:3823} INFO - Setting next_dagrun for fork2_dag to 2026-02-09 12:34:20+00:00, run_after=2026-02-09 12:34:30+00:00
[2026-02-09T12:34:36.885+0000] {processor.py:183} INFO - Processing /opt/airflow/dags/setup_dag.py took 0.102 seconds
[2026-02-09T12:35:07.013+0000] {processor.py:161} INFO - Started process (PID=32588) to work on /opt/airflow/dags/setup_dag.py
[2026-02-09T12:35:07.015+0000] {processor.py:830} INFO - Processing file /opt/airflow/dags/setup_dag.py for tasks to queue
[2026-02-09T12:35:07.016+0000] {logging_mixin.py:188} INFO - [2026-02-09T12:35:07.016+0000] {dagbag.py:538} INFO - Filling up the DagBag from /opt/airflow/dags/setup_dag.py
[2026-02-09T12:35:07.026+0000] {processor.py:840} INFO - DAG(s) 'fork2_dag' retrieved from /opt/airflow/dags/setup_dag.py
[2026-02-09T12:35:07.042+0000] {logging_mixin.py:188} INFO - [2026-02-09T12:35:07.041+0000] {dag.py:3036} INFO - Sync 1 DAGs
[2026-02-09T12:35:07.075+0000] {logging_mixin.py:188} INFO - [2026-02-09T12:35:07.075+0000] {dag.py:3823} INFO - Setting next_dagrun for fork2_dag to 2026-02-09 12:34:50+00:00, run_after=2026-02-09 12:35:00+00:00
[2026-02-09T12:35:07.101+0000] {processor.py:183} INFO - Processing /opt/airflow/dags/setup_dag.py took 0.093 seconds
[2026-02-09T12:35:37.281+0000] {processor.py:161} INFO - Started process (PID=32662) to work on /opt/airflow/dags/setup_dag.py
[2026-02-09T12:35:37.282+0000] {processor.py:830} INFO - Processing file /opt/airflow/dags/setup_dag.py for tasks to queue
[2026-02-09T12:35:37.284+0000] {logging_mixin.py:188} INFO - [2026-02-09T12:35:37.283+0000] {dagbag.py:538} INFO - Filling up the DagBag from /opt/airflow/dags/setup_dag.py
[2026-02-09T12:35:37.294+0000] {processor.py:840} INFO - DAG(s) 'fork2_dag' retrieved from /opt/airflow/dags/setup_dag.py
[2026-02-09T12:35:37.453+0000] {logging_mixin.py:188} INFO - [2026-02-09T12:35:37.453+0000] {dag.py:3036} INFO - Sync 1 DAGs
[2026-02-09T12:35:37.484+0000] {logging_mixin.py:188} INFO - [2026-02-09T12:35:37.484+0000] {dag.py:3823} INFO - Setting next_dagrun for fork2_dag to 2026-02-09 12:35:20+00:00, run_after=2026-02-09 12:35:30+00:00
[2026-02-09T12:35:37.512+0000] {processor.py:183} INFO - Processing /opt/airflow/dags/setup_dag.py took 0.236 seconds
[2026-02-09T12:36:08.175+0000] {processor.py:161} INFO - Started process (PID=32737) to work on /opt/airflow/dags/setup_dag.py
[2026-02-09T12:36:08.177+0000] {processor.py:830} INFO - Processing file /opt/airflow/dags/setup_dag.py for tasks to queue
[2026-02-09T12:36:08.178+0000] {logging_mixin.py:188} INFO - [2026-02-09T12:36:08.178+0000] {dagbag.py:538} INFO - Filling up the DagBag from /opt/airflow/dags/setup_dag.py
[2026-02-09T12:36:08.188+0000] {processor.py:840} INFO - DAG(s) 'fork2_dag' retrieved from /opt/airflow/dags/setup_dag.py
[2026-02-09T12:36:08.220+0000] {logging_mixin.py:188} INFO - [2026-02-09T12:36:08.219+0000] {dag.py:3036} INFO - Sync 1 DAGs
[2026-02-09T12:36:08.254+0000] {logging_mixin.py:188} INFO - [2026-02-09T12:36:08.253+0000] {dag.py:3823} INFO - Setting next_dagrun for fork2_dag to 2026-02-09 12:35:50+00:00, run_after=2026-02-09 12:36:00+00:00
[2026-02-09T12:36:08.281+0000] {processor.py:183} INFO - Processing /opt/airflow/dags/setup_dag.py took 0.111 seconds
[2026-02-09T12:36:38.446+0000] {processor.py:161} INFO - Started process (PID=32810) to work on /opt/airflow/dags/setup_dag.py
[2026-02-09T12:36:38.448+0000] {processor.py:830} INFO - Processing file /opt/airflow/dags/setup_dag.py for tasks to queue
[2026-02-09T12:36:38.449+0000] {logging_mixin.py:188} INFO - [2026-02-09T12:36:38.448+0000] {dagbag.py:538} INFO - Filling up the DagBag from /opt/airflow/dags/setup_dag.py
[2026-02-09T12:36:38.459+0000] {processor.py:840} INFO - DAG(s) 'fork2_dag' retrieved from /opt/airflow/dags/setup_dag.py
[2026-02-09T12:36:38.476+0000] {logging_mixin.py:188} INFO - [2026-02-09T12:36:38.476+0000] {dag.py:3036} INFO - Sync 1 DAGs
[2026-02-09T12:36:38.511+0000] {logging_mixin.py:188} INFO - [2026-02-09T12:36:38.511+0000] {dag.py:3823} INFO - Setting next_dagrun for fork2_dag to 2026-02-09 12:36:20+00:00, run_after=2026-02-09 12:36:30+00:00
[2026-02-09T12:36:38.541+0000] {processor.py:183} INFO - Processing /opt/airflow/dags/setup_dag.py took 0.099 seconds
[2026-02-09T12:37:09.034+0000] {processor.py:161} INFO - Started process (PID=32884) to work on /opt/airflow/dags/setup_dag.py
[2026-02-09T12:37:09.035+0000] {processor.py:830} INFO - Processing file /opt/airflow/dags/setup_dag.py for tasks to queue
[2026-02-09T12:37:09.037+0000] {logging_mixin.py:188} INFO - [2026-02-09T12:37:09.036+0000] {dagbag.py:538} INFO - Filling up the DagBag from /opt/airflow/dags/setup_dag.py
[2026-02-09T12:37:09.046+0000] {processor.py:840} INFO - DAG(s) 'fork2_dag' retrieved from /opt/airflow/dags/setup_dag.py
[2026-02-09T12:37:09.219+0000] {logging_mixin.py:188} INFO - [2026-02-09T12:37:09.219+0000] {dag.py:3036} INFO - Sync 1 DAGs
[2026-02-09T12:37:09.254+0000] {logging_mixin.py:188} INFO - [2026-02-09T12:37:09.254+0000] {dag.py:3823} INFO - Setting next_dagrun for fork2_dag to 2026-02-09 12:36:50+00:00, run_after=2026-02-09 12:37:00+00:00
[2026-02-09T12:37:09.285+0000] {processor.py:183} INFO - Processing /opt/airflow/dags/setup_dag.py took 0.257 seconds
[2026-02-09T12:37:39.467+0000] {processor.py:161} INFO - Started process (PID=32964) to work on /opt/airflow/dags/setup_dag.py
[2026-02-09T12:37:39.468+0000] {processor.py:830} INFO - Processing file /opt/airflow/dags/setup_dag.py for tasks to queue
[2026-02-09T12:37:39.469+0000] {logging_mixin.py:188} INFO - [2026-02-09T12:37:39.469+0000] {dagbag.py:538} INFO - Filling up the DagBag from /opt/airflow/dags/setup_dag.py
[2026-02-09T12:37:39.480+0000] {processor.py:840} INFO - DAG(s) 'fork2_dag' retrieved from /opt/airflow/dags/setup_dag.py
[2026-02-09T12:37:39.517+0000] {logging_mixin.py:188} INFO - [2026-02-09T12:37:39.517+0000] {dag.py:3036} INFO - Sync 1 DAGs
[2026-02-09T12:37:39.561+0000] {logging_mixin.py:188} INFO - [2026-02-09T12:37:39.561+0000] {dag.py:3823} INFO - Setting next_dagrun for fork2_dag to 2026-02-09 12:37:20+00:00, run_after=2026-02-09 12:37:30+00:00
[2026-02-09T12:37:39.598+0000] {processor.py:183} INFO - Processing /opt/airflow/dags/setup_dag.py took 0.136 seconds
[2026-02-09T12:38:10.131+0000] {processor.py:161} INFO - Started process (PID=33039) to work on /opt/airflow/dags/setup_dag.py
[2026-02-09T12:38:10.133+0000] {processor.py:830} INFO - Processing file /opt/airflow/dags/setup_dag.py for tasks to queue
[2026-02-09T12:38:10.135+0000] {logging_mixin.py:188} INFO - [2026-02-09T12:38:10.134+0000] {dagbag.py:538} INFO - Filling up the DagBag from /opt/airflow/dags/setup_dag.py
[2026-02-09T12:38:10.146+0000] {processor.py:840} INFO - DAG(s) 'fork2_dag' retrieved from /opt/airflow/dags/setup_dag.py
[2026-02-09T12:38:10.168+0000] {logging_mixin.py:188} INFO - [2026-02-09T12:38:10.167+0000] {dag.py:3036} INFO - Sync 1 DAGs
[2026-02-09T12:38:10.213+0000] {logging_mixin.py:188} INFO - [2026-02-09T12:38:10.213+0000] {dag.py:3823} INFO - Setting next_dagrun for fork2_dag to 2026-02-09 12:38:00+00:00, run_after=2026-02-09 12:38:10+00:00
[2026-02-09T12:38:10.248+0000] {processor.py:183} INFO - Processing /opt/airflow/dags/setup_dag.py took 0.122 seconds
[2026-02-09T12:38:40.730+0000] {processor.py:161} INFO - Started process (PID=33113) to work on /opt/airflow/dags/setup_dag.py
[2026-02-09T12:38:40.732+0000] {processor.py:830} INFO - Processing file /opt/airflow/dags/setup_dag.py for tasks to queue
[2026-02-09T12:38:40.733+0000] {logging_mixin.py:188} INFO - [2026-02-09T12:38:40.732+0000] {dagbag.py:538} INFO - Filling up the DagBag from /opt/airflow/dags/setup_dag.py
[2026-02-09T12:38:40.742+0000] {processor.py:840} INFO - DAG(s) 'fork2_dag' retrieved from /opt/airflow/dags/setup_dag.py
[2026-02-09T12:38:40.936+0000] {logging_mixin.py:188} INFO - [2026-02-09T12:38:40.935+0000] {dag.py:3036} INFO - Sync 1 DAGs
[2026-02-09T12:38:40.971+0000] {logging_mixin.py:188} INFO - [2026-02-09T12:38:40.971+0000] {dag.py:3823} INFO - Setting next_dagrun for fork2_dag to 2026-02-09 12:38:30+00:00, run_after=2026-02-09 12:38:40+00:00
[2026-02-09T12:38:41.001+0000] {processor.py:183} INFO - Processing /opt/airflow/dags/setup_dag.py took 0.276 seconds
[2026-02-09T12:39:11.235+0000] {processor.py:161} INFO - Started process (PID=33186) to work on /opt/airflow/dags/setup_dag.py
[2026-02-09T12:39:11.237+0000] {processor.py:830} INFO - Processing file /opt/airflow/dags/setup_dag.py for tasks to queue
[2026-02-09T12:39:11.238+0000] {logging_mixin.py:188} INFO - [2026-02-09T12:39:11.238+0000] {dagbag.py:538} INFO - Filling up the DagBag from /opt/airflow/dags/setup_dag.py
[2026-02-09T12:39:11.248+0000] {processor.py:840} INFO - DAG(s) 'fork2_dag' retrieved from /opt/airflow/dags/setup_dag.py
[2026-02-09T12:39:11.283+0000] {logging_mixin.py:188} INFO - [2026-02-09T12:39:11.282+0000] {dag.py:3036} INFO - Sync 1 DAGs
[2026-02-09T12:39:11.325+0000] {logging_mixin.py:188} INFO - [2026-02-09T12:39:11.325+0000] {dag.py:3823} INFO - Setting next_dagrun for fork2_dag to 2026-02-09 12:39:00+00:00, run_after=2026-02-09 12:39:10+00:00
[2026-02-09T12:39:11.354+0000] {processor.py:183} INFO - Processing /opt/airflow/dags/setup_dag.py took 0.124 seconds
[2026-02-09T12:39:41.757+0000] {processor.py:161} INFO - Started process (PID=33261) to work on /opt/airflow/dags/setup_dag.py
[2026-02-09T12:39:41.759+0000] {processor.py:830} INFO - Processing file /opt/airflow/dags/setup_dag.py for tasks to queue
[2026-02-09T12:39:41.760+0000] {logging_mixin.py:188} INFO - [2026-02-09T12:39:41.759+0000] {dagbag.py:538} INFO - Filling up the DagBag from /opt/airflow/dags/setup_dag.py
[2026-02-09T12:39:41.770+0000] {processor.py:840} INFO - DAG(s) 'fork2_dag' retrieved from /opt/airflow/dags/setup_dag.py
[2026-02-09T12:39:41.788+0000] {logging_mixin.py:188} INFO - [2026-02-09T12:39:41.788+0000] {dag.py:3036} INFO - Sync 1 DAGs
[2026-02-09T12:39:41.827+0000] {logging_mixin.py:188} INFO - [2026-02-09T12:39:41.827+0000] {dag.py:3823} INFO - Setting next_dagrun for fork2_dag to 2026-02-09 12:39:30+00:00, run_after=2026-02-09 12:39:40+00:00
[2026-02-09T12:39:41.858+0000] {processor.py:183} INFO - Processing /opt/airflow/dags/setup_dag.py took 0.106 seconds
[2026-02-09T12:40:12.233+0000] {processor.py:161} INFO - Started process (PID=33335) to work on /opt/airflow/dags/setup_dag.py
[2026-02-09T12:40:12.235+0000] {processor.py:830} INFO - Processing file /opt/airflow/dags/setup_dag.py for tasks to queue
[2026-02-09T12:40:12.237+0000] {logging_mixin.py:188} INFO - [2026-02-09T12:40:12.236+0000] {dagbag.py:538} INFO - Filling up the DagBag from /opt/airflow/dags/setup_dag.py
[2026-02-09T12:40:12.247+0000] {processor.py:840} INFO - DAG(s) 'fork2_dag' retrieved from /opt/airflow/dags/setup_dag.py
[2026-02-09T12:40:12.414+0000] {logging_mixin.py:188} INFO - [2026-02-09T12:40:12.414+0000] {dag.py:3036} INFO - Sync 1 DAGs
[2026-02-09T12:40:12.446+0000] {logging_mixin.py:188} INFO - [2026-02-09T12:40:12.446+0000] {dag.py:3823} INFO - Setting next_dagrun for fork2_dag to 2026-02-09 12:40:00+00:00, run_after=2026-02-09 12:40:10+00:00
[2026-02-09T12:40:12.478+0000] {processor.py:183} INFO - Processing /opt/airflow/dags/setup_dag.py took 0.250 seconds
[2026-02-09T12:40:42.922+0000] {processor.py:161} INFO - Started process (PID=33410) to work on /opt/airflow/dags/setup_dag.py
[2026-02-09T12:40:42.924+0000] {processor.py:830} INFO - Processing file /opt/airflow/dags/setup_dag.py for tasks to queue
[2026-02-09T12:40:42.925+0000] {logging_mixin.py:188} INFO - [2026-02-09T12:40:42.925+0000] {dagbag.py:538} INFO - Filling up the DagBag from /opt/airflow/dags/setup_dag.py
[2026-02-09T12:40:42.935+0000] {processor.py:840} INFO - DAG(s) 'fork2_dag' retrieved from /opt/airflow/dags/setup_dag.py
[2026-02-09T12:40:42.970+0000] {logging_mixin.py:188} INFO - [2026-02-09T12:40:42.969+0000] {dag.py:3036} INFO - Sync 1 DAGs
[2026-02-09T12:40:43.010+0000] {logging_mixin.py:188} INFO - [2026-02-09T12:40:43.010+0000] {dag.py:3823} INFO - Setting next_dagrun for fork2_dag to 2026-02-09 12:40:30+00:00, run_after=2026-02-09 12:40:40+00:00
[2026-02-09T12:40:43.037+0000] {processor.py:183} INFO - Processing /opt/airflow/dags/setup_dag.py took 0.120 seconds
[2026-02-09T12:41:13.680+0000] {processor.py:161} INFO - Started process (PID=33491) to work on /opt/airflow/dags/setup_dag.py
[2026-02-09T12:41:13.681+0000] {processor.py:830} INFO - Processing file /opt/airflow/dags/setup_dag.py for tasks to queue
[2026-02-09T12:41:13.682+0000] {logging_mixin.py:188} INFO - [2026-02-09T12:41:13.682+0000] {dagbag.py:538} INFO - Filling up the DagBag from /opt/airflow/dags/setup_dag.py
[2026-02-09T12:41:13.692+0000] {processor.py:840} INFO - DAG(s) 'fork2_dag' retrieved from /opt/airflow/dags/setup_dag.py
[2026-02-09T12:41:13.710+0000] {logging_mixin.py:188} INFO - [2026-02-09T12:41:13.709+0000] {dag.py:3036} INFO - Sync 1 DAGs
[2026-02-09T12:41:13.746+0000] {logging_mixin.py:188} INFO - [2026-02-09T12:41:13.746+0000] {dag.py:3823} INFO - Setting next_dagrun for fork2_dag to 2026-02-09 12:41:00+00:00, run_after=2026-02-09 12:41:10+00:00
[2026-02-09T12:41:13.774+0000] {processor.py:183} INFO - Processing /opt/airflow/dags/setup_dag.py took 0.100 seconds
[2026-02-09T12:41:43.999+0000] {processor.py:161} INFO - Started process (PID=33564) to work on /opt/airflow/dags/setup_dag.py
[2026-02-09T12:41:44.001+0000] {processor.py:830} INFO - Processing file /opt/airflow/dags/setup_dag.py for tasks to queue
[2026-02-09T12:41:44.003+0000] {logging_mixin.py:188} INFO - [2026-02-09T12:41:44.002+0000] {dagbag.py:538} INFO - Filling up the DagBag from /opt/airflow/dags/setup_dag.py
[2026-02-09T12:41:44.013+0000] {processor.py:840} INFO - DAG(s) 'fork2_dag' retrieved from /opt/airflow/dags/setup_dag.py
[2026-02-09T12:41:44.239+0000] {logging_mixin.py:188} INFO - [2026-02-09T12:41:44.239+0000] {dag.py:3036} INFO - Sync 1 DAGs
[2026-02-09T12:41:44.283+0000] {logging_mixin.py:188} INFO - [2026-02-09T12:41:44.283+0000] {dag.py:3823} INFO - Setting next_dagrun for fork2_dag to 2026-02-09 12:41:30+00:00, run_after=2026-02-09 12:41:40+00:00
[2026-02-09T12:41:44.317+0000] {processor.py:183} INFO - Processing /opt/airflow/dags/setup_dag.py took 0.324 seconds
[2026-02-09T12:42:14.473+0000] {processor.py:161} INFO - Started process (PID=33639) to work on /opt/airflow/dags/setup_dag.py
[2026-02-09T12:42:14.474+0000] {processor.py:830} INFO - Processing file /opt/airflow/dags/setup_dag.py for tasks to queue
[2026-02-09T12:42:14.475+0000] {logging_mixin.py:188} INFO - [2026-02-09T12:42:14.475+0000] {dagbag.py:538} INFO - Filling up the DagBag from /opt/airflow/dags/setup_dag.py
[2026-02-09T12:42:14.484+0000] {processor.py:840} INFO - DAG(s) 'fork2_dag' retrieved from /opt/airflow/dags/setup_dag.py
[2026-02-09T12:42:14.516+0000] {logging_mixin.py:188} INFO - [2026-02-09T12:42:14.516+0000] {dag.py:3036} INFO - Sync 1 DAGs
[2026-02-09T12:42:14.549+0000] {logging_mixin.py:188} INFO - [2026-02-09T12:42:14.549+0000] {dag.py:3823} INFO - Setting next_dagrun for fork2_dag to 2026-02-09 12:42:00+00:00, run_after=2026-02-09 12:42:10+00:00
[2026-02-09T12:42:14.575+0000] {processor.py:183} INFO - Processing /opt/airflow/dags/setup_dag.py took 0.106 seconds
[2026-02-09T12:42:44.830+0000] {processor.py:161} INFO - Started process (PID=33712) to work on /opt/airflow/dags/setup_dag.py
[2026-02-09T12:42:44.831+0000] {processor.py:830} INFO - Processing file /opt/airflow/dags/setup_dag.py for tasks to queue
[2026-02-09T12:42:44.833+0000] {logging_mixin.py:188} INFO - [2026-02-09T12:42:44.832+0000] {dagbag.py:538} INFO - Filling up the DagBag from /opt/airflow/dags/setup_dag.py
[2026-02-09T12:42:44.843+0000] {processor.py:840} INFO - DAG(s) 'fork2_dag' retrieved from /opt/airflow/dags/setup_dag.py
[2026-02-09T12:42:44.862+0000] {logging_mixin.py:188} INFO - [2026-02-09T12:42:44.861+0000] {dag.py:3036} INFO - Sync 1 DAGs
[2026-02-09T12:42:44.902+0000] {logging_mixin.py:188} INFO - [2026-02-09T12:42:44.901+0000] {dag.py:3823} INFO - Setting next_dagrun for fork2_dag to 2026-02-09 12:42:30+00:00, run_after=2026-02-09 12:42:40+00:00
[2026-02-09T12:42:44.932+0000] {processor.py:183} INFO - Processing /opt/airflow/dags/setup_dag.py took 0.108 seconds
[2026-02-09T12:43:15.716+0000] {processor.py:161} INFO - Started process (PID=33784) to work on /opt/airflow/dags/setup_dag.py
[2026-02-09T12:43:15.718+0000] {processor.py:830} INFO - Processing file /opt/airflow/dags/setup_dag.py for tasks to queue
[2026-02-09T12:43:15.719+0000] {logging_mixin.py:188} INFO - [2026-02-09T12:43:15.719+0000] {dagbag.py:538} INFO - Filling up the DagBag from /opt/airflow/dags/setup_dag.py
[2026-02-09T12:43:15.729+0000] {processor.py:840} INFO - DAG(s) 'fork2_dag' retrieved from /opt/airflow/dags/setup_dag.py
[2026-02-09T12:43:15.906+0000] {logging_mixin.py:188} INFO - [2026-02-09T12:43:15.905+0000] {dag.py:3036} INFO - Sync 1 DAGs
[2026-02-09T12:43:15.944+0000] {logging_mixin.py:188} INFO - [2026-02-09T12:43:15.944+0000] {dag.py:3823} INFO - Setting next_dagrun for fork2_dag to 2026-02-09 12:43:00+00:00, run_after=2026-02-09 12:43:10+00:00
[2026-02-09T12:43:15.976+0000] {processor.py:183} INFO - Processing /opt/airflow/dags/setup_dag.py took 0.265 seconds
[2026-02-09T12:43:46.026+0000] {processor.py:161} INFO - Started process (PID=33858) to work on /opt/airflow/dags/setup_dag.py
[2026-02-09T12:43:46.028+0000] {processor.py:830} INFO - Processing file /opt/airflow/dags/setup_dag.py for tasks to queue
[2026-02-09T12:43:46.030+0000] {logging_mixin.py:188} INFO - [2026-02-09T12:43:46.029+0000] {dagbag.py:538} INFO - Filling up the DagBag from /opt/airflow/dags/setup_dag.py
[2026-02-09T12:43:46.040+0000] {processor.py:840} INFO - DAG(s) 'fork2_dag' retrieved from /opt/airflow/dags/setup_dag.py
[2026-02-09T12:43:46.079+0000] {logging_mixin.py:188} INFO - [2026-02-09T12:43:46.079+0000] {dag.py:3036} INFO - Sync 1 DAGs
[2026-02-09T12:43:46.119+0000] {logging_mixin.py:188} INFO - [2026-02-09T12:43:46.119+0000] {dag.py:3823} INFO - Setting next_dagrun for fork2_dag to 2026-02-09 12:43:30+00:00, run_after=2026-02-09 12:43:40+00:00
[2026-02-09T12:43:46.151+0000] {processor.py:183} INFO - Processing /opt/airflow/dags/setup_dag.py took 0.129 seconds
[2026-02-09T12:44:16.283+0000] {processor.py:161} INFO - Started process (PID=33932) to work on /opt/airflow/dags/setup_dag.py
[2026-02-09T12:44:16.285+0000] {processor.py:830} INFO - Processing file /opt/airflow/dags/setup_dag.py for tasks to queue
[2026-02-09T12:44:16.286+0000] {logging_mixin.py:188} INFO - [2026-02-09T12:44:16.285+0000] {dagbag.py:538} INFO - Filling up the DagBag from /opt/airflow/dags/setup_dag.py
[2026-02-09T12:44:16.295+0000] {processor.py:840} INFO - DAG(s) 'fork2_dag' retrieved from /opt/airflow/dags/setup_dag.py
[2026-02-09T12:44:16.314+0000] {logging_mixin.py:188} INFO - [2026-02-09T12:44:16.314+0000] {dag.py:3036} INFO - Sync 1 DAGs
[2026-02-09T12:44:16.355+0000] {logging_mixin.py:188} INFO - [2026-02-09T12:44:16.355+0000] {dag.py:3823} INFO - Setting next_dagrun for fork2_dag to 2026-02-09 12:44:00+00:00, run_after=2026-02-09 12:44:10+00:00
[2026-02-09T12:44:16.389+0000] {processor.py:183} INFO - Processing /opt/airflow/dags/setup_dag.py took 0.111 seconds
[2026-02-09T12:44:47.265+0000] {processor.py:161} INFO - Started process (PID=34011) to work on /opt/airflow/dags/setup_dag.py
[2026-02-09T12:44:47.267+0000] {processor.py:830} INFO - Processing file /opt/airflow/dags/setup_dag.py for tasks to queue
[2026-02-09T12:44:47.268+0000] {logging_mixin.py:188} INFO - [2026-02-09T12:44:47.268+0000] {dagbag.py:538} INFO - Filling up the DagBag from /opt/airflow/dags/setup_dag.py
[2026-02-09T12:44:47.278+0000] {processor.py:840} INFO - DAG(s) 'fork2_dag' retrieved from /opt/airflow/dags/setup_dag.py
[2026-02-09T12:44:47.442+0000] {logging_mixin.py:188} INFO - [2026-02-09T12:44:47.442+0000] {dag.py:3036} INFO - Sync 1 DAGs
[2026-02-09T12:44:47.476+0000] {logging_mixin.py:188} INFO - [2026-02-09T12:44:47.476+0000] {dag.py:3823} INFO - Setting next_dagrun for fork2_dag to 2026-02-09 12:44:30+00:00, run_after=2026-02-09 12:44:40+00:00
[2026-02-09T12:44:47.510+0000] {processor.py:183} INFO - Processing /opt/airflow/dags/setup_dag.py took 0.250 seconds
[2026-02-09T12:45:17.929+0000] {processor.py:161} INFO - Started process (PID=34086) to work on /opt/airflow/dags/setup_dag.py
[2026-02-09T12:45:17.931+0000] {processor.py:830} INFO - Processing file /opt/airflow/dags/setup_dag.py for tasks to queue
[2026-02-09T12:45:17.932+0000] {logging_mixin.py:188} INFO - [2026-02-09T12:45:17.932+0000] {dagbag.py:538} INFO - Filling up the DagBag from /opt/airflow/dags/setup_dag.py
[2026-02-09T12:45:17.941+0000] {processor.py:840} INFO - DAG(s) 'fork2_dag' retrieved from /opt/airflow/dags/setup_dag.py
[2026-02-09T12:45:17.971+0000] {logging_mixin.py:188} INFO - [2026-02-09T12:45:17.970+0000] {dag.py:3036} INFO - Sync 1 DAGs
[2026-02-09T12:45:18.008+0000] {logging_mixin.py:188} INFO - [2026-02-09T12:45:18.007+0000] {dag.py:3823} INFO - Setting next_dagrun for fork2_dag to 2026-02-09 12:45:00+00:00, run_after=2026-02-09 12:45:10+00:00
[2026-02-09T12:45:18.034+0000] {processor.py:183} INFO - Processing /opt/airflow/dags/setup_dag.py took 0.110 seconds
[2026-02-09T12:45:48.511+0000] {processor.py:161} INFO - Started process (PID=34160) to work on /opt/airflow/dags/setup_dag.py
[2026-02-09T12:45:48.512+0000] {processor.py:830} INFO - Processing file /opt/airflow/dags/setup_dag.py for tasks to queue
[2026-02-09T12:45:48.514+0000] {logging_mixin.py:188} INFO - [2026-02-09T12:45:48.513+0000] {dagbag.py:538} INFO - Filling up the DagBag from /opt/airflow/dags/setup_dag.py
[2026-02-09T12:45:48.524+0000] {processor.py:840} INFO - DAG(s) 'fork2_dag' retrieved from /opt/airflow/dags/setup_dag.py
[2026-02-09T12:45:48.545+0000] {logging_mixin.py:188} INFO - [2026-02-09T12:45:48.545+0000] {dag.py:3036} INFO - Sync 1 DAGs
[2026-02-09T12:45:48.603+0000] {logging_mixin.py:188} INFO - [2026-02-09T12:45:48.603+0000] {dag.py:3823} INFO - Setting next_dagrun for fork2_dag to 2026-02-09 12:45:30+00:00, run_after=2026-02-09 12:45:40+00:00
[2026-02-09T12:45:48.653+0000] {processor.py:183} INFO - Processing /opt/airflow/dags/setup_dag.py took 0.148 seconds
[2026-02-09T12:46:19.208+0000] {processor.py:161} INFO - Started process (PID=34234) to work on /opt/airflow/dags/setup_dag.py
[2026-02-09T12:46:19.210+0000] {processor.py:830} INFO - Processing file /opt/airflow/dags/setup_dag.py for tasks to queue
[2026-02-09T12:46:19.212+0000] {logging_mixin.py:188} INFO - [2026-02-09T12:46:19.211+0000] {dagbag.py:538} INFO - Filling up the DagBag from /opt/airflow/dags/setup_dag.py
[2026-02-09T12:46:19.226+0000] {processor.py:840} INFO - DAG(s) 'fork2_dag' retrieved from /opt/airflow/dags/setup_dag.py
[2026-02-09T12:46:19.398+0000] {logging_mixin.py:188} INFO - [2026-02-09T12:46:19.398+0000] {dag.py:3036} INFO - Sync 1 DAGs
[2026-02-09T12:46:19.433+0000] {logging_mixin.py:188} INFO - [2026-02-09T12:46:19.432+0000] {dag.py:3823} INFO - Setting next_dagrun for fork2_dag to 2026-02-09 12:46:00+00:00, run_after=2026-02-09 12:46:10+00:00
[2026-02-09T12:46:19.459+0000] {processor.py:183} INFO - Processing /opt/airflow/dags/setup_dag.py took 0.260 seconds
[2026-02-09T12:46:49.510+0000] {processor.py:161} INFO - Started process (PID=34308) to work on /opt/airflow/dags/setup_dag.py
[2026-02-09T12:46:49.512+0000] {processor.py:830} INFO - Processing file /opt/airflow/dags/setup_dag.py for tasks to queue
[2026-02-09T12:46:49.513+0000] {logging_mixin.py:188} INFO - [2026-02-09T12:46:49.513+0000] {dagbag.py:538} INFO - Filling up the DagBag from /opt/airflow/dags/setup_dag.py
[2026-02-09T12:46:49.523+0000] {processor.py:840} INFO - DAG(s) 'fork2_dag' retrieved from /opt/airflow/dags/setup_dag.py
[2026-02-09T12:46:49.564+0000] {logging_mixin.py:188} INFO - [2026-02-09T12:46:49.564+0000] {dag.py:3036} INFO - Sync 1 DAGs
[2026-02-09T12:46:49.608+0000] {logging_mixin.py:188} INFO - [2026-02-09T12:46:49.608+0000] {dag.py:3823} INFO - Setting next_dagrun for fork2_dag to 2026-02-09 12:46:30+00:00, run_after=2026-02-09 12:46:40+00:00
[2026-02-09T12:46:49.642+0000] {processor.py:183} INFO - Processing /opt/airflow/dags/setup_dag.py took 0.144 seconds
[2026-02-09T12:47:19.797+0000] {processor.py:161} INFO - Started process (PID=34382) to work on /opt/airflow/dags/setup_dag.py
[2026-02-09T12:47:19.799+0000] {processor.py:830} INFO - Processing file /opt/airflow/dags/setup_dag.py for tasks to queue
[2026-02-09T12:47:19.802+0000] {logging_mixin.py:188} INFO - [2026-02-09T12:47:19.801+0000] {dagbag.py:538} INFO - Filling up the DagBag from /opt/airflow/dags/setup_dag.py
[2026-02-09T12:47:19.817+0000] {processor.py:840} INFO - DAG(s) 'fork2_dag' retrieved from /opt/airflow/dags/setup_dag.py
[2026-02-09T12:47:19.837+0000] {logging_mixin.py:188} INFO - [2026-02-09T12:47:19.836+0000] {dag.py:3036} INFO - Sync 1 DAGs
[2026-02-09T12:47:19.876+0000] {logging_mixin.py:188} INFO - [2026-02-09T12:47:19.876+0000] {dag.py:3823} INFO - Setting next_dagrun for fork2_dag to 2026-02-09 12:47:00+00:00, run_after=2026-02-09 12:47:10+00:00
[2026-02-09T12:47:19.906+0000] {processor.py:183} INFO - Processing /opt/airflow/dags/setup_dag.py took 0.115 seconds
[2026-02-09T12:47:50.063+0000] {processor.py:161} INFO - Started process (PID=34455) to work on /opt/airflow/dags/setup_dag.py
[2026-02-09T12:47:50.065+0000] {processor.py:830} INFO - Processing file /opt/airflow/dags/setup_dag.py for tasks to queue
[2026-02-09T12:47:50.066+0000] {logging_mixin.py:188} INFO - [2026-02-09T12:47:50.066+0000] {dagbag.py:538} INFO - Filling up the DagBag from /opt/airflow/dags/setup_dag.py
[2026-02-09T12:47:50.075+0000] {processor.py:840} INFO - DAG(s) 'fork2_dag' retrieved from /opt/airflow/dags/setup_dag.py
[2026-02-09T12:47:50.245+0000] {logging_mixin.py:188} INFO - [2026-02-09T12:47:50.244+0000] {dag.py:3036} INFO - Sync 1 DAGs
[2026-02-09T12:47:50.278+0000] {logging_mixin.py:188} INFO - [2026-02-09T12:47:50.278+0000] {dag.py:3823} INFO - Setting next_dagrun for fork2_dag to 2026-02-09 12:47:40+00:00, run_after=2026-02-09 12:47:50+00:00
[2026-02-09T12:47:50.304+0000] {processor.py:183} INFO - Processing /opt/airflow/dags/setup_dag.py took 0.246 seconds
[2026-02-09T12:48:20.472+0000] {processor.py:161} INFO - Started process (PID=34530) to work on /opt/airflow/dags/setup_dag.py
[2026-02-09T12:48:20.473+0000] {processor.py:830} INFO - Processing file /opt/airflow/dags/setup_dag.py for tasks to queue
[2026-02-09T12:48:20.474+0000] {logging_mixin.py:188} INFO - [2026-02-09T12:48:20.474+0000] {dagbag.py:538} INFO - Filling up the DagBag from /opt/airflow/dags/setup_dag.py
[2026-02-09T12:48:20.483+0000] {processor.py:840} INFO - DAG(s) 'fork2_dag' retrieved from /opt/airflow/dags/setup_dag.py
[2026-02-09T12:48:20.517+0000] {logging_mixin.py:188} INFO - [2026-02-09T12:48:20.516+0000] {dag.py:3036} INFO - Sync 1 DAGs
[2026-02-09T12:48:20.554+0000] {logging_mixin.py:188} INFO - [2026-02-09T12:48:20.553+0000] {dag.py:3823} INFO - Setting next_dagrun for fork2_dag to 2026-02-09 12:48:10+00:00, run_after=2026-02-09 12:48:20+00:00
[2026-02-09T12:48:20.579+0000] {processor.py:183} INFO - Processing /opt/airflow/dags/setup_dag.py took 0.112 seconds
[2026-02-09T12:48:50.952+0000] {processor.py:161} INFO - Started process (PID=34605) to work on /opt/airflow/dags/setup_dag.py
[2026-02-09T12:48:50.954+0000] {processor.py:830} INFO - Processing file /opt/airflow/dags/setup_dag.py for tasks to queue
[2026-02-09T12:48:50.955+0000] {logging_mixin.py:188} INFO - [2026-02-09T12:48:50.955+0000] {dagbag.py:538} INFO - Filling up the DagBag from /opt/airflow/dags/setup_dag.py
[2026-02-09T12:48:50.964+0000] {processor.py:840} INFO - DAG(s) 'fork2_dag' retrieved from /opt/airflow/dags/setup_dag.py
[2026-02-09T12:48:50.982+0000] {logging_mixin.py:188} INFO - [2026-02-09T12:48:50.982+0000] {dag.py:3036} INFO - Sync 1 DAGs
[2026-02-09T12:48:51.021+0000] {logging_mixin.py:188} INFO - [2026-02-09T12:48:51.021+0000] {dag.py:3823} INFO - Setting next_dagrun for fork2_dag to 2026-02-09 12:48:40+00:00, run_after=2026-02-09 12:48:50+00:00
[2026-02-09T12:48:51.055+0000] {processor.py:183} INFO - Processing /opt/airflow/dags/setup_dag.py took 0.108 seconds
[2026-02-09T12:49:21.184+0000] {processor.py:161} INFO - Started process (PID=34685) to work on /opt/airflow/dags/setup_dag.py
[2026-02-09T12:49:21.185+0000] {processor.py:830} INFO - Processing file /opt/airflow/dags/setup_dag.py for tasks to queue
[2026-02-09T12:49:21.187+0000] {logging_mixin.py:188} INFO - [2026-02-09T12:49:21.186+0000] {dagbag.py:538} INFO - Filling up the DagBag from /opt/airflow/dags/setup_dag.py
[2026-02-09T12:49:21.196+0000] {processor.py:840} INFO - DAG(s) 'fork2_dag' retrieved from /opt/airflow/dags/setup_dag.py
[2026-02-09T12:49:21.386+0000] {logging_mixin.py:188} INFO - [2026-02-09T12:49:21.386+0000] {dag.py:3036} INFO - Sync 1 DAGs
[2026-02-09T12:49:21.428+0000] {logging_mixin.py:188} INFO - [2026-02-09T12:49:21.427+0000] {dag.py:3823} INFO - Setting next_dagrun for fork2_dag to 2026-02-09 12:49:10+00:00, run_after=2026-02-09 12:49:20+00:00
[2026-02-09T12:49:21.463+0000] {processor.py:183} INFO - Processing /opt/airflow/dags/setup_dag.py took 0.285 seconds
[2026-02-09T12:49:51.703+0000] {processor.py:161} INFO - Started process (PID=34761) to work on /opt/airflow/dags/setup_dag.py
[2026-02-09T12:49:51.705+0000] {processor.py:830} INFO - Processing file /opt/airflow/dags/setup_dag.py for tasks to queue
[2026-02-09T12:49:51.706+0000] {logging_mixin.py:188} INFO - [2026-02-09T12:49:51.705+0000] {dagbag.py:538} INFO - Filling up the DagBag from /opt/airflow/dags/setup_dag.py
[2026-02-09T12:49:51.716+0000] {processor.py:840} INFO - DAG(s) 'fork2_dag' retrieved from /opt/airflow/dags/setup_dag.py
[2026-02-09T12:49:51.746+0000] {logging_mixin.py:188} INFO - [2026-02-09T12:49:51.746+0000] {dag.py:3036} INFO - Sync 1 DAGs
[2026-02-09T12:49:51.784+0000] {logging_mixin.py:188} INFO - [2026-02-09T12:49:51.784+0000] {dag.py:3823} INFO - Setting next_dagrun for fork2_dag to 2026-02-09 12:49:40+00:00, run_after=2026-02-09 12:49:50+00:00
[2026-02-09T12:49:51.813+0000] {processor.py:183} INFO - Processing /opt/airflow/dags/setup_dag.py took 0.115 seconds
[2026-02-09T12:50:22.385+0000] {processor.py:161} INFO - Started process (PID=34835) to work on /opt/airflow/dags/setup_dag.py
[2026-02-09T12:50:22.386+0000] {processor.py:830} INFO - Processing file /opt/airflow/dags/setup_dag.py for tasks to queue
[2026-02-09T12:50:22.388+0000] {logging_mixin.py:188} INFO - [2026-02-09T12:50:22.387+0000] {dagbag.py:538} INFO - Filling up the DagBag from /opt/airflow/dags/setup_dag.py
[2026-02-09T12:50:22.397+0000] {processor.py:840} INFO - DAG(s) 'fork2_dag' retrieved from /opt/airflow/dags/setup_dag.py
[2026-02-09T12:50:22.414+0000] {logging_mixin.py:188} INFO - [2026-02-09T12:50:22.414+0000] {dag.py:3036} INFO - Sync 1 DAGs
[2026-02-09T12:50:22.456+0000] {logging_mixin.py:188} INFO - [2026-02-09T12:50:22.456+0000] {dag.py:3823} INFO - Setting next_dagrun for fork2_dag to 2026-02-09 12:50:10+00:00, run_after=2026-02-09 12:50:20+00:00
[2026-02-09T12:50:22.490+0000] {processor.py:183} INFO - Processing /opt/airflow/dags/setup_dag.py took 0.112 seconds
[2026-02-09T12:50:52.557+0000] {processor.py:161} INFO - Started process (PID=34907) to work on /opt/airflow/dags/setup_dag.py
[2026-02-09T12:50:52.558+0000] {processor.py:830} INFO - Processing file /opt/airflow/dags/setup_dag.py for tasks to queue
[2026-02-09T12:50:52.559+0000] {logging_mixin.py:188} INFO - [2026-02-09T12:50:52.558+0000] {dagbag.py:538} INFO - Filling up the DagBag from /opt/airflow/dags/setup_dag.py
[2026-02-09T12:50:52.568+0000] {processor.py:840} INFO - DAG(s) 'fork2_dag' retrieved from /opt/airflow/dags/setup_dag.py
[2026-02-09T12:50:52.739+0000] {logging_mixin.py:188} INFO - [2026-02-09T12:50:52.738+0000] {dag.py:3036} INFO - Sync 1 DAGs
[2026-02-09T12:50:52.795+0000] {logging_mixin.py:188} INFO - [2026-02-09T12:50:52.795+0000] {dag.py:3823} INFO - Setting next_dagrun for fork2_dag to 2026-02-09 12:50:40+00:00, run_after=2026-02-09 12:50:50+00:00
[2026-02-09T12:50:52.831+0000] {processor.py:183} INFO - Processing /opt/airflow/dags/setup_dag.py took 0.280 seconds
[2026-02-09T12:51:22.918+0000] {processor.py:161} INFO - Started process (PID=34981) to work on /opt/airflow/dags/setup_dag.py
[2026-02-09T12:51:22.920+0000] {processor.py:830} INFO - Processing file /opt/airflow/dags/setup_dag.py for tasks to queue
[2026-02-09T12:51:22.922+0000] {logging_mixin.py:188} INFO - [2026-02-09T12:51:22.921+0000] {dagbag.py:538} INFO - Filling up the DagBag from /opt/airflow/dags/setup_dag.py
[2026-02-09T12:51:22.931+0000] {processor.py:840} INFO - DAG(s) 'fork2_dag' retrieved from /opt/airflow/dags/setup_dag.py
[2026-02-09T12:51:22.967+0000] {logging_mixin.py:188} INFO - [2026-02-09T12:51:22.966+0000] {dag.py:3036} INFO - Sync 1 DAGs
[2026-02-09T12:51:23.006+0000] {logging_mixin.py:188} INFO - [2026-02-09T12:51:23.005+0000] {dag.py:3823} INFO - Setting next_dagrun for fork2_dag to 2026-02-09 12:51:10+00:00, run_after=2026-02-09 12:51:20+00:00
[2026-02-09T12:51:23.036+0000] {processor.py:183} INFO - Processing /opt/airflow/dags/setup_dag.py took 0.123 seconds
[2026-02-09T12:51:53.217+0000] {processor.py:161} INFO - Started process (PID=35055) to work on /opt/airflow/dags/setup_dag.py
[2026-02-09T12:51:53.219+0000] {processor.py:830} INFO - Processing file /opt/airflow/dags/setup_dag.py for tasks to queue
[2026-02-09T12:51:53.220+0000] {logging_mixin.py:188} INFO - [2026-02-09T12:51:53.220+0000] {dagbag.py:538} INFO - Filling up the DagBag from /opt/airflow/dags/setup_dag.py
[2026-02-09T12:51:53.230+0000] {processor.py:840} INFO - DAG(s) 'fork2_dag' retrieved from /opt/airflow/dags/setup_dag.py
[2026-02-09T12:51:53.247+0000] {logging_mixin.py:188} INFO - [2026-02-09T12:51:53.247+0000] {dag.py:3036} INFO - Sync 1 DAGs
[2026-02-09T12:51:53.293+0000] {logging_mixin.py:188} INFO - [2026-02-09T12:51:53.292+0000] {dag.py:3823} INFO - Setting next_dagrun for fork2_dag to 2026-02-09 12:51:40+00:00, run_after=2026-02-09 12:51:50+00:00
[2026-02-09T12:51:53.322+0000] {processor.py:183} INFO - Processing /opt/airflow/dags/setup_dag.py took 0.110 seconds
[2026-02-09T12:52:23.574+0000] {processor.py:161} INFO - Started process (PID=35128) to work on /opt/airflow/dags/setup_dag.py
[2026-02-09T12:52:23.576+0000] {processor.py:830} INFO - Processing file /opt/airflow/dags/setup_dag.py for tasks to queue
[2026-02-09T12:52:23.578+0000] {logging_mixin.py:188} INFO - [2026-02-09T12:52:23.577+0000] {dagbag.py:538} INFO - Filling up the DagBag from /opt/airflow/dags/setup_dag.py
[2026-02-09T12:52:23.589+0000] {processor.py:840} INFO - DAG(s) 'fork2_dag' retrieved from /opt/airflow/dags/setup_dag.py
[2026-02-09T12:52:23.755+0000] {logging_mixin.py:188} INFO - [2026-02-09T12:52:23.754+0000] {dag.py:3036} INFO - Sync 1 DAGs
[2026-02-09T12:52:23.788+0000] {logging_mixin.py:188} INFO - [2026-02-09T12:52:23.788+0000] {dag.py:3823} INFO - Setting next_dagrun for fork2_dag to 2026-02-09 12:52:10+00:00, run_after=2026-02-09 12:52:20+00:00
[2026-02-09T12:52:23.817+0000] {processor.py:183} INFO - Processing /opt/airflow/dags/setup_dag.py took 0.248 seconds
[2026-02-09T12:52:54.177+0000] {processor.py:161} INFO - Started process (PID=35209) to work on /opt/airflow/dags/setup_dag.py
[2026-02-09T12:52:54.178+0000] {processor.py:830} INFO - Processing file /opt/airflow/dags/setup_dag.py for tasks to queue
[2026-02-09T12:52:54.180+0000] {logging_mixin.py:188} INFO - [2026-02-09T12:52:54.179+0000] {dagbag.py:538} INFO - Filling up the DagBag from /opt/airflow/dags/setup_dag.py
[2026-02-09T12:52:54.189+0000] {processor.py:840} INFO - DAG(s) 'fork2_dag' retrieved from /opt/airflow/dags/setup_dag.py
[2026-02-09T12:52:54.222+0000] {logging_mixin.py:188} INFO - [2026-02-09T12:52:54.221+0000] {dag.py:3036} INFO - Sync 1 DAGs
[2026-02-09T12:52:54.259+0000] {logging_mixin.py:188} INFO - [2026-02-09T12:52:54.259+0000] {dag.py:3823} INFO - Setting next_dagrun for fork2_dag to 2026-02-09 12:52:40+00:00, run_after=2026-02-09 12:52:50+00:00
[2026-02-09T12:52:54.288+0000] {processor.py:183} INFO - Processing /opt/airflow/dags/setup_dag.py took 0.116 seconds
[2026-02-09T12:53:24.468+0000] {processor.py:161} INFO - Started process (PID=35283) to work on /opt/airflow/dags/setup_dag.py
[2026-02-09T12:53:24.469+0000] {processor.py:830} INFO - Processing file /opt/airflow/dags/setup_dag.py for tasks to queue
[2026-02-09T12:53:24.471+0000] {logging_mixin.py:188} INFO - [2026-02-09T12:53:24.470+0000] {dagbag.py:538} INFO - Filling up the DagBag from /opt/airflow/dags/setup_dag.py
[2026-02-09T12:53:24.480+0000] {processor.py:840} INFO - DAG(s) 'fork2_dag' retrieved from /opt/airflow/dags/setup_dag.py
[2026-02-09T12:53:24.500+0000] {logging_mixin.py:188} INFO - [2026-02-09T12:53:24.499+0000] {dag.py:3036} INFO - Sync 1 DAGs
[2026-02-09T12:53:24.546+0000] {logging_mixin.py:188} INFO - [2026-02-09T12:53:24.546+0000] {dag.py:3823} INFO - Setting next_dagrun for fork2_dag to 2026-02-09 12:53:10+00:00, run_after=2026-02-09 12:53:20+00:00
[2026-02-09T12:53:24.580+0000] {processor.py:183} INFO - Processing /opt/airflow/dags/setup_dag.py took 0.118 seconds
[2026-02-09T12:53:55.054+0000] {processor.py:161} INFO - Started process (PID=35356) to work on /opt/airflow/dags/setup_dag.py
[2026-02-09T12:53:55.055+0000] {processor.py:830} INFO - Processing file /opt/airflow/dags/setup_dag.py for tasks to queue
[2026-02-09T12:53:55.057+0000] {logging_mixin.py:188} INFO - [2026-02-09T12:53:55.056+0000] {dagbag.py:538} INFO - Filling up the DagBag from /opt/airflow/dags/setup_dag.py
[2026-02-09T12:53:55.067+0000] {processor.py:840} INFO - DAG(s) 'fork2_dag' retrieved from /opt/airflow/dags/setup_dag.py
[2026-02-09T12:53:55.253+0000] {logging_mixin.py:188} INFO - [2026-02-09T12:53:55.252+0000] {dag.py:3036} INFO - Sync 1 DAGs
[2026-02-09T12:53:55.284+0000] {logging_mixin.py:188} INFO - [2026-02-09T12:53:55.284+0000] {dag.py:3823} INFO - Setting next_dagrun for fork2_dag to 2026-02-09 12:53:40+00:00, run_after=2026-02-09 12:53:50+00:00
[2026-02-09T12:53:55.310+0000] {processor.py:183} INFO - Processing /opt/airflow/dags/setup_dag.py took 0.261 seconds
[2026-02-09T12:54:25.559+0000] {processor.py:161} INFO - Started process (PID=35430) to work on /opt/airflow/dags/setup_dag.py
[2026-02-09T12:54:25.561+0000] {processor.py:830} INFO - Processing file /opt/airflow/dags/setup_dag.py for tasks to queue
[2026-02-09T12:54:25.563+0000] {logging_mixin.py:188} INFO - [2026-02-09T12:54:25.562+0000] {dagbag.py:538} INFO - Filling up the DagBag from /opt/airflow/dags/setup_dag.py
[2026-02-09T12:54:25.572+0000] {processor.py:840} INFO - DAG(s) 'fork2_dag' retrieved from /opt/airflow/dags/setup_dag.py
[2026-02-09T12:54:25.603+0000] {logging_mixin.py:188} INFO - [2026-02-09T12:54:25.602+0000] {dag.py:3036} INFO - Sync 1 DAGs
[2026-02-09T12:54:25.636+0000] {logging_mixin.py:188} INFO - [2026-02-09T12:54:25.636+0000] {dag.py:3823} INFO - Setting next_dagrun for fork2_dag to 2026-02-09 12:54:10+00:00, run_after=2026-02-09 12:54:20+00:00
[2026-02-09T12:54:25.664+0000] {processor.py:183} INFO - Processing /opt/airflow/dags/setup_dag.py took 0.110 seconds
[2026-02-09T12:54:55.864+0000] {processor.py:161} INFO - Started process (PID=35504) to work on /opt/airflow/dags/setup_dag.py
[2026-02-09T12:54:55.865+0000] {processor.py:830} INFO - Processing file /opt/airflow/dags/setup_dag.py for tasks to queue
[2026-02-09T12:54:55.867+0000] {logging_mixin.py:188} INFO - [2026-02-09T12:54:55.866+0000] {dagbag.py:538} INFO - Filling up the DagBag from /opt/airflow/dags/setup_dag.py
[2026-02-09T12:54:55.876+0000] {processor.py:840} INFO - DAG(s) 'fork2_dag' retrieved from /opt/airflow/dags/setup_dag.py
[2026-02-09T12:54:55.898+0000] {logging_mixin.py:188} INFO - [2026-02-09T12:54:55.897+0000] {dag.py:3036} INFO - Sync 1 DAGs
[2026-02-09T12:54:55.940+0000] {logging_mixin.py:188} INFO - [2026-02-09T12:54:55.940+0000] {dag.py:3823} INFO - Setting next_dagrun for fork2_dag to 2026-02-09 12:54:40+00:00, run_after=2026-02-09 12:54:50+00:00
[2026-02-09T12:54:55.972+0000] {processor.py:183} INFO - Processing /opt/airflow/dags/setup_dag.py took 0.113 seconds
[2026-02-09T12:55:26.210+0000] {processor.py:161} INFO - Started process (PID=35578) to work on /opt/airflow/dags/setup_dag.py
[2026-02-09T12:55:26.212+0000] {processor.py:830} INFO - Processing file /opt/airflow/dags/setup_dag.py for tasks to queue
[2026-02-09T12:55:26.213+0000] {logging_mixin.py:188} INFO - [2026-02-09T12:55:26.213+0000] {dagbag.py:538} INFO - Filling up the DagBag from /opt/airflow/dags/setup_dag.py
[2026-02-09T12:55:26.222+0000] {processor.py:840} INFO - DAG(s) 'fork2_dag' retrieved from /opt/airflow/dags/setup_dag.py
[2026-02-09T12:55:26.388+0000] {logging_mixin.py:188} INFO - [2026-02-09T12:55:26.387+0000] {dag.py:3036} INFO - Sync 1 DAGs
[2026-02-09T12:55:26.422+0000] {logging_mixin.py:188} INFO - [2026-02-09T12:55:26.422+0000] {dag.py:3823} INFO - Setting next_dagrun for fork2_dag to 2026-02-09 12:55:10+00:00, run_after=2026-02-09 12:55:20+00:00
[2026-02-09T12:55:26.448+0000] {processor.py:183} INFO - Processing /opt/airflow/dags/setup_dag.py took 0.242 seconds
[2026-02-09T12:55:56.746+0000] {processor.py:161} INFO - Started process (PID=35652) to work on /opt/airflow/dags/setup_dag.py
[2026-02-09T12:55:56.748+0000] {processor.py:830} INFO - Processing file /opt/airflow/dags/setup_dag.py for tasks to queue
[2026-02-09T12:55:56.749+0000] {logging_mixin.py:188} INFO - [2026-02-09T12:55:56.748+0000] {dagbag.py:538} INFO - Filling up the DagBag from /opt/airflow/dags/setup_dag.py
[2026-02-09T12:55:56.759+0000] {processor.py:840} INFO - DAG(s) 'fork2_dag' retrieved from /opt/airflow/dags/setup_dag.py
[2026-02-09T12:55:56.794+0000] {logging_mixin.py:188} INFO - [2026-02-09T12:55:56.794+0000] {dag.py:3036} INFO - Sync 1 DAGs
[2026-02-09T12:55:56.831+0000] {logging_mixin.py:188} INFO - [2026-02-09T12:55:56.831+0000] {dag.py:3823} INFO - Setting next_dagrun for fork2_dag to 2026-02-09 12:55:40+00:00, run_after=2026-02-09 12:55:50+00:00
[2026-02-09T12:55:56.859+0000] {processor.py:183} INFO - Processing /opt/airflow/dags/setup_dag.py took 0.117 seconds
[2026-02-09T12:56:27.261+0000] {processor.py:161} INFO - Started process (PID=35732) to work on /opt/airflow/dags/setup_dag.py
[2026-02-09T12:56:27.263+0000] {processor.py:830} INFO - Processing file /opt/airflow/dags/setup_dag.py for tasks to queue
[2026-02-09T12:56:27.264+0000] {logging_mixin.py:188} INFO - [2026-02-09T12:56:27.264+0000] {dagbag.py:538} INFO - Filling up the DagBag from /opt/airflow/dags/setup_dag.py
[2026-02-09T12:56:27.275+0000] {processor.py:840} INFO - DAG(s) 'fork2_dag' retrieved from /opt/airflow/dags/setup_dag.py
[2026-02-09T12:56:27.296+0000] {logging_mixin.py:188} INFO - [2026-02-09T12:56:27.295+0000] {dag.py:3036} INFO - Sync 1 DAGs
[2026-02-09T12:56:27.340+0000] {logging_mixin.py:188} INFO - [2026-02-09T12:56:27.339+0000] {dag.py:3823} INFO - Setting next_dagrun for fork2_dag to 2026-02-09 12:56:10+00:00, run_after=2026-02-09 12:56:20+00:00
[2026-02-09T12:56:27.375+0000] {processor.py:183} INFO - Processing /opt/airflow/dags/setup_dag.py took 0.118 seconds
[2026-02-09T12:56:57.954+0000] {processor.py:161} INFO - Started process (PID=35808) to work on /opt/airflow/dags/setup_dag.py
[2026-02-09T12:56:57.956+0000] {processor.py:830} INFO - Processing file /opt/airflow/dags/setup_dag.py for tasks to queue
[2026-02-09T12:56:57.958+0000] {logging_mixin.py:188} INFO - [2026-02-09T12:56:57.957+0000] {dagbag.py:538} INFO - Filling up the DagBag from /opt/airflow/dags/setup_dag.py
[2026-02-09T12:56:57.969+0000] {processor.py:840} INFO - DAG(s) 'fork2_dag' retrieved from /opt/airflow/dags/setup_dag.py
[2026-02-09T12:56:58.187+0000] {logging_mixin.py:188} INFO - [2026-02-09T12:56:58.187+0000] {dag.py:3036} INFO - Sync 1 DAGs
[2026-02-09T12:56:58.229+0000] {logging_mixin.py:188} INFO - [2026-02-09T12:56:58.229+0000] {dag.py:3823} INFO - Setting next_dagrun for fork2_dag to 2026-02-09 12:56:40+00:00, run_after=2026-02-09 12:56:50+00:00
[2026-02-09T12:56:58.262+0000] {processor.py:183} INFO - Processing /opt/airflow/dags/setup_dag.py took 0.313 seconds
[2026-02-09T12:57:28.641+0000] {processor.py:161} INFO - Started process (PID=35882) to work on /opt/airflow/dags/setup_dag.py
[2026-02-09T12:57:28.643+0000] {processor.py:830} INFO - Processing file /opt/airflow/dags/setup_dag.py for tasks to queue
[2026-02-09T12:57:28.645+0000] {logging_mixin.py:188} INFO - [2026-02-09T12:57:28.644+0000] {dagbag.py:538} INFO - Filling up the DagBag from /opt/airflow/dags/setup_dag.py
[2026-02-09T12:57:28.657+0000] {processor.py:840} INFO - DAG(s) 'fork2_dag' retrieved from /opt/airflow/dags/setup_dag.py
[2026-02-09T12:57:28.693+0000] {logging_mixin.py:188} INFO - [2026-02-09T12:57:28.693+0000] {dag.py:3036} INFO - Sync 1 DAGs
[2026-02-09T12:57:28.745+0000] {logging_mixin.py:188} INFO - [2026-02-09T12:57:28.745+0000] {dag.py:3823} INFO - Setting next_dagrun for fork2_dag to 2026-02-09 12:57:10+00:00, run_after=2026-02-09 12:57:20+00:00
[2026-02-09T12:57:28.778+0000] {processor.py:183} INFO - Processing /opt/airflow/dags/setup_dag.py took 0.148 seconds
[2026-02-09T12:57:59.263+0000] {processor.py:161} INFO - Started process (PID=35956) to work on /opt/airflow/dags/setup_dag.py
[2026-02-09T12:57:59.265+0000] {processor.py:830} INFO - Processing file /opt/airflow/dags/setup_dag.py for tasks to queue
[2026-02-09T12:57:59.266+0000] {logging_mixin.py:188} INFO - [2026-02-09T12:57:59.266+0000] {dagbag.py:538} INFO - Filling up the DagBag from /opt/airflow/dags/setup_dag.py
[2026-02-09T12:57:59.277+0000] {processor.py:840} INFO - DAG(s) 'fork2_dag' retrieved from /opt/airflow/dags/setup_dag.py
[2026-02-09T12:57:59.297+0000] {logging_mixin.py:188} INFO - [2026-02-09T12:57:59.296+0000] {dag.py:3036} INFO - Sync 1 DAGs
[2026-02-09T12:57:59.355+0000] {logging_mixin.py:188} INFO - [2026-02-09T12:57:59.354+0000] {dag.py:3823} INFO - Setting next_dagrun for fork2_dag to 2026-02-09 12:57:40+00:00, run_after=2026-02-09 12:57:50+00:00
[2026-02-09T12:57:59.395+0000] {processor.py:183} INFO - Processing /opt/airflow/dags/setup_dag.py took 0.137 seconds
[2026-02-09T12:58:29.736+0000] {processor.py:161} INFO - Started process (PID=36030) to work on /opt/airflow/dags/setup_dag.py
[2026-02-09T12:58:29.737+0000] {processor.py:830} INFO - Processing file /opt/airflow/dags/setup_dag.py for tasks to queue
[2026-02-09T12:58:29.738+0000] {logging_mixin.py:188} INFO - [2026-02-09T12:58:29.738+0000] {dagbag.py:538} INFO - Filling up the DagBag from /opt/airflow/dags/setup_dag.py
[2026-02-09T12:58:29.747+0000] {processor.py:840} INFO - DAG(s) 'fork2_dag' retrieved from /opt/airflow/dags/setup_dag.py
[2026-02-09T12:58:29.949+0000] {logging_mixin.py:188} INFO - [2026-02-09T12:58:29.949+0000] {dag.py:3036} INFO - Sync 1 DAGs
[2026-02-09T12:58:29.985+0000] {logging_mixin.py:188} INFO - [2026-02-09T12:58:29.985+0000] {dag.py:3823} INFO - Setting next_dagrun for fork2_dag to 2026-02-09 12:58:10+00:00, run_after=2026-02-09 12:58:20+00:00
[2026-02-09T12:58:30.011+0000] {processor.py:183} INFO - Processing /opt/airflow/dags/setup_dag.py took 0.280 seconds
[2026-02-09T12:59:00.215+0000] {processor.py:161} INFO - Started process (PID=36104) to work on /opt/airflow/dags/setup_dag.py
[2026-02-09T12:59:00.216+0000] {processor.py:830} INFO - Processing file /opt/airflow/dags/setup_dag.py for tasks to queue
[2026-02-09T12:59:00.217+0000] {logging_mixin.py:188} INFO - [2026-02-09T12:59:00.217+0000] {dagbag.py:538} INFO - Filling up the DagBag from /opt/airflow/dags/setup_dag.py
[2026-02-09T12:59:00.227+0000] {processor.py:840} INFO - DAG(s) 'fork2_dag' retrieved from /opt/airflow/dags/setup_dag.py
[2026-02-09T12:59:00.257+0000] {logging_mixin.py:188} INFO - [2026-02-09T12:59:00.257+0000] {dag.py:3036} INFO - Sync 1 DAGs
[2026-02-09T12:59:00.293+0000] {logging_mixin.py:188} INFO - [2026-02-09T12:59:00.292+0000] {dag.py:3823} INFO - Setting next_dagrun for fork2_dag to 2026-02-09 12:58:50+00:00, run_after=2026-02-09 12:59:00+00:00
[2026-02-09T12:59:00.321+0000] {processor.py:183} INFO - Processing /opt/airflow/dags/setup_dag.py took 0.112 seconds
[2026-02-09T12:59:30.541+0000] {processor.py:161} INFO - Started process (PID=36179) to work on /opt/airflow/dags/setup_dag.py
[2026-02-09T12:59:30.543+0000] {processor.py:830} INFO - Processing file /opt/airflow/dags/setup_dag.py for tasks to queue
[2026-02-09T12:59:30.544+0000] {logging_mixin.py:188} INFO - [2026-02-09T12:59:30.544+0000] {dagbag.py:538} INFO - Filling up the DagBag from /opt/airflow/dags/setup_dag.py
[2026-02-09T12:59:30.553+0000] {processor.py:840} INFO - DAG(s) 'fork2_dag' retrieved from /opt/airflow/dags/setup_dag.py
[2026-02-09T12:59:30.571+0000] {logging_mixin.py:188} INFO - [2026-02-09T12:59:30.571+0000] {dag.py:3036} INFO - Sync 1 DAGs
[2026-02-09T12:59:30.612+0000] {logging_mixin.py:188} INFO - [2026-02-09T12:59:30.612+0000] {dag.py:3823} INFO - Setting next_dagrun for fork2_dag to 2026-02-09 12:59:20+00:00, run_after=2026-02-09 12:59:30+00:00
[2026-02-09T12:59:30.644+0000] {processor.py:183} INFO - Processing /opt/airflow/dags/setup_dag.py took 0.107 seconds
[2026-02-09T13:00:00.843+0000] {processor.py:161} INFO - Started process (PID=36254) to work on /opt/airflow/dags/setup_dag.py
[2026-02-09T13:00:00.844+0000] {processor.py:830} INFO - Processing file /opt/airflow/dags/setup_dag.py for tasks to queue
[2026-02-09T13:00:00.846+0000] {logging_mixin.py:188} INFO - [2026-02-09T13:00:00.845+0000] {dagbag.py:538} INFO - Filling up the DagBag from /opt/airflow/dags/setup_dag.py
[2026-02-09T13:00:00.857+0000] {processor.py:840} INFO - DAG(s) 'fork2_dag' retrieved from /opt/airflow/dags/setup_dag.py
[2026-02-09T13:00:01.029+0000] {logging_mixin.py:188} INFO - [2026-02-09T13:00:01.029+0000] {dag.py:3036} INFO - Sync 1 DAGs
[2026-02-09T13:00:01.061+0000] {logging_mixin.py:188} INFO - [2026-02-09T13:00:01.061+0000] {dag.py:3823} INFO - Setting next_dagrun for fork2_dag to 2026-02-09 12:59:50+00:00, run_after=2026-02-09 13:00:00+00:00
[2026-02-09T13:00:01.094+0000] {processor.py:183} INFO - Processing /opt/airflow/dags/setup_dag.py took 0.257 seconds
[2026-02-09T13:00:31.141+0000] {processor.py:161} INFO - Started process (PID=36336) to work on /opt/airflow/dags/setup_dag.py
[2026-02-09T13:00:31.143+0000] {processor.py:830} INFO - Processing file /opt/airflow/dags/setup_dag.py for tasks to queue
[2026-02-09T13:00:31.145+0000] {logging_mixin.py:188} INFO - [2026-02-09T13:00:31.144+0000] {dagbag.py:538} INFO - Filling up the DagBag from /opt/airflow/dags/setup_dag.py
[2026-02-09T13:00:31.157+0000] {processor.py:840} INFO - DAG(s) 'fork2_dag' retrieved from /opt/airflow/dags/setup_dag.py
[2026-02-09T13:00:31.195+0000] {logging_mixin.py:188} INFO - [2026-02-09T13:00:31.195+0000] {dag.py:3036} INFO - Sync 1 DAGs
[2026-02-09T13:00:31.240+0000] {logging_mixin.py:188} INFO - [2026-02-09T13:00:31.240+0000] {dag.py:3823} INFO - Setting next_dagrun for fork2_dag to 2026-02-09 13:00:20+00:00, run_after=2026-02-09 13:00:30+00:00
[2026-02-09T13:00:31.309+0000] {processor.py:183} INFO - Processing /opt/airflow/dags/setup_dag.py took 0.174 seconds
[2026-02-09T13:01:01.395+0000] {processor.py:161} INFO - Started process (PID=36411) to work on /opt/airflow/dags/setup_dag.py
[2026-02-09T13:01:01.397+0000] {processor.py:830} INFO - Processing file /opt/airflow/dags/setup_dag.py for tasks to queue
[2026-02-09T13:01:01.398+0000] {logging_mixin.py:188} INFO - [2026-02-09T13:01:01.398+0000] {dagbag.py:538} INFO - Filling up the DagBag from /opt/airflow/dags/setup_dag.py
[2026-02-09T13:01:01.410+0000] {processor.py:840} INFO - DAG(s) 'fork2_dag' retrieved from /opt/airflow/dags/setup_dag.py
[2026-02-09T13:01:01.431+0000] {logging_mixin.py:188} INFO - [2026-02-09T13:01:01.430+0000] {dag.py:3036} INFO - Sync 1 DAGs
[2026-02-09T13:01:01.477+0000] {logging_mixin.py:188} INFO - [2026-02-09T13:01:01.476+0000] {dag.py:3823} INFO - Setting next_dagrun for fork2_dag to 2026-02-09 13:00:50+00:00, run_after=2026-02-09 13:01:00+00:00
[2026-02-09T13:01:01.516+0000] {processor.py:183} INFO - Processing /opt/airflow/dags/setup_dag.py took 0.127 seconds
[2026-02-09T13:01:31.611+0000] {processor.py:161} INFO - Started process (PID=36484) to work on /opt/airflow/dags/setup_dag.py
[2026-02-09T13:01:31.613+0000] {processor.py:830} INFO - Processing file /opt/airflow/dags/setup_dag.py for tasks to queue
[2026-02-09T13:01:31.614+0000] {logging_mixin.py:188} INFO - [2026-02-09T13:01:31.613+0000] {dagbag.py:538} INFO - Filling up the DagBag from /opt/airflow/dags/setup_dag.py
[2026-02-09T13:01:31.623+0000] {processor.py:840} INFO - DAG(s) 'fork2_dag' retrieved from /opt/airflow/dags/setup_dag.py
[2026-02-09T13:01:31.779+0000] {logging_mixin.py:188} INFO - [2026-02-09T13:01:31.779+0000] {dag.py:3036} INFO - Sync 1 DAGs
[2026-02-09T13:01:31.810+0000] {logging_mixin.py:188} INFO - [2026-02-09T13:01:31.810+0000] {dag.py:3823} INFO - Setting next_dagrun for fork2_dag to 2026-02-09 13:01:20+00:00, run_after=2026-02-09 13:01:30+00:00
[2026-02-09T13:01:31.836+0000] {processor.py:183} INFO - Processing /opt/airflow/dags/setup_dag.py took 0.230 seconds
[2026-02-09T13:02:01.964+0000] {processor.py:161} INFO - Started process (PID=36559) to work on /opt/airflow/dags/setup_dag.py
[2026-02-09T13:02:01.965+0000] {processor.py:830} INFO - Processing file /opt/airflow/dags/setup_dag.py for tasks to queue
[2026-02-09T13:02:01.966+0000] {logging_mixin.py:188} INFO - [2026-02-09T13:02:01.966+0000] {dagbag.py:538} INFO - Filling up the DagBag from /opt/airflow/dags/setup_dag.py
[2026-02-09T13:02:01.975+0000] {processor.py:840} INFO - DAG(s) 'fork2_dag' retrieved from /opt/airflow/dags/setup_dag.py
[2026-02-09T13:02:02.005+0000] {logging_mixin.py:188} INFO - [2026-02-09T13:02:02.005+0000] {dag.py:3036} INFO - Sync 1 DAGs
[2026-02-09T13:02:02.037+0000] {logging_mixin.py:188} INFO - [2026-02-09T13:02:02.037+0000] {dag.py:3823} INFO - Setting next_dagrun for fork2_dag to 2026-02-09 13:01:50+00:00, run_after=2026-02-09 13:02:00+00:00
[2026-02-09T13:02:02.063+0000] {processor.py:183} INFO - Processing /opt/airflow/dags/setup_dag.py took 0.104 seconds
[2026-02-09T13:02:32.292+0000] {processor.py:161} INFO - Started process (PID=36633) to work on /opt/airflow/dags/setup_dag.py
[2026-02-09T13:02:32.294+0000] {processor.py:830} INFO - Processing file /opt/airflow/dags/setup_dag.py for tasks to queue
[2026-02-09T13:02:32.295+0000] {logging_mixin.py:188} INFO - [2026-02-09T13:02:32.295+0000] {dagbag.py:538} INFO - Filling up the DagBag from /opt/airflow/dags/setup_dag.py
[2026-02-09T13:02:32.304+0000] {processor.py:840} INFO - DAG(s) 'fork2_dag' retrieved from /opt/airflow/dags/setup_dag.py
[2026-02-09T13:02:32.322+0000] {logging_mixin.py:188} INFO - [2026-02-09T13:02:32.321+0000] {dag.py:3036} INFO - Sync 1 DAGs
[2026-02-09T13:02:32.357+0000] {logging_mixin.py:188} INFO - [2026-02-09T13:02:32.357+0000] {dag.py:3823} INFO - Setting next_dagrun for fork2_dag to 2026-02-09 13:02:20+00:00, run_after=2026-02-09 13:02:30+00:00
[2026-02-09T13:02:32.383+0000] {processor.py:183} INFO - Processing /opt/airflow/dags/setup_dag.py took 0.095 seconds
[2026-02-09T13:03:02.604+0000] {processor.py:161} INFO - Started process (PID=36705) to work on /opt/airflow/dags/setup_dag.py
[2026-02-09T13:03:02.606+0000] {processor.py:830} INFO - Processing file /opt/airflow/dags/setup_dag.py for tasks to queue
[2026-02-09T13:03:02.607+0000] {logging_mixin.py:188} INFO - [2026-02-09T13:03:02.607+0000] {dagbag.py:538} INFO - Filling up the DagBag from /opt/airflow/dags/setup_dag.py
[2026-02-09T13:03:02.617+0000] {processor.py:840} INFO - DAG(s) 'fork2_dag' retrieved from /opt/airflow/dags/setup_dag.py
[2026-02-09T13:03:02.788+0000] {logging_mixin.py:188} INFO - [2026-02-09T13:03:02.787+0000] {dag.py:3036} INFO - Sync 1 DAGs
[2026-02-09T13:03:03.009+0000] {logging_mixin.py:188} INFO - [2026-02-09T13:03:03.009+0000] {dag.py:3823} INFO - Setting next_dagrun for fork2_dag to 2026-02-09 13:02:50+00:00, run_after=2026-02-09 13:03:00+00:00
[2026-02-09T13:03:03.037+0000] {processor.py:183} INFO - Processing /opt/airflow/dags/setup_dag.py took 0.437 seconds
[2026-02-09T13:03:33.833+0000] {processor.py:161} INFO - Started process (PID=36779) to work on /opt/airflow/dags/setup_dag.py
[2026-02-09T13:03:33.835+0000] {processor.py:830} INFO - Processing file /opt/airflow/dags/setup_dag.py for tasks to queue
[2026-02-09T13:03:33.836+0000] {logging_mixin.py:188} INFO - [2026-02-09T13:03:33.836+0000] {dagbag.py:538} INFO - Filling up the DagBag from /opt/airflow/dags/setup_dag.py
[2026-02-09T13:03:33.845+0000] {processor.py:840} INFO - DAG(s) 'fork2_dag' retrieved from /opt/airflow/dags/setup_dag.py
[2026-02-09T13:03:33.875+0000] {logging_mixin.py:188} INFO - [2026-02-09T13:03:33.875+0000] {dag.py:3036} INFO - Sync 1 DAGs
[2026-02-09T13:03:33.912+0000] {logging_mixin.py:188} INFO - [2026-02-09T13:03:33.912+0000] {dag.py:3823} INFO - Setting next_dagrun for fork2_dag to 2026-02-09 13:03:20+00:00, run_after=2026-02-09 13:03:30+00:00
[2026-02-09T13:03:33.940+0000] {processor.py:183} INFO - Processing /opt/airflow/dags/setup_dag.py took 0.112 seconds
[2026-02-09T13:04:04.412+0000] {processor.py:161} INFO - Started process (PID=36853) to work on /opt/airflow/dags/setup_dag.py
[2026-02-09T13:04:04.413+0000] {processor.py:830} INFO - Processing file /opt/airflow/dags/setup_dag.py for tasks to queue
[2026-02-09T13:04:04.414+0000] {logging_mixin.py:188} INFO - [2026-02-09T13:04:04.414+0000] {dagbag.py:538} INFO - Filling up the DagBag from /opt/airflow/dags/setup_dag.py
[2026-02-09T13:04:04.423+0000] {processor.py:840} INFO - DAG(s) 'fork2_dag' retrieved from /opt/airflow/dags/setup_dag.py
[2026-02-09T13:04:04.444+0000] {logging_mixin.py:188} INFO - [2026-02-09T13:04:04.443+0000] {dag.py:3036} INFO - Sync 1 DAGs
[2026-02-09T13:04:04.487+0000] {logging_mixin.py:188} INFO - [2026-02-09T13:04:04.486+0000] {dag.py:3823} INFO - Setting next_dagrun for fork2_dag to 2026-02-09 13:03:50+00:00, run_after=2026-02-09 13:04:00+00:00
[2026-02-09T13:04:04.519+0000] {processor.py:183} INFO - Processing /opt/airflow/dags/setup_dag.py took 0.112 seconds
[2026-02-09T13:04:34.895+0000] {processor.py:161} INFO - Started process (PID=36934) to work on /opt/airflow/dags/setup_dag.py
[2026-02-09T13:04:34.897+0000] {processor.py:830} INFO - Processing file /opt/airflow/dags/setup_dag.py for tasks to queue
[2026-02-09T13:04:34.898+0000] {logging_mixin.py:188} INFO - [2026-02-09T13:04:34.898+0000] {dagbag.py:538} INFO - Filling up the DagBag from /opt/airflow/dags/setup_dag.py
[2026-02-09T13:04:34.907+0000] {processor.py:840} INFO - DAG(s) 'fork2_dag' retrieved from /opt/airflow/dags/setup_dag.py
[2026-02-09T13:04:35.069+0000] {logging_mixin.py:188} INFO - [2026-02-09T13:04:35.069+0000] {dag.py:3036} INFO - Sync 1 DAGs
[2026-02-09T13:04:35.277+0000] {logging_mixin.py:188} INFO - [2026-02-09T13:04:35.277+0000] {dag.py:3823} INFO - Setting next_dagrun for fork2_dag to 2026-02-09 13:04:20+00:00, run_after=2026-02-09 13:04:30+00:00
[2026-02-09T13:04:35.305+0000] {processor.py:183} INFO - Processing /opt/airflow/dags/setup_dag.py took 0.416 seconds
[2026-02-09T13:05:05.465+0000] {processor.py:161} INFO - Started process (PID=37010) to work on /opt/airflow/dags/setup_dag.py
[2026-02-09T13:05:05.467+0000] {processor.py:830} INFO - Processing file /opt/airflow/dags/setup_dag.py for tasks to queue
[2026-02-09T13:05:05.468+0000] {logging_mixin.py:188} INFO - [2026-02-09T13:05:05.467+0000] {dagbag.py:538} INFO - Filling up the DagBag from /opt/airflow/dags/setup_dag.py
[2026-02-09T13:05:05.478+0000] {processor.py:840} INFO - DAG(s) 'fork2_dag' retrieved from /opt/airflow/dags/setup_dag.py
[2026-02-09T13:05:05.513+0000] {logging_mixin.py:188} INFO - [2026-02-09T13:05:05.512+0000] {dag.py:3036} INFO - Sync 1 DAGs
[2026-02-09T13:05:05.551+0000] {logging_mixin.py:188} INFO - [2026-02-09T13:05:05.551+0000] {dag.py:3823} INFO - Setting next_dagrun for fork2_dag to 2026-02-09 13:04:50+00:00, run_after=2026-02-09 13:05:00+00:00
[2026-02-09T13:05:05.576+0000] {processor.py:183} INFO - Processing /opt/airflow/dags/setup_dag.py took 0.116 seconds
[2026-02-09T13:05:36.002+0000] {processor.py:161} INFO - Started process (PID=37082) to work on /opt/airflow/dags/setup_dag.py
[2026-02-09T13:05:36.005+0000] {processor.py:830} INFO - Processing file /opt/airflow/dags/setup_dag.py for tasks to queue
[2026-02-09T13:05:36.006+0000] {logging_mixin.py:188} INFO - [2026-02-09T13:05:36.006+0000] {dagbag.py:538} INFO - Filling up the DagBag from /opt/airflow/dags/setup_dag.py
[2026-02-09T13:05:36.016+0000] {processor.py:840} INFO - DAG(s) 'fork2_dag' retrieved from /opt/airflow/dags/setup_dag.py
[2026-02-09T13:05:36.035+0000] {logging_mixin.py:188} INFO - [2026-02-09T13:05:36.035+0000] {dag.py:3036} INFO - Sync 1 DAGs
[2026-02-09T13:05:36.081+0000] {logging_mixin.py:188} INFO - [2026-02-09T13:05:36.081+0000] {dag.py:3823} INFO - Setting next_dagrun for fork2_dag to 2026-02-09 13:05:20+00:00, run_after=2026-02-09 13:05:30+00:00
[2026-02-09T13:05:36.115+0000] {processor.py:183} INFO - Processing /opt/airflow/dags/setup_dag.py took 0.118 seconds
[2026-02-09T13:06:06.245+0000] {processor.py:161} INFO - Started process (PID=37155) to work on /opt/airflow/dags/setup_dag.py
[2026-02-09T13:06:06.246+0000] {processor.py:830} INFO - Processing file /opt/airflow/dags/setup_dag.py for tasks to queue
[2026-02-09T13:06:06.247+0000] {logging_mixin.py:188} INFO - [2026-02-09T13:06:06.247+0000] {dagbag.py:538} INFO - Filling up the DagBag from /opt/airflow/dags/setup_dag.py
[2026-02-09T13:06:06.257+0000] {processor.py:840} INFO - DAG(s) 'fork2_dag' retrieved from /opt/airflow/dags/setup_dag.py
[2026-02-09T13:06:06.590+0000] {logging_mixin.py:188} INFO - [2026-02-09T13:06:06.590+0000] {dag.py:3036} INFO - Sync 1 DAGs
[2026-02-09T13:06:06.620+0000] {logging_mixin.py:188} INFO - [2026-02-09T13:06:06.619+0000] {dag.py:3823} INFO - Setting next_dagrun for fork2_dag to 2026-02-09 13:05:50+00:00, run_after=2026-02-09 13:06:00+00:00
[2026-02-09T13:06:06.649+0000] {processor.py:183} INFO - Processing /opt/airflow/dags/setup_dag.py took 0.409 seconds
[2026-02-09T13:06:37.057+0000] {processor.py:161} INFO - Started process (PID=37230) to work on /opt/airflow/dags/setup_dag.py
[2026-02-09T13:06:37.059+0000] {processor.py:830} INFO - Processing file /opt/airflow/dags/setup_dag.py for tasks to queue
[2026-02-09T13:06:37.063+0000] {logging_mixin.py:188} INFO - [2026-02-09T13:06:37.061+0000] {dagbag.py:538} INFO - Filling up the DagBag from /opt/airflow/dags/setup_dag.py
[2026-02-09T13:06:37.075+0000] {processor.py:840} INFO - DAG(s) 'fork2_dag' retrieved from /opt/airflow/dags/setup_dag.py
[2026-02-09T13:06:37.117+0000] {logging_mixin.py:188} INFO - [2026-02-09T13:06:37.117+0000] {dag.py:3036} INFO - Sync 1 DAGs
[2026-02-09T13:06:37.153+0000] {logging_mixin.py:188} INFO - [2026-02-09T13:06:37.152+0000] {dag.py:3823} INFO - Setting next_dagrun for fork2_dag to 2026-02-09 13:06:20+00:00, run_after=2026-02-09 13:06:30+00:00
[2026-02-09T13:06:37.183+0000] {processor.py:183} INFO - Processing /opt/airflow/dags/setup_dag.py took 0.131 seconds
[2026-02-09T13:07:07.560+0000] {processor.py:161} INFO - Started process (PID=37304) to work on /opt/airflow/dags/setup_dag.py
[2026-02-09T13:07:07.562+0000] {processor.py:830} INFO - Processing file /opt/airflow/dags/setup_dag.py for tasks to queue
[2026-02-09T13:07:07.563+0000] {logging_mixin.py:188} INFO - [2026-02-09T13:07:07.562+0000] {dagbag.py:538} INFO - Filling up the DagBag from /opt/airflow/dags/setup_dag.py
[2026-02-09T13:07:07.572+0000] {processor.py:840} INFO - DAG(s) 'fork2_dag' retrieved from /opt/airflow/dags/setup_dag.py
[2026-02-09T13:07:07.590+0000] {logging_mixin.py:188} INFO - [2026-02-09T13:07:07.590+0000] {dag.py:3036} INFO - Sync 1 DAGs
[2026-02-09T13:07:07.632+0000] {logging_mixin.py:188} INFO - [2026-02-09T13:07:07.631+0000] {dag.py:3823} INFO - Setting next_dagrun for fork2_dag to 2026-02-09 13:06:50+00:00, run_after=2026-02-09 13:07:00+00:00
[2026-02-09T13:07:07.662+0000] {processor.py:183} INFO - Processing /opt/airflow/dags/setup_dag.py took 0.107 seconds
[2026-02-09T13:07:37.818+0000] {processor.py:161} INFO - Started process (PID=37384) to work on /opt/airflow/dags/setup_dag.py
[2026-02-09T13:07:37.820+0000] {processor.py:830} INFO - Processing file /opt/airflow/dags/setup_dag.py for tasks to queue
[2026-02-09T13:07:37.821+0000] {logging_mixin.py:188} INFO - [2026-02-09T13:07:37.820+0000] {dagbag.py:538} INFO - Filling up the DagBag from /opt/airflow/dags/setup_dag.py
[2026-02-09T13:07:37.830+0000] {processor.py:840} INFO - DAG(s) 'fork2_dag' retrieved from /opt/airflow/dags/setup_dag.py
[2026-02-09T13:07:38.166+0000] {logging_mixin.py:188} INFO - [2026-02-09T13:07:38.166+0000] {dag.py:3036} INFO - Sync 1 DAGs
[2026-02-09T13:07:38.195+0000] {logging_mixin.py:188} INFO - [2026-02-09T13:07:38.195+0000] {dag.py:3823} INFO - Setting next_dagrun for fork2_dag to 2026-02-09 13:07:20+00:00, run_after=2026-02-09 13:07:30+00:00
[2026-02-09T13:07:38.223+0000] {processor.py:183} INFO - Processing /opt/airflow/dags/setup_dag.py took 0.411 seconds
[2026-02-09T13:08:08.578+0000] {processor.py:161} INFO - Started process (PID=37458) to work on /opt/airflow/dags/setup_dag.py
[2026-02-09T13:08:08.580+0000] {processor.py:830} INFO - Processing file /opt/airflow/dags/setup_dag.py for tasks to queue
[2026-02-09T13:08:08.582+0000] {logging_mixin.py:188} INFO - [2026-02-09T13:08:08.581+0000] {dagbag.py:538} INFO - Filling up the DagBag from /opt/airflow/dags/setup_dag.py
[2026-02-09T13:08:08.592+0000] {processor.py:840} INFO - DAG(s) 'fork2_dag' retrieved from /opt/airflow/dags/setup_dag.py
[2026-02-09T13:08:08.628+0000] {logging_mixin.py:188} INFO - [2026-02-09T13:08:08.627+0000] {dag.py:3036} INFO - Sync 1 DAGs
[2026-02-09T13:08:08.663+0000] {logging_mixin.py:188} INFO - [2026-02-09T13:08:08.663+0000] {dag.py:3823} INFO - Setting next_dagrun for fork2_dag to 2026-02-09 13:07:50+00:00, run_after=2026-02-09 13:08:00+00:00
[2026-02-09T13:08:08.692+0000] {processor.py:183} INFO - Processing /opt/airflow/dags/setup_dag.py took 0.119 seconds
[2026-02-09T13:08:39.358+0000] {processor.py:161} INFO - Started process (PID=37532) to work on /opt/airflow/dags/setup_dag.py
[2026-02-09T13:08:39.360+0000] {processor.py:830} INFO - Processing file /opt/airflow/dags/setup_dag.py for tasks to queue
[2026-02-09T13:08:39.361+0000] {logging_mixin.py:188} INFO - [2026-02-09T13:08:39.361+0000] {dagbag.py:538} INFO - Filling up the DagBag from /opt/airflow/dags/setup_dag.py
[2026-02-09T13:08:39.370+0000] {processor.py:840} INFO - DAG(s) 'fork2_dag' retrieved from /opt/airflow/dags/setup_dag.py
[2026-02-09T13:08:39.387+0000] {logging_mixin.py:188} INFO - [2026-02-09T13:08:39.387+0000] {dag.py:3036} INFO - Sync 1 DAGs
[2026-02-09T13:08:39.423+0000] {logging_mixin.py:188} INFO - [2026-02-09T13:08:39.422+0000] {dag.py:3823} INFO - Setting next_dagrun for fork2_dag to 2026-02-09 13:08:20+00:00, run_after=2026-02-09 13:08:30+00:00
[2026-02-09T13:08:39.448+0000] {processor.py:183} INFO - Processing /opt/airflow/dags/setup_dag.py took 0.094 seconds
[2026-02-09T13:09:09.775+0000] {processor.py:161} INFO - Started process (PID=37607) to work on /opt/airflow/dags/setup_dag.py
[2026-02-09T13:09:09.776+0000] {processor.py:830} INFO - Processing file /opt/airflow/dags/setup_dag.py for tasks to queue
[2026-02-09T13:09:09.778+0000] {logging_mixin.py:188} INFO - [2026-02-09T13:09:09.777+0000] {dagbag.py:538} INFO - Filling up the DagBag from /opt/airflow/dags/setup_dag.py
[2026-02-09T13:09:09.787+0000] {processor.py:840} INFO - DAG(s) 'fork2_dag' retrieved from /opt/airflow/dags/setup_dag.py
[2026-02-09T13:09:10.146+0000] {logging_mixin.py:188} INFO - [2026-02-09T13:09:10.146+0000] {dag.py:3036} INFO - Sync 1 DAGs
[2026-02-09T13:09:10.176+0000] {logging_mixin.py:188} INFO - [2026-02-09T13:09:10.175+0000] {dag.py:3823} INFO - Setting next_dagrun for fork2_dag to 2026-02-09 13:09:00+00:00, run_after=2026-02-09 13:09:10+00:00
[2026-02-09T13:09:10.206+0000] {processor.py:183} INFO - Processing /opt/airflow/dags/setup_dag.py took 0.436 seconds
[2026-02-09T13:09:40.295+0000] {processor.py:161} INFO - Started process (PID=37681) to work on /opt/airflow/dags/setup_dag.py
[2026-02-09T13:09:40.296+0000] {processor.py:830} INFO - Processing file /opt/airflow/dags/setup_dag.py for tasks to queue
[2026-02-09T13:09:40.297+0000] {logging_mixin.py:188} INFO - [2026-02-09T13:09:40.297+0000] {dagbag.py:538} INFO - Filling up the DagBag from /opt/airflow/dags/setup_dag.py
[2026-02-09T13:09:40.306+0000] {processor.py:840} INFO - DAG(s) 'fork2_dag' retrieved from /opt/airflow/dags/setup_dag.py
[2026-02-09T13:09:40.336+0000] {logging_mixin.py:188} INFO - [2026-02-09T13:09:40.336+0000] {dag.py:3036} INFO - Sync 1 DAGs
[2026-02-09T13:09:40.545+0000] {logging_mixin.py:188} INFO - [2026-02-09T13:09:40.545+0000] {dag.py:3823} INFO - Setting next_dagrun for fork2_dag to 2026-02-09 13:09:30+00:00, run_after=2026-02-09 13:09:40+00:00
[2026-02-09T13:09:40.581+0000] {processor.py:183} INFO - Processing /opt/airflow/dags/setup_dag.py took 0.291 seconds
[2026-02-09T13:10:10.941+0000] {processor.py:161} INFO - Started process (PID=37755) to work on /opt/airflow/dags/setup_dag.py
[2026-02-09T13:10:10.942+0000] {processor.py:830} INFO - Processing file /opt/airflow/dags/setup_dag.py for tasks to queue
[2026-02-09T13:10:10.943+0000] {logging_mixin.py:188} INFO - [2026-02-09T13:10:10.943+0000] {dagbag.py:538} INFO - Filling up the DagBag from /opt/airflow/dags/setup_dag.py
[2026-02-09T13:10:10.952+0000] {processor.py:840} INFO - DAG(s) 'fork2_dag' retrieved from /opt/airflow/dags/setup_dag.py
[2026-02-09T13:10:10.972+0000] {logging_mixin.py:188} INFO - [2026-02-09T13:10:10.972+0000] {dag.py:3036} INFO - Sync 1 DAGs
[2026-02-09T13:10:11.015+0000] {logging_mixin.py:188} INFO - [2026-02-09T13:10:11.015+0000] {dag.py:3823} INFO - Setting next_dagrun for fork2_dag to 2026-02-09 13:10:00+00:00, run_after=2026-02-09 13:10:10+00:00
[2026-02-09T13:10:11.047+0000] {processor.py:183} INFO - Processing /opt/airflow/dags/setup_dag.py took 0.111 seconds
[2026-02-09T13:10:41.791+0000] {processor.py:161} INFO - Started process (PID=37829) to work on /opt/airflow/dags/setup_dag.py
[2026-02-09T13:10:41.793+0000] {processor.py:830} INFO - Processing file /opt/airflow/dags/setup_dag.py for tasks to queue
[2026-02-09T13:10:41.795+0000] {logging_mixin.py:188} INFO - [2026-02-09T13:10:41.794+0000] {dagbag.py:538} INFO - Filling up the DagBag from /opt/airflow/dags/setup_dag.py
[2026-02-09T13:10:41.807+0000] {processor.py:840} INFO - DAG(s) 'fork2_dag' retrieved from /opt/airflow/dags/setup_dag.py
[2026-02-09T13:10:41.973+0000] {logging_mixin.py:188} INFO - [2026-02-09T13:10:41.972+0000] {dag.py:3036} INFO - Sync 1 DAGs
[2026-02-09T13:10:42.012+0000] {logging_mixin.py:188} INFO - [2026-02-09T13:10:42.011+0000] {dag.py:3823} INFO - Setting next_dagrun for fork2_dag to 2026-02-09 13:10:30+00:00, run_after=2026-02-09 13:10:40+00:00
[2026-02-09T13:10:42.042+0000] {processor.py:183} INFO - Processing /opt/airflow/dags/setup_dag.py took 0.256 seconds
[2026-02-09T13:11:12.081+0000] {processor.py:161} INFO - Started process (PID=37904) to work on /opt/airflow/dags/setup_dag.py
[2026-02-09T13:11:12.083+0000] {processor.py:830} INFO - Processing file /opt/airflow/dags/setup_dag.py for tasks to queue
[2026-02-09T13:11:12.084+0000] {logging_mixin.py:188} INFO - [2026-02-09T13:11:12.084+0000] {dagbag.py:538} INFO - Filling up the DagBag from /opt/airflow/dags/setup_dag.py
[2026-02-09T13:11:12.095+0000] {processor.py:840} INFO - DAG(s) 'fork2_dag' retrieved from /opt/airflow/dags/setup_dag.py
[2026-02-09T13:11:12.128+0000] {logging_mixin.py:188} INFO - [2026-02-09T13:11:12.127+0000] {dag.py:3036} INFO - Sync 1 DAGs
[2026-02-09T13:11:12.166+0000] {logging_mixin.py:188} INFO - [2026-02-09T13:11:12.165+0000] {dag.py:3823} INFO - Setting next_dagrun for fork2_dag to 2026-02-09 13:11:00+00:00, run_after=2026-02-09 13:11:10+00:00
[2026-02-09T13:11:12.195+0000] {processor.py:183} INFO - Processing /opt/airflow/dags/setup_dag.py took 0.118 seconds
[2026-02-09T13:11:42.950+0000] {processor.py:161} INFO - Started process (PID=37985) to work on /opt/airflow/dags/setup_dag.py
[2026-02-09T13:11:42.952+0000] {processor.py:830} INFO - Processing file /opt/airflow/dags/setup_dag.py for tasks to queue
[2026-02-09T13:11:42.953+0000] {logging_mixin.py:188} INFO - [2026-02-09T13:11:42.953+0000] {dagbag.py:538} INFO - Filling up the DagBag from /opt/airflow/dags/setup_dag.py
[2026-02-09T13:11:42.964+0000] {processor.py:840} INFO - DAG(s) 'fork2_dag' retrieved from /opt/airflow/dags/setup_dag.py
[2026-02-09T13:11:42.985+0000] {logging_mixin.py:188} INFO - [2026-02-09T13:11:42.984+0000] {dag.py:3036} INFO - Sync 1 DAGs
[2026-02-09T13:11:43.030+0000] {logging_mixin.py:188} INFO - [2026-02-09T13:11:43.029+0000] {dag.py:3823} INFO - Setting next_dagrun for fork2_dag to 2026-02-09 13:11:30+00:00, run_after=2026-02-09 13:11:40+00:00
[2026-02-09T13:11:43.064+0000] {processor.py:183} INFO - Processing /opt/airflow/dags/setup_dag.py took 0.120 seconds
[2026-02-09T13:12:13.302+0000] {processor.py:161} INFO - Started process (PID=38060) to work on /opt/airflow/dags/setup_dag.py
[2026-02-09T13:12:13.303+0000] {processor.py:830} INFO - Processing file /opt/airflow/dags/setup_dag.py for tasks to queue
[2026-02-09T13:12:13.304+0000] {logging_mixin.py:188} INFO - [2026-02-09T13:12:13.304+0000] {dagbag.py:538} INFO - Filling up the DagBag from /opt/airflow/dags/setup_dag.py
[2026-02-09T13:12:13.315+0000] {processor.py:840} INFO - DAG(s) 'fork2_dag' retrieved from /opt/airflow/dags/setup_dag.py
[2026-02-09T13:12:13.489+0000] {logging_mixin.py:188} INFO - [2026-02-09T13:12:13.489+0000] {dag.py:3036} INFO - Sync 1 DAGs
[2026-02-09T13:12:13.532+0000] {logging_mixin.py:188} INFO - [2026-02-09T13:12:13.532+0000] {dag.py:3823} INFO - Setting next_dagrun for fork2_dag to 2026-02-09 13:12:00+00:00, run_after=2026-02-09 13:12:10+00:00
[2026-02-09T13:12:13.571+0000] {processor.py:183} INFO - Processing /opt/airflow/dags/setup_dag.py took 0.274 seconds
[2026-02-09T13:12:43.673+0000] {processor.py:161} INFO - Started process (PID=38134) to work on /opt/airflow/dags/setup_dag.py
[2026-02-09T13:12:43.675+0000] {processor.py:830} INFO - Processing file /opt/airflow/dags/setup_dag.py for tasks to queue
[2026-02-09T13:12:43.676+0000] {logging_mixin.py:188} INFO - [2026-02-09T13:12:43.676+0000] {dagbag.py:538} INFO - Filling up the DagBag from /opt/airflow/dags/setup_dag.py
[2026-02-09T13:12:43.687+0000] {processor.py:840} INFO - DAG(s) 'fork2_dag' retrieved from /opt/airflow/dags/setup_dag.py
[2026-02-09T13:12:43.732+0000] {logging_mixin.py:188} INFO - [2026-02-09T13:12:43.730+0000] {dag.py:3036} INFO - Sync 1 DAGs
[2026-02-09T13:12:43.785+0000] {logging_mixin.py:188} INFO - [2026-02-09T13:12:43.784+0000] {dag.py:3823} INFO - Setting next_dagrun for fork2_dag to 2026-02-09 13:12:30+00:00, run_after=2026-02-09 13:12:40+00:00
[2026-02-09T13:12:43.819+0000] {processor.py:183} INFO - Processing /opt/airflow/dags/setup_dag.py took 0.151 seconds
[2026-02-09T13:13:13.885+0000] {processor.py:161} INFO - Started process (PID=38208) to work on /opt/airflow/dags/setup_dag.py
[2026-02-09T13:13:13.886+0000] {processor.py:830} INFO - Processing file /opt/airflow/dags/setup_dag.py for tasks to queue
[2026-02-09T13:13:13.887+0000] {logging_mixin.py:188} INFO - [2026-02-09T13:13:13.887+0000] {dagbag.py:538} INFO - Filling up the DagBag from /opt/airflow/dags/setup_dag.py
[2026-02-09T13:13:13.899+0000] {processor.py:840} INFO - DAG(s) 'fork2_dag' retrieved from /opt/airflow/dags/setup_dag.py
[2026-02-09T13:13:13.917+0000] {logging_mixin.py:188} INFO - [2026-02-09T13:13:13.917+0000] {dag.py:3036} INFO - Sync 1 DAGs
[2026-02-09T13:13:13.956+0000] {logging_mixin.py:188} INFO - [2026-02-09T13:13:13.956+0000] {dag.py:3823} INFO - Setting next_dagrun for fork2_dag to 2026-02-09 13:13:00+00:00, run_after=2026-02-09 13:13:10+00:00
[2026-02-09T13:13:13.987+0000] {processor.py:183} INFO - Processing /opt/airflow/dags/setup_dag.py took 0.108 seconds
[2026-02-09T13:13:44.383+0000] {processor.py:161} INFO - Started process (PID=38282) to work on /opt/airflow/dags/setup_dag.py
[2026-02-09T13:13:44.385+0000] {processor.py:830} INFO - Processing file /opt/airflow/dags/setup_dag.py for tasks to queue
[2026-02-09T13:13:44.386+0000] {logging_mixin.py:188} INFO - [2026-02-09T13:13:44.386+0000] {dagbag.py:538} INFO - Filling up the DagBag from /opt/airflow/dags/setup_dag.py
[2026-02-09T13:13:44.397+0000] {processor.py:840} INFO - DAG(s) 'fork2_dag' retrieved from /opt/airflow/dags/setup_dag.py
[2026-02-09T13:13:44.590+0000] {logging_mixin.py:188} INFO - [2026-02-09T13:13:44.590+0000] {dag.py:3036} INFO - Sync 1 DAGs
[2026-02-09T13:13:44.622+0000] {logging_mixin.py:188} INFO - [2026-02-09T13:13:44.622+0000] {dag.py:3823} INFO - Setting next_dagrun for fork2_dag to 2026-02-09 13:13:30+00:00, run_after=2026-02-09 13:13:40+00:00
[2026-02-09T13:13:44.648+0000] {processor.py:183} INFO - Processing /opt/airflow/dags/setup_dag.py took 0.270 seconds
[2026-02-09T13:14:14.928+0000] {processor.py:161} INFO - Started process (PID=38357) to work on /opt/airflow/dags/setup_dag.py
[2026-02-09T13:14:14.929+0000] {processor.py:830} INFO - Processing file /opt/airflow/dags/setup_dag.py for tasks to queue
[2026-02-09T13:14:14.930+0000] {logging_mixin.py:188} INFO - [2026-02-09T13:14:14.930+0000] {dagbag.py:538} INFO - Filling up the DagBag from /opt/airflow/dags/setup_dag.py
[2026-02-09T13:14:14.941+0000] {processor.py:840} INFO - DAG(s) 'fork2_dag' retrieved from /opt/airflow/dags/setup_dag.py
[2026-02-09T13:14:14.972+0000] {logging_mixin.py:188} INFO - [2026-02-09T13:14:14.972+0000] {dag.py:3036} INFO - Sync 1 DAGs
[2026-02-09T13:14:15.014+0000] {logging_mixin.py:188} INFO - [2026-02-09T13:14:15.013+0000] {dag.py:3823} INFO - Setting next_dagrun for fork2_dag to 2026-02-09 13:14:00+00:00, run_after=2026-02-09 13:14:10+00:00
[2026-02-09T13:14:15.046+0000] {processor.py:183} INFO - Processing /opt/airflow/dags/setup_dag.py took 0.123 seconds
[2026-02-09T13:14:45.440+0000] {processor.py:161} INFO - Started process (PID=38430) to work on /opt/airflow/dags/setup_dag.py
[2026-02-09T13:14:45.442+0000] {processor.py:830} INFO - Processing file /opt/airflow/dags/setup_dag.py for tasks to queue
[2026-02-09T13:14:45.443+0000] {logging_mixin.py:188} INFO - [2026-02-09T13:14:45.443+0000] {dagbag.py:538} INFO - Filling up the DagBag from /opt/airflow/dags/setup_dag.py
[2026-02-09T13:14:45.452+0000] {processor.py:840} INFO - DAG(s) 'fork2_dag' retrieved from /opt/airflow/dags/setup_dag.py
[2026-02-09T13:14:45.470+0000] {logging_mixin.py:188} INFO - [2026-02-09T13:14:45.469+0000] {dag.py:3036} INFO - Sync 1 DAGs
[2026-02-09T13:14:45.505+0000] {logging_mixin.py:188} INFO - [2026-02-09T13:14:45.505+0000] {dag.py:3823} INFO - Setting next_dagrun for fork2_dag to 2026-02-09 13:14:30+00:00, run_after=2026-02-09 13:14:40+00:00
[2026-02-09T13:14:45.534+0000] {processor.py:183} INFO - Processing /opt/airflow/dags/setup_dag.py took 0.099 seconds
[2026-02-09T13:15:15.793+0000] {processor.py:161} INFO - Started process (PID=38505) to work on /opt/airflow/dags/setup_dag.py
[2026-02-09T13:15:15.794+0000] {processor.py:830} INFO - Processing file /opt/airflow/dags/setup_dag.py for tasks to queue
[2026-02-09T13:15:15.795+0000] {logging_mixin.py:188} INFO - [2026-02-09T13:15:15.795+0000] {dagbag.py:538} INFO - Filling up the DagBag from /opt/airflow/dags/setup_dag.py
[2026-02-09T13:15:15.804+0000] {processor.py:840} INFO - DAG(s) 'fork2_dag' retrieved from /opt/airflow/dags/setup_dag.py
[2026-02-09T13:15:16.019+0000] {logging_mixin.py:188} INFO - [2026-02-09T13:15:16.019+0000] {dag.py:3036} INFO - Sync 1 DAGs
[2026-02-09T13:15:16.053+0000] {logging_mixin.py:188} INFO - [2026-02-09T13:15:16.052+0000] {dag.py:3823} INFO - Setting next_dagrun for fork2_dag to 2026-02-09 13:15:00+00:00, run_after=2026-02-09 13:15:10+00:00
[2026-02-09T13:15:16.084+0000] {processor.py:183} INFO - Processing /opt/airflow/dags/setup_dag.py took 0.296 seconds
[2026-02-09T13:15:46.148+0000] {processor.py:161} INFO - Started process (PID=38589) to work on /opt/airflow/dags/setup_dag.py
[2026-02-09T13:15:46.150+0000] {processor.py:830} INFO - Processing file /opt/airflow/dags/setup_dag.py for tasks to queue
[2026-02-09T13:15:46.151+0000] {logging_mixin.py:188} INFO - [2026-02-09T13:15:46.150+0000] {dagbag.py:538} INFO - Filling up the DagBag from /opt/airflow/dags/setup_dag.py
[2026-02-09T13:15:46.160+0000] {processor.py:840} INFO - DAG(s) 'fork2_dag' retrieved from /opt/airflow/dags/setup_dag.py
[2026-02-09T13:15:46.202+0000] {logging_mixin.py:188} INFO - [2026-02-09T13:15:46.202+0000] {dag.py:3036} INFO - Sync 1 DAGs
[2026-02-09T13:15:46.257+0000] {logging_mixin.py:188} INFO - [2026-02-09T13:15:46.257+0000] {dag.py:3823} INFO - Setting next_dagrun for fork2_dag to 2026-02-09 13:15:30+00:00, run_after=2026-02-09 13:15:40+00:00
[2026-02-09T13:15:46.289+0000] {processor.py:183} INFO - Processing /opt/airflow/dags/setup_dag.py took 0.146 seconds
[2026-02-09T13:16:16.721+0000] {processor.py:161} INFO - Started process (PID=38662) to work on /opt/airflow/dags/setup_dag.py
[2026-02-09T13:16:16.723+0000] {processor.py:830} INFO - Processing file /opt/airflow/dags/setup_dag.py for tasks to queue
[2026-02-09T13:16:16.724+0000] {logging_mixin.py:188} INFO - [2026-02-09T13:16:16.724+0000] {dagbag.py:538} INFO - Filling up the DagBag from /opt/airflow/dags/setup_dag.py
[2026-02-09T13:16:16.735+0000] {processor.py:840} INFO - DAG(s) 'fork2_dag' retrieved from /opt/airflow/dags/setup_dag.py
[2026-02-09T13:16:16.752+0000] {logging_mixin.py:188} INFO - [2026-02-09T13:16:16.752+0000] {dag.py:3036} INFO - Sync 1 DAGs
[2026-02-09T13:16:16.796+0000] {logging_mixin.py:188} INFO - [2026-02-09T13:16:16.796+0000] {dag.py:3823} INFO - Setting next_dagrun for fork2_dag to 2026-02-09 13:16:00+00:00, run_after=2026-02-09 13:16:10+00:00
[2026-02-09T13:16:16.830+0000] {processor.py:183} INFO - Processing /opt/airflow/dags/setup_dag.py took 0.115 seconds
[2026-02-09T13:16:47.421+0000] {processor.py:161} INFO - Started process (PID=38737) to work on /opt/airflow/dags/setup_dag.py
[2026-02-09T13:16:47.423+0000] {processor.py:830} INFO - Processing file /opt/airflow/dags/setup_dag.py for tasks to queue
[2026-02-09T13:16:47.425+0000] {logging_mixin.py:188} INFO - [2026-02-09T13:16:47.424+0000] {dagbag.py:538} INFO - Filling up the DagBag from /opt/airflow/dags/setup_dag.py
[2026-02-09T13:16:47.435+0000] {processor.py:840} INFO - DAG(s) 'fork2_dag' retrieved from /opt/airflow/dags/setup_dag.py
[2026-02-09T13:16:47.597+0000] {logging_mixin.py:188} INFO - [2026-02-09T13:16:47.596+0000] {dag.py:3036} INFO - Sync 1 DAGs
[2026-02-09T13:16:47.630+0000] {logging_mixin.py:188} INFO - [2026-02-09T13:16:47.630+0000] {dag.py:3823} INFO - Setting next_dagrun for fork2_dag to 2026-02-09 13:16:30+00:00, run_after=2026-02-09 13:16:40+00:00
[2026-02-09T13:16:47.660+0000] {processor.py:183} INFO - Processing /opt/airflow/dags/setup_dag.py took 0.244 seconds
[2026-02-09T13:17:18.123+0000] {processor.py:161} INFO - Started process (PID=38811) to work on /opt/airflow/dags/setup_dag.py
[2026-02-09T13:17:18.124+0000] {processor.py:830} INFO - Processing file /opt/airflow/dags/setup_dag.py for tasks to queue
[2026-02-09T13:17:18.126+0000] {logging_mixin.py:188} INFO - [2026-02-09T13:17:18.125+0000] {dagbag.py:538} INFO - Filling up the DagBag from /opt/airflow/dags/setup_dag.py
[2026-02-09T13:17:18.136+0000] {processor.py:840} INFO - DAG(s) 'fork2_dag' retrieved from /opt/airflow/dags/setup_dag.py
[2026-02-09T13:17:18.172+0000] {logging_mixin.py:188} INFO - [2026-02-09T13:17:18.171+0000] {dag.py:3036} INFO - Sync 1 DAGs
[2026-02-09T13:17:18.214+0000] {logging_mixin.py:188} INFO - [2026-02-09T13:17:18.213+0000] {dag.py:3823} INFO - Setting next_dagrun for fork2_dag to 2026-02-09 13:17:00+00:00, run_after=2026-02-09 13:17:10+00:00
[2026-02-09T13:17:18.244+0000] {processor.py:183} INFO - Processing /opt/airflow/dags/setup_dag.py took 0.127 seconds
[2026-02-09T13:17:48.549+0000] {processor.py:161} INFO - Started process (PID=38885) to work on /opt/airflow/dags/setup_dag.py
[2026-02-09T13:17:48.551+0000] {processor.py:830} INFO - Processing file /opt/airflow/dags/setup_dag.py for tasks to queue
[2026-02-09T13:17:48.552+0000] {logging_mixin.py:188} INFO - [2026-02-09T13:17:48.552+0000] {dagbag.py:538} INFO - Filling up the DagBag from /opt/airflow/dags/setup_dag.py
[2026-02-09T13:17:48.563+0000] {processor.py:840} INFO - DAG(s) 'fork2_dag' retrieved from /opt/airflow/dags/setup_dag.py
[2026-02-09T13:17:48.592+0000] {logging_mixin.py:188} INFO - [2026-02-09T13:17:48.592+0000] {dag.py:3036} INFO - Sync 1 DAGs
[2026-02-09T13:17:48.633+0000] {logging_mixin.py:188} INFO - [2026-02-09T13:17:48.633+0000] {dag.py:3823} INFO - Setting next_dagrun for fork2_dag to 2026-02-09 13:17:30+00:00, run_after=2026-02-09 13:17:40+00:00
[2026-02-09T13:17:48.663+0000] {processor.py:183} INFO - Processing /opt/airflow/dags/setup_dag.py took 0.119 seconds
[2026-02-09T13:18:19.111+0000] {processor.py:161} INFO - Started process (PID=38959) to work on /opt/airflow/dags/setup_dag.py
[2026-02-09T13:18:19.112+0000] {processor.py:830} INFO - Processing file /opt/airflow/dags/setup_dag.py for tasks to queue
[2026-02-09T13:18:19.113+0000] {logging_mixin.py:188} INFO - [2026-02-09T13:18:19.112+0000] {dagbag.py:538} INFO - Filling up the DagBag from /opt/airflow/dags/setup_dag.py
[2026-02-09T13:18:19.122+0000] {processor.py:840} INFO - DAG(s) 'fork2_dag' retrieved from /opt/airflow/dags/setup_dag.py
[2026-02-09T13:18:19.297+0000] {logging_mixin.py:188} INFO - [2026-02-09T13:18:19.297+0000] {dag.py:3036} INFO - Sync 1 DAGs
[2026-02-09T13:18:19.332+0000] {logging_mixin.py:188} INFO - [2026-02-09T13:18:19.332+0000] {dag.py:3823} INFO - Setting next_dagrun for fork2_dag to 2026-02-09 13:18:00+00:00, run_after=2026-02-09 13:18:10+00:00
[2026-02-09T13:18:19.363+0000] {processor.py:183} INFO - Processing /opt/airflow/dags/setup_dag.py took 0.257 seconds
[2026-02-09T13:18:49.677+0000] {processor.py:161} INFO - Started process (PID=39041) to work on /opt/airflow/dags/setup_dag.py
[2026-02-09T13:18:49.679+0000] {processor.py:830} INFO - Processing file /opt/airflow/dags/setup_dag.py for tasks to queue
[2026-02-09T13:18:49.681+0000] {logging_mixin.py:188} INFO - [2026-02-09T13:18:49.680+0000] {dagbag.py:538} INFO - Filling up the DagBag from /opt/airflow/dags/setup_dag.py
[2026-02-09T13:18:49.693+0000] {processor.py:840} INFO - DAG(s) 'fork2_dag' retrieved from /opt/airflow/dags/setup_dag.py
[2026-02-09T13:18:49.731+0000] {logging_mixin.py:188} INFO - [2026-02-09T13:18:49.730+0000] {dag.py:3036} INFO - Sync 1 DAGs
[2026-02-09T13:18:49.775+0000] {logging_mixin.py:188} INFO - [2026-02-09T13:18:49.775+0000] {dag.py:3823} INFO - Setting next_dagrun for fork2_dag to 2026-02-09 13:18:30+00:00, run_after=2026-02-09 13:18:40+00:00
[2026-02-09T13:18:49.807+0000] {processor.py:183} INFO - Processing /opt/airflow/dags/setup_dag.py took 0.137 seconds
[2026-02-09T13:19:20.279+0000] {processor.py:161} INFO - Started process (PID=39115) to work on /opt/airflow/dags/setup_dag.py
[2026-02-09T13:19:20.280+0000] {processor.py:830} INFO - Processing file /opt/airflow/dags/setup_dag.py for tasks to queue
[2026-02-09T13:19:20.281+0000] {logging_mixin.py:188} INFO - [2026-02-09T13:19:20.281+0000] {dagbag.py:538} INFO - Filling up the DagBag from /opt/airflow/dags/setup_dag.py
[2026-02-09T13:19:20.292+0000] {processor.py:840} INFO - DAG(s) 'fork2_dag' retrieved from /opt/airflow/dags/setup_dag.py
[2026-02-09T13:19:20.313+0000] {logging_mixin.py:188} INFO - [2026-02-09T13:19:20.312+0000] {dag.py:3036} INFO - Sync 1 DAGs
[2026-02-09T13:19:20.358+0000] {logging_mixin.py:188} INFO - [2026-02-09T13:19:20.358+0000] {dag.py:3823} INFO - Setting next_dagrun for fork2_dag to 2026-02-09 13:19:10+00:00, run_after=2026-02-09 13:19:20+00:00
[2026-02-09T13:19:20.392+0000] {processor.py:183} INFO - Processing /opt/airflow/dags/setup_dag.py took 0.118 seconds
[2026-02-09T13:19:50.803+0000] {processor.py:161} INFO - Started process (PID=39189) to work on /opt/airflow/dags/setup_dag.py
[2026-02-09T13:19:50.805+0000] {processor.py:830} INFO - Processing file /opt/airflow/dags/setup_dag.py for tasks to queue
[2026-02-09T13:19:50.806+0000] {logging_mixin.py:188} INFO - [2026-02-09T13:19:50.806+0000] {dagbag.py:538} INFO - Filling up the DagBag from /opt/airflow/dags/setup_dag.py
[2026-02-09T13:19:50.817+0000] {processor.py:840} INFO - DAG(s) 'fork2_dag' retrieved from /opt/airflow/dags/setup_dag.py
[2026-02-09T13:19:50.977+0000] {logging_mixin.py:188} INFO - [2026-02-09T13:19:50.977+0000] {dag.py:3036} INFO - Sync 1 DAGs
[2026-02-09T13:19:51.012+0000] {logging_mixin.py:188} INFO - [2026-02-09T13:19:51.012+0000] {dag.py:3823} INFO - Setting next_dagrun for fork2_dag to 2026-02-09 13:19:40+00:00, run_after=2026-02-09 13:19:50+00:00
[2026-02-09T13:19:51.041+0000] {processor.py:183} INFO - Processing /opt/airflow/dags/setup_dag.py took 0.243 seconds
[2026-02-09T13:20:21.321+0000] {processor.py:161} INFO - Started process (PID=39263) to work on /opt/airflow/dags/setup_dag.py
[2026-02-09T13:20:21.322+0000] {processor.py:830} INFO - Processing file /opt/airflow/dags/setup_dag.py for tasks to queue
[2026-02-09T13:20:21.323+0000] {logging_mixin.py:188} INFO - [2026-02-09T13:20:21.323+0000] {dagbag.py:538} INFO - Filling up the DagBag from /opt/airflow/dags/setup_dag.py
[2026-02-09T13:20:21.333+0000] {processor.py:840} INFO - DAG(s) 'fork2_dag' retrieved from /opt/airflow/dags/setup_dag.py
[2026-02-09T13:20:21.362+0000] {logging_mixin.py:188} INFO - [2026-02-09T13:20:21.361+0000] {dag.py:3036} INFO - Sync 1 DAGs
[2026-02-09T13:20:21.394+0000] {logging_mixin.py:188} INFO - [2026-02-09T13:20:21.394+0000] {dag.py:3823} INFO - Setting next_dagrun for fork2_dag to 2026-02-09 13:20:10+00:00, run_after=2026-02-09 13:20:20+00:00
[2026-02-09T13:20:21.423+0000] {processor.py:183} INFO - Processing /opt/airflow/dags/setup_dag.py took 0.107 seconds
[2026-02-09T13:20:51.856+0000] {processor.py:161} INFO - Started process (PID=39337) to work on /opt/airflow/dags/setup_dag.py
[2026-02-09T13:20:51.858+0000] {processor.py:830} INFO - Processing file /opt/airflow/dags/setup_dag.py for tasks to queue
[2026-02-09T13:20:51.859+0000] {logging_mixin.py:188} INFO - [2026-02-09T13:20:51.858+0000] {dagbag.py:538} INFO - Filling up the DagBag from /opt/airflow/dags/setup_dag.py
[2026-02-09T13:20:51.868+0000] {processor.py:840} INFO - DAG(s) 'fork2_dag' retrieved from /opt/airflow/dags/setup_dag.py
[2026-02-09T13:20:51.886+0000] {logging_mixin.py:188} INFO - [2026-02-09T13:20:51.885+0000] {dag.py:3036} INFO - Sync 1 DAGs
[2026-02-09T13:20:51.923+0000] {logging_mixin.py:188} INFO - [2026-02-09T13:20:51.923+0000] {dag.py:3823} INFO - Setting next_dagrun for fork2_dag to 2026-02-09 13:20:40+00:00, run_after=2026-02-09 13:20:50+00:00
[2026-02-09T13:20:51.963+0000] {processor.py:183} INFO - Processing /opt/airflow/dags/setup_dag.py took 0.113 seconds
[2026-02-09T13:21:22.492+0000] {processor.py:161} INFO - Started process (PID=39412) to work on /opt/airflow/dags/setup_dag.py
[2026-02-09T13:21:22.494+0000] {processor.py:830} INFO - Processing file /opt/airflow/dags/setup_dag.py for tasks to queue
[2026-02-09T13:21:22.495+0000] {logging_mixin.py:188} INFO - [2026-02-09T13:21:22.495+0000] {dagbag.py:538} INFO - Filling up the DagBag from /opt/airflow/dags/setup_dag.py
[2026-02-09T13:21:22.505+0000] {processor.py:840} INFO - DAG(s) 'fork2_dag' retrieved from /opt/airflow/dags/setup_dag.py
[2026-02-09T13:21:22.674+0000] {logging_mixin.py:188} INFO - [2026-02-09T13:21:22.674+0000] {dag.py:3036} INFO - Sync 1 DAGs
[2026-02-09T13:21:22.706+0000] {logging_mixin.py:188} INFO - [2026-02-09T13:21:22.705+0000] {dag.py:3823} INFO - Setting next_dagrun for fork2_dag to 2026-02-09 13:21:10+00:00, run_after=2026-02-09 13:21:20+00:00
[2026-02-09T13:21:22.731+0000] {processor.py:183} INFO - Processing /opt/airflow/dags/setup_dag.py took 0.244 seconds
[2026-02-09T13:21:52.996+0000] {processor.py:161} INFO - Started process (PID=39487) to work on /opt/airflow/dags/setup_dag.py
[2026-02-09T13:21:52.997+0000] {processor.py:830} INFO - Processing file /opt/airflow/dags/setup_dag.py for tasks to queue
[2026-02-09T13:21:52.998+0000] {logging_mixin.py:188} INFO - [2026-02-09T13:21:52.998+0000] {dagbag.py:538} INFO - Filling up the DagBag from /opt/airflow/dags/setup_dag.py
[2026-02-09T13:21:53.008+0000] {processor.py:840} INFO - DAG(s) 'fork2_dag' retrieved from /opt/airflow/dags/setup_dag.py
[2026-02-09T13:21:53.039+0000] {logging_mixin.py:188} INFO - [2026-02-09T13:21:53.038+0000] {dag.py:3036} INFO - Sync 1 DAGs
[2026-02-09T13:21:53.075+0000] {logging_mixin.py:188} INFO - [2026-02-09T13:21:53.074+0000] {dag.py:3823} INFO - Setting next_dagrun for fork2_dag to 2026-02-09 13:21:40+00:00, run_after=2026-02-09 13:21:50+00:00
[2026-02-09T13:21:53.105+0000] {processor.py:183} INFO - Processing /opt/airflow/dags/setup_dag.py took 0.114 seconds
[2026-02-09T13:22:23.456+0000] {processor.py:161} INFO - Started process (PID=39568) to work on /opt/airflow/dags/setup_dag.py
[2026-02-09T13:22:23.460+0000] {processor.py:830} INFO - Processing file /opt/airflow/dags/setup_dag.py for tasks to queue
[2026-02-09T13:22:23.463+0000] {logging_mixin.py:188} INFO - [2026-02-09T13:22:23.463+0000] {dagbag.py:538} INFO - Filling up the DagBag from /opt/airflow/dags/setup_dag.py
[2026-02-09T13:22:23.477+0000] {processor.py:840} INFO - DAG(s) 'fork2_dag' retrieved from /opt/airflow/dags/setup_dag.py
[2026-02-09T13:22:23.506+0000] {logging_mixin.py:188} INFO - [2026-02-09T13:22:23.505+0000] {dag.py:3036} INFO - Sync 1 DAGs
[2026-02-09T13:22:23.586+0000] {logging_mixin.py:188} INFO - [2026-02-09T13:22:23.586+0000] {dag.py:3823} INFO - Setting next_dagrun for fork2_dag to 2026-02-09 13:22:10+00:00, run_after=2026-02-09 13:22:20+00:00
[2026-02-09T13:22:23.662+0000] {processor.py:183} INFO - Processing /opt/airflow/dags/setup_dag.py took 0.211 seconds
[2026-02-09T13:22:54.049+0000] {processor.py:161} INFO - Started process (PID=39644) to work on /opt/airflow/dags/setup_dag.py
[2026-02-09T13:22:54.051+0000] {processor.py:830} INFO - Processing file /opt/airflow/dags/setup_dag.py for tasks to queue
[2026-02-09T13:22:54.052+0000] {logging_mixin.py:188} INFO - [2026-02-09T13:22:54.052+0000] {dagbag.py:538} INFO - Filling up the DagBag from /opt/airflow/dags/setup_dag.py
[2026-02-09T13:22:54.063+0000] {processor.py:840} INFO - DAG(s) 'fork2_dag' retrieved from /opt/airflow/dags/setup_dag.py
[2026-02-09T13:22:54.312+0000] {logging_mixin.py:188} INFO - [2026-02-09T13:22:54.312+0000] {dag.py:3036} INFO - Sync 1 DAGs
[2026-02-09T13:22:54.349+0000] {logging_mixin.py:188} INFO - [2026-02-09T13:22:54.349+0000] {dag.py:3823} INFO - Setting next_dagrun for fork2_dag to 2026-02-09 13:22:40+00:00, run_after=2026-02-09 13:22:50+00:00
[2026-02-09T13:22:54.379+0000] {processor.py:183} INFO - Processing /opt/airflow/dags/setup_dag.py took 0.345 seconds
[2026-02-09T13:23:25.318+0000] {processor.py:161} INFO - Started process (PID=39718) to work on /opt/airflow/dags/setup_dag.py
[2026-02-09T13:23:25.320+0000] {processor.py:830} INFO - Processing file /opt/airflow/dags/setup_dag.py for tasks to queue
[2026-02-09T13:23:25.321+0000] {logging_mixin.py:188} INFO - [2026-02-09T13:23:25.320+0000] {dagbag.py:538} INFO - Filling up the DagBag from /opt/airflow/dags/setup_dag.py
[2026-02-09T13:23:25.330+0000] {processor.py:840} INFO - DAG(s) 'fork2_dag' retrieved from /opt/airflow/dags/setup_dag.py
[2026-02-09T13:23:25.363+0000] {logging_mixin.py:188} INFO - [2026-02-09T13:23:25.363+0000] {dag.py:3036} INFO - Sync 1 DAGs
[2026-02-09T13:23:25.404+0000] {logging_mixin.py:188} INFO - [2026-02-09T13:23:25.404+0000] {dag.py:3823} INFO - Setting next_dagrun for fork2_dag to 2026-02-09 13:23:10+00:00, run_after=2026-02-09 13:23:20+00:00
[2026-02-09T13:23:25.432+0000] {processor.py:183} INFO - Processing /opt/airflow/dags/setup_dag.py took 0.118 seconds
[2026-02-09T13:23:55.597+0000] {processor.py:161} INFO - Started process (PID=39792) to work on /opt/airflow/dags/setup_dag.py
[2026-02-09T13:23:55.599+0000] {processor.py:830} INFO - Processing file /opt/airflow/dags/setup_dag.py for tasks to queue
[2026-02-09T13:23:55.600+0000] {logging_mixin.py:188} INFO - [2026-02-09T13:23:55.599+0000] {dagbag.py:538} INFO - Filling up the DagBag from /opt/airflow/dags/setup_dag.py
[2026-02-09T13:23:55.609+0000] {processor.py:840} INFO - DAG(s) 'fork2_dag' retrieved from /opt/airflow/dags/setup_dag.py
[2026-02-09T13:23:55.628+0000] {logging_mixin.py:188} INFO - [2026-02-09T13:23:55.628+0000] {dag.py:3036} INFO - Sync 1 DAGs
[2026-02-09T13:23:55.664+0000] {logging_mixin.py:188} INFO - [2026-02-09T13:23:55.664+0000] {dag.py:3823} INFO - Setting next_dagrun for fork2_dag to 2026-02-09 13:23:40+00:00, run_after=2026-02-09 13:23:50+00:00
[2026-02-09T13:23:55.696+0000] {processor.py:183} INFO - Processing /opt/airflow/dags/setup_dag.py took 0.104 seconds
[2026-02-09T13:24:26.002+0000] {processor.py:161} INFO - Started process (PID=39868) to work on /opt/airflow/dags/setup_dag.py
[2026-02-09T13:24:26.003+0000] {processor.py:830} INFO - Processing file /opt/airflow/dags/setup_dag.py for tasks to queue
[2026-02-09T13:24:26.004+0000] {logging_mixin.py:188} INFO - [2026-02-09T13:24:26.004+0000] {dagbag.py:538} INFO - Filling up the DagBag from /opt/airflow/dags/setup_dag.py
[2026-02-09T13:24:26.014+0000] {processor.py:840} INFO - DAG(s) 'fork2_dag' retrieved from /opt/airflow/dags/setup_dag.py
[2026-02-09T13:24:26.218+0000] {logging_mixin.py:188} INFO - [2026-02-09T13:24:26.218+0000] {dag.py:3036} INFO - Sync 1 DAGs
[2026-02-09T13:24:26.252+0000] {logging_mixin.py:188} INFO - [2026-02-09T13:24:26.252+0000] {dag.py:3823} INFO - Setting next_dagrun for fork2_dag to 2026-02-09 13:24:10+00:00, run_after=2026-02-09 13:24:20+00:00
[2026-02-09T13:24:26.279+0000] {processor.py:183} INFO - Processing /opt/airflow/dags/setup_dag.py took 0.282 seconds
[2026-02-09T13:24:56.355+0000] {processor.py:161} INFO - Started process (PID=39941) to work on /opt/airflow/dags/setup_dag.py
[2026-02-09T13:24:56.357+0000] {processor.py:830} INFO - Processing file /opt/airflow/dags/setup_dag.py for tasks to queue
[2026-02-09T13:24:56.358+0000] {logging_mixin.py:188} INFO - [2026-02-09T13:24:56.358+0000] {dagbag.py:538} INFO - Filling up the DagBag from /opt/airflow/dags/setup_dag.py
[2026-02-09T13:24:56.367+0000] {processor.py:840} INFO - DAG(s) 'fork2_dag' retrieved from /opt/airflow/dags/setup_dag.py
[2026-02-09T13:24:56.396+0000] {logging_mixin.py:188} INFO - [2026-02-09T13:24:56.396+0000] {dag.py:3036} INFO - Sync 1 DAGs
[2026-02-09T13:24:56.436+0000] {logging_mixin.py:188} INFO - [2026-02-09T13:24:56.436+0000] {dag.py:3823} INFO - Setting next_dagrun for fork2_dag to 2026-02-09 13:24:40+00:00, run_after=2026-02-09 13:24:50+00:00
[2026-02-09T13:24:56.472+0000] {processor.py:183} INFO - Processing /opt/airflow/dags/setup_dag.py took 0.122 seconds
[2026-02-09T13:25:27.030+0000] {processor.py:161} INFO - Started process (PID=40015) to work on /opt/airflow/dags/setup_dag.py
[2026-02-09T13:25:27.032+0000] {processor.py:830} INFO - Processing file /opt/airflow/dags/setup_dag.py for tasks to queue
[2026-02-09T13:25:27.034+0000] {logging_mixin.py:188} INFO - [2026-02-09T13:25:27.033+0000] {dagbag.py:538} INFO - Filling up the DagBag from /opt/airflow/dags/setup_dag.py
[2026-02-09T13:25:27.045+0000] {processor.py:840} INFO - DAG(s) 'fork2_dag' retrieved from /opt/airflow/dags/setup_dag.py
[2026-02-09T13:25:27.064+0000] {logging_mixin.py:188} INFO - [2026-02-09T13:25:27.064+0000] {dag.py:3036} INFO - Sync 1 DAGs
[2026-02-09T13:25:27.099+0000] {logging_mixin.py:188} INFO - [2026-02-09T13:25:27.099+0000] {dag.py:3823} INFO - Setting next_dagrun for fork2_dag to 2026-02-09 13:25:10+00:00, run_after=2026-02-09 13:25:20+00:00
[2026-02-09T13:25:27.126+0000] {processor.py:183} INFO - Processing /opt/airflow/dags/setup_dag.py took 0.101 seconds
[2026-02-09T13:25:57.286+0000] {processor.py:161} INFO - Started process (PID=40088) to work on /opt/airflow/dags/setup_dag.py
[2026-02-09T13:25:57.287+0000] {processor.py:830} INFO - Processing file /opt/airflow/dags/setup_dag.py for tasks to queue
[2026-02-09T13:25:57.288+0000] {logging_mixin.py:188} INFO - [2026-02-09T13:25:57.287+0000] {dagbag.py:538} INFO - Filling up the DagBag from /opt/airflow/dags/setup_dag.py
[2026-02-09T13:25:57.298+0000] {processor.py:840} INFO - DAG(s) 'fork2_dag' retrieved from /opt/airflow/dags/setup_dag.py
[2026-02-09T13:25:57.461+0000] {logging_mixin.py:188} INFO - [2026-02-09T13:25:57.461+0000] {dag.py:3036} INFO - Sync 1 DAGs
[2026-02-09T13:25:57.495+0000] {logging_mixin.py:188} INFO - [2026-02-09T13:25:57.495+0000] {dag.py:3823} INFO - Setting next_dagrun for fork2_dag to 2026-02-09 13:25:40+00:00, run_after=2026-02-09 13:25:50+00:00
[2026-02-09T13:25:57.537+0000] {processor.py:183} INFO - Processing /opt/airflow/dags/setup_dag.py took 0.255 seconds
[2026-02-09T13:26:27.836+0000] {processor.py:161} INFO - Started process (PID=40170) to work on /opt/airflow/dags/setup_dag.py
[2026-02-09T13:26:27.838+0000] {processor.py:830} INFO - Processing file /opt/airflow/dags/setup_dag.py for tasks to queue
[2026-02-09T13:26:27.839+0000] {logging_mixin.py:188} INFO - [2026-02-09T13:26:27.839+0000] {dagbag.py:538} INFO - Filling up the DagBag from /opt/airflow/dags/setup_dag.py
[2026-02-09T13:26:27.851+0000] {processor.py:840} INFO - DAG(s) 'fork2_dag' retrieved from /opt/airflow/dags/setup_dag.py
[2026-02-09T13:26:27.882+0000] {logging_mixin.py:188} INFO - [2026-02-09T13:26:27.881+0000] {dag.py:3036} INFO - Sync 1 DAGs
[2026-02-09T13:26:27.917+0000] {logging_mixin.py:188} INFO - [2026-02-09T13:26:27.917+0000] {dag.py:3823} INFO - Setting next_dagrun for fork2_dag to 2026-02-09 13:26:10+00:00, run_after=2026-02-09 13:26:20+00:00
[2026-02-09T13:26:27.946+0000] {processor.py:183} INFO - Processing /opt/airflow/dags/setup_dag.py took 0.116 seconds
[2026-02-09T13:26:58.085+0000] {processor.py:161} INFO - Started process (PID=40244) to work on /opt/airflow/dags/setup_dag.py
[2026-02-09T13:26:58.086+0000] {processor.py:830} INFO - Processing file /opt/airflow/dags/setup_dag.py for tasks to queue
[2026-02-09T13:26:58.087+0000] {logging_mixin.py:188} INFO - [2026-02-09T13:26:58.087+0000] {dagbag.py:538} INFO - Filling up the DagBag from /opt/airflow/dags/setup_dag.py
[2026-02-09T13:26:58.097+0000] {processor.py:840} INFO - DAG(s) 'fork2_dag' retrieved from /opt/airflow/dags/setup_dag.py
[2026-02-09T13:26:58.116+0000] {logging_mixin.py:188} INFO - [2026-02-09T13:26:58.116+0000] {dag.py:3036} INFO - Sync 1 DAGs
[2026-02-09T13:26:58.162+0000] {logging_mixin.py:188} INFO - [2026-02-09T13:26:58.161+0000] {dag.py:3823} INFO - Setting next_dagrun for fork2_dag to 2026-02-09 13:26:40+00:00, run_after=2026-02-09 13:26:50+00:00
[2026-02-09T13:26:58.193+0000] {processor.py:183} INFO - Processing /opt/airflow/dags/setup_dag.py took 0.113 seconds
[2026-02-09T13:27:28.383+0000] {processor.py:161} INFO - Started process (PID=40319) to work on /opt/airflow/dags/setup_dag.py
[2026-02-09T13:27:28.384+0000] {processor.py:830} INFO - Processing file /opt/airflow/dags/setup_dag.py for tasks to queue
[2026-02-09T13:27:28.386+0000] {logging_mixin.py:188} INFO - [2026-02-09T13:27:28.385+0000] {dagbag.py:538} INFO - Filling up the DagBag from /opt/airflow/dags/setup_dag.py
[2026-02-09T13:27:28.395+0000] {processor.py:840} INFO - DAG(s) 'fork2_dag' retrieved from /opt/airflow/dags/setup_dag.py
[2026-02-09T13:27:28.601+0000] {logging_mixin.py:188} INFO - [2026-02-09T13:27:28.601+0000] {dag.py:3036} INFO - Sync 1 DAGs
[2026-02-09T13:27:28.635+0000] {logging_mixin.py:188} INFO - [2026-02-09T13:27:28.635+0000] {dag.py:3823} INFO - Setting next_dagrun for fork2_dag to 2026-02-09 13:27:10+00:00, run_after=2026-02-09 13:27:20+00:00
[2026-02-09T13:27:28.663+0000] {processor.py:183} INFO - Processing /opt/airflow/dags/setup_dag.py took 0.285 seconds
[2026-02-09T13:27:58.867+0000] {processor.py:161} INFO - Started process (PID=40395) to work on /opt/airflow/dags/setup_dag.py
[2026-02-09T13:27:58.869+0000] {processor.py:830} INFO - Processing file /opt/airflow/dags/setup_dag.py for tasks to queue
[2026-02-09T13:27:58.870+0000] {logging_mixin.py:188} INFO - [2026-02-09T13:27:58.870+0000] {dagbag.py:538} INFO - Filling up the DagBag from /opt/airflow/dags/setup_dag.py
[2026-02-09T13:27:58.879+0000] {processor.py:840} INFO - DAG(s) 'fork2_dag' retrieved from /opt/airflow/dags/setup_dag.py
[2026-02-09T13:27:58.909+0000] {logging_mixin.py:188} INFO - [2026-02-09T13:27:58.908+0000] {dag.py:3036} INFO - Sync 1 DAGs
[2026-02-09T13:27:58.942+0000] {logging_mixin.py:188} INFO - [2026-02-09T13:27:58.941+0000] {dag.py:3823} INFO - Setting next_dagrun for fork2_dag to 2026-02-09 13:27:40+00:00, run_after=2026-02-09 13:27:50+00:00
[2026-02-09T13:27:58.969+0000] {processor.py:183} INFO - Processing /opt/airflow/dags/setup_dag.py took 0.107 seconds
[2026-02-09T13:28:29.012+0000] {processor.py:161} INFO - Started process (PID=40468) to work on /opt/airflow/dags/setup_dag.py
[2026-02-09T13:28:29.013+0000] {processor.py:830} INFO - Processing file /opt/airflow/dags/setup_dag.py for tasks to queue
[2026-02-09T13:28:29.014+0000] {logging_mixin.py:188} INFO - [2026-02-09T13:28:29.014+0000] {dagbag.py:538} INFO - Filling up the DagBag from /opt/airflow/dags/setup_dag.py
[2026-02-09T13:28:29.024+0000] {processor.py:840} INFO - DAG(s) 'fork2_dag' retrieved from /opt/airflow/dags/setup_dag.py
[2026-02-09T13:28:29.041+0000] {logging_mixin.py:188} INFO - [2026-02-09T13:28:29.040+0000] {dag.py:3036} INFO - Sync 1 DAGs
[2026-02-09T13:28:29.078+0000] {logging_mixin.py:188} INFO - [2026-02-09T13:28:29.078+0000] {dag.py:3823} INFO - Setting next_dagrun for fork2_dag to 2026-02-09 13:28:10+00:00, run_after=2026-02-09 13:28:20+00:00
[2026-02-09T13:28:29.107+0000] {processor.py:183} INFO - Processing /opt/airflow/dags/setup_dag.py took 0.100 seconds
[2026-02-09T13:28:59.373+0000] {processor.py:161} INFO - Started process (PID=40542) to work on /opt/airflow/dags/setup_dag.py
[2026-02-09T13:28:59.375+0000] {processor.py:830} INFO - Processing file /opt/airflow/dags/setup_dag.py for tasks to queue
[2026-02-09T13:28:59.376+0000] {logging_mixin.py:188} INFO - [2026-02-09T13:28:59.375+0000] {dagbag.py:538} INFO - Filling up the DagBag from /opt/airflow/dags/setup_dag.py
[2026-02-09T13:28:59.386+0000] {processor.py:840} INFO - DAG(s) 'fork2_dag' retrieved from /opt/airflow/dags/setup_dag.py
[2026-02-09T13:28:59.575+0000] {logging_mixin.py:188} INFO - [2026-02-09T13:28:59.575+0000] {dag.py:3036} INFO - Sync 1 DAGs
[2026-02-09T13:28:59.605+0000] {logging_mixin.py:188} INFO - [2026-02-09T13:28:59.605+0000] {dag.py:3823} INFO - Setting next_dagrun for fork2_dag to 2026-02-09 13:28:40+00:00, run_after=2026-02-09 13:28:50+00:00
[2026-02-09T13:28:59.630+0000] {processor.py:183} INFO - Processing /opt/airflow/dags/setup_dag.py took 0.262 seconds
[2026-02-09T13:29:29.863+0000] {processor.py:161} INFO - Started process (PID=40616) to work on /opt/airflow/dags/setup_dag.py
[2026-02-09T13:29:29.865+0000] {processor.py:830} INFO - Processing file /opt/airflow/dags/setup_dag.py for tasks to queue
[2026-02-09T13:29:29.866+0000] {logging_mixin.py:188} INFO - [2026-02-09T13:29:29.866+0000] {dagbag.py:538} INFO - Filling up the DagBag from /opt/airflow/dags/setup_dag.py
[2026-02-09T13:29:29.876+0000] {processor.py:840} INFO - DAG(s) 'fork2_dag' retrieved from /opt/airflow/dags/setup_dag.py
[2026-02-09T13:29:29.907+0000] {logging_mixin.py:188} INFO - [2026-02-09T13:29:29.907+0000] {dag.py:3036} INFO - Sync 1 DAGs
[2026-02-09T13:29:29.949+0000] {logging_mixin.py:188} INFO - [2026-02-09T13:29:29.948+0000] {dag.py:3823} INFO - Setting next_dagrun for fork2_dag to 2026-02-09 13:29:10+00:00, run_after=2026-02-09 13:29:20+00:00
[2026-02-09T13:29:29.982+0000] {processor.py:183} INFO - Processing /opt/airflow/dags/setup_dag.py took 0.124 seconds
[2026-02-09T13:30:00.306+0000] {processor.py:161} INFO - Started process (PID=40698) to work on /opt/airflow/dags/setup_dag.py
[2026-02-09T13:30:00.310+0000] {processor.py:830} INFO - Processing file /opt/airflow/dags/setup_dag.py for tasks to queue
[2026-02-09T13:30:00.311+0000] {logging_mixin.py:188} INFO - [2026-02-09T13:30:00.311+0000] {dagbag.py:538} INFO - Filling up the DagBag from /opt/airflow/dags/setup_dag.py
[2026-02-09T13:30:00.323+0000] {processor.py:840} INFO - DAG(s) 'fork2_dag' retrieved from /opt/airflow/dags/setup_dag.py
[2026-02-09T13:30:00.349+0000] {logging_mixin.py:188} INFO - [2026-02-09T13:30:00.349+0000] {dag.py:3036} INFO - Sync 1 DAGs
[2026-02-09T13:30:00.396+0000] {logging_mixin.py:188} INFO - [2026-02-09T13:30:00.396+0000] {dag.py:3823} INFO - Setting next_dagrun for fork2_dag to 2026-02-09 13:29:50+00:00, run_after=2026-02-09 13:30:00+00:00
[2026-02-09T13:30:00.431+0000] {processor.py:183} INFO - Processing /opt/airflow/dags/setup_dag.py took 0.130 seconds
[2026-02-09T13:30:31.024+0000] {processor.py:161} INFO - Started process (PID=40771) to work on /opt/airflow/dags/setup_dag.py
[2026-02-09T13:30:31.025+0000] {processor.py:830} INFO - Processing file /opt/airflow/dags/setup_dag.py for tasks to queue
[2026-02-09T13:30:31.026+0000] {logging_mixin.py:188} INFO - [2026-02-09T13:30:31.026+0000] {dagbag.py:538} INFO - Filling up the DagBag from /opt/airflow/dags/setup_dag.py
[2026-02-09T13:30:31.036+0000] {processor.py:840} INFO - DAG(s) 'fork2_dag' retrieved from /opt/airflow/dags/setup_dag.py
[2026-02-09T13:30:31.205+0000] {logging_mixin.py:188} INFO - [2026-02-09T13:30:31.205+0000] {dag.py:3036} INFO - Sync 1 DAGs
[2026-02-09T13:30:31.243+0000] {logging_mixin.py:188} INFO - [2026-02-09T13:30:31.243+0000] {dag.py:3823} INFO - Setting next_dagrun for fork2_dag to 2026-02-09 13:30:20+00:00, run_after=2026-02-09 13:30:30+00:00
[2026-02-09T13:30:31.275+0000] {processor.py:183} INFO - Processing /opt/airflow/dags/setup_dag.py took 0.256 seconds
[2026-02-09T13:31:01.667+0000] {processor.py:161} INFO - Started process (PID=40845) to work on /opt/airflow/dags/setup_dag.py
[2026-02-09T13:31:01.668+0000] {processor.py:830} INFO - Processing file /opt/airflow/dags/setup_dag.py for tasks to queue
[2026-02-09T13:31:01.670+0000] {logging_mixin.py:188} INFO - [2026-02-09T13:31:01.669+0000] {dagbag.py:538} INFO - Filling up the DagBag from /opt/airflow/dags/setup_dag.py
[2026-02-09T13:31:01.679+0000] {processor.py:840} INFO - DAG(s) 'fork2_dag' retrieved from /opt/airflow/dags/setup_dag.py
[2026-02-09T13:31:01.710+0000] {logging_mixin.py:188} INFO - [2026-02-09T13:31:01.709+0000] {dag.py:3036} INFO - Sync 1 DAGs
[2026-02-09T13:31:01.746+0000] {logging_mixin.py:188} INFO - [2026-02-09T13:31:01.745+0000] {dag.py:3823} INFO - Setting next_dagrun for fork2_dag to 2026-02-09 13:30:50+00:00, run_after=2026-02-09 13:31:00+00:00
[2026-02-09T13:31:01.774+0000] {processor.py:183} INFO - Processing /opt/airflow/dags/setup_dag.py took 0.112 seconds
[2026-02-09T13:31:32.206+0000] {processor.py:161} INFO - Started process (PID=40919) to work on /opt/airflow/dags/setup_dag.py
[2026-02-09T13:31:32.208+0000] {processor.py:830} INFO - Processing file /opt/airflow/dags/setup_dag.py for tasks to queue
[2026-02-09T13:31:32.209+0000] {logging_mixin.py:188} INFO - [2026-02-09T13:31:32.209+0000] {dagbag.py:538} INFO - Filling up the DagBag from /opt/airflow/dags/setup_dag.py
[2026-02-09T13:31:32.220+0000] {processor.py:840} INFO - DAG(s) 'fork2_dag' retrieved from /opt/airflow/dags/setup_dag.py
[2026-02-09T13:31:32.241+0000] {logging_mixin.py:188} INFO - [2026-02-09T13:31:32.240+0000] {dag.py:3036} INFO - Sync 1 DAGs
[2026-02-09T13:31:32.283+0000] {logging_mixin.py:188} INFO - [2026-02-09T13:31:32.283+0000] {dag.py:3823} INFO - Setting next_dagrun for fork2_dag to 2026-02-09 13:31:20+00:00, run_after=2026-02-09 13:31:30+00:00
[2026-02-09T13:31:32.325+0000] {processor.py:183} INFO - Processing /opt/airflow/dags/setup_dag.py took 0.125 seconds
[2026-02-09T13:32:02.912+0000] {processor.py:161} INFO - Started process (PID=40993) to work on /opt/airflow/dags/setup_dag.py
[2026-02-09T13:32:02.913+0000] {processor.py:830} INFO - Processing file /opt/airflow/dags/setup_dag.py for tasks to queue
[2026-02-09T13:32:02.914+0000] {logging_mixin.py:188} INFO - [2026-02-09T13:32:02.914+0000] {dagbag.py:538} INFO - Filling up the DagBag from /opt/airflow/dags/setup_dag.py
[2026-02-09T13:32:02.924+0000] {processor.py:840} INFO - DAG(s) 'fork2_dag' retrieved from /opt/airflow/dags/setup_dag.py
[2026-02-09T13:32:03.111+0000] {logging_mixin.py:188} INFO - [2026-02-09T13:32:03.110+0000] {dag.py:3036} INFO - Sync 1 DAGs
[2026-02-09T13:32:03.149+0000] {logging_mixin.py:188} INFO - [2026-02-09T13:32:03.148+0000] {dag.py:3823} INFO - Setting next_dagrun for fork2_dag to 2026-02-09 13:31:50+00:00, run_after=2026-02-09 13:32:00+00:00
[2026-02-09T13:32:03.178+0000] {processor.py:183} INFO - Processing /opt/airflow/dags/setup_dag.py took 0.271 seconds
[2026-02-09T13:32:33.444+0000] {processor.py:161} INFO - Started process (PID=41067) to work on /opt/airflow/dags/setup_dag.py
[2026-02-09T13:32:33.446+0000] {processor.py:830} INFO - Processing file /opt/airflow/dags/setup_dag.py for tasks to queue
[2026-02-09T13:32:33.447+0000] {logging_mixin.py:188} INFO - [2026-02-09T13:32:33.447+0000] {dagbag.py:538} INFO - Filling up the DagBag from /opt/airflow/dags/setup_dag.py
[2026-02-09T13:32:33.458+0000] {processor.py:840} INFO - DAG(s) 'fork2_dag' retrieved from /opt/airflow/dags/setup_dag.py
[2026-02-09T13:32:33.491+0000] {logging_mixin.py:188} INFO - [2026-02-09T13:32:33.491+0000] {dag.py:3036} INFO - Sync 1 DAGs
[2026-02-09T13:32:33.528+0000] {logging_mixin.py:188} INFO - [2026-02-09T13:32:33.528+0000] {dag.py:3823} INFO - Setting next_dagrun for fork2_dag to 2026-02-09 13:32:20+00:00, run_after=2026-02-09 13:32:30+00:00
[2026-02-09T13:32:33.554+0000] {processor.py:183} INFO - Processing /opt/airflow/dags/setup_dag.py took 0.114 seconds
[2026-02-09T13:33:04.173+0000] {processor.py:161} INFO - Started process (PID=41141) to work on /opt/airflow/dags/setup_dag.py
[2026-02-09T13:33:04.174+0000] {processor.py:830} INFO - Processing file /opt/airflow/dags/setup_dag.py for tasks to queue
[2026-02-09T13:33:04.175+0000] {logging_mixin.py:188} INFO - [2026-02-09T13:33:04.175+0000] {dagbag.py:538} INFO - Filling up the DagBag from /opt/airflow/dags/setup_dag.py
[2026-02-09T13:33:04.185+0000] {processor.py:840} INFO - DAG(s) 'fork2_dag' retrieved from /opt/airflow/dags/setup_dag.py
[2026-02-09T13:33:04.202+0000] {logging_mixin.py:188} INFO - [2026-02-09T13:33:04.202+0000] {dag.py:3036} INFO - Sync 1 DAGs
[2026-02-09T13:33:04.239+0000] {logging_mixin.py:188} INFO - [2026-02-09T13:33:04.238+0000] {dag.py:3823} INFO - Setting next_dagrun for fork2_dag to 2026-02-09 13:32:50+00:00, run_after=2026-02-09 13:33:00+00:00
[2026-02-09T13:33:04.267+0000] {processor.py:183} INFO - Processing /opt/airflow/dags/setup_dag.py took 0.099 seconds
[2026-02-09T13:33:34.838+0000] {processor.py:161} INFO - Started process (PID=41222) to work on /opt/airflow/dags/setup_dag.py
[2026-02-09T13:33:34.841+0000] {processor.py:830} INFO - Processing file /opt/airflow/dags/setup_dag.py for tasks to queue
[2026-02-09T13:33:34.842+0000] {logging_mixin.py:188} INFO - [2026-02-09T13:33:34.842+0000] {dagbag.py:538} INFO - Filling up the DagBag from /opt/airflow/dags/setup_dag.py
[2026-02-09T13:33:34.854+0000] {processor.py:840} INFO - DAG(s) 'fork2_dag' retrieved from /opt/airflow/dags/setup_dag.py
[2026-02-09T13:33:35.068+0000] {logging_mixin.py:188} INFO - [2026-02-09T13:33:35.067+0000] {dag.py:3036} INFO - Sync 1 DAGs
[2026-02-09T13:33:35.110+0000] {logging_mixin.py:188} INFO - [2026-02-09T13:33:35.109+0000] {dag.py:3823} INFO - Setting next_dagrun for fork2_dag to 2026-02-09 13:33:20+00:00, run_after=2026-02-09 13:33:30+00:00
[2026-02-09T13:33:35.143+0000] {processor.py:183} INFO - Processing /opt/airflow/dags/setup_dag.py took 0.311 seconds
[2026-02-09T13:34:05.442+0000] {processor.py:161} INFO - Started process (PID=41297) to work on /opt/airflow/dags/setup_dag.py
[2026-02-09T13:34:05.444+0000] {processor.py:830} INFO - Processing file /opt/airflow/dags/setup_dag.py for tasks to queue
[2026-02-09T13:34:05.445+0000] {logging_mixin.py:188} INFO - [2026-02-09T13:34:05.445+0000] {dagbag.py:538} INFO - Filling up the DagBag from /opt/airflow/dags/setup_dag.py
[2026-02-09T13:34:05.457+0000] {processor.py:840} INFO - DAG(s) 'fork2_dag' retrieved from /opt/airflow/dags/setup_dag.py
[2026-02-09T13:34:05.495+0000] {logging_mixin.py:188} INFO - [2026-02-09T13:34:05.494+0000] {dag.py:3036} INFO - Sync 1 DAGs
[2026-02-09T13:34:05.537+0000] {logging_mixin.py:188} INFO - [2026-02-09T13:34:05.537+0000] {dag.py:3823} INFO - Setting next_dagrun for fork2_dag to 2026-02-09 13:33:50+00:00, run_after=2026-02-09 13:34:00+00:00
[2026-02-09T13:34:05.568+0000] {processor.py:183} INFO - Processing /opt/airflow/dags/setup_dag.py took 0.131 seconds
[2026-02-09T13:34:35.720+0000] {processor.py:161} INFO - Started process (PID=41371) to work on /opt/airflow/dags/setup_dag.py
[2026-02-09T13:34:35.722+0000] {processor.py:830} INFO - Processing file /opt/airflow/dags/setup_dag.py for tasks to queue
[2026-02-09T13:34:35.723+0000] {logging_mixin.py:188} INFO - [2026-02-09T13:34:35.723+0000] {dagbag.py:538} INFO - Filling up the DagBag from /opt/airflow/dags/setup_dag.py
[2026-02-09T13:34:35.733+0000] {processor.py:840} INFO - DAG(s) 'fork2_dag' retrieved from /opt/airflow/dags/setup_dag.py
[2026-02-09T13:34:35.749+0000] {logging_mixin.py:188} INFO - [2026-02-09T13:34:35.748+0000] {dag.py:3036} INFO - Sync 1 DAGs
[2026-02-09T13:34:35.782+0000] {logging_mixin.py:188} INFO - [2026-02-09T13:34:35.782+0000] {dag.py:3823} INFO - Setting next_dagrun for fork2_dag to 2026-02-09 13:34:20+00:00, run_after=2026-02-09 13:34:30+00:00
[2026-02-09T13:34:35.806+0000] {processor.py:183} INFO - Processing /opt/airflow/dags/setup_dag.py took 0.091 seconds
[2026-02-09T13:35:05.931+0000] {processor.py:161} INFO - Started process (PID=41445) to work on /opt/airflow/dags/setup_dag.py
[2026-02-09T13:35:05.932+0000] {processor.py:830} INFO - Processing file /opt/airflow/dags/setup_dag.py for tasks to queue
[2026-02-09T13:35:05.933+0000] {logging_mixin.py:188} INFO - [2026-02-09T13:35:05.933+0000] {dagbag.py:538} INFO - Filling up the DagBag from /opt/airflow/dags/setup_dag.py
[2026-02-09T13:35:05.943+0000] {processor.py:840} INFO - DAG(s) 'fork2_dag' retrieved from /opt/airflow/dags/setup_dag.py
[2026-02-09T13:35:06.103+0000] {logging_mixin.py:188} INFO - [2026-02-09T13:35:06.103+0000] {dag.py:3036} INFO - Sync 1 DAGs
[2026-02-09T13:35:06.134+0000] {logging_mixin.py:188} INFO - [2026-02-09T13:35:06.133+0000] {dag.py:3823} INFO - Setting next_dagrun for fork2_dag to 2026-02-09 13:34:50+00:00, run_after=2026-02-09 13:35:00+00:00
[2026-02-09T13:35:06.163+0000] {processor.py:183} INFO - Processing /opt/airflow/dags/setup_dag.py took 0.240 seconds
[2026-02-09T13:35:36.231+0000] {processor.py:161} INFO - Started process (PID=41517) to work on /opt/airflow/dags/setup_dag.py
[2026-02-09T13:35:36.232+0000] {processor.py:830} INFO - Processing file /opt/airflow/dags/setup_dag.py for tasks to queue
[2026-02-09T13:35:36.234+0000] {logging_mixin.py:188} INFO - [2026-02-09T13:35:36.233+0000] {dagbag.py:538} INFO - Filling up the DagBag from /opt/airflow/dags/setup_dag.py
[2026-02-09T13:35:36.243+0000] {processor.py:840} INFO - DAG(s) 'fork2_dag' retrieved from /opt/airflow/dags/setup_dag.py
[2026-02-09T13:35:36.277+0000] {logging_mixin.py:188} INFO - [2026-02-09T13:35:36.277+0000] {dag.py:3036} INFO - Sync 1 DAGs
[2026-02-09T13:35:36.317+0000] {logging_mixin.py:188} INFO - [2026-02-09T13:35:36.317+0000] {dag.py:3823} INFO - Setting next_dagrun for fork2_dag to 2026-02-09 13:35:20+00:00, run_after=2026-02-09 13:35:30+00:00
[2026-02-09T13:35:36.347+0000] {processor.py:183} INFO - Processing /opt/airflow/dags/setup_dag.py took 0.121 seconds
[2026-02-09T13:36:06.895+0000] {processor.py:161} INFO - Started process (PID=41590) to work on /opt/airflow/dags/setup_dag.py
[2026-02-09T13:36:06.897+0000] {processor.py:830} INFO - Processing file /opt/airflow/dags/setup_dag.py for tasks to queue
[2026-02-09T13:36:06.898+0000] {logging_mixin.py:188} INFO - [2026-02-09T13:36:06.898+0000] {dagbag.py:538} INFO - Filling up the DagBag from /opt/airflow/dags/setup_dag.py
[2026-02-09T13:36:06.908+0000] {processor.py:840} INFO - DAG(s) 'fork2_dag' retrieved from /opt/airflow/dags/setup_dag.py
[2026-02-09T13:36:06.926+0000] {logging_mixin.py:188} INFO - [2026-02-09T13:36:06.926+0000] {dag.py:3036} INFO - Sync 1 DAGs
[2026-02-09T13:36:06.967+0000] {logging_mixin.py:188} INFO - [2026-02-09T13:36:06.967+0000] {dag.py:3823} INFO - Setting next_dagrun for fork2_dag to 2026-02-09 13:35:50+00:00, run_after=2026-02-09 13:36:00+00:00
[2026-02-09T13:36:06.995+0000] {processor.py:183} INFO - Processing /opt/airflow/dags/setup_dag.py took 0.105 seconds
[2026-02-09T13:36:37.238+0000] {processor.py:161} INFO - Started process (PID=41664) to work on /opt/airflow/dags/setup_dag.py
[2026-02-09T13:36:37.240+0000] {processor.py:830} INFO - Processing file /opt/airflow/dags/setup_dag.py for tasks to queue
[2026-02-09T13:36:37.241+0000] {logging_mixin.py:188} INFO - [2026-02-09T13:36:37.240+0000] {dagbag.py:538} INFO - Filling up the DagBag from /opt/airflow/dags/setup_dag.py
[2026-02-09T13:36:37.251+0000] {processor.py:840} INFO - DAG(s) 'fork2_dag' retrieved from /opt/airflow/dags/setup_dag.py
[2026-02-09T13:36:37.413+0000] {logging_mixin.py:188} INFO - [2026-02-09T13:36:37.413+0000] {dag.py:3036} INFO - Sync 1 DAGs
[2026-02-09T13:36:37.451+0000] {logging_mixin.py:188} INFO - [2026-02-09T13:36:37.450+0000] {dag.py:3823} INFO - Setting next_dagrun for fork2_dag to 2026-02-09 13:36:20+00:00, run_after=2026-02-09 13:36:30+00:00
[2026-02-09T13:36:37.478+0000] {processor.py:183} INFO - Processing /opt/airflow/dags/setup_dag.py took 0.245 seconds
[2026-02-09T13:37:07.779+0000] {processor.py:161} INFO - Started process (PID=41738) to work on /opt/airflow/dags/setup_dag.py
[2026-02-09T13:37:07.780+0000] {processor.py:830} INFO - Processing file /opt/airflow/dags/setup_dag.py for tasks to queue
[2026-02-09T13:37:07.781+0000] {logging_mixin.py:188} INFO - [2026-02-09T13:37:07.781+0000] {dagbag.py:538} INFO - Filling up the DagBag from /opt/airflow/dags/setup_dag.py
[2026-02-09T13:37:07.792+0000] {processor.py:840} INFO - DAG(s) 'fork2_dag' retrieved from /opt/airflow/dags/setup_dag.py
[2026-02-09T13:37:07.822+0000] {logging_mixin.py:188} INFO - [2026-02-09T13:37:07.822+0000] {dag.py:3036} INFO - Sync 1 DAGs
[2026-02-09T13:37:07.858+0000] {logging_mixin.py:188} INFO - [2026-02-09T13:37:07.857+0000] {dag.py:3823} INFO - Setting next_dagrun for fork2_dag to 2026-02-09 13:36:50+00:00, run_after=2026-02-09 13:37:00+00:00
[2026-02-09T13:37:07.886+0000] {processor.py:183} INFO - Processing /opt/airflow/dags/setup_dag.py took 0.113 seconds
[2026-02-09T13:37:38.545+0000] {processor.py:161} INFO - Started process (PID=41821) to work on /opt/airflow/dags/setup_dag.py
[2026-02-09T13:37:38.547+0000] {processor.py:830} INFO - Processing file /opt/airflow/dags/setup_dag.py for tasks to queue
[2026-02-09T13:37:38.548+0000] {logging_mixin.py:188} INFO - [2026-02-09T13:37:38.548+0000] {dagbag.py:538} INFO - Filling up the DagBag from /opt/airflow/dags/setup_dag.py
[2026-02-09T13:37:38.559+0000] {processor.py:840} INFO - DAG(s) 'fork2_dag' retrieved from /opt/airflow/dags/setup_dag.py
[2026-02-09T13:37:38.577+0000] {logging_mixin.py:188} INFO - [2026-02-09T13:37:38.577+0000] {dag.py:3036} INFO - Sync 1 DAGs
[2026-02-09T13:37:38.618+0000] {logging_mixin.py:188} INFO - [2026-02-09T13:37:38.618+0000] {dag.py:3823} INFO - Setting next_dagrun for fork2_dag to 2026-02-09 13:37:20+00:00, run_after=2026-02-09 13:37:30+00:00
[2026-02-09T13:37:38.654+0000] {processor.py:183} INFO - Processing /opt/airflow/dags/setup_dag.py took 0.114 seconds
[2026-02-09T13:38:09.137+0000] {processor.py:161} INFO - Started process (PID=41896) to work on /opt/airflow/dags/setup_dag.py
[2026-02-09T13:38:09.138+0000] {processor.py:830} INFO - Processing file /opt/airflow/dags/setup_dag.py for tasks to queue
[2026-02-09T13:38:09.139+0000] {logging_mixin.py:188} INFO - [2026-02-09T13:38:09.139+0000] {dagbag.py:538} INFO - Filling up the DagBag from /opt/airflow/dags/setup_dag.py
[2026-02-09T13:38:09.150+0000] {processor.py:840} INFO - DAG(s) 'fork2_dag' retrieved from /opt/airflow/dags/setup_dag.py
[2026-02-09T13:38:09.310+0000] {logging_mixin.py:188} INFO - [2026-02-09T13:38:09.310+0000] {dag.py:3036} INFO - Sync 1 DAGs
[2026-02-09T13:38:09.342+0000] {logging_mixin.py:188} INFO - [2026-02-09T13:38:09.342+0000] {dag.py:3823} INFO - Setting next_dagrun for fork2_dag to 2026-02-09 13:37:50+00:00, run_after=2026-02-09 13:38:00+00:00
[2026-02-09T13:38:09.376+0000] {processor.py:183} INFO - Processing /opt/airflow/dags/setup_dag.py took 0.244 seconds
[2026-02-09T13:38:39.567+0000] {processor.py:161} INFO - Started process (PID=41970) to work on /opt/airflow/dags/setup_dag.py
[2026-02-09T13:38:39.569+0000] {processor.py:830} INFO - Processing file /opt/airflow/dags/setup_dag.py for tasks to queue
[2026-02-09T13:38:39.570+0000] {logging_mixin.py:188} INFO - [2026-02-09T13:38:39.570+0000] {dagbag.py:538} INFO - Filling up the DagBag from /opt/airflow/dags/setup_dag.py
[2026-02-09T13:38:39.580+0000] {processor.py:840} INFO - DAG(s) 'fork2_dag' retrieved from /opt/airflow/dags/setup_dag.py
[2026-02-09T13:38:39.611+0000] {logging_mixin.py:188} INFO - [2026-02-09T13:38:39.610+0000] {dag.py:3036} INFO - Sync 1 DAGs
[2026-02-09T13:38:39.651+0000] {logging_mixin.py:188} INFO - [2026-02-09T13:38:39.651+0000] {dag.py:3823} INFO - Setting next_dagrun for fork2_dag to 2026-02-09 13:38:20+00:00, run_after=2026-02-09 13:38:30+00:00
[2026-02-09T13:38:39.683+0000] {processor.py:183} INFO - Processing /opt/airflow/dags/setup_dag.py took 0.121 seconds
[2026-02-09T13:39:10.173+0000] {processor.py:161} INFO - Started process (PID=42045) to work on /opt/airflow/dags/setup_dag.py
[2026-02-09T13:39:10.175+0000] {processor.py:830} INFO - Processing file /opt/airflow/dags/setup_dag.py for tasks to queue
[2026-02-09T13:39:10.176+0000] {logging_mixin.py:188} INFO - [2026-02-09T13:39:10.175+0000] {dagbag.py:538} INFO - Filling up the DagBag from /opt/airflow/dags/setup_dag.py
[2026-02-09T13:39:10.185+0000] {processor.py:840} INFO - DAG(s) 'fork2_dag' retrieved from /opt/airflow/dags/setup_dag.py
[2026-02-09T13:39:10.203+0000] {logging_mixin.py:188} INFO - [2026-02-09T13:39:10.203+0000] {dag.py:3036} INFO - Sync 1 DAGs
[2026-02-09T13:39:10.239+0000] {logging_mixin.py:188} INFO - [2026-02-09T13:39:10.238+0000] {dag.py:3823} INFO - Setting next_dagrun for fork2_dag to 2026-02-09 13:39:00+00:00, run_after=2026-02-09 13:39:10+00:00
[2026-02-09T13:39:10.265+0000] {processor.py:183} INFO - Processing /opt/airflow/dags/setup_dag.py took 0.097 seconds
[2026-02-09T13:39:40.855+0000] {processor.py:161} INFO - Started process (PID=42119) to work on /opt/airflow/dags/setup_dag.py
[2026-02-09T13:39:40.857+0000] {processor.py:830} INFO - Processing file /opt/airflow/dags/setup_dag.py for tasks to queue
[2026-02-09T13:39:40.858+0000] {logging_mixin.py:188} INFO - [2026-02-09T13:39:40.857+0000] {dagbag.py:538} INFO - Filling up the DagBag from /opt/airflow/dags/setup_dag.py
[2026-02-09T13:39:40.869+0000] {processor.py:840} INFO - DAG(s) 'fork2_dag' retrieved from /opt/airflow/dags/setup_dag.py
[2026-02-09T13:39:41.039+0000] {logging_mixin.py:188} INFO - [2026-02-09T13:39:41.038+0000] {dag.py:3036} INFO - Sync 1 DAGs
[2026-02-09T13:39:41.071+0000] {logging_mixin.py:188} INFO - [2026-02-09T13:39:41.071+0000] {dag.py:3823} INFO - Setting next_dagrun for fork2_dag to 2026-02-09 13:39:30+00:00, run_after=2026-02-09 13:39:40+00:00
[2026-02-09T13:39:41.104+0000] {processor.py:183} INFO - Processing /opt/airflow/dags/setup_dag.py took 0.255 seconds
[2026-02-09T13:40:11.153+0000] {processor.py:161} INFO - Started process (PID=42193) to work on /opt/airflow/dags/setup_dag.py
[2026-02-09T13:40:11.154+0000] {processor.py:830} INFO - Processing file /opt/airflow/dags/setup_dag.py for tasks to queue
[2026-02-09T13:40:11.156+0000] {logging_mixin.py:188} INFO - [2026-02-09T13:40:11.155+0000] {dagbag.py:538} INFO - Filling up the DagBag from /opt/airflow/dags/setup_dag.py
[2026-02-09T13:40:11.167+0000] {processor.py:840} INFO - DAG(s) 'fork2_dag' retrieved from /opt/airflow/dags/setup_dag.py
[2026-02-09T13:40:11.200+0000] {logging_mixin.py:188} INFO - [2026-02-09T13:40:11.200+0000] {dag.py:3036} INFO - Sync 1 DAGs
[2026-02-09T13:40:11.245+0000] {logging_mixin.py:188} INFO - [2026-02-09T13:40:11.244+0000] {dag.py:3823} INFO - Setting next_dagrun for fork2_dag to 2026-02-09 13:40:00+00:00, run_after=2026-02-09 13:40:10+00:00
[2026-02-09T13:40:11.276+0000] {processor.py:183} INFO - Processing /opt/airflow/dags/setup_dag.py took 0.129 seconds
[2026-02-09T13:40:41.945+0000] {processor.py:161} INFO - Started process (PID=42272) to work on /opt/airflow/dags/setup_dag.py
[2026-02-09T13:40:41.947+0000] {processor.py:830} INFO - Processing file /opt/airflow/dags/setup_dag.py for tasks to queue
[2026-02-09T13:40:41.948+0000] {logging_mixin.py:188} INFO - [2026-02-09T13:40:41.947+0000] {dagbag.py:538} INFO - Filling up the DagBag from /opt/airflow/dags/setup_dag.py
[2026-02-09T13:40:41.959+0000] {processor.py:840} INFO - DAG(s) 'fork2_dag' retrieved from /opt/airflow/dags/setup_dag.py
[2026-02-09T13:40:41.979+0000] {logging_mixin.py:188} INFO - [2026-02-09T13:40:41.978+0000] {dag.py:3036} INFO - Sync 1 DAGs
[2026-02-09T13:40:42.026+0000] {logging_mixin.py:188} INFO - [2026-02-09T13:40:42.026+0000] {dag.py:3823} INFO - Setting next_dagrun for fork2_dag to 2026-02-09 13:40:30+00:00, run_after=2026-02-09 13:40:40+00:00
[2026-02-09T13:40:42.062+0000] {processor.py:183} INFO - Processing /opt/airflow/dags/setup_dag.py took 0.123 seconds
[2026-02-09T13:41:12.745+0000] {processor.py:161} INFO - Started process (PID=42347) to work on /opt/airflow/dags/setup_dag.py
[2026-02-09T13:41:12.747+0000] {processor.py:830} INFO - Processing file /opt/airflow/dags/setup_dag.py for tasks to queue
[2026-02-09T13:41:12.749+0000] {logging_mixin.py:188} INFO - [2026-02-09T13:41:12.748+0000] {dagbag.py:538} INFO - Filling up the DagBag from /opt/airflow/dags/setup_dag.py
[2026-02-09T13:41:12.759+0000] {processor.py:840} INFO - DAG(s) 'fork2_dag' retrieved from /opt/airflow/dags/setup_dag.py
[2026-02-09T13:41:12.958+0000] {logging_mixin.py:188} INFO - [2026-02-09T13:41:12.957+0000] {dag.py:3036} INFO - Sync 1 DAGs
[2026-02-09T13:41:12.988+0000] {logging_mixin.py:188} INFO - [2026-02-09T13:41:12.987+0000] {dag.py:3823} INFO - Setting next_dagrun for fork2_dag to 2026-02-09 13:41:00+00:00, run_after=2026-02-09 13:41:10+00:00
[2026-02-09T13:41:13.013+0000] {processor.py:183} INFO - Processing /opt/airflow/dags/setup_dag.py took 0.273 seconds
[2026-02-09T13:41:43.404+0000] {processor.py:161} INFO - Started process (PID=42422) to work on /opt/airflow/dags/setup_dag.py
[2026-02-09T13:41:43.405+0000] {processor.py:830} INFO - Processing file /opt/airflow/dags/setup_dag.py for tasks to queue
[2026-02-09T13:41:43.406+0000] {logging_mixin.py:188} INFO - [2026-02-09T13:41:43.406+0000] {dagbag.py:538} INFO - Filling up the DagBag from /opt/airflow/dags/setup_dag.py
[2026-02-09T13:41:43.417+0000] {processor.py:840} INFO - DAG(s) 'fork2_dag' retrieved from /opt/airflow/dags/setup_dag.py
[2026-02-09T13:41:43.449+0000] {logging_mixin.py:188} INFO - [2026-02-09T13:41:43.448+0000] {dag.py:3036} INFO - Sync 1 DAGs
[2026-02-09T13:41:43.484+0000] {logging_mixin.py:188} INFO - [2026-02-09T13:41:43.483+0000] {dag.py:3823} INFO - Setting next_dagrun for fork2_dag to 2026-02-09 13:41:30+00:00, run_after=2026-02-09 13:41:40+00:00
[2026-02-09T13:41:43.510+0000] {processor.py:183} INFO - Processing /opt/airflow/dags/setup_dag.py took 0.111 seconds
[2026-02-09T13:42:14.099+0000] {processor.py:161} INFO - Started process (PID=42496) to work on /opt/airflow/dags/setup_dag.py
[2026-02-09T13:42:14.101+0000] {processor.py:830} INFO - Processing file /opt/airflow/dags/setup_dag.py for tasks to queue
[2026-02-09T13:42:14.102+0000] {logging_mixin.py:188} INFO - [2026-02-09T13:42:14.102+0000] {dagbag.py:538} INFO - Filling up the DagBag from /opt/airflow/dags/setup_dag.py
[2026-02-09T13:42:14.112+0000] {processor.py:840} INFO - DAG(s) 'fork2_dag' retrieved from /opt/airflow/dags/setup_dag.py
[2026-02-09T13:42:14.130+0000] {logging_mixin.py:188} INFO - [2026-02-09T13:42:14.130+0000] {dag.py:3036} INFO - Sync 1 DAGs
[2026-02-09T13:42:14.173+0000] {logging_mixin.py:188} INFO - [2026-02-09T13:42:14.173+0000] {dag.py:3823} INFO - Setting next_dagrun for fork2_dag to 2026-02-09 13:42:00+00:00, run_after=2026-02-09 13:42:10+00:00
[2026-02-09T13:42:14.210+0000] {processor.py:183} INFO - Processing /opt/airflow/dags/setup_dag.py took 0.116 seconds
[2026-02-09T13:42:44.493+0000] {processor.py:161} INFO - Started process (PID=42569) to work on /opt/airflow/dags/setup_dag.py
[2026-02-09T13:42:44.494+0000] {processor.py:830} INFO - Processing file /opt/airflow/dags/setup_dag.py for tasks to queue
[2026-02-09T13:42:44.495+0000] {logging_mixin.py:188} INFO - [2026-02-09T13:42:44.495+0000] {dagbag.py:538} INFO - Filling up the DagBag from /opt/airflow/dags/setup_dag.py
[2026-02-09T13:42:44.508+0000] {processor.py:840} INFO - DAG(s) 'fork2_dag' retrieved from /opt/airflow/dags/setup_dag.py
[2026-02-09T13:42:44.671+0000] {logging_mixin.py:188} INFO - [2026-02-09T13:42:44.671+0000] {dag.py:3036} INFO - Sync 1 DAGs
[2026-02-09T13:42:44.706+0000] {logging_mixin.py:188} INFO - [2026-02-09T13:42:44.705+0000] {dag.py:3823} INFO - Setting next_dagrun for fork2_dag to 2026-02-09 13:42:30+00:00, run_after=2026-02-09 13:42:40+00:00
[2026-02-09T13:42:44.731+0000] {processor.py:183} INFO - Processing /opt/airflow/dags/setup_dag.py took 0.244 seconds
[2026-02-09T13:43:14.790+0000] {processor.py:161} INFO - Started process (PID=42645) to work on /opt/airflow/dags/setup_dag.py
[2026-02-09T13:43:14.792+0000] {processor.py:830} INFO - Processing file /opt/airflow/dags/setup_dag.py for tasks to queue
[2026-02-09T13:43:14.793+0000] {logging_mixin.py:188} INFO - [2026-02-09T13:43:14.793+0000] {dagbag.py:538} INFO - Filling up the DagBag from /opt/airflow/dags/setup_dag.py
[2026-02-09T13:43:14.803+0000] {processor.py:840} INFO - DAG(s) 'fork2_dag' retrieved from /opt/airflow/dags/setup_dag.py
[2026-02-09T13:43:14.837+0000] {logging_mixin.py:188} INFO - [2026-02-09T13:43:14.837+0000] {dag.py:3036} INFO - Sync 1 DAGs
[2026-02-09T13:43:14.878+0000] {logging_mixin.py:188} INFO - [2026-02-09T13:43:14.877+0000] {dag.py:3823} INFO - Setting next_dagrun for fork2_dag to 2026-02-09 13:43:00+00:00, run_after=2026-02-09 13:43:10+00:00
[2026-02-09T13:43:14.908+0000] {processor.py:183} INFO - Processing /opt/airflow/dags/setup_dag.py took 0.122 seconds
[2026-02-09T13:43:45.071+0000] {processor.py:161} INFO - Started process (PID=42718) to work on /opt/airflow/dags/setup_dag.py
[2026-02-09T13:43:45.073+0000] {processor.py:830} INFO - Processing file /opt/airflow/dags/setup_dag.py for tasks to queue
[2026-02-09T13:43:45.074+0000] {logging_mixin.py:188} INFO - [2026-02-09T13:43:45.074+0000] {dagbag.py:538} INFO - Filling up the DagBag from /opt/airflow/dags/setup_dag.py
[2026-02-09T13:43:45.084+0000] {processor.py:840} INFO - DAG(s) 'fork2_dag' retrieved from /opt/airflow/dags/setup_dag.py
[2026-02-09T13:43:45.102+0000] {logging_mixin.py:188} INFO - [2026-02-09T13:43:45.102+0000] {dag.py:3036} INFO - Sync 1 DAGs
[2026-02-09T13:43:45.144+0000] {logging_mixin.py:188} INFO - [2026-02-09T13:43:45.143+0000] {dag.py:3823} INFO - Setting next_dagrun for fork2_dag to 2026-02-09 13:43:30+00:00, run_after=2026-02-09 13:43:40+00:00
[2026-02-09T13:43:45.176+0000] {processor.py:183} INFO - Processing /opt/airflow/dags/setup_dag.py took 0.110 seconds
[2026-02-09T13:44:15.670+0000] {processor.py:161} INFO - Started process (PID=42801) to work on /opt/airflow/dags/setup_dag.py
[2026-02-09T13:44:15.672+0000] {processor.py:830} INFO - Processing file /opt/airflow/dags/setup_dag.py for tasks to queue
[2026-02-09T13:44:15.674+0000] {logging_mixin.py:188} INFO - [2026-02-09T13:44:15.673+0000] {dagbag.py:538} INFO - Filling up the DagBag from /opt/airflow/dags/setup_dag.py
[2026-02-09T13:44:15.685+0000] {processor.py:840} INFO - DAG(s) 'fork2_dag' retrieved from /opt/airflow/dags/setup_dag.py
[2026-02-09T13:44:15.850+0000] {logging_mixin.py:188} INFO - [2026-02-09T13:44:15.850+0000] {dag.py:3036} INFO - Sync 1 DAGs
[2026-02-09T13:44:15.886+0000] {logging_mixin.py:188} INFO - [2026-02-09T13:44:15.886+0000] {dag.py:3823} INFO - Setting next_dagrun for fork2_dag to 2026-02-09 13:44:00+00:00, run_after=2026-02-09 13:44:10+00:00
[2026-02-09T13:44:15.918+0000] {processor.py:183} INFO - Processing /opt/airflow/dags/setup_dag.py took 0.253 seconds
[2026-02-09T13:44:46.084+0000] {processor.py:161} INFO - Started process (PID=42875) to work on /opt/airflow/dags/setup_dag.py
[2026-02-09T13:44:46.085+0000] {processor.py:830} INFO - Processing file /opt/airflow/dags/setup_dag.py for tasks to queue
[2026-02-09T13:44:46.087+0000] {logging_mixin.py:188} INFO - [2026-02-09T13:44:46.086+0000] {dagbag.py:538} INFO - Filling up the DagBag from /opt/airflow/dags/setup_dag.py
[2026-02-09T13:44:46.099+0000] {processor.py:840} INFO - DAG(s) 'fork2_dag' retrieved from /opt/airflow/dags/setup_dag.py
[2026-02-09T13:44:46.135+0000] {logging_mixin.py:188} INFO - [2026-02-09T13:44:46.135+0000] {dag.py:3036} INFO - Sync 1 DAGs
[2026-02-09T13:44:46.180+0000] {logging_mixin.py:188} INFO - [2026-02-09T13:44:46.179+0000] {dag.py:3823} INFO - Setting next_dagrun for fork2_dag to 2026-02-09 13:44:30+00:00, run_after=2026-02-09 13:44:40+00:00
[2026-02-09T13:44:46.215+0000] {processor.py:183} INFO - Processing /opt/airflow/dags/setup_dag.py took 0.138 seconds
[2026-02-09T13:45:16.586+0000] {processor.py:161} INFO - Started process (PID=42949) to work on /opt/airflow/dags/setup_dag.py
[2026-02-09T13:45:16.588+0000] {processor.py:830} INFO - Processing file /opt/airflow/dags/setup_dag.py for tasks to queue
[2026-02-09T13:45:16.589+0000] {logging_mixin.py:188} INFO - [2026-02-09T13:45:16.589+0000] {dagbag.py:538} INFO - Filling up the DagBag from /opt/airflow/dags/setup_dag.py
[2026-02-09T13:45:16.599+0000] {processor.py:840} INFO - DAG(s) 'fork2_dag' retrieved from /opt/airflow/dags/setup_dag.py
[2026-02-09T13:45:16.619+0000] {logging_mixin.py:188} INFO - [2026-02-09T13:45:16.619+0000] {dag.py:3036} INFO - Sync 1 DAGs
[2026-02-09T13:45:16.657+0000] {logging_mixin.py:188} INFO - [2026-02-09T13:45:16.656+0000] {dag.py:3823} INFO - Setting next_dagrun for fork2_dag to 2026-02-09 13:45:00+00:00, run_after=2026-02-09 13:45:10+00:00
[2026-02-09T13:45:16.688+0000] {processor.py:183} INFO - Processing /opt/airflow/dags/setup_dag.py took 0.108 seconds
[2026-02-09T13:45:46.930+0000] {processor.py:161} INFO - Started process (PID=43024) to work on /opt/airflow/dags/setup_dag.py
[2026-02-09T13:45:46.931+0000] {processor.py:830} INFO - Processing file /opt/airflow/dags/setup_dag.py for tasks to queue
[2026-02-09T13:45:46.933+0000] {logging_mixin.py:188} INFO - [2026-02-09T13:45:46.932+0000] {dagbag.py:538} INFO - Filling up the DagBag from /opt/airflow/dags/setup_dag.py
[2026-02-09T13:45:46.943+0000] {processor.py:840} INFO - DAG(s) 'fork2_dag' retrieved from /opt/airflow/dags/setup_dag.py
[2026-02-09T13:45:47.137+0000] {logging_mixin.py:188} INFO - [2026-02-09T13:45:47.136+0000] {dag.py:3036} INFO - Sync 1 DAGs
[2026-02-09T13:45:47.172+0000] {logging_mixin.py:188} INFO - [2026-02-09T13:45:47.171+0000] {dag.py:3823} INFO - Setting next_dagrun for fork2_dag to 2026-02-09 13:45:30+00:00, run_after=2026-02-09 13:45:40+00:00
[2026-02-09T13:45:47.199+0000] {processor.py:183} INFO - Processing /opt/airflow/dags/setup_dag.py took 0.274 seconds
[2026-02-09T13:46:17.376+0000] {processor.py:161} INFO - Started process (PID=43099) to work on /opt/airflow/dags/setup_dag.py
[2026-02-09T13:46:17.378+0000] {processor.py:830} INFO - Processing file /opt/airflow/dags/setup_dag.py for tasks to queue
[2026-02-09T13:46:17.379+0000] {logging_mixin.py:188} INFO - [2026-02-09T13:46:17.379+0000] {dagbag.py:538} INFO - Filling up the DagBag from /opt/airflow/dags/setup_dag.py
[2026-02-09T13:46:17.388+0000] {processor.py:840} INFO - DAG(s) 'fork2_dag' retrieved from /opt/airflow/dags/setup_dag.py
[2026-02-09T13:46:17.417+0000] {logging_mixin.py:188} INFO - [2026-02-09T13:46:17.417+0000] {dag.py:3036} INFO - Sync 1 DAGs
[2026-02-09T13:46:17.449+0000] {logging_mixin.py:188} INFO - [2026-02-09T13:46:17.449+0000] {dag.py:3823} INFO - Setting next_dagrun for fork2_dag to 2026-02-09 13:46:00+00:00, run_after=2026-02-09 13:46:10+00:00
[2026-02-09T13:46:17.477+0000] {processor.py:183} INFO - Processing /opt/airflow/dags/setup_dag.py took 0.106 seconds
[2026-02-09T13:46:47.747+0000] {processor.py:161} INFO - Started process (PID=43173) to work on /opt/airflow/dags/setup_dag.py
[2026-02-09T13:46:47.749+0000] {processor.py:830} INFO - Processing file /opt/airflow/dags/setup_dag.py for tasks to queue
[2026-02-09T13:46:47.750+0000] {logging_mixin.py:188} INFO - [2026-02-09T13:46:47.749+0000] {dagbag.py:538} INFO - Filling up the DagBag from /opt/airflow/dags/setup_dag.py
[2026-02-09T13:46:47.759+0000] {processor.py:840} INFO - DAG(s) 'fork2_dag' retrieved from /opt/airflow/dags/setup_dag.py
[2026-02-09T13:46:47.792+0000] {logging_mixin.py:188} INFO - [2026-02-09T13:46:47.791+0000] {dag.py:3036} INFO - Sync 1 DAGs
[2026-02-09T13:46:47.828+0000] {logging_mixin.py:188} INFO - [2026-02-09T13:46:47.827+0000] {dag.py:3823} INFO - Setting next_dagrun for fork2_dag to 2026-02-09 13:46:30+00:00, run_after=2026-02-09 13:46:40+00:00
[2026-02-09T13:46:47.860+0000] {processor.py:183} INFO - Processing /opt/airflow/dags/setup_dag.py took 0.118 seconds
[2026-02-09T13:47:18.068+0000] {processor.py:161} INFO - Started process (PID=43247) to work on /opt/airflow/dags/setup_dag.py
[2026-02-09T13:47:18.070+0000] {processor.py:830} INFO - Processing file /opt/airflow/dags/setup_dag.py for tasks to queue
[2026-02-09T13:47:18.071+0000] {logging_mixin.py:188} INFO - [2026-02-09T13:47:18.071+0000] {dagbag.py:538} INFO - Filling up the DagBag from /opt/airflow/dags/setup_dag.py
[2026-02-09T13:47:18.080+0000] {processor.py:840} INFO - DAG(s) 'fork2_dag' retrieved from /opt/airflow/dags/setup_dag.py
[2026-02-09T13:47:18.258+0000] {logging_mixin.py:188} INFO - [2026-02-09T13:47:18.258+0000] {dag.py:3036} INFO - Sync 1 DAGs
[2026-02-09T13:47:18.302+0000] {logging_mixin.py:188} INFO - [2026-02-09T13:47:18.302+0000] {dag.py:3823} INFO - Setting next_dagrun for fork2_dag to 2026-02-09 13:47:00+00:00, run_after=2026-02-09 13:47:10+00:00
[2026-02-09T13:47:18.337+0000] {processor.py:183} INFO - Processing /opt/airflow/dags/setup_dag.py took 0.274 seconds
[2026-02-09T13:47:48.387+0000] {processor.py:161} INFO - Started process (PID=43321) to work on /opt/airflow/dags/setup_dag.py
[2026-02-09T13:47:48.388+0000] {processor.py:830} INFO - Processing file /opt/airflow/dags/setup_dag.py for tasks to queue
[2026-02-09T13:47:48.390+0000] {logging_mixin.py:188} INFO - [2026-02-09T13:47:48.389+0000] {dagbag.py:538} INFO - Filling up the DagBag from /opt/airflow/dags/setup_dag.py
[2026-02-09T13:47:48.399+0000] {processor.py:840} INFO - DAG(s) 'fork2_dag' retrieved from /opt/airflow/dags/setup_dag.py
[2026-02-09T13:47:48.428+0000] {logging_mixin.py:188} INFO - [2026-02-09T13:47:48.428+0000] {dag.py:3036} INFO - Sync 1 DAGs
[2026-02-09T13:47:48.462+0000] {logging_mixin.py:188} INFO - [2026-02-09T13:47:48.462+0000] {dag.py:3823} INFO - Setting next_dagrun for fork2_dag to 2026-02-09 13:47:30+00:00, run_after=2026-02-09 13:47:40+00:00
[2026-02-09T13:47:48.489+0000] {processor.py:183} INFO - Processing /opt/airflow/dags/setup_dag.py took 0.107 seconds
[2026-02-09T13:48:18.857+0000] {processor.py:161} INFO - Started process (PID=43395) to work on /opt/airflow/dags/setup_dag.py
[2026-02-09T13:48:18.859+0000] {processor.py:830} INFO - Processing file /opt/airflow/dags/setup_dag.py for tasks to queue
[2026-02-09T13:48:18.861+0000] {logging_mixin.py:188} INFO - [2026-02-09T13:48:18.860+0000] {dagbag.py:538} INFO - Filling up the DagBag from /opt/airflow/dags/setup_dag.py
[2026-02-09T13:48:18.884+0000] {processor.py:840} INFO - DAG(s) 'fork2_dag' retrieved from /opt/airflow/dags/setup_dag.py
[2026-02-09T13:48:18.908+0000] {logging_mixin.py:188} INFO - [2026-02-09T13:48:18.907+0000] {dag.py:3036} INFO - Sync 1 DAGs
[2026-02-09T13:48:18.973+0000] {logging_mixin.py:188} INFO - [2026-02-09T13:48:18.972+0000] {dag.py:3823} INFO - Setting next_dagrun for fork2_dag to 2026-02-09 13:48:00+00:00, run_after=2026-02-09 13:48:10+00:00
[2026-02-09T13:48:19.012+0000] {processor.py:183} INFO - Processing /opt/airflow/dags/setup_dag.py took 0.161 seconds
[2026-02-09T13:48:49.173+0000] {processor.py:161} INFO - Started process (PID=43479) to work on /opt/airflow/dags/setup_dag.py
[2026-02-09T13:48:49.174+0000] {processor.py:830} INFO - Processing file /opt/airflow/dags/setup_dag.py for tasks to queue
[2026-02-09T13:48:49.175+0000] {logging_mixin.py:188} INFO - [2026-02-09T13:48:49.175+0000] {dagbag.py:538} INFO - Filling up the DagBag from /opt/airflow/dags/setup_dag.py
[2026-02-09T13:48:49.187+0000] {processor.py:840} INFO - DAG(s) 'fork2_dag' retrieved from /opt/airflow/dags/setup_dag.py
[2026-02-09T13:48:49.346+0000] {logging_mixin.py:188} INFO - [2026-02-09T13:48:49.345+0000] {dag.py:3036} INFO - Sync 1 DAGs
[2026-02-09T13:48:49.376+0000] {logging_mixin.py:188} INFO - [2026-02-09T13:48:49.376+0000] {dag.py:3823} INFO - Setting next_dagrun for fork2_dag to 2026-02-09 13:48:30+00:00, run_after=2026-02-09 13:48:40+00:00
[2026-02-09T13:48:49.402+0000] {processor.py:183} INFO - Processing /opt/airflow/dags/setup_dag.py took 0.235 seconds
[2026-02-09T13:49:20.375+0000] {processor.py:161} INFO - Started process (PID=43552) to work on /opt/airflow/dags/setup_dag.py
[2026-02-09T13:49:20.377+0000] {processor.py:830} INFO - Processing file /opt/airflow/dags/setup_dag.py for tasks to queue
[2026-02-09T13:49:20.378+0000] {logging_mixin.py:188} INFO - [2026-02-09T13:49:20.378+0000] {dagbag.py:538} INFO - Filling up the DagBag from /opt/airflow/dags/setup_dag.py
[2026-02-09T13:49:20.387+0000] {processor.py:840} INFO - DAG(s) 'fork2_dag' retrieved from /opt/airflow/dags/setup_dag.py
[2026-02-09T13:49:20.436+0000] {logging_mixin.py:188} INFO - [2026-02-09T13:49:20.436+0000] {dag.py:3036} INFO - Sync 1 DAGs
[2026-02-09T13:49:20.512+0000] {logging_mixin.py:188} INFO - [2026-02-09T13:49:20.512+0000] {dag.py:3823} INFO - Setting next_dagrun for fork2_dag to 2026-02-09 13:49:10+00:00, run_after=2026-02-09 13:49:20+00:00
[2026-02-09T13:49:20.549+0000] {processor.py:183} INFO - Processing /opt/airflow/dags/setup_dag.py took 0.179 seconds
[2026-02-09T13:49:51.001+0000] {processor.py:161} INFO - Started process (PID=43626) to work on /opt/airflow/dags/setup_dag.py
[2026-02-09T13:49:51.003+0000] {processor.py:830} INFO - Processing file /opt/airflow/dags/setup_dag.py for tasks to queue
[2026-02-09T13:49:51.004+0000] {logging_mixin.py:188} INFO - [2026-02-09T13:49:51.003+0000] {dagbag.py:538} INFO - Filling up the DagBag from /opt/airflow/dags/setup_dag.py
[2026-02-09T13:49:51.013+0000] {processor.py:840} INFO - DAG(s) 'fork2_dag' retrieved from /opt/airflow/dags/setup_dag.py
[2026-02-09T13:49:51.032+0000] {logging_mixin.py:188} INFO - [2026-02-09T13:49:51.031+0000] {dag.py:3036} INFO - Sync 1 DAGs
[2026-02-09T13:49:51.069+0000] {logging_mixin.py:188} INFO - [2026-02-09T13:49:51.068+0000] {dag.py:3823} INFO - Setting next_dagrun for fork2_dag to 2026-02-09 13:49:40+00:00, run_after=2026-02-09 13:49:50+00:00
[2026-02-09T13:49:51.096+0000] {processor.py:183} INFO - Processing /opt/airflow/dags/setup_dag.py took 0.099 seconds
[2026-02-09T13:50:21.280+0000] {processor.py:161} INFO - Started process (PID=43700) to work on /opt/airflow/dags/setup_dag.py
[2026-02-09T13:50:21.282+0000] {processor.py:830} INFO - Processing file /opt/airflow/dags/setup_dag.py for tasks to queue
[2026-02-09T13:50:21.283+0000] {logging_mixin.py:188} INFO - [2026-02-09T13:50:21.282+0000] {dagbag.py:538} INFO - Filling up the DagBag from /opt/airflow/dags/setup_dag.py
[2026-02-09T13:50:21.292+0000] {processor.py:840} INFO - DAG(s) 'fork2_dag' retrieved from /opt/airflow/dags/setup_dag.py
[2026-02-09T13:50:21.495+0000] {logging_mixin.py:188} INFO - [2026-02-09T13:50:21.495+0000] {dag.py:3036} INFO - Sync 1 DAGs
[2026-02-09T13:50:21.532+0000] {logging_mixin.py:188} INFO - [2026-02-09T13:50:21.532+0000] {dag.py:3823} INFO - Setting next_dagrun for fork2_dag to 2026-02-09 13:50:10+00:00, run_after=2026-02-09 13:50:20+00:00
[2026-02-09T13:50:21.558+0000] {processor.py:183} INFO - Processing /opt/airflow/dags/setup_dag.py took 0.283 seconds
[2026-02-09T13:50:51.658+0000] {processor.py:161} INFO - Started process (PID=43773) to work on /opt/airflow/dags/setup_dag.py
[2026-02-09T13:50:51.659+0000] {processor.py:830} INFO - Processing file /opt/airflow/dags/setup_dag.py for tasks to queue
[2026-02-09T13:50:51.660+0000] {logging_mixin.py:188} INFO - [2026-02-09T13:50:51.660+0000] {dagbag.py:538} INFO - Filling up the DagBag from /opt/airflow/dags/setup_dag.py
[2026-02-09T13:50:51.671+0000] {processor.py:840} INFO - DAG(s) 'fork2_dag' retrieved from /opt/airflow/dags/setup_dag.py
[2026-02-09T13:50:51.703+0000] {logging_mixin.py:188} INFO - [2026-02-09T13:50:51.702+0000] {dag.py:3036} INFO - Sync 1 DAGs
[2026-02-09T13:50:51.739+0000] {logging_mixin.py:188} INFO - [2026-02-09T13:50:51.738+0000] {dag.py:3823} INFO - Setting next_dagrun for fork2_dag to 2026-02-09 13:50:40+00:00, run_after=2026-02-09 13:50:50+00:00
[2026-02-09T13:50:51.770+0000] {processor.py:183} INFO - Processing /opt/airflow/dags/setup_dag.py took 0.118 seconds
[2026-02-09T13:51:22.049+0000] {processor.py:161} INFO - Started process (PID=43848) to work on /opt/airflow/dags/setup_dag.py
[2026-02-09T13:51:22.050+0000] {processor.py:830} INFO - Processing file /opt/airflow/dags/setup_dag.py for tasks to queue
[2026-02-09T13:51:22.051+0000] {logging_mixin.py:188} INFO - [2026-02-09T13:51:22.051+0000] {dagbag.py:538} INFO - Filling up the DagBag from /opt/airflow/dags/setup_dag.py
[2026-02-09T13:51:22.063+0000] {processor.py:840} INFO - DAG(s) 'fork2_dag' retrieved from /opt/airflow/dags/setup_dag.py
[2026-02-09T13:51:22.084+0000] {logging_mixin.py:188} INFO - [2026-02-09T13:51:22.083+0000] {dag.py:3036} INFO - Sync 1 DAGs
[2026-02-09T13:51:22.124+0000] {logging_mixin.py:188} INFO - [2026-02-09T13:51:22.124+0000] {dag.py:3823} INFO - Setting next_dagrun for fork2_dag to 2026-02-09 13:51:10+00:00, run_after=2026-02-09 13:51:20+00:00
[2026-02-09T13:51:22.158+0000] {processor.py:183} INFO - Processing /opt/airflow/dags/setup_dag.py took 0.115 seconds
[2026-02-09T13:51:52.334+0000] {processor.py:161} INFO - Started process (PID=43922) to work on /opt/airflow/dags/setup_dag.py
[2026-02-09T13:51:52.335+0000] {processor.py:830} INFO - Processing file /opt/airflow/dags/setup_dag.py for tasks to queue
[2026-02-09T13:51:52.336+0000] {logging_mixin.py:188} INFO - [2026-02-09T13:51:52.336+0000] {dagbag.py:538} INFO - Filling up the DagBag from /opt/airflow/dags/setup_dag.py
[2026-02-09T13:51:52.346+0000] {processor.py:840} INFO - DAG(s) 'fork2_dag' retrieved from /opt/airflow/dags/setup_dag.py
[2026-02-09T13:51:52.523+0000] {logging_mixin.py:188} INFO - [2026-02-09T13:51:52.522+0000] {dag.py:3036} INFO - Sync 1 DAGs
[2026-02-09T13:51:52.562+0000] {logging_mixin.py:188} INFO - [2026-02-09T13:51:52.562+0000] {dag.py:3823} INFO - Setting next_dagrun for fork2_dag to 2026-02-09 13:51:40+00:00, run_after=2026-02-09 13:51:50+00:00
[2026-02-09T13:51:52.597+0000] {processor.py:183} INFO - Processing /opt/airflow/dags/setup_dag.py took 0.268 seconds
[2026-02-09T13:52:22.721+0000] {processor.py:161} INFO - Started process (PID=44005) to work on /opt/airflow/dags/setup_dag.py
[2026-02-09T13:52:22.723+0000] {processor.py:830} INFO - Processing file /opt/airflow/dags/setup_dag.py for tasks to queue
[2026-02-09T13:52:22.724+0000] {logging_mixin.py:188} INFO - [2026-02-09T13:52:22.724+0000] {dagbag.py:538} INFO - Filling up the DagBag from /opt/airflow/dags/setup_dag.py
[2026-02-09T13:52:22.735+0000] {processor.py:840} INFO - DAG(s) 'fork2_dag' retrieved from /opt/airflow/dags/setup_dag.py
[2026-02-09T13:52:22.773+0000] {logging_mixin.py:188} INFO - [2026-02-09T13:52:22.772+0000] {dag.py:3036} INFO - Sync 1 DAGs
[2026-02-09T13:52:22.811+0000] {logging_mixin.py:188} INFO - [2026-02-09T13:52:22.811+0000] {dag.py:3823} INFO - Setting next_dagrun for fork2_dag to 2026-02-09 13:52:10+00:00, run_after=2026-02-09 13:52:20+00:00
[2026-02-09T13:52:22.842+0000] {processor.py:183} INFO - Processing /opt/airflow/dags/setup_dag.py took 0.126 seconds
[2026-02-09T13:52:52.949+0000] {processor.py:161} INFO - Started process (PID=44079) to work on /opt/airflow/dags/setup_dag.py
[2026-02-09T13:52:52.950+0000] {processor.py:830} INFO - Processing file /opt/airflow/dags/setup_dag.py for tasks to queue
[2026-02-09T13:52:52.952+0000] {logging_mixin.py:188} INFO - [2026-02-09T13:52:52.951+0000] {dagbag.py:538} INFO - Filling up the DagBag from /opt/airflow/dags/setup_dag.py
[2026-02-09T13:52:52.961+0000] {processor.py:840} INFO - DAG(s) 'fork2_dag' retrieved from /opt/airflow/dags/setup_dag.py
[2026-02-09T13:52:52.978+0000] {logging_mixin.py:188} INFO - [2026-02-09T13:52:52.977+0000] {dag.py:3036} INFO - Sync 1 DAGs
[2026-02-09T13:52:53.022+0000] {logging_mixin.py:188} INFO - [2026-02-09T13:52:53.022+0000] {dag.py:3823} INFO - Setting next_dagrun for fork2_dag to 2026-02-09 13:52:40+00:00, run_after=2026-02-09 13:52:50+00:00
[2026-02-09T13:52:53.056+0000] {processor.py:183} INFO - Processing /opt/airflow/dags/setup_dag.py took 0.112 seconds
[2026-02-09T13:53:23.374+0000] {processor.py:161} INFO - Started process (PID=44152) to work on /opt/airflow/dags/setup_dag.py
[2026-02-09T13:53:23.376+0000] {processor.py:830} INFO - Processing file /opt/airflow/dags/setup_dag.py for tasks to queue
[2026-02-09T13:53:23.378+0000] {logging_mixin.py:188} INFO - [2026-02-09T13:53:23.377+0000] {dagbag.py:538} INFO - Filling up the DagBag from /opt/airflow/dags/setup_dag.py
[2026-02-09T13:53:23.388+0000] {processor.py:840} INFO - DAG(s) 'fork2_dag' retrieved from /opt/airflow/dags/setup_dag.py
[2026-02-09T13:53:23.562+0000] {logging_mixin.py:188} INFO - [2026-02-09T13:53:23.562+0000] {dag.py:3036} INFO - Sync 1 DAGs
[2026-02-09T13:53:23.597+0000] {logging_mixin.py:188} INFO - [2026-02-09T13:53:23.597+0000] {dag.py:3823} INFO - Setting next_dagrun for fork2_dag to 2026-02-09 13:53:10+00:00, run_after=2026-02-09 13:53:20+00:00
[2026-02-09T13:53:23.626+0000] {processor.py:183} INFO - Processing /opt/airflow/dags/setup_dag.py took 0.257 seconds
[2026-02-09T13:53:53.973+0000] {processor.py:161} INFO - Started process (PID=44225) to work on /opt/airflow/dags/setup_dag.py
[2026-02-09T13:53:53.974+0000] {processor.py:830} INFO - Processing file /opt/airflow/dags/setup_dag.py for tasks to queue
[2026-02-09T13:53:53.975+0000] {logging_mixin.py:188} INFO - [2026-02-09T13:53:53.975+0000] {dagbag.py:538} INFO - Filling up the DagBag from /opt/airflow/dags/setup_dag.py
[2026-02-09T13:53:53.987+0000] {processor.py:840} INFO - DAG(s) 'fork2_dag' retrieved from /opt/airflow/dags/setup_dag.py
[2026-02-09T13:53:54.026+0000] {logging_mixin.py:188} INFO - [2026-02-09T13:53:54.025+0000] {dag.py:3036} INFO - Sync 1 DAGs
[2026-02-09T13:53:54.073+0000] {logging_mixin.py:188} INFO - [2026-02-09T13:53:54.072+0000] {dag.py:3823} INFO - Setting next_dagrun for fork2_dag to 2026-02-09 13:53:40+00:00, run_after=2026-02-09 13:53:50+00:00
[2026-02-09T13:53:54.109+0000] {processor.py:183} INFO - Processing /opt/airflow/dags/setup_dag.py took 0.141 seconds
[2026-02-09T13:54:24.370+0000] {processor.py:161} INFO - Started process (PID=44300) to work on /opt/airflow/dags/setup_dag.py
[2026-02-09T13:54:24.372+0000] {processor.py:830} INFO - Processing file /opt/airflow/dags/setup_dag.py for tasks to queue
[2026-02-09T13:54:24.373+0000] {logging_mixin.py:188} INFO - [2026-02-09T13:54:24.373+0000] {dagbag.py:538} INFO - Filling up the DagBag from /opt/airflow/dags/setup_dag.py
[2026-02-09T13:54:24.382+0000] {processor.py:840} INFO - DAG(s) 'fork2_dag' retrieved from /opt/airflow/dags/setup_dag.py
[2026-02-09T13:54:24.400+0000] {logging_mixin.py:188} INFO - [2026-02-09T13:54:24.399+0000] {dag.py:3036} INFO - Sync 1 DAGs
[2026-02-09T13:54:24.436+0000] {logging_mixin.py:188} INFO - [2026-02-09T13:54:24.435+0000] {dag.py:3823} INFO - Setting next_dagrun for fork2_dag to 2026-02-09 13:54:10+00:00, run_after=2026-02-09 13:54:20+00:00
[2026-02-09T13:54:24.467+0000] {processor.py:183} INFO - Processing /opt/airflow/dags/setup_dag.py took 0.102 seconds
[2026-02-09T13:54:54.550+0000] {processor.py:161} INFO - Started process (PID=44374) to work on /opt/airflow/dags/setup_dag.py
[2026-02-09T13:54:54.551+0000] {processor.py:830} INFO - Processing file /opt/airflow/dags/setup_dag.py for tasks to queue
[2026-02-09T13:54:54.552+0000] {logging_mixin.py:188} INFO - [2026-02-09T13:54:54.552+0000] {dagbag.py:538} INFO - Filling up the DagBag from /opt/airflow/dags/setup_dag.py
[2026-02-09T13:54:54.562+0000] {processor.py:840} INFO - DAG(s) 'fork2_dag' retrieved from /opt/airflow/dags/setup_dag.py
[2026-02-09T13:54:54.726+0000] {logging_mixin.py:188} INFO - [2026-02-09T13:54:54.726+0000] {dag.py:3036} INFO - Sync 1 DAGs
[2026-02-09T13:54:54.757+0000] {logging_mixin.py:188} INFO - [2026-02-09T13:54:54.757+0000] {dag.py:3823} INFO - Setting next_dagrun for fork2_dag to 2026-02-09 13:54:40+00:00, run_after=2026-02-09 13:54:50+00:00
[2026-02-09T13:54:54.793+0000] {processor.py:183} INFO - Processing /opt/airflow/dags/setup_dag.py took 0.248 seconds
[2026-02-09T13:55:24.905+0000] {processor.py:161} INFO - Started process (PID=44447) to work on /opt/airflow/dags/setup_dag.py
[2026-02-09T13:55:24.907+0000] {processor.py:830} INFO - Processing file /opt/airflow/dags/setup_dag.py for tasks to queue
[2026-02-09T13:55:24.909+0000] {logging_mixin.py:188} INFO - [2026-02-09T13:55:24.908+0000] {dagbag.py:538} INFO - Filling up the DagBag from /opt/airflow/dags/setup_dag.py
[2026-02-09T13:55:24.918+0000] {processor.py:840} INFO - DAG(s) 'fork2_dag' retrieved from /opt/airflow/dags/setup_dag.py
[2026-02-09T13:55:24.947+0000] {logging_mixin.py:188} INFO - [2026-02-09T13:55:24.946+0000] {dag.py:3036} INFO - Sync 1 DAGs
[2026-02-09T13:55:24.979+0000] {logging_mixin.py:188} INFO - [2026-02-09T13:55:24.979+0000] {dag.py:3823} INFO - Setting next_dagrun for fork2_dag to 2026-02-09 13:55:10+00:00, run_after=2026-02-09 13:55:20+00:00
[2026-02-09T13:55:25.005+0000] {processor.py:183} INFO - Processing /opt/airflow/dags/setup_dag.py took 0.105 seconds
[2026-02-09T13:55:55.421+0000] {processor.py:161} INFO - Started process (PID=44529) to work on /opt/airflow/dags/setup_dag.py
[2026-02-09T13:55:55.423+0000] {processor.py:830} INFO - Processing file /opt/airflow/dags/setup_dag.py for tasks to queue
[2026-02-09T13:55:55.424+0000] {logging_mixin.py:188} INFO - [2026-02-09T13:55:55.424+0000] {dagbag.py:538} INFO - Filling up the DagBag from /opt/airflow/dags/setup_dag.py
[2026-02-09T13:55:55.434+0000] {processor.py:840} INFO - DAG(s) 'fork2_dag' retrieved from /opt/airflow/dags/setup_dag.py
[2026-02-09T13:55:55.451+0000] {logging_mixin.py:188} INFO - [2026-02-09T13:55:55.451+0000] {dag.py:3036} INFO - Sync 1 DAGs
[2026-02-09T13:55:55.489+0000] {logging_mixin.py:188} INFO - [2026-02-09T13:55:55.488+0000] {dag.py:3823} INFO - Setting next_dagrun for fork2_dag to 2026-02-09 13:55:40+00:00, run_after=2026-02-09 13:55:50+00:00
[2026-02-09T13:55:55.517+0000] {processor.py:183} INFO - Processing /opt/airflow/dags/setup_dag.py took 0.100 seconds
[2026-02-09T13:56:25.895+0000] {processor.py:161} INFO - Started process (PID=44604) to work on /opt/airflow/dags/setup_dag.py
[2026-02-09T13:56:25.898+0000] {processor.py:830} INFO - Processing file /opt/airflow/dags/setup_dag.py for tasks to queue
[2026-02-09T13:56:25.900+0000] {logging_mixin.py:188} INFO - [2026-02-09T13:56:25.899+0000] {dagbag.py:538} INFO - Filling up the DagBag from /opt/airflow/dags/setup_dag.py
[2026-02-09T13:56:25.912+0000] {processor.py:840} INFO - DAG(s) 'fork2_dag' retrieved from /opt/airflow/dags/setup_dag.py
[2026-02-09T13:56:26.130+0000] {logging_mixin.py:188} INFO - [2026-02-09T13:56:26.129+0000] {dag.py:3036} INFO - Sync 1 DAGs
[2026-02-09T13:56:26.174+0000] {logging_mixin.py:188} INFO - [2026-02-09T13:56:26.174+0000] {dag.py:3823} INFO - Setting next_dagrun for fork2_dag to 2026-02-09 13:56:10+00:00, run_after=2026-02-09 13:56:20+00:00
[2026-02-09T13:56:26.216+0000] {processor.py:183} INFO - Processing /opt/airflow/dags/setup_dag.py took 0.327 seconds
[2026-02-09T13:56:56.589+0000] {processor.py:161} INFO - Started process (PID=44676) to work on /opt/airflow/dags/setup_dag.py
[2026-02-09T13:56:56.590+0000] {processor.py:830} INFO - Processing file /opt/airflow/dags/setup_dag.py for tasks to queue
[2026-02-09T13:56:56.591+0000] {logging_mixin.py:188} INFO - [2026-02-09T13:56:56.591+0000] {dagbag.py:538} INFO - Filling up the DagBag from /opt/airflow/dags/setup_dag.py
[2026-02-09T13:56:56.601+0000] {processor.py:840} INFO - DAG(s) 'fork2_dag' retrieved from /opt/airflow/dags/setup_dag.py
[2026-02-09T13:56:56.630+0000] {logging_mixin.py:188} INFO - [2026-02-09T13:56:56.630+0000] {dag.py:3036} INFO - Sync 1 DAGs
[2026-02-09T13:56:56.668+0000] {logging_mixin.py:188} INFO - [2026-02-09T13:56:56.667+0000] {dag.py:3823} INFO - Setting next_dagrun for fork2_dag to 2026-02-09 13:56:40+00:00, run_after=2026-02-09 13:56:50+00:00
[2026-02-09T13:56:56.701+0000] {processor.py:183} INFO - Processing /opt/airflow/dags/setup_dag.py took 0.116 seconds
[2026-02-09T13:57:27.013+0000] {processor.py:161} INFO - Started process (PID=44750) to work on /opt/airflow/dags/setup_dag.py
[2026-02-09T13:57:27.015+0000] {processor.py:830} INFO - Processing file /opt/airflow/dags/setup_dag.py for tasks to queue
[2026-02-09T13:57:27.016+0000] {logging_mixin.py:188} INFO - [2026-02-09T13:57:27.016+0000] {dagbag.py:538} INFO - Filling up the DagBag from /opt/airflow/dags/setup_dag.py
[2026-02-09T13:57:27.027+0000] {processor.py:840} INFO - DAG(s) 'fork2_dag' retrieved from /opt/airflow/dags/setup_dag.py
[2026-02-09T13:57:27.054+0000] {logging_mixin.py:188} INFO - [2026-02-09T13:57:27.054+0000] {dag.py:3036} INFO - Sync 1 DAGs
[2026-02-09T13:57:27.099+0000] {logging_mixin.py:188} INFO - [2026-02-09T13:57:27.098+0000] {dag.py:3823} INFO - Setting next_dagrun for fork2_dag to 2026-02-09 13:57:10+00:00, run_after=2026-02-09 13:57:20+00:00
[2026-02-09T13:57:27.125+0000] {processor.py:183} INFO - Processing /opt/airflow/dags/setup_dag.py took 0.118 seconds
[2026-02-09T13:57:57.450+0000] {processor.py:161} INFO - Started process (PID=44824) to work on /opt/airflow/dags/setup_dag.py
[2026-02-09T13:57:57.451+0000] {processor.py:830} INFO - Processing file /opt/airflow/dags/setup_dag.py for tasks to queue
[2026-02-09T13:57:57.453+0000] {logging_mixin.py:188} INFO - [2026-02-09T13:57:57.452+0000] {dagbag.py:538} INFO - Filling up the DagBag from /opt/airflow/dags/setup_dag.py
[2026-02-09T13:57:57.462+0000] {processor.py:840} INFO - DAG(s) 'fork2_dag' retrieved from /opt/airflow/dags/setup_dag.py
[2026-02-09T13:57:57.631+0000] {logging_mixin.py:188} INFO - [2026-02-09T13:57:57.631+0000] {dag.py:3036} INFO - Sync 1 DAGs
[2026-02-09T13:57:57.665+0000] {logging_mixin.py:188} INFO - [2026-02-09T13:57:57.665+0000] {dag.py:3823} INFO - Setting next_dagrun for fork2_dag to 2026-02-09 13:57:40+00:00, run_after=2026-02-09 13:57:50+00:00
[2026-02-09T13:57:57.691+0000] {processor.py:183} INFO - Processing /opt/airflow/dags/setup_dag.py took 0.246 seconds
[2026-02-09T13:58:27.966+0000] {processor.py:161} INFO - Started process (PID=44897) to work on /opt/airflow/dags/setup_dag.py
[2026-02-09T13:58:27.968+0000] {processor.py:830} INFO - Processing file /opt/airflow/dags/setup_dag.py for tasks to queue
[2026-02-09T13:58:27.969+0000] {logging_mixin.py:188} INFO - [2026-02-09T13:58:27.969+0000] {dagbag.py:538} INFO - Filling up the DagBag from /opt/airflow/dags/setup_dag.py
[2026-02-09T13:58:27.979+0000] {processor.py:840} INFO - DAG(s) 'fork2_dag' retrieved from /opt/airflow/dags/setup_dag.py
[2026-02-09T13:58:28.010+0000] {logging_mixin.py:188} INFO - [2026-02-09T13:58:28.010+0000] {dag.py:3036} INFO - Sync 1 DAGs
[2026-02-09T13:58:28.045+0000] {logging_mixin.py:188} INFO - [2026-02-09T13:58:28.045+0000] {dag.py:3823} INFO - Setting next_dagrun for fork2_dag to 2026-02-09 13:58:10+00:00, run_after=2026-02-09 13:58:20+00:00
[2026-02-09T13:58:28.072+0000] {processor.py:183} INFO - Processing /opt/airflow/dags/setup_dag.py took 0.111 seconds
[2026-02-09T13:58:58.283+0000] {processor.py:161} INFO - Started process (PID=44971) to work on /opt/airflow/dags/setup_dag.py
[2026-02-09T13:58:58.284+0000] {processor.py:830} INFO - Processing file /opt/airflow/dags/setup_dag.py for tasks to queue
[2026-02-09T13:58:58.285+0000] {logging_mixin.py:188} INFO - [2026-02-09T13:58:58.285+0000] {dagbag.py:538} INFO - Filling up the DagBag from /opt/airflow/dags/setup_dag.py
[2026-02-09T13:58:58.295+0000] {processor.py:840} INFO - DAG(s) 'fork2_dag' retrieved from /opt/airflow/dags/setup_dag.py
[2026-02-09T13:58:58.312+0000] {logging_mixin.py:188} INFO - [2026-02-09T13:58:58.311+0000] {dag.py:3036} INFO - Sync 1 DAGs
[2026-02-09T13:58:58.348+0000] {logging_mixin.py:188} INFO - [2026-02-09T13:58:58.348+0000] {dag.py:3823} INFO - Setting next_dagrun for fork2_dag to 2026-02-09 13:58:40+00:00, run_after=2026-02-09 13:58:50+00:00
[2026-02-09T13:58:58.375+0000] {processor.py:183} INFO - Processing /opt/airflow/dags/setup_dag.py took 0.097 seconds
[2026-02-09T13:59:28.418+0000] {processor.py:161} INFO - Started process (PID=45045) to work on /opt/airflow/dags/setup_dag.py
[2026-02-09T13:59:28.420+0000] {processor.py:830} INFO - Processing file /opt/airflow/dags/setup_dag.py for tasks to queue
[2026-02-09T13:59:28.421+0000] {logging_mixin.py:188} INFO - [2026-02-09T13:59:28.421+0000] {dagbag.py:538} INFO - Filling up the DagBag from /opt/airflow/dags/setup_dag.py
[2026-02-09T13:59:28.431+0000] {processor.py:840} INFO - DAG(s) 'fork2_dag' retrieved from /opt/airflow/dags/setup_dag.py
[2026-02-09T13:59:28.631+0000] {logging_mixin.py:188} INFO - [2026-02-09T13:59:28.630+0000] {dag.py:3036} INFO - Sync 1 DAGs
[2026-02-09T13:59:28.846+0000] {logging_mixin.py:188} INFO - [2026-02-09T13:59:28.845+0000] {dag.py:3823} INFO - Setting next_dagrun for fork2_dag to 2026-02-09 13:59:10+00:00, run_after=2026-02-09 13:59:20+00:00
[2026-02-09T13:59:28.922+0000] {processor.py:183} INFO - Processing /opt/airflow/dags/setup_dag.py took 0.509 seconds
[2026-02-09T13:59:59.252+0000] {processor.py:161} INFO - Started process (PID=45127) to work on /opt/airflow/dags/setup_dag.py
[2026-02-09T13:59:59.254+0000] {processor.py:830} INFO - Processing file /opt/airflow/dags/setup_dag.py for tasks to queue
[2026-02-09T13:59:59.255+0000] {logging_mixin.py:188} INFO - [2026-02-09T13:59:59.255+0000] {dagbag.py:538} INFO - Filling up the DagBag from /opt/airflow/dags/setup_dag.py
[2026-02-09T13:59:59.271+0000] {processor.py:840} INFO - DAG(s) 'fork2_dag' retrieved from /opt/airflow/dags/setup_dag.py
[2026-02-09T13:59:59.307+0000] {logging_mixin.py:188} INFO - [2026-02-09T13:59:59.307+0000] {dag.py:3036} INFO - Sync 1 DAGs
[2026-02-09T13:59:59.355+0000] {logging_mixin.py:188} INFO - [2026-02-09T13:59:59.354+0000] {dag.py:3823} INFO - Setting next_dagrun for fork2_dag to 2026-02-09 13:59:40+00:00, run_after=2026-02-09 13:59:50+00:00
[2026-02-09T13:59:59.389+0000] {processor.py:183} INFO - Processing /opt/airflow/dags/setup_dag.py took 0.142 seconds
[2026-02-09T14:00:29.851+0000] {processor.py:161} INFO - Started process (PID=45201) to work on /opt/airflow/dags/setup_dag.py
[2026-02-09T14:00:29.853+0000] {processor.py:830} INFO - Processing file /opt/airflow/dags/setup_dag.py for tasks to queue
[2026-02-09T14:00:29.854+0000] {logging_mixin.py:188} INFO - [2026-02-09T14:00:29.853+0000] {dagbag.py:538} INFO - Filling up the DagBag from /opt/airflow/dags/setup_dag.py
[2026-02-09T14:00:29.866+0000] {processor.py:840} INFO - DAG(s) 'fork2_dag' retrieved from /opt/airflow/dags/setup_dag.py
[2026-02-09T14:00:29.887+0000] {logging_mixin.py:188} INFO - [2026-02-09T14:00:29.886+0000] {dag.py:3036} INFO - Sync 1 DAGs
[2026-02-09T14:00:29.932+0000] {logging_mixin.py:188} INFO - [2026-02-09T14:00:29.932+0000] {dag.py:3823} INFO - Setting next_dagrun for fork2_dag to 2026-02-09 14:00:10+00:00, run_after=2026-02-09 14:00:20+00:00
[2026-02-09T14:00:29.979+0000] {processor.py:183} INFO - Processing /opt/airflow/dags/setup_dag.py took 0.133 seconds
[2026-02-09T14:01:00.199+0000] {processor.py:161} INFO - Started process (PID=45275) to work on /opt/airflow/dags/setup_dag.py
[2026-02-09T14:01:00.200+0000] {processor.py:830} INFO - Processing file /opt/airflow/dags/setup_dag.py for tasks to queue
[2026-02-09T14:01:00.201+0000] {logging_mixin.py:188} INFO - [2026-02-09T14:01:00.201+0000] {dagbag.py:538} INFO - Filling up the DagBag from /opt/airflow/dags/setup_dag.py
[2026-02-09T14:01:00.211+0000] {processor.py:840} INFO - DAG(s) 'fork2_dag' retrieved from /opt/airflow/dags/setup_dag.py
[2026-02-09T14:01:00.394+0000] {logging_mixin.py:188} INFO - [2026-02-09T14:01:00.393+0000] {dag.py:3036} INFO - Sync 1 DAGs
[2026-02-09T14:01:00.598+0000] {logging_mixin.py:188} INFO - [2026-02-09T14:01:00.598+0000] {dag.py:3823} INFO - Setting next_dagrun for fork2_dag to 2026-02-09 14:00:50+00:00, run_after=2026-02-09 14:01:00+00:00
[2026-02-09T14:01:00.624+0000] {processor.py:183} INFO - Processing /opt/airflow/dags/setup_dag.py took 0.430 seconds
[2026-02-09T14:01:31.000+0000] {processor.py:161} INFO - Started process (PID=45347) to work on /opt/airflow/dags/setup_dag.py
[2026-02-09T14:01:31.002+0000] {processor.py:830} INFO - Processing file /opt/airflow/dags/setup_dag.py for tasks to queue
[2026-02-09T14:01:31.003+0000] {logging_mixin.py:188} INFO - [2026-02-09T14:01:31.003+0000] {dagbag.py:538} INFO - Filling up the DagBag from /opt/airflow/dags/setup_dag.py
[2026-02-09T14:01:31.013+0000] {processor.py:840} INFO - DAG(s) 'fork2_dag' retrieved from /opt/airflow/dags/setup_dag.py
[2026-02-09T14:01:31.047+0000] {logging_mixin.py:188} INFO - [2026-02-09T14:01:31.047+0000] {dag.py:3036} INFO - Sync 1 DAGs
[2026-02-09T14:01:31.084+0000] {logging_mixin.py:188} INFO - [2026-02-09T14:01:31.083+0000] {dag.py:3823} INFO - Setting next_dagrun for fork2_dag to 2026-02-09 14:01:20+00:00, run_after=2026-02-09 14:01:30+00:00
[2026-02-09T14:01:31.116+0000] {processor.py:183} INFO - Processing /opt/airflow/dags/setup_dag.py took 0.122 seconds
[2026-02-09T14:02:01.410+0000] {processor.py:161} INFO - Started process (PID=45421) to work on /opt/airflow/dags/setup_dag.py
[2026-02-09T14:02:01.411+0000] {processor.py:830} INFO - Processing file /opt/airflow/dags/setup_dag.py for tasks to queue
[2026-02-09T14:02:01.416+0000] {logging_mixin.py:188} INFO - [2026-02-09T14:02:01.415+0000] {dagbag.py:538} INFO - Filling up the DagBag from /opt/airflow/dags/setup_dag.py
[2026-02-09T14:02:01.428+0000] {processor.py:840} INFO - DAG(s) 'fork2_dag' retrieved from /opt/airflow/dags/setup_dag.py
[2026-02-09T14:02:01.449+0000] {logging_mixin.py:188} INFO - [2026-02-09T14:02:01.448+0000] {dag.py:3036} INFO - Sync 1 DAGs
[2026-02-09T14:02:01.488+0000] {logging_mixin.py:188} INFO - [2026-02-09T14:02:01.487+0000] {dag.py:3823} INFO - Setting next_dagrun for fork2_dag to 2026-02-09 14:01:50+00:00, run_after=2026-02-09 14:02:00+00:00
[2026-02-09T14:02:01.518+0000] {processor.py:183} INFO - Processing /opt/airflow/dags/setup_dag.py took 0.113 seconds
[2026-02-09T14:02:32.322+0000] {processor.py:161} INFO - Started process (PID=45494) to work on /opt/airflow/dags/setup_dag.py
[2026-02-09T14:02:32.324+0000] {processor.py:830} INFO - Processing file /opt/airflow/dags/setup_dag.py for tasks to queue
[2026-02-09T14:02:32.326+0000] {logging_mixin.py:188} INFO - [2026-02-09T14:02:32.325+0000] {dagbag.py:538} INFO - Filling up the DagBag from /opt/airflow/dags/setup_dag.py
[2026-02-09T14:02:32.336+0000] {processor.py:840} INFO - DAG(s) 'fork2_dag' retrieved from /opt/airflow/dags/setup_dag.py
[2026-02-09T14:02:32.686+0000] {logging_mixin.py:188} INFO - [2026-02-09T14:02:32.686+0000] {dag.py:3036} INFO - Sync 1 DAGs
[2026-02-09T14:02:32.718+0000] {logging_mixin.py:188} INFO - [2026-02-09T14:02:32.718+0000] {dag.py:3823} INFO - Setting next_dagrun for fork2_dag to 2026-02-09 14:02:20+00:00, run_after=2026-02-09 14:02:30+00:00
[2026-02-09T14:02:32.748+0000] {processor.py:183} INFO - Processing /opt/airflow/dags/setup_dag.py took 0.431 seconds
[2026-02-09T14:03:03.085+0000] {processor.py:161} INFO - Started process (PID=45568) to work on /opt/airflow/dags/setup_dag.py
[2026-02-09T14:03:03.086+0000] {processor.py:830} INFO - Processing file /opt/airflow/dags/setup_dag.py for tasks to queue
[2026-02-09T14:03:03.087+0000] {logging_mixin.py:188} INFO - [2026-02-09T14:03:03.087+0000] {dagbag.py:538} INFO - Filling up the DagBag from /opt/airflow/dags/setup_dag.py
[2026-02-09T14:03:03.097+0000] {processor.py:840} INFO - DAG(s) 'fork2_dag' retrieved from /opt/airflow/dags/setup_dag.py
[2026-02-09T14:03:03.127+0000] {logging_mixin.py:188} INFO - [2026-02-09T14:03:03.127+0000] {dag.py:3036} INFO - Sync 1 DAGs
[2026-02-09T14:03:03.169+0000] {logging_mixin.py:188} INFO - [2026-02-09T14:03:03.169+0000] {dag.py:3823} INFO - Setting next_dagrun for fork2_dag to 2026-02-09 14:02:50+00:00, run_after=2026-02-09 14:03:00+00:00
[2026-02-09T14:03:03.203+0000] {processor.py:183} INFO - Processing /opt/airflow/dags/setup_dag.py took 0.123 seconds
[2026-02-09T14:03:33.631+0000] {processor.py:161} INFO - Started process (PID=45649) to work on /opt/airflow/dags/setup_dag.py
[2026-02-09T14:03:33.633+0000] {processor.py:830} INFO - Processing file /opt/airflow/dags/setup_dag.py for tasks to queue
[2026-02-09T14:03:33.634+0000] {logging_mixin.py:188} INFO - [2026-02-09T14:03:33.633+0000] {dagbag.py:538} INFO - Filling up the DagBag from /opt/airflow/dags/setup_dag.py
[2026-02-09T14:03:33.644+0000] {processor.py:840} INFO - DAG(s) 'fork2_dag' retrieved from /opt/airflow/dags/setup_dag.py
[2026-02-09T14:03:33.665+0000] {logging_mixin.py:188} INFO - [2026-02-09T14:03:33.665+0000] {dag.py:3036} INFO - Sync 1 DAGs
[2026-02-09T14:03:33.711+0000] {logging_mixin.py:188} INFO - [2026-02-09T14:03:33.711+0000] {dag.py:3823} INFO - Setting next_dagrun for fork2_dag to 2026-02-09 14:03:20+00:00, run_after=2026-02-09 14:03:30+00:00
[2026-02-09T14:03:33.745+0000] {processor.py:183} INFO - Processing /opt/airflow/dags/setup_dag.py took 0.119 seconds
[2026-02-09T14:04:04.353+0000] {processor.py:161} INFO - Started process (PID=45723) to work on /opt/airflow/dags/setup_dag.py
[2026-02-09T14:04:04.355+0000] {processor.py:830} INFO - Processing file /opt/airflow/dags/setup_dag.py for tasks to queue
[2026-02-09T14:04:04.356+0000] {logging_mixin.py:188} INFO - [2026-02-09T14:04:04.355+0000] {dagbag.py:538} INFO - Filling up the DagBag from /opt/airflow/dags/setup_dag.py
[2026-02-09T14:04:04.365+0000] {processor.py:840} INFO - DAG(s) 'fork2_dag' retrieved from /opt/airflow/dags/setup_dag.py
[2026-02-09T14:04:04.832+0000] {logging_mixin.py:188} INFO - [2026-02-09T14:04:04.832+0000] {dag.py:3036} INFO - Sync 1 DAGs
[2026-02-09T14:04:04.862+0000] {logging_mixin.py:188} INFO - [2026-02-09T14:04:04.862+0000] {dag.py:3823} INFO - Setting next_dagrun for fork2_dag to 2026-02-09 14:03:50+00:00, run_after=2026-02-09 14:04:00+00:00
[2026-02-09T14:04:04.886+0000] {processor.py:183} INFO - Processing /opt/airflow/dags/setup_dag.py took 0.538 seconds
[2026-02-09T14:04:34.961+0000] {processor.py:161} INFO - Started process (PID=45798) to work on /opt/airflow/dags/setup_dag.py
[2026-02-09T14:04:34.962+0000] {processor.py:830} INFO - Processing file /opt/airflow/dags/setup_dag.py for tasks to queue
[2026-02-09T14:04:34.963+0000] {logging_mixin.py:188} INFO - [2026-02-09T14:04:34.963+0000] {dagbag.py:538} INFO - Filling up the DagBag from /opt/airflow/dags/setup_dag.py
[2026-02-09T14:04:34.973+0000] {processor.py:840} INFO - DAG(s) 'fork2_dag' retrieved from /opt/airflow/dags/setup_dag.py
[2026-02-09T14:04:35.001+0000] {logging_mixin.py:188} INFO - [2026-02-09T14:04:35.001+0000] {dag.py:3036} INFO - Sync 1 DAGs
[2026-02-09T14:04:35.033+0000] {logging_mixin.py:188} INFO - [2026-02-09T14:04:35.032+0000] {dag.py:3823} INFO - Setting next_dagrun for fork2_dag to 2026-02-09 14:04:20+00:00, run_after=2026-02-09 14:04:30+00:00
[2026-02-09T14:04:35.058+0000] {processor.py:183} INFO - Processing /opt/airflow/dags/setup_dag.py took 0.102 seconds
[2026-02-09T14:05:05.453+0000] {processor.py:161} INFO - Started process (PID=45871) to work on /opt/airflow/dags/setup_dag.py
[2026-02-09T14:05:05.454+0000] {processor.py:830} INFO - Processing file /opt/airflow/dags/setup_dag.py for tasks to queue
[2026-02-09T14:05:05.455+0000] {logging_mixin.py:188} INFO - [2026-02-09T14:05:05.455+0000] {dagbag.py:538} INFO - Filling up the DagBag from /opt/airflow/dags/setup_dag.py
[2026-02-09T14:05:05.465+0000] {processor.py:840} INFO - DAG(s) 'fork2_dag' retrieved from /opt/airflow/dags/setup_dag.py
[2026-02-09T14:05:05.485+0000] {logging_mixin.py:188} INFO - [2026-02-09T14:05:05.485+0000] {dag.py:3036} INFO - Sync 1 DAGs
[2026-02-09T14:05:05.531+0000] {logging_mixin.py:188} INFO - [2026-02-09T14:05:05.530+0000] {dag.py:3823} INFO - Setting next_dagrun for fork2_dag to 2026-02-09 14:04:50+00:00, run_after=2026-02-09 14:05:00+00:00
[2026-02-09T14:05:05.565+0000] {processor.py:183} INFO - Processing /opt/airflow/dags/setup_dag.py took 0.116 seconds
[2026-02-09T14:05:36.531+0000] {processor.py:161} INFO - Started process (PID=45944) to work on /opt/airflow/dags/setup_dag.py
[2026-02-09T14:05:36.533+0000] {processor.py:830} INFO - Processing file /opt/airflow/dags/setup_dag.py for tasks to queue
[2026-02-09T14:05:36.534+0000] {logging_mixin.py:188} INFO - [2026-02-09T14:05:36.534+0000] {dagbag.py:538} INFO - Filling up the DagBag from /opt/airflow/dags/setup_dag.py
[2026-02-09T14:05:36.544+0000] {processor.py:840} INFO - DAG(s) 'fork2_dag' retrieved from /opt/airflow/dags/setup_dag.py
[2026-02-09T14:05:36.888+0000] {logging_mixin.py:188} INFO - [2026-02-09T14:05:36.887+0000] {dag.py:3036} INFO - Sync 1 DAGs
[2026-02-09T14:05:36.918+0000] {logging_mixin.py:188} INFO - [2026-02-09T14:05:36.918+0000] {dag.py:3823} INFO - Setting next_dagrun for fork2_dag to 2026-02-09 14:05:20+00:00, run_after=2026-02-09 14:05:30+00:00
[2026-02-09T14:05:36.947+0000] {processor.py:183} INFO - Processing /opt/airflow/dags/setup_dag.py took 0.422 seconds
[2026-02-09T14:06:07.155+0000] {processor.py:161} INFO - Started process (PID=46019) to work on /opt/airflow/dags/setup_dag.py
[2026-02-09T14:06:07.157+0000] {processor.py:830} INFO - Processing file /opt/airflow/dags/setup_dag.py for tasks to queue
[2026-02-09T14:06:07.158+0000] {logging_mixin.py:188} INFO - [2026-02-09T14:06:07.158+0000] {dagbag.py:538} INFO - Filling up the DagBag from /opt/airflow/dags/setup_dag.py
[2026-02-09T14:06:07.167+0000] {processor.py:840} INFO - DAG(s) 'fork2_dag' retrieved from /opt/airflow/dags/setup_dag.py
[2026-02-09T14:06:07.196+0000] {logging_mixin.py:188} INFO - [2026-02-09T14:06:07.196+0000] {dag.py:3036} INFO - Sync 1 DAGs
[2026-02-09T14:06:07.230+0000] {logging_mixin.py:188} INFO - [2026-02-09T14:06:07.229+0000] {dag.py:3823} INFO - Setting next_dagrun for fork2_dag to 2026-02-09 14:05:50+00:00, run_after=2026-02-09 14:06:00+00:00
[2026-02-09T14:06:07.256+0000] {processor.py:183} INFO - Processing /opt/airflow/dags/setup_dag.py took 0.106 seconds
[2026-02-09T14:06:37.463+0000] {processor.py:161} INFO - Started process (PID=46096) to work on /opt/airflow/dags/setup_dag.py
[2026-02-09T14:06:37.465+0000] {processor.py:830} INFO - Processing file /opt/airflow/dags/setup_dag.py for tasks to queue
[2026-02-09T14:06:37.466+0000] {logging_mixin.py:188} INFO - [2026-02-09T14:06:37.466+0000] {dagbag.py:538} INFO - Filling up the DagBag from /opt/airflow/dags/setup_dag.py
[2026-02-09T14:06:37.481+0000] {processor.py:840} INFO - DAG(s) 'fork2_dag' retrieved from /opt/airflow/dags/setup_dag.py
[2026-02-09T14:06:37.500+0000] {logging_mixin.py:188} INFO - [2026-02-09T14:06:37.499+0000] {dag.py:3036} INFO - Sync 1 DAGs
[2026-02-09T14:06:37.544+0000] {logging_mixin.py:188} INFO - [2026-02-09T14:06:37.544+0000] {dag.py:3823} INFO - Setting next_dagrun for fork2_dag to 2026-02-09 14:06:20+00:00, run_after=2026-02-09 14:06:30+00:00
[2026-02-09T14:06:37.580+0000] {processor.py:183} INFO - Processing /opt/airflow/dags/setup_dag.py took 0.123 seconds
[2026-02-09T14:29:04.307+0000] {processor.py:161} INFO - Started process (PID=46) to work on /opt/airflow/dags/setup_dag.py
[2026-02-09T14:29:04.311+0000] {processor.py:830} INFO - Processing file /opt/airflow/dags/setup_dag.py for tasks to queue
[2026-02-09T14:29:04.315+0000] {logging_mixin.py:188} INFO - [2026-02-09T14:29:04.314+0000] {dagbag.py:538} INFO - Filling up the DagBag from /opt/airflow/dags/setup_dag.py
[2026-02-09T14:29:04.338+0000] {processor.py:840} INFO - DAG(s) 'fork2_dag' retrieved from /opt/airflow/dags/setup_dag.py
[2026-02-09T14:29:04.771+0000] {logging_mixin.py:188} INFO - [2026-02-09T14:29:04.770+0000] {dag.py:3036} INFO - Sync 1 DAGs
[2026-02-09T14:29:04.876+0000] {logging_mixin.py:188} INFO - [2026-02-09T14:29:04.875+0000] {dag.py:3823} INFO - Setting next_dagrun for fork2_dag to 2026-02-09 14:28:50+00:00, run_after=2026-02-09 14:29:00+00:00
[2026-02-09T14:29:04.955+0000] {processor.py:183} INFO - Processing /opt/airflow/dags/setup_dag.py took 0.653 seconds
[2026-02-09T14:29:35.168+0000] {processor.py:161} INFO - Started process (PID=120) to work on /opt/airflow/dags/setup_dag.py
[2026-02-09T14:29:35.169+0000] {processor.py:830} INFO - Processing file /opt/airflow/dags/setup_dag.py for tasks to queue
[2026-02-09T14:29:35.171+0000] {logging_mixin.py:188} INFO - [2026-02-09T14:29:35.171+0000] {dagbag.py:538} INFO - Filling up the DagBag from /opt/airflow/dags/setup_dag.py
[2026-02-09T14:29:35.180+0000] {processor.py:840} INFO - DAG(s) 'fork2_dag' retrieved from /opt/airflow/dags/setup_dag.py
[2026-02-09T14:29:35.209+0000] {logging_mixin.py:188} INFO - [2026-02-09T14:29:35.209+0000] {dag.py:3036} INFO - Sync 1 DAGs
[2026-02-09T14:29:35.243+0000] {logging_mixin.py:188} INFO - [2026-02-09T14:29:35.243+0000] {dag.py:3823} INFO - Setting next_dagrun for fork2_dag to 2026-02-09 14:29:20+00:00, run_after=2026-02-09 14:29:30+00:00
[2026-02-09T14:29:35.269+0000] {processor.py:183} INFO - Processing /opt/airflow/dags/setup_dag.py took 0.106 seconds
[2026-02-09T14:30:05.642+0000] {processor.py:161} INFO - Started process (PID=193) to work on /opt/airflow/dags/setup_dag.py
[2026-02-09T14:30:05.644+0000] {processor.py:830} INFO - Processing file /opt/airflow/dags/setup_dag.py for tasks to queue
[2026-02-09T14:30:05.647+0000] {logging_mixin.py:188} INFO - [2026-02-09T14:30:05.646+0000] {dagbag.py:538} INFO - Filling up the DagBag from /opt/airflow/dags/setup_dag.py
[2026-02-09T14:30:05.656+0000] {processor.py:840} INFO - DAG(s) 'fork2_dag' retrieved from /opt/airflow/dags/setup_dag.py
[2026-02-09T14:30:05.841+0000] {logging_mixin.py:188} INFO - [2026-02-09T14:30:05.841+0000] {dag.py:3036} INFO - Sync 1 DAGs
[2026-02-09T14:30:05.879+0000] {logging_mixin.py:188} INFO - [2026-02-09T14:30:05.879+0000] {dag.py:3823} INFO - Setting next_dagrun for fork2_dag to 2026-02-09 14:29:50+00:00, run_after=2026-02-09 14:30:00+00:00
[2026-02-09T14:30:05.913+0000] {processor.py:183} INFO - Processing /opt/airflow/dags/setup_dag.py took 0.277 seconds
[2026-02-09T14:30:36.063+0000] {processor.py:161} INFO - Started process (PID=269) to work on /opt/airflow/dags/setup_dag.py
[2026-02-09T14:30:36.064+0000] {processor.py:830} INFO - Processing file /opt/airflow/dags/setup_dag.py for tasks to queue
[2026-02-09T14:30:36.068+0000] {logging_mixin.py:188} INFO - [2026-02-09T14:30:36.067+0000] {dagbag.py:538} INFO - Filling up the DagBag from /opt/airflow/dags/setup_dag.py
[2026-02-09T14:30:36.076+0000] {processor.py:840} INFO - DAG(s) 'fork2_dag' retrieved from /opt/airflow/dags/setup_dag.py
[2026-02-09T14:30:36.107+0000] {logging_mixin.py:188} INFO - [2026-02-09T14:30:36.106+0000] {dag.py:3036} INFO - Sync 1 DAGs
[2026-02-09T14:30:36.140+0000] {logging_mixin.py:188} INFO - [2026-02-09T14:30:36.140+0000] {dag.py:3823} INFO - Setting next_dagrun for fork2_dag to 2026-02-09 14:30:20+00:00, run_after=2026-02-09 14:30:30+00:00
[2026-02-09T14:30:36.169+0000] {processor.py:183} INFO - Processing /opt/airflow/dags/setup_dag.py took 0.111 seconds
[2026-02-09T14:31:06.323+0000] {processor.py:161} INFO - Started process (PID=343) to work on /opt/airflow/dags/setup_dag.py
[2026-02-09T14:31:06.326+0000] {processor.py:830} INFO - Processing file /opt/airflow/dags/setup_dag.py for tasks to queue
[2026-02-09T14:31:06.329+0000] {logging_mixin.py:188} INFO - [2026-02-09T14:31:06.329+0000] {dagbag.py:538} INFO - Filling up the DagBag from /opt/airflow/dags/setup_dag.py
[2026-02-09T14:31:06.340+0000] {processor.py:840} INFO - DAG(s) 'fork2_dag' retrieved from /opt/airflow/dags/setup_dag.py
[2026-02-09T14:31:06.553+0000] {logging_mixin.py:188} INFO - [2026-02-09T14:31:06.552+0000] {dag.py:3036} INFO - Sync 1 DAGs
[2026-02-09T14:31:06.592+0000] {logging_mixin.py:188} INFO - [2026-02-09T14:31:06.592+0000] {dag.py:3823} INFO - Setting next_dagrun for fork2_dag to 2026-02-09 14:30:50+00:00, run_after=2026-02-09 14:31:00+00:00
[2026-02-09T14:31:06.630+0000] {processor.py:183} INFO - Processing /opt/airflow/dags/setup_dag.py took 0.313 seconds
[2026-02-09T14:31:36.894+0000] {processor.py:161} INFO - Started process (PID=429) to work on /opt/airflow/dags/setup_dag.py
[2026-02-09T14:31:36.895+0000] {processor.py:830} INFO - Processing file /opt/airflow/dags/setup_dag.py for tasks to queue
[2026-02-09T14:31:36.903+0000] {logging_mixin.py:188} INFO - [2026-02-09T14:31:36.902+0000] {dagbag.py:538} INFO - Filling up the DagBag from /opt/airflow/dags/setup_dag.py
[2026-02-09T14:31:36.924+0000] {processor.py:840} INFO - DAG(s) 'fork2_dag' retrieved from /opt/airflow/dags/setup_dag.py
[2026-02-09T14:31:36.986+0000] {logging_mixin.py:188} INFO - [2026-02-09T14:31:36.986+0000] {dag.py:3036} INFO - Sync 1 DAGs
[2026-02-09T14:31:37.063+0000] {logging_mixin.py:188} INFO - [2026-02-09T14:31:37.063+0000] {dag.py:3823} INFO - Setting next_dagrun for fork2_dag to 2026-02-09 14:31:20+00:00, run_after=2026-02-09 14:31:30+00:00
[2026-02-09T14:31:37.126+0000] {processor.py:183} INFO - Processing /opt/airflow/dags/setup_dag.py took 0.263 seconds
[2026-02-09T14:32:07.181+0000] {processor.py:161} INFO - Started process (PID=497) to work on /opt/airflow/dags/setup_dag.py
[2026-02-09T14:32:07.183+0000] {processor.py:830} INFO - Processing file /opt/airflow/dags/setup_dag.py for tasks to queue
[2026-02-09T14:32:07.186+0000] {logging_mixin.py:188} INFO - [2026-02-09T14:32:07.185+0000] {dagbag.py:538} INFO - Filling up the DagBag from /opt/airflow/dags/setup_dag.py
[2026-02-09T14:32:07.195+0000] {processor.py:840} INFO - DAG(s) 'fork2_dag' retrieved from /opt/airflow/dags/setup_dag.py
[2026-02-09T14:32:07.214+0000] {logging_mixin.py:188} INFO - [2026-02-09T14:32:07.213+0000] {dag.py:3036} INFO - Sync 1 DAGs
[2026-02-09T14:32:07.248+0000] {logging_mixin.py:188} INFO - [2026-02-09T14:32:07.248+0000] {dag.py:3823} INFO - Setting next_dagrun for fork2_dag to 2026-02-09 14:31:50+00:00, run_after=2026-02-09 14:32:00+00:00
[2026-02-09T14:32:07.278+0000] {processor.py:183} INFO - Processing /opt/airflow/dags/setup_dag.py took 0.101 seconds
[2026-02-09T14:32:37.658+0000] {processor.py:161} INFO - Started process (PID=590) to work on /opt/airflow/dags/setup_dag.py
[2026-02-09T14:32:37.660+0000] {processor.py:830} INFO - Processing file /opt/airflow/dags/setup_dag.py for tasks to queue
[2026-02-09T14:32:37.662+0000] {logging_mixin.py:188} INFO - [2026-02-09T14:32:37.662+0000] {dagbag.py:538} INFO - Filling up the DagBag from /opt/airflow/dags/setup_dag.py
[2026-02-09T14:32:37.672+0000] {processor.py:840} INFO - DAG(s) 'fork2_dag' retrieved from /opt/airflow/dags/setup_dag.py
[2026-02-09T14:32:37.844+0000] {logging_mixin.py:188} INFO - [2026-02-09T14:32:37.843+0000] {dag.py:3036} INFO - Sync 1 DAGs
[2026-02-09T14:32:37.874+0000] {logging_mixin.py:188} INFO - [2026-02-09T14:32:37.874+0000] {dag.py:3823} INFO - Setting next_dagrun for fork2_dag to 2026-02-09 14:32:20+00:00, run_after=2026-02-09 14:32:30+00:00
[2026-02-09T14:32:37.906+0000] {processor.py:183} INFO - Processing /opt/airflow/dags/setup_dag.py took 0.252 seconds
[2026-02-09T14:33:08.440+0000] {processor.py:161} INFO - Started process (PID=681) to work on /opt/airflow/dags/setup_dag.py
[2026-02-09T14:33:08.456+0000] {processor.py:830} INFO - Processing file /opt/airflow/dags/setup_dag.py for tasks to queue
[2026-02-09T14:33:08.460+0000] {logging_mixin.py:188} INFO - [2026-02-09T14:33:08.459+0000] {dagbag.py:538} INFO - Filling up the DagBag from /opt/airflow/dags/setup_dag.py
[2026-02-09T14:33:08.485+0000] {processor.py:840} INFO - DAG(s) 'fork2_dag' retrieved from /opt/airflow/dags/setup_dag.py
[2026-02-09T14:33:08.583+0000] {logging_mixin.py:188} INFO - [2026-02-09T14:33:08.583+0000] {dag.py:3036} INFO - Sync 1 DAGs
[2026-02-09T14:33:08.676+0000] {logging_mixin.py:188} INFO - [2026-02-09T14:33:08.675+0000] {dag.py:3823} INFO - Setting next_dagrun for fork2_dag to 2026-02-09 14:32:50+00:00, run_after=2026-02-09 14:33:00+00:00
[2026-02-09T14:33:08.726+0000] {processor.py:183} INFO - Processing /opt/airflow/dags/setup_dag.py took 0.304 seconds
[2026-02-09T14:33:38.913+0000] {processor.py:161} INFO - Started process (PID=763) to work on /opt/airflow/dags/setup_dag.py
[2026-02-09T14:33:38.914+0000] {processor.py:830} INFO - Processing file /opt/airflow/dags/setup_dag.py for tasks to queue
[2026-02-09T14:33:38.917+0000] {logging_mixin.py:188} INFO - [2026-02-09T14:33:38.916+0000] {dagbag.py:538} INFO - Filling up the DagBag from /opt/airflow/dags/setup_dag.py
[2026-02-09T14:33:38.956+0000] {processor.py:840} INFO - DAG(s) 'fork2_dag' retrieved from /opt/airflow/dags/setup_dag.py
[2026-02-09T14:33:39.034+0000] {logging_mixin.py:188} INFO - [2026-02-09T14:33:39.034+0000] {dag.py:3036} INFO - Sync 1 DAGs
[2026-02-09T14:33:39.108+0000] {logging_mixin.py:188} INFO - [2026-02-09T14:33:39.108+0000] {dag.py:3823} INFO - Setting next_dagrun for fork2_dag to 2026-02-09 14:33:20+00:00, run_after=2026-02-09 14:33:30+00:00
[2026-02-09T14:33:39.155+0000] {processor.py:183} INFO - Processing /opt/airflow/dags/setup_dag.py took 0.254 seconds
[2026-02-09T14:34:09.257+0000] {processor.py:161} INFO - Started process (PID=850) to work on /opt/airflow/dags/setup_dag.py
[2026-02-09T14:34:09.260+0000] {processor.py:830} INFO - Processing file /opt/airflow/dags/setup_dag.py for tasks to queue
[2026-02-09T14:34:09.263+0000] {logging_mixin.py:188} INFO - [2026-02-09T14:34:09.262+0000] {dagbag.py:538} INFO - Filling up the DagBag from /opt/airflow/dags/setup_dag.py
[2026-02-09T14:34:09.274+0000] {processor.py:840} INFO - DAG(s) 'fork2_dag' retrieved from /opt/airflow/dags/setup_dag.py
[2026-02-09T14:34:09.490+0000] {logging_mixin.py:188} INFO - [2026-02-09T14:34:09.490+0000] {dag.py:3036} INFO - Sync 1 DAGs
[2026-02-09T14:34:09.542+0000] {logging_mixin.py:188} INFO - [2026-02-09T14:34:09.541+0000] {dag.py:3823} INFO - Setting next_dagrun for fork2_dag to 2026-02-09 14:33:50+00:00, run_after=2026-02-09 14:34:00+00:00
[2026-02-09T14:34:09.598+0000] {processor.py:183} INFO - Processing /opt/airflow/dags/setup_dag.py took 0.347 seconds
[2026-02-09T14:34:40.073+0000] {processor.py:161} INFO - Started process (PID=935) to work on /opt/airflow/dags/setup_dag.py
[2026-02-09T14:34:40.074+0000] {processor.py:830} INFO - Processing file /opt/airflow/dags/setup_dag.py for tasks to queue
[2026-02-09T14:34:40.076+0000] {logging_mixin.py:188} INFO - [2026-02-09T14:34:40.076+0000] {dagbag.py:538} INFO - Filling up the DagBag from /opt/airflow/dags/setup_dag.py
[2026-02-09T14:34:40.085+0000] {processor.py:840} INFO - DAG(s) 'fork2_dag' retrieved from /opt/airflow/dags/setup_dag.py
[2026-02-09T14:34:40.116+0000] {logging_mixin.py:188} INFO - [2026-02-09T14:34:40.115+0000] {dag.py:3036} INFO - Sync 1 DAGs
[2026-02-09T14:34:40.151+0000] {logging_mixin.py:188} INFO - [2026-02-09T14:34:40.150+0000] {dag.py:3823} INFO - Setting next_dagrun for fork2_dag to 2026-02-09 14:34:30+00:00, run_after=2026-02-09 14:34:40+00:00
[2026-02-09T14:34:40.181+0000] {processor.py:183} INFO - Processing /opt/airflow/dags/setup_dag.py took 0.113 seconds
[2026-02-09T14:35:10.388+0000] {processor.py:161} INFO - Started process (PID=1028) to work on /opt/airflow/dags/setup_dag.py
[2026-02-09T14:35:10.394+0000] {processor.py:830} INFO - Processing file /opt/airflow/dags/setup_dag.py for tasks to queue
[2026-02-09T14:35:10.398+0000] {logging_mixin.py:188} INFO - [2026-02-09T14:35:10.397+0000] {dagbag.py:538} INFO - Filling up the DagBag from /opt/airflow/dags/setup_dag.py
[2026-02-09T14:35:10.431+0000] {processor.py:840} INFO - DAG(s) 'fork2_dag' retrieved from /opt/airflow/dags/setup_dag.py
[2026-02-09T14:35:10.460+0000] {logging_mixin.py:188} INFO - [2026-02-09T14:35:10.460+0000] {dag.py:3036} INFO - Sync 1 DAGs
[2026-02-09T14:35:10.528+0000] {logging_mixin.py:188} INFO - [2026-02-09T14:35:10.527+0000] {dag.py:3823} INFO - Setting next_dagrun for fork2_dag to 2026-02-09 14:35:00+00:00, run_after=2026-02-09 14:35:10+00:00
[2026-02-09T14:35:10.590+0000] {processor.py:183} INFO - Processing /opt/airflow/dags/setup_dag.py took 0.208 seconds
[2026-02-09T14:35:40.878+0000] {processor.py:161} INFO - Started process (PID=1110) to work on /opt/airflow/dags/setup_dag.py
[2026-02-09T14:35:40.880+0000] {processor.py:830} INFO - Processing file /opt/airflow/dags/setup_dag.py for tasks to queue
[2026-02-09T14:35:40.883+0000] {logging_mixin.py:188} INFO - [2026-02-09T14:35:40.882+0000] {dagbag.py:538} INFO - Filling up the DagBag from /opt/airflow/dags/setup_dag.py
[2026-02-09T14:35:40.901+0000] {processor.py:840} INFO - DAG(s) 'fork2_dag' retrieved from /opt/airflow/dags/setup_dag.py
[2026-02-09T14:35:41.134+0000] {logging_mixin.py:188} INFO - [2026-02-09T14:35:41.133+0000] {dag.py:3036} INFO - Sync 1 DAGs
[2026-02-09T14:35:41.176+0000] {logging_mixin.py:188} INFO - [2026-02-09T14:35:41.176+0000] {dag.py:3823} INFO - Setting next_dagrun for fork2_dag to 2026-02-09 14:35:30+00:00, run_after=2026-02-09 14:35:40+00:00
[2026-02-09T14:35:41.221+0000] {processor.py:183} INFO - Processing /opt/airflow/dags/setup_dag.py took 0.360 seconds
[2026-02-09T14:36:11.603+0000] {processor.py:161} INFO - Started process (PID=1203) to work on /opt/airflow/dags/setup_dag.py
[2026-02-09T14:36:11.605+0000] {processor.py:830} INFO - Processing file /opt/airflow/dags/setup_dag.py for tasks to queue
[2026-02-09T14:36:11.608+0000] {logging_mixin.py:188} INFO - [2026-02-09T14:36:11.607+0000] {dagbag.py:538} INFO - Filling up the DagBag from /opt/airflow/dags/setup_dag.py
[2026-02-09T14:36:11.619+0000] {processor.py:840} INFO - DAG(s) 'fork2_dag' retrieved from /opt/airflow/dags/setup_dag.py
[2026-02-09T14:36:11.657+0000] {logging_mixin.py:188} INFO - [2026-02-09T14:36:11.656+0000] {dag.py:3036} INFO - Sync 1 DAGs
[2026-02-09T14:36:11.710+0000] {logging_mixin.py:188} INFO - [2026-02-09T14:36:11.710+0000] {dag.py:3823} INFO - Setting next_dagrun for fork2_dag to 2026-02-09 14:36:00+00:00, run_after=2026-02-09 14:36:10+00:00
[2026-02-09T14:36:11.757+0000] {processor.py:183} INFO - Processing /opt/airflow/dags/setup_dag.py took 0.161 seconds
[2026-02-09T14:36:42.132+0000] {processor.py:161} INFO - Started process (PID=1300) to work on /opt/airflow/dags/setup_dag.py
[2026-02-09T14:36:42.133+0000] {processor.py:830} INFO - Processing file /opt/airflow/dags/setup_dag.py for tasks to queue
[2026-02-09T14:36:42.136+0000] {logging_mixin.py:188} INFO - [2026-02-09T14:36:42.135+0000] {dagbag.py:538} INFO - Filling up the DagBag from /opt/airflow/dags/setup_dag.py
[2026-02-09T14:36:42.144+0000] {processor.py:840} INFO - DAG(s) 'fork2_dag' retrieved from /opt/airflow/dags/setup_dag.py
[2026-02-09T14:36:42.162+0000] {logging_mixin.py:188} INFO - [2026-02-09T14:36:42.162+0000] {dag.py:3036} INFO - Sync 1 DAGs
[2026-02-09T14:36:42.206+0000] {logging_mixin.py:188} INFO - [2026-02-09T14:36:42.206+0000] {dag.py:3823} INFO - Setting next_dagrun for fork2_dag to 2026-02-09 14:36:30+00:00, run_after=2026-02-09 14:36:40+00:00
[2026-02-09T14:36:42.239+0000] {processor.py:183} INFO - Processing /opt/airflow/dags/setup_dag.py took 0.111 seconds
[2026-02-09T14:37:12.467+0000] {processor.py:161} INFO - Started process (PID=1387) to work on /opt/airflow/dags/setup_dag.py
[2026-02-09T14:37:12.469+0000] {processor.py:830} INFO - Processing file /opt/airflow/dags/setup_dag.py for tasks to queue
[2026-02-09T14:37:12.473+0000] {logging_mixin.py:188} INFO - [2026-02-09T14:37:12.472+0000] {dagbag.py:538} INFO - Filling up the DagBag from /opt/airflow/dags/setup_dag.py
[2026-02-09T14:37:12.483+0000] {processor.py:840} INFO - DAG(s) 'fork2_dag' retrieved from /opt/airflow/dags/setup_dag.py
[2026-02-09T14:37:12.668+0000] {logging_mixin.py:188} INFO - [2026-02-09T14:37:12.667+0000] {dag.py:3036} INFO - Sync 1 DAGs
[2026-02-09T14:37:12.701+0000] {logging_mixin.py:188} INFO - [2026-02-09T14:37:12.700+0000] {dag.py:3823} INFO - Setting next_dagrun for fork2_dag to 2026-02-09 14:37:00+00:00, run_after=2026-02-09 14:37:10+00:00
[2026-02-09T14:37:12.733+0000] {processor.py:183} INFO - Processing /opt/airflow/dags/setup_dag.py took 0.272 seconds
[2026-02-09T14:37:42.960+0000] {processor.py:161} INFO - Started process (PID=1479) to work on /opt/airflow/dags/setup_dag.py
[2026-02-09T14:37:42.966+0000] {processor.py:830} INFO - Processing file /opt/airflow/dags/setup_dag.py for tasks to queue
[2026-02-09T14:37:42.971+0000] {logging_mixin.py:188} INFO - [2026-02-09T14:37:42.970+0000] {dagbag.py:538} INFO - Filling up the DagBag from /opt/airflow/dags/setup_dag.py
[2026-02-09T14:37:42.981+0000] {processor.py:840} INFO - DAG(s) 'fork2_dag' retrieved from /opt/airflow/dags/setup_dag.py
[2026-02-09T14:37:43.032+0000] {logging_mixin.py:188} INFO - [2026-02-09T14:37:43.031+0000] {dag.py:3036} INFO - Sync 1 DAGs
[2026-02-09T14:37:43.078+0000] {logging_mixin.py:188} INFO - [2026-02-09T14:37:43.078+0000] {dag.py:3823} INFO - Setting next_dagrun for fork2_dag to 2026-02-09 14:37:30+00:00, run_after=2026-02-09 14:37:40+00:00
[2026-02-09T14:37:43.123+0000] {processor.py:183} INFO - Processing /opt/airflow/dags/setup_dag.py took 0.169 seconds
[2026-02-09T14:38:13.645+0000] {processor.py:161} INFO - Started process (PID=1558) to work on /opt/airflow/dags/setup_dag.py
[2026-02-09T14:38:13.646+0000] {processor.py:830} INFO - Processing file /opt/airflow/dags/setup_dag.py for tasks to queue
[2026-02-09T14:38:13.650+0000] {logging_mixin.py:188} INFO - [2026-02-09T14:38:13.649+0000] {dagbag.py:538} INFO - Filling up the DagBag from /opt/airflow/dags/setup_dag.py
[2026-02-09T14:38:13.660+0000] {processor.py:840} INFO - DAG(s) 'fork2_dag' retrieved from /opt/airflow/dags/setup_dag.py
[2026-02-09T14:38:13.696+0000] {logging_mixin.py:188} INFO - [2026-02-09T14:38:13.696+0000] {dag.py:3036} INFO - Sync 1 DAGs
[2026-02-09T14:38:13.757+0000] {logging_mixin.py:188} INFO - [2026-02-09T14:38:13.757+0000] {dag.py:3823} INFO - Setting next_dagrun for fork2_dag to 2026-02-09 14:38:00+00:00, run_after=2026-02-09 14:38:10+00:00
[2026-02-09T14:38:13.802+0000] {processor.py:183} INFO - Processing /opt/airflow/dags/setup_dag.py took 0.176 seconds
[2026-02-09T14:38:44.479+0000] {processor.py:161} INFO - Started process (PID=1641) to work on /opt/airflow/dags/setup_dag.py
[2026-02-09T14:38:44.481+0000] {processor.py:830} INFO - Processing file /opt/airflow/dags/setup_dag.py for tasks to queue
[2026-02-09T14:38:44.484+0000] {logging_mixin.py:188} INFO - [2026-02-09T14:38:44.484+0000] {dagbag.py:538} INFO - Filling up the DagBag from /opt/airflow/dags/setup_dag.py
[2026-02-09T14:38:44.496+0000] {processor.py:840} INFO - DAG(s) 'fork2_dag' retrieved from /opt/airflow/dags/setup_dag.py
[2026-02-09T14:38:44.697+0000] {logging_mixin.py:188} INFO - [2026-02-09T14:38:44.696+0000] {dag.py:3036} INFO - Sync 1 DAGs
[2026-02-09T14:38:44.736+0000] {logging_mixin.py:188} INFO - [2026-02-09T14:38:44.736+0000] {dag.py:3823} INFO - Setting next_dagrun for fork2_dag to 2026-02-09 14:38:30+00:00, run_after=2026-02-09 14:38:40+00:00
[2026-02-09T14:38:44.764+0000] {processor.py:183} INFO - Processing /opt/airflow/dags/setup_dag.py took 0.292 seconds
[2026-02-09T14:39:14.996+0000] {processor.py:161} INFO - Started process (PID=1733) to work on /opt/airflow/dags/setup_dag.py
[2026-02-09T14:39:15.013+0000] {processor.py:830} INFO - Processing file /opt/airflow/dags/setup_dag.py for tasks to queue
[2026-02-09T14:39:15.016+0000] {logging_mixin.py:188} INFO - [2026-02-09T14:39:15.016+0000] {dagbag.py:538} INFO - Filling up the DagBag from /opt/airflow/dags/setup_dag.py
[2026-02-09T14:39:15.041+0000] {processor.py:840} INFO - DAG(s) 'fork2_dag' retrieved from /opt/airflow/dags/setup_dag.py
[2026-02-09T14:39:15.125+0000] {logging_mixin.py:188} INFO - [2026-02-09T14:39:15.124+0000] {dag.py:3036} INFO - Sync 1 DAGs
[2026-02-09T14:39:15.211+0000] {logging_mixin.py:188} INFO - [2026-02-09T14:39:15.210+0000] {dag.py:3823} INFO - Setting next_dagrun for fork2_dag to 2026-02-09 14:39:00+00:00, run_after=2026-02-09 14:39:10+00:00
[2026-02-09T14:39:15.258+0000] {processor.py:183} INFO - Processing /opt/airflow/dags/setup_dag.py took 0.270 seconds
[2026-02-09T14:39:45.470+0000] {processor.py:161} INFO - Started process (PID=1825) to work on /opt/airflow/dags/setup_dag.py
[2026-02-09T14:39:45.471+0000] {processor.py:830} INFO - Processing file /opt/airflow/dags/setup_dag.py for tasks to queue
[2026-02-09T14:39:45.475+0000] {logging_mixin.py:188} INFO - [2026-02-09T14:39:45.475+0000] {dagbag.py:538} INFO - Filling up the DagBag from /opt/airflow/dags/setup_dag.py
[2026-02-09T14:39:45.492+0000] {processor.py:840} INFO - DAG(s) 'fork2_dag' retrieved from /opt/airflow/dags/setup_dag.py
[2026-02-09T14:39:45.519+0000] {logging_mixin.py:188} INFO - [2026-02-09T14:39:45.519+0000] {dag.py:3036} INFO - Sync 1 DAGs
[2026-02-09T14:39:45.578+0000] {logging_mixin.py:188} INFO - [2026-02-09T14:39:45.578+0000] {dag.py:3823} INFO - Setting next_dagrun for fork2_dag to 2026-02-09 14:39:30+00:00, run_after=2026-02-09 14:39:40+00:00
[2026-02-09T14:39:45.620+0000] {processor.py:183} INFO - Processing /opt/airflow/dags/setup_dag.py took 0.158 seconds
[2026-02-09T14:40:16.037+0000] {processor.py:161} INFO - Started process (PID=1912) to work on /opt/airflow/dags/setup_dag.py
[2026-02-09T14:40:16.038+0000] {processor.py:830} INFO - Processing file /opt/airflow/dags/setup_dag.py for tasks to queue
[2026-02-09T14:40:16.041+0000] {logging_mixin.py:188} INFO - [2026-02-09T14:40:16.041+0000] {dagbag.py:538} INFO - Filling up the DagBag from /opt/airflow/dags/setup_dag.py
[2026-02-09T14:40:16.077+0000] {processor.py:840} INFO - DAG(s) 'fork2_dag' retrieved from /opt/airflow/dags/setup_dag.py
[2026-02-09T14:40:16.539+0000] {logging_mixin.py:188} INFO - [2026-02-09T14:40:16.539+0000] {dag.py:3036} INFO - Sync 1 DAGs
[2026-02-09T14:40:16.626+0000] {logging_mixin.py:188} INFO - [2026-02-09T14:40:16.626+0000] {dag.py:3823} INFO - Setting next_dagrun for fork2_dag to 2026-02-09 14:40:00+00:00, run_after=2026-02-09 14:40:10+00:00
[2026-02-09T14:40:16.693+0000] {processor.py:183} INFO - Processing /opt/airflow/dags/setup_dag.py took 0.674 seconds
[2026-02-09T14:40:47.470+0000] {processor.py:161} INFO - Started process (PID=1996) to work on /opt/airflow/dags/setup_dag.py
[2026-02-09T14:40:47.478+0000] {processor.py:830} INFO - Processing file /opt/airflow/dags/setup_dag.py for tasks to queue
[2026-02-09T14:40:47.482+0000] {logging_mixin.py:188} INFO - [2026-02-09T14:40:47.481+0000] {dagbag.py:538} INFO - Filling up the DagBag from /opt/airflow/dags/setup_dag.py
[2026-02-09T14:40:47.497+0000] {processor.py:840} INFO - DAG(s) 'fork2_dag' retrieved from /opt/airflow/dags/setup_dag.py
[2026-02-09T14:40:47.552+0000] {logging_mixin.py:188} INFO - [2026-02-09T14:40:47.552+0000] {dag.py:3036} INFO - Sync 1 DAGs
[2026-02-09T14:40:47.618+0000] {logging_mixin.py:188} INFO - [2026-02-09T14:40:47.618+0000] {dag.py:3823} INFO - Setting next_dagrun for fork2_dag to 2026-02-09 14:40:30+00:00, run_after=2026-02-09 14:40:40+00:00
[2026-02-09T14:40:47.668+0000] {processor.py:183} INFO - Processing /opt/airflow/dags/setup_dag.py took 0.209 seconds
[2026-02-09T14:41:18.024+0000] {processor.py:161} INFO - Started process (PID=2088) to work on /opt/airflow/dags/setup_dag.py
[2026-02-09T14:41:18.030+0000] {processor.py:830} INFO - Processing file /opt/airflow/dags/setup_dag.py for tasks to queue
[2026-02-09T14:41:18.033+0000] {logging_mixin.py:188} INFO - [2026-02-09T14:41:18.033+0000] {dagbag.py:538} INFO - Filling up the DagBag from /opt/airflow/dags/setup_dag.py
[2026-02-09T14:41:18.044+0000] {processor.py:840} INFO - DAG(s) 'fork2_dag' retrieved from /opt/airflow/dags/setup_dag.py
[2026-02-09T14:41:18.064+0000] {logging_mixin.py:188} INFO - [2026-02-09T14:41:18.064+0000] {dag.py:3036} INFO - Sync 1 DAGs
[2026-02-09T14:41:18.109+0000] {logging_mixin.py:188} INFO - [2026-02-09T14:41:18.109+0000] {dag.py:3823} INFO - Setting next_dagrun for fork2_dag to 2026-02-09 14:41:00+00:00, run_after=2026-02-09 14:41:10+00:00
[2026-02-09T14:41:18.155+0000] {processor.py:183} INFO - Processing /opt/airflow/dags/setup_dag.py took 0.137 seconds
[2026-02-09T14:41:48.825+0000] {processor.py:161} INFO - Started process (PID=2177) to work on /opt/airflow/dags/setup_dag.py
[2026-02-09T14:41:48.834+0000] {processor.py:830} INFO - Processing file /opt/airflow/dags/setup_dag.py for tasks to queue
[2026-02-09T14:41:48.838+0000] {logging_mixin.py:188} INFO - [2026-02-09T14:41:48.837+0000] {dagbag.py:538} INFO - Filling up the DagBag from /opt/airflow/dags/setup_dag.py
[2026-02-09T14:41:48.854+0000] {processor.py:840} INFO - DAG(s) 'fork2_dag' retrieved from /opt/airflow/dags/setup_dag.py
[2026-02-09T14:41:49.152+0000] {logging_mixin.py:188} INFO - [2026-02-09T14:41:49.152+0000] {dag.py:3036} INFO - Sync 1 DAGs
[2026-02-09T14:41:49.191+0000] {logging_mixin.py:188} INFO - [2026-02-09T14:41:49.191+0000] {dag.py:3823} INFO - Setting next_dagrun for fork2_dag to 2026-02-09 14:41:30+00:00, run_after=2026-02-09 14:41:40+00:00
[2026-02-09T14:41:49.226+0000] {processor.py:183} INFO - Processing /opt/airflow/dags/setup_dag.py took 0.407 seconds
[2026-02-09T14:42:19.331+0000] {processor.py:161} INFO - Started process (PID=2285) to work on /opt/airflow/dags/setup_dag.py
[2026-02-09T14:42:19.346+0000] {processor.py:830} INFO - Processing file /opt/airflow/dags/setup_dag.py for tasks to queue
[2026-02-09T14:42:19.349+0000] {logging_mixin.py:188} INFO - [2026-02-09T14:42:19.349+0000] {dagbag.py:538} INFO - Filling up the DagBag from /opt/airflow/dags/setup_dag.py
[2026-02-09T14:42:19.360+0000] {processor.py:840} INFO - DAG(s) 'fork2_dag' retrieved from /opt/airflow/dags/setup_dag.py
[2026-02-09T14:42:19.399+0000] {logging_mixin.py:188} INFO - [2026-02-09T14:42:19.398+0000] {dag.py:3036} INFO - Sync 1 DAGs
[2026-02-09T14:42:19.443+0000] {logging_mixin.py:188} INFO - [2026-02-09T14:42:19.443+0000] {dag.py:3823} INFO - Setting next_dagrun for fork2_dag to 2026-02-09 14:42:00+00:00, run_after=2026-02-09 14:42:10+00:00
[2026-02-09T14:42:19.478+0000] {processor.py:183} INFO - Processing /opt/airflow/dags/setup_dag.py took 0.164 seconds
[2026-02-09T14:42:49.750+0000] {processor.py:161} INFO - Started process (PID=2371) to work on /opt/airflow/dags/setup_dag.py
[2026-02-09T14:42:49.751+0000] {processor.py:830} INFO - Processing file /opt/airflow/dags/setup_dag.py for tasks to queue
[2026-02-09T14:42:49.754+0000] {logging_mixin.py:188} INFO - [2026-02-09T14:42:49.754+0000] {dagbag.py:538} INFO - Filling up the DagBag from /opt/airflow/dags/setup_dag.py
[2026-02-09T14:42:49.767+0000] {processor.py:840} INFO - DAG(s) 'fork2_dag' retrieved from /opt/airflow/dags/setup_dag.py
[2026-02-09T14:42:49.790+0000] {logging_mixin.py:188} INFO - [2026-02-09T14:42:49.789+0000] {dag.py:3036} INFO - Sync 1 DAGs
[2026-02-09T14:42:49.837+0000] {logging_mixin.py:188} INFO - [2026-02-09T14:42:49.837+0000] {dag.py:3823} INFO - Setting next_dagrun for fork2_dag to 2026-02-09 14:42:30+00:00, run_after=2026-02-09 14:42:40+00:00
[2026-02-09T14:42:49.872+0000] {processor.py:183} INFO - Processing /opt/airflow/dags/setup_dag.py took 0.128 seconds
[2026-02-09T14:43:20.162+0000] {processor.py:161} INFO - Started process (PID=2454) to work on /opt/airflow/dags/setup_dag.py
[2026-02-09T14:43:20.164+0000] {processor.py:830} INFO - Processing file /opt/airflow/dags/setup_dag.py for tasks to queue
[2026-02-09T14:43:20.167+0000] {logging_mixin.py:188} INFO - [2026-02-09T14:43:20.167+0000] {dagbag.py:538} INFO - Filling up the DagBag from /opt/airflow/dags/setup_dag.py
[2026-02-09T14:43:20.177+0000] {processor.py:840} INFO - DAG(s) 'fork2_dag' retrieved from /opt/airflow/dags/setup_dag.py
[2026-02-09T14:43:20.371+0000] {logging_mixin.py:188} INFO - [2026-02-09T14:43:20.370+0000] {dag.py:3036} INFO - Sync 1 DAGs
[2026-02-09T14:43:20.407+0000] {logging_mixin.py:188} INFO - [2026-02-09T14:43:20.406+0000] {dag.py:3823} INFO - Setting next_dagrun for fork2_dag to 2026-02-09 14:43:10+00:00, run_after=2026-02-09 14:43:20+00:00
[2026-02-09T14:43:20.438+0000] {processor.py:183} INFO - Processing /opt/airflow/dags/setup_dag.py took 0.281 seconds
[2026-02-09T14:43:50.797+0000] {processor.py:161} INFO - Started process (PID=2540) to work on /opt/airflow/dags/setup_dag.py
[2026-02-09T14:43:50.798+0000] {processor.py:830} INFO - Processing file /opt/airflow/dags/setup_dag.py for tasks to queue
[2026-02-09T14:43:50.801+0000] {logging_mixin.py:188} INFO - [2026-02-09T14:43:50.800+0000] {dagbag.py:538} INFO - Filling up the DagBag from /opt/airflow/dags/setup_dag.py
[2026-02-09T14:43:50.809+0000] {processor.py:840} INFO - DAG(s) 'fork2_dag' retrieved from /opt/airflow/dags/setup_dag.py
[2026-02-09T14:43:50.842+0000] {logging_mixin.py:188} INFO - [2026-02-09T14:43:50.842+0000] {dag.py:3036} INFO - Sync 1 DAGs
[2026-02-09T14:43:50.886+0000] {logging_mixin.py:188} INFO - [2026-02-09T14:43:50.886+0000] {dag.py:3823} INFO - Setting next_dagrun for fork2_dag to 2026-02-09 14:43:40+00:00, run_after=2026-02-09 14:43:50+00:00
[2026-02-09T14:43:50.922+0000] {processor.py:183} INFO - Processing /opt/airflow/dags/setup_dag.py took 0.130 seconds
[2026-02-09T14:44:21.445+0000] {processor.py:161} INFO - Started process (PID=2635) to work on /opt/airflow/dags/setup_dag.py
[2026-02-09T14:44:21.450+0000] {processor.py:830} INFO - Processing file /opt/airflow/dags/setup_dag.py for tasks to queue
[2026-02-09T14:44:21.453+0000] {logging_mixin.py:188} INFO - [2026-02-09T14:44:21.453+0000] {dagbag.py:538} INFO - Filling up the DagBag from /opt/airflow/dags/setup_dag.py
[2026-02-09T14:44:21.464+0000] {processor.py:840} INFO - DAG(s) 'fork2_dag' retrieved from /opt/airflow/dags/setup_dag.py
[2026-02-09T14:44:21.497+0000] {logging_mixin.py:188} INFO - [2026-02-09T14:44:21.497+0000] {dag.py:3036} INFO - Sync 1 DAGs
[2026-02-09T14:44:21.568+0000] {logging_mixin.py:188} INFO - [2026-02-09T14:44:21.567+0000] {dag.py:3823} INFO - Setting next_dagrun for fork2_dag to 2026-02-09 14:44:10+00:00, run_after=2026-02-09 14:44:20+00:00
[2026-02-09T14:44:21.644+0000] {processor.py:183} INFO - Processing /opt/airflow/dags/setup_dag.py took 0.205 seconds
[2026-02-09T14:44:51.841+0000] {processor.py:161} INFO - Started process (PID=2723) to work on /opt/airflow/dags/setup_dag.py
[2026-02-09T14:44:51.852+0000] {processor.py:830} INFO - Processing file /opt/airflow/dags/setup_dag.py for tasks to queue
[2026-02-09T14:44:51.874+0000] {logging_mixin.py:188} INFO - [2026-02-09T14:44:51.873+0000] {dagbag.py:538} INFO - Filling up the DagBag from /opt/airflow/dags/setup_dag.py
[2026-02-09T14:44:51.892+0000] {processor.py:840} INFO - DAG(s) 'fork2_dag' retrieved from /opt/airflow/dags/setup_dag.py
[2026-02-09T14:44:52.163+0000] {logging_mixin.py:188} INFO - [2026-02-09T14:44:52.162+0000] {dag.py:3036} INFO - Sync 1 DAGs
[2026-02-09T14:44:52.204+0000] {logging_mixin.py:188} INFO - [2026-02-09T14:44:52.204+0000] {dag.py:3823} INFO - Setting next_dagrun for fork2_dag to 2026-02-09 14:44:40+00:00, run_after=2026-02-09 14:44:50+00:00
[2026-02-09T14:44:52.255+0000] {processor.py:183} INFO - Processing /opt/airflow/dags/setup_dag.py took 0.421 seconds
[2026-02-09T14:45:22.358+0000] {processor.py:161} INFO - Started process (PID=2804) to work on /opt/airflow/dags/setup_dag.py
[2026-02-09T14:45:22.360+0000] {processor.py:830} INFO - Processing file /opt/airflow/dags/setup_dag.py for tasks to queue
[2026-02-09T14:45:22.363+0000] {logging_mixin.py:188} INFO - [2026-02-09T14:45:22.363+0000] {dagbag.py:538} INFO - Filling up the DagBag from /opt/airflow/dags/setup_dag.py
[2026-02-09T14:45:22.374+0000] {processor.py:840} INFO - DAG(s) 'fork2_dag' retrieved from /opt/airflow/dags/setup_dag.py
[2026-02-09T14:45:22.424+0000] {logging_mixin.py:188} INFO - [2026-02-09T14:45:22.424+0000] {dag.py:3036} INFO - Sync 1 DAGs
[2026-02-09T14:45:22.488+0000] {logging_mixin.py:188} INFO - [2026-02-09T14:45:22.487+0000] {dag.py:3823} INFO - Setting next_dagrun for fork2_dag to 2026-02-09 14:45:10+00:00, run_after=2026-02-09 14:45:20+00:00
[2026-02-09T14:45:22.546+0000] {processor.py:183} INFO - Processing /opt/airflow/dags/setup_dag.py took 0.194 seconds
[2026-02-09T14:45:53.208+0000] {processor.py:161} INFO - Started process (PID=2898) to work on /opt/airflow/dags/setup_dag.py
[2026-02-09T14:45:53.210+0000] {processor.py:830} INFO - Processing file /opt/airflow/dags/setup_dag.py for tasks to queue
[2026-02-09T14:45:53.213+0000] {logging_mixin.py:188} INFO - [2026-02-09T14:45:53.212+0000] {dagbag.py:538} INFO - Filling up the DagBag from /opt/airflow/dags/setup_dag.py
[2026-02-09T14:45:53.223+0000] {processor.py:840} INFO - DAG(s) 'fork2_dag' retrieved from /opt/airflow/dags/setup_dag.py
[2026-02-09T14:45:53.243+0000] {logging_mixin.py:188} INFO - [2026-02-09T14:45:53.243+0000] {dag.py:3036} INFO - Sync 1 DAGs
[2026-02-09T14:45:53.288+0000] {logging_mixin.py:188} INFO - [2026-02-09T14:45:53.287+0000] {dag.py:3823} INFO - Setting next_dagrun for fork2_dag to 2026-02-09 14:45:40+00:00, run_after=2026-02-09 14:45:50+00:00
[2026-02-09T14:45:53.323+0000] {processor.py:183} INFO - Processing /opt/airflow/dags/setup_dag.py took 0.119 seconds
[2026-02-09T14:48:47.525+0000] {processor.py:161} INFO - Started process (PID=47) to work on /opt/airflow/dags/setup_dag.py
[2026-02-09T14:48:47.537+0000] {processor.py:830} INFO - Processing file /opt/airflow/dags/setup_dag.py for tasks to queue
[2026-02-09T14:48:47.541+0000] {logging_mixin.py:188} INFO - [2026-02-09T14:48:47.541+0000] {dagbag.py:538} INFO - Filling up the DagBag from /opt/airflow/dags/setup_dag.py
[2026-02-09T14:48:47.591+0000] {processor.py:840} INFO - DAG(s) 'fork2_dag' retrieved from /opt/airflow/dags/setup_dag.py
[2026-02-09T14:48:48.078+0000] {logging_mixin.py:188} INFO - [2026-02-09T14:48:48.077+0000] {dag.py:3036} INFO - Sync 1 DAGs
[2026-02-09T14:48:48.131+0000] {logging_mixin.py:188} INFO - [2026-02-09T14:48:48.131+0000] {dag.py:3823} INFO - Setting next_dagrun for fork2_dag to 2026-02-09 14:48:30+00:00, run_after=2026-02-09 14:48:40+00:00
[2026-02-09T14:48:48.242+0000] {processor.py:183} INFO - Processing /opt/airflow/dags/setup_dag.py took 0.723 seconds
[2026-02-09T14:49:18.531+0000] {processor.py:161} INFO - Started process (PID=124) to work on /opt/airflow/dags/setup_dag.py
[2026-02-09T14:49:18.534+0000] {processor.py:830} INFO - Processing file /opt/airflow/dags/setup_dag.py for tasks to queue
[2026-02-09T14:49:18.537+0000] {logging_mixin.py:188} INFO - [2026-02-09T14:49:18.537+0000] {dagbag.py:538} INFO - Filling up the DagBag from /opt/airflow/dags/setup_dag.py
[2026-02-09T14:49:18.548+0000] {processor.py:840} INFO - DAG(s) 'fork2_dag' retrieved from /opt/airflow/dags/setup_dag.py
[2026-02-09T14:49:18.612+0000] {logging_mixin.py:188} INFO - [2026-02-09T14:49:18.611+0000] {dag.py:3036} INFO - Sync 1 DAGs
[2026-02-09T14:49:18.664+0000] {logging_mixin.py:188} INFO - [2026-02-09T14:49:18.664+0000] {dag.py:3823} INFO - Setting next_dagrun for fork2_dag to 2026-02-09 14:49:00+00:00, run_after=2026-02-09 14:49:10+00:00
[2026-02-09T14:49:18.702+0000] {processor.py:183} INFO - Processing /opt/airflow/dags/setup_dag.py took 0.177 seconds
[2026-02-09T14:49:49.153+0000] {processor.py:161} INFO - Started process (PID=213) to work on /opt/airflow/dags/setup_dag.py
[2026-02-09T14:49:49.156+0000] {processor.py:830} INFO - Processing file /opt/airflow/dags/setup_dag.py for tasks to queue
[2026-02-09T14:49:49.170+0000] {logging_mixin.py:188} INFO - [2026-02-09T14:49:49.159+0000] {dagbag.py:538} INFO - Filling up the DagBag from /opt/airflow/dags/setup_dag.py
[2026-02-09T14:49:49.188+0000] {processor.py:840} INFO - DAG(s) 'fork2_dag' retrieved from /opt/airflow/dags/setup_dag.py
[2026-02-09T14:49:49.460+0000] {logging_mixin.py:188} INFO - [2026-02-09T14:49:49.460+0000] {dag.py:3036} INFO - Sync 1 DAGs
[2026-02-09T14:49:49.522+0000] {logging_mixin.py:188} INFO - [2026-02-09T14:49:49.522+0000] {dag.py:3823} INFO - Setting next_dagrun for fork2_dag to 2026-02-09 14:49:30+00:00, run_after=2026-02-09 14:49:40+00:00
[2026-02-09T14:49:49.571+0000] {processor.py:183} INFO - Processing /opt/airflow/dags/setup_dag.py took 0.429 seconds
[2026-02-09T14:50:19.677+0000] {processor.py:161} INFO - Started process (PID=291) to work on /opt/airflow/dags/setup_dag.py
[2026-02-09T14:50:19.679+0000] {processor.py:830} INFO - Processing file /opt/airflow/dags/setup_dag.py for tasks to queue
[2026-02-09T14:50:19.683+0000] {logging_mixin.py:188} INFO - [2026-02-09T14:50:19.682+0000] {dagbag.py:538} INFO - Filling up the DagBag from /opt/airflow/dags/setup_dag.py
[2026-02-09T14:50:19.691+0000] {processor.py:840} INFO - DAG(s) 'fork2_dag' retrieved from /opt/airflow/dags/setup_dag.py
[2026-02-09T14:50:19.728+0000] {logging_mixin.py:188} INFO - [2026-02-09T14:50:19.727+0000] {dag.py:3036} INFO - Sync 1 DAGs
[2026-02-09T14:50:19.765+0000] {logging_mixin.py:188} INFO - [2026-02-09T14:50:19.765+0000] {dag.py:3823} INFO - Setting next_dagrun for fork2_dag to 2026-02-09 14:50:00+00:00, run_after=2026-02-09 14:50:10+00:00
[2026-02-09T14:50:19.793+0000] {processor.py:183} INFO - Processing /opt/airflow/dags/setup_dag.py took 0.121 seconds
[2026-02-09T14:50:50.325+0000] {processor.py:161} INFO - Started process (PID=387) to work on /opt/airflow/dags/setup_dag.py
[2026-02-09T14:50:50.328+0000] {processor.py:830} INFO - Processing file /opt/airflow/dags/setup_dag.py for tasks to queue
[2026-02-09T14:50:50.332+0000] {logging_mixin.py:188} INFO - [2026-02-09T14:50:50.331+0000] {dagbag.py:538} INFO - Filling up the DagBag from /opt/airflow/dags/setup_dag.py
[2026-02-09T14:50:50.342+0000] {processor.py:840} INFO - DAG(s) 'fork2_dag' retrieved from /opt/airflow/dags/setup_dag.py
[2026-02-09T14:50:50.522+0000] {logging_mixin.py:188} INFO - [2026-02-09T14:50:50.521+0000] {dag.py:3036} INFO - Sync 1 DAGs
[2026-02-09T14:50:50.555+0000] {logging_mixin.py:188} INFO - [2026-02-09T14:50:50.554+0000] {dag.py:3823} INFO - Setting next_dagrun for fork2_dag to 2026-02-09 14:50:40+00:00, run_after=2026-02-09 14:50:50+00:00
[2026-02-09T14:50:50.592+0000] {processor.py:183} INFO - Processing /opt/airflow/dags/setup_dag.py took 0.273 seconds
[2026-02-09T14:51:20.960+0000] {processor.py:161} INFO - Started process (PID=489) to work on /opt/airflow/dags/setup_dag.py
[2026-02-09T14:51:20.970+0000] {processor.py:830} INFO - Processing file /opt/airflow/dags/setup_dag.py for tasks to queue
[2026-02-09T14:51:20.973+0000] {logging_mixin.py:188} INFO - [2026-02-09T14:51:20.972+0000] {dagbag.py:538} INFO - Filling up the DagBag from /opt/airflow/dags/setup_dag.py
[2026-02-09T14:51:20.992+0000] {processor.py:840} INFO - DAG(s) 'fork2_dag' retrieved from /opt/airflow/dags/setup_dag.py
[2026-02-09T14:51:21.056+0000] {logging_mixin.py:188} INFO - [2026-02-09T14:51:21.056+0000] {dag.py:3036} INFO - Sync 1 DAGs
[2026-02-09T14:51:21.133+0000] {logging_mixin.py:188} INFO - [2026-02-09T14:51:21.133+0000] {dag.py:3823} INFO - Setting next_dagrun for fork2_dag to 2026-02-09 14:51:10+00:00, run_after=2026-02-09 14:51:20+00:00
[2026-02-09T14:51:21.184+0000] {processor.py:183} INFO - Processing /opt/airflow/dags/setup_dag.py took 0.241 seconds
[2026-02-09T14:51:51.546+0000] {processor.py:161} INFO - Started process (PID=571) to work on /opt/airflow/dags/setup_dag.py
[2026-02-09T14:51:51.547+0000] {processor.py:830} INFO - Processing file /opt/airflow/dags/setup_dag.py for tasks to queue
[2026-02-09T14:51:51.565+0000] {logging_mixin.py:188} INFO - [2026-02-09T14:51:51.565+0000] {dagbag.py:538} INFO - Filling up the DagBag from /opt/airflow/dags/setup_dag.py
[2026-02-09T14:51:51.591+0000] {processor.py:840} INFO - DAG(s) 'fork2_dag' retrieved from /opt/airflow/dags/setup_dag.py
[2026-02-09T14:51:51.955+0000] {logging_mixin.py:188} INFO - [2026-02-09T14:51:51.954+0000] {dag.py:3036} INFO - Sync 1 DAGs
[2026-02-09T14:51:52.061+0000] {logging_mixin.py:188} INFO - [2026-02-09T14:51:52.061+0000] {dag.py:3823} INFO - Setting next_dagrun for fork2_dag to 2026-02-09 14:51:40+00:00, run_after=2026-02-09 14:51:50+00:00
[2026-02-09T14:51:52.122+0000] {processor.py:183} INFO - Processing /opt/airflow/dags/setup_dag.py took 0.582 seconds
[2026-02-09T14:52:22.897+0000] {processor.py:161} INFO - Started process (PID=654) to work on /opt/airflow/dags/setup_dag.py
[2026-02-09T14:52:22.900+0000] {processor.py:830} INFO - Processing file /opt/airflow/dags/setup_dag.py for tasks to queue
[2026-02-09T14:52:22.905+0000] {logging_mixin.py:188} INFO - [2026-02-09T14:52:22.904+0000] {dagbag.py:538} INFO - Filling up the DagBag from /opt/airflow/dags/setup_dag.py
[2026-02-09T14:52:22.917+0000] {processor.py:840} INFO - DAG(s) 'fork2_dag' retrieved from /opt/airflow/dags/setup_dag.py
[2026-02-09T14:52:22.965+0000] {logging_mixin.py:188} INFO - [2026-02-09T14:52:22.964+0000] {dag.py:3036} INFO - Sync 1 DAGs
[2026-02-09T14:52:23.012+0000] {logging_mixin.py:188} INFO - [2026-02-09T14:52:23.011+0000] {dag.py:3823} INFO - Setting next_dagrun for fork2_dag to 2026-02-09 14:52:10+00:00, run_after=2026-02-09 14:52:20+00:00
[2026-02-09T14:52:23.046+0000] {processor.py:183} INFO - Processing /opt/airflow/dags/setup_dag.py took 0.159 seconds
[2026-02-09T14:52:53.684+0000] {processor.py:161} INFO - Started process (PID=729) to work on /opt/airflow/dags/setup_dag.py
[2026-02-09T14:52:53.688+0000] {processor.py:830} INFO - Processing file /opt/airflow/dags/setup_dag.py for tasks to queue
[2026-02-09T14:52:53.692+0000] {logging_mixin.py:188} INFO - [2026-02-09T14:52:53.691+0000] {dagbag.py:538} INFO - Filling up the DagBag from /opt/airflow/dags/setup_dag.py
[2026-02-09T14:52:53.703+0000] {processor.py:840} INFO - DAG(s) 'fork2_dag' retrieved from /opt/airflow/dags/setup_dag.py
[2026-02-09T14:52:53.887+0000] {logging_mixin.py:188} INFO - [2026-02-09T14:52:53.886+0000] {dag.py:3036} INFO - Sync 1 DAGs
[2026-02-09T14:52:53.918+0000] {logging_mixin.py:188} INFO - [2026-02-09T14:52:53.917+0000] {dag.py:3823} INFO - Setting next_dagrun for fork2_dag to 2026-02-09 14:52:40+00:00, run_after=2026-02-09 14:52:50+00:00
[2026-02-09T14:52:53.945+0000] {processor.py:183} INFO - Processing /opt/airflow/dags/setup_dag.py took 0.266 seconds
[2026-02-09T14:53:24.108+0000] {processor.py:161} INFO - Started process (PID=822) to work on /opt/airflow/dags/setup_dag.py
[2026-02-09T14:53:24.114+0000] {processor.py:830} INFO - Processing file /opt/airflow/dags/setup_dag.py for tasks to queue
[2026-02-09T14:53:24.118+0000] {logging_mixin.py:188} INFO - [2026-02-09T14:53:24.117+0000] {dagbag.py:538} INFO - Filling up the DagBag from /opt/airflow/dags/setup_dag.py
[2026-02-09T14:53:24.130+0000] {processor.py:840} INFO - DAG(s) 'fork2_dag' retrieved from /opt/airflow/dags/setup_dag.py
[2026-02-09T14:53:24.181+0000] {logging_mixin.py:188} INFO - [2026-02-09T14:53:24.181+0000] {dag.py:3036} INFO - Sync 1 DAGs
[2026-02-09T14:53:24.243+0000] {logging_mixin.py:188} INFO - [2026-02-09T14:53:24.243+0000] {dag.py:3823} INFO - Setting next_dagrun for fork2_dag to 2026-02-09 14:53:10+00:00, run_after=2026-02-09 14:53:20+00:00
[2026-02-09T14:53:24.302+0000] {processor.py:183} INFO - Processing /opt/airflow/dags/setup_dag.py took 0.200 seconds
[2026-02-09T14:53:54.890+0000] {processor.py:161} INFO - Started process (PID=909) to work on /opt/airflow/dags/setup_dag.py
[2026-02-09T14:53:54.894+0000] {processor.py:830} INFO - Processing file /opt/airflow/dags/setup_dag.py for tasks to queue
[2026-02-09T14:53:54.897+0000] {logging_mixin.py:188} INFO - [2026-02-09T14:53:54.896+0000] {dagbag.py:538} INFO - Filling up the DagBag from /opt/airflow/dags/setup_dag.py
[2026-02-09T14:53:54.908+0000] {processor.py:840} INFO - DAG(s) 'fork2_dag' retrieved from /opt/airflow/dags/setup_dag.py
[2026-02-09T14:53:55.314+0000] {logging_mixin.py:188} INFO - [2026-02-09T14:53:55.314+0000] {dag.py:3036} INFO - Sync 1 DAGs
[2026-02-09T14:53:55.369+0000] {logging_mixin.py:188} INFO - [2026-02-09T14:53:55.369+0000] {dag.py:3823} INFO - Setting next_dagrun for fork2_dag to 2026-02-09 14:53:40+00:00, run_after=2026-02-09 14:53:50+00:00
[2026-02-09T14:53:55.413+0000] {processor.py:183} INFO - Processing /opt/airflow/dags/setup_dag.py took 0.530 seconds
[2026-02-09T14:54:25.846+0000] {processor.py:161} INFO - Started process (PID=991) to work on /opt/airflow/dags/setup_dag.py
[2026-02-09T14:54:25.848+0000] {processor.py:830} INFO - Processing file /opt/airflow/dags/setup_dag.py for tasks to queue
[2026-02-09T14:54:25.850+0000] {logging_mixin.py:188} INFO - [2026-02-09T14:54:25.850+0000] {dagbag.py:538} INFO - Filling up the DagBag from /opt/airflow/dags/setup_dag.py
[2026-02-09T14:54:25.859+0000] {processor.py:840} INFO - DAG(s) 'fork2_dag' retrieved from /opt/airflow/dags/setup_dag.py
[2026-02-09T14:54:25.890+0000] {logging_mixin.py:188} INFO - [2026-02-09T14:54:25.890+0000] {dag.py:3036} INFO - Sync 1 DAGs
[2026-02-09T14:54:25.927+0000] {logging_mixin.py:188} INFO - [2026-02-09T14:54:25.927+0000] {dag.py:3823} INFO - Setting next_dagrun for fork2_dag to 2026-02-09 14:54:10+00:00, run_after=2026-02-09 14:54:20+00:00
[2026-02-09T14:54:25.957+0000] {processor.py:183} INFO - Processing /opt/airflow/dags/setup_dag.py took 0.116 seconds
[2026-02-09T14:54:56.070+0000] {processor.py:161} INFO - Started process (PID=1087) to work on /opt/airflow/dags/setup_dag.py
[2026-02-09T14:54:56.072+0000] {processor.py:830} INFO - Processing file /opt/airflow/dags/setup_dag.py for tasks to queue
[2026-02-09T14:54:56.075+0000] {logging_mixin.py:188} INFO - [2026-02-09T14:54:56.075+0000] {dagbag.py:538} INFO - Filling up the DagBag from /opt/airflow/dags/setup_dag.py
[2026-02-09T14:54:56.086+0000] {processor.py:840} INFO - DAG(s) 'fork2_dag' retrieved from /opt/airflow/dags/setup_dag.py
[2026-02-09T14:54:56.273+0000] {logging_mixin.py:188} INFO - [2026-02-09T14:54:56.272+0000] {dag.py:3036} INFO - Sync 1 DAGs
[2026-02-09T14:54:56.309+0000] {logging_mixin.py:188} INFO - [2026-02-09T14:54:56.308+0000] {dag.py:3823} INFO - Setting next_dagrun for fork2_dag to 2026-02-09 14:54:40+00:00, run_after=2026-02-09 14:54:50+00:00
[2026-02-09T14:54:56.349+0000] {processor.py:183} INFO - Processing /opt/airflow/dags/setup_dag.py took 0.285 seconds
[2026-02-09T14:55:26.481+0000] {processor.py:161} INFO - Started process (PID=1173) to work on /opt/airflow/dags/setup_dag.py
[2026-02-09T14:55:26.482+0000] {processor.py:830} INFO - Processing file /opt/airflow/dags/setup_dag.py for tasks to queue
[2026-02-09T14:55:26.485+0000] {logging_mixin.py:188} INFO - [2026-02-09T14:55:26.484+0000] {dagbag.py:538} INFO - Filling up the DagBag from /opt/airflow/dags/setup_dag.py
[2026-02-09T14:55:26.493+0000] {processor.py:840} INFO - DAG(s) 'fork2_dag' retrieved from /opt/airflow/dags/setup_dag.py
[2026-02-09T14:55:26.523+0000] {logging_mixin.py:188} INFO - [2026-02-09T14:55:26.523+0000] {dag.py:3036} INFO - Sync 1 DAGs
[2026-02-09T14:55:26.560+0000] {logging_mixin.py:188} INFO - [2026-02-09T14:55:26.559+0000] {dag.py:3823} INFO - Setting next_dagrun for fork2_dag to 2026-02-09 14:55:10+00:00, run_after=2026-02-09 14:55:20+00:00
[2026-02-09T14:55:26.587+0000] {processor.py:183} INFO - Processing /opt/airflow/dags/setup_dag.py took 0.111 seconds
[2026-02-09T14:55:56.696+0000] {processor.py:161} INFO - Started process (PID=1271) to work on /opt/airflow/dags/setup_dag.py
[2026-02-09T14:55:56.710+0000] {processor.py:830} INFO - Processing file /opt/airflow/dags/setup_dag.py for tasks to queue
[2026-02-09T14:55:56.714+0000] {logging_mixin.py:188} INFO - [2026-02-09T14:55:56.713+0000] {dagbag.py:538} INFO - Filling up the DagBag from /opt/airflow/dags/setup_dag.py
[2026-02-09T14:55:56.742+0000] {processor.py:840} INFO - DAG(s) 'fork2_dag' retrieved from /opt/airflow/dags/setup_dag.py
[2026-02-09T14:55:57.094+0000] {logging_mixin.py:188} INFO - [2026-02-09T14:55:57.094+0000] {dag.py:3036} INFO - Sync 1 DAGs
[2026-02-09T14:55:57.184+0000] {logging_mixin.py:188} INFO - [2026-02-09T14:55:57.183+0000] {dag.py:3823} INFO - Setting next_dagrun for fork2_dag to 2026-02-09 14:55:40+00:00, run_after=2026-02-09 14:55:50+00:00
[2026-02-09T14:55:57.258+0000] {processor.py:183} INFO - Processing /opt/airflow/dags/setup_dag.py took 0.582 seconds
[2026-02-09T14:56:27.364+0000] {processor.py:161} INFO - Started process (PID=1355) to work on /opt/airflow/dags/setup_dag.py
[2026-02-09T14:56:27.370+0000] {processor.py:830} INFO - Processing file /opt/airflow/dags/setup_dag.py for tasks to queue
[2026-02-09T14:56:27.375+0000] {logging_mixin.py:188} INFO - [2026-02-09T14:56:27.374+0000] {dagbag.py:538} INFO - Filling up the DagBag from /opt/airflow/dags/setup_dag.py
[2026-02-09T14:56:27.398+0000] {processor.py:840} INFO - DAG(s) 'fork2_dag' retrieved from /opt/airflow/dags/setup_dag.py
[2026-02-09T14:56:27.463+0000] {logging_mixin.py:188} INFO - [2026-02-09T14:56:27.463+0000] {dag.py:3036} INFO - Sync 1 DAGs
[2026-02-09T14:56:27.553+0000] {logging_mixin.py:188} INFO - [2026-02-09T14:56:27.553+0000] {dag.py:3823} INFO - Setting next_dagrun for fork2_dag to 2026-02-09 14:56:10+00:00, run_after=2026-02-09 14:56:20+00:00
[2026-02-09T14:56:27.599+0000] {processor.py:183} INFO - Processing /opt/airflow/dags/setup_dag.py took 0.241 seconds
[2026-02-09T14:56:58.053+0000] {processor.py:161} INFO - Started process (PID=1449) to work on /opt/airflow/dags/setup_dag.py
[2026-02-09T14:56:58.057+0000] {processor.py:830} INFO - Processing file /opt/airflow/dags/setup_dag.py for tasks to queue
[2026-02-09T14:56:58.060+0000] {logging_mixin.py:188} INFO - [2026-02-09T14:56:58.060+0000] {dagbag.py:538} INFO - Filling up the DagBag from /opt/airflow/dags/setup_dag.py
[2026-02-09T14:56:58.100+0000] {processor.py:840} INFO - DAG(s) 'fork2_dag' retrieved from /opt/airflow/dags/setup_dag.py
[2026-02-09T14:56:58.586+0000] {logging_mixin.py:188} INFO - [2026-02-09T14:56:58.585+0000] {dag.py:3036} INFO - Sync 1 DAGs
[2026-02-09T14:56:58.630+0000] {logging_mixin.py:188} INFO - [2026-02-09T14:56:58.630+0000] {dag.py:3823} INFO - Setting next_dagrun for fork2_dag to 2026-02-09 14:56:40+00:00, run_after=2026-02-09 14:56:50+00:00
[2026-02-09T14:56:58.679+0000] {processor.py:183} INFO - Processing /opt/airflow/dags/setup_dag.py took 0.643 seconds
[2026-02-09T14:58:38.048+0000] {processor.py:161} INFO - Started process (PID=56) to work on /opt/airflow/dags/setup_dag.py
[2026-02-09T14:58:38.058+0000] {processor.py:830} INFO - Processing file /opt/airflow/dags/setup_dag.py for tasks to queue
[2026-02-09T14:58:38.078+0000] {logging_mixin.py:188} INFO - [2026-02-09T14:58:38.061+0000] {dagbag.py:538} INFO - Filling up the DagBag from /opt/airflow/dags/setup_dag.py
[2026-02-09T14:58:38.135+0000] {processor.py:840} INFO - DAG(s) 'fork2_dag' retrieved from /opt/airflow/dags/setup_dag.py
[2026-02-09T14:58:38.285+0000] {logging_mixin.py:188} INFO - [2026-02-09T14:58:38.284+0000] {dag.py:3036} INFO - Sync 1 DAGs
[2026-02-09T14:58:38.404+0000] {logging_mixin.py:188} INFO - [2026-02-09T14:58:38.404+0000] {dag.py:3823} INFO - Setting next_dagrun for fork2_dag to 2026-02-09 14:58:20+00:00, run_after=2026-02-09 14:58:30+00:00
[2026-02-09T14:58:38.526+0000] {processor.py:183} INFO - Processing /opt/airflow/dags/setup_dag.py took 0.491 seconds
[2026-02-09T14:59:08.624+0000] {processor.py:161} INFO - Started process (PID=131) to work on /opt/airflow/dags/setup_dag.py
[2026-02-09T14:59:08.627+0000] {processor.py:830} INFO - Processing file /opt/airflow/dags/setup_dag.py for tasks to queue
[2026-02-09T14:59:08.630+0000] {logging_mixin.py:188} INFO - [2026-02-09T14:59:08.630+0000] {dagbag.py:538} INFO - Filling up the DagBag from /opt/airflow/dags/setup_dag.py
[2026-02-09T14:59:08.642+0000] {processor.py:840} INFO - DAG(s) 'fork2_dag' retrieved from /opt/airflow/dags/setup_dag.py
[2026-02-09T14:59:08.842+0000] {logging_mixin.py:188} INFO - [2026-02-09T14:59:08.841+0000] {dag.py:3036} INFO - Sync 1 DAGs
[2026-02-09T14:59:08.873+0000] {logging_mixin.py:188} INFO - [2026-02-09T14:59:08.873+0000] {dag.py:3823} INFO - Setting next_dagrun for fork2_dag to 2026-02-09 14:58:50+00:00, run_after=2026-02-09 14:59:00+00:00
[2026-02-09T14:59:08.902+0000] {processor.py:183} INFO - Processing /opt/airflow/dags/setup_dag.py took 0.284 seconds
[2026-02-09T14:59:39.312+0000] {processor.py:161} INFO - Started process (PID=221) to work on /opt/airflow/dags/setup_dag.py
[2026-02-09T14:59:39.314+0000] {processor.py:830} INFO - Processing file /opt/airflow/dags/setup_dag.py for tasks to queue
[2026-02-09T14:59:39.317+0000] {logging_mixin.py:188} INFO - [2026-02-09T14:59:39.317+0000] {dagbag.py:538} INFO - Filling up the DagBag from /opt/airflow/dags/setup_dag.py
[2026-02-09T14:59:39.343+0000] {processor.py:840} INFO - DAG(s) 'fork2_dag' retrieved from /opt/airflow/dags/setup_dag.py
[2026-02-09T14:59:39.393+0000] {logging_mixin.py:188} INFO - [2026-02-09T14:59:39.393+0000] {dag.py:3036} INFO - Sync 1 DAGs
[2026-02-09T14:59:39.438+0000] {logging_mixin.py:188} INFO - [2026-02-09T14:59:39.438+0000] {dag.py:3823} INFO - Setting next_dagrun for fork2_dag to 2026-02-09 14:59:20+00:00, run_after=2026-02-09 14:59:30+00:00
[2026-02-09T14:59:39.481+0000] {processor.py:183} INFO - Processing /opt/airflow/dags/setup_dag.py took 0.184 seconds
[2026-02-09T15:00:09.653+0000] {processor.py:161} INFO - Started process (PID=298) to work on /opt/airflow/dags/setup_dag.py
[2026-02-09T15:00:09.655+0000] {processor.py:830} INFO - Processing file /opt/airflow/dags/setup_dag.py for tasks to queue
[2026-02-09T15:00:09.657+0000] {logging_mixin.py:188} INFO - [2026-02-09T15:00:09.657+0000] {dagbag.py:538} INFO - Filling up the DagBag from /opt/airflow/dags/setup_dag.py
[2026-02-09T15:00:09.667+0000] {processor.py:840} INFO - DAG(s) 'fork2_dag' retrieved from /opt/airflow/dags/setup_dag.py
[2026-02-09T15:00:09.686+0000] {logging_mixin.py:188} INFO - [2026-02-09T15:00:09.686+0000] {dag.py:3036} INFO - Sync 1 DAGs
[2026-02-09T15:00:09.722+0000] {logging_mixin.py:188} INFO - [2026-02-09T15:00:09.722+0000] {dag.py:3823} INFO - Setting next_dagrun for fork2_dag to 2026-02-09 14:59:50+00:00, run_after=2026-02-09 15:00:00+00:00
[2026-02-09T15:00:09.752+0000] {processor.py:183} INFO - Processing /opt/airflow/dags/setup_dag.py took 0.105 seconds
[2026-02-09T15:00:40.374+0000] {processor.py:161} INFO - Started process (PID=397) to work on /opt/airflow/dags/setup_dag.py
[2026-02-09T15:00:40.380+0000] {processor.py:830} INFO - Processing file /opt/airflow/dags/setup_dag.py for tasks to queue
[2026-02-09T15:00:40.385+0000] {logging_mixin.py:188} INFO - [2026-02-09T15:00:40.385+0000] {dagbag.py:538} INFO - Filling up the DagBag from /opt/airflow/dags/setup_dag.py
[2026-02-09T15:00:40.398+0000] {processor.py:840} INFO - DAG(s) 'fork2_dag' retrieved from /opt/airflow/dags/setup_dag.py
[2026-02-09T15:00:40.642+0000] {logging_mixin.py:188} INFO - [2026-02-09T15:00:40.642+0000] {dag.py:3036} INFO - Sync 1 DAGs
[2026-02-09T15:00:40.690+0000] {logging_mixin.py:188} INFO - [2026-02-09T15:00:40.690+0000] {dag.py:3823} INFO - Setting next_dagrun for fork2_dag to 2026-02-09 15:00:30+00:00, run_after=2026-02-09 15:00:40+00:00
[2026-02-09T15:00:40.735+0000] {processor.py:183} INFO - Processing /opt/airflow/dags/setup_dag.py took 0.367 seconds
[2026-02-09T15:01:10.895+0000] {processor.py:161} INFO - Started process (PID=483) to work on /opt/airflow/dags/setup_dag.py
[2026-02-09T15:01:10.898+0000] {processor.py:830} INFO - Processing file /opt/airflow/dags/setup_dag.py for tasks to queue
[2026-02-09T15:01:10.907+0000] {logging_mixin.py:188} INFO - [2026-02-09T15:01:10.907+0000] {dagbag.py:538} INFO - Filling up the DagBag from /opt/airflow/dags/setup_dag.py
[2026-02-09T15:01:10.937+0000] {processor.py:840} INFO - DAG(s) 'fork2_dag' retrieved from /opt/airflow/dags/setup_dag.py
[2026-02-09T15:01:11.063+0000] {logging_mixin.py:188} INFO - [2026-02-09T15:01:11.063+0000] {dag.py:3036} INFO - Sync 1 DAGs
[2026-02-09T15:01:11.179+0000] {logging_mixin.py:188} INFO - [2026-02-09T15:01:11.179+0000] {dag.py:3823} INFO - Setting next_dagrun for fork2_dag to 2026-02-09 15:01:00+00:00, run_after=2026-02-09 15:01:10+00:00
[2026-02-09T15:01:11.302+0000] {processor.py:183} INFO - Processing /opt/airflow/dags/setup_dag.py took 0.435 seconds
[2026-02-09T15:01:41.553+0000] {processor.py:161} INFO - Started process (PID=574) to work on /opt/airflow/dags/setup_dag.py
[2026-02-09T15:01:41.556+0000] {processor.py:830} INFO - Processing file /opt/airflow/dags/setup_dag.py for tasks to queue
[2026-02-09T15:01:41.559+0000] {logging_mixin.py:188} INFO - [2026-02-09T15:01:41.559+0000] {dagbag.py:538} INFO - Filling up the DagBag from /opt/airflow/dags/setup_dag.py
[2026-02-09T15:01:41.586+0000] {processor.py:840} INFO - DAG(s) 'fork2_dag' retrieved from /opt/airflow/dags/setup_dag.py
[2026-02-09T15:01:41.650+0000] {logging_mixin.py:188} INFO - [2026-02-09T15:01:41.650+0000] {dag.py:3036} INFO - Sync 1 DAGs
[2026-02-09T15:01:41.745+0000] {logging_mixin.py:188} INFO - [2026-02-09T15:01:41.745+0000] {dag.py:3823} INFO - Setting next_dagrun for fork2_dag to 2026-02-09 15:01:30+00:00, run_after=2026-02-09 15:01:40+00:00
[2026-02-09T15:01:41.803+0000] {processor.py:183} INFO - Processing /opt/airflow/dags/setup_dag.py took 0.271 seconds
[2026-02-09T15:02:12.279+0000] {processor.py:161} INFO - Started process (PID=651) to work on /opt/airflow/dags/setup_dag.py
[2026-02-09T15:02:12.281+0000] {processor.py:830} INFO - Processing file /opt/airflow/dags/setup_dag.py for tasks to queue
[2026-02-09T15:02:12.284+0000] {logging_mixin.py:188} INFO - [2026-02-09T15:02:12.283+0000] {dagbag.py:538} INFO - Filling up the DagBag from /opt/airflow/dags/setup_dag.py
[2026-02-09T15:02:12.295+0000] {processor.py:840} INFO - DAG(s) 'fork2_dag' retrieved from /opt/airflow/dags/setup_dag.py
[2026-02-09T15:02:12.512+0000] {logging_mixin.py:188} INFO - [2026-02-09T15:02:12.512+0000] {dag.py:3036} INFO - Sync 1 DAGs
[2026-02-09T15:02:12.590+0000] {logging_mixin.py:188} INFO - [2026-02-09T15:02:12.590+0000] {dag.py:3823} INFO - Setting next_dagrun for fork2_dag to 2026-02-09 15:02:00+00:00, run_after=2026-02-09 15:02:10+00:00
[2026-02-09T15:02:12.677+0000] {processor.py:183} INFO - Processing /opt/airflow/dags/setup_dag.py took 0.405 seconds
[2026-02-09T15:02:43.037+0000] {processor.py:161} INFO - Started process (PID=731) to work on /opt/airflow/dags/setup_dag.py
[2026-02-09T15:02:43.039+0000] {processor.py:830} INFO - Processing file /opt/airflow/dags/setup_dag.py for tasks to queue
[2026-02-09T15:02:43.041+0000] {logging_mixin.py:188} INFO - [2026-02-09T15:02:43.041+0000] {dagbag.py:538} INFO - Filling up the DagBag from /opt/airflow/dags/setup_dag.py
[2026-02-09T15:02:43.050+0000] {processor.py:840} INFO - DAG(s) 'fork2_dag' retrieved from /opt/airflow/dags/setup_dag.py
[2026-02-09T15:02:43.085+0000] {logging_mixin.py:188} INFO - [2026-02-09T15:02:43.085+0000] {dag.py:3036} INFO - Sync 1 DAGs
[2026-02-09T15:02:43.131+0000] {logging_mixin.py:188} INFO - [2026-02-09T15:02:43.130+0000] {dag.py:3823} INFO - Setting next_dagrun for fork2_dag to 2026-02-09 15:02:30+00:00, run_after=2026-02-09 15:02:40+00:00
[2026-02-09T15:02:43.168+0000] {processor.py:183} INFO - Processing /opt/airflow/dags/setup_dag.py took 0.136 seconds
[2026-02-09T15:03:13.941+0000] {processor.py:161} INFO - Started process (PID=816) to work on /opt/airflow/dags/setup_dag.py
[2026-02-09T15:03:13.942+0000] {processor.py:830} INFO - Processing file /opt/airflow/dags/setup_dag.py for tasks to queue
[2026-02-09T15:03:13.945+0000] {logging_mixin.py:188} INFO - [2026-02-09T15:03:13.945+0000] {dagbag.py:538} INFO - Filling up the DagBag from /opt/airflow/dags/setup_dag.py
[2026-02-09T15:03:13.971+0000] {processor.py:840} INFO - DAG(s) 'fork2_dag' retrieved from /opt/airflow/dags/setup_dag.py
[2026-02-09T15:03:14.016+0000] {logging_mixin.py:188} INFO - [2026-02-09T15:03:14.016+0000] {dag.py:3036} INFO - Sync 1 DAGs
[2026-02-09T15:03:14.084+0000] {logging_mixin.py:188} INFO - [2026-02-09T15:03:14.084+0000] {dag.py:3823} INFO - Setting next_dagrun for fork2_dag to 2026-02-09 15:03:00+00:00, run_after=2026-02-09 15:03:10+00:00
[2026-02-09T15:03:14.132+0000] {processor.py:183} INFO - Processing /opt/airflow/dags/setup_dag.py took 0.205 seconds
[2026-02-09T15:03:44.324+0000] {processor.py:161} INFO - Started process (PID=903) to work on /opt/airflow/dags/setup_dag.py
[2026-02-09T15:03:44.330+0000] {processor.py:830} INFO - Processing file /opt/airflow/dags/setup_dag.py for tasks to queue
[2026-02-09T15:03:44.335+0000] {logging_mixin.py:188} INFO - [2026-02-09T15:03:44.334+0000] {dagbag.py:538} INFO - Filling up the DagBag from /opt/airflow/dags/setup_dag.py
[2026-02-09T15:03:44.368+0000] {processor.py:840} INFO - DAG(s) 'fork2_dag' retrieved from /opt/airflow/dags/setup_dag.py
[2026-02-09T15:03:44.721+0000] {logging_mixin.py:188} INFO - [2026-02-09T15:03:44.721+0000] {dag.py:3036} INFO - Sync 1 DAGs
[2026-02-09T15:03:44.771+0000] {logging_mixin.py:188} INFO - [2026-02-09T15:03:44.770+0000] {dag.py:3823} INFO - Setting next_dagrun for fork2_dag to 2026-02-09 15:03:30+00:00, run_after=2026-02-09 15:03:40+00:00
[2026-02-09T15:03:44.827+0000] {processor.py:183} INFO - Processing /opt/airflow/dags/setup_dag.py took 0.509 seconds
[2026-02-09T15:04:15.445+0000] {processor.py:161} INFO - Started process (PID=990) to work on /opt/airflow/dags/setup_dag.py
[2026-02-09T15:04:15.446+0000] {processor.py:830} INFO - Processing file /opt/airflow/dags/setup_dag.py for tasks to queue
[2026-02-09T15:04:15.449+0000] {logging_mixin.py:188} INFO - [2026-02-09T15:04:15.448+0000] {dagbag.py:538} INFO - Filling up the DagBag from /opt/airflow/dags/setup_dag.py
[2026-02-09T15:04:15.460+0000] {processor.py:840} INFO - DAG(s) 'fork2_dag' retrieved from /opt/airflow/dags/setup_dag.py
[2026-02-09T15:04:15.497+0000] {logging_mixin.py:188} INFO - [2026-02-09T15:04:15.496+0000] {dag.py:3036} INFO - Sync 1 DAGs
[2026-02-09T15:04:15.537+0000] {logging_mixin.py:188} INFO - [2026-02-09T15:04:15.537+0000] {dag.py:3823} INFO - Setting next_dagrun for fork2_dag to 2026-02-09 15:04:00+00:00, run_after=2026-02-09 15:04:10+00:00
[2026-02-09T15:04:15.568+0000] {processor.py:183} INFO - Processing /opt/airflow/dags/setup_dag.py took 0.128 seconds
[2026-02-09T15:04:46.257+0000] {processor.py:161} INFO - Started process (PID=1088) to work on /opt/airflow/dags/setup_dag.py
[2026-02-09T15:04:46.259+0000] {processor.py:830} INFO - Processing file /opt/airflow/dags/setup_dag.py for tasks to queue
[2026-02-09T15:04:46.262+0000] {logging_mixin.py:188} INFO - [2026-02-09T15:04:46.261+0000] {dagbag.py:538} INFO - Filling up the DagBag from /opt/airflow/dags/setup_dag.py
[2026-02-09T15:04:46.273+0000] {processor.py:840} INFO - DAG(s) 'fork2_dag' retrieved from /opt/airflow/dags/setup_dag.py
[2026-02-09T15:04:46.293+0000] {logging_mixin.py:188} INFO - [2026-02-09T15:04:46.293+0000] {dag.py:3036} INFO - Sync 1 DAGs
[2026-02-09T15:04:46.339+0000] {logging_mixin.py:188} INFO - [2026-02-09T15:04:46.339+0000] {dag.py:3823} INFO - Setting next_dagrun for fork2_dag to 2026-02-09 15:04:30+00:00, run_after=2026-02-09 15:04:40+00:00
[2026-02-09T15:04:46.372+0000] {processor.py:183} INFO - Processing /opt/airflow/dags/setup_dag.py took 0.121 seconds
[2026-02-09T15:07:03.792+0000] {processor.py:161} INFO - Started process (PID=54) to work on /opt/airflow/dags/setup_dag.py
[2026-02-09T15:07:03.794+0000] {processor.py:830} INFO - Processing file /opt/airflow/dags/setup_dag.py for tasks to queue
[2026-02-09T15:07:03.816+0000] {logging_mixin.py:188} INFO - [2026-02-09T15:07:03.816+0000] {dagbag.py:538} INFO - Filling up the DagBag from /opt/airflow/dags/setup_dag.py
[2026-02-09T15:07:03.879+0000] {processor.py:840} INFO - DAG(s) 'fork2_dag' retrieved from /opt/airflow/dags/setup_dag.py
[2026-02-09T15:07:04.871+0000] {logging_mixin.py:188} INFO - [2026-02-09T15:07:04.871+0000] {dag.py:3036} INFO - Sync 1 DAGs
[2026-02-09T15:07:04.984+0000] {logging_mixin.py:188} INFO - [2026-02-09T15:07:04.983+0000] {dag.py:3823} INFO - Setting next_dagrun for fork2_dag to 2026-02-09 15:06:50+00:00, run_after=2026-02-09 15:07:00+00:00
[2026-02-09T15:07:05.094+0000] {processor.py:183} INFO - Processing /opt/airflow/dags/setup_dag.py took 1.328 seconds
[2026-02-09T15:07:35.297+0000] {processor.py:161} INFO - Started process (PID=130) to work on /opt/airflow/dags/setup_dag.py
[2026-02-09T15:07:35.299+0000] {processor.py:830} INFO - Processing file /opt/airflow/dags/setup_dag.py for tasks to queue
[2026-02-09T15:07:35.302+0000] {logging_mixin.py:188} INFO - [2026-02-09T15:07:35.301+0000] {dagbag.py:538} INFO - Filling up the DagBag from /opt/airflow/dags/setup_dag.py
[2026-02-09T15:07:35.313+0000] {processor.py:840} INFO - DAG(s) 'fork2_dag' retrieved from /opt/airflow/dags/setup_dag.py
[2026-02-09T15:07:35.354+0000] {logging_mixin.py:188} INFO - [2026-02-09T15:07:35.353+0000] {dag.py:3036} INFO - Sync 1 DAGs
[2026-02-09T15:07:35.394+0000] {logging_mixin.py:188} INFO - [2026-02-09T15:07:35.393+0000] {dag.py:3823} INFO - Setting next_dagrun for fork2_dag to 2026-02-09 15:07:20+00:00, run_after=2026-02-09 15:07:30+00:00
[2026-02-09T15:07:35.425+0000] {processor.py:183} INFO - Processing /opt/airflow/dags/setup_dag.py took 0.134 seconds
[2026-02-09T15:08:05.532+0000] {processor.py:161} INFO - Started process (PID=209) to work on /opt/airflow/dags/setup_dag.py
[2026-02-09T15:08:05.536+0000] {processor.py:830} INFO - Processing file /opt/airflow/dags/setup_dag.py for tasks to queue
[2026-02-09T15:08:05.541+0000] {logging_mixin.py:188} INFO - [2026-02-09T15:08:05.540+0000] {dagbag.py:538} INFO - Filling up the DagBag from /opt/airflow/dags/setup_dag.py
[2026-02-09T15:08:05.561+0000] {processor.py:840} INFO - DAG(s) 'fork2_dag' retrieved from /opt/airflow/dags/setup_dag.py
[2026-02-09T15:08:05.648+0000] {logging_mixin.py:188} INFO - [2026-02-09T15:08:05.648+0000] {dag.py:3036} INFO - Sync 1 DAGs
[2026-02-09T15:08:05.738+0000] {logging_mixin.py:188} INFO - [2026-02-09T15:08:05.738+0000] {dag.py:3823} INFO - Setting next_dagrun for fork2_dag to 2026-02-09 15:07:50+00:00, run_after=2026-02-09 15:08:00+00:00
[2026-02-09T15:08:05.821+0000] {processor.py:183} INFO - Processing /opt/airflow/dags/setup_dag.py took 0.295 seconds
[2026-02-09T15:08:35.971+0000] {processor.py:161} INFO - Started process (PID=286) to work on /opt/airflow/dags/setup_dag.py
[2026-02-09T15:08:35.973+0000] {processor.py:830} INFO - Processing file /opt/airflow/dags/setup_dag.py for tasks to queue
[2026-02-09T15:08:35.977+0000] {logging_mixin.py:188} INFO - [2026-02-09T15:08:35.976+0000] {dagbag.py:538} INFO - Filling up the DagBag from /opt/airflow/dags/setup_dag.py
[2026-02-09T15:08:35.989+0000] {processor.py:840} INFO - DAG(s) 'fork2_dag' retrieved from /opt/airflow/dags/setup_dag.py
[2026-02-09T15:08:36.250+0000] {logging_mixin.py:188} INFO - [2026-02-09T15:08:36.249+0000] {dag.py:3036} INFO - Sync 1 DAGs
[2026-02-09T15:08:36.293+0000] {logging_mixin.py:188} INFO - [2026-02-09T15:08:36.293+0000] {dag.py:3823} INFO - Setting next_dagrun for fork2_dag to 2026-02-09 15:08:20+00:00, run_after=2026-02-09 15:08:30+00:00
[2026-02-09T15:08:36.358+0000] {processor.py:183} INFO - Processing /opt/airflow/dags/setup_dag.py took 0.394 seconds
[2026-02-09T15:09:07.285+0000] {processor.py:161} INFO - Started process (PID=374) to work on /opt/airflow/dags/setup_dag.py
[2026-02-09T15:09:07.287+0000] {processor.py:830} INFO - Processing file /opt/airflow/dags/setup_dag.py for tasks to queue
[2026-02-09T15:09:07.290+0000] {logging_mixin.py:188} INFO - [2026-02-09T15:09:07.289+0000] {dagbag.py:538} INFO - Filling up the DagBag from /opt/airflow/dags/setup_dag.py
[2026-02-09T15:09:07.301+0000] {processor.py:840} INFO - DAG(s) 'fork2_dag' retrieved from /opt/airflow/dags/setup_dag.py
[2026-02-09T15:09:07.338+0000] {logging_mixin.py:188} INFO - [2026-02-09T15:09:07.338+0000] {dag.py:3036} INFO - Sync 1 DAGs
[2026-02-09T15:09:07.383+0000] {logging_mixin.py:188} INFO - [2026-02-09T15:09:07.382+0000] {dag.py:3823} INFO - Setting next_dagrun for fork2_dag to 2026-02-09 15:08:50+00:00, run_after=2026-02-09 15:09:00+00:00
[2026-02-09T15:09:07.417+0000] {processor.py:183} INFO - Processing /opt/airflow/dags/setup_dag.py took 0.137 seconds
[2026-02-09T15:09:37.978+0000] {processor.py:161} INFO - Started process (PID=454) to work on /opt/airflow/dags/setup_dag.py
[2026-02-09T15:09:37.986+0000] {processor.py:830} INFO - Processing file /opt/airflow/dags/setup_dag.py for tasks to queue
[2026-02-09T15:09:37.990+0000] {logging_mixin.py:188} INFO - [2026-02-09T15:09:37.990+0000] {dagbag.py:538} INFO - Filling up the DagBag from /opt/airflow/dags/setup_dag.py
[2026-02-09T15:09:38.010+0000] {processor.py:840} INFO - DAG(s) 'fork2_dag' retrieved from /opt/airflow/dags/setup_dag.py
[2026-02-09T15:09:38.047+0000] {logging_mixin.py:188} INFO - [2026-02-09T15:09:38.046+0000] {dag.py:3036} INFO - Sync 1 DAGs
[2026-02-09T15:09:38.140+0000] {logging_mixin.py:188} INFO - [2026-02-09T15:09:38.140+0000] {dag.py:3823} INFO - Setting next_dagrun for fork2_dag to 2026-02-09 15:09:20+00:00, run_after=2026-02-09 15:09:30+00:00
[2026-02-09T15:09:38.200+0000] {processor.py:183} INFO - Processing /opt/airflow/dags/setup_dag.py took 0.238 seconds
[2026-02-09T15:10:08.835+0000] {processor.py:161} INFO - Started process (PID=528) to work on /opt/airflow/dags/setup_dag.py
[2026-02-09T15:10:08.837+0000] {processor.py:830} INFO - Processing file /opt/airflow/dags/setup_dag.py for tasks to queue
[2026-02-09T15:10:08.841+0000] {logging_mixin.py:188} INFO - [2026-02-09T15:10:08.840+0000] {dagbag.py:538} INFO - Filling up the DagBag from /opt/airflow/dags/setup_dag.py
[2026-02-09T15:10:08.853+0000] {processor.py:840} INFO - DAG(s) 'fork2_dag' retrieved from /opt/airflow/dags/setup_dag.py
[2026-02-09T15:10:09.051+0000] {logging_mixin.py:188} INFO - [2026-02-09T15:10:09.050+0000] {dag.py:3036} INFO - Sync 1 DAGs
[2026-02-09T15:10:09.088+0000] {logging_mixin.py:188} INFO - [2026-02-09T15:10:09.087+0000] {dag.py:3823} INFO - Setting next_dagrun for fork2_dag to 2026-02-09 15:09:50+00:00, run_after=2026-02-09 15:10:00+00:00
[2026-02-09T15:10:09.135+0000] {processor.py:183} INFO - Processing /opt/airflow/dags/setup_dag.py took 0.307 seconds
[2026-02-09T15:10:39.195+0000] {processor.py:161} INFO - Started process (PID=614) to work on /opt/airflow/dags/setup_dag.py
[2026-02-09T15:10:39.196+0000] {processor.py:830} INFO - Processing file /opt/airflow/dags/setup_dag.py for tasks to queue
[2026-02-09T15:10:39.198+0000] {logging_mixin.py:188} INFO - [2026-02-09T15:10:39.198+0000] {dagbag.py:538} INFO - Filling up the DagBag from /opt/airflow/dags/setup_dag.py
[2026-02-09T15:10:39.208+0000] {processor.py:840} INFO - DAG(s) 'fork2_dag' retrieved from /opt/airflow/dags/setup_dag.py
[2026-02-09T15:10:39.238+0000] {logging_mixin.py:188} INFO - [2026-02-09T15:10:39.238+0000] {dag.py:3036} INFO - Sync 1 DAGs
[2026-02-09T15:10:39.274+0000] {logging_mixin.py:188} INFO - [2026-02-09T15:10:39.273+0000] {dag.py:3823} INFO - Setting next_dagrun for fork2_dag to 2026-02-09 15:10:20+00:00, run_after=2026-02-09 15:10:30+00:00
[2026-02-09T15:10:39.304+0000] {processor.py:183} INFO - Processing /opt/airflow/dags/setup_dag.py took 0.115 seconds
[2026-02-09T15:11:09.447+0000] {processor.py:161} INFO - Started process (PID=705) to work on /opt/airflow/dags/setup_dag.py
[2026-02-09T15:11:09.450+0000] {processor.py:830} INFO - Processing file /opt/airflow/dags/setup_dag.py for tasks to queue
[2026-02-09T15:11:09.453+0000] {logging_mixin.py:188} INFO - [2026-02-09T15:11:09.453+0000] {dagbag.py:538} INFO - Filling up the DagBag from /opt/airflow/dags/setup_dag.py
[2026-02-09T15:11:09.464+0000] {processor.py:840} INFO - DAG(s) 'fork2_dag' retrieved from /opt/airflow/dags/setup_dag.py
[2026-02-09T15:11:09.487+0000] {logging_mixin.py:188} INFO - [2026-02-09T15:11:09.486+0000] {dag.py:3036} INFO - Sync 1 DAGs
[2026-02-09T15:11:09.541+0000] {logging_mixin.py:188} INFO - [2026-02-09T15:11:09.541+0000] {dag.py:3823} INFO - Setting next_dagrun for fork2_dag to 2026-02-09 15:10:50+00:00, run_after=2026-02-09 15:11:00+00:00
[2026-02-09T15:11:09.588+0000] {processor.py:183} INFO - Processing /opt/airflow/dags/setup_dag.py took 0.147 seconds
[2026-02-09T15:11:39.784+0000] {processor.py:161} INFO - Started process (PID=799) to work on /opt/airflow/dags/setup_dag.py
[2026-02-09T15:11:39.786+0000] {processor.py:830} INFO - Processing file /opt/airflow/dags/setup_dag.py for tasks to queue
[2026-02-09T15:11:39.789+0000] {logging_mixin.py:188} INFO - [2026-02-09T15:11:39.789+0000] {dagbag.py:538} INFO - Filling up the DagBag from /opt/airflow/dags/setup_dag.py
[2026-02-09T15:11:39.809+0000] {processor.py:840} INFO - DAG(s) 'fork2_dag' retrieved from /opt/airflow/dags/setup_dag.py
[2026-02-09T15:11:40.083+0000] {logging_mixin.py:188} INFO - [2026-02-09T15:11:40.083+0000] {dag.py:3036} INFO - Sync 1 DAGs
[2026-02-09T15:11:40.124+0000] {logging_mixin.py:188} INFO - [2026-02-09T15:11:40.123+0000] {dag.py:3823} INFO - Setting next_dagrun for fork2_dag to 2026-02-09 15:11:30+00:00, run_after=2026-02-09 15:11:40+00:00
[2026-02-09T15:11:40.176+0000] {processor.py:183} INFO - Processing /opt/airflow/dags/setup_dag.py took 0.406 seconds
[2026-02-09T15:12:10.615+0000] {processor.py:161} INFO - Started process (PID=882) to work on /opt/airflow/dags/setup_dag.py
[2026-02-09T15:12:10.617+0000] {processor.py:830} INFO - Processing file /opt/airflow/dags/setup_dag.py for tasks to queue
[2026-02-09T15:12:10.620+0000] {logging_mixin.py:188} INFO - [2026-02-09T15:12:10.620+0000] {dagbag.py:538} INFO - Filling up the DagBag from /opt/airflow/dags/setup_dag.py
[2026-02-09T15:12:10.631+0000] {processor.py:840} INFO - DAG(s) 'fork2_dag' retrieved from /opt/airflow/dags/setup_dag.py
[2026-02-09T15:12:10.663+0000] {logging_mixin.py:188} INFO - [2026-02-09T15:12:10.662+0000] {dag.py:3036} INFO - Sync 1 DAGs
[2026-02-09T15:12:10.700+0000] {logging_mixin.py:188} INFO - [2026-02-09T15:12:10.699+0000] {dag.py:3823} INFO - Setting next_dagrun for fork2_dag to 2026-02-09 15:12:00+00:00, run_after=2026-02-09 15:12:10+00:00
[2026-02-09T15:12:10.733+0000] {processor.py:183} INFO - Processing /opt/airflow/dags/setup_dag.py took 0.124 seconds
[2026-02-09T15:12:41.659+0000] {processor.py:161} INFO - Started process (PID=969) to work on /opt/airflow/dags/setup_dag.py
[2026-02-09T15:12:41.661+0000] {processor.py:830} INFO - Processing file /opt/airflow/dags/setup_dag.py for tasks to queue
[2026-02-09T15:12:41.664+0000] {logging_mixin.py:188} INFO - [2026-02-09T15:12:41.664+0000] {dagbag.py:538} INFO - Filling up the DagBag from /opt/airflow/dags/setup_dag.py
[2026-02-09T15:12:41.675+0000] {processor.py:840} INFO - DAG(s) 'fork2_dag' retrieved from /opt/airflow/dags/setup_dag.py
[2026-02-09T15:12:41.697+0000] {logging_mixin.py:188} INFO - [2026-02-09T15:12:41.697+0000] {dag.py:3036} INFO - Sync 1 DAGs
[2026-02-09T15:12:41.744+0000] {logging_mixin.py:188} INFO - [2026-02-09T15:12:41.744+0000] {dag.py:3823} INFO - Setting next_dagrun for fork2_dag to 2026-02-09 15:12:30+00:00, run_after=2026-02-09 15:12:40+00:00
[2026-02-09T15:12:41.778+0000] {processor.py:183} INFO - Processing /opt/airflow/dags/setup_dag.py took 0.125 seconds
[2026-02-09T15:13:12.030+0000] {processor.py:161} INFO - Started process (PID=1057) to work on /opt/airflow/dags/setup_dag.py
[2026-02-09T15:13:12.048+0000] {processor.py:830} INFO - Processing file /opt/airflow/dags/setup_dag.py for tasks to queue
[2026-02-09T15:13:12.051+0000] {logging_mixin.py:188} INFO - [2026-02-09T15:13:12.050+0000] {dagbag.py:538} INFO - Filling up the DagBag from /opt/airflow/dags/setup_dag.py
[2026-02-09T15:13:12.088+0000] {processor.py:840} INFO - DAG(s) 'fork2_dag' retrieved from /opt/airflow/dags/setup_dag.py
[2026-02-09T15:13:12.472+0000] {logging_mixin.py:188} INFO - [2026-02-09T15:13:12.471+0000] {dag.py:3036} INFO - Sync 1 DAGs
[2026-02-09T15:13:12.514+0000] {logging_mixin.py:188} INFO - [2026-02-09T15:13:12.514+0000] {dag.py:3823} INFO - Setting next_dagrun for fork2_dag to 2026-02-09 15:13:00+00:00, run_after=2026-02-09 15:13:10+00:00
[2026-02-09T15:13:12.554+0000] {processor.py:183} INFO - Processing /opt/airflow/dags/setup_dag.py took 0.538 seconds
[2026-02-09T15:13:43.009+0000] {processor.py:161} INFO - Started process (PID=1140) to work on /opt/airflow/dags/setup_dag.py
[2026-02-09T15:13:43.011+0000] {processor.py:830} INFO - Processing file /opt/airflow/dags/setup_dag.py for tasks to queue
[2026-02-09T15:13:43.020+0000] {logging_mixin.py:188} INFO - [2026-02-09T15:13:43.019+0000] {dagbag.py:538} INFO - Filling up the DagBag from /opt/airflow/dags/setup_dag.py
[2026-02-09T15:13:43.031+0000] {processor.py:840} INFO - DAG(s) 'fork2_dag' retrieved from /opt/airflow/dags/setup_dag.py
[2026-02-09T15:13:43.092+0000] {logging_mixin.py:188} INFO - [2026-02-09T15:13:43.091+0000] {dag.py:3036} INFO - Sync 1 DAGs
[2026-02-09T15:13:43.144+0000] {logging_mixin.py:188} INFO - [2026-02-09T15:13:43.143+0000] {dag.py:3823} INFO - Setting next_dagrun for fork2_dag to 2026-02-09 15:13:30+00:00, run_after=2026-02-09 15:13:40+00:00
[2026-02-09T15:13:43.196+0000] {processor.py:183} INFO - Processing /opt/airflow/dags/setup_dag.py took 0.199 seconds
[2026-02-09T15:14:13.859+0000] {processor.py:161} INFO - Started process (PID=1227) to work on /opt/airflow/dags/setup_dag.py
[2026-02-09T15:14:13.861+0000] {processor.py:830} INFO - Processing file /opt/airflow/dags/setup_dag.py for tasks to queue
[2026-02-09T15:14:13.864+0000] {logging_mixin.py:188} INFO - [2026-02-09T15:14:13.863+0000] {dagbag.py:538} INFO - Filling up the DagBag from /opt/airflow/dags/setup_dag.py
[2026-02-09T15:14:13.873+0000] {processor.py:840} INFO - DAG(s) 'fork2_dag' retrieved from /opt/airflow/dags/setup_dag.py
[2026-02-09T15:14:13.893+0000] {logging_mixin.py:188} INFO - [2026-02-09T15:14:13.892+0000] {dag.py:3036} INFO - Sync 1 DAGs
[2026-02-09T15:14:13.934+0000] {logging_mixin.py:188} INFO - [2026-02-09T15:14:13.934+0000] {dag.py:3823} INFO - Setting next_dagrun for fork2_dag to 2026-02-09 15:14:00+00:00, run_after=2026-02-09 15:14:10+00:00
[2026-02-09T15:14:13.966+0000] {processor.py:183} INFO - Processing /opt/airflow/dags/setup_dag.py took 0.113 seconds
[2026-02-09T15:14:44.344+0000] {processor.py:161} INFO - Started process (PID=1319) to work on /opt/airflow/dags/setup_dag.py
[2026-02-09T15:14:44.345+0000] {processor.py:830} INFO - Processing file /opt/airflow/dags/setup_dag.py for tasks to queue
[2026-02-09T15:14:44.355+0000] {logging_mixin.py:188} INFO - [2026-02-09T15:14:44.354+0000] {dagbag.py:538} INFO - Filling up the DagBag from /opt/airflow/dags/setup_dag.py
[2026-02-09T15:14:44.375+0000] {processor.py:840} INFO - DAG(s) 'fork2_dag' retrieved from /opt/airflow/dags/setup_dag.py
[2026-02-09T15:14:44.637+0000] {logging_mixin.py:188} INFO - [2026-02-09T15:14:44.636+0000] {dag.py:3036} INFO - Sync 1 DAGs
[2026-02-09T15:14:44.694+0000] {logging_mixin.py:188} INFO - [2026-02-09T15:14:44.693+0000] {dag.py:3823} INFO - Setting next_dagrun for fork2_dag to 2026-02-09 15:14:30+00:00, run_after=2026-02-09 15:14:40+00:00
[2026-02-09T15:14:44.738+0000] {processor.py:183} INFO - Processing /opt/airflow/dags/setup_dag.py took 0.408 seconds
[2026-02-09T15:15:15.290+0000] {processor.py:161} INFO - Started process (PID=1405) to work on /opt/airflow/dags/setup_dag.py
[2026-02-09T15:15:15.292+0000] {processor.py:830} INFO - Processing file /opt/airflow/dags/setup_dag.py for tasks to queue
[2026-02-09T15:15:15.295+0000] {logging_mixin.py:188} INFO - [2026-02-09T15:15:15.294+0000] {dagbag.py:538} INFO - Filling up the DagBag from /opt/airflow/dags/setup_dag.py
[2026-02-09T15:15:15.304+0000] {processor.py:840} INFO - DAG(s) 'fork2_dag' retrieved from /opt/airflow/dags/setup_dag.py
[2026-02-09T15:15:15.336+0000] {logging_mixin.py:188} INFO - [2026-02-09T15:15:15.336+0000] {dag.py:3036} INFO - Sync 1 DAGs
[2026-02-09T15:15:15.387+0000] {logging_mixin.py:188} INFO - [2026-02-09T15:15:15.386+0000] {dag.py:3823} INFO - Setting next_dagrun for fork2_dag to 2026-02-09 15:15:00+00:00, run_after=2026-02-09 15:15:10+00:00
[2026-02-09T15:15:15.419+0000] {processor.py:183} INFO - Processing /opt/airflow/dags/setup_dag.py took 0.134 seconds
[2026-02-09T15:15:45.610+0000] {processor.py:161} INFO - Started process (PID=1498) to work on /opt/airflow/dags/setup_dag.py
[2026-02-09T15:15:45.611+0000] {processor.py:830} INFO - Processing file /opt/airflow/dags/setup_dag.py for tasks to queue
[2026-02-09T15:15:45.615+0000] {logging_mixin.py:188} INFO - [2026-02-09T15:15:45.615+0000] {dagbag.py:538} INFO - Filling up the DagBag from /opt/airflow/dags/setup_dag.py
[2026-02-09T15:15:45.625+0000] {processor.py:840} INFO - DAG(s) 'fork2_dag' retrieved from /opt/airflow/dags/setup_dag.py
[2026-02-09T15:15:45.644+0000] {logging_mixin.py:188} INFO - [2026-02-09T15:15:45.643+0000] {dag.py:3036} INFO - Sync 1 DAGs
[2026-02-09T15:15:45.689+0000] {logging_mixin.py:188} INFO - [2026-02-09T15:15:45.688+0000] {dag.py:3823} INFO - Setting next_dagrun for fork2_dag to 2026-02-09 15:15:30+00:00, run_after=2026-02-09 15:15:40+00:00
[2026-02-09T15:15:45.726+0000] {processor.py:183} INFO - Processing /opt/airflow/dags/setup_dag.py took 0.121 seconds
[2026-02-09T15:16:16.329+0000] {processor.py:161} INFO - Started process (PID=1591) to work on /opt/airflow/dags/setup_dag.py
[2026-02-09T15:16:16.331+0000] {processor.py:830} INFO - Processing file /opt/airflow/dags/setup_dag.py for tasks to queue
[2026-02-09T15:16:16.335+0000] {logging_mixin.py:188} INFO - [2026-02-09T15:16:16.335+0000] {dagbag.py:538} INFO - Filling up the DagBag from /opt/airflow/dags/setup_dag.py
[2026-02-09T15:16:16.346+0000] {processor.py:840} INFO - DAG(s) 'fork2_dag' retrieved from /opt/airflow/dags/setup_dag.py
[2026-02-09T15:16:16.533+0000] {logging_mixin.py:188} INFO - [2026-02-09T15:16:16.533+0000] {dag.py:3036} INFO - Sync 1 DAGs
[2026-02-09T15:16:16.567+0000] {logging_mixin.py:188} INFO - [2026-02-09T15:16:16.567+0000] {dag.py:3823} INFO - Setting next_dagrun for fork2_dag to 2026-02-09 15:16:00+00:00, run_after=2026-02-09 15:16:10+00:00
[2026-02-09T15:16:16.600+0000] {processor.py:183} INFO - Processing /opt/airflow/dags/setup_dag.py took 0.276 seconds
[2026-02-09T15:16:46.963+0000] {processor.py:161} INFO - Started process (PID=1681) to work on /opt/airflow/dags/setup_dag.py
[2026-02-09T15:16:46.964+0000] {processor.py:830} INFO - Processing file /opt/airflow/dags/setup_dag.py for tasks to queue
[2026-02-09T15:16:46.969+0000] {logging_mixin.py:188} INFO - [2026-02-09T15:16:46.968+0000] {dagbag.py:538} INFO - Filling up the DagBag from /opt/airflow/dags/setup_dag.py
[2026-02-09T15:16:46.992+0000] {processor.py:840} INFO - DAG(s) 'fork2_dag' retrieved from /opt/airflow/dags/setup_dag.py
[2026-02-09T15:16:47.030+0000] {logging_mixin.py:188} INFO - [2026-02-09T15:16:47.030+0000] {dag.py:3036} INFO - Sync 1 DAGs
[2026-02-09T15:16:47.076+0000] {logging_mixin.py:188} INFO - [2026-02-09T15:16:47.076+0000] {dag.py:3823} INFO - Setting next_dagrun for fork2_dag to 2026-02-09 15:16:30+00:00, run_after=2026-02-09 15:16:40+00:00
[2026-02-09T15:16:47.124+0000] {processor.py:183} INFO - Processing /opt/airflow/dags/setup_dag.py took 0.168 seconds
[2026-02-09T15:17:17.455+0000] {processor.py:161} INFO - Started process (PID=1767) to work on /opt/airflow/dags/setup_dag.py
[2026-02-09T15:17:17.459+0000] {processor.py:830} INFO - Processing file /opt/airflow/dags/setup_dag.py for tasks to queue
[2026-02-09T15:17:17.469+0000] {logging_mixin.py:188} INFO - [2026-02-09T15:17:17.468+0000] {dagbag.py:538} INFO - Filling up the DagBag from /opt/airflow/dags/setup_dag.py
[2026-02-09T15:17:17.484+0000] {processor.py:840} INFO - DAG(s) 'fork2_dag' retrieved from /opt/airflow/dags/setup_dag.py
[2026-02-09T15:17:17.508+0000] {logging_mixin.py:188} INFO - [2026-02-09T15:17:17.507+0000] {dag.py:3036} INFO - Sync 1 DAGs
[2026-02-09T15:17:17.558+0000] {logging_mixin.py:188} INFO - [2026-02-09T15:17:17.557+0000] {dag.py:3823} INFO - Setting next_dagrun for fork2_dag to 2026-02-09 15:17:00+00:00, run_after=2026-02-09 15:17:10+00:00
[2026-02-09T15:17:17.593+0000] {processor.py:183} INFO - Processing /opt/airflow/dags/setup_dag.py took 0.153 seconds
[2026-02-09T15:17:48.261+0000] {processor.py:161} INFO - Started process (PID=1854) to work on /opt/airflow/dags/setup_dag.py
[2026-02-09T15:17:48.266+0000] {processor.py:830} INFO - Processing file /opt/airflow/dags/setup_dag.py for tasks to queue
[2026-02-09T15:17:48.271+0000] {logging_mixin.py:188} INFO - [2026-02-09T15:17:48.270+0000] {dagbag.py:538} INFO - Filling up the DagBag from /opt/airflow/dags/setup_dag.py
[2026-02-09T15:17:48.284+0000] {processor.py:840} INFO - DAG(s) 'fork2_dag' retrieved from /opt/airflow/dags/setup_dag.py
[2026-02-09T15:17:48.546+0000] {logging_mixin.py:188} INFO - [2026-02-09T15:17:48.545+0000] {dag.py:3036} INFO - Sync 1 DAGs
[2026-02-09T15:17:48.598+0000] {logging_mixin.py:188} INFO - [2026-02-09T15:17:48.598+0000] {dag.py:3823} INFO - Setting next_dagrun for fork2_dag to 2026-02-09 15:17:30+00:00, run_after=2026-02-09 15:17:40+00:00
[2026-02-09T15:17:48.647+0000] {processor.py:183} INFO - Processing /opt/airflow/dags/setup_dag.py took 0.392 seconds
[2026-02-09T15:19:51.442+0000] {processor.py:161} INFO - Started process (PID=53) to work on /opt/airflow/dags/setup_dag.py
[2026-02-09T15:19:51.462+0000] {processor.py:830} INFO - Processing file /opt/airflow/dags/setup_dag.py for tasks to queue
[2026-02-09T15:19:51.466+0000] {logging_mixin.py:188} INFO - [2026-02-09T15:19:51.465+0000] {dagbag.py:538} INFO - Filling up the DagBag from /opt/airflow/dags/setup_dag.py
[2026-02-09T15:19:51.513+0000] {processor.py:840} INFO - DAG(s) 'fork2_dag' retrieved from /opt/airflow/dags/setup_dag.py
[2026-02-09T15:19:53.015+0000] {logging_mixin.py:188} INFO - [2026-02-09T15:19:53.015+0000] {dag.py:3036} INFO - Sync 1 DAGs
[2026-02-09T15:19:53.128+0000] {logging_mixin.py:188} INFO - [2026-02-09T15:19:53.127+0000] {dag.py:3823} INFO - Setting next_dagrun for fork2_dag to 2026-02-09 15:19:40+00:00, run_after=2026-02-09 15:19:50+00:00
[2026-02-09T15:19:53.244+0000] {processor.py:183} INFO - Processing /opt/airflow/dags/setup_dag.py took 1.820 seconds
[2026-02-09T15:20:23.460+0000] {processor.py:161} INFO - Started process (PID=130) to work on /opt/airflow/dags/setup_dag.py
[2026-02-09T15:20:23.462+0000] {processor.py:830} INFO - Processing file /opt/airflow/dags/setup_dag.py for tasks to queue
[2026-02-09T15:20:23.464+0000] {logging_mixin.py:188} INFO - [2026-02-09T15:20:23.464+0000] {dagbag.py:538} INFO - Filling up the DagBag from /opt/airflow/dags/setup_dag.py
[2026-02-09T15:20:23.474+0000] {processor.py:840} INFO - DAG(s) 'fork2_dag' retrieved from /opt/airflow/dags/setup_dag.py
[2026-02-09T15:20:23.511+0000] {logging_mixin.py:188} INFO - [2026-02-09T15:20:23.511+0000] {dag.py:3036} INFO - Sync 1 DAGs
[2026-02-09T15:20:23.552+0000] {logging_mixin.py:188} INFO - [2026-02-09T15:20:23.552+0000] {dag.py:3823} INFO - Setting next_dagrun for fork2_dag to 2026-02-09 15:20:10+00:00, run_after=2026-02-09 15:20:20+00:00
[2026-02-09T15:20:23.584+0000] {processor.py:183} INFO - Processing /opt/airflow/dags/setup_dag.py took 0.130 seconds
[2026-02-09T15:20:53.805+0000] {processor.py:161} INFO - Started process (PID=215) to work on /opt/airflow/dags/setup_dag.py
[2026-02-09T15:20:53.807+0000] {processor.py:830} INFO - Processing file /opt/airflow/dags/setup_dag.py for tasks to queue
[2026-02-09T15:20:53.810+0000] {logging_mixin.py:188} INFO - [2026-02-09T15:20:53.809+0000] {dagbag.py:538} INFO - Filling up the DagBag from /opt/airflow/dags/setup_dag.py
[2026-02-09T15:20:53.821+0000] {processor.py:840} INFO - DAG(s) 'fork2_dag' retrieved from /opt/airflow/dags/setup_dag.py
[2026-02-09T15:20:53.842+0000] {logging_mixin.py:188} INFO - [2026-02-09T15:20:53.841+0000] {dag.py:3036} INFO - Sync 1 DAGs
[2026-02-09T15:20:53.888+0000] {logging_mixin.py:188} INFO - [2026-02-09T15:20:53.887+0000] {dag.py:3823} INFO - Setting next_dagrun for fork2_dag to 2026-02-09 15:20:40+00:00, run_after=2026-02-09 15:20:50+00:00
[2026-02-09T15:20:53.924+0000] {processor.py:183} INFO - Processing /opt/airflow/dags/setup_dag.py took 0.126 seconds
[2026-02-09T15:21:24.038+0000] {processor.py:161} INFO - Started process (PID=305) to work on /opt/airflow/dags/setup_dag.py
[2026-02-09T15:21:24.050+0000] {processor.py:830} INFO - Processing file /opt/airflow/dags/setup_dag.py for tasks to queue
[2026-02-09T15:21:24.053+0000] {logging_mixin.py:188} INFO - [2026-02-09T15:21:24.053+0000] {dagbag.py:538} INFO - Filling up the DagBag from /opt/airflow/dags/setup_dag.py
[2026-02-09T15:21:24.086+0000] {processor.py:840} INFO - DAG(s) 'fork2_dag' retrieved from /opt/airflow/dags/setup_dag.py
[2026-02-09T15:21:24.325+0000] {logging_mixin.py:188} INFO - [2026-02-09T15:21:24.324+0000] {dag.py:3036} INFO - Sync 1 DAGs
[2026-02-09T15:21:24.367+0000] {logging_mixin.py:188} INFO - [2026-02-09T15:21:24.366+0000] {dag.py:3823} INFO - Setting next_dagrun for fork2_dag to 2026-02-09 15:21:10+00:00, run_after=2026-02-09 15:21:20+00:00
[2026-02-09T15:21:24.405+0000] {processor.py:183} INFO - Processing /opt/airflow/dags/setup_dag.py took 0.373 seconds
[2026-02-09T15:21:54.809+0000] {processor.py:161} INFO - Started process (PID=391) to work on /opt/airflow/dags/setup_dag.py
[2026-02-09T15:21:54.817+0000] {processor.py:830} INFO - Processing file /opt/airflow/dags/setup_dag.py for tasks to queue
[2026-02-09T15:21:54.820+0000] {logging_mixin.py:188} INFO - [2026-02-09T15:21:54.819+0000] {dagbag.py:538} INFO - Filling up the DagBag from /opt/airflow/dags/setup_dag.py
[2026-02-09T15:21:54.849+0000] {processor.py:840} INFO - DAG(s) 'fork2_dag' retrieved from /opt/airflow/dags/setup_dag.py
[2026-02-09T15:21:54.947+0000] {logging_mixin.py:188} INFO - [2026-02-09T15:21:54.946+0000] {dag.py:3036} INFO - Sync 1 DAGs
[2026-02-09T15:21:55.060+0000] {logging_mixin.py:188} INFO - [2026-02-09T15:21:55.059+0000] {dag.py:3823} INFO - Setting next_dagrun for fork2_dag to 2026-02-09 15:21:40+00:00, run_after=2026-02-09 15:21:50+00:00
[2026-02-09T15:21:55.125+0000] {processor.py:183} INFO - Processing /opt/airflow/dags/setup_dag.py took 0.334 seconds
[2026-02-09T15:22:25.382+0000] {processor.py:161} INFO - Started process (PID=471) to work on /opt/airflow/dags/setup_dag.py
[2026-02-09T15:22:25.386+0000] {processor.py:830} INFO - Processing file /opt/airflow/dags/setup_dag.py for tasks to queue
[2026-02-09T15:22:25.389+0000] {logging_mixin.py:188} INFO - [2026-02-09T15:22:25.389+0000] {dagbag.py:538} INFO - Filling up the DagBag from /opt/airflow/dags/setup_dag.py
[2026-02-09T15:22:25.409+0000] {processor.py:840} INFO - DAG(s) 'fork2_dag' retrieved from /opt/airflow/dags/setup_dag.py
[2026-02-09T15:22:25.454+0000] {logging_mixin.py:188} INFO - [2026-02-09T15:22:25.453+0000] {dag.py:3036} INFO - Sync 1 DAGs
[2026-02-09T15:22:25.588+0000] {logging_mixin.py:188} INFO - [2026-02-09T15:22:25.587+0000] {dag.py:3823} INFO - Setting next_dagrun for fork2_dag to 2026-02-09 15:22:10+00:00, run_after=2026-02-09 15:22:20+00:00
[2026-02-09T15:22:25.658+0000] {processor.py:183} INFO - Processing /opt/airflow/dags/setup_dag.py took 0.295 seconds
[2026-02-09T15:22:55.961+0000] {processor.py:161} INFO - Started process (PID=561) to work on /opt/airflow/dags/setup_dag.py
[2026-02-09T15:22:55.963+0000] {processor.py:830} INFO - Processing file /opt/airflow/dags/setup_dag.py for tasks to queue
[2026-02-09T15:22:55.965+0000] {logging_mixin.py:188} INFO - [2026-02-09T15:22:55.965+0000] {dagbag.py:538} INFO - Filling up the DagBag from /opt/airflow/dags/setup_dag.py
[2026-02-09T15:22:55.975+0000] {processor.py:840} INFO - DAG(s) 'fork2_dag' retrieved from /opt/airflow/dags/setup_dag.py
[2026-02-09T15:22:56.145+0000] {logging_mixin.py:188} INFO - [2026-02-09T15:22:56.145+0000] {dag.py:3036} INFO - Sync 1 DAGs
[2026-02-09T15:22:56.175+0000] {logging_mixin.py:188} INFO - [2026-02-09T15:22:56.175+0000] {dag.py:3823} INFO - Setting next_dagrun for fork2_dag to 2026-02-09 15:22:40+00:00, run_after=2026-02-09 15:22:50+00:00
[2026-02-09T15:22:56.203+0000] {processor.py:183} INFO - Processing /opt/airflow/dags/setup_dag.py took 0.248 seconds
[2026-02-09T15:23:26.493+0000] {processor.py:161} INFO - Started process (PID=652) to work on /opt/airflow/dags/setup_dag.py
[2026-02-09T15:23:26.494+0000] {processor.py:830} INFO - Processing file /opt/airflow/dags/setup_dag.py for tasks to queue
[2026-02-09T15:23:26.496+0000] {logging_mixin.py:188} INFO - [2026-02-09T15:23:26.496+0000] {dagbag.py:538} INFO - Filling up the DagBag from /opt/airflow/dags/setup_dag.py
[2026-02-09T15:23:26.507+0000] {processor.py:840} INFO - DAG(s) 'fork2_dag' retrieved from /opt/airflow/dags/setup_dag.py
[2026-02-09T15:23:26.540+0000] {logging_mixin.py:188} INFO - [2026-02-09T15:23:26.540+0000] {dag.py:3036} INFO - Sync 1 DAGs
[2026-02-09T15:23:26.582+0000] {logging_mixin.py:188} INFO - [2026-02-09T15:23:26.582+0000] {dag.py:3823} INFO - Setting next_dagrun for fork2_dag to 2026-02-09 15:23:10+00:00, run_after=2026-02-09 15:23:20+00:00
[2026-02-09T15:23:26.614+0000] {processor.py:183} INFO - Processing /opt/airflow/dags/setup_dag.py took 0.127 seconds
[2026-02-09T15:23:56.995+0000] {processor.py:161} INFO - Started process (PID=744) to work on /opt/airflow/dags/setup_dag.py
[2026-02-09T15:23:56.998+0000] {processor.py:830} INFO - Processing file /opt/airflow/dags/setup_dag.py for tasks to queue
[2026-02-09T15:23:57.000+0000] {logging_mixin.py:188} INFO - [2026-02-09T15:23:57.000+0000] {dagbag.py:538} INFO - Filling up the DagBag from /opt/airflow/dags/setup_dag.py
[2026-02-09T15:23:57.019+0000] {processor.py:840} INFO - DAG(s) 'fork2_dag' retrieved from /opt/airflow/dags/setup_dag.py
[2026-02-09T15:23:57.044+0000] {logging_mixin.py:188} INFO - [2026-02-09T15:23:57.044+0000] {dag.py:3036} INFO - Sync 1 DAGs
[2026-02-09T15:23:57.089+0000] {logging_mixin.py:188} INFO - [2026-02-09T15:23:57.089+0000] {dag.py:3823} INFO - Setting next_dagrun for fork2_dag to 2026-02-09 15:23:40+00:00, run_after=2026-02-09 15:23:50+00:00
[2026-02-09T15:23:57.190+0000] {processor.py:183} INFO - Processing /opt/airflow/dags/setup_dag.py took 0.213 seconds
[2026-02-09T15:25:58.459+0000] {processor.py:161} INFO - Started process (PID=46) to work on /opt/airflow/dags/setup_dag.py
[2026-02-09T15:25:58.474+0000] {processor.py:830} INFO - Processing file /opt/airflow/dags/setup_dag.py for tasks to queue
[2026-02-09T15:25:58.477+0000] {logging_mixin.py:188} INFO - [2026-02-09T15:25:58.477+0000] {dagbag.py:538} INFO - Filling up the DagBag from /opt/airflow/dags/setup_dag.py
[2026-02-09T15:25:58.509+0000] {processor.py:840} INFO - DAG(s) 'fork2_dag' retrieved from /opt/airflow/dags/setup_dag.py
[2026-02-09T15:25:59.159+0000] {logging_mixin.py:188} INFO - [2026-02-09T15:25:59.159+0000] {dag.py:3036} INFO - Sync 1 DAGs
[2026-02-09T15:25:59.236+0000] {logging_mixin.py:188} INFO - [2026-02-09T15:25:59.235+0000] {dag.py:3823} INFO - Setting next_dagrun for fork2_dag to 2026-02-09 15:25:40+00:00, run_after=2026-02-09 15:25:50+00:00
[2026-02-09T15:25:59.326+0000] {processor.py:183} INFO - Processing /opt/airflow/dags/setup_dag.py took 0.887 seconds
[2026-02-09T15:26:29.757+0000] {processor.py:161} INFO - Started process (PID=130) to work on /opt/airflow/dags/setup_dag.py
[2026-02-09T15:26:29.759+0000] {processor.py:830} INFO - Processing file /opt/airflow/dags/setup_dag.py for tasks to queue
[2026-02-09T15:26:29.762+0000] {logging_mixin.py:188} INFO - [2026-02-09T15:26:29.761+0000] {dagbag.py:538} INFO - Filling up the DagBag from /opt/airflow/dags/setup_dag.py
[2026-02-09T15:26:29.773+0000] {processor.py:840} INFO - DAG(s) 'fork2_dag' retrieved from /opt/airflow/dags/setup_dag.py
[2026-02-09T15:26:29.807+0000] {logging_mixin.py:188} INFO - [2026-02-09T15:26:29.807+0000] {dag.py:3036} INFO - Sync 1 DAGs
[2026-02-09T15:26:29.845+0000] {logging_mixin.py:188} INFO - [2026-02-09T15:26:29.844+0000] {dag.py:3823} INFO - Setting next_dagrun for fork2_dag to 2026-02-09 15:26:10+00:00, run_after=2026-02-09 15:26:20+00:00
[2026-02-09T15:26:29.876+0000] {processor.py:183} INFO - Processing /opt/airflow/dags/setup_dag.py took 0.124 seconds
[2026-02-09T15:27:00.312+0000] {processor.py:161} INFO - Started process (PID=221) to work on /opt/airflow/dags/setup_dag.py
[2026-02-09T15:27:00.313+0000] {processor.py:830} INFO - Processing file /opt/airflow/dags/setup_dag.py for tasks to queue
[2026-02-09T15:27:00.316+0000] {logging_mixin.py:188} INFO - [2026-02-09T15:27:00.316+0000] {dagbag.py:538} INFO - Filling up the DagBag from /opt/airflow/dags/setup_dag.py
[2026-02-09T15:27:00.326+0000] {processor.py:840} INFO - DAG(s) 'fork2_dag' retrieved from /opt/airflow/dags/setup_dag.py
[2026-02-09T15:27:00.347+0000] {logging_mixin.py:188} INFO - [2026-02-09T15:27:00.346+0000] {dag.py:3036} INFO - Sync 1 DAGs
[2026-02-09T15:27:00.392+0000] {logging_mixin.py:188} INFO - [2026-02-09T15:27:00.392+0000] {dag.py:3823} INFO - Setting next_dagrun for fork2_dag to 2026-02-09 15:26:50+00:00, run_after=2026-02-09 15:27:00+00:00
[2026-02-09T15:27:00.431+0000] {processor.py:183} INFO - Processing /opt/airflow/dags/setup_dag.py took 0.124 seconds
[2026-02-09T15:27:31.001+0000] {processor.py:161} INFO - Started process (PID=319) to work on /opt/airflow/dags/setup_dag.py
[2026-02-09T15:27:31.008+0000] {processor.py:830} INFO - Processing file /opt/airflow/dags/setup_dag.py for tasks to queue
[2026-02-09T15:27:31.013+0000] {logging_mixin.py:188} INFO - [2026-02-09T15:27:31.013+0000] {dagbag.py:538} INFO - Filling up the DagBag from /opt/airflow/dags/setup_dag.py
[2026-02-09T15:27:31.045+0000] {processor.py:840} INFO - DAG(s) 'fork2_dag' retrieved from /opt/airflow/dags/setup_dag.py
[2026-02-09T15:27:31.479+0000] {logging_mixin.py:188} INFO - [2026-02-09T15:27:31.478+0000] {dag.py:3036} INFO - Sync 1 DAGs
[2026-02-09T15:27:31.573+0000] {logging_mixin.py:188} INFO - [2026-02-09T15:27:31.572+0000] {dag.py:3823} INFO - Setting next_dagrun for fork2_dag to 2026-02-09 15:27:20+00:00, run_after=2026-02-09 15:27:30+00:00
[2026-02-09T15:27:31.615+0000] {processor.py:183} INFO - Processing /opt/airflow/dags/setup_dag.py took 0.619 seconds
[2026-02-09T15:28:01.878+0000] {processor.py:161} INFO - Started process (PID=404) to work on /opt/airflow/dags/setup_dag.py
[2026-02-09T15:28:01.887+0000] {processor.py:830} INFO - Processing file /opt/airflow/dags/setup_dag.py for tasks to queue
[2026-02-09T15:28:01.899+0000] {logging_mixin.py:188} INFO - [2026-02-09T15:28:01.898+0000] {dagbag.py:538} INFO - Filling up the DagBag from /opt/airflow/dags/setup_dag.py
[2026-02-09T15:28:01.926+0000] {processor.py:840} INFO - DAG(s) 'fork2_dag' retrieved from /opt/airflow/dags/setup_dag.py
[2026-02-09T15:28:02.027+0000] {logging_mixin.py:188} INFO - [2026-02-09T15:28:02.026+0000] {dag.py:3036} INFO - Sync 1 DAGs
[2026-02-09T15:28:02.124+0000] {logging_mixin.py:188} INFO - [2026-02-09T15:28:02.123+0000] {dag.py:3823} INFO - Setting next_dagrun for fork2_dag to 2026-02-09 15:27:50+00:00, run_after=2026-02-09 15:28:00+00:00
[2026-02-09T15:28:02.204+0000] {processor.py:183} INFO - Processing /opt/airflow/dags/setup_dag.py took 0.341 seconds
[2026-02-09T15:28:32.569+0000] {processor.py:161} INFO - Started process (PID=486) to work on /opt/airflow/dags/setup_dag.py
[2026-02-09T15:28:32.582+0000] {processor.py:830} INFO - Processing file /opt/airflow/dags/setup_dag.py for tasks to queue
[2026-02-09T15:28:32.586+0000] {logging_mixin.py:188} INFO - [2026-02-09T15:28:32.585+0000] {dagbag.py:538} INFO - Filling up the DagBag from /opt/airflow/dags/setup_dag.py
[2026-02-09T15:28:32.605+0000] {processor.py:840} INFO - DAG(s) 'fork2_dag' retrieved from /opt/airflow/dags/setup_dag.py
[2026-02-09T15:28:32.926+0000] {logging_mixin.py:188} INFO - [2026-02-09T15:28:32.925+0000] {dag.py:3036} INFO - Sync 1 DAGs
[2026-02-09T15:28:32.976+0000] {logging_mixin.py:188} INFO - [2026-02-09T15:28:32.975+0000] {dag.py:3823} INFO - Setting next_dagrun for fork2_dag to 2026-02-09 15:28:20+00:00, run_after=2026-02-09 15:28:30+00:00
[2026-02-09T15:28:33.030+0000] {processor.py:183} INFO - Processing /opt/airflow/dags/setup_dag.py took 0.467 seconds
[2026-02-09T15:29:03.140+0000] {processor.py:161} INFO - Started process (PID=569) to work on /opt/airflow/dags/setup_dag.py
[2026-02-09T15:29:03.141+0000] {processor.py:830} INFO - Processing file /opt/airflow/dags/setup_dag.py for tasks to queue
[2026-02-09T15:29:03.144+0000] {logging_mixin.py:188} INFO - [2026-02-09T15:29:03.144+0000] {dagbag.py:538} INFO - Filling up the DagBag from /opt/airflow/dags/setup_dag.py
[2026-02-09T15:29:03.154+0000] {processor.py:840} INFO - DAG(s) 'fork2_dag' retrieved from /opt/airflow/dags/setup_dag.py
[2026-02-09T15:29:03.191+0000] {logging_mixin.py:188} INFO - [2026-02-09T15:29:03.190+0000] {dag.py:3036} INFO - Sync 1 DAGs
[2026-02-09T15:29:03.233+0000] {logging_mixin.py:188} INFO - [2026-02-09T15:29:03.233+0000] {dag.py:3823} INFO - Setting next_dagrun for fork2_dag to 2026-02-09 15:28:50+00:00, run_after=2026-02-09 15:29:00+00:00
[2026-02-09T15:29:03.261+0000] {processor.py:183} INFO - Processing /opt/airflow/dags/setup_dag.py took 0.126 seconds
[2026-02-09T15:29:33.337+0000] {processor.py:161} INFO - Started process (PID=643) to work on /opt/airflow/dags/setup_dag.py
[2026-02-09T15:29:33.339+0000] {processor.py:830} INFO - Processing file /opt/airflow/dags/setup_dag.py for tasks to queue
[2026-02-09T15:29:33.341+0000] {logging_mixin.py:188} INFO - [2026-02-09T15:29:33.340+0000] {dagbag.py:538} INFO - Filling up the DagBag from /opt/airflow/dags/setup_dag.py
[2026-02-09T15:29:33.349+0000] {processor.py:840} INFO - DAG(s) 'fork2_dag' retrieved from /opt/airflow/dags/setup_dag.py
[2026-02-09T15:29:33.506+0000] {logging_mixin.py:188} INFO - [2026-02-09T15:29:33.506+0000] {dag.py:3036} INFO - Sync 1 DAGs
[2026-02-09T15:29:33.538+0000] {logging_mixin.py:188} INFO - [2026-02-09T15:29:33.538+0000] {dag.py:3823} INFO - Setting next_dagrun for fork2_dag to 2026-02-09 15:29:20+00:00, run_after=2026-02-09 15:29:30+00:00
[2026-02-09T15:29:33.570+0000] {processor.py:183} INFO - Processing /opt/airflow/dags/setup_dag.py took 0.238 seconds
[2026-02-09T15:30:03.730+0000] {processor.py:161} INFO - Started process (PID=717) to work on /opt/airflow/dags/setup_dag.py
[2026-02-09T15:30:03.731+0000] {processor.py:830} INFO - Processing file /opt/airflow/dags/setup_dag.py for tasks to queue
[2026-02-09T15:30:03.733+0000] {logging_mixin.py:188} INFO - [2026-02-09T15:30:03.733+0000] {dagbag.py:538} INFO - Filling up the DagBag from /opt/airflow/dags/setup_dag.py
[2026-02-09T15:30:03.742+0000] {processor.py:840} INFO - DAG(s) 'fork2_dag' retrieved from /opt/airflow/dags/setup_dag.py
[2026-02-09T15:30:03.773+0000] {logging_mixin.py:188} INFO - [2026-02-09T15:30:03.772+0000] {dag.py:3036} INFO - Sync 1 DAGs
[2026-02-09T15:30:03.805+0000] {logging_mixin.py:188} INFO - [2026-02-09T15:30:03.805+0000] {dag.py:3823} INFO - Setting next_dagrun for fork2_dag to 2026-02-09 15:29:50+00:00, run_after=2026-02-09 15:30:00+00:00
[2026-02-09T15:30:03.835+0000] {processor.py:183} INFO - Processing /opt/airflow/dags/setup_dag.py took 0.110 seconds
[2026-02-09T15:30:34.010+0000] {processor.py:161} INFO - Started process (PID=791) to work on /opt/airflow/dags/setup_dag.py
[2026-02-09T15:30:34.011+0000] {processor.py:830} INFO - Processing file /opt/airflow/dags/setup_dag.py for tasks to queue
[2026-02-09T15:30:34.014+0000] {logging_mixin.py:188} INFO - [2026-02-09T15:30:34.013+0000] {dagbag.py:538} INFO - Filling up the DagBag from /opt/airflow/dags/setup_dag.py
[2026-02-09T15:30:34.022+0000] {processor.py:840} INFO - DAG(s) 'fork2_dag' retrieved from /opt/airflow/dags/setup_dag.py
[2026-02-09T15:30:34.194+0000] {logging_mixin.py:188} INFO - [2026-02-09T15:30:34.194+0000] {dag.py:3036} INFO - Sync 1 DAGs
[2026-02-09T15:30:34.230+0000] {logging_mixin.py:188} INFO - [2026-02-09T15:30:34.229+0000] {dag.py:3823} INFO - Setting next_dagrun for fork2_dag to 2026-02-09 15:30:20+00:00, run_after=2026-02-09 15:30:30+00:00
[2026-02-09T15:30:34.262+0000] {processor.py:183} INFO - Processing /opt/airflow/dags/setup_dag.py took 0.257 seconds
[2026-02-09T15:31:05.141+0000] {processor.py:161} INFO - Started process (PID=864) to work on /opt/airflow/dags/setup_dag.py
[2026-02-09T15:31:05.142+0000] {processor.py:830} INFO - Processing file /opt/airflow/dags/setup_dag.py for tasks to queue
[2026-02-09T15:31:05.145+0000] {logging_mixin.py:188} INFO - [2026-02-09T15:31:05.145+0000] {dagbag.py:538} INFO - Filling up the DagBag from /opt/airflow/dags/setup_dag.py
[2026-02-09T15:31:05.156+0000] {processor.py:840} INFO - DAG(s) 'fork2_dag' retrieved from /opt/airflow/dags/setup_dag.py
[2026-02-09T15:31:05.192+0000] {logging_mixin.py:188} INFO - [2026-02-09T15:31:05.192+0000] {dag.py:3036} INFO - Sync 1 DAGs
[2026-02-09T15:31:05.233+0000] {logging_mixin.py:188} INFO - [2026-02-09T15:31:05.233+0000] {dag.py:3823} INFO - Setting next_dagrun for fork2_dag to 2026-02-09 15:30:50+00:00, run_after=2026-02-09 15:31:00+00:00
[2026-02-09T15:31:05.266+0000] {processor.py:183} INFO - Processing /opt/airflow/dags/setup_dag.py took 0.131 seconds
[2026-02-09T15:31:35.597+0000] {processor.py:161} INFO - Started process (PID=945) to work on /opt/airflow/dags/setup_dag.py
[2026-02-09T15:31:35.600+0000] {processor.py:830} INFO - Processing file /opt/airflow/dags/setup_dag.py for tasks to queue
[2026-02-09T15:31:35.603+0000] {logging_mixin.py:188} INFO - [2026-02-09T15:31:35.602+0000] {dagbag.py:538} INFO - Filling up the DagBag from /opt/airflow/dags/setup_dag.py
[2026-02-09T15:31:35.613+0000] {processor.py:840} INFO - DAG(s) 'fork2_dag' retrieved from /opt/airflow/dags/setup_dag.py
[2026-02-09T15:31:35.823+0000] {logging_mixin.py:188} INFO - [2026-02-09T15:31:35.823+0000] {dag.py:3036} INFO - Sync 1 DAGs
[2026-02-09T15:31:35.868+0000] {logging_mixin.py:188} INFO - [2026-02-09T15:31:35.868+0000] {dag.py:3823} INFO - Setting next_dagrun for fork2_dag to 2026-02-09 15:31:20+00:00, run_after=2026-02-09 15:31:30+00:00
[2026-02-09T15:31:35.904+0000] {processor.py:183} INFO - Processing /opt/airflow/dags/setup_dag.py took 0.311 seconds
[2026-02-09T15:32:06.023+0000] {processor.py:161} INFO - Started process (PID=1020) to work on /opt/airflow/dags/setup_dag.py
[2026-02-09T15:32:06.025+0000] {processor.py:830} INFO - Processing file /opt/airflow/dags/setup_dag.py for tasks to queue
[2026-02-09T15:32:06.028+0000] {logging_mixin.py:188} INFO - [2026-02-09T15:32:06.028+0000] {dagbag.py:538} INFO - Filling up the DagBag from /opt/airflow/dags/setup_dag.py
[2026-02-09T15:32:06.037+0000] {processor.py:840} INFO - DAG(s) 'fork2_dag' retrieved from /opt/airflow/dags/setup_dag.py
[2026-02-09T15:32:06.071+0000] {logging_mixin.py:188} INFO - [2026-02-09T15:32:06.070+0000] {dag.py:3036} INFO - Sync 1 DAGs
[2026-02-09T15:32:06.107+0000] {logging_mixin.py:188} INFO - [2026-02-09T15:32:06.107+0000] {dag.py:3823} INFO - Setting next_dagrun for fork2_dag to 2026-02-09 15:31:50+00:00, run_after=2026-02-09 15:32:00+00:00
[2026-02-09T15:32:06.137+0000] {processor.py:183} INFO - Processing /opt/airflow/dags/setup_dag.py took 0.119 seconds
[2026-02-09T15:32:36.810+0000] {processor.py:161} INFO - Started process (PID=1095) to work on /opt/airflow/dags/setup_dag.py
[2026-02-09T15:32:36.812+0000] {processor.py:830} INFO - Processing file /opt/airflow/dags/setup_dag.py for tasks to queue
[2026-02-09T15:32:36.815+0000] {logging_mixin.py:188} INFO - [2026-02-09T15:32:36.814+0000] {dagbag.py:538} INFO - Filling up the DagBag from /opt/airflow/dags/setup_dag.py
[2026-02-09T15:32:36.825+0000] {processor.py:840} INFO - DAG(s) 'fork2_dag' retrieved from /opt/airflow/dags/setup_dag.py
[2026-02-09T15:32:37.008+0000] {logging_mixin.py:188} INFO - [2026-02-09T15:32:37.008+0000] {dag.py:3036} INFO - Sync 1 DAGs
[2026-02-09T15:32:37.050+0000] {logging_mixin.py:188} INFO - [2026-02-09T15:32:37.049+0000] {dag.py:3823} INFO - Setting next_dagrun for fork2_dag to 2026-02-09 15:32:20+00:00, run_after=2026-02-09 15:32:30+00:00
[2026-02-09T15:32:37.085+0000] {processor.py:183} INFO - Processing /opt/airflow/dags/setup_dag.py took 0.280 seconds
[2026-02-09T15:33:07.265+0000] {processor.py:161} INFO - Started process (PID=1167) to work on /opt/airflow/dags/setup_dag.py
[2026-02-09T15:33:07.267+0000] {processor.py:830} INFO - Processing file /opt/airflow/dags/setup_dag.py for tasks to queue
[2026-02-09T15:33:07.271+0000] {logging_mixin.py:188} INFO - [2026-02-09T15:33:07.270+0000] {dagbag.py:538} INFO - Filling up the DagBag from /opt/airflow/dags/setup_dag.py
[2026-02-09T15:33:07.280+0000] {processor.py:840} INFO - DAG(s) 'fork2_dag' retrieved from /opt/airflow/dags/setup_dag.py
[2026-02-09T15:33:07.312+0000] {logging_mixin.py:188} INFO - [2026-02-09T15:33:07.311+0000] {dag.py:3036} INFO - Sync 1 DAGs
[2026-02-09T15:33:07.369+0000] {logging_mixin.py:188} INFO - [2026-02-09T15:33:07.369+0000] {dag.py:3823} INFO - Setting next_dagrun for fork2_dag to 2026-02-09 15:32:50+00:00, run_after=2026-02-09 15:33:00+00:00
[2026-02-09T15:33:07.416+0000] {processor.py:183} INFO - Processing /opt/airflow/dags/setup_dag.py took 0.156 seconds
[2026-02-09T15:33:37.688+0000] {processor.py:161} INFO - Started process (PID=1241) to work on /opt/airflow/dags/setup_dag.py
[2026-02-09T15:33:37.689+0000] {processor.py:830} INFO - Processing file /opt/airflow/dags/setup_dag.py for tasks to queue
[2026-02-09T15:33:37.692+0000] {logging_mixin.py:188} INFO - [2026-02-09T15:33:37.691+0000] {dagbag.py:538} INFO - Filling up the DagBag from /opt/airflow/dags/setup_dag.py
[2026-02-09T15:33:37.700+0000] {processor.py:840} INFO - DAG(s) 'fork2_dag' retrieved from /opt/airflow/dags/setup_dag.py
[2026-02-09T15:33:37.874+0000] {logging_mixin.py:188} INFO - [2026-02-09T15:33:37.873+0000] {dag.py:3036} INFO - Sync 1 DAGs
[2026-02-09T15:33:37.908+0000] {logging_mixin.py:188} INFO - [2026-02-09T15:33:37.908+0000] {dag.py:3823} INFO - Setting next_dagrun for fork2_dag to 2026-02-09 15:33:20+00:00, run_after=2026-02-09 15:33:30+00:00
[2026-02-09T15:33:37.949+0000] {processor.py:183} INFO - Processing /opt/airflow/dags/setup_dag.py took 0.266 seconds
[2026-02-09T15:34:08.098+0000] {processor.py:161} INFO - Started process (PID=1315) to work on /opt/airflow/dags/setup_dag.py
[2026-02-09T15:34:08.099+0000] {processor.py:830} INFO - Processing file /opt/airflow/dags/setup_dag.py for tasks to queue
[2026-02-09T15:34:08.102+0000] {logging_mixin.py:188} INFO - [2026-02-09T15:34:08.102+0000] {dagbag.py:538} INFO - Filling up the DagBag from /opt/airflow/dags/setup_dag.py
[2026-02-09T15:34:08.110+0000] {processor.py:840} INFO - DAG(s) 'fork2_dag' retrieved from /opt/airflow/dags/setup_dag.py
[2026-02-09T15:34:08.133+0000] {logging_mixin.py:188} INFO - [2026-02-09T15:34:08.132+0000] {dag.py:3036} INFO - Sync 1 DAGs
[2026-02-09T15:34:08.173+0000] {logging_mixin.py:188} INFO - [2026-02-09T15:34:08.172+0000] {dag.py:3823} INFO - Setting next_dagrun for fork2_dag to 2026-02-09 15:33:50+00:00, run_after=2026-02-09 15:34:00+00:00
[2026-02-09T15:34:08.204+0000] {processor.py:183} INFO - Processing /opt/airflow/dags/setup_dag.py took 0.111 seconds
[2026-02-09T15:34:38.297+0000] {processor.py:161} INFO - Started process (PID=1388) to work on /opt/airflow/dags/setup_dag.py
[2026-02-09T15:34:38.299+0000] {processor.py:830} INFO - Processing file /opt/airflow/dags/setup_dag.py for tasks to queue
[2026-02-09T15:34:38.302+0000] {logging_mixin.py:188} INFO - [2026-02-09T15:34:38.301+0000] {dagbag.py:538} INFO - Filling up the DagBag from /opt/airflow/dags/setup_dag.py
[2026-02-09T15:34:38.311+0000] {processor.py:840} INFO - DAG(s) 'fork2_dag' retrieved from /opt/airflow/dags/setup_dag.py
[2026-02-09T15:34:38.508+0000] {logging_mixin.py:188} INFO - [2026-02-09T15:34:38.507+0000] {dag.py:3036} INFO - Sync 1 DAGs
[2026-02-09T15:34:38.548+0000] {logging_mixin.py:188} INFO - [2026-02-09T15:34:38.548+0000] {dag.py:3823} INFO - Setting next_dagrun for fork2_dag to 2026-02-09 15:34:20+00:00, run_after=2026-02-09 15:34:30+00:00
[2026-02-09T15:34:38.587+0000] {processor.py:183} INFO - Processing /opt/airflow/dags/setup_dag.py took 0.295 seconds
[2026-02-09T15:35:08.688+0000] {processor.py:161} INFO - Started process (PID=1462) to work on /opt/airflow/dags/setup_dag.py
[2026-02-09T15:35:08.689+0000] {processor.py:830} INFO - Processing file /opt/airflow/dags/setup_dag.py for tasks to queue
[2026-02-09T15:35:08.692+0000] {logging_mixin.py:188} INFO - [2026-02-09T15:35:08.692+0000] {dagbag.py:538} INFO - Filling up the DagBag from /opt/airflow/dags/setup_dag.py
[2026-02-09T15:35:08.700+0000] {processor.py:840} INFO - DAG(s) 'fork2_dag' retrieved from /opt/airflow/dags/setup_dag.py
[2026-02-09T15:35:08.719+0000] {logging_mixin.py:188} INFO - [2026-02-09T15:35:08.719+0000] {dag.py:3036} INFO - Sync 1 DAGs
[2026-02-09T15:35:08.764+0000] {logging_mixin.py:188} INFO - [2026-02-09T15:35:08.763+0000] {dag.py:3823} INFO - Setting next_dagrun for fork2_dag to 2026-02-09 15:34:50+00:00, run_after=2026-02-09 15:35:00+00:00
[2026-02-09T15:35:08.804+0000] {processor.py:183} INFO - Processing /opt/airflow/dags/setup_dag.py took 0.121 seconds
[2026-02-09T15:35:38.889+0000] {processor.py:161} INFO - Started process (PID=1536) to work on /opt/airflow/dags/setup_dag.py
[2026-02-09T15:35:38.891+0000] {processor.py:830} INFO - Processing file /opt/airflow/dags/setup_dag.py for tasks to queue
[2026-02-09T15:35:38.893+0000] {logging_mixin.py:188} INFO - [2026-02-09T15:35:38.893+0000] {dagbag.py:538} INFO - Filling up the DagBag from /opt/airflow/dags/setup_dag.py
[2026-02-09T15:35:38.902+0000] {processor.py:840} INFO - DAG(s) 'fork2_dag' retrieved from /opt/airflow/dags/setup_dag.py
[2026-02-09T15:35:39.069+0000] {logging_mixin.py:188} INFO - [2026-02-09T15:35:39.069+0000] {dag.py:3036} INFO - Sync 1 DAGs
[2026-02-09T15:35:39.102+0000] {logging_mixin.py:188} INFO - [2026-02-09T15:35:39.101+0000] {dag.py:3823} INFO - Setting next_dagrun for fork2_dag to 2026-02-09 15:35:20+00:00, run_after=2026-02-09 15:35:30+00:00
[2026-02-09T15:35:39.133+0000] {processor.py:183} INFO - Processing /opt/airflow/dags/setup_dag.py took 0.249 seconds
[2026-02-09T15:36:09.272+0000] {processor.py:161} INFO - Started process (PID=1611) to work on /opt/airflow/dags/setup_dag.py
[2026-02-09T15:36:09.274+0000] {processor.py:830} INFO - Processing file /opt/airflow/dags/setup_dag.py for tasks to queue
[2026-02-09T15:36:09.277+0000] {logging_mixin.py:188} INFO - [2026-02-09T15:36:09.276+0000] {dagbag.py:538} INFO - Filling up the DagBag from /opt/airflow/dags/setup_dag.py
[2026-02-09T15:36:09.285+0000] {processor.py:840} INFO - DAG(s) 'fork2_dag' retrieved from /opt/airflow/dags/setup_dag.py
[2026-02-09T15:36:09.305+0000] {logging_mixin.py:188} INFO - [2026-02-09T15:36:09.304+0000] {dag.py:3036} INFO - Sync 1 DAGs
[2026-02-09T15:36:09.340+0000] {logging_mixin.py:188} INFO - [2026-02-09T15:36:09.340+0000] {dag.py:3823} INFO - Setting next_dagrun for fork2_dag to 2026-02-09 15:35:50+00:00, run_after=2026-02-09 15:36:00+00:00
[2026-02-09T15:36:09.368+0000] {processor.py:183} INFO - Processing /opt/airflow/dags/setup_dag.py took 0.101 seconds
[2026-02-09T15:36:39.502+0000] {processor.py:161} INFO - Started process (PID=1692) to work on /opt/airflow/dags/setup_dag.py
[2026-02-09T15:36:39.504+0000] {processor.py:830} INFO - Processing file /opt/airflow/dags/setup_dag.py for tasks to queue
[2026-02-09T15:36:39.506+0000] {logging_mixin.py:188} INFO - [2026-02-09T15:36:39.506+0000] {dagbag.py:538} INFO - Filling up the DagBag from /opt/airflow/dags/setup_dag.py
[2026-02-09T15:36:39.516+0000] {processor.py:840} INFO - DAG(s) 'fork2_dag' retrieved from /opt/airflow/dags/setup_dag.py
[2026-02-09T15:36:39.693+0000] {logging_mixin.py:188} INFO - [2026-02-09T15:36:39.693+0000] {dag.py:3036} INFO - Sync 1 DAGs
[2026-02-09T15:36:39.725+0000] {logging_mixin.py:188} INFO - [2026-02-09T15:36:39.725+0000] {dag.py:3823} INFO - Setting next_dagrun for fork2_dag to 2026-02-09 15:36:20+00:00, run_after=2026-02-09 15:36:30+00:00
[2026-02-09T15:36:39.756+0000] {processor.py:183} INFO - Processing /opt/airflow/dags/setup_dag.py took 0.259 seconds
[2026-02-09T15:37:09.870+0000] {processor.py:161} INFO - Started process (PID=1766) to work on /opt/airflow/dags/setup_dag.py
[2026-02-09T15:37:09.872+0000] {processor.py:830} INFO - Processing file /opt/airflow/dags/setup_dag.py for tasks to queue
[2026-02-09T15:37:09.874+0000] {logging_mixin.py:188} INFO - [2026-02-09T15:37:09.874+0000] {dagbag.py:538} INFO - Filling up the DagBag from /opt/airflow/dags/setup_dag.py
[2026-02-09T15:37:09.884+0000] {processor.py:840} INFO - DAG(s) 'fork2_dag' retrieved from /opt/airflow/dags/setup_dag.py
[2026-02-09T15:37:09.922+0000] {logging_mixin.py:188} INFO - [2026-02-09T15:37:09.922+0000] {dag.py:3036} INFO - Sync 1 DAGs
[2026-02-09T15:37:09.966+0000] {logging_mixin.py:188} INFO - [2026-02-09T15:37:09.965+0000] {dag.py:3823} INFO - Setting next_dagrun for fork2_dag to 2026-02-09 15:36:50+00:00, run_after=2026-02-09 15:37:00+00:00
[2026-02-09T15:37:09.999+0000] {processor.py:183} INFO - Processing /opt/airflow/dags/setup_dag.py took 0.134 seconds
[2026-02-09T15:37:40.491+0000] {processor.py:161} INFO - Started process (PID=1840) to work on /opt/airflow/dags/setup_dag.py
[2026-02-09T15:37:40.492+0000] {processor.py:830} INFO - Processing file /opt/airflow/dags/setup_dag.py for tasks to queue
[2026-02-09T15:37:40.495+0000] {logging_mixin.py:188} INFO - [2026-02-09T15:37:40.495+0000] {dagbag.py:538} INFO - Filling up the DagBag from /opt/airflow/dags/setup_dag.py
[2026-02-09T15:37:40.503+0000] {processor.py:840} INFO - DAG(s) 'fork2_dag' retrieved from /opt/airflow/dags/setup_dag.py
[2026-02-09T15:37:40.678+0000] {logging_mixin.py:188} INFO - [2026-02-09T15:37:40.678+0000] {dag.py:3036} INFO - Sync 1 DAGs
[2026-02-09T15:37:40.718+0000] {logging_mixin.py:188} INFO - [2026-02-09T15:37:40.717+0000] {dag.py:3823} INFO - Setting next_dagrun for fork2_dag to 2026-02-09 15:37:30+00:00, run_after=2026-02-09 15:37:40+00:00
[2026-02-09T15:37:40.750+0000] {processor.py:183} INFO - Processing /opt/airflow/dags/setup_dag.py took 0.264 seconds
[2026-02-09T15:38:10.935+0000] {processor.py:161} INFO - Started process (PID=1915) to work on /opt/airflow/dags/setup_dag.py
[2026-02-09T15:38:10.936+0000] {processor.py:830} INFO - Processing file /opt/airflow/dags/setup_dag.py for tasks to queue
[2026-02-09T15:38:10.939+0000] {logging_mixin.py:188} INFO - [2026-02-09T15:38:10.939+0000] {dagbag.py:538} INFO - Filling up the DagBag from /opt/airflow/dags/setup_dag.py
[2026-02-09T15:38:10.950+0000] {processor.py:840} INFO - DAG(s) 'fork2_dag' retrieved from /opt/airflow/dags/setup_dag.py
[2026-02-09T15:38:10.990+0000] {logging_mixin.py:188} INFO - [2026-02-09T15:38:10.990+0000] {dag.py:3036} INFO - Sync 1 DAGs
[2026-02-09T15:38:11.031+0000] {logging_mixin.py:188} INFO - [2026-02-09T15:38:11.031+0000] {dag.py:3823} INFO - Setting next_dagrun for fork2_dag to 2026-02-09 15:38:00+00:00, run_after=2026-02-09 15:38:10+00:00
[2026-02-09T15:38:11.062+0000] {processor.py:183} INFO - Processing /opt/airflow/dags/setup_dag.py took 0.133 seconds
[2026-02-09T15:38:41.172+0000] {processor.py:161} INFO - Started process (PID=1987) to work on /opt/airflow/dags/setup_dag.py
[2026-02-09T15:38:41.174+0000] {processor.py:830} INFO - Processing file /opt/airflow/dags/setup_dag.py for tasks to queue
[2026-02-09T15:38:41.176+0000] {logging_mixin.py:188} INFO - [2026-02-09T15:38:41.176+0000] {dagbag.py:538} INFO - Filling up the DagBag from /opt/airflow/dags/setup_dag.py
[2026-02-09T15:38:41.184+0000] {processor.py:840} INFO - DAG(s) 'fork2_dag' retrieved from /opt/airflow/dags/setup_dag.py
[2026-02-09T15:38:41.351+0000] {logging_mixin.py:188} INFO - [2026-02-09T15:38:41.350+0000] {dag.py:3036} INFO - Sync 1 DAGs
[2026-02-09T15:38:41.382+0000] {logging_mixin.py:188} INFO - [2026-02-09T15:38:41.382+0000] {dag.py:3823} INFO - Setting next_dagrun for fork2_dag to 2026-02-09 15:38:30+00:00, run_after=2026-02-09 15:38:40+00:00
[2026-02-09T15:38:41.411+0000] {processor.py:183} INFO - Processing /opt/airflow/dags/setup_dag.py took 0.243 seconds
[2026-02-09T15:39:11.515+0000] {processor.py:161} INFO - Started process (PID=2063) to work on /opt/airflow/dags/setup_dag.py
[2026-02-09T15:39:11.517+0000] {processor.py:830} INFO - Processing file /opt/airflow/dags/setup_dag.py for tasks to queue
[2026-02-09T15:39:11.519+0000] {logging_mixin.py:188} INFO - [2026-02-09T15:39:11.519+0000] {dagbag.py:538} INFO - Filling up the DagBag from /opt/airflow/dags/setup_dag.py
[2026-02-09T15:39:11.529+0000] {processor.py:840} INFO - DAG(s) 'fork2_dag' retrieved from /opt/airflow/dags/setup_dag.py
[2026-02-09T15:39:11.565+0000] {logging_mixin.py:188} INFO - [2026-02-09T15:39:11.564+0000] {dag.py:3036} INFO - Sync 1 DAGs
[2026-02-09T15:39:11.605+0000] {logging_mixin.py:188} INFO - [2026-02-09T15:39:11.604+0000] {dag.py:3823} INFO - Setting next_dagrun for fork2_dag to 2026-02-09 15:39:00+00:00, run_after=2026-02-09 15:39:10+00:00
[2026-02-09T15:39:11.634+0000] {processor.py:183} INFO - Processing /opt/airflow/dags/setup_dag.py took 0.123 seconds
[2026-02-09T15:39:41.868+0000] {processor.py:161} INFO - Started process (PID=2138) to work on /opt/airflow/dags/setup_dag.py
[2026-02-09T15:39:41.870+0000] {processor.py:830} INFO - Processing file /opt/airflow/dags/setup_dag.py for tasks to queue
[2026-02-09T15:39:41.875+0000] {logging_mixin.py:188} INFO - [2026-02-09T15:39:41.874+0000] {dagbag.py:538} INFO - Filling up the DagBag from /opt/airflow/dags/setup_dag.py
[2026-02-09T15:39:41.889+0000] {processor.py:840} INFO - DAG(s) 'fork2_dag' retrieved from /opt/airflow/dags/setup_dag.py
[2026-02-09T15:39:42.073+0000] {logging_mixin.py:188} INFO - [2026-02-09T15:39:42.073+0000] {dag.py:3036} INFO - Sync 1 DAGs
[2026-02-09T15:39:42.117+0000] {logging_mixin.py:188} INFO - [2026-02-09T15:39:42.116+0000] {dag.py:3823} INFO - Setting next_dagrun for fork2_dag to 2026-02-09 15:39:30+00:00, run_after=2026-02-09 15:39:40+00:00
[2026-02-09T15:39:42.152+0000] {processor.py:183} INFO - Processing /opt/airflow/dags/setup_dag.py took 0.292 seconds
[2026-02-09T15:40:12.449+0000] {processor.py:161} INFO - Started process (PID=2212) to work on /opt/airflow/dags/setup_dag.py
[2026-02-09T15:40:12.451+0000] {processor.py:830} INFO - Processing file /opt/airflow/dags/setup_dag.py for tasks to queue
[2026-02-09T15:40:12.454+0000] {logging_mixin.py:188} INFO - [2026-02-09T15:40:12.454+0000] {dagbag.py:538} INFO - Filling up the DagBag from /opt/airflow/dags/setup_dag.py
[2026-02-09T15:40:12.463+0000] {processor.py:840} INFO - DAG(s) 'fork2_dag' retrieved from /opt/airflow/dags/setup_dag.py
[2026-02-09T15:40:12.496+0000] {logging_mixin.py:188} INFO - [2026-02-09T15:40:12.496+0000] {dag.py:3036} INFO - Sync 1 DAGs
[2026-02-09T15:40:12.534+0000] {logging_mixin.py:188} INFO - [2026-02-09T15:40:12.534+0000] {dag.py:3823} INFO - Setting next_dagrun for fork2_dag to 2026-02-09 15:40:00+00:00, run_after=2026-02-09 15:40:10+00:00
[2026-02-09T15:40:12.567+0000] {processor.py:183} INFO - Processing /opt/airflow/dags/setup_dag.py took 0.123 seconds
[2026-02-09T15:40:42.794+0000] {processor.py:161} INFO - Started process (PID=2291) to work on /opt/airflow/dags/setup_dag.py
[2026-02-09T15:40:42.796+0000] {processor.py:830} INFO - Processing file /opt/airflow/dags/setup_dag.py for tasks to queue
[2026-02-09T15:40:42.799+0000] {logging_mixin.py:188} INFO - [2026-02-09T15:40:42.798+0000] {dagbag.py:538} INFO - Filling up the DagBag from /opt/airflow/dags/setup_dag.py
[2026-02-09T15:40:42.807+0000] {processor.py:840} INFO - DAG(s) 'fork2_dag' retrieved from /opt/airflow/dags/setup_dag.py
[2026-02-09T15:40:43.025+0000] {logging_mixin.py:188} INFO - [2026-02-09T15:40:43.025+0000] {dag.py:3036} INFO - Sync 1 DAGs
[2026-02-09T15:40:43.069+0000] {logging_mixin.py:188} INFO - [2026-02-09T15:40:43.069+0000] {dag.py:3823} INFO - Setting next_dagrun for fork2_dag to 2026-02-09 15:40:30+00:00, run_after=2026-02-09 15:40:40+00:00
[2026-02-09T15:40:43.107+0000] {processor.py:183} INFO - Processing /opt/airflow/dags/setup_dag.py took 0.318 seconds
[2026-02-09T15:41:13.156+0000] {processor.py:161} INFO - Started process (PID=2366) to work on /opt/airflow/dags/setup_dag.py
[2026-02-09T15:41:13.157+0000] {processor.py:830} INFO - Processing file /opt/airflow/dags/setup_dag.py for tasks to queue
[2026-02-09T15:41:13.160+0000] {logging_mixin.py:188} INFO - [2026-02-09T15:41:13.160+0000] {dagbag.py:538} INFO - Filling up the DagBag from /opt/airflow/dags/setup_dag.py
[2026-02-09T15:41:13.171+0000] {processor.py:840} INFO - DAG(s) 'fork2_dag' retrieved from /opt/airflow/dags/setup_dag.py
[2026-02-09T15:41:13.214+0000] {logging_mixin.py:188} INFO - [2026-02-09T15:41:13.213+0000] {dag.py:3036} INFO - Sync 1 DAGs
[2026-02-09T15:41:13.261+0000] {logging_mixin.py:188} INFO - [2026-02-09T15:41:13.261+0000] {dag.py:3823} INFO - Setting next_dagrun for fork2_dag to 2026-02-09 15:41:00+00:00, run_after=2026-02-09 15:41:10+00:00
[2026-02-09T15:41:13.296+0000] {processor.py:183} INFO - Processing /opt/airflow/dags/setup_dag.py took 0.147 seconds
[2026-02-09T15:41:43.391+0000] {processor.py:161} INFO - Started process (PID=2440) to work on /opt/airflow/dags/setup_dag.py
[2026-02-09T15:41:43.393+0000] {processor.py:830} INFO - Processing file /opt/airflow/dags/setup_dag.py for tasks to queue
[2026-02-09T15:41:43.396+0000] {logging_mixin.py:188} INFO - [2026-02-09T15:41:43.395+0000] {dagbag.py:538} INFO - Filling up the DagBag from /opt/airflow/dags/setup_dag.py
[2026-02-09T15:41:43.406+0000] {processor.py:840} INFO - DAG(s) 'fork2_dag' retrieved from /opt/airflow/dags/setup_dag.py
[2026-02-09T15:41:43.624+0000] {logging_mixin.py:188} INFO - [2026-02-09T15:41:43.624+0000] {dag.py:3036} INFO - Sync 1 DAGs
[2026-02-09T15:41:43.674+0000] {logging_mixin.py:188} INFO - [2026-02-09T15:41:43.674+0000] {dag.py:3823} INFO - Setting next_dagrun for fork2_dag to 2026-02-09 15:41:30+00:00, run_after=2026-02-09 15:41:40+00:00
[2026-02-09T15:41:43.921+0000] {processor.py:183} INFO - Processing /opt/airflow/dags/setup_dag.py took 0.536 seconds
[2026-02-09T15:42:13.997+0000] {processor.py:161} INFO - Started process (PID=2514) to work on /opt/airflow/dags/setup_dag.py
[2026-02-09T15:42:13.999+0000] {processor.py:830} INFO - Processing file /opt/airflow/dags/setup_dag.py for tasks to queue
[2026-02-09T15:42:14.002+0000] {logging_mixin.py:188} INFO - [2026-02-09T15:42:14.001+0000] {dagbag.py:538} INFO - Filling up the DagBag from /opt/airflow/dags/setup_dag.py
[2026-02-09T15:42:14.010+0000] {processor.py:840} INFO - DAG(s) 'fork2_dag' retrieved from /opt/airflow/dags/setup_dag.py
[2026-02-09T15:42:14.050+0000] {logging_mixin.py:188} INFO - [2026-02-09T15:42:14.050+0000] {dag.py:3036} INFO - Sync 1 DAGs
[2026-02-09T15:42:14.085+0000] {logging_mixin.py:188} INFO - [2026-02-09T15:42:14.085+0000] {dag.py:3823} INFO - Setting next_dagrun for fork2_dag to 2026-02-09 15:42:00+00:00, run_after=2026-02-09 15:42:10+00:00
[2026-02-09T15:42:14.124+0000] {processor.py:183} INFO - Processing /opt/airflow/dags/setup_dag.py took 0.131 seconds
[2026-02-09T15:42:44.251+0000] {processor.py:161} INFO - Started process (PID=2588) to work on /opt/airflow/dags/setup_dag.py
[2026-02-09T15:42:44.253+0000] {processor.py:830} INFO - Processing file /opt/airflow/dags/setup_dag.py for tasks to queue
[2026-02-09T15:42:44.256+0000] {logging_mixin.py:188} INFO - [2026-02-09T15:42:44.255+0000] {dagbag.py:538} INFO - Filling up the DagBag from /opt/airflow/dags/setup_dag.py
[2026-02-09T15:42:44.264+0000] {processor.py:840} INFO - DAG(s) 'fork2_dag' retrieved from /opt/airflow/dags/setup_dag.py
[2026-02-09T15:42:44.433+0000] {logging_mixin.py:188} INFO - [2026-02-09T15:42:44.433+0000] {dag.py:3036} INFO - Sync 1 DAGs
[2026-02-09T15:42:44.464+0000] {logging_mixin.py:188} INFO - [2026-02-09T15:42:44.464+0000] {dag.py:3823} INFO - Setting next_dagrun for fork2_dag to 2026-02-09 15:42:30+00:00, run_after=2026-02-09 15:42:40+00:00
[2026-02-09T15:42:44.497+0000] {processor.py:183} INFO - Processing /opt/airflow/dags/setup_dag.py took 0.251 seconds
[2026-02-09T15:43:15.490+0000] {processor.py:161} INFO - Started process (PID=2661) to work on /opt/airflow/dags/setup_dag.py
[2026-02-09T15:43:15.492+0000] {processor.py:830} INFO - Processing file /opt/airflow/dags/setup_dag.py for tasks to queue
[2026-02-09T15:43:15.495+0000] {logging_mixin.py:188} INFO - [2026-02-09T15:43:15.494+0000] {dagbag.py:538} INFO - Filling up the DagBag from /opt/airflow/dags/setup_dag.py
[2026-02-09T15:43:15.503+0000] {processor.py:840} INFO - DAG(s) 'fork2_dag' retrieved from /opt/airflow/dags/setup_dag.py
[2026-02-09T15:43:15.537+0000] {logging_mixin.py:188} INFO - [2026-02-09T15:43:15.536+0000] {dag.py:3036} INFO - Sync 1 DAGs
[2026-02-09T15:43:15.572+0000] {logging_mixin.py:188} INFO - [2026-02-09T15:43:15.572+0000] {dag.py:3823} INFO - Setting next_dagrun for fork2_dag to 2026-02-09 15:43:00+00:00, run_after=2026-02-09 15:43:10+00:00
[2026-02-09T15:43:15.602+0000] {processor.py:183} INFO - Processing /opt/airflow/dags/setup_dag.py took 0.118 seconds
[2026-02-09T15:43:45.914+0000] {processor.py:161} INFO - Started process (PID=2735) to work on /opt/airflow/dags/setup_dag.py
[2026-02-09T15:43:45.916+0000] {processor.py:830} INFO - Processing file /opt/airflow/dags/setup_dag.py for tasks to queue
[2026-02-09T15:43:45.918+0000] {logging_mixin.py:188} INFO - [2026-02-09T15:43:45.918+0000] {dagbag.py:538} INFO - Filling up the DagBag from /opt/airflow/dags/setup_dag.py
[2026-02-09T15:43:45.927+0000] {processor.py:840} INFO - DAG(s) 'fork2_dag' retrieved from /opt/airflow/dags/setup_dag.py
[2026-02-09T15:43:46.099+0000] {logging_mixin.py:188} INFO - [2026-02-09T15:43:46.098+0000] {dag.py:3036} INFO - Sync 1 DAGs
[2026-02-09T15:43:46.129+0000] {logging_mixin.py:188} INFO - [2026-02-09T15:43:46.129+0000] {dag.py:3823} INFO - Setting next_dagrun for fork2_dag to 2026-02-09 15:43:30+00:00, run_after=2026-02-09 15:43:40+00:00
[2026-02-09T15:43:46.159+0000] {processor.py:183} INFO - Processing /opt/airflow/dags/setup_dag.py took 0.249 seconds
[2026-02-09T15:44:16.547+0000] {processor.py:161} INFO - Started process (PID=2809) to work on /opt/airflow/dags/setup_dag.py
[2026-02-09T15:44:16.548+0000] {processor.py:830} INFO - Processing file /opt/airflow/dags/setup_dag.py for tasks to queue
[2026-02-09T15:44:16.550+0000] {logging_mixin.py:188} INFO - [2026-02-09T15:44:16.550+0000] {dagbag.py:538} INFO - Filling up the DagBag from /opt/airflow/dags/setup_dag.py
[2026-02-09T15:44:16.559+0000] {processor.py:840} INFO - DAG(s) 'fork2_dag' retrieved from /opt/airflow/dags/setup_dag.py
[2026-02-09T15:44:16.592+0000] {logging_mixin.py:188} INFO - [2026-02-09T15:44:16.592+0000] {dag.py:3036} INFO - Sync 1 DAGs
[2026-02-09T15:44:16.635+0000] {logging_mixin.py:188} INFO - [2026-02-09T15:44:16.635+0000] {dag.py:3823} INFO - Setting next_dagrun for fork2_dag to 2026-02-09 15:44:00+00:00, run_after=2026-02-09 15:44:10+00:00
[2026-02-09T15:44:16.669+0000] {processor.py:183} INFO - Processing /opt/airflow/dags/setup_dag.py took 0.128 seconds
[2026-02-09T15:44:47.355+0000] {processor.py:161} INFO - Started process (PID=2883) to work on /opt/airflow/dags/setup_dag.py
[2026-02-09T15:44:47.357+0000] {processor.py:830} INFO - Processing file /opt/airflow/dags/setup_dag.py for tasks to queue
[2026-02-09T15:44:47.360+0000] {logging_mixin.py:188} INFO - [2026-02-09T15:44:47.359+0000] {dagbag.py:538} INFO - Filling up the DagBag from /opt/airflow/dags/setup_dag.py
[2026-02-09T15:44:47.370+0000] {processor.py:840} INFO - DAG(s) 'fork2_dag' retrieved from /opt/airflow/dags/setup_dag.py
[2026-02-09T15:44:47.725+0000] {logging_mixin.py:188} INFO - [2026-02-09T15:44:47.725+0000] {dag.py:3036} INFO - Sync 1 DAGs
[2026-02-09T15:44:47.761+0000] {logging_mixin.py:188} INFO - [2026-02-09T15:44:47.761+0000] {dag.py:3823} INFO - Setting next_dagrun for fork2_dag to 2026-02-09 15:44:30+00:00, run_after=2026-02-09 15:44:40+00:00
[2026-02-09T15:44:47.795+0000] {processor.py:183} INFO - Processing /opt/airflow/dags/setup_dag.py took 0.444 seconds
[2026-02-09T15:45:18.145+0000] {processor.py:161} INFO - Started process (PID=2967) to work on /opt/airflow/dags/setup_dag.py
[2026-02-09T15:45:18.146+0000] {processor.py:830} INFO - Processing file /opt/airflow/dags/setup_dag.py for tasks to queue
[2026-02-09T15:45:18.149+0000] {logging_mixin.py:188} INFO - [2026-02-09T15:45:18.148+0000] {dagbag.py:538} INFO - Filling up the DagBag from /opt/airflow/dags/setup_dag.py
[2026-02-09T15:45:18.159+0000] {processor.py:840} INFO - DAG(s) 'fork2_dag' retrieved from /opt/airflow/dags/setup_dag.py
[2026-02-09T15:45:18.182+0000] {logging_mixin.py:188} INFO - [2026-02-09T15:45:18.182+0000] {dag.py:3036} INFO - Sync 1 DAGs
[2026-02-09T15:45:18.230+0000] {logging_mixin.py:188} INFO - [2026-02-09T15:45:18.229+0000] {dag.py:3823} INFO - Setting next_dagrun for fork2_dag to 2026-02-09 15:45:00+00:00, run_after=2026-02-09 15:45:10+00:00
[2026-02-09T15:45:18.269+0000] {processor.py:183} INFO - Processing /opt/airflow/dags/setup_dag.py took 0.129 seconds
[2026-02-09T15:45:48.663+0000] {processor.py:161} INFO - Started process (PID=3040) to work on /opt/airflow/dags/setup_dag.py
[2026-02-09T15:45:48.664+0000] {processor.py:830} INFO - Processing file /opt/airflow/dags/setup_dag.py for tasks to queue
[2026-02-09T15:45:48.667+0000] {logging_mixin.py:188} INFO - [2026-02-09T15:45:48.667+0000] {dagbag.py:538} INFO - Filling up the DagBag from /opt/airflow/dags/setup_dag.py
[2026-02-09T15:45:48.677+0000] {processor.py:840} INFO - DAG(s) 'fork2_dag' retrieved from /opt/airflow/dags/setup_dag.py
[2026-02-09T15:45:49.109+0000] {logging_mixin.py:188} INFO - [2026-02-09T15:45:49.109+0000] {dag.py:3036} INFO - Sync 1 DAGs
[2026-02-09T15:45:49.149+0000] {logging_mixin.py:188} INFO - [2026-02-09T15:45:49.148+0000] {dag.py:3823} INFO - Setting next_dagrun for fork2_dag to 2026-02-09 15:45:30+00:00, run_after=2026-02-09 15:45:40+00:00
[2026-02-09T15:45:49.184+0000] {processor.py:183} INFO - Processing /opt/airflow/dags/setup_dag.py took 0.529 seconds
[2026-02-09T15:46:19.595+0000] {processor.py:161} INFO - Started process (PID=3114) to work on /opt/airflow/dags/setup_dag.py
[2026-02-09T15:46:19.596+0000] {processor.py:830} INFO - Processing file /opt/airflow/dags/setup_dag.py for tasks to queue
[2026-02-09T15:46:19.599+0000] {logging_mixin.py:188} INFO - [2026-02-09T15:46:19.599+0000] {dagbag.py:538} INFO - Filling up the DagBag from /opt/airflow/dags/setup_dag.py
[2026-02-09T15:46:19.610+0000] {processor.py:840} INFO - DAG(s) 'fork2_dag' retrieved from /opt/airflow/dags/setup_dag.py
[2026-02-09T15:46:19.647+0000] {logging_mixin.py:188} INFO - [2026-02-09T15:46:19.646+0000] {dag.py:3036} INFO - Sync 1 DAGs
[2026-02-09T15:46:19.690+0000] {logging_mixin.py:188} INFO - [2026-02-09T15:46:19.690+0000] {dag.py:3823} INFO - Setting next_dagrun for fork2_dag to 2026-02-09 15:46:00+00:00, run_after=2026-02-09 15:46:10+00:00
[2026-02-09T15:46:19.722+0000] {processor.py:183} INFO - Processing /opt/airflow/dags/setup_dag.py took 0.133 seconds
[2026-02-09T15:46:50.052+0000] {processor.py:161} INFO - Started process (PID=3188) to work on /opt/airflow/dags/setup_dag.py
[2026-02-09T15:46:50.054+0000] {processor.py:830} INFO - Processing file /opt/airflow/dags/setup_dag.py for tasks to queue
[2026-02-09T15:46:50.057+0000] {logging_mixin.py:188} INFO - [2026-02-09T15:46:50.056+0000] {dagbag.py:538} INFO - Filling up the DagBag from /opt/airflow/dags/setup_dag.py
[2026-02-09T15:46:50.068+0000] {processor.py:840} INFO - DAG(s) 'fork2_dag' retrieved from /opt/airflow/dags/setup_dag.py
[2026-02-09T15:46:50.482+0000] {logging_mixin.py:188} INFO - [2026-02-09T15:46:50.482+0000] {dag.py:3036} INFO - Sync 1 DAGs
[2026-02-09T15:46:50.520+0000] {logging_mixin.py:188} INFO - [2026-02-09T15:46:50.520+0000] {dag.py:3823} INFO - Setting next_dagrun for fork2_dag to 2026-02-09 15:46:40+00:00, run_after=2026-02-09 15:46:50+00:00
[2026-02-09T15:46:50.552+0000] {processor.py:183} INFO - Processing /opt/airflow/dags/setup_dag.py took 0.506 seconds
[2026-02-09T15:47:21.153+0000] {processor.py:161} INFO - Started process (PID=3262) to work on /opt/airflow/dags/setup_dag.py
[2026-02-09T15:47:21.154+0000] {processor.py:830} INFO - Processing file /opt/airflow/dags/setup_dag.py for tasks to queue
[2026-02-09T15:47:21.158+0000] {logging_mixin.py:188} INFO - [2026-02-09T15:47:21.158+0000] {dagbag.py:538} INFO - Filling up the DagBag from /opt/airflow/dags/setup_dag.py
[2026-02-09T15:47:21.167+0000] {processor.py:840} INFO - DAG(s) 'fork2_dag' retrieved from /opt/airflow/dags/setup_dag.py
[2026-02-09T15:47:21.200+0000] {logging_mixin.py:188} INFO - [2026-02-09T15:47:21.199+0000] {dag.py:3036} INFO - Sync 1 DAGs
[2026-02-09T15:47:21.236+0000] {logging_mixin.py:188} INFO - [2026-02-09T15:47:21.235+0000] {dag.py:3823} INFO - Setting next_dagrun for fork2_dag to 2026-02-09 15:47:10+00:00, run_after=2026-02-09 15:47:20+00:00
[2026-02-09T15:47:21.265+0000] {processor.py:183} INFO - Processing /opt/airflow/dags/setup_dag.py took 0.116 seconds
[2026-02-09T15:47:51.372+0000] {processor.py:161} INFO - Started process (PID=3336) to work on /opt/airflow/dags/setup_dag.py
[2026-02-09T15:47:51.374+0000] {processor.py:830} INFO - Processing file /opt/airflow/dags/setup_dag.py for tasks to queue
[2026-02-09T15:47:51.376+0000] {logging_mixin.py:188} INFO - [2026-02-09T15:47:51.376+0000] {dagbag.py:538} INFO - Filling up the DagBag from /opt/airflow/dags/setup_dag.py
[2026-02-09T15:47:51.384+0000] {processor.py:840} INFO - DAG(s) 'fork2_dag' retrieved from /opt/airflow/dags/setup_dag.py
[2026-02-09T15:47:51.540+0000] {logging_mixin.py:188} INFO - [2026-02-09T15:47:51.540+0000] {dag.py:3036} INFO - Sync 1 DAGs
[2026-02-09T15:47:51.743+0000] {logging_mixin.py:188} INFO - [2026-02-09T15:47:51.743+0000] {dag.py:3823} INFO - Setting next_dagrun for fork2_dag to 2026-02-09 15:47:40+00:00, run_after=2026-02-09 15:47:50+00:00
[2026-02-09T15:47:51.770+0000] {processor.py:183} INFO - Processing /opt/airflow/dags/setup_dag.py took 0.403 seconds
[2026-02-09T15:48:22.223+0000] {processor.py:161} INFO - Started process (PID=3409) to work on /opt/airflow/dags/setup_dag.py
[2026-02-09T15:48:22.224+0000] {processor.py:830} INFO - Processing file /opt/airflow/dags/setup_dag.py for tasks to queue
[2026-02-09T15:48:22.228+0000] {logging_mixin.py:188} INFO - [2026-02-09T15:48:22.227+0000] {dagbag.py:538} INFO - Filling up the DagBag from /opt/airflow/dags/setup_dag.py
[2026-02-09T15:48:22.239+0000] {processor.py:840} INFO - DAG(s) 'fork2_dag' retrieved from /opt/airflow/dags/setup_dag.py
[2026-02-09T15:48:22.277+0000] {logging_mixin.py:188} INFO - [2026-02-09T15:48:22.277+0000] {dag.py:3036} INFO - Sync 1 DAGs
[2026-02-09T15:48:22.322+0000] {logging_mixin.py:188} INFO - [2026-02-09T15:48:22.321+0000] {dag.py:3823} INFO - Setting next_dagrun for fork2_dag to 2026-02-09 15:48:10+00:00, run_after=2026-02-09 15:48:20+00:00
[2026-02-09T15:48:22.359+0000] {processor.py:183} INFO - Processing /opt/airflow/dags/setup_dag.py took 0.143 seconds
[2026-02-09T15:48:52.439+0000] {processor.py:161} INFO - Started process (PID=3490) to work on /opt/airflow/dags/setup_dag.py
[2026-02-09T15:48:52.441+0000] {processor.py:830} INFO - Processing file /opt/airflow/dags/setup_dag.py for tasks to queue
[2026-02-09T15:48:52.443+0000] {logging_mixin.py:188} INFO - [2026-02-09T15:48:52.443+0000] {dagbag.py:538} INFO - Filling up the DagBag from /opt/airflow/dags/setup_dag.py
[2026-02-09T15:48:52.452+0000] {processor.py:840} INFO - DAG(s) 'fork2_dag' retrieved from /opt/airflow/dags/setup_dag.py
[2026-02-09T15:48:52.777+0000] {logging_mixin.py:188} INFO - [2026-02-09T15:48:52.776+0000] {dag.py:3036} INFO - Sync 1 DAGs
[2026-02-09T15:48:52.809+0000] {logging_mixin.py:188} INFO - [2026-02-09T15:48:52.809+0000] {dag.py:3823} INFO - Setting next_dagrun for fork2_dag to 2026-02-09 15:48:40+00:00, run_after=2026-02-09 15:48:50+00:00
[2026-02-09T15:48:52.837+0000] {processor.py:183} INFO - Processing /opt/airflow/dags/setup_dag.py took 0.403 seconds
[2026-02-09T15:49:23.054+0000] {processor.py:161} INFO - Started process (PID=3566) to work on /opt/airflow/dags/setup_dag.py
[2026-02-09T15:49:23.056+0000] {processor.py:830} INFO - Processing file /opt/airflow/dags/setup_dag.py for tasks to queue
[2026-02-09T15:49:23.059+0000] {logging_mixin.py:188} INFO - [2026-02-09T15:49:23.058+0000] {dagbag.py:538} INFO - Filling up the DagBag from /opt/airflow/dags/setup_dag.py
[2026-02-09T15:49:23.069+0000] {processor.py:840} INFO - DAG(s) 'fork2_dag' retrieved from /opt/airflow/dags/setup_dag.py
[2026-02-09T15:49:23.103+0000] {logging_mixin.py:188} INFO - [2026-02-09T15:49:23.103+0000] {dag.py:3036} INFO - Sync 1 DAGs
[2026-02-09T15:49:23.165+0000] {logging_mixin.py:188} INFO - [2026-02-09T15:49:23.165+0000] {dag.py:3823} INFO - Setting next_dagrun for fork2_dag to 2026-02-09 15:49:10+00:00, run_after=2026-02-09 15:49:20+00:00
[2026-02-09T15:49:23.386+0000] {processor.py:183} INFO - Processing /opt/airflow/dags/setup_dag.py took 0.338 seconds
[2026-02-09T15:49:53.719+0000] {processor.py:161} INFO - Started process (PID=3640) to work on /opt/airflow/dags/setup_dag.py
[2026-02-09T15:49:53.720+0000] {processor.py:830} INFO - Processing file /opt/airflow/dags/setup_dag.py for tasks to queue
[2026-02-09T15:49:53.724+0000] {logging_mixin.py:188} INFO - [2026-02-09T15:49:53.723+0000] {dagbag.py:538} INFO - Filling up the DagBag from /opt/airflow/dags/setup_dag.py
[2026-02-09T15:49:53.735+0000] {processor.py:840} INFO - DAG(s) 'fork2_dag' retrieved from /opt/airflow/dags/setup_dag.py
[2026-02-09T15:49:54.199+0000] {logging_mixin.py:188} INFO - [2026-02-09T15:49:54.199+0000] {dag.py:3036} INFO - Sync 1 DAGs
[2026-02-09T15:49:54.235+0000] {logging_mixin.py:188} INFO - [2026-02-09T15:49:54.234+0000] {dag.py:3823} INFO - Setting next_dagrun for fork2_dag to 2026-02-09 15:49:40+00:00, run_after=2026-02-09 15:49:50+00:00
[2026-02-09T15:49:54.263+0000] {processor.py:183} INFO - Processing /opt/airflow/dags/setup_dag.py took 0.550 seconds
[2026-02-09T15:50:24.378+0000] {processor.py:161} INFO - Started process (PID=3717) to work on /opt/airflow/dags/setup_dag.py
[2026-02-09T15:50:24.380+0000] {processor.py:830} INFO - Processing file /opt/airflow/dags/setup_dag.py for tasks to queue
[2026-02-09T15:50:24.382+0000] {logging_mixin.py:188} INFO - [2026-02-09T15:50:24.382+0000] {dagbag.py:538} INFO - Filling up the DagBag from /opt/airflow/dags/setup_dag.py
[2026-02-09T15:50:24.391+0000] {processor.py:840} INFO - DAG(s) 'fork2_dag' retrieved from /opt/airflow/dags/setup_dag.py
[2026-02-09T15:50:24.408+0000] {logging_mixin.py:188} INFO - [2026-02-09T15:50:24.408+0000] {dag.py:3036} INFO - Sync 1 DAGs
[2026-02-09T15:50:24.444+0000] {logging_mixin.py:188} INFO - [2026-02-09T15:50:24.444+0000] {dag.py:3823} INFO - Setting next_dagrun for fork2_dag to 2026-02-09 15:50:10+00:00, run_after=2026-02-09 15:50:20+00:00
[2026-02-09T15:50:24.471+0000] {processor.py:183} INFO - Processing /opt/airflow/dags/setup_dag.py took 0.098 seconds
[2026-02-09T15:50:54.606+0000] {processor.py:161} INFO - Started process (PID=3790) to work on /opt/airflow/dags/setup_dag.py
[2026-02-09T15:50:54.607+0000] {processor.py:830} INFO - Processing file /opt/airflow/dags/setup_dag.py for tasks to queue
[2026-02-09T15:50:54.611+0000] {logging_mixin.py:188} INFO - [2026-02-09T15:50:54.610+0000] {dagbag.py:538} INFO - Filling up the DagBag from /opt/airflow/dags/setup_dag.py
[2026-02-09T15:50:54.620+0000] {processor.py:840} INFO - DAG(s) 'fork2_dag' retrieved from /opt/airflow/dags/setup_dag.py
[2026-02-09T15:50:54.829+0000] {logging_mixin.py:188} INFO - [2026-02-09T15:50:54.829+0000] {dag.py:3036} INFO - Sync 1 DAGs
[2026-02-09T15:50:54.875+0000] {logging_mixin.py:188} INFO - [2026-02-09T15:50:54.875+0000] {dag.py:3823} INFO - Setting next_dagrun for fork2_dag to 2026-02-09 15:50:40+00:00, run_after=2026-02-09 15:50:50+00:00
[2026-02-09T15:50:54.910+0000] {processor.py:183} INFO - Processing /opt/airflow/dags/setup_dag.py took 0.310 seconds
[2026-02-09T15:51:25.085+0000] {processor.py:161} INFO - Started process (PID=3864) to work on /opt/airflow/dags/setup_dag.py
[2026-02-09T15:51:25.087+0000] {processor.py:830} INFO - Processing file /opt/airflow/dags/setup_dag.py for tasks to queue
[2026-02-09T15:51:25.089+0000] {logging_mixin.py:188} INFO - [2026-02-09T15:51:25.089+0000] {dagbag.py:538} INFO - Filling up the DagBag from /opt/airflow/dags/setup_dag.py
[2026-02-09T15:51:25.098+0000] {processor.py:840} INFO - DAG(s) 'fork2_dag' retrieved from /opt/airflow/dags/setup_dag.py
[2026-02-09T15:51:25.132+0000] {logging_mixin.py:188} INFO - [2026-02-09T15:51:25.131+0000] {dag.py:3036} INFO - Sync 1 DAGs
[2026-02-09T15:51:25.168+0000] {logging_mixin.py:188} INFO - [2026-02-09T15:51:25.168+0000] {dag.py:3823} INFO - Setting next_dagrun for fork2_dag to 2026-02-09 15:51:10+00:00, run_after=2026-02-09 15:51:20+00:00
[2026-02-09T15:51:25.199+0000] {processor.py:183} INFO - Processing /opt/airflow/dags/setup_dag.py took 0.119 seconds
[2026-02-09T15:51:55.536+0000] {processor.py:161} INFO - Started process (PID=3937) to work on /opt/airflow/dags/setup_dag.py
[2026-02-09T15:51:55.538+0000] {processor.py:830} INFO - Processing file /opt/airflow/dags/setup_dag.py for tasks to queue
[2026-02-09T15:51:55.541+0000] {logging_mixin.py:188} INFO - [2026-02-09T15:51:55.541+0000] {dagbag.py:538} INFO - Filling up the DagBag from /opt/airflow/dags/setup_dag.py
[2026-02-09T15:51:55.551+0000] {processor.py:840} INFO - DAG(s) 'fork2_dag' retrieved from /opt/airflow/dags/setup_dag.py
[2026-02-09T15:51:55.735+0000] {logging_mixin.py:188} INFO - [2026-02-09T15:51:55.735+0000] {dag.py:3036} INFO - Sync 1 DAGs
[2026-02-09T15:51:55.790+0000] {logging_mixin.py:188} INFO - [2026-02-09T15:51:55.790+0000] {dag.py:3823} INFO - Setting next_dagrun for fork2_dag to 2026-02-09 15:51:40+00:00, run_after=2026-02-09 15:51:50+00:00
[2026-02-09T15:51:55.825+0000] {processor.py:183} INFO - Processing /opt/airflow/dags/setup_dag.py took 0.293 seconds
[2026-02-09T15:52:25.988+0000] {processor.py:161} INFO - Started process (PID=4012) to work on /opt/airflow/dags/setup_dag.py
[2026-02-09T15:52:25.989+0000] {processor.py:830} INFO - Processing file /opt/airflow/dags/setup_dag.py for tasks to queue
[2026-02-09T15:52:25.992+0000] {logging_mixin.py:188} INFO - [2026-02-09T15:52:25.991+0000] {dagbag.py:538} INFO - Filling up the DagBag from /opt/airflow/dags/setup_dag.py
[2026-02-09T15:52:26.002+0000] {processor.py:840} INFO - DAG(s) 'fork2_dag' retrieved from /opt/airflow/dags/setup_dag.py
[2026-02-09T15:52:26.039+0000] {logging_mixin.py:188} INFO - [2026-02-09T15:52:26.038+0000] {dag.py:3036} INFO - Sync 1 DAGs
[2026-02-09T15:52:26.097+0000] {logging_mixin.py:188} INFO - [2026-02-09T15:52:26.097+0000] {dag.py:3823} INFO - Setting next_dagrun for fork2_dag to 2026-02-09 15:52:10+00:00, run_after=2026-02-09 15:52:20+00:00
[2026-02-09T15:52:26.128+0000] {processor.py:183} INFO - Processing /opt/airflow/dags/setup_dag.py took 0.145 seconds
[2026-02-09T15:52:56.166+0000] {processor.py:161} INFO - Started process (PID=4083) to work on /opt/airflow/dags/setup_dag.py
[2026-02-09T15:52:56.167+0000] {processor.py:830} INFO - Processing file /opt/airflow/dags/setup_dag.py for tasks to queue
[2026-02-09T15:52:56.169+0000] {logging_mixin.py:188} INFO - [2026-02-09T15:52:56.169+0000] {dagbag.py:538} INFO - Filling up the DagBag from /opt/airflow/dags/setup_dag.py
[2026-02-09T15:52:56.178+0000] {processor.py:840} INFO - DAG(s) 'fork2_dag' retrieved from /opt/airflow/dags/setup_dag.py
[2026-02-09T15:52:56.369+0000] {logging_mixin.py:188} INFO - [2026-02-09T15:52:56.369+0000] {dag.py:3036} INFO - Sync 1 DAGs
[2026-02-09T15:52:56.416+0000] {logging_mixin.py:188} INFO - [2026-02-09T15:52:56.415+0000] {dag.py:3823} INFO - Setting next_dagrun for fork2_dag to 2026-02-09 15:52:40+00:00, run_after=2026-02-09 15:52:50+00:00
[2026-02-09T15:52:56.462+0000] {processor.py:183} INFO - Processing /opt/airflow/dags/setup_dag.py took 0.301 seconds
[2026-02-09T15:53:26.716+0000] {processor.py:161} INFO - Started process (PID=4158) to work on /opt/airflow/dags/setup_dag.py
[2026-02-09T15:53:26.718+0000] {processor.py:830} INFO - Processing file /opt/airflow/dags/setup_dag.py for tasks to queue
[2026-02-09T15:53:26.722+0000] {logging_mixin.py:188} INFO - [2026-02-09T15:53:26.721+0000] {dagbag.py:538} INFO - Filling up the DagBag from /opt/airflow/dags/setup_dag.py
[2026-02-09T15:53:26.733+0000] {processor.py:840} INFO - DAG(s) 'fork2_dag' retrieved from /opt/airflow/dags/setup_dag.py
[2026-02-09T15:53:26.760+0000] {logging_mixin.py:188} INFO - [2026-02-09T15:53:26.760+0000] {dag.py:3036} INFO - Sync 1 DAGs
[2026-02-09T15:53:26.800+0000] {logging_mixin.py:188} INFO - [2026-02-09T15:53:26.799+0000] {dag.py:3823} INFO - Setting next_dagrun for fork2_dag to 2026-02-09 15:53:10+00:00, run_after=2026-02-09 15:53:20+00:00
[2026-02-09T15:53:26.844+0000] {processor.py:183} INFO - Processing /opt/airflow/dags/setup_dag.py took 0.135 seconds
[2026-02-09T15:53:57.678+0000] {processor.py:161} INFO - Started process (PID=4235) to work on /opt/airflow/dags/setup_dag.py
[2026-02-09T15:53:57.679+0000] {processor.py:830} INFO - Processing file /opt/airflow/dags/setup_dag.py for tasks to queue
[2026-02-09T15:53:57.682+0000] {logging_mixin.py:188} INFO - [2026-02-09T15:53:57.682+0000] {dagbag.py:538} INFO - Filling up the DagBag from /opt/airflow/dags/setup_dag.py
[2026-02-09T15:53:57.693+0000] {processor.py:840} INFO - DAG(s) 'fork2_dag' retrieved from /opt/airflow/dags/setup_dag.py
[2026-02-09T15:53:57.914+0000] {logging_mixin.py:188} INFO - [2026-02-09T15:53:57.913+0000] {dag.py:3036} INFO - Sync 1 DAGs
[2026-02-09T15:53:57.954+0000] {logging_mixin.py:188} INFO - [2026-02-09T15:53:57.954+0000] {dag.py:3823} INFO - Setting next_dagrun for fork2_dag to 2026-02-09 15:53:40+00:00, run_after=2026-02-09 15:53:50+00:00
[2026-02-09T15:53:57.992+0000] {processor.py:183} INFO - Processing /opt/airflow/dags/setup_dag.py took 0.320 seconds
[2026-02-09T15:54:28.193+0000] {processor.py:161} INFO - Started process (PID=4312) to work on /opt/airflow/dags/setup_dag.py
[2026-02-09T15:54:28.195+0000] {processor.py:830} INFO - Processing file /opt/airflow/dags/setup_dag.py for tasks to queue
[2026-02-09T15:54:28.199+0000] {logging_mixin.py:188} INFO - [2026-02-09T15:54:28.198+0000] {dagbag.py:538} INFO - Filling up the DagBag from /opt/airflow/dags/setup_dag.py
[2026-02-09T15:54:28.209+0000] {processor.py:840} INFO - DAG(s) 'fork2_dag' retrieved from /opt/airflow/dags/setup_dag.py
[2026-02-09T15:54:28.249+0000] {logging_mixin.py:188} INFO - [2026-02-09T15:54:28.248+0000] {dag.py:3036} INFO - Sync 1 DAGs
[2026-02-09T15:54:28.297+0000] {logging_mixin.py:188} INFO - [2026-02-09T15:54:28.296+0000] {dag.py:3823} INFO - Setting next_dagrun for fork2_dag to 2026-02-09 15:54:10+00:00, run_after=2026-02-09 15:54:20+00:00
[2026-02-09T15:54:28.334+0000] {processor.py:183} INFO - Processing /opt/airflow/dags/setup_dag.py took 0.147 seconds
[2026-02-09T15:54:58.395+0000] {processor.py:161} INFO - Started process (PID=4384) to work on /opt/airflow/dags/setup_dag.py
[2026-02-09T15:54:58.396+0000] {processor.py:830} INFO - Processing file /opt/airflow/dags/setup_dag.py for tasks to queue
[2026-02-09T15:54:58.398+0000] {logging_mixin.py:188} INFO - [2026-02-09T15:54:58.398+0000] {dagbag.py:538} INFO - Filling up the DagBag from /opt/airflow/dags/setup_dag.py
[2026-02-09T15:54:58.407+0000] {processor.py:840} INFO - DAG(s) 'fork2_dag' retrieved from /opt/airflow/dags/setup_dag.py
[2026-02-09T15:54:58.601+0000] {logging_mixin.py:188} INFO - [2026-02-09T15:54:58.601+0000] {dag.py:3036} INFO - Sync 1 DAGs
[2026-02-09T15:54:58.636+0000] {logging_mixin.py:188} INFO - [2026-02-09T15:54:58.635+0000] {dag.py:3823} INFO - Setting next_dagrun for fork2_dag to 2026-02-09 15:54:40+00:00, run_after=2026-02-09 15:54:50+00:00
[2026-02-09T15:54:58.671+0000] {processor.py:183} INFO - Processing /opt/airflow/dags/setup_dag.py took 0.281 seconds
[2026-02-09T15:55:28.801+0000] {processor.py:161} INFO - Started process (PID=4457) to work on /opt/airflow/dags/setup_dag.py
[2026-02-09T15:55:28.803+0000] {processor.py:830} INFO - Processing file /opt/airflow/dags/setup_dag.py for tasks to queue
[2026-02-09T15:55:28.806+0000] {logging_mixin.py:188} INFO - [2026-02-09T15:55:28.806+0000] {dagbag.py:538} INFO - Filling up the DagBag from /opt/airflow/dags/setup_dag.py
[2026-02-09T15:55:28.817+0000] {processor.py:840} INFO - DAG(s) 'fork2_dag' retrieved from /opt/airflow/dags/setup_dag.py
[2026-02-09T15:55:28.850+0000] {logging_mixin.py:188} INFO - [2026-02-09T15:55:28.849+0000] {dag.py:3036} INFO - Sync 1 DAGs
[2026-02-09T15:55:28.887+0000] {logging_mixin.py:188} INFO - [2026-02-09T15:55:28.886+0000] {dag.py:3823} INFO - Setting next_dagrun for fork2_dag to 2026-02-09 15:55:10+00:00, run_after=2026-02-09 15:55:20+00:00
[2026-02-09T15:55:28.917+0000] {processor.py:183} INFO - Processing /opt/airflow/dags/setup_dag.py took 0.121 seconds
[2026-02-09T15:55:59.273+0000] {processor.py:161} INFO - Started process (PID=4532) to work on /opt/airflow/dags/setup_dag.py
[2026-02-09T15:55:59.275+0000] {processor.py:830} INFO - Processing file /opt/airflow/dags/setup_dag.py for tasks to queue
[2026-02-09T15:55:59.277+0000] {logging_mixin.py:188} INFO - [2026-02-09T15:55:59.277+0000] {dagbag.py:538} INFO - Filling up the DagBag from /opt/airflow/dags/setup_dag.py
[2026-02-09T15:55:59.286+0000] {processor.py:840} INFO - DAG(s) 'fork2_dag' retrieved from /opt/airflow/dags/setup_dag.py
[2026-02-09T15:55:59.468+0000] {logging_mixin.py:188} INFO - [2026-02-09T15:55:59.467+0000] {dag.py:3036} INFO - Sync 1 DAGs
[2026-02-09T15:55:59.499+0000] {logging_mixin.py:188} INFO - [2026-02-09T15:55:59.499+0000] {dag.py:3823} INFO - Setting next_dagrun for fork2_dag to 2026-02-09 15:55:40+00:00, run_after=2026-02-09 15:55:50+00:00
[2026-02-09T15:55:59.530+0000] {processor.py:183} INFO - Processing /opt/airflow/dags/setup_dag.py took 0.262 seconds
[2026-02-09T15:56:29.612+0000] {processor.py:161} INFO - Started process (PID=4605) to work on /opt/airflow/dags/setup_dag.py
[2026-02-09T15:56:29.614+0000] {processor.py:830} INFO - Processing file /opt/airflow/dags/setup_dag.py for tasks to queue
[2026-02-09T15:56:29.617+0000] {logging_mixin.py:188} INFO - [2026-02-09T15:56:29.617+0000] {dagbag.py:538} INFO - Filling up the DagBag from /opt/airflow/dags/setup_dag.py
[2026-02-09T15:56:29.625+0000] {processor.py:840} INFO - DAG(s) 'fork2_dag' retrieved from /opt/airflow/dags/setup_dag.py
[2026-02-09T15:56:29.662+0000] {logging_mixin.py:188} INFO - [2026-02-09T15:56:29.662+0000] {dag.py:3036} INFO - Sync 1 DAGs
[2026-02-09T15:56:29.699+0000] {logging_mixin.py:188} INFO - [2026-02-09T15:56:29.699+0000] {dag.py:3823} INFO - Setting next_dagrun for fork2_dag to 2026-02-09 15:56:10+00:00, run_after=2026-02-09 15:56:20+00:00
[2026-02-09T15:56:29.730+0000] {processor.py:183} INFO - Processing /opt/airflow/dags/setup_dag.py took 0.122 seconds
[2026-02-09T15:56:59.832+0000] {processor.py:161} INFO - Started process (PID=4679) to work on /opt/airflow/dags/setup_dag.py
[2026-02-09T15:56:59.833+0000] {processor.py:830} INFO - Processing file /opt/airflow/dags/setup_dag.py for tasks to queue
[2026-02-09T15:56:59.837+0000] {logging_mixin.py:188} INFO - [2026-02-09T15:56:59.836+0000] {dagbag.py:538} INFO - Filling up the DagBag from /opt/airflow/dags/setup_dag.py
[2026-02-09T15:56:59.845+0000] {processor.py:840} INFO - DAG(s) 'fork2_dag' retrieved from /opt/airflow/dags/setup_dag.py
[2026-02-09T15:57:00.030+0000] {logging_mixin.py:188} INFO - [2026-02-09T15:57:00.029+0000] {dag.py:3036} INFO - Sync 1 DAGs
[2026-02-09T15:57:00.069+0000] {logging_mixin.py:188} INFO - [2026-02-09T15:57:00.069+0000] {dag.py:3823} INFO - Setting next_dagrun for fork2_dag to 2026-02-09 15:56:50+00:00, run_after=2026-02-09 15:57:00+00:00
[2026-02-09T15:57:00.103+0000] {processor.py:183} INFO - Processing /opt/airflow/dags/setup_dag.py took 0.278 seconds
[2026-02-09T15:57:30.654+0000] {processor.py:161} INFO - Started process (PID=4754) to work on /opt/airflow/dags/setup_dag.py
[2026-02-09T15:57:30.656+0000] {processor.py:830} INFO - Processing file /opt/airflow/dags/setup_dag.py for tasks to queue
[2026-02-09T15:57:30.659+0000] {logging_mixin.py:188} INFO - [2026-02-09T15:57:30.658+0000] {dagbag.py:538} INFO - Filling up the DagBag from /opt/airflow/dags/setup_dag.py
[2026-02-09T15:57:30.669+0000] {processor.py:840} INFO - DAG(s) 'fork2_dag' retrieved from /opt/airflow/dags/setup_dag.py
[2026-02-09T15:57:30.708+0000] {logging_mixin.py:188} INFO - [2026-02-09T15:57:30.707+0000] {dag.py:3036} INFO - Sync 1 DAGs
[2026-02-09T15:57:30.756+0000] {logging_mixin.py:188} INFO - [2026-02-09T15:57:30.755+0000] {dag.py:3823} INFO - Setting next_dagrun for fork2_dag to 2026-02-09 15:57:20+00:00, run_after=2026-02-09 15:57:30+00:00
[2026-02-09T15:57:30.803+0000] {processor.py:183} INFO - Processing /opt/airflow/dags/setup_dag.py took 0.155 seconds
[2026-02-09T15:58:00.901+0000] {processor.py:161} INFO - Started process (PID=4834) to work on /opt/airflow/dags/setup_dag.py
[2026-02-09T15:58:00.903+0000] {processor.py:830} INFO - Processing file /opt/airflow/dags/setup_dag.py for tasks to queue
[2026-02-09T15:58:00.905+0000] {logging_mixin.py:188} INFO - [2026-02-09T15:58:00.905+0000] {dagbag.py:538} INFO - Filling up the DagBag from /opt/airflow/dags/setup_dag.py
[2026-02-09T15:58:00.915+0000] {processor.py:840} INFO - DAG(s) 'fork2_dag' retrieved from /opt/airflow/dags/setup_dag.py
[2026-02-09T15:58:01.090+0000] {logging_mixin.py:188} INFO - [2026-02-09T15:58:01.089+0000] {dag.py:3036} INFO - Sync 1 DAGs
[2026-02-09T15:58:01.141+0000] {logging_mixin.py:188} INFO - [2026-02-09T15:58:01.140+0000] {dag.py:3823} INFO - Setting next_dagrun for fork2_dag to 2026-02-09 15:57:50+00:00, run_after=2026-02-09 15:58:00+00:00
[2026-02-09T15:58:01.183+0000] {processor.py:183} INFO - Processing /opt/airflow/dags/setup_dag.py took 0.287 seconds
[2026-02-09T15:58:31.241+0000] {processor.py:161} INFO - Started process (PID=4910) to work on /opt/airflow/dags/setup_dag.py
[2026-02-09T15:58:31.243+0000] {processor.py:830} INFO - Processing file /opt/airflow/dags/setup_dag.py for tasks to queue
[2026-02-09T15:58:31.245+0000] {logging_mixin.py:188} INFO - [2026-02-09T15:58:31.245+0000] {dagbag.py:538} INFO - Filling up the DagBag from /opt/airflow/dags/setup_dag.py
[2026-02-09T15:58:31.254+0000] {processor.py:840} INFO - DAG(s) 'fork2_dag' retrieved from /opt/airflow/dags/setup_dag.py
[2026-02-09T15:58:31.292+0000] {logging_mixin.py:188} INFO - [2026-02-09T15:58:31.290+0000] {dag.py:3036} INFO - Sync 1 DAGs
[2026-02-09T15:58:31.327+0000] {logging_mixin.py:188} INFO - [2026-02-09T15:58:31.327+0000] {dag.py:3823} INFO - Setting next_dagrun for fork2_dag to 2026-02-09 15:58:20+00:00, run_after=2026-02-09 15:58:30+00:00
[2026-02-09T15:58:31.360+0000] {processor.py:183} INFO - Processing /opt/airflow/dags/setup_dag.py took 0.124 seconds
[2026-02-09T15:59:01.829+0000] {processor.py:161} INFO - Started process (PID=4983) to work on /opt/airflow/dags/setup_dag.py
[2026-02-09T15:59:01.831+0000] {processor.py:830} INFO - Processing file /opt/airflow/dags/setup_dag.py for tasks to queue
[2026-02-09T15:59:01.834+0000] {logging_mixin.py:188} INFO - [2026-02-09T15:59:01.834+0000] {dagbag.py:538} INFO - Filling up the DagBag from /opt/airflow/dags/setup_dag.py
[2026-02-09T15:59:01.854+0000] {processor.py:840} INFO - DAG(s) 'fork2_dag' retrieved from /opt/airflow/dags/setup_dag.py
[2026-02-09T15:59:02.055+0000] {logging_mixin.py:188} INFO - [2026-02-09T15:59:02.054+0000] {dag.py:3036} INFO - Sync 1 DAGs
[2026-02-09T15:59:02.096+0000] {logging_mixin.py:188} INFO - [2026-02-09T15:59:02.095+0000] {dag.py:3823} INFO - Setting next_dagrun for fork2_dag to 2026-02-09 15:58:50+00:00, run_after=2026-02-09 15:59:00+00:00
[2026-02-09T15:59:02.136+0000] {processor.py:183} INFO - Processing /opt/airflow/dags/setup_dag.py took 0.317 seconds
[2026-02-09T15:59:32.192+0000] {processor.py:161} INFO - Started process (PID=5058) to work on /opt/airflow/dags/setup_dag.py
[2026-02-09T15:59:32.194+0000] {processor.py:830} INFO - Processing file /opt/airflow/dags/setup_dag.py for tasks to queue
[2026-02-09T15:59:32.197+0000] {logging_mixin.py:188} INFO - [2026-02-09T15:59:32.196+0000] {dagbag.py:538} INFO - Filling up the DagBag from /opt/airflow/dags/setup_dag.py
[2026-02-09T15:59:32.207+0000] {processor.py:840} INFO - DAG(s) 'fork2_dag' retrieved from /opt/airflow/dags/setup_dag.py
[2026-02-09T15:59:32.248+0000] {logging_mixin.py:188} INFO - [2026-02-09T15:59:32.247+0000] {dag.py:3036} INFO - Sync 1 DAGs
[2026-02-09T15:59:32.291+0000] {logging_mixin.py:188} INFO - [2026-02-09T15:59:32.291+0000] {dag.py:3823} INFO - Setting next_dagrun for fork2_dag to 2026-02-09 15:59:20+00:00, run_after=2026-02-09 15:59:30+00:00
[2026-02-09T15:59:32.321+0000] {processor.py:183} INFO - Processing /opt/airflow/dags/setup_dag.py took 0.135 seconds
[2026-02-09T16:00:02.604+0000] {processor.py:161} INFO - Started process (PID=5131) to work on /opt/airflow/dags/setup_dag.py
[2026-02-09T16:00:02.606+0000] {processor.py:830} INFO - Processing file /opt/airflow/dags/setup_dag.py for tasks to queue
[2026-02-09T16:00:02.609+0000] {logging_mixin.py:188} INFO - [2026-02-09T16:00:02.608+0000] {dagbag.py:538} INFO - Filling up the DagBag from /opt/airflow/dags/setup_dag.py
[2026-02-09T16:00:02.619+0000] {processor.py:840} INFO - DAG(s) 'fork2_dag' retrieved from /opt/airflow/dags/setup_dag.py
[2026-02-09T16:00:02.807+0000] {logging_mixin.py:188} INFO - [2026-02-09T16:00:02.807+0000] {dag.py:3036} INFO - Sync 1 DAGs
[2026-02-09T16:00:02.847+0000] {logging_mixin.py:188} INFO - [2026-02-09T16:00:02.846+0000] {dag.py:3823} INFO - Setting next_dagrun for fork2_dag to 2026-02-09 15:59:50+00:00, run_after=2026-02-09 16:00:00+00:00
[2026-02-09T16:00:02.881+0000] {processor.py:183} INFO - Processing /opt/airflow/dags/setup_dag.py took 0.282 seconds
[2026-02-09T16:00:33.139+0000] {processor.py:161} INFO - Started process (PID=5207) to work on /opt/airflow/dags/setup_dag.py
[2026-02-09T16:00:33.141+0000] {processor.py:830} INFO - Processing file /opt/airflow/dags/setup_dag.py for tasks to queue
[2026-02-09T16:00:33.145+0000] {logging_mixin.py:188} INFO - [2026-02-09T16:00:33.144+0000] {dagbag.py:538} INFO - Filling up the DagBag from /opt/airflow/dags/setup_dag.py
[2026-02-09T16:00:33.164+0000] {processor.py:840} INFO - DAG(s) 'fork2_dag' retrieved from /opt/airflow/dags/setup_dag.py
[2026-02-09T16:00:33.187+0000] {logging_mixin.py:188} INFO - [2026-02-09T16:00:33.186+0000] {dag.py:3036} INFO - Sync 1 DAGs
[2026-02-09T16:00:33.232+0000] {logging_mixin.py:188} INFO - [2026-02-09T16:00:33.232+0000] {dag.py:3823} INFO - Setting next_dagrun for fork2_dag to 2026-02-09 16:00:20+00:00, run_after=2026-02-09 16:00:30+00:00
[2026-02-09T16:00:33.264+0000] {processor.py:183} INFO - Processing /opt/airflow/dags/setup_dag.py took 0.132 seconds
[2026-02-09T16:01:03.692+0000] {processor.py:161} INFO - Started process (PID=5279) to work on /opt/airflow/dags/setup_dag.py
[2026-02-09T16:01:03.694+0000] {processor.py:830} INFO - Processing file /opt/airflow/dags/setup_dag.py for tasks to queue
[2026-02-09T16:01:03.697+0000] {logging_mixin.py:188} INFO - [2026-02-09T16:01:03.697+0000] {dagbag.py:538} INFO - Filling up the DagBag from /opt/airflow/dags/setup_dag.py
[2026-02-09T16:01:03.708+0000] {processor.py:840} INFO - DAG(s) 'fork2_dag' retrieved from /opt/airflow/dags/setup_dag.py
[2026-02-09T16:01:03.897+0000] {logging_mixin.py:188} INFO - [2026-02-09T16:01:03.896+0000] {dag.py:3036} INFO - Sync 1 DAGs
[2026-02-09T16:01:03.938+0000] {logging_mixin.py:188} INFO - [2026-02-09T16:01:03.938+0000] {dag.py:3823} INFO - Setting next_dagrun for fork2_dag to 2026-02-09 16:00:50+00:00, run_after=2026-02-09 16:01:00+00:00
[2026-02-09T16:01:03.977+0000] {processor.py:183} INFO - Processing /opt/airflow/dags/setup_dag.py took 0.291 seconds
[2026-02-09T16:01:34.209+0000] {processor.py:161} INFO - Started process (PID=5354) to work on /opt/airflow/dags/setup_dag.py
[2026-02-09T16:01:34.212+0000] {processor.py:830} INFO - Processing file /opt/airflow/dags/setup_dag.py for tasks to queue
[2026-02-09T16:01:34.216+0000] {logging_mixin.py:188} INFO - [2026-02-09T16:01:34.215+0000] {dagbag.py:538} INFO - Filling up the DagBag from /opt/airflow/dags/setup_dag.py
[2026-02-09T16:01:34.227+0000] {processor.py:840} INFO - DAG(s) 'fork2_dag' retrieved from /opt/airflow/dags/setup_dag.py
[2026-02-09T16:01:34.247+0000] {logging_mixin.py:188} INFO - [2026-02-09T16:01:34.246+0000] {dag.py:3036} INFO - Sync 1 DAGs
[2026-02-09T16:01:34.286+0000] {logging_mixin.py:188} INFO - [2026-02-09T16:01:34.285+0000] {dag.py:3823} INFO - Setting next_dagrun for fork2_dag to 2026-02-09 16:01:20+00:00, run_after=2026-02-09 16:01:30+00:00
[2026-02-09T16:01:34.319+0000] {processor.py:183} INFO - Processing /opt/airflow/dags/setup_dag.py took 0.117 seconds
[2026-02-09T16:02:04.361+0000] {processor.py:161} INFO - Started process (PID=5428) to work on /opt/airflow/dags/setup_dag.py
[2026-02-09T16:02:04.363+0000] {processor.py:830} INFO - Processing file /opt/airflow/dags/setup_dag.py for tasks to queue
[2026-02-09T16:02:04.365+0000] {logging_mixin.py:188} INFO - [2026-02-09T16:02:04.365+0000] {dagbag.py:538} INFO - Filling up the DagBag from /opt/airflow/dags/setup_dag.py
[2026-02-09T16:02:04.374+0000] {processor.py:840} INFO - DAG(s) 'fork2_dag' retrieved from /opt/airflow/dags/setup_dag.py
[2026-02-09T16:02:04.549+0000] {logging_mixin.py:188} INFO - [2026-02-09T16:02:04.548+0000] {dag.py:3036} INFO - Sync 1 DAGs
[2026-02-09T16:02:04.586+0000] {logging_mixin.py:188} INFO - [2026-02-09T16:02:04.585+0000] {dag.py:3823} INFO - Setting next_dagrun for fork2_dag to 2026-02-09 16:01:50+00:00, run_after=2026-02-09 16:02:00+00:00
[2026-02-09T16:02:04.616+0000] {processor.py:183} INFO - Processing /opt/airflow/dags/setup_dag.py took 0.260 seconds
[2026-02-09T16:02:34.895+0000] {processor.py:161} INFO - Started process (PID=5510) to work on /opt/airflow/dags/setup_dag.py
[2026-02-09T16:02:34.897+0000] {processor.py:830} INFO - Processing file /opt/airflow/dags/setup_dag.py for tasks to queue
[2026-02-09T16:02:34.899+0000] {logging_mixin.py:188} INFO - [2026-02-09T16:02:34.899+0000] {dagbag.py:538} INFO - Filling up the DagBag from /opt/airflow/dags/setup_dag.py
[2026-02-09T16:02:34.910+0000] {processor.py:840} INFO - DAG(s) 'fork2_dag' retrieved from /opt/airflow/dags/setup_dag.py
[2026-02-09T16:02:34.949+0000] {logging_mixin.py:188} INFO - [2026-02-09T16:02:34.948+0000] {dag.py:3036} INFO - Sync 1 DAGs
[2026-02-09T16:02:34.993+0000] {logging_mixin.py:188} INFO - [2026-02-09T16:02:34.993+0000] {dag.py:3823} INFO - Setting next_dagrun for fork2_dag to 2026-02-09 16:02:20+00:00, run_after=2026-02-09 16:02:30+00:00
[2026-02-09T16:02:35.029+0000] {processor.py:183} INFO - Processing /opt/airflow/dags/setup_dag.py took 0.139 seconds
[2026-02-09T16:03:05.795+0000] {processor.py:161} INFO - Started process (PID=5585) to work on /opt/airflow/dags/setup_dag.py
[2026-02-09T16:03:05.797+0000] {processor.py:830} INFO - Processing file /opt/airflow/dags/setup_dag.py for tasks to queue
[2026-02-09T16:03:05.801+0000] {logging_mixin.py:188} INFO - [2026-02-09T16:03:05.801+0000] {dagbag.py:538} INFO - Filling up the DagBag from /opt/airflow/dags/setup_dag.py
[2026-02-09T16:03:05.812+0000] {processor.py:840} INFO - DAG(s) 'fork2_dag' retrieved from /opt/airflow/dags/setup_dag.py
[2026-02-09T16:03:06.036+0000] {logging_mixin.py:188} INFO - [2026-02-09T16:03:06.036+0000] {dag.py:3036} INFO - Sync 1 DAGs
[2026-02-09T16:03:06.079+0000] {logging_mixin.py:188} INFO - [2026-02-09T16:03:06.078+0000] {dag.py:3823} INFO - Setting next_dagrun for fork2_dag to 2026-02-09 16:02:50+00:00, run_after=2026-02-09 16:03:00+00:00
[2026-02-09T16:03:06.114+0000] {processor.py:183} INFO - Processing /opt/airflow/dags/setup_dag.py took 0.325 seconds
[2026-02-09T16:03:36.214+0000] {processor.py:161} INFO - Started process (PID=5659) to work on /opt/airflow/dags/setup_dag.py
[2026-02-09T16:03:36.216+0000] {processor.py:830} INFO - Processing file /opt/airflow/dags/setup_dag.py for tasks to queue
[2026-02-09T16:03:36.219+0000] {logging_mixin.py:188} INFO - [2026-02-09T16:03:36.218+0000] {dagbag.py:538} INFO - Filling up the DagBag from /opt/airflow/dags/setup_dag.py
[2026-02-09T16:03:36.229+0000] {processor.py:840} INFO - DAG(s) 'fork2_dag' retrieved from /opt/airflow/dags/setup_dag.py
[2026-02-09T16:03:36.267+0000] {logging_mixin.py:188} INFO - [2026-02-09T16:03:36.267+0000] {dag.py:3036} INFO - Sync 1 DAGs
[2026-02-09T16:03:36.311+0000] {logging_mixin.py:188} INFO - [2026-02-09T16:03:36.310+0000] {dag.py:3823} INFO - Setting next_dagrun for fork2_dag to 2026-02-09 16:03:20+00:00, run_after=2026-02-09 16:03:30+00:00
[2026-02-09T16:03:36.343+0000] {processor.py:183} INFO - Processing /opt/airflow/dags/setup_dag.py took 0.136 seconds
[2026-02-09T16:04:06.733+0000] {processor.py:161} INFO - Started process (PID=5734) to work on /opt/airflow/dags/setup_dag.py
[2026-02-09T16:04:06.735+0000] {processor.py:830} INFO - Processing file /opt/airflow/dags/setup_dag.py for tasks to queue
[2026-02-09T16:04:06.738+0000] {logging_mixin.py:188} INFO - [2026-02-09T16:04:06.738+0000] {dagbag.py:538} INFO - Filling up the DagBag from /opt/airflow/dags/setup_dag.py
[2026-02-09T16:04:06.748+0000] {processor.py:840} INFO - DAG(s) 'fork2_dag' retrieved from /opt/airflow/dags/setup_dag.py
[2026-02-09T16:04:06.933+0000] {logging_mixin.py:188} INFO - [2026-02-09T16:04:06.933+0000] {dag.py:3036} INFO - Sync 1 DAGs
[2026-02-09T16:04:06.971+0000] {logging_mixin.py:188} INFO - [2026-02-09T16:04:06.970+0000] {dag.py:3823} INFO - Setting next_dagrun for fork2_dag to 2026-02-09 16:03:50+00:00, run_after=2026-02-09 16:04:00+00:00
[2026-02-09T16:04:07.002+0000] {processor.py:183} INFO - Processing /opt/airflow/dags/setup_dag.py took 0.274 seconds
[2026-02-09T16:04:37.163+0000] {processor.py:161} INFO - Started process (PID=5810) to work on /opt/airflow/dags/setup_dag.py
[2026-02-09T16:04:37.165+0000] {processor.py:830} INFO - Processing file /opt/airflow/dags/setup_dag.py for tasks to queue
[2026-02-09T16:04:37.168+0000] {logging_mixin.py:188} INFO - [2026-02-09T16:04:37.167+0000] {dagbag.py:538} INFO - Filling up the DagBag from /opt/airflow/dags/setup_dag.py
[2026-02-09T16:04:37.176+0000] {processor.py:840} INFO - DAG(s) 'fork2_dag' retrieved from /opt/airflow/dags/setup_dag.py
[2026-02-09T16:04:37.213+0000] {logging_mixin.py:188} INFO - [2026-02-09T16:04:37.212+0000] {dag.py:3036} INFO - Sync 1 DAGs
[2026-02-09T16:04:37.251+0000] {logging_mixin.py:188} INFO - [2026-02-09T16:04:37.251+0000] {dag.py:3823} INFO - Setting next_dagrun for fork2_dag to 2026-02-09 16:04:20+00:00, run_after=2026-02-09 16:04:30+00:00
[2026-02-09T16:04:37.281+0000] {processor.py:183} INFO - Processing /opt/airflow/dags/setup_dag.py took 0.123 seconds
[2026-02-09T16:05:07.512+0000] {processor.py:161} INFO - Started process (PID=5881) to work on /opt/airflow/dags/setup_dag.py
[2026-02-09T16:05:07.514+0000] {processor.py:830} INFO - Processing file /opt/airflow/dags/setup_dag.py for tasks to queue
[2026-02-09T16:05:07.517+0000] {logging_mixin.py:188} INFO - [2026-02-09T16:05:07.516+0000] {dagbag.py:538} INFO - Filling up the DagBag from /opt/airflow/dags/setup_dag.py
[2026-02-09T16:05:07.526+0000] {processor.py:840} INFO - DAG(s) 'fork2_dag' retrieved from /opt/airflow/dags/setup_dag.py
[2026-02-09T16:05:07.711+0000] {logging_mixin.py:188} INFO - [2026-02-09T16:05:07.711+0000] {dag.py:3036} INFO - Sync 1 DAGs
[2026-02-09T16:05:07.744+0000] {logging_mixin.py:188} INFO - [2026-02-09T16:05:07.744+0000] {dag.py:3823} INFO - Setting next_dagrun for fork2_dag to 2026-02-09 16:04:50+00:00, run_after=2026-02-09 16:05:00+00:00
[2026-02-09T16:05:07.774+0000] {processor.py:183} INFO - Processing /opt/airflow/dags/setup_dag.py took 0.269 seconds
[2026-02-09T16:05:37.922+0000] {processor.py:161} INFO - Started process (PID=5955) to work on /opt/airflow/dags/setup_dag.py
[2026-02-09T16:05:37.924+0000] {processor.py:830} INFO - Processing file /opt/airflow/dags/setup_dag.py for tasks to queue
[2026-02-09T16:05:37.927+0000] {logging_mixin.py:188} INFO - [2026-02-09T16:05:37.927+0000] {dagbag.py:538} INFO - Filling up the DagBag from /opt/airflow/dags/setup_dag.py
[2026-02-09T16:05:37.936+0000] {processor.py:840} INFO - DAG(s) 'fork2_dag' retrieved from /opt/airflow/dags/setup_dag.py
[2026-02-09T16:05:37.969+0000] {logging_mixin.py:188} INFO - [2026-02-09T16:05:37.969+0000] {dag.py:3036} INFO - Sync 1 DAGs
[2026-02-09T16:05:38.004+0000] {logging_mixin.py:188} INFO - [2026-02-09T16:05:38.004+0000] {dag.py:3823} INFO - Setting next_dagrun for fork2_dag to 2026-02-09 16:05:20+00:00, run_after=2026-02-09 16:05:30+00:00
[2026-02-09T16:05:38.033+0000] {processor.py:183} INFO - Processing /opt/airflow/dags/setup_dag.py took 0.116 seconds
[2026-02-09T16:06:08.346+0000] {processor.py:161} INFO - Started process (PID=6028) to work on /opt/airflow/dags/setup_dag.py
[2026-02-09T16:06:08.348+0000] {processor.py:830} INFO - Processing file /opt/airflow/dags/setup_dag.py for tasks to queue
[2026-02-09T16:06:08.352+0000] {logging_mixin.py:188} INFO - [2026-02-09T16:06:08.351+0000] {dagbag.py:538} INFO - Filling up the DagBag from /opt/airflow/dags/setup_dag.py
[2026-02-09T16:06:08.360+0000] {processor.py:840} INFO - DAG(s) 'fork2_dag' retrieved from /opt/airflow/dags/setup_dag.py
[2026-02-09T16:06:08.551+0000] {logging_mixin.py:188} INFO - [2026-02-09T16:06:08.551+0000] {dag.py:3036} INFO - Sync 1 DAGs
[2026-02-09T16:06:08.591+0000] {logging_mixin.py:188} INFO - [2026-02-09T16:06:08.590+0000] {dag.py:3823} INFO - Setting next_dagrun for fork2_dag to 2026-02-09 16:05:50+00:00, run_after=2026-02-09 16:06:00+00:00
[2026-02-09T16:06:08.627+0000] {processor.py:183} INFO - Processing /opt/airflow/dags/setup_dag.py took 0.286 seconds
[2026-02-09T16:06:38.742+0000] {processor.py:161} INFO - Started process (PID=6102) to work on /opt/airflow/dags/setup_dag.py
[2026-02-09T16:06:38.744+0000] {processor.py:830} INFO - Processing file /opt/airflow/dags/setup_dag.py for tasks to queue
[2026-02-09T16:06:38.746+0000] {logging_mixin.py:188} INFO - [2026-02-09T16:06:38.746+0000] {dagbag.py:538} INFO - Filling up the DagBag from /opt/airflow/dags/setup_dag.py
[2026-02-09T16:06:38.756+0000] {processor.py:840} INFO - DAG(s) 'fork2_dag' retrieved from /opt/airflow/dags/setup_dag.py
[2026-02-09T16:06:38.792+0000] {logging_mixin.py:188} INFO - [2026-02-09T16:06:38.791+0000] {dag.py:3036} INFO - Sync 1 DAGs
[2026-02-09T16:06:38.837+0000] {logging_mixin.py:188} INFO - [2026-02-09T16:06:38.837+0000] {dag.py:3823} INFO - Setting next_dagrun for fork2_dag to 2026-02-09 16:06:20+00:00, run_after=2026-02-09 16:06:30+00:00
[2026-02-09T16:06:38.871+0000] {processor.py:183} INFO - Processing /opt/airflow/dags/setup_dag.py took 0.135 seconds
[2026-02-09T16:07:09.238+0000] {processor.py:161} INFO - Started process (PID=6176) to work on /opt/airflow/dags/setup_dag.py
[2026-02-09T16:07:09.240+0000] {processor.py:830} INFO - Processing file /opt/airflow/dags/setup_dag.py for tasks to queue
[2026-02-09T16:07:09.243+0000] {logging_mixin.py:188} INFO - [2026-02-09T16:07:09.242+0000] {dagbag.py:538} INFO - Filling up the DagBag from /opt/airflow/dags/setup_dag.py
[2026-02-09T16:07:09.253+0000] {processor.py:840} INFO - DAG(s) 'fork2_dag' retrieved from /opt/airflow/dags/setup_dag.py
[2026-02-09T16:07:09.425+0000] {logging_mixin.py:188} INFO - [2026-02-09T16:07:09.425+0000] {dag.py:3036} INFO - Sync 1 DAGs
[2026-02-09T16:07:09.463+0000] {logging_mixin.py:188} INFO - [2026-02-09T16:07:09.463+0000] {dag.py:3823} INFO - Setting next_dagrun for fork2_dag to 2026-02-09 16:06:50+00:00, run_after=2026-02-09 16:07:00+00:00
[2026-02-09T16:07:09.498+0000] {processor.py:183} INFO - Processing /opt/airflow/dags/setup_dag.py took 0.265 seconds
[2026-02-09T16:07:39.539+0000] {processor.py:161} INFO - Started process (PID=6258) to work on /opt/airflow/dags/setup_dag.py
[2026-02-09T16:07:39.541+0000] {processor.py:830} INFO - Processing file /opt/airflow/dags/setup_dag.py for tasks to queue
[2026-02-09T16:07:39.544+0000] {logging_mixin.py:188} INFO - [2026-02-09T16:07:39.544+0000] {dagbag.py:538} INFO - Filling up the DagBag from /opt/airflow/dags/setup_dag.py
[2026-02-09T16:07:39.555+0000] {processor.py:840} INFO - DAG(s) 'fork2_dag' retrieved from /opt/airflow/dags/setup_dag.py
[2026-02-09T16:07:39.594+0000] {logging_mixin.py:188} INFO - [2026-02-09T16:07:39.594+0000] {dag.py:3036} INFO - Sync 1 DAGs
[2026-02-09T16:07:39.642+0000] {logging_mixin.py:188} INFO - [2026-02-09T16:07:39.641+0000] {dag.py:3823} INFO - Setting next_dagrun for fork2_dag to 2026-02-09 16:07:20+00:00, run_after=2026-02-09 16:07:30+00:00
[2026-02-09T16:07:39.679+0000] {processor.py:183} INFO - Processing /opt/airflow/dags/setup_dag.py took 0.145 seconds
[2026-02-09T16:08:09.816+0000] {processor.py:161} INFO - Started process (PID=6332) to work on /opt/airflow/dags/setup_dag.py
[2026-02-09T16:08:09.818+0000] {processor.py:830} INFO - Processing file /opt/airflow/dags/setup_dag.py for tasks to queue
[2026-02-09T16:08:09.821+0000] {logging_mixin.py:188} INFO - [2026-02-09T16:08:09.820+0000] {dagbag.py:538} INFO - Filling up the DagBag from /opt/airflow/dags/setup_dag.py
[2026-02-09T16:08:09.830+0000] {processor.py:840} INFO - DAG(s) 'fork2_dag' retrieved from /opt/airflow/dags/setup_dag.py
[2026-02-09T16:08:10.025+0000] {logging_mixin.py:188} INFO - [2026-02-09T16:08:10.025+0000] {dag.py:3036} INFO - Sync 1 DAGs
[2026-02-09T16:08:10.070+0000] {logging_mixin.py:188} INFO - [2026-02-09T16:08:10.069+0000] {dag.py:3823} INFO - Setting next_dagrun for fork2_dag to 2026-02-09 16:08:00+00:00, run_after=2026-02-09 16:08:10+00:00
[2026-02-09T16:08:10.116+0000] {processor.py:183} INFO - Processing /opt/airflow/dags/setup_dag.py took 0.305 seconds
[2026-02-09T16:08:40.294+0000] {processor.py:161} INFO - Started process (PID=6406) to work on /opt/airflow/dags/setup_dag.py
[2026-02-09T16:08:40.296+0000] {processor.py:830} INFO - Processing file /opt/airflow/dags/setup_dag.py for tasks to queue
[2026-02-09T16:08:40.299+0000] {logging_mixin.py:188} INFO - [2026-02-09T16:08:40.298+0000] {dagbag.py:538} INFO - Filling up the DagBag from /opt/airflow/dags/setup_dag.py
[2026-02-09T16:08:40.307+0000] {processor.py:840} INFO - DAG(s) 'fork2_dag' retrieved from /opt/airflow/dags/setup_dag.py
[2026-02-09T16:08:40.340+0000] {logging_mixin.py:188} INFO - [2026-02-09T16:08:40.340+0000] {dag.py:3036} INFO - Sync 1 DAGs
[2026-02-09T16:08:40.383+0000] {logging_mixin.py:188} INFO - [2026-02-09T16:08:40.382+0000] {dag.py:3823} INFO - Setting next_dagrun for fork2_dag to 2026-02-09 16:08:30+00:00, run_after=2026-02-09 16:08:40+00:00
[2026-02-09T16:08:40.415+0000] {processor.py:183} INFO - Processing /opt/airflow/dags/setup_dag.py took 0.126 seconds
[2026-02-09T16:09:10.637+0000] {processor.py:161} INFO - Started process (PID=6481) to work on /opt/airflow/dags/setup_dag.py
[2026-02-09T16:09:10.639+0000] {processor.py:830} INFO - Processing file /opt/airflow/dags/setup_dag.py for tasks to queue
[2026-02-09T16:09:10.642+0000] {logging_mixin.py:188} INFO - [2026-02-09T16:09:10.642+0000] {dagbag.py:538} INFO - Filling up the DagBag from /opt/airflow/dags/setup_dag.py
[2026-02-09T16:09:10.651+0000] {processor.py:840} INFO - DAG(s) 'fork2_dag' retrieved from /opt/airflow/dags/setup_dag.py
[2026-02-09T16:09:10.841+0000] {logging_mixin.py:188} INFO - [2026-02-09T16:09:10.841+0000] {dag.py:3036} INFO - Sync 1 DAGs
[2026-02-09T16:09:10.879+0000] {logging_mixin.py:188} INFO - [2026-02-09T16:09:10.878+0000] {dag.py:3823} INFO - Setting next_dagrun for fork2_dag to 2026-02-09 16:09:00+00:00, run_after=2026-02-09 16:09:10+00:00
[2026-02-09T16:09:10.914+0000] {processor.py:183} INFO - Processing /opt/airflow/dags/setup_dag.py took 0.301 seconds
[2026-02-09T16:09:41.087+0000] {processor.py:161} INFO - Started process (PID=6556) to work on /opt/airflow/dags/setup_dag.py
[2026-02-09T16:09:41.089+0000] {processor.py:830} INFO - Processing file /opt/airflow/dags/setup_dag.py for tasks to queue
[2026-02-09T16:09:41.093+0000] {logging_mixin.py:188} INFO - [2026-02-09T16:09:41.093+0000] {dagbag.py:538} INFO - Filling up the DagBag from /opt/airflow/dags/setup_dag.py
[2026-02-09T16:09:41.103+0000] {processor.py:840} INFO - DAG(s) 'fork2_dag' retrieved from /opt/airflow/dags/setup_dag.py
[2026-02-09T16:09:41.142+0000] {logging_mixin.py:188} INFO - [2026-02-09T16:09:41.142+0000] {dag.py:3036} INFO - Sync 1 DAGs
[2026-02-09T16:09:41.185+0000] {logging_mixin.py:188} INFO - [2026-02-09T16:09:41.185+0000] {dag.py:3823} INFO - Setting next_dagrun for fork2_dag to 2026-02-09 16:09:30+00:00, run_after=2026-02-09 16:09:40+00:00
[2026-02-09T16:09:41.220+0000] {processor.py:183} INFO - Processing /opt/airflow/dags/setup_dag.py took 0.139 seconds
[2026-02-09T16:10:11.630+0000] {processor.py:161} INFO - Started process (PID=6630) to work on /opt/airflow/dags/setup_dag.py
[2026-02-09T16:10:11.632+0000] {processor.py:830} INFO - Processing file /opt/airflow/dags/setup_dag.py for tasks to queue
[2026-02-09T16:10:11.636+0000] {logging_mixin.py:188} INFO - [2026-02-09T16:10:11.636+0000] {dagbag.py:538} INFO - Filling up the DagBag from /opt/airflow/dags/setup_dag.py
[2026-02-09T16:10:11.645+0000] {processor.py:840} INFO - DAG(s) 'fork2_dag' retrieved from /opt/airflow/dags/setup_dag.py
[2026-02-09T16:10:11.851+0000] {logging_mixin.py:188} INFO - [2026-02-09T16:10:11.850+0000] {dag.py:3036} INFO - Sync 1 DAGs
[2026-02-09T16:10:11.889+0000] {logging_mixin.py:188} INFO - [2026-02-09T16:10:11.889+0000] {dag.py:3823} INFO - Setting next_dagrun for fork2_dag to 2026-02-09 16:10:00+00:00, run_after=2026-02-09 16:10:10+00:00
[2026-02-09T16:10:11.925+0000] {processor.py:183} INFO - Processing /opt/airflow/dags/setup_dag.py took 0.300 seconds
[2026-02-09T16:10:42.256+0000] {processor.py:161} INFO - Started process (PID=6704) to work on /opt/airflow/dags/setup_dag.py
[2026-02-09T16:10:42.257+0000] {processor.py:830} INFO - Processing file /opt/airflow/dags/setup_dag.py for tasks to queue
[2026-02-09T16:10:42.260+0000] {logging_mixin.py:188} INFO - [2026-02-09T16:10:42.259+0000] {dagbag.py:538} INFO - Filling up the DagBag from /opt/airflow/dags/setup_dag.py
[2026-02-09T16:10:42.269+0000] {processor.py:840} INFO - DAG(s) 'fork2_dag' retrieved from /opt/airflow/dags/setup_dag.py
[2026-02-09T16:10:42.302+0000] {logging_mixin.py:188} INFO - [2026-02-09T16:10:42.302+0000] {dag.py:3036} INFO - Sync 1 DAGs
[2026-02-09T16:10:42.337+0000] {logging_mixin.py:188} INFO - [2026-02-09T16:10:42.337+0000] {dag.py:3823} INFO - Setting next_dagrun for fork2_dag to 2026-02-09 16:10:30+00:00, run_after=2026-02-09 16:10:40+00:00
[2026-02-09T16:10:42.365+0000] {processor.py:183} INFO - Processing /opt/airflow/dags/setup_dag.py took 0.114 seconds
[2026-02-09T16:11:12.686+0000] {processor.py:161} INFO - Started process (PID=6778) to work on /opt/airflow/dags/setup_dag.py
[2026-02-09T16:11:12.687+0000] {processor.py:830} INFO - Processing file /opt/airflow/dags/setup_dag.py for tasks to queue
[2026-02-09T16:11:12.690+0000] {logging_mixin.py:188} INFO - [2026-02-09T16:11:12.690+0000] {dagbag.py:538} INFO - Filling up the DagBag from /opt/airflow/dags/setup_dag.py
[2026-02-09T16:11:12.701+0000] {processor.py:840} INFO - DAG(s) 'fork2_dag' retrieved from /opt/airflow/dags/setup_dag.py
[2026-02-09T16:11:12.906+0000] {logging_mixin.py:188} INFO - [2026-02-09T16:11:12.906+0000] {dag.py:3036} INFO - Sync 1 DAGs
[2026-02-09T16:11:12.945+0000] {logging_mixin.py:188} INFO - [2026-02-09T16:11:12.945+0000] {dag.py:3823} INFO - Setting next_dagrun for fork2_dag to 2026-02-09 16:11:00+00:00, run_after=2026-02-09 16:11:10+00:00
[2026-02-09T16:11:12.981+0000] {processor.py:183} INFO - Processing /opt/airflow/dags/setup_dag.py took 0.300 seconds
[2026-02-09T16:11:43.152+0000] {processor.py:161} INFO - Started process (PID=6854) to work on /opt/airflow/dags/setup_dag.py
[2026-02-09T16:11:43.153+0000] {processor.py:830} INFO - Processing file /opt/airflow/dags/setup_dag.py for tasks to queue
[2026-02-09T16:11:43.156+0000] {logging_mixin.py:188} INFO - [2026-02-09T16:11:43.155+0000] {dagbag.py:538} INFO - Filling up the DagBag from /opt/airflow/dags/setup_dag.py
[2026-02-09T16:11:43.164+0000] {processor.py:840} INFO - DAG(s) 'fork2_dag' retrieved from /opt/airflow/dags/setup_dag.py
[2026-02-09T16:11:43.197+0000] {logging_mixin.py:188} INFO - [2026-02-09T16:11:43.196+0000] {dag.py:3036} INFO - Sync 1 DAGs
[2026-02-09T16:11:43.250+0000] {logging_mixin.py:188} INFO - [2026-02-09T16:11:43.249+0000] {dag.py:3823} INFO - Setting next_dagrun for fork2_dag to 2026-02-09 16:11:30+00:00, run_after=2026-02-09 16:11:40+00:00
[2026-02-09T16:11:43.277+0000] {processor.py:183} INFO - Processing /opt/airflow/dags/setup_dag.py took 0.129 seconds
[2026-02-09T16:12:13.399+0000] {processor.py:161} INFO - Started process (PID=6933) to work on /opt/airflow/dags/setup_dag.py
[2026-02-09T16:12:13.401+0000] {processor.py:830} INFO - Processing file /opt/airflow/dags/setup_dag.py for tasks to queue
[2026-02-09T16:12:13.405+0000] {logging_mixin.py:188} INFO - [2026-02-09T16:12:13.404+0000] {dagbag.py:538} INFO - Filling up the DagBag from /opt/airflow/dags/setup_dag.py
[2026-02-09T16:12:13.413+0000] {processor.py:840} INFO - DAG(s) 'fork2_dag' retrieved from /opt/airflow/dags/setup_dag.py
[2026-02-09T16:12:13.609+0000] {logging_mixin.py:188} INFO - [2026-02-09T16:12:13.609+0000] {dag.py:3036} INFO - Sync 1 DAGs
[2026-02-09T16:12:13.650+0000] {logging_mixin.py:188} INFO - [2026-02-09T16:12:13.650+0000] {dag.py:3823} INFO - Setting next_dagrun for fork2_dag to 2026-02-09 16:12:00+00:00, run_after=2026-02-09 16:12:10+00:00
[2026-02-09T16:12:13.690+0000] {processor.py:183} INFO - Processing /opt/airflow/dags/setup_dag.py took 0.296 seconds
[2026-02-09T16:12:43.875+0000] {processor.py:161} INFO - Started process (PID=7010) to work on /opt/airflow/dags/setup_dag.py
[2026-02-09T16:12:43.876+0000] {processor.py:830} INFO - Processing file /opt/airflow/dags/setup_dag.py for tasks to queue
[2026-02-09T16:12:43.879+0000] {logging_mixin.py:188} INFO - [2026-02-09T16:12:43.879+0000] {dagbag.py:538} INFO - Filling up the DagBag from /opt/airflow/dags/setup_dag.py
[2026-02-09T16:12:43.891+0000] {processor.py:840} INFO - DAG(s) 'fork2_dag' retrieved from /opt/airflow/dags/setup_dag.py
[2026-02-09T16:12:43.911+0000] {logging_mixin.py:188} INFO - [2026-02-09T16:12:43.910+0000] {dag.py:3036} INFO - Sync 1 DAGs
[2026-02-09T16:12:43.964+0000] {logging_mixin.py:188} INFO - [2026-02-09T16:12:43.964+0000] {dag.py:3823} INFO - Setting next_dagrun for fork2_dag to 2026-02-09 16:12:30+00:00, run_after=2026-02-09 16:12:40+00:00
[2026-02-09T16:12:44.011+0000] {processor.py:183} INFO - Processing /opt/airflow/dags/setup_dag.py took 0.143 seconds
[2026-02-09T16:13:14.106+0000] {processor.py:161} INFO - Started process (PID=7083) to work on /opt/airflow/dags/setup_dag.py
[2026-02-09T16:13:14.108+0000] {processor.py:830} INFO - Processing file /opt/airflow/dags/setup_dag.py for tasks to queue
[2026-02-09T16:13:14.111+0000] {logging_mixin.py:188} INFO - [2026-02-09T16:13:14.111+0000] {dagbag.py:538} INFO - Filling up the DagBag from /opt/airflow/dags/setup_dag.py
[2026-02-09T16:13:14.121+0000] {processor.py:840} INFO - DAG(s) 'fork2_dag' retrieved from /opt/airflow/dags/setup_dag.py
[2026-02-09T16:13:14.314+0000] {logging_mixin.py:188} INFO - [2026-02-09T16:13:14.314+0000] {dag.py:3036} INFO - Sync 1 DAGs
[2026-02-09T16:13:14.355+0000] {logging_mixin.py:188} INFO - [2026-02-09T16:13:14.355+0000] {dag.py:3823} INFO - Setting next_dagrun for fork2_dag to 2026-02-09 16:13:00+00:00, run_after=2026-02-09 16:13:10+00:00
[2026-02-09T16:13:14.387+0000] {processor.py:183} INFO - Processing /opt/airflow/dags/setup_dag.py took 0.286 seconds
[2026-02-09T16:13:44.604+0000] {processor.py:161} INFO - Started process (PID=7158) to work on /opt/airflow/dags/setup_dag.py
[2026-02-09T16:13:44.605+0000] {processor.py:830} INFO - Processing file /opt/airflow/dags/setup_dag.py for tasks to queue
[2026-02-09T16:13:44.608+0000] {logging_mixin.py:188} INFO - [2026-02-09T16:13:44.608+0000] {dagbag.py:538} INFO - Filling up the DagBag from /opt/airflow/dags/setup_dag.py
[2026-02-09T16:13:44.619+0000] {processor.py:840} INFO - DAG(s) 'fork2_dag' retrieved from /opt/airflow/dags/setup_dag.py
[2026-02-09T16:13:44.652+0000] {logging_mixin.py:188} INFO - [2026-02-09T16:13:44.652+0000] {dag.py:3036} INFO - Sync 1 DAGs
[2026-02-09T16:13:44.689+0000] {logging_mixin.py:188} INFO - [2026-02-09T16:13:44.689+0000] {dag.py:3823} INFO - Setting next_dagrun for fork2_dag to 2026-02-09 16:13:30+00:00, run_after=2026-02-09 16:13:40+00:00
[2026-02-09T16:13:44.720+0000] {processor.py:183} INFO - Processing /opt/airflow/dags/setup_dag.py took 0.121 seconds
[2026-02-09T16:14:14.975+0000] {processor.py:161} INFO - Started process (PID=7232) to work on /opt/airflow/dags/setup_dag.py
[2026-02-09T16:14:14.977+0000] {processor.py:830} INFO - Processing file /opt/airflow/dags/setup_dag.py for tasks to queue
[2026-02-09T16:14:14.979+0000] {logging_mixin.py:188} INFO - [2026-02-09T16:14:14.979+0000] {dagbag.py:538} INFO - Filling up the DagBag from /opt/airflow/dags/setup_dag.py
[2026-02-09T16:14:14.989+0000] {processor.py:840} INFO - DAG(s) 'fork2_dag' retrieved from /opt/airflow/dags/setup_dag.py
[2026-02-09T16:14:15.175+0000] {logging_mixin.py:188} INFO - [2026-02-09T16:14:15.175+0000] {dag.py:3036} INFO - Sync 1 DAGs
[2026-02-09T16:14:15.210+0000] {logging_mixin.py:188} INFO - [2026-02-09T16:14:15.210+0000] {dag.py:3823} INFO - Setting next_dagrun for fork2_dag to 2026-02-09 16:14:00+00:00, run_after=2026-02-09 16:14:10+00:00
[2026-02-09T16:14:15.242+0000] {processor.py:183} INFO - Processing /opt/airflow/dags/setup_dag.py took 0.272 seconds
[2026-02-09T16:14:45.456+0000] {processor.py:161} INFO - Started process (PID=7308) to work on /opt/airflow/dags/setup_dag.py
[2026-02-09T16:14:45.457+0000] {processor.py:830} INFO - Processing file /opt/airflow/dags/setup_dag.py for tasks to queue
[2026-02-09T16:14:45.460+0000] {logging_mixin.py:188} INFO - [2026-02-09T16:14:45.459+0000] {dagbag.py:538} INFO - Filling up the DagBag from /opt/airflow/dags/setup_dag.py
[2026-02-09T16:14:45.469+0000] {processor.py:840} INFO - DAG(s) 'fork2_dag' retrieved from /opt/airflow/dags/setup_dag.py
[2026-02-09T16:14:45.488+0000] {logging_mixin.py:188} INFO - [2026-02-09T16:14:45.488+0000] {dag.py:3036} INFO - Sync 1 DAGs
[2026-02-09T16:14:45.531+0000] {logging_mixin.py:188} INFO - [2026-02-09T16:14:45.531+0000] {dag.py:3823} INFO - Setting next_dagrun for fork2_dag to 2026-02-09 16:14:30+00:00, run_after=2026-02-09 16:14:40+00:00
[2026-02-09T16:14:45.567+0000] {processor.py:183} INFO - Processing /opt/airflow/dags/setup_dag.py took 0.116 seconds
[2026-02-09T16:15:15.716+0000] {processor.py:161} INFO - Started process (PID=7380) to work on /opt/airflow/dags/setup_dag.py
[2026-02-09T16:15:15.725+0000] {processor.py:830} INFO - Processing file /opt/airflow/dags/setup_dag.py for tasks to queue
[2026-02-09T16:15:15.734+0000] {logging_mixin.py:188} INFO - [2026-02-09T16:15:15.734+0000] {dagbag.py:538} INFO - Filling up the DagBag from /opt/airflow/dags/setup_dag.py
[2026-02-09T16:15:15.743+0000] {processor.py:840} INFO - DAG(s) 'fork2_dag' retrieved from /opt/airflow/dags/setup_dag.py
[2026-02-09T16:15:15.912+0000] {logging_mixin.py:188} INFO - [2026-02-09T16:15:15.911+0000] {dag.py:3036} INFO - Sync 1 DAGs
[2026-02-09T16:15:15.944+0000] {logging_mixin.py:188} INFO - [2026-02-09T16:15:15.943+0000] {dag.py:3823} INFO - Setting next_dagrun for fork2_dag to 2026-02-09 16:15:00+00:00, run_after=2026-02-09 16:15:10+00:00
[2026-02-09T16:15:15.975+0000] {processor.py:183} INFO - Processing /opt/airflow/dags/setup_dag.py took 0.264 seconds
[2026-02-09T16:15:46.031+0000] {processor.py:161} INFO - Started process (PID=7454) to work on /opt/airflow/dags/setup_dag.py
[2026-02-09T16:15:46.033+0000] {processor.py:830} INFO - Processing file /opt/airflow/dags/setup_dag.py for tasks to queue
[2026-02-09T16:15:46.036+0000] {logging_mixin.py:188} INFO - [2026-02-09T16:15:46.035+0000] {dagbag.py:538} INFO - Filling up the DagBag from /opt/airflow/dags/setup_dag.py
[2026-02-09T16:15:46.044+0000] {processor.py:840} INFO - DAG(s) 'fork2_dag' retrieved from /opt/airflow/dags/setup_dag.py
[2026-02-09T16:15:46.081+0000] {logging_mixin.py:188} INFO - [2026-02-09T16:15:46.080+0000] {dag.py:3036} INFO - Sync 1 DAGs
[2026-02-09T16:15:46.123+0000] {logging_mixin.py:188} INFO - [2026-02-09T16:15:46.122+0000] {dag.py:3823} INFO - Setting next_dagrun for fork2_dag to 2026-02-09 16:15:30+00:00, run_after=2026-02-09 16:15:40+00:00
[2026-02-09T16:15:46.157+0000] {processor.py:183} INFO - Processing /opt/airflow/dags/setup_dag.py took 0.132 seconds
[2026-02-09T16:16:16.246+0000] {processor.py:161} INFO - Started process (PID=7528) to work on /opt/airflow/dags/setup_dag.py
[2026-02-09T16:16:16.248+0000] {processor.py:830} INFO - Processing file /opt/airflow/dags/setup_dag.py for tasks to queue
[2026-02-09T16:16:16.250+0000] {logging_mixin.py:188} INFO - [2026-02-09T16:16:16.250+0000] {dagbag.py:538} INFO - Filling up the DagBag from /opt/airflow/dags/setup_dag.py
[2026-02-09T16:16:16.261+0000] {processor.py:840} INFO - DAG(s) 'fork2_dag' retrieved from /opt/airflow/dags/setup_dag.py
[2026-02-09T16:16:16.439+0000] {logging_mixin.py:188} INFO - [2026-02-09T16:16:16.439+0000] {dag.py:3036} INFO - Sync 1 DAGs
[2026-02-09T16:16:16.471+0000] {logging_mixin.py:188} INFO - [2026-02-09T16:16:16.471+0000] {dag.py:3823} INFO - Setting next_dagrun for fork2_dag to 2026-02-09 16:16:00+00:00, run_after=2026-02-09 16:16:10+00:00
[2026-02-09T16:16:16.500+0000] {processor.py:183} INFO - Processing /opt/airflow/dags/setup_dag.py took 0.259 seconds
[2026-02-09T16:16:46.589+0000] {processor.py:161} INFO - Started process (PID=7601) to work on /opt/airflow/dags/setup_dag.py
[2026-02-09T16:16:46.592+0000] {processor.py:830} INFO - Processing file /opt/airflow/dags/setup_dag.py for tasks to queue
[2026-02-09T16:16:46.596+0000] {logging_mixin.py:188} INFO - [2026-02-09T16:16:46.595+0000] {dagbag.py:538} INFO - Filling up the DagBag from /opt/airflow/dags/setup_dag.py
[2026-02-09T16:16:46.606+0000] {processor.py:840} INFO - DAG(s) 'fork2_dag' retrieved from /opt/airflow/dags/setup_dag.py
[2026-02-09T16:16:46.645+0000] {logging_mixin.py:188} INFO - [2026-02-09T16:16:46.644+0000] {dag.py:3036} INFO - Sync 1 DAGs
[2026-02-09T16:16:46.695+0000] {logging_mixin.py:188} INFO - [2026-02-09T16:16:46.695+0000] {dag.py:3823} INFO - Setting next_dagrun for fork2_dag to 2026-02-09 16:16:30+00:00, run_after=2026-02-09 16:16:40+00:00
[2026-02-09T16:16:46.732+0000] {processor.py:183} INFO - Processing /opt/airflow/dags/setup_dag.py took 0.149 seconds
[2026-02-09T16:17:17.163+0000] {processor.py:161} INFO - Started process (PID=7682) to work on /opt/airflow/dags/setup_dag.py
[2026-02-09T16:17:17.166+0000] {processor.py:830} INFO - Processing file /opt/airflow/dags/setup_dag.py for tasks to queue
[2026-02-09T16:17:17.170+0000] {logging_mixin.py:188} INFO - [2026-02-09T16:17:17.169+0000] {dagbag.py:538} INFO - Filling up the DagBag from /opt/airflow/dags/setup_dag.py
[2026-02-09T16:17:17.183+0000] {processor.py:840} INFO - DAG(s) 'fork2_dag' retrieved from /opt/airflow/dags/setup_dag.py
[2026-02-09T16:17:17.408+0000] {logging_mixin.py:188} INFO - [2026-02-09T16:17:17.407+0000] {dag.py:3036} INFO - Sync 1 DAGs
[2026-02-09T16:17:17.452+0000] {logging_mixin.py:188} INFO - [2026-02-09T16:17:17.451+0000] {dag.py:3823} INFO - Setting next_dagrun for fork2_dag to 2026-02-09 16:17:00+00:00, run_after=2026-02-09 16:17:10+00:00
[2026-02-09T16:17:17.489+0000] {processor.py:183} INFO - Processing /opt/airflow/dags/setup_dag.py took 0.331 seconds
[2026-02-09T16:17:47.662+0000] {processor.py:161} INFO - Started process (PID=7756) to work on /opt/airflow/dags/setup_dag.py
[2026-02-09T16:17:47.664+0000] {processor.py:830} INFO - Processing file /opt/airflow/dags/setup_dag.py for tasks to queue
[2026-02-09T16:17:47.668+0000] {logging_mixin.py:188} INFO - [2026-02-09T16:17:47.667+0000] {dagbag.py:538} INFO - Filling up the DagBag from /opt/airflow/dags/setup_dag.py
[2026-02-09T16:17:47.677+0000] {processor.py:840} INFO - DAG(s) 'fork2_dag' retrieved from /opt/airflow/dags/setup_dag.py
[2026-02-09T16:17:47.709+0000] {logging_mixin.py:188} INFO - [2026-02-09T16:17:47.709+0000] {dag.py:3036} INFO - Sync 1 DAGs
[2026-02-09T16:17:47.748+0000] {logging_mixin.py:188} INFO - [2026-02-09T16:17:47.748+0000] {dag.py:3823} INFO - Setting next_dagrun for fork2_dag to 2026-02-09 16:17:30+00:00, run_after=2026-02-09 16:17:40+00:00
[2026-02-09T16:17:47.785+0000] {processor.py:183} INFO - Processing /opt/airflow/dags/setup_dag.py took 0.128 seconds
[2026-02-09T16:18:18.003+0000] {processor.py:161} INFO - Started process (PID=7830) to work on /opt/airflow/dags/setup_dag.py
[2026-02-09T16:18:18.005+0000] {processor.py:830} INFO - Processing file /opt/airflow/dags/setup_dag.py for tasks to queue
[2026-02-09T16:18:18.008+0000] {logging_mixin.py:188} INFO - [2026-02-09T16:18:18.008+0000] {dagbag.py:538} INFO - Filling up the DagBag from /opt/airflow/dags/setup_dag.py
[2026-02-09T16:18:18.018+0000] {processor.py:840} INFO - DAG(s) 'fork2_dag' retrieved from /opt/airflow/dags/setup_dag.py
[2026-02-09T16:18:18.194+0000] {logging_mixin.py:188} INFO - [2026-02-09T16:18:18.193+0000] {dag.py:3036} INFO - Sync 1 DAGs
[2026-02-09T16:18:18.234+0000] {logging_mixin.py:188} INFO - [2026-02-09T16:18:18.233+0000] {dag.py:3823} INFO - Setting next_dagrun for fork2_dag to 2026-02-09 16:18:00+00:00, run_after=2026-02-09 16:18:10+00:00
[2026-02-09T16:18:18.267+0000] {processor.py:183} INFO - Processing /opt/airflow/dags/setup_dag.py took 0.269 seconds
[2026-02-09T16:18:48.382+0000] {processor.py:161} INFO - Started process (PID=7904) to work on /opt/airflow/dags/setup_dag.py
[2026-02-09T16:18:48.383+0000] {processor.py:830} INFO - Processing file /opt/airflow/dags/setup_dag.py for tasks to queue
[2026-02-09T16:18:48.387+0000] {logging_mixin.py:188} INFO - [2026-02-09T16:18:48.386+0000] {dagbag.py:538} INFO - Filling up the DagBag from /opt/airflow/dags/setup_dag.py
[2026-02-09T16:18:48.397+0000] {processor.py:840} INFO - DAG(s) 'fork2_dag' retrieved from /opt/airflow/dags/setup_dag.py
[2026-02-09T16:18:48.433+0000] {logging_mixin.py:188} INFO - [2026-02-09T16:18:48.433+0000] {dag.py:3036} INFO - Sync 1 DAGs
[2026-02-09T16:18:48.478+0000] {logging_mixin.py:188} INFO - [2026-02-09T16:18:48.477+0000] {dag.py:3823} INFO - Setting next_dagrun for fork2_dag to 2026-02-09 16:18:30+00:00, run_after=2026-02-09 16:18:40+00:00
[2026-02-09T16:18:48.516+0000] {processor.py:183} INFO - Processing /opt/airflow/dags/setup_dag.py took 0.140 seconds
[2026-02-09T16:19:18.984+0000] {processor.py:161} INFO - Started process (PID=7979) to work on /opt/airflow/dags/setup_dag.py
[2026-02-09T16:19:18.986+0000] {processor.py:830} INFO - Processing file /opt/airflow/dags/setup_dag.py for tasks to queue
[2026-02-09T16:19:18.991+0000] {logging_mixin.py:188} INFO - [2026-02-09T16:19:18.990+0000] {dagbag.py:538} INFO - Filling up the DagBag from /opt/airflow/dags/setup_dag.py
[2026-02-09T16:19:19.001+0000] {processor.py:840} INFO - DAG(s) 'fork2_dag' retrieved from /opt/airflow/dags/setup_dag.py
[2026-02-09T16:19:19.200+0000] {logging_mixin.py:188} INFO - [2026-02-09T16:19:19.199+0000] {dag.py:3036} INFO - Sync 1 DAGs
[2026-02-09T16:19:19.239+0000] {logging_mixin.py:188} INFO - [2026-02-09T16:19:19.238+0000] {dag.py:3823} INFO - Setting next_dagrun for fork2_dag to 2026-02-09 16:19:00+00:00, run_after=2026-02-09 16:19:10+00:00
[2026-02-09T16:19:19.277+0000] {processor.py:183} INFO - Processing /opt/airflow/dags/setup_dag.py took 0.297 seconds
[2026-02-09T16:19:49.515+0000] {processor.py:161} INFO - Started process (PID=8053) to work on /opt/airflow/dags/setup_dag.py
[2026-02-09T16:19:49.516+0000] {processor.py:830} INFO - Processing file /opt/airflow/dags/setup_dag.py for tasks to queue
[2026-02-09T16:19:49.520+0000] {logging_mixin.py:188} INFO - [2026-02-09T16:19:49.519+0000] {dagbag.py:538} INFO - Filling up the DagBag from /opt/airflow/dags/setup_dag.py
[2026-02-09T16:19:49.528+0000] {processor.py:840} INFO - DAG(s) 'fork2_dag' retrieved from /opt/airflow/dags/setup_dag.py
[2026-02-09T16:19:49.548+0000] {logging_mixin.py:188} INFO - [2026-02-09T16:19:49.547+0000] {dag.py:3036} INFO - Sync 1 DAGs
[2026-02-09T16:19:49.587+0000] {logging_mixin.py:188} INFO - [2026-02-09T16:19:49.586+0000] {dag.py:3823} INFO - Setting next_dagrun for fork2_dag to 2026-02-09 16:19:30+00:00, run_after=2026-02-09 16:19:40+00:00
[2026-02-09T16:19:49.619+0000] {processor.py:183} INFO - Processing /opt/airflow/dags/setup_dag.py took 0.109 seconds
[2026-02-09T16:20:19.972+0000] {processor.py:161} INFO - Started process (PID=8126) to work on /opt/airflow/dags/setup_dag.py
[2026-02-09T16:20:19.974+0000] {processor.py:830} INFO - Processing file /opt/airflow/dags/setup_dag.py for tasks to queue
[2026-02-09T16:20:19.978+0000] {logging_mixin.py:188} INFO - [2026-02-09T16:20:19.977+0000] {dagbag.py:538} INFO - Filling up the DagBag from /opt/airflow/dags/setup_dag.py
[2026-02-09T16:20:19.988+0000] {processor.py:840} INFO - DAG(s) 'fork2_dag' retrieved from /opt/airflow/dags/setup_dag.py
[2026-02-09T16:20:20.202+0000] {logging_mixin.py:188} INFO - [2026-02-09T16:20:20.201+0000] {dag.py:3036} INFO - Sync 1 DAGs
[2026-02-09T16:20:20.243+0000] {logging_mixin.py:188} INFO - [2026-02-09T16:20:20.243+0000] {dag.py:3823} INFO - Setting next_dagrun for fork2_dag to 2026-02-09 16:20:10+00:00, run_after=2026-02-09 16:20:20+00:00
[2026-02-09T16:20:20.282+0000] {processor.py:183} INFO - Processing /opt/airflow/dags/setup_dag.py took 0.315 seconds
[2026-02-09T16:20:50.369+0000] {processor.py:161} INFO - Started process (PID=8200) to work on /opt/airflow/dags/setup_dag.py
[2026-02-09T16:20:50.370+0000] {processor.py:830} INFO - Processing file /opt/airflow/dags/setup_dag.py for tasks to queue
[2026-02-09T16:20:50.375+0000] {logging_mixin.py:188} INFO - [2026-02-09T16:20:50.374+0000] {dagbag.py:538} INFO - Filling up the DagBag from /opt/airflow/dags/setup_dag.py
[2026-02-09T16:20:50.385+0000] {processor.py:840} INFO - DAG(s) 'fork2_dag' retrieved from /opt/airflow/dags/setup_dag.py
[2026-02-09T16:20:50.420+0000] {logging_mixin.py:188} INFO - [2026-02-09T16:20:50.420+0000] {dag.py:3036} INFO - Sync 1 DAGs
[2026-02-09T16:20:50.468+0000] {logging_mixin.py:188} INFO - [2026-02-09T16:20:50.468+0000] {dag.py:3823} INFO - Setting next_dagrun for fork2_dag to 2026-02-09 16:20:40+00:00, run_after=2026-02-09 16:20:50+00:00
[2026-02-09T16:20:50.508+0000] {processor.py:183} INFO - Processing /opt/airflow/dags/setup_dag.py took 0.145 seconds
[2026-02-09T16:21:20.689+0000] {processor.py:161} INFO - Started process (PID=8273) to work on /opt/airflow/dags/setup_dag.py
[2026-02-09T16:21:20.692+0000] {processor.py:830} INFO - Processing file /opt/airflow/dags/setup_dag.py for tasks to queue
[2026-02-09T16:21:20.696+0000] {logging_mixin.py:188} INFO - [2026-02-09T16:21:20.695+0000] {dagbag.py:538} INFO - Filling up the DagBag from /opt/airflow/dags/setup_dag.py
[2026-02-09T16:21:20.704+0000] {processor.py:840} INFO - DAG(s) 'fork2_dag' retrieved from /opt/airflow/dags/setup_dag.py
[2026-02-09T16:21:20.892+0000] {logging_mixin.py:188} INFO - [2026-02-09T16:21:20.892+0000] {dag.py:3036} INFO - Sync 1 DAGs
[2026-02-09T16:21:20.941+0000] {logging_mixin.py:188} INFO - [2026-02-09T16:21:20.940+0000] {dag.py:3823} INFO - Setting next_dagrun for fork2_dag to 2026-02-09 16:21:10+00:00, run_after=2026-02-09 16:21:20+00:00
[2026-02-09T16:21:20.981+0000] {processor.py:183} INFO - Processing /opt/airflow/dags/setup_dag.py took 0.298 seconds
[2026-02-09T16:21:51.036+0000] {processor.py:161} INFO - Started process (PID=8355) to work on /opt/airflow/dags/setup_dag.py
[2026-02-09T16:21:51.037+0000] {processor.py:830} INFO - Processing file /opt/airflow/dags/setup_dag.py for tasks to queue
[2026-02-09T16:21:51.041+0000] {logging_mixin.py:188} INFO - [2026-02-09T16:21:51.040+0000] {dagbag.py:538} INFO - Filling up the DagBag from /opt/airflow/dags/setup_dag.py
[2026-02-09T16:21:51.055+0000] {processor.py:840} INFO - DAG(s) 'fork2_dag' retrieved from /opt/airflow/dags/setup_dag.py
[2026-02-09T16:21:51.102+0000] {logging_mixin.py:188} INFO - [2026-02-09T16:21:51.101+0000] {dag.py:3036} INFO - Sync 1 DAGs
[2026-02-09T16:21:51.151+0000] {logging_mixin.py:188} INFO - [2026-02-09T16:21:51.150+0000] {dag.py:3823} INFO - Setting next_dagrun for fork2_dag to 2026-02-09 16:21:40+00:00, run_after=2026-02-09 16:21:50+00:00
[2026-02-09T16:21:51.184+0000] {processor.py:183} INFO - Processing /opt/airflow/dags/setup_dag.py took 0.154 seconds
[2026-02-09T16:22:21.321+0000] {processor.py:161} INFO - Started process (PID=8429) to work on /opt/airflow/dags/setup_dag.py
[2026-02-09T16:22:21.323+0000] {processor.py:830} INFO - Processing file /opt/airflow/dags/setup_dag.py for tasks to queue
[2026-02-09T16:22:21.327+0000] {logging_mixin.py:188} INFO - [2026-02-09T16:22:21.327+0000] {dagbag.py:538} INFO - Filling up the DagBag from /opt/airflow/dags/setup_dag.py
[2026-02-09T16:22:21.338+0000] {processor.py:840} INFO - DAG(s) 'fork2_dag' retrieved from /opt/airflow/dags/setup_dag.py
[2026-02-09T16:22:21.538+0000] {logging_mixin.py:188} INFO - [2026-02-09T16:22:21.538+0000] {dag.py:3036} INFO - Sync 1 DAGs
[2026-02-09T16:22:21.580+0000] {logging_mixin.py:188} INFO - [2026-02-09T16:22:21.580+0000] {dag.py:3823} INFO - Setting next_dagrun for fork2_dag to 2026-02-09 16:22:10+00:00, run_after=2026-02-09 16:22:20+00:00
[2026-02-09T16:22:21.618+0000] {processor.py:183} INFO - Processing /opt/airflow/dags/setup_dag.py took 0.303 seconds
[2026-02-09T16:22:51.950+0000] {processor.py:161} INFO - Started process (PID=8503) to work on /opt/airflow/dags/setup_dag.py
[2026-02-09T16:22:51.951+0000] {processor.py:830} INFO - Processing file /opt/airflow/dags/setup_dag.py for tasks to queue
[2026-02-09T16:22:51.955+0000] {logging_mixin.py:188} INFO - [2026-02-09T16:22:51.954+0000] {dagbag.py:538} INFO - Filling up the DagBag from /opt/airflow/dags/setup_dag.py
[2026-02-09T16:22:51.964+0000] {processor.py:840} INFO - DAG(s) 'fork2_dag' retrieved from /opt/airflow/dags/setup_dag.py
[2026-02-09T16:22:51.998+0000] {logging_mixin.py:188} INFO - [2026-02-09T16:22:51.997+0000] {dag.py:3036} INFO - Sync 1 DAGs
[2026-02-09T16:22:52.033+0000] {logging_mixin.py:188} INFO - [2026-02-09T16:22:52.033+0000] {dag.py:3823} INFO - Setting next_dagrun for fork2_dag to 2026-02-09 16:22:40+00:00, run_after=2026-02-09 16:22:50+00:00
[2026-02-09T16:22:52.062+0000] {processor.py:183} INFO - Processing /opt/airflow/dags/setup_dag.py took 0.117 seconds
[2026-02-09T16:23:22.449+0000] {processor.py:161} INFO - Started process (PID=8578) to work on /opt/airflow/dags/setup_dag.py
[2026-02-09T16:23:22.450+0000] {processor.py:830} INFO - Processing file /opt/airflow/dags/setup_dag.py for tasks to queue
[2026-02-09T16:23:22.454+0000] {logging_mixin.py:188} INFO - [2026-02-09T16:23:22.454+0000] {dagbag.py:538} INFO - Filling up the DagBag from /opt/airflow/dags/setup_dag.py
[2026-02-09T16:23:22.464+0000] {processor.py:840} INFO - DAG(s) 'fork2_dag' retrieved from /opt/airflow/dags/setup_dag.py
[2026-02-09T16:23:22.685+0000] {logging_mixin.py:188} INFO - [2026-02-09T16:23:22.684+0000] {dag.py:3036} INFO - Sync 1 DAGs
[2026-02-09T16:23:22.727+0000] {logging_mixin.py:188} INFO - [2026-02-09T16:23:22.727+0000] {dag.py:3823} INFO - Setting next_dagrun for fork2_dag to 2026-02-09 16:23:10+00:00, run_after=2026-02-09 16:23:20+00:00
[2026-02-09T16:23:22.767+0000] {processor.py:183} INFO - Processing /opt/airflow/dags/setup_dag.py took 0.323 seconds
[2026-02-09T16:23:53.192+0000] {processor.py:161} INFO - Started process (PID=8652) to work on /opt/airflow/dags/setup_dag.py
[2026-02-09T16:23:53.193+0000] {processor.py:830} INFO - Processing file /opt/airflow/dags/setup_dag.py for tasks to queue
[2026-02-09T16:23:53.197+0000] {logging_mixin.py:188} INFO - [2026-02-09T16:23:53.197+0000] {dagbag.py:538} INFO - Filling up the DagBag from /opt/airflow/dags/setup_dag.py
[2026-02-09T16:23:53.207+0000] {processor.py:840} INFO - DAG(s) 'fork2_dag' retrieved from /opt/airflow/dags/setup_dag.py
[2026-02-09T16:23:53.272+0000] {logging_mixin.py:188} INFO - [2026-02-09T16:23:53.269+0000] {dag.py:3036} INFO - Sync 1 DAGs
[2026-02-09T16:23:53.319+0000] {logging_mixin.py:188} INFO - [2026-02-09T16:23:53.319+0000] {dag.py:3823} INFO - Setting next_dagrun for fork2_dag to 2026-02-09 16:23:40+00:00, run_after=2026-02-09 16:23:50+00:00
[2026-02-09T16:23:53.379+0000] {processor.py:183} INFO - Processing /opt/airflow/dags/setup_dag.py took 0.192 seconds
[2026-02-09T16:24:23.790+0000] {processor.py:161} INFO - Started process (PID=8725) to work on /opt/airflow/dags/setup_dag.py
[2026-02-09T16:24:23.792+0000] {processor.py:830} INFO - Processing file /opt/airflow/dags/setup_dag.py for tasks to queue
[2026-02-09T16:24:23.796+0000] {logging_mixin.py:188} INFO - [2026-02-09T16:24:23.795+0000] {dagbag.py:538} INFO - Filling up the DagBag from /opt/airflow/dags/setup_dag.py
[2026-02-09T16:24:23.805+0000] {processor.py:840} INFO - DAG(s) 'fork2_dag' retrieved from /opt/airflow/dags/setup_dag.py
[2026-02-09T16:24:23.999+0000] {logging_mixin.py:188} INFO - [2026-02-09T16:24:23.999+0000] {dag.py:3036} INFO - Sync 1 DAGs
[2026-02-09T16:24:24.038+0000] {logging_mixin.py:188} INFO - [2026-02-09T16:24:24.037+0000] {dag.py:3823} INFO - Setting next_dagrun for fork2_dag to 2026-02-09 16:24:10+00:00, run_after=2026-02-09 16:24:20+00:00
[2026-02-09T16:24:24.073+0000] {processor.py:183} INFO - Processing /opt/airflow/dags/setup_dag.py took 0.288 seconds
[2026-02-09T16:24:54.179+0000] {processor.py:161} INFO - Started process (PID=8802) to work on /opt/airflow/dags/setup_dag.py
[2026-02-09T16:24:54.181+0000] {processor.py:830} INFO - Processing file /opt/airflow/dags/setup_dag.py for tasks to queue
[2026-02-09T16:24:54.184+0000] {logging_mixin.py:188} INFO - [2026-02-09T16:24:54.184+0000] {dagbag.py:538} INFO - Filling up the DagBag from /opt/airflow/dags/setup_dag.py
[2026-02-09T16:24:54.193+0000] {processor.py:840} INFO - DAG(s) 'fork2_dag' retrieved from /opt/airflow/dags/setup_dag.py
[2026-02-09T16:24:54.229+0000] {logging_mixin.py:188} INFO - [2026-02-09T16:24:54.228+0000] {dag.py:3036} INFO - Sync 1 DAGs
[2026-02-09T16:24:54.268+0000] {logging_mixin.py:188} INFO - [2026-02-09T16:24:54.267+0000] {dag.py:3823} INFO - Setting next_dagrun for fork2_dag to 2026-02-09 16:24:40+00:00, run_after=2026-02-09 16:24:50+00:00
[2026-02-09T16:24:54.298+0000] {processor.py:183} INFO - Processing /opt/airflow/dags/setup_dag.py took 0.124 seconds
[2026-02-09T16:25:24.724+0000] {processor.py:161} INFO - Started process (PID=8875) to work on /opt/airflow/dags/setup_dag.py
[2026-02-09T16:25:24.725+0000] {processor.py:830} INFO - Processing file /opt/airflow/dags/setup_dag.py for tasks to queue
[2026-02-09T16:25:24.729+0000] {logging_mixin.py:188} INFO - [2026-02-09T16:25:24.729+0000] {dagbag.py:538} INFO - Filling up the DagBag from /opt/airflow/dags/setup_dag.py
[2026-02-09T16:25:24.739+0000] {processor.py:840} INFO - DAG(s) 'fork2_dag' retrieved from /opt/airflow/dags/setup_dag.py
[2026-02-09T16:25:24.905+0000] {logging_mixin.py:188} INFO - [2026-02-09T16:25:24.904+0000] {dag.py:3036} INFO - Sync 1 DAGs
[2026-02-09T16:25:24.938+0000] {logging_mixin.py:188} INFO - [2026-02-09T16:25:24.938+0000] {dag.py:3823} INFO - Setting next_dagrun for fork2_dag to 2026-02-09 16:25:10+00:00, run_after=2026-02-09 16:25:20+00:00
[2026-02-09T16:25:24.972+0000] {processor.py:183} INFO - Processing /opt/airflow/dags/setup_dag.py took 0.253 seconds
[2026-02-09T16:25:55.537+0000] {processor.py:161} INFO - Started process (PID=8954) to work on /opt/airflow/dags/setup_dag.py
[2026-02-09T16:25:55.539+0000] {processor.py:830} INFO - Processing file /opt/airflow/dags/setup_dag.py for tasks to queue
[2026-02-09T16:25:55.543+0000] {logging_mixin.py:188} INFO - [2026-02-09T16:25:55.543+0000] {dagbag.py:538} INFO - Filling up the DagBag from /opt/airflow/dags/setup_dag.py
[2026-02-09T16:25:55.553+0000] {processor.py:840} INFO - DAG(s) 'fork2_dag' retrieved from /opt/airflow/dags/setup_dag.py
[2026-02-09T16:25:55.586+0000] {logging_mixin.py:188} INFO - [2026-02-09T16:25:55.586+0000] {dag.py:3036} INFO - Sync 1 DAGs
[2026-02-09T16:25:55.624+0000] {logging_mixin.py:188} INFO - [2026-02-09T16:25:55.623+0000] {dag.py:3823} INFO - Setting next_dagrun for fork2_dag to 2026-02-09 16:25:40+00:00, run_after=2026-02-09 16:25:50+00:00
[2026-02-09T16:25:55.655+0000] {processor.py:183} INFO - Processing /opt/airflow/dags/setup_dag.py took 0.123 seconds
[2026-02-09T16:26:25.961+0000] {processor.py:161} INFO - Started process (PID=9029) to work on /opt/airflow/dags/setup_dag.py
[2026-02-09T16:26:25.964+0000] {processor.py:830} INFO - Processing file /opt/airflow/dags/setup_dag.py for tasks to queue
[2026-02-09T16:26:25.968+0000] {logging_mixin.py:188} INFO - [2026-02-09T16:26:25.968+0000] {dagbag.py:538} INFO - Filling up the DagBag from /opt/airflow/dags/setup_dag.py
[2026-02-09T16:26:25.982+0000] {processor.py:840} INFO - DAG(s) 'fork2_dag' retrieved from /opt/airflow/dags/setup_dag.py
[2026-02-09T16:26:26.201+0000] {logging_mixin.py:188} INFO - [2026-02-09T16:26:26.200+0000] {dag.py:3036} INFO - Sync 1 DAGs
[2026-02-09T16:26:26.246+0000] {logging_mixin.py:188} INFO - [2026-02-09T16:26:26.246+0000] {dag.py:3823} INFO - Setting next_dagrun for fork2_dag to 2026-02-09 16:26:10+00:00, run_after=2026-02-09 16:26:20+00:00
[2026-02-09T16:26:26.290+0000] {processor.py:183} INFO - Processing /opt/airflow/dags/setup_dag.py took 0.335 seconds
[2026-02-09T16:26:56.485+0000] {processor.py:161} INFO - Started process (PID=9103) to work on /opt/airflow/dags/setup_dag.py
[2026-02-09T16:26:56.487+0000] {processor.py:830} INFO - Processing file /opt/airflow/dags/setup_dag.py for tasks to queue
[2026-02-09T16:26:56.493+0000] {logging_mixin.py:188} INFO - [2026-02-09T16:26:56.492+0000] {dagbag.py:538} INFO - Filling up the DagBag from /opt/airflow/dags/setup_dag.py
[2026-02-09T16:26:56.504+0000] {processor.py:840} INFO - DAG(s) 'fork2_dag' retrieved from /opt/airflow/dags/setup_dag.py
[2026-02-09T16:26:56.543+0000] {logging_mixin.py:188} INFO - [2026-02-09T16:26:56.542+0000] {dag.py:3036} INFO - Sync 1 DAGs
[2026-02-09T16:26:56.589+0000] {logging_mixin.py:188} INFO - [2026-02-09T16:26:56.588+0000] {dag.py:3823} INFO - Setting next_dagrun for fork2_dag to 2026-02-09 16:26:40+00:00, run_after=2026-02-09 16:26:50+00:00
[2026-02-09T16:26:56.625+0000] {processor.py:183} INFO - Processing /opt/airflow/dags/setup_dag.py took 0.155 seconds
[2026-02-09T16:27:26.951+0000] {processor.py:161} INFO - Started process (PID=9177) to work on /opt/airflow/dags/setup_dag.py
[2026-02-09T16:27:26.953+0000] {processor.py:830} INFO - Processing file /opt/airflow/dags/setup_dag.py for tasks to queue
[2026-02-09T16:27:26.956+0000] {logging_mixin.py:188} INFO - [2026-02-09T16:27:26.956+0000] {dagbag.py:538} INFO - Filling up the DagBag from /opt/airflow/dags/setup_dag.py
[2026-02-09T16:27:26.965+0000] {processor.py:840} INFO - DAG(s) 'fork2_dag' retrieved from /opt/airflow/dags/setup_dag.py
[2026-02-09T16:27:27.126+0000] {logging_mixin.py:188} INFO - [2026-02-09T16:27:27.126+0000] {dag.py:3036} INFO - Sync 1 DAGs
[2026-02-09T16:27:27.163+0000] {logging_mixin.py:188} INFO - [2026-02-09T16:27:27.163+0000] {dag.py:3823} INFO - Setting next_dagrun for fork2_dag to 2026-02-09 16:27:10+00:00, run_after=2026-02-09 16:27:20+00:00
[2026-02-09T16:27:27.196+0000] {processor.py:183} INFO - Processing /opt/airflow/dags/setup_dag.py took 0.250 seconds
[2026-02-09T16:27:57.661+0000] {processor.py:161} INFO - Started process (PID=9251) to work on /opt/airflow/dags/setup_dag.py
[2026-02-09T16:27:57.663+0000] {processor.py:830} INFO - Processing file /opt/airflow/dags/setup_dag.py for tasks to queue
[2026-02-09T16:27:57.667+0000] {logging_mixin.py:188} INFO - [2026-02-09T16:27:57.666+0000] {dagbag.py:538} INFO - Filling up the DagBag from /opt/airflow/dags/setup_dag.py
[2026-02-09T16:27:57.681+0000] {processor.py:840} INFO - DAG(s) 'fork2_dag' retrieved from /opt/airflow/dags/setup_dag.py
[2026-02-09T16:27:57.722+0000] {logging_mixin.py:188} INFO - [2026-02-09T16:27:57.722+0000] {dag.py:3036} INFO - Sync 1 DAGs
[2026-02-09T16:27:57.760+0000] {logging_mixin.py:188} INFO - [2026-02-09T16:27:57.759+0000] {dag.py:3823} INFO - Setting next_dagrun for fork2_dag to 2026-02-09 16:27:40+00:00, run_after=2026-02-09 16:27:50+00:00
[2026-02-09T16:27:57.795+0000] {processor.py:183} INFO - Processing /opt/airflow/dags/setup_dag.py took 0.139 seconds
[2026-02-09T16:28:28.249+0000] {processor.py:161} INFO - Started process (PID=9325) to work on /opt/airflow/dags/setup_dag.py
[2026-02-09T16:28:28.251+0000] {processor.py:830} INFO - Processing file /opt/airflow/dags/setup_dag.py for tasks to queue
[2026-02-09T16:28:28.256+0000] {logging_mixin.py:188} INFO - [2026-02-09T16:28:28.255+0000] {dagbag.py:538} INFO - Filling up the DagBag from /opt/airflow/dags/setup_dag.py
[2026-02-09T16:28:28.265+0000] {processor.py:840} INFO - DAG(s) 'fork2_dag' retrieved from /opt/airflow/dags/setup_dag.py
[2026-02-09T16:28:28.490+0000] {logging_mixin.py:188} INFO - [2026-02-09T16:28:28.490+0000] {dag.py:3036} INFO - Sync 1 DAGs
[2026-02-09T16:28:28.530+0000] {logging_mixin.py:188} INFO - [2026-02-09T16:28:28.530+0000] {dag.py:3823} INFO - Setting next_dagrun for fork2_dag to 2026-02-09 16:28:10+00:00, run_after=2026-02-09 16:28:20+00:00
[2026-02-09T16:28:28.577+0000] {processor.py:183} INFO - Processing /opt/airflow/dags/setup_dag.py took 0.340 seconds
[2026-02-09T16:28:58.769+0000] {processor.py:161} INFO - Started process (PID=9399) to work on /opt/airflow/dags/setup_dag.py
[2026-02-09T16:28:58.772+0000] {processor.py:830} INFO - Processing file /opt/airflow/dags/setup_dag.py for tasks to queue
[2026-02-09T16:28:58.775+0000] {logging_mixin.py:188} INFO - [2026-02-09T16:28:58.775+0000] {dagbag.py:538} INFO - Filling up the DagBag from /opt/airflow/dags/setup_dag.py
[2026-02-09T16:28:58.784+0000] {processor.py:840} INFO - DAG(s) 'fork2_dag' retrieved from /opt/airflow/dags/setup_dag.py
[2026-02-09T16:28:58.816+0000] {logging_mixin.py:188} INFO - [2026-02-09T16:28:58.816+0000] {dag.py:3036} INFO - Sync 1 DAGs
[2026-02-09T16:28:58.853+0000] {logging_mixin.py:188} INFO - [2026-02-09T16:28:58.853+0000] {dag.py:3823} INFO - Setting next_dagrun for fork2_dag to 2026-02-09 16:28:40+00:00, run_after=2026-02-09 16:28:50+00:00
[2026-02-09T16:28:58.885+0000] {processor.py:183} INFO - Processing /opt/airflow/dags/setup_dag.py took 0.121 seconds
[2026-02-09T16:29:29.448+0000] {processor.py:161} INFO - Started process (PID=9473) to work on /opt/airflow/dags/setup_dag.py
[2026-02-09T16:29:29.449+0000] {processor.py:830} INFO - Processing file /opt/airflow/dags/setup_dag.py for tasks to queue
[2026-02-09T16:29:29.453+0000] {logging_mixin.py:188} INFO - [2026-02-09T16:29:29.453+0000] {dagbag.py:538} INFO - Filling up the DagBag from /opt/airflow/dags/setup_dag.py
[2026-02-09T16:29:29.463+0000] {processor.py:840} INFO - DAG(s) 'fork2_dag' retrieved from /opt/airflow/dags/setup_dag.py
[2026-02-09T16:29:29.643+0000] {logging_mixin.py:188} INFO - [2026-02-09T16:29:29.642+0000] {dag.py:3036} INFO - Sync 1 DAGs
[2026-02-09T16:29:29.683+0000] {logging_mixin.py:188} INFO - [2026-02-09T16:29:29.683+0000] {dag.py:3823} INFO - Setting next_dagrun for fork2_dag to 2026-02-09 16:29:10+00:00, run_after=2026-02-09 16:29:20+00:00
[2026-02-09T16:29:29.715+0000] {processor.py:183} INFO - Processing /opt/airflow/dags/setup_dag.py took 0.272 seconds
[2026-02-09T16:30:00.129+0000] {processor.py:161} INFO - Started process (PID=9547) to work on /opt/airflow/dags/setup_dag.py
[2026-02-09T16:30:00.131+0000] {processor.py:830} INFO - Processing file /opt/airflow/dags/setup_dag.py for tasks to queue
[2026-02-09T16:30:00.135+0000] {logging_mixin.py:188} INFO - [2026-02-09T16:30:00.134+0000] {dagbag.py:538} INFO - Filling up the DagBag from /opt/airflow/dags/setup_dag.py
[2026-02-09T16:30:00.143+0000] {processor.py:840} INFO - DAG(s) 'fork2_dag' retrieved from /opt/airflow/dags/setup_dag.py
[2026-02-09T16:30:00.175+0000] {logging_mixin.py:188} INFO - [2026-02-09T16:30:00.175+0000] {dag.py:3036} INFO - Sync 1 DAGs
[2026-02-09T16:30:00.215+0000] {logging_mixin.py:188} INFO - [2026-02-09T16:30:00.215+0000] {dag.py:3823} INFO - Setting next_dagrun for fork2_dag to 2026-02-09 16:29:50+00:00, run_after=2026-02-09 16:30:00+00:00
[2026-02-09T16:30:00.253+0000] {processor.py:183} INFO - Processing /opt/airflow/dags/setup_dag.py took 0.130 seconds
[2026-02-09T16:30:30.866+0000] {processor.py:161} INFO - Started process (PID=9626) to work on /opt/airflow/dags/setup_dag.py
[2026-02-09T16:30:30.868+0000] {processor.py:830} INFO - Processing file /opt/airflow/dags/setup_dag.py for tasks to queue
[2026-02-09T16:30:30.872+0000] {logging_mixin.py:188} INFO - [2026-02-09T16:30:30.872+0000] {dagbag.py:538} INFO - Filling up the DagBag from /opt/airflow/dags/setup_dag.py
[2026-02-09T16:30:30.882+0000] {processor.py:840} INFO - DAG(s) 'fork2_dag' retrieved from /opt/airflow/dags/setup_dag.py
[2026-02-09T16:30:31.058+0000] {logging_mixin.py:188} INFO - [2026-02-09T16:30:31.058+0000] {dag.py:3036} INFO - Sync 1 DAGs
[2026-02-09T16:30:31.092+0000] {logging_mixin.py:188} INFO - [2026-02-09T16:30:31.092+0000] {dag.py:3823} INFO - Setting next_dagrun for fork2_dag to 2026-02-09 16:30:20+00:00, run_after=2026-02-09 16:30:30+00:00
[2026-02-09T16:30:31.125+0000] {processor.py:183} INFO - Processing /opt/airflow/dags/setup_dag.py took 0.265 seconds
[2026-02-09T16:31:01.388+0000] {processor.py:161} INFO - Started process (PID=9701) to work on /opt/airflow/dags/setup_dag.py
[2026-02-09T16:31:01.390+0000] {processor.py:830} INFO - Processing file /opt/airflow/dags/setup_dag.py for tasks to queue
[2026-02-09T16:31:01.394+0000] {logging_mixin.py:188} INFO - [2026-02-09T16:31:01.393+0000] {dagbag.py:538} INFO - Filling up the DagBag from /opt/airflow/dags/setup_dag.py
[2026-02-09T16:31:01.403+0000] {processor.py:840} INFO - DAG(s) 'fork2_dag' retrieved from /opt/airflow/dags/setup_dag.py
[2026-02-09T16:31:01.437+0000] {logging_mixin.py:188} INFO - [2026-02-09T16:31:01.437+0000] {dag.py:3036} INFO - Sync 1 DAGs
[2026-02-09T16:31:01.484+0000] {logging_mixin.py:188} INFO - [2026-02-09T16:31:01.484+0000] {dag.py:3823} INFO - Setting next_dagrun for fork2_dag to 2026-02-09 16:30:50+00:00, run_after=2026-02-09 16:31:00+00:00
[2026-02-09T16:31:01.535+0000] {processor.py:183} INFO - Processing /opt/airflow/dags/setup_dag.py took 0.153 seconds
[2026-02-09T16:31:31.833+0000] {processor.py:161} INFO - Started process (PID=9776) to work on /opt/airflow/dags/setup_dag.py
[2026-02-09T16:31:31.836+0000] {processor.py:830} INFO - Processing file /opt/airflow/dags/setup_dag.py for tasks to queue
[2026-02-09T16:31:31.840+0000] {logging_mixin.py:188} INFO - [2026-02-09T16:31:31.840+0000] {dagbag.py:538} INFO - Filling up the DagBag from /opt/airflow/dags/setup_dag.py
[2026-02-09T16:31:31.854+0000] {processor.py:840} INFO - DAG(s) 'fork2_dag' retrieved from /opt/airflow/dags/setup_dag.py
[2026-02-09T16:31:32.083+0000] {logging_mixin.py:188} INFO - [2026-02-09T16:31:32.083+0000] {dag.py:3036} INFO - Sync 1 DAGs
[2026-02-09T16:31:32.117+0000] {logging_mixin.py:188} INFO - [2026-02-09T16:31:32.116+0000] {dag.py:3823} INFO - Setting next_dagrun for fork2_dag to 2026-02-09 16:31:20+00:00, run_after=2026-02-09 16:31:30+00:00
[2026-02-09T16:31:32.146+0000] {processor.py:183} INFO - Processing /opt/airflow/dags/setup_dag.py took 0.322 seconds
[2026-02-09T16:32:02.310+0000] {processor.py:161} INFO - Started process (PID=9850) to work on /opt/airflow/dags/setup_dag.py
[2026-02-09T16:32:02.313+0000] {processor.py:830} INFO - Processing file /opt/airflow/dags/setup_dag.py for tasks to queue
[2026-02-09T16:32:02.317+0000] {logging_mixin.py:188} INFO - [2026-02-09T16:32:02.316+0000] {dagbag.py:538} INFO - Filling up the DagBag from /opt/airflow/dags/setup_dag.py
[2026-02-09T16:32:02.325+0000] {processor.py:840} INFO - DAG(s) 'fork2_dag' retrieved from /opt/airflow/dags/setup_dag.py
[2026-02-09T16:32:02.359+0000] {logging_mixin.py:188} INFO - [2026-02-09T16:32:02.358+0000] {dag.py:3036} INFO - Sync 1 DAGs
[2026-02-09T16:32:02.396+0000] {logging_mixin.py:188} INFO - [2026-02-09T16:32:02.396+0000] {dag.py:3823} INFO - Setting next_dagrun for fork2_dag to 2026-02-09 16:31:50+00:00, run_after=2026-02-09 16:32:00+00:00
[2026-02-09T16:32:02.425+0000] {processor.py:183} INFO - Processing /opt/airflow/dags/setup_dag.py took 0.120 seconds
[2026-02-09T16:32:32.740+0000] {processor.py:161} INFO - Started process (PID=9924) to work on /opt/airflow/dags/setup_dag.py
[2026-02-09T16:32:32.741+0000] {processor.py:830} INFO - Processing file /opt/airflow/dags/setup_dag.py for tasks to queue
[2026-02-09T16:32:32.745+0000] {logging_mixin.py:188} INFO - [2026-02-09T16:32:32.745+0000] {dagbag.py:538} INFO - Filling up the DagBag from /opt/airflow/dags/setup_dag.py
[2026-02-09T16:32:32.755+0000] {processor.py:840} INFO - DAG(s) 'fork2_dag' retrieved from /opt/airflow/dags/setup_dag.py
[2026-02-09T16:32:32.944+0000] {logging_mixin.py:188} INFO - [2026-02-09T16:32:32.943+0000] {dag.py:3036} INFO - Sync 1 DAGs
[2026-02-09T16:32:32.978+0000] {logging_mixin.py:188} INFO - [2026-02-09T16:32:32.978+0000] {dag.py:3823} INFO - Setting next_dagrun for fork2_dag to 2026-02-09 16:32:20+00:00, run_after=2026-02-09 16:32:30+00:00
[2026-02-09T16:32:33.009+0000] {processor.py:183} INFO - Processing /opt/airflow/dags/setup_dag.py took 0.275 seconds
[2026-02-09T16:33:03.149+0000] {processor.py:161} INFO - Started process (PID=9998) to work on /opt/airflow/dags/setup_dag.py
[2026-02-09T16:33:03.152+0000] {processor.py:830} INFO - Processing file /opt/airflow/dags/setup_dag.py for tasks to queue
[2026-02-09T16:33:03.156+0000] {logging_mixin.py:188} INFO - [2026-02-09T16:33:03.155+0000] {dagbag.py:538} INFO - Filling up the DagBag from /opt/airflow/dags/setup_dag.py
[2026-02-09T16:33:03.166+0000] {processor.py:840} INFO - DAG(s) 'fork2_dag' retrieved from /opt/airflow/dags/setup_dag.py
[2026-02-09T16:33:03.205+0000] {logging_mixin.py:188} INFO - [2026-02-09T16:33:03.204+0000] {dag.py:3036} INFO - Sync 1 DAGs
[2026-02-09T16:33:03.249+0000] {logging_mixin.py:188} INFO - [2026-02-09T16:33:03.249+0000] {dag.py:3823} INFO - Setting next_dagrun for fork2_dag to 2026-02-09 16:32:50+00:00, run_after=2026-02-09 16:33:00+00:00
[2026-02-09T16:33:03.282+0000] {processor.py:183} INFO - Processing /opt/airflow/dags/setup_dag.py took 0.138 seconds
[2026-02-09T16:33:33.967+0000] {processor.py:161} INFO - Started process (PID=10070) to work on /opt/airflow/dags/setup_dag.py
[2026-02-09T16:33:33.968+0000] {processor.py:830} INFO - Processing file /opt/airflow/dags/setup_dag.py for tasks to queue
[2026-02-09T16:33:33.972+0000] {logging_mixin.py:188} INFO - [2026-02-09T16:33:33.971+0000] {dagbag.py:538} INFO - Filling up the DagBag from /opt/airflow/dags/setup_dag.py
[2026-02-09T16:33:33.981+0000] {processor.py:840} INFO - DAG(s) 'fork2_dag' retrieved from /opt/airflow/dags/setup_dag.py
[2026-02-09T16:33:34.154+0000] {logging_mixin.py:188} INFO - [2026-02-09T16:33:34.153+0000] {dag.py:3036} INFO - Sync 1 DAGs
[2026-02-09T16:33:34.187+0000] {logging_mixin.py:188} INFO - [2026-02-09T16:33:34.187+0000] {dag.py:3823} INFO - Setting next_dagrun for fork2_dag to 2026-02-09 16:33:20+00:00, run_after=2026-02-09 16:33:30+00:00
[2026-02-09T16:33:34.216+0000] {processor.py:183} INFO - Processing /opt/airflow/dags/setup_dag.py took 0.255 seconds
[2026-02-09T16:34:04.541+0000] {processor.py:161} INFO - Started process (PID=10144) to work on /opt/airflow/dags/setup_dag.py
[2026-02-09T16:34:04.543+0000] {processor.py:830} INFO - Processing file /opt/airflow/dags/setup_dag.py for tasks to queue
[2026-02-09T16:34:04.547+0000] {logging_mixin.py:188} INFO - [2026-02-09T16:34:04.547+0000] {dagbag.py:538} INFO - Filling up the DagBag from /opt/airflow/dags/setup_dag.py
[2026-02-09T16:34:04.557+0000] {processor.py:840} INFO - DAG(s) 'fork2_dag' retrieved from /opt/airflow/dags/setup_dag.py
[2026-02-09T16:34:04.603+0000] {logging_mixin.py:188} INFO - [2026-02-09T16:34:04.602+0000] {dag.py:3036} INFO - Sync 1 DAGs
[2026-02-09T16:34:04.643+0000] {logging_mixin.py:188} INFO - [2026-02-09T16:34:04.643+0000] {dag.py:3823} INFO - Setting next_dagrun for fork2_dag to 2026-02-09 16:33:50+00:00, run_after=2026-02-09 16:34:00+00:00
[2026-02-09T16:34:04.671+0000] {processor.py:183} INFO - Processing /opt/airflow/dags/setup_dag.py took 0.135 seconds
[2026-02-09T16:34:35.313+0000] {processor.py:161} INFO - Started process (PID=10227) to work on /opt/airflow/dags/setup_dag.py
[2026-02-09T16:34:35.314+0000] {processor.py:830} INFO - Processing file /opt/airflow/dags/setup_dag.py for tasks to queue
[2026-02-09T16:34:35.318+0000] {logging_mixin.py:188} INFO - [2026-02-09T16:34:35.318+0000] {dagbag.py:538} INFO - Filling up the DagBag from /opt/airflow/dags/setup_dag.py
[2026-02-09T16:34:35.328+0000] {processor.py:840} INFO - DAG(s) 'fork2_dag' retrieved from /opt/airflow/dags/setup_dag.py
[2026-02-09T16:34:35.537+0000] {logging_mixin.py:188} INFO - [2026-02-09T16:34:35.537+0000] {dag.py:3036} INFO - Sync 1 DAGs
[2026-02-09T16:34:35.578+0000] {logging_mixin.py:188} INFO - [2026-02-09T16:34:35.577+0000] {dag.py:3823} INFO - Setting next_dagrun for fork2_dag to 2026-02-09 16:34:20+00:00, run_after=2026-02-09 16:34:30+00:00
[2026-02-09T16:34:35.609+0000] {processor.py:183} INFO - Processing /opt/airflow/dags/setup_dag.py took 0.301 seconds
[2026-02-09T16:35:06.181+0000] {processor.py:161} INFO - Started process (PID=10301) to work on /opt/airflow/dags/setup_dag.py
[2026-02-09T16:35:06.183+0000] {processor.py:830} INFO - Processing file /opt/airflow/dags/setup_dag.py for tasks to queue
[2026-02-09T16:35:06.187+0000] {logging_mixin.py:188} INFO - [2026-02-09T16:35:06.186+0000] {dagbag.py:538} INFO - Filling up the DagBag from /opt/airflow/dags/setup_dag.py
[2026-02-09T16:35:06.196+0000] {processor.py:840} INFO - DAG(s) 'fork2_dag' retrieved from /opt/airflow/dags/setup_dag.py
[2026-02-09T16:35:06.234+0000] {logging_mixin.py:188} INFO - [2026-02-09T16:35:06.234+0000] {dag.py:3036} INFO - Sync 1 DAGs
[2026-02-09T16:35:06.280+0000] {logging_mixin.py:188} INFO - [2026-02-09T16:35:06.280+0000] {dag.py:3823} INFO - Setting next_dagrun for fork2_dag to 2026-02-09 16:34:50+00:00, run_after=2026-02-09 16:35:00+00:00
[2026-02-09T16:35:06.324+0000] {processor.py:183} INFO - Processing /opt/airflow/dags/setup_dag.py took 0.148 seconds
[2026-02-09T16:35:36.908+0000] {processor.py:161} INFO - Started process (PID=10375) to work on /opt/airflow/dags/setup_dag.py
[2026-02-09T16:35:36.910+0000] {processor.py:830} INFO - Processing file /opt/airflow/dags/setup_dag.py for tasks to queue
[2026-02-09T16:35:36.914+0000] {logging_mixin.py:188} INFO - [2026-02-09T16:35:36.913+0000] {dagbag.py:538} INFO - Filling up the DagBag from /opt/airflow/dags/setup_dag.py
[2026-02-09T16:35:36.923+0000] {processor.py:840} INFO - DAG(s) 'fork2_dag' retrieved from /opt/airflow/dags/setup_dag.py
[2026-02-09T16:35:37.130+0000] {logging_mixin.py:188} INFO - [2026-02-09T16:35:37.130+0000] {dag.py:3036} INFO - Sync 1 DAGs
[2026-02-09T16:35:37.166+0000] {logging_mixin.py:188} INFO - [2026-02-09T16:35:37.165+0000] {dag.py:3823} INFO - Setting next_dagrun for fork2_dag to 2026-02-09 16:35:20+00:00, run_after=2026-02-09 16:35:30+00:00
[2026-02-09T16:35:37.201+0000] {processor.py:183} INFO - Processing /opt/airflow/dags/setup_dag.py took 0.298 seconds
[2026-02-09T16:36:07.851+0000] {processor.py:161} INFO - Started process (PID=10449) to work on /opt/airflow/dags/setup_dag.py
[2026-02-09T16:36:07.853+0000] {processor.py:830} INFO - Processing file /opt/airflow/dags/setup_dag.py for tasks to queue
[2026-02-09T16:36:07.856+0000] {logging_mixin.py:188} INFO - [2026-02-09T16:36:07.855+0000] {dagbag.py:538} INFO - Filling up the DagBag from /opt/airflow/dags/setup_dag.py
[2026-02-09T16:36:07.866+0000] {processor.py:840} INFO - DAG(s) 'fork2_dag' retrieved from /opt/airflow/dags/setup_dag.py
[2026-02-09T16:36:07.898+0000] {logging_mixin.py:188} INFO - [2026-02-09T16:36:07.898+0000] {dag.py:3036} INFO - Sync 1 DAGs
[2026-02-09T16:36:07.935+0000] {logging_mixin.py:188} INFO - [2026-02-09T16:36:07.934+0000] {dag.py:3823} INFO - Setting next_dagrun for fork2_dag to 2026-02-09 16:35:50+00:00, run_after=2026-02-09 16:36:00+00:00
[2026-02-09T16:36:07.966+0000] {processor.py:183} INFO - Processing /opt/airflow/dags/setup_dag.py took 0.120 seconds
[2026-02-09T16:36:38.351+0000] {processor.py:161} INFO - Started process (PID=10523) to work on /opt/airflow/dags/setup_dag.py
[2026-02-09T16:36:38.352+0000] {processor.py:830} INFO - Processing file /opt/airflow/dags/setup_dag.py for tasks to queue
[2026-02-09T16:36:38.356+0000] {logging_mixin.py:188} INFO - [2026-02-09T16:36:38.355+0000] {dagbag.py:538} INFO - Filling up the DagBag from /opt/airflow/dags/setup_dag.py
[2026-02-09T16:36:38.365+0000] {processor.py:840} INFO - DAG(s) 'fork2_dag' retrieved from /opt/airflow/dags/setup_dag.py
[2026-02-09T16:36:38.559+0000] {logging_mixin.py:188} INFO - [2026-02-09T16:36:38.558+0000] {dag.py:3036} INFO - Sync 1 DAGs
[2026-02-09T16:36:38.600+0000] {logging_mixin.py:188} INFO - [2026-02-09T16:36:38.600+0000] {dag.py:3823} INFO - Setting next_dagrun for fork2_dag to 2026-02-09 16:36:20+00:00, run_after=2026-02-09 16:36:30+00:00
[2026-02-09T16:36:38.635+0000] {processor.py:183} INFO - Processing /opt/airflow/dags/setup_dag.py took 0.290 seconds
[2026-02-09T16:37:09.095+0000] {processor.py:161} INFO - Started process (PID=10596) to work on /opt/airflow/dags/setup_dag.py
[2026-02-09T16:37:09.097+0000] {processor.py:830} INFO - Processing file /opt/airflow/dags/setup_dag.py for tasks to queue
[2026-02-09T16:37:09.101+0000] {logging_mixin.py:188} INFO - [2026-02-09T16:37:09.101+0000] {dagbag.py:538} INFO - Filling up the DagBag from /opt/airflow/dags/setup_dag.py
[2026-02-09T16:37:09.111+0000] {processor.py:840} INFO - DAG(s) 'fork2_dag' retrieved from /opt/airflow/dags/setup_dag.py
[2026-02-09T16:37:09.150+0000] {logging_mixin.py:188} INFO - [2026-02-09T16:37:09.149+0000] {dag.py:3036} INFO - Sync 1 DAGs
[2026-02-09T16:37:09.201+0000] {logging_mixin.py:188} INFO - [2026-02-09T16:37:09.200+0000] {dag.py:3823} INFO - Setting next_dagrun for fork2_dag to 2026-02-09 16:36:50+00:00, run_after=2026-02-09 16:37:00+00:00
[2026-02-09T16:37:09.240+0000] {processor.py:183} INFO - Processing /opt/airflow/dags/setup_dag.py took 0.149 seconds
[2026-02-09T16:37:39.715+0000] {processor.py:161} INFO - Started process (PID=10670) to work on /opt/airflow/dags/setup_dag.py
[2026-02-09T16:37:39.718+0000] {processor.py:830} INFO - Processing file /opt/airflow/dags/setup_dag.py for tasks to queue
[2026-02-09T16:37:39.723+0000] {logging_mixin.py:188} INFO - [2026-02-09T16:37:39.723+0000] {dagbag.py:538} INFO - Filling up the DagBag from /opt/airflow/dags/setup_dag.py
[2026-02-09T16:37:39.731+0000] {processor.py:840} INFO - DAG(s) 'fork2_dag' retrieved from /opt/airflow/dags/setup_dag.py
[2026-02-09T16:37:39.917+0000] {logging_mixin.py:188} INFO - [2026-02-09T16:37:39.917+0000] {dag.py:3036} INFO - Sync 1 DAGs
[2026-02-09T16:37:39.952+0000] {logging_mixin.py:188} INFO - [2026-02-09T16:37:39.951+0000] {dag.py:3823} INFO - Setting next_dagrun for fork2_dag to 2026-02-09 16:37:20+00:00, run_after=2026-02-09 16:37:30+00:00
[2026-02-09T16:37:39.989+0000] {processor.py:183} INFO - Processing /opt/airflow/dags/setup_dag.py took 0.279 seconds
[2026-02-09T16:38:10.042+0000] {processor.py:161} INFO - Started process (PID=10753) to work on /opt/airflow/dags/setup_dag.py
[2026-02-09T16:38:10.045+0000] {processor.py:830} INFO - Processing file /opt/airflow/dags/setup_dag.py for tasks to queue
[2026-02-09T16:38:10.048+0000] {logging_mixin.py:188} INFO - [2026-02-09T16:38:10.048+0000] {dagbag.py:538} INFO - Filling up the DagBag from /opt/airflow/dags/setup_dag.py
[2026-02-09T16:38:10.062+0000] {processor.py:840} INFO - DAG(s) 'fork2_dag' retrieved from /opt/airflow/dags/setup_dag.py
[2026-02-09T16:38:10.109+0000] {logging_mixin.py:188} INFO - [2026-02-09T16:38:10.109+0000] {dag.py:3036} INFO - Sync 1 DAGs
[2026-02-09T16:38:10.153+0000] {logging_mixin.py:188} INFO - [2026-02-09T16:38:10.153+0000] {dag.py:3823} INFO - Setting next_dagrun for fork2_dag to 2026-02-09 16:38:00+00:00, run_after=2026-02-09 16:38:10+00:00
[2026-02-09T16:38:10.192+0000] {processor.py:183} INFO - Processing /opt/airflow/dags/setup_dag.py took 0.154 seconds
[2026-02-09T16:38:40.399+0000] {processor.py:161} INFO - Started process (PID=10827) to work on /opt/airflow/dags/setup_dag.py
[2026-02-09T16:38:40.400+0000] {processor.py:830} INFO - Processing file /opt/airflow/dags/setup_dag.py for tasks to queue
[2026-02-09T16:38:40.403+0000] {logging_mixin.py:188} INFO - [2026-02-09T16:38:40.403+0000] {dagbag.py:538} INFO - Filling up the DagBag from /opt/airflow/dags/setup_dag.py
[2026-02-09T16:38:40.414+0000] {processor.py:840} INFO - DAG(s) 'fork2_dag' retrieved from /opt/airflow/dags/setup_dag.py
[2026-02-09T16:38:40.628+0000] {logging_mixin.py:188} INFO - [2026-02-09T16:38:40.627+0000] {dag.py:3036} INFO - Sync 1 DAGs
[2026-02-09T16:38:40.677+0000] {logging_mixin.py:188} INFO - [2026-02-09T16:38:40.677+0000] {dag.py:3823} INFO - Setting next_dagrun for fork2_dag to 2026-02-09 16:38:30+00:00, run_after=2026-02-09 16:38:40+00:00
[2026-02-09T16:38:40.727+0000] {processor.py:183} INFO - Processing /opt/airflow/dags/setup_dag.py took 0.334 seconds
[2026-02-09T16:39:10.815+0000] {processor.py:161} INFO - Started process (PID=10900) to work on /opt/airflow/dags/setup_dag.py
[2026-02-09T16:39:10.817+0000] {processor.py:830} INFO - Processing file /opt/airflow/dags/setup_dag.py for tasks to queue
[2026-02-09T16:39:10.820+0000] {logging_mixin.py:188} INFO - [2026-02-09T16:39:10.819+0000] {dagbag.py:538} INFO - Filling up the DagBag from /opt/airflow/dags/setup_dag.py
[2026-02-09T16:39:10.831+0000] {processor.py:840} INFO - DAG(s) 'fork2_dag' retrieved from /opt/airflow/dags/setup_dag.py
[2026-02-09T16:39:10.871+0000] {logging_mixin.py:188} INFO - [2026-02-09T16:39:10.870+0000] {dag.py:3036} INFO - Sync 1 DAGs
[2026-02-09T16:39:10.917+0000] {logging_mixin.py:188} INFO - [2026-02-09T16:39:10.917+0000] {dag.py:3823} INFO - Setting next_dagrun for fork2_dag to 2026-02-09 16:39:00+00:00, run_after=2026-02-09 16:39:10+00:00
[2026-02-09T16:39:10.951+0000] {processor.py:183} INFO - Processing /opt/airflow/dags/setup_dag.py took 0.142 seconds
[2026-02-09T16:39:41.267+0000] {processor.py:161} INFO - Started process (PID=10974) to work on /opt/airflow/dags/setup_dag.py
[2026-02-09T16:39:41.268+0000] {processor.py:830} INFO - Processing file /opt/airflow/dags/setup_dag.py for tasks to queue
[2026-02-09T16:39:41.271+0000] {logging_mixin.py:188} INFO - [2026-02-09T16:39:41.271+0000] {dagbag.py:538} INFO - Filling up the DagBag from /opt/airflow/dags/setup_dag.py
[2026-02-09T16:39:41.280+0000] {processor.py:840} INFO - DAG(s) 'fork2_dag' retrieved from /opt/airflow/dags/setup_dag.py
[2026-02-09T16:39:41.469+0000] {logging_mixin.py:188} INFO - [2026-02-09T16:39:41.469+0000] {dag.py:3036} INFO - Sync 1 DAGs
[2026-02-09T16:39:41.503+0000] {logging_mixin.py:188} INFO - [2026-02-09T16:39:41.502+0000] {dag.py:3823} INFO - Setting next_dagrun for fork2_dag to 2026-02-09 16:39:30+00:00, run_after=2026-02-09 16:39:40+00:00
[2026-02-09T16:39:41.534+0000] {processor.py:183} INFO - Processing /opt/airflow/dags/setup_dag.py took 0.273 seconds
[2026-02-09T16:40:12.097+0000] {processor.py:161} INFO - Started process (PID=11048) to work on /opt/airflow/dags/setup_dag.py
[2026-02-09T16:40:12.100+0000] {processor.py:830} INFO - Processing file /opt/airflow/dags/setup_dag.py for tasks to queue
[2026-02-09T16:40:12.102+0000] {logging_mixin.py:188} INFO - [2026-02-09T16:40:12.102+0000] {dagbag.py:538} INFO - Filling up the DagBag from /opt/airflow/dags/setup_dag.py
[2026-02-09T16:40:12.112+0000] {processor.py:840} INFO - DAG(s) 'fork2_dag' retrieved from /opt/airflow/dags/setup_dag.py
[2026-02-09T16:40:12.148+0000] {logging_mixin.py:188} INFO - [2026-02-09T16:40:12.147+0000] {dag.py:3036} INFO - Sync 1 DAGs
[2026-02-09T16:40:12.191+0000] {logging_mixin.py:188} INFO - [2026-02-09T16:40:12.191+0000] {dag.py:3823} INFO - Setting next_dagrun for fork2_dag to 2026-02-09 16:40:00+00:00, run_after=2026-02-09 16:40:10+00:00
[2026-02-09T16:40:12.224+0000] {processor.py:183} INFO - Processing /opt/airflow/dags/setup_dag.py took 0.131 seconds
[2026-02-09T16:40:42.668+0000] {processor.py:161} INFO - Started process (PID=11122) to work on /opt/airflow/dags/setup_dag.py
[2026-02-09T16:40:42.669+0000] {processor.py:830} INFO - Processing file /opt/airflow/dags/setup_dag.py for tasks to queue
[2026-02-09T16:40:42.672+0000] {logging_mixin.py:188} INFO - [2026-02-09T16:40:42.672+0000] {dagbag.py:538} INFO - Filling up the DagBag from /opt/airflow/dags/setup_dag.py
[2026-02-09T16:40:42.683+0000] {processor.py:840} INFO - DAG(s) 'fork2_dag' retrieved from /opt/airflow/dags/setup_dag.py
[2026-02-09T16:40:42.867+0000] {logging_mixin.py:188} INFO - [2026-02-09T16:40:42.866+0000] {dag.py:3036} INFO - Sync 1 DAGs
[2026-02-09T16:40:43.115+0000] {logging_mixin.py:188} INFO - [2026-02-09T16:40:43.115+0000] {dag.py:3823} INFO - Setting next_dagrun for fork2_dag to 2026-02-09 16:40:30+00:00, run_after=2026-02-09 16:40:40+00:00
[2026-02-09T16:40:43.144+0000] {processor.py:183} INFO - Processing /opt/airflow/dags/setup_dag.py took 0.481 seconds
[2026-02-09T16:41:13.295+0000] {processor.py:161} INFO - Started process (PID=11197) to work on /opt/airflow/dags/setup_dag.py
[2026-02-09T16:41:13.297+0000] {processor.py:830} INFO - Processing file /opt/airflow/dags/setup_dag.py for tasks to queue
[2026-02-09T16:41:13.300+0000] {logging_mixin.py:188} INFO - [2026-02-09T16:41:13.299+0000] {dagbag.py:538} INFO - Filling up the DagBag from /opt/airflow/dags/setup_dag.py
[2026-02-09T16:41:13.310+0000] {processor.py:840} INFO - DAG(s) 'fork2_dag' retrieved from /opt/airflow/dags/setup_dag.py
[2026-02-09T16:41:13.331+0000] {logging_mixin.py:188} INFO - [2026-02-09T16:41:13.331+0000] {dag.py:3036} INFO - Sync 1 DAGs
[2026-02-09T16:41:13.374+0000] {logging_mixin.py:188} INFO - [2026-02-09T16:41:13.373+0000] {dag.py:3823} INFO - Setting next_dagrun for fork2_dag to 2026-02-09 16:41:00+00:00, run_after=2026-02-09 16:41:10+00:00
[2026-02-09T16:41:13.409+0000] {processor.py:183} INFO - Processing /opt/airflow/dags/setup_dag.py took 0.119 seconds
[2026-02-09T16:41:43.865+0000] {processor.py:161} INFO - Started process (PID=11269) to work on /opt/airflow/dags/setup_dag.py
[2026-02-09T16:41:43.866+0000] {processor.py:830} INFO - Processing file /opt/airflow/dags/setup_dag.py for tasks to queue
[2026-02-09T16:41:43.869+0000] {logging_mixin.py:188} INFO - [2026-02-09T16:41:43.869+0000] {dagbag.py:538} INFO - Filling up the DagBag from /opt/airflow/dags/setup_dag.py
[2026-02-09T16:41:43.878+0000] {processor.py:840} INFO - DAG(s) 'fork2_dag' retrieved from /opt/airflow/dags/setup_dag.py
[2026-02-09T16:41:44.064+0000] {logging_mixin.py:188} INFO - [2026-02-09T16:41:44.064+0000] {dag.py:3036} INFO - Sync 1 DAGs
[2026-02-09T16:41:44.102+0000] {logging_mixin.py:188} INFO - [2026-02-09T16:41:44.102+0000] {dag.py:3823} INFO - Setting next_dagrun for fork2_dag to 2026-02-09 16:41:30+00:00, run_after=2026-02-09 16:41:40+00:00
[2026-02-09T16:41:44.314+0000] {processor.py:183} INFO - Processing /opt/airflow/dags/setup_dag.py took 0.455 seconds
[2026-02-09T16:42:14.416+0000] {processor.py:161} INFO - Started process (PID=11344) to work on /opt/airflow/dags/setup_dag.py
[2026-02-09T16:42:14.421+0000] {processor.py:830} INFO - Processing file /opt/airflow/dags/setup_dag.py for tasks to queue
[2026-02-09T16:42:14.424+0000] {logging_mixin.py:188} INFO - [2026-02-09T16:42:14.424+0000] {dagbag.py:538} INFO - Filling up the DagBag from /opt/airflow/dags/setup_dag.py
[2026-02-09T16:42:14.436+0000] {processor.py:840} INFO - DAG(s) 'fork2_dag' retrieved from /opt/airflow/dags/setup_dag.py
[2026-02-09T16:42:14.457+0000] {logging_mixin.py:188} INFO - [2026-02-09T16:42:14.457+0000] {dag.py:3036} INFO - Sync 1 DAGs
[2026-02-09T16:42:14.504+0000] {logging_mixin.py:188} INFO - [2026-02-09T16:42:14.504+0000] {dag.py:3823} INFO - Setting next_dagrun for fork2_dag to 2026-02-09 16:42:00+00:00, run_after=2026-02-09 16:42:10+00:00
[2026-02-09T16:42:14.540+0000] {processor.py:183} INFO - Processing /opt/airflow/dags/setup_dag.py took 0.138 seconds
[2026-02-09T16:42:44.761+0000] {processor.py:161} INFO - Started process (PID=11415) to work on /opt/airflow/dags/setup_dag.py
[2026-02-09T16:42:44.762+0000] {processor.py:830} INFO - Processing file /opt/airflow/dags/setup_dag.py for tasks to queue
[2026-02-09T16:42:44.765+0000] {logging_mixin.py:188} INFO - [2026-02-09T16:42:44.764+0000] {dagbag.py:538} INFO - Filling up the DagBag from /opt/airflow/dags/setup_dag.py
[2026-02-09T16:42:44.776+0000] {processor.py:840} INFO - DAG(s) 'fork2_dag' retrieved from /opt/airflow/dags/setup_dag.py
[2026-02-09T16:42:44.984+0000] {logging_mixin.py:188} INFO - [2026-02-09T16:42:44.983+0000] {dag.py:3036} INFO - Sync 1 DAGs
[2026-02-09T16:42:45.031+0000] {logging_mixin.py:188} INFO - [2026-02-09T16:42:45.027+0000] {dag.py:3823} INFO - Setting next_dagrun for fork2_dag to 2026-02-09 16:42:30+00:00, run_after=2026-02-09 16:42:40+00:00
[2026-02-09T16:42:45.068+0000] {processor.py:183} INFO - Processing /opt/airflow/dags/setup_dag.py took 0.313 seconds
[2026-02-09T16:43:15.270+0000] {processor.py:161} INFO - Started process (PID=11498) to work on /opt/airflow/dags/setup_dag.py
[2026-02-09T16:43:15.274+0000] {processor.py:830} INFO - Processing file /opt/airflow/dags/setup_dag.py for tasks to queue
[2026-02-09T16:43:15.277+0000] {logging_mixin.py:188} INFO - [2026-02-09T16:43:15.277+0000] {dagbag.py:538} INFO - Filling up the DagBag from /opt/airflow/dags/setup_dag.py
[2026-02-09T16:43:15.289+0000] {processor.py:840} INFO - DAG(s) 'fork2_dag' retrieved from /opt/airflow/dags/setup_dag.py
[2026-02-09T16:43:15.327+0000] {logging_mixin.py:188} INFO - [2026-02-09T16:43:15.327+0000] {dag.py:3036} INFO - Sync 1 DAGs
[2026-02-09T16:43:15.376+0000] {logging_mixin.py:188} INFO - [2026-02-09T16:43:15.375+0000] {dag.py:3823} INFO - Setting next_dagrun for fork2_dag to 2026-02-09 16:43:00+00:00, run_after=2026-02-09 16:43:10+00:00
[2026-02-09T16:43:15.413+0000] {processor.py:183} INFO - Processing /opt/airflow/dags/setup_dag.py took 0.151 seconds
[2026-02-09T16:43:45.455+0000] {processor.py:161} INFO - Started process (PID=11573) to work on /opt/airflow/dags/setup_dag.py
[2026-02-09T16:43:45.457+0000] {processor.py:830} INFO - Processing file /opt/airflow/dags/setup_dag.py for tasks to queue
[2026-02-09T16:43:45.459+0000] {logging_mixin.py:188} INFO - [2026-02-09T16:43:45.459+0000] {dagbag.py:538} INFO - Filling up the DagBag from /opt/airflow/dags/setup_dag.py
[2026-02-09T16:43:45.469+0000] {processor.py:840} INFO - DAG(s) 'fork2_dag' retrieved from /opt/airflow/dags/setup_dag.py
[2026-02-09T16:43:45.831+0000] {logging_mixin.py:188} INFO - [2026-02-09T16:43:45.831+0000] {dag.py:3036} INFO - Sync 1 DAGs
[2026-02-09T16:43:45.865+0000] {logging_mixin.py:188} INFO - [2026-02-09T16:43:45.865+0000] {dag.py:3823} INFO - Setting next_dagrun for fork2_dag to 2026-02-09 16:43:30+00:00, run_after=2026-02-09 16:43:40+00:00
[2026-02-09T16:43:45.899+0000] {processor.py:183} INFO - Processing /opt/airflow/dags/setup_dag.py took 0.450 seconds
[2026-02-09T16:44:16.083+0000] {processor.py:161} INFO - Started process (PID=11647) to work on /opt/airflow/dags/setup_dag.py
[2026-02-09T16:44:16.084+0000] {processor.py:830} INFO - Processing file /opt/airflow/dags/setup_dag.py for tasks to queue
[2026-02-09T16:44:16.087+0000] {logging_mixin.py:188} INFO - [2026-02-09T16:44:16.087+0000] {dagbag.py:538} INFO - Filling up the DagBag from /opt/airflow/dags/setup_dag.py
[2026-02-09T16:44:16.097+0000] {processor.py:840} INFO - DAG(s) 'fork2_dag' retrieved from /opt/airflow/dags/setup_dag.py
[2026-02-09T16:44:16.128+0000] {logging_mixin.py:188} INFO - [2026-02-09T16:44:16.128+0000] {dag.py:3036} INFO - Sync 1 DAGs
[2026-02-09T16:44:16.168+0000] {logging_mixin.py:188} INFO - [2026-02-09T16:44:16.168+0000] {dag.py:3823} INFO - Setting next_dagrun for fork2_dag to 2026-02-09 16:44:00+00:00, run_after=2026-02-09 16:44:10+00:00
[2026-02-09T16:44:16.199+0000] {processor.py:183} INFO - Processing /opt/airflow/dags/setup_dag.py took 0.121 seconds
[2026-02-09T16:44:46.566+0000] {processor.py:161} INFO - Started process (PID=11721) to work on /opt/airflow/dags/setup_dag.py
[2026-02-09T16:44:46.568+0000] {processor.py:830} INFO - Processing file /opt/airflow/dags/setup_dag.py for tasks to queue
[2026-02-09T16:44:46.571+0000] {logging_mixin.py:188} INFO - [2026-02-09T16:44:46.570+0000] {dagbag.py:538} INFO - Filling up the DagBag from /opt/airflow/dags/setup_dag.py
[2026-02-09T16:44:46.582+0000] {processor.py:840} INFO - DAG(s) 'fork2_dag' retrieved from /opt/airflow/dags/setup_dag.py
[2026-02-09T16:44:46.789+0000] {logging_mixin.py:188} INFO - [2026-02-09T16:44:46.788+0000] {dag.py:3036} INFO - Sync 1 DAGs
[2026-02-09T16:44:47.006+0000] {logging_mixin.py:188} INFO - [2026-02-09T16:44:47.005+0000] {dag.py:3823} INFO - Setting next_dagrun for fork2_dag to 2026-02-09 16:44:30+00:00, run_after=2026-02-09 16:44:40+00:00
[2026-02-09T16:44:47.040+0000] {processor.py:183} INFO - Processing /opt/airflow/dags/setup_dag.py took 0.481 seconds
[2026-02-09T16:45:17.336+0000] {processor.py:161} INFO - Started process (PID=11796) to work on /opt/airflow/dags/setup_dag.py
[2026-02-09T16:45:17.338+0000] {processor.py:830} INFO - Processing file /opt/airflow/dags/setup_dag.py for tasks to queue
[2026-02-09T16:45:17.340+0000] {logging_mixin.py:188} INFO - [2026-02-09T16:45:17.340+0000] {dagbag.py:538} INFO - Filling up the DagBag from /opt/airflow/dags/setup_dag.py
[2026-02-09T16:45:17.351+0000] {processor.py:840} INFO - DAG(s) 'fork2_dag' retrieved from /opt/airflow/dags/setup_dag.py
[2026-02-09T16:45:17.395+0000] {logging_mixin.py:188} INFO - [2026-02-09T16:45:17.394+0000] {dag.py:3036} INFO - Sync 1 DAGs
[2026-02-09T16:45:17.446+0000] {logging_mixin.py:188} INFO - [2026-02-09T16:45:17.445+0000] {dag.py:3823} INFO - Setting next_dagrun for fork2_dag to 2026-02-09 16:45:00+00:00, run_after=2026-02-09 16:45:10+00:00
[2026-02-09T16:45:17.694+0000] {processor.py:183} INFO - Processing /opt/airflow/dags/setup_dag.py took 0.363 seconds
[2026-02-09T16:45:48.222+0000] {processor.py:161} INFO - Started process (PID=11870) to work on /opt/airflow/dags/setup_dag.py
[2026-02-09T16:45:48.224+0000] {processor.py:830} INFO - Processing file /opt/airflow/dags/setup_dag.py for tasks to queue
[2026-02-09T16:45:48.228+0000] {logging_mixin.py:188} INFO - [2026-02-09T16:45:48.227+0000] {dagbag.py:538} INFO - Filling up the DagBag from /opt/airflow/dags/setup_dag.py
[2026-02-09T16:45:48.237+0000] {processor.py:840} INFO - DAG(s) 'fork2_dag' retrieved from /opt/airflow/dags/setup_dag.py
[2026-02-09T16:45:48.596+0000] {logging_mixin.py:188} INFO - [2026-02-09T16:45:48.596+0000] {dag.py:3036} INFO - Sync 1 DAGs
[2026-02-09T16:45:48.627+0000] {logging_mixin.py:188} INFO - [2026-02-09T16:45:48.627+0000] {dag.py:3823} INFO - Setting next_dagrun for fork2_dag to 2026-02-09 16:45:30+00:00, run_after=2026-02-09 16:45:40+00:00
[2026-02-09T16:45:48.653+0000] {processor.py:183} INFO - Processing /opt/airflow/dags/setup_dag.py took 0.437 seconds
[2026-02-09T16:46:18.854+0000] {processor.py:161} INFO - Started process (PID=11944) to work on /opt/airflow/dags/setup_dag.py
[2026-02-09T16:46:18.856+0000] {processor.py:830} INFO - Processing file /opt/airflow/dags/setup_dag.py for tasks to queue
[2026-02-09T16:46:18.859+0000] {logging_mixin.py:188} INFO - [2026-02-09T16:46:18.859+0000] {dagbag.py:538} INFO - Filling up the DagBag from /opt/airflow/dags/setup_dag.py
[2026-02-09T16:46:18.868+0000] {processor.py:840} INFO - DAG(s) 'fork2_dag' retrieved from /opt/airflow/dags/setup_dag.py
[2026-02-09T16:46:18.904+0000] {logging_mixin.py:188} INFO - [2026-02-09T16:46:18.903+0000] {dag.py:3036} INFO - Sync 1 DAGs
[2026-02-09T16:46:18.948+0000] {logging_mixin.py:188} INFO - [2026-02-09T16:46:18.948+0000] {dag.py:3823} INFO - Setting next_dagrun for fork2_dag to 2026-02-09 16:46:00+00:00, run_after=2026-02-09 16:46:10+00:00
[2026-02-09T16:46:18.983+0000] {processor.py:183} INFO - Processing /opt/airflow/dags/setup_dag.py took 0.134 seconds
[2026-02-09T16:46:49.044+0000] {processor.py:161} INFO - Started process (PID=12019) to work on /opt/airflow/dags/setup_dag.py
[2026-02-09T16:46:49.046+0000] {processor.py:830} INFO - Processing file /opt/airflow/dags/setup_dag.py for tasks to queue
[2026-02-09T16:46:49.049+0000] {logging_mixin.py:188} INFO - [2026-02-09T16:46:49.048+0000] {dagbag.py:538} INFO - Filling up the DagBag from /opt/airflow/dags/setup_dag.py
[2026-02-09T16:46:49.057+0000] {processor.py:840} INFO - DAG(s) 'fork2_dag' retrieved from /opt/airflow/dags/setup_dag.py
[2026-02-09T16:46:49.399+0000] {logging_mixin.py:188} INFO - [2026-02-09T16:46:49.398+0000] {dag.py:3036} INFO - Sync 1 DAGs
[2026-02-09T16:46:49.446+0000] {logging_mixin.py:188} INFO - [2026-02-09T16:46:49.445+0000] {dag.py:3823} INFO - Setting next_dagrun for fork2_dag to 2026-02-09 16:46:30+00:00, run_after=2026-02-09 16:46:40+00:00
[2026-02-09T16:46:49.482+0000] {processor.py:183} INFO - Processing /opt/airflow/dags/setup_dag.py took 0.443 seconds
[2026-02-09T16:47:19.643+0000] {processor.py:161} INFO - Started process (PID=12102) to work on /opt/airflow/dags/setup_dag.py
[2026-02-09T16:47:19.644+0000] {processor.py:830} INFO - Processing file /opt/airflow/dags/setup_dag.py for tasks to queue
[2026-02-09T16:47:19.648+0000] {logging_mixin.py:188} INFO - [2026-02-09T16:47:19.647+0000] {dagbag.py:538} INFO - Filling up the DagBag from /opt/airflow/dags/setup_dag.py
[2026-02-09T16:47:19.657+0000] {processor.py:840} INFO - DAG(s) 'fork2_dag' retrieved from /opt/airflow/dags/setup_dag.py
[2026-02-09T16:47:19.694+0000] {logging_mixin.py:188} INFO - [2026-02-09T16:47:19.694+0000] {dag.py:3036} INFO - Sync 1 DAGs
[2026-02-09T16:47:19.965+0000] {logging_mixin.py:188} INFO - [2026-02-09T16:47:19.965+0000] {dag.py:3823} INFO - Setting next_dagrun for fork2_dag to 2026-02-09 16:47:00+00:00, run_after=2026-02-09 16:47:10+00:00
[2026-02-09T16:47:20.001+0000] {processor.py:183} INFO - Processing /opt/airflow/dags/setup_dag.py took 0.363 seconds
[2026-02-09T16:47:50.121+0000] {processor.py:161} INFO - Started process (PID=12176) to work on /opt/airflow/dags/setup_dag.py
[2026-02-09T16:47:50.124+0000] {processor.py:830} INFO - Processing file /opt/airflow/dags/setup_dag.py for tasks to queue
[2026-02-09T16:47:50.129+0000] {logging_mixin.py:188} INFO - [2026-02-09T16:47:50.129+0000] {dagbag.py:538} INFO - Filling up the DagBag from /opt/airflow/dags/setup_dag.py
[2026-02-09T16:47:50.140+0000] {processor.py:840} INFO - DAG(s) 'fork2_dag' retrieved from /opt/airflow/dags/setup_dag.py
[2026-02-09T16:47:50.564+0000] {logging_mixin.py:188} INFO - [2026-02-09T16:47:50.563+0000] {dag.py:3036} INFO - Sync 1 DAGs
[2026-02-09T16:47:50.609+0000] {logging_mixin.py:188} INFO - [2026-02-09T16:47:50.608+0000] {dag.py:3823} INFO - Setting next_dagrun for fork2_dag to 2026-02-09 16:47:40+00:00, run_after=2026-02-09 16:47:50+00:00
[2026-02-09T16:47:50.646+0000] {processor.py:183} INFO - Processing /opt/airflow/dags/setup_dag.py took 0.532 seconds
[2026-02-09T16:48:20.876+0000] {processor.py:161} INFO - Started process (PID=12249) to work on /opt/airflow/dags/setup_dag.py
[2026-02-09T16:48:20.878+0000] {processor.py:830} INFO - Processing file /opt/airflow/dags/setup_dag.py for tasks to queue
[2026-02-09T16:48:20.883+0000] {logging_mixin.py:188} INFO - [2026-02-09T16:48:20.882+0000] {dagbag.py:538} INFO - Filling up the DagBag from /opt/airflow/dags/setup_dag.py
[2026-02-09T16:48:20.891+0000] {processor.py:840} INFO - DAG(s) 'fork2_dag' retrieved from /opt/airflow/dags/setup_dag.py
[2026-02-09T16:48:20.925+0000] {logging_mixin.py:188} INFO - [2026-02-09T16:48:20.925+0000] {dag.py:3036} INFO - Sync 1 DAGs
[2026-02-09T16:48:20.963+0000] {logging_mixin.py:188} INFO - [2026-02-09T16:48:20.963+0000] {dag.py:3823} INFO - Setting next_dagrun for fork2_dag to 2026-02-09 16:48:10+00:00, run_after=2026-02-09 16:48:20+00:00
[2026-02-09T16:48:21.193+0000] {processor.py:183} INFO - Processing /opt/airflow/dags/setup_dag.py took 0.322 seconds
[2026-02-09T16:48:51.641+0000] {processor.py:161} INFO - Started process (PID=12323) to work on /opt/airflow/dags/setup_dag.py
[2026-02-09T16:48:51.642+0000] {processor.py:830} INFO - Processing file /opt/airflow/dags/setup_dag.py for tasks to queue
[2026-02-09T16:48:51.646+0000] {logging_mixin.py:188} INFO - [2026-02-09T16:48:51.646+0000] {dagbag.py:538} INFO - Filling up the DagBag from /opt/airflow/dags/setup_dag.py
[2026-02-09T16:48:51.656+0000] {processor.py:840} INFO - DAG(s) 'fork2_dag' retrieved from /opt/airflow/dags/setup_dag.py
[2026-02-09T16:48:51.839+0000] {logging_mixin.py:188} INFO - [2026-02-09T16:48:51.838+0000] {dag.py:3036} INFO - Sync 1 DAGs
[2026-02-09T16:48:51.877+0000] {logging_mixin.py:188} INFO - [2026-02-09T16:48:51.877+0000] {dag.py:3823} INFO - Setting next_dagrun for fork2_dag to 2026-02-09 16:48:40+00:00, run_after=2026-02-09 16:48:50+00:00
[2026-02-09T16:48:51.904+0000] {processor.py:183} INFO - Processing /opt/airflow/dags/setup_dag.py took 0.269 seconds
[2026-02-09T16:49:22.022+0000] {processor.py:161} INFO - Started process (PID=12398) to work on /opt/airflow/dags/setup_dag.py
[2026-02-09T16:49:22.024+0000] {processor.py:830} INFO - Processing file /opt/airflow/dags/setup_dag.py for tasks to queue
[2026-02-09T16:49:22.027+0000] {logging_mixin.py:188} INFO - [2026-02-09T16:49:22.027+0000] {dagbag.py:538} INFO - Filling up the DagBag from /opt/airflow/dags/setup_dag.py
[2026-02-09T16:49:22.036+0000] {processor.py:840} INFO - DAG(s) 'fork2_dag' retrieved from /opt/airflow/dags/setup_dag.py
[2026-02-09T16:49:22.068+0000] {logging_mixin.py:188} INFO - [2026-02-09T16:49:22.067+0000] {dag.py:3036} INFO - Sync 1 DAGs
[2026-02-09T16:49:22.105+0000] {logging_mixin.py:188} INFO - [2026-02-09T16:49:22.105+0000] {dag.py:3823} INFO - Setting next_dagrun for fork2_dag to 2026-02-09 16:49:10+00:00, run_after=2026-02-09 16:49:20+00:00
[2026-02-09T16:49:22.139+0000] {processor.py:183} INFO - Processing /opt/airflow/dags/setup_dag.py took 0.123 seconds
[2026-02-09T16:49:52.278+0000] {processor.py:161} INFO - Started process (PID=12469) to work on /opt/airflow/dags/setup_dag.py
[2026-02-09T16:49:52.280+0000] {processor.py:830} INFO - Processing file /opt/airflow/dags/setup_dag.py for tasks to queue
[2026-02-09T16:49:52.282+0000] {logging_mixin.py:188} INFO - [2026-02-09T16:49:52.282+0000] {dagbag.py:538} INFO - Filling up the DagBag from /opt/airflow/dags/setup_dag.py
[2026-02-09T16:49:52.292+0000] {processor.py:840} INFO - DAG(s) 'fork2_dag' retrieved from /opt/airflow/dags/setup_dag.py
[2026-02-09T16:49:52.467+0000] {logging_mixin.py:188} INFO - [2026-02-09T16:49:52.467+0000] {dag.py:3036} INFO - Sync 1 DAGs
[2026-02-09T16:49:52.500+0000] {logging_mixin.py:188} INFO - [2026-02-09T16:49:52.500+0000] {dag.py:3823} INFO - Setting next_dagrun for fork2_dag to 2026-02-09 16:49:40+00:00, run_after=2026-02-09 16:49:50+00:00
[2026-02-09T16:49:52.532+0000] {processor.py:183} INFO - Processing /opt/airflow/dags/setup_dag.py took 0.259 seconds
[2026-02-09T16:50:23.137+0000] {processor.py:161} INFO - Started process (PID=12542) to work on /opt/airflow/dags/setup_dag.py
[2026-02-09T16:50:23.138+0000] {processor.py:830} INFO - Processing file /opt/airflow/dags/setup_dag.py for tasks to queue
[2026-02-09T16:50:23.141+0000] {logging_mixin.py:188} INFO - [2026-02-09T16:50:23.140+0000] {dagbag.py:538} INFO - Filling up the DagBag from /opt/airflow/dags/setup_dag.py
[2026-02-09T16:50:23.150+0000] {processor.py:840} INFO - DAG(s) 'fork2_dag' retrieved from /opt/airflow/dags/setup_dag.py
[2026-02-09T16:50:23.182+0000] {logging_mixin.py:188} INFO - [2026-02-09T16:50:23.182+0000] {dag.py:3036} INFO - Sync 1 DAGs
[2026-02-09T16:50:23.220+0000] {logging_mixin.py:188} INFO - [2026-02-09T16:50:23.220+0000] {dag.py:3823} INFO - Setting next_dagrun for fork2_dag to 2026-02-09 16:50:10+00:00, run_after=2026-02-09 16:50:20+00:00
[2026-02-09T16:50:23.254+0000] {processor.py:183} INFO - Processing /opt/airflow/dags/setup_dag.py took 0.122 seconds
[2026-02-09T16:50:53.746+0000] {processor.py:161} INFO - Started process (PID=12616) to work on /opt/airflow/dags/setup_dag.py
[2026-02-09T16:50:53.748+0000] {processor.py:830} INFO - Processing file /opt/airflow/dags/setup_dag.py for tasks to queue
[2026-02-09T16:50:53.755+0000] {logging_mixin.py:188} INFO - [2026-02-09T16:50:53.754+0000] {dagbag.py:538} INFO - Filling up the DagBag from /opt/airflow/dags/setup_dag.py
[2026-02-09T16:50:53.767+0000] {processor.py:840} INFO - DAG(s) 'fork2_dag' retrieved from /opt/airflow/dags/setup_dag.py
[2026-02-09T16:50:53.940+0000] {logging_mixin.py:188} INFO - [2026-02-09T16:50:53.940+0000] {dag.py:3036} INFO - Sync 1 DAGs
[2026-02-09T16:50:53.973+0000] {logging_mixin.py:188} INFO - [2026-02-09T16:50:53.973+0000] {dag.py:3823} INFO - Setting next_dagrun for fork2_dag to 2026-02-09 16:50:40+00:00, run_after=2026-02-09 16:50:50+00:00
[2026-02-09T16:50:54.003+0000] {processor.py:183} INFO - Processing /opt/airflow/dags/setup_dag.py took 0.262 seconds
[2026-02-09T16:51:24.330+0000] {processor.py:161} INFO - Started process (PID=12692) to work on /opt/airflow/dags/setup_dag.py
[2026-02-09T16:51:24.332+0000] {processor.py:830} INFO - Processing file /opt/airflow/dags/setup_dag.py for tasks to queue
[2026-02-09T16:51:24.335+0000] {logging_mixin.py:188} INFO - [2026-02-09T16:51:24.334+0000] {dagbag.py:538} INFO - Filling up the DagBag from /opt/airflow/dags/setup_dag.py
[2026-02-09T16:51:24.344+0000] {processor.py:840} INFO - DAG(s) 'fork2_dag' retrieved from /opt/airflow/dags/setup_dag.py
[2026-02-09T16:51:24.377+0000] {logging_mixin.py:188} INFO - [2026-02-09T16:51:24.376+0000] {dag.py:3036} INFO - Sync 1 DAGs
[2026-02-09T16:51:24.423+0000] {logging_mixin.py:188} INFO - [2026-02-09T16:51:24.422+0000] {dag.py:3823} INFO - Setting next_dagrun for fork2_dag to 2026-02-09 16:51:10+00:00, run_after=2026-02-09 16:51:20+00:00
[2026-02-09T16:51:24.458+0000] {processor.py:183} INFO - Processing /opt/airflow/dags/setup_dag.py took 0.138 seconds
[2026-02-09T16:51:54.805+0000] {processor.py:161} INFO - Started process (PID=12775) to work on /opt/airflow/dags/setup_dag.py
[2026-02-09T16:51:54.809+0000] {processor.py:830} INFO - Processing file /opt/airflow/dags/setup_dag.py for tasks to queue
[2026-02-09T16:51:54.813+0000] {logging_mixin.py:188} INFO - [2026-02-09T16:51:54.813+0000] {dagbag.py:538} INFO - Filling up the DagBag from /opt/airflow/dags/setup_dag.py
[2026-02-09T16:51:54.826+0000] {processor.py:840} INFO - DAG(s) 'fork2_dag' retrieved from /opt/airflow/dags/setup_dag.py
[2026-02-09T16:51:55.052+0000] {logging_mixin.py:188} INFO - [2026-02-09T16:51:55.052+0000] {dag.py:3036} INFO - Sync 1 DAGs
[2026-02-09T16:51:55.095+0000] {logging_mixin.py:188} INFO - [2026-02-09T16:51:55.095+0000] {dag.py:3823} INFO - Setting next_dagrun for fork2_dag to 2026-02-09 16:51:40+00:00, run_after=2026-02-09 16:51:50+00:00
[2026-02-09T16:51:55.132+0000] {processor.py:183} INFO - Processing /opt/airflow/dags/setup_dag.py took 0.333 seconds
[2026-02-09T16:52:25.278+0000] {processor.py:161} INFO - Started process (PID=12854) to work on /opt/airflow/dags/setup_dag.py
[2026-02-09T16:52:25.280+0000] {processor.py:830} INFO - Processing file /opt/airflow/dags/setup_dag.py for tasks to queue
[2026-02-09T16:52:25.284+0000] {logging_mixin.py:188} INFO - [2026-02-09T16:52:25.283+0000] {dagbag.py:538} INFO - Filling up the DagBag from /opt/airflow/dags/setup_dag.py
[2026-02-09T16:52:25.293+0000] {processor.py:840} INFO - DAG(s) 'fork2_dag' retrieved from /opt/airflow/dags/setup_dag.py
[2026-02-09T16:52:25.314+0000] {logging_mixin.py:188} INFO - [2026-02-09T16:52:25.314+0000] {dag.py:3036} INFO - Sync 1 DAGs
[2026-02-09T16:52:25.360+0000] {logging_mixin.py:188} INFO - [2026-02-09T16:52:25.360+0000] {dag.py:3823} INFO - Setting next_dagrun for fork2_dag to 2026-02-09 16:52:10+00:00, run_after=2026-02-09 16:52:20+00:00
[2026-02-09T16:52:25.398+0000] {processor.py:183} INFO - Processing /opt/airflow/dags/setup_dag.py took 0.125 seconds
[2026-02-09T16:52:55.435+0000] {processor.py:161} INFO - Started process (PID=12929) to work on /opt/airflow/dags/setup_dag.py
[2026-02-09T16:52:55.437+0000] {processor.py:830} INFO - Processing file /opt/airflow/dags/setup_dag.py for tasks to queue
[2026-02-09T16:52:55.440+0000] {logging_mixin.py:188} INFO - [2026-02-09T16:52:55.439+0000] {dagbag.py:538} INFO - Filling up the DagBag from /opt/airflow/dags/setup_dag.py
[2026-02-09T16:52:55.448+0000] {processor.py:840} INFO - DAG(s) 'fork2_dag' retrieved from /opt/airflow/dags/setup_dag.py
[2026-02-09T16:52:55.615+0000] {logging_mixin.py:188} INFO - [2026-02-09T16:52:55.615+0000] {dag.py:3036} INFO - Sync 1 DAGs
[2026-02-09T16:52:55.647+0000] {logging_mixin.py:188} INFO - [2026-02-09T16:52:55.647+0000] {dag.py:3823} INFO - Setting next_dagrun for fork2_dag to 2026-02-09 16:52:40+00:00, run_after=2026-02-09 16:52:50+00:00
[2026-02-09T16:52:55.693+0000] {processor.py:183} INFO - Processing /opt/airflow/dags/setup_dag.py took 0.263 seconds
[2026-02-09T16:53:25.970+0000] {processor.py:161} INFO - Started process (PID=13004) to work on /opt/airflow/dags/setup_dag.py
[2026-02-09T16:53:25.972+0000] {processor.py:830} INFO - Processing file /opt/airflow/dags/setup_dag.py for tasks to queue
[2026-02-09T16:53:25.975+0000] {logging_mixin.py:188} INFO - [2026-02-09T16:53:25.974+0000] {dagbag.py:538} INFO - Filling up the DagBag from /opt/airflow/dags/setup_dag.py
[2026-02-09T16:53:25.985+0000] {processor.py:840} INFO - DAG(s) 'fork2_dag' retrieved from /opt/airflow/dags/setup_dag.py
[2026-02-09T16:53:26.019+0000] {logging_mixin.py:188} INFO - [2026-02-09T16:53:26.019+0000] {dag.py:3036} INFO - Sync 1 DAGs
[2026-02-09T16:53:26.057+0000] {logging_mixin.py:188} INFO - [2026-02-09T16:53:26.057+0000] {dag.py:3823} INFO - Setting next_dagrun for fork2_dag to 2026-02-09 16:53:10+00:00, run_after=2026-02-09 16:53:20+00:00
[2026-02-09T16:53:26.084+0000] {processor.py:183} INFO - Processing /opt/airflow/dags/setup_dag.py took 0.120 seconds
[2026-02-09T16:53:56.411+0000] {processor.py:161} INFO - Started process (PID=13079) to work on /opt/airflow/dags/setup_dag.py
[2026-02-09T16:53:56.412+0000] {processor.py:830} INFO - Processing file /opt/airflow/dags/setup_dag.py for tasks to queue
[2026-02-09T16:53:56.415+0000] {logging_mixin.py:188} INFO - [2026-02-09T16:53:56.415+0000] {dagbag.py:538} INFO - Filling up the DagBag from /opt/airflow/dags/setup_dag.py
[2026-02-09T16:53:56.424+0000] {processor.py:840} INFO - DAG(s) 'fork2_dag' retrieved from /opt/airflow/dags/setup_dag.py
[2026-02-09T16:53:56.617+0000] {logging_mixin.py:188} INFO - [2026-02-09T16:53:56.617+0000] {dag.py:3036} INFO - Sync 1 DAGs
[2026-02-09T16:53:56.655+0000] {logging_mixin.py:188} INFO - [2026-02-09T16:53:56.655+0000] {dag.py:3823} INFO - Setting next_dagrun for fork2_dag to 2026-02-09 16:53:40+00:00, run_after=2026-02-09 16:53:50+00:00
[2026-02-09T16:53:56.687+0000] {processor.py:183} INFO - Processing /opt/airflow/dags/setup_dag.py took 0.281 seconds
[2026-02-09T16:54:26.961+0000] {processor.py:161} INFO - Started process (PID=13155) to work on /opt/airflow/dags/setup_dag.py
[2026-02-09T16:54:26.963+0000] {processor.py:830} INFO - Processing file /opt/airflow/dags/setup_dag.py for tasks to queue
[2026-02-09T16:54:26.966+0000] {logging_mixin.py:188} INFO - [2026-02-09T16:54:26.966+0000] {dagbag.py:538} INFO - Filling up the DagBag from /opt/airflow/dags/setup_dag.py
[2026-02-09T16:54:26.977+0000] {processor.py:840} INFO - DAG(s) 'fork2_dag' retrieved from /opt/airflow/dags/setup_dag.py
[2026-02-09T16:54:27.013+0000] {logging_mixin.py:188} INFO - [2026-02-09T16:54:27.012+0000] {dag.py:3036} INFO - Sync 1 DAGs
[2026-02-09T16:54:27.055+0000] {logging_mixin.py:188} INFO - [2026-02-09T16:54:27.055+0000] {dag.py:3823} INFO - Setting next_dagrun for fork2_dag to 2026-02-09 16:54:10+00:00, run_after=2026-02-09 16:54:20+00:00
[2026-02-09T16:54:27.087+0000] {processor.py:183} INFO - Processing /opt/airflow/dags/setup_dag.py took 0.131 seconds
[2026-02-09T16:54:57.259+0000] {processor.py:161} INFO - Started process (PID=13231) to work on /opt/airflow/dags/setup_dag.py
[2026-02-09T16:54:57.261+0000] {processor.py:830} INFO - Processing file /opt/airflow/dags/setup_dag.py for tasks to queue
[2026-02-09T16:54:57.264+0000] {logging_mixin.py:188} INFO - [2026-02-09T16:54:57.264+0000] {dagbag.py:538} INFO - Filling up the DagBag from /opt/airflow/dags/setup_dag.py
[2026-02-09T16:54:57.276+0000] {processor.py:840} INFO - DAG(s) 'fork2_dag' retrieved from /opt/airflow/dags/setup_dag.py
[2026-02-09T16:54:57.468+0000] {logging_mixin.py:188} INFO - [2026-02-09T16:54:57.467+0000] {dag.py:3036} INFO - Sync 1 DAGs
[2026-02-09T16:54:57.505+0000] {logging_mixin.py:188} INFO - [2026-02-09T16:54:57.504+0000] {dag.py:3823} INFO - Setting next_dagrun for fork2_dag to 2026-02-09 16:54:40+00:00, run_after=2026-02-09 16:54:50+00:00
[2026-02-09T16:54:57.541+0000] {processor.py:183} INFO - Processing /opt/airflow/dags/setup_dag.py took 0.287 seconds
[2026-02-09T16:55:27.652+0000] {processor.py:161} INFO - Started process (PID=13310) to work on /opt/airflow/dags/setup_dag.py
[2026-02-09T16:55:27.654+0000] {processor.py:830} INFO - Processing file /opt/airflow/dags/setup_dag.py for tasks to queue
[2026-02-09T16:55:27.658+0000] {logging_mixin.py:188} INFO - [2026-02-09T16:55:27.658+0000] {dagbag.py:538} INFO - Filling up the DagBag from /opt/airflow/dags/setup_dag.py
[2026-02-09T16:55:27.668+0000] {processor.py:840} INFO - DAG(s) 'fork2_dag' retrieved from /opt/airflow/dags/setup_dag.py
[2026-02-09T16:55:27.708+0000] {logging_mixin.py:188} INFO - [2026-02-09T16:55:27.708+0000] {dag.py:3036} INFO - Sync 1 DAGs
[2026-02-09T16:55:27.753+0000] {logging_mixin.py:188} INFO - [2026-02-09T16:55:27.752+0000] {dag.py:3823} INFO - Setting next_dagrun for fork2_dag to 2026-02-09 16:55:10+00:00, run_after=2026-02-09 16:55:20+00:00
[2026-02-09T16:55:27.788+0000] {processor.py:183} INFO - Processing /opt/airflow/dags/setup_dag.py took 0.141 seconds
[2026-02-09T16:55:57.896+0000] {processor.py:161} INFO - Started process (PID=13385) to work on /opt/airflow/dags/setup_dag.py
[2026-02-09T16:55:57.897+0000] {processor.py:830} INFO - Processing file /opt/airflow/dags/setup_dag.py for tasks to queue
[2026-02-09T16:55:57.901+0000] {logging_mixin.py:188} INFO - [2026-02-09T16:55:57.901+0000] {dagbag.py:538} INFO - Filling up the DagBag from /opt/airflow/dags/setup_dag.py
[2026-02-09T16:55:57.911+0000] {processor.py:840} INFO - DAG(s) 'fork2_dag' retrieved from /opt/airflow/dags/setup_dag.py
[2026-02-09T16:55:58.088+0000] {logging_mixin.py:188} INFO - [2026-02-09T16:55:58.088+0000] {dag.py:3036} INFO - Sync 1 DAGs
[2026-02-09T16:55:58.131+0000] {logging_mixin.py:188} INFO - [2026-02-09T16:55:58.130+0000] {dag.py:3823} INFO - Setting next_dagrun for fork2_dag to 2026-02-09 16:55:40+00:00, run_after=2026-02-09 16:55:50+00:00
[2026-02-09T16:55:58.165+0000] {processor.py:183} INFO - Processing /opt/airflow/dags/setup_dag.py took 0.275 seconds
[2026-02-09T16:56:28.501+0000] {processor.py:161} INFO - Started process (PID=13460) to work on /opt/airflow/dags/setup_dag.py
[2026-02-09T16:56:28.503+0000] {processor.py:830} INFO - Processing file /opt/airflow/dags/setup_dag.py for tasks to queue
[2026-02-09T16:56:28.506+0000] {logging_mixin.py:188} INFO - [2026-02-09T16:56:28.505+0000] {dagbag.py:538} INFO - Filling up the DagBag from /opt/airflow/dags/setup_dag.py
[2026-02-09T16:56:28.517+0000] {processor.py:840} INFO - DAG(s) 'fork2_dag' retrieved from /opt/airflow/dags/setup_dag.py
[2026-02-09T16:56:28.560+0000] {logging_mixin.py:188} INFO - [2026-02-09T16:56:28.559+0000] {dag.py:3036} INFO - Sync 1 DAGs
[2026-02-09T16:56:28.611+0000] {logging_mixin.py:188} INFO - [2026-02-09T16:56:28.610+0000] {dag.py:3823} INFO - Setting next_dagrun for fork2_dag to 2026-02-09 16:56:10+00:00, run_after=2026-02-09 16:56:20+00:00
[2026-02-09T16:56:28.647+0000] {processor.py:183} INFO - Processing /opt/airflow/dags/setup_dag.py took 0.153 seconds
[2026-02-09T16:56:58.892+0000] {processor.py:161} INFO - Started process (PID=13544) to work on /opt/airflow/dags/setup_dag.py
[2026-02-09T16:56:58.893+0000] {processor.py:830} INFO - Processing file /opt/airflow/dags/setup_dag.py for tasks to queue
[2026-02-09T16:56:58.897+0000] {logging_mixin.py:188} INFO - [2026-02-09T16:56:58.896+0000] {dagbag.py:538} INFO - Filling up the DagBag from /opt/airflow/dags/setup_dag.py
[2026-02-09T16:56:58.907+0000] {processor.py:840} INFO - DAG(s) 'fork2_dag' retrieved from /opt/airflow/dags/setup_dag.py
[2026-02-09T16:56:59.134+0000] {logging_mixin.py:188} INFO - [2026-02-09T16:56:59.133+0000] {dag.py:3036} INFO - Sync 1 DAGs
[2026-02-09T16:56:59.177+0000] {logging_mixin.py:188} INFO - [2026-02-09T16:56:59.176+0000] {dag.py:3823} INFO - Setting next_dagrun for fork2_dag to 2026-02-09 16:56:40+00:00, run_after=2026-02-09 16:56:50+00:00
[2026-02-09T16:56:59.207+0000] {processor.py:183} INFO - Processing /opt/airflow/dags/setup_dag.py took 0.320 seconds
[2026-02-09T16:57:29.403+0000] {processor.py:161} INFO - Started process (PID=13622) to work on /opt/airflow/dags/setup_dag.py
[2026-02-09T16:57:29.405+0000] {processor.py:830} INFO - Processing file /opt/airflow/dags/setup_dag.py for tasks to queue
[2026-02-09T16:57:29.410+0000] {logging_mixin.py:188} INFO - [2026-02-09T16:57:29.409+0000] {dagbag.py:538} INFO - Filling up the DagBag from /opt/airflow/dags/setup_dag.py
[2026-02-09T16:57:29.420+0000] {processor.py:840} INFO - DAG(s) 'fork2_dag' retrieved from /opt/airflow/dags/setup_dag.py
[2026-02-09T16:57:29.460+0000] {logging_mixin.py:188} INFO - [2026-02-09T16:57:29.459+0000] {dag.py:3036} INFO - Sync 1 DAGs
[2026-02-09T16:57:29.506+0000] {logging_mixin.py:188} INFO - [2026-02-09T16:57:29.505+0000] {dag.py:3823} INFO - Setting next_dagrun for fork2_dag to 2026-02-09 16:57:10+00:00, run_after=2026-02-09 16:57:20+00:00
[2026-02-09T16:57:29.536+0000] {processor.py:183} INFO - Processing /opt/airflow/dags/setup_dag.py took 0.140 seconds
[2026-02-09T16:57:59.881+0000] {processor.py:161} INFO - Started process (PID=13696) to work on /opt/airflow/dags/setup_dag.py
[2026-02-09T16:57:59.882+0000] {processor.py:830} INFO - Processing file /opt/airflow/dags/setup_dag.py for tasks to queue
[2026-02-09T16:57:59.885+0000] {logging_mixin.py:188} INFO - [2026-02-09T16:57:59.885+0000] {dagbag.py:538} INFO - Filling up the DagBag from /opt/airflow/dags/setup_dag.py
[2026-02-09T16:57:59.895+0000] {processor.py:840} INFO - DAG(s) 'fork2_dag' retrieved from /opt/airflow/dags/setup_dag.py
[2026-02-09T16:58:00.109+0000] {logging_mixin.py:188} INFO - [2026-02-09T16:58:00.108+0000] {dag.py:3036} INFO - Sync 1 DAGs
[2026-02-09T16:58:00.152+0000] {logging_mixin.py:188} INFO - [2026-02-09T16:58:00.151+0000] {dag.py:3823} INFO - Setting next_dagrun for fork2_dag to 2026-02-09 16:57:50+00:00, run_after=2026-02-09 16:58:00+00:00
[2026-02-09T16:58:00.186+0000] {processor.py:183} INFO - Processing /opt/airflow/dags/setup_dag.py took 0.310 seconds
[2026-02-09T16:58:30.240+0000] {processor.py:161} INFO - Started process (PID=13774) to work on /opt/airflow/dags/setup_dag.py
[2026-02-09T16:58:30.242+0000] {processor.py:830} INFO - Processing file /opt/airflow/dags/setup_dag.py for tasks to queue
[2026-02-09T16:58:30.245+0000] {logging_mixin.py:188} INFO - [2026-02-09T16:58:30.245+0000] {dagbag.py:538} INFO - Filling up the DagBag from /opt/airflow/dags/setup_dag.py
[2026-02-09T16:58:30.253+0000] {processor.py:840} INFO - DAG(s) 'fork2_dag' retrieved from /opt/airflow/dags/setup_dag.py
[2026-02-09T16:58:30.290+0000] {logging_mixin.py:188} INFO - [2026-02-09T16:58:30.290+0000] {dag.py:3036} INFO - Sync 1 DAGs
[2026-02-09T16:58:30.335+0000] {logging_mixin.py:188} INFO - [2026-02-09T16:58:30.334+0000] {dag.py:3823} INFO - Setting next_dagrun for fork2_dag to 2026-02-09 16:58:20+00:00, run_after=2026-02-09 16:58:30+00:00
[2026-02-09T16:58:30.376+0000] {processor.py:183} INFO - Processing /opt/airflow/dags/setup_dag.py took 0.142 seconds
[2026-02-09T16:59:00.466+0000] {processor.py:161} INFO - Started process (PID=13848) to work on /opt/airflow/dags/setup_dag.py
[2026-02-09T16:59:00.467+0000] {processor.py:830} INFO - Processing file /opt/airflow/dags/setup_dag.py for tasks to queue
[2026-02-09T16:59:00.471+0000] {logging_mixin.py:188} INFO - [2026-02-09T16:59:00.470+0000] {dagbag.py:538} INFO - Filling up the DagBag from /opt/airflow/dags/setup_dag.py
[2026-02-09T16:59:00.481+0000] {processor.py:840} INFO - DAG(s) 'fork2_dag' retrieved from /opt/airflow/dags/setup_dag.py
[2026-02-09T16:59:00.669+0000] {logging_mixin.py:188} INFO - [2026-02-09T16:59:00.669+0000] {dag.py:3036} INFO - Sync 1 DAGs
[2026-02-09T16:59:00.702+0000] {logging_mixin.py:188} INFO - [2026-02-09T16:59:00.701+0000] {dag.py:3823} INFO - Setting next_dagrun for fork2_dag to 2026-02-09 16:58:50+00:00, run_after=2026-02-09 16:59:00+00:00
[2026-02-09T16:59:00.743+0000] {processor.py:183} INFO - Processing /opt/airflow/dags/setup_dag.py took 0.283 seconds
[2026-02-09T16:59:31.003+0000] {processor.py:161} INFO - Started process (PID=13924) to work on /opt/airflow/dags/setup_dag.py
[2026-02-09T16:59:31.005+0000] {processor.py:830} INFO - Processing file /opt/airflow/dags/setup_dag.py for tasks to queue
[2026-02-09T16:59:31.008+0000] {logging_mixin.py:188} INFO - [2026-02-09T16:59:31.007+0000] {dagbag.py:538} INFO - Filling up the DagBag from /opt/airflow/dags/setup_dag.py
[2026-02-09T16:59:31.018+0000] {processor.py:840} INFO - DAG(s) 'fork2_dag' retrieved from /opt/airflow/dags/setup_dag.py
[2026-02-09T16:59:31.055+0000] {logging_mixin.py:188} INFO - [2026-02-09T16:59:31.054+0000] {dag.py:3036} INFO - Sync 1 DAGs
[2026-02-09T16:59:31.090+0000] {logging_mixin.py:188} INFO - [2026-02-09T16:59:31.090+0000] {dag.py:3823} INFO - Setting next_dagrun for fork2_dag to 2026-02-09 16:59:20+00:00, run_after=2026-02-09 16:59:30+00:00
[2026-02-09T16:59:31.119+0000] {processor.py:183} INFO - Processing /opt/airflow/dags/setup_dag.py took 0.122 seconds
[2026-02-09T17:00:01.271+0000] {processor.py:161} INFO - Started process (PID=14000) to work on /opt/airflow/dags/setup_dag.py
[2026-02-09T17:00:01.272+0000] {processor.py:830} INFO - Processing file /opt/airflow/dags/setup_dag.py for tasks to queue
[2026-02-09T17:00:01.275+0000] {logging_mixin.py:188} INFO - [2026-02-09T17:00:01.275+0000] {dagbag.py:538} INFO - Filling up the DagBag from /opt/airflow/dags/setup_dag.py
[2026-02-09T17:00:01.284+0000] {processor.py:840} INFO - DAG(s) 'fork2_dag' retrieved from /opt/airflow/dags/setup_dag.py
[2026-02-09T17:00:01.468+0000] {logging_mixin.py:188} INFO - [2026-02-09T17:00:01.468+0000] {dag.py:3036} INFO - Sync 1 DAGs
[2026-02-09T17:00:01.503+0000] {logging_mixin.py:188} INFO - [2026-02-09T17:00:01.503+0000] {dag.py:3823} INFO - Setting next_dagrun for fork2_dag to 2026-02-09 16:59:50+00:00, run_after=2026-02-09 17:00:00+00:00
[2026-02-09T17:00:01.534+0000] {processor.py:183} INFO - Processing /opt/airflow/dags/setup_dag.py took 0.267 seconds
[2026-02-09T17:00:31.828+0000] {processor.py:161} INFO - Started process (PID=14075) to work on /opt/airflow/dags/setup_dag.py
[2026-02-09T17:00:31.830+0000] {processor.py:830} INFO - Processing file /opt/airflow/dags/setup_dag.py for tasks to queue
[2026-02-09T17:00:31.833+0000] {logging_mixin.py:188} INFO - [2026-02-09T17:00:31.832+0000] {dagbag.py:538} INFO - Filling up the DagBag from /opt/airflow/dags/setup_dag.py
[2026-02-09T17:00:31.843+0000] {processor.py:840} INFO - DAG(s) 'fork2_dag' retrieved from /opt/airflow/dags/setup_dag.py
[2026-02-09T17:00:31.876+0000] {logging_mixin.py:188} INFO - [2026-02-09T17:00:31.875+0000] {dag.py:3036} INFO - Sync 1 DAGs
[2026-02-09T17:00:31.913+0000] {logging_mixin.py:188} INFO - [2026-02-09T17:00:31.913+0000] {dag.py:3823} INFO - Setting next_dagrun for fork2_dag to 2026-02-09 17:00:20+00:00, run_after=2026-02-09 17:00:30+00:00
[2026-02-09T17:00:31.943+0000] {processor.py:183} INFO - Processing /opt/airflow/dags/setup_dag.py took 0.120 seconds
[2026-02-09T17:01:02.275+0000] {processor.py:161} INFO - Started process (PID=14159) to work on /opt/airflow/dags/setup_dag.py
[2026-02-09T17:01:02.277+0000] {processor.py:830} INFO - Processing file /opt/airflow/dags/setup_dag.py for tasks to queue
[2026-02-09T17:01:02.280+0000] {logging_mixin.py:188} INFO - [2026-02-09T17:01:02.279+0000] {dagbag.py:538} INFO - Filling up the DagBag from /opt/airflow/dags/setup_dag.py
[2026-02-09T17:01:02.291+0000] {processor.py:840} INFO - DAG(s) 'fork2_dag' retrieved from /opt/airflow/dags/setup_dag.py
[2026-02-09T17:01:02.513+0000] {logging_mixin.py:188} INFO - [2026-02-09T17:01:02.513+0000] {dag.py:3036} INFO - Sync 1 DAGs
[2026-02-09T17:01:02.557+0000] {logging_mixin.py:188} INFO - [2026-02-09T17:01:02.557+0000] {dag.py:3823} INFO - Setting next_dagrun for fork2_dag to 2026-02-09 17:00:50+00:00, run_after=2026-02-09 17:01:00+00:00
[2026-02-09T17:01:02.594+0000] {processor.py:183} INFO - Processing /opt/airflow/dags/setup_dag.py took 0.325 seconds
[2026-02-09T17:01:32.881+0000] {processor.py:161} INFO - Started process (PID=14236) to work on /opt/airflow/dags/setup_dag.py
[2026-02-09T17:01:32.886+0000] {processor.py:830} INFO - Processing file /opt/airflow/dags/setup_dag.py for tasks to queue
[2026-02-09T17:01:32.891+0000] {logging_mixin.py:188} INFO - [2026-02-09T17:01:32.890+0000] {dagbag.py:538} INFO - Filling up the DagBag from /opt/airflow/dags/setup_dag.py
[2026-02-09T17:01:32.904+0000] {processor.py:840} INFO - DAG(s) 'fork2_dag' retrieved from /opt/airflow/dags/setup_dag.py
[2026-02-09T17:01:32.942+0000] {logging_mixin.py:188} INFO - [2026-02-09T17:01:32.942+0000] {dag.py:3036} INFO - Sync 1 DAGs
[2026-02-09T17:01:32.988+0000] {logging_mixin.py:188} INFO - [2026-02-09T17:01:32.988+0000] {dag.py:3823} INFO - Setting next_dagrun for fork2_dag to 2026-02-09 17:01:20+00:00, run_after=2026-02-09 17:01:30+00:00
[2026-02-09T17:01:33.035+0000] {processor.py:183} INFO - Processing /opt/airflow/dags/setup_dag.py took 0.166 seconds
[2026-02-09T17:02:03.136+0000] {processor.py:161} INFO - Started process (PID=14311) to work on /opt/airflow/dags/setup_dag.py
[2026-02-09T17:02:03.137+0000] {processor.py:830} INFO - Processing file /opt/airflow/dags/setup_dag.py for tasks to queue
[2026-02-09T17:02:03.141+0000] {logging_mixin.py:188} INFO - [2026-02-09T17:02:03.141+0000] {dagbag.py:538} INFO - Filling up the DagBag from /opt/airflow/dags/setup_dag.py
[2026-02-09T17:02:03.157+0000] {processor.py:840} INFO - DAG(s) 'fork2_dag' retrieved from /opt/airflow/dags/setup_dag.py
[2026-02-09T17:02:03.374+0000] {logging_mixin.py:188} INFO - [2026-02-09T17:02:03.372+0000] {dag.py:3036} INFO - Sync 1 DAGs
[2026-02-09T17:02:03.434+0000] {logging_mixin.py:188} INFO - [2026-02-09T17:02:03.433+0000] {dag.py:3823} INFO - Setting next_dagrun for fork2_dag to 2026-02-09 17:01:50+00:00, run_after=2026-02-09 17:02:00+00:00
[2026-02-09T17:02:03.483+0000] {processor.py:183} INFO - Processing /opt/airflow/dags/setup_dag.py took 0.353 seconds
[2026-02-09T17:02:33.544+0000] {processor.py:161} INFO - Started process (PID=14387) to work on /opt/airflow/dags/setup_dag.py
[2026-02-09T17:02:33.547+0000] {processor.py:830} INFO - Processing file /opt/airflow/dags/setup_dag.py for tasks to queue
[2026-02-09T17:02:33.550+0000] {logging_mixin.py:188} INFO - [2026-02-09T17:02:33.549+0000] {dagbag.py:538} INFO - Filling up the DagBag from /opt/airflow/dags/setup_dag.py
[2026-02-09T17:02:33.561+0000] {processor.py:840} INFO - DAG(s) 'fork2_dag' retrieved from /opt/airflow/dags/setup_dag.py
[2026-02-09T17:02:33.610+0000] {logging_mixin.py:188} INFO - [2026-02-09T17:02:33.610+0000] {dag.py:3036} INFO - Sync 1 DAGs
[2026-02-09T17:02:33.648+0000] {logging_mixin.py:188} INFO - [2026-02-09T17:02:33.648+0000] {dag.py:3823} INFO - Setting next_dagrun for fork2_dag to 2026-02-09 17:02:20+00:00, run_after=2026-02-09 17:02:30+00:00
[2026-02-09T17:02:33.679+0000] {processor.py:183} INFO - Processing /opt/airflow/dags/setup_dag.py took 0.141 seconds
[2026-02-09T17:03:03.788+0000] {processor.py:161} INFO - Started process (PID=14463) to work on /opt/airflow/dags/setup_dag.py
[2026-02-09T17:03:03.789+0000] {processor.py:830} INFO - Processing file /opt/airflow/dags/setup_dag.py for tasks to queue
[2026-02-09T17:03:03.792+0000] {logging_mixin.py:188} INFO - [2026-02-09T17:03:03.791+0000] {dagbag.py:538} INFO - Filling up the DagBag from /opt/airflow/dags/setup_dag.py
[2026-02-09T17:03:03.800+0000] {processor.py:840} INFO - DAG(s) 'fork2_dag' retrieved from /opt/airflow/dags/setup_dag.py
[2026-02-09T17:03:03.997+0000] {logging_mixin.py:188} INFO - [2026-02-09T17:03:03.996+0000] {dag.py:3036} INFO - Sync 1 DAGs
[2026-02-09T17:03:04.032+0000] {logging_mixin.py:188} INFO - [2026-02-09T17:03:04.031+0000] {dag.py:3823} INFO - Setting next_dagrun for fork2_dag to 2026-02-09 17:02:50+00:00, run_after=2026-02-09 17:03:00+00:00
[2026-02-09T17:03:04.065+0000] {processor.py:183} INFO - Processing /opt/airflow/dags/setup_dag.py took 0.281 seconds
[2026-02-09T17:03:34.124+0000] {processor.py:161} INFO - Started process (PID=14538) to work on /opt/airflow/dags/setup_dag.py
[2026-02-09T17:03:34.134+0000] {processor.py:830} INFO - Processing file /opt/airflow/dags/setup_dag.py for tasks to queue
[2026-02-09T17:03:34.139+0000] {logging_mixin.py:188} INFO - [2026-02-09T17:03:34.139+0000] {dagbag.py:538} INFO - Filling up the DagBag from /opt/airflow/dags/setup_dag.py
[2026-02-09T17:03:34.150+0000] {processor.py:840} INFO - DAG(s) 'fork2_dag' retrieved from /opt/airflow/dags/setup_dag.py
[2026-02-09T17:03:34.195+0000] {logging_mixin.py:188} INFO - [2026-02-09T17:03:34.194+0000] {dag.py:3036} INFO - Sync 1 DAGs
[2026-02-09T17:03:34.237+0000] {logging_mixin.py:188} INFO - [2026-02-09T17:03:34.236+0000] {dag.py:3823} INFO - Setting next_dagrun for fork2_dag to 2026-02-09 17:03:20+00:00, run_after=2026-02-09 17:03:30+00:00
[2026-02-09T17:03:34.268+0000] {processor.py:183} INFO - Processing /opt/airflow/dags/setup_dag.py took 0.149 seconds
[2026-02-09T17:04:04.357+0000] {processor.py:161} INFO - Started process (PID=14615) to work on /opt/airflow/dags/setup_dag.py
[2026-02-09T17:04:04.359+0000] {processor.py:830} INFO - Processing file /opt/airflow/dags/setup_dag.py for tasks to queue
[2026-02-09T17:04:04.361+0000] {logging_mixin.py:188} INFO - [2026-02-09T17:04:04.361+0000] {dagbag.py:538} INFO - Filling up the DagBag from /opt/airflow/dags/setup_dag.py
[2026-02-09T17:04:04.370+0000] {processor.py:840} INFO - DAG(s) 'fork2_dag' retrieved from /opt/airflow/dags/setup_dag.py
[2026-02-09T17:04:04.530+0000] {logging_mixin.py:188} INFO - [2026-02-09T17:04:04.529+0000] {dag.py:3036} INFO - Sync 1 DAGs
[2026-02-09T17:04:04.561+0000] {logging_mixin.py:188} INFO - [2026-02-09T17:04:04.561+0000] {dag.py:3823} INFO - Setting next_dagrun for fork2_dag to 2026-02-09 17:03:50+00:00, run_after=2026-02-09 17:04:00+00:00
[2026-02-09T17:04:04.592+0000] {processor.py:183} INFO - Processing /opt/airflow/dags/setup_dag.py took 0.241 seconds
[2026-02-09T17:04:34.649+0000] {processor.py:161} INFO - Started process (PID=14691) to work on /opt/airflow/dags/setup_dag.py
[2026-02-09T17:04:34.650+0000] {processor.py:830} INFO - Processing file /opt/airflow/dags/setup_dag.py for tasks to queue
[2026-02-09T17:04:34.653+0000] {logging_mixin.py:188} INFO - [2026-02-09T17:04:34.653+0000] {dagbag.py:538} INFO - Filling up the DagBag from /opt/airflow/dags/setup_dag.py
[2026-02-09T17:04:34.663+0000] {processor.py:840} INFO - DAG(s) 'fork2_dag' retrieved from /opt/airflow/dags/setup_dag.py
[2026-02-09T17:04:34.696+0000] {logging_mixin.py:188} INFO - [2026-02-09T17:04:34.696+0000] {dag.py:3036} INFO - Sync 1 DAGs
[2026-02-09T17:04:34.734+0000] {logging_mixin.py:188} INFO - [2026-02-09T17:04:34.733+0000] {dag.py:3823} INFO - Setting next_dagrun for fork2_dag to 2026-02-09 17:04:20+00:00, run_after=2026-02-09 17:04:30+00:00
[2026-02-09T17:04:34.771+0000] {processor.py:183} INFO - Processing /opt/airflow/dags/setup_dag.py took 0.127 seconds
[2026-02-09T17:05:05.145+0000] {processor.py:161} INFO - Started process (PID=14767) to work on /opt/airflow/dags/setup_dag.py
[2026-02-09T17:05:05.147+0000] {processor.py:830} INFO - Processing file /opt/airflow/dags/setup_dag.py for tasks to queue
[2026-02-09T17:05:05.150+0000] {logging_mixin.py:188} INFO - [2026-02-09T17:05:05.150+0000] {dagbag.py:538} INFO - Filling up the DagBag from /opt/airflow/dags/setup_dag.py
[2026-02-09T17:05:05.159+0000] {processor.py:840} INFO - DAG(s) 'fork2_dag' retrieved from /opt/airflow/dags/setup_dag.py
[2026-02-09T17:05:05.367+0000] {logging_mixin.py:188} INFO - [2026-02-09T17:05:05.367+0000] {dag.py:3036} INFO - Sync 1 DAGs
[2026-02-09T17:05:05.400+0000] {logging_mixin.py:188} INFO - [2026-02-09T17:05:05.400+0000] {dag.py:3823} INFO - Setting next_dagrun for fork2_dag to 2026-02-09 17:04:50+00:00, run_after=2026-02-09 17:05:00+00:00
[2026-02-09T17:05:05.431+0000] {processor.py:183} INFO - Processing /opt/airflow/dags/setup_dag.py took 0.291 seconds
[2026-02-09T17:05:35.595+0000] {processor.py:161} INFO - Started process (PID=14842) to work on /opt/airflow/dags/setup_dag.py
[2026-02-09T17:05:35.596+0000] {processor.py:830} INFO - Processing file /opt/airflow/dags/setup_dag.py for tasks to queue
[2026-02-09T17:05:35.599+0000] {logging_mixin.py:188} INFO - [2026-02-09T17:05:35.598+0000] {dagbag.py:538} INFO - Filling up the DagBag from /opt/airflow/dags/setup_dag.py
[2026-02-09T17:05:35.609+0000] {processor.py:840} INFO - DAG(s) 'fork2_dag' retrieved from /opt/airflow/dags/setup_dag.py
[2026-02-09T17:05:35.646+0000] {logging_mixin.py:188} INFO - [2026-02-09T17:05:35.646+0000] {dag.py:3036} INFO - Sync 1 DAGs
[2026-02-09T17:05:35.690+0000] {logging_mixin.py:188} INFO - [2026-02-09T17:05:35.690+0000] {dag.py:3823} INFO - Setting next_dagrun for fork2_dag to 2026-02-09 17:05:20+00:00, run_after=2026-02-09 17:05:30+00:00
[2026-02-09T17:05:35.737+0000] {processor.py:183} INFO - Processing /opt/airflow/dags/setup_dag.py took 0.148 seconds
[2026-02-09T17:06:05.789+0000] {processor.py:161} INFO - Started process (PID=14915) to work on /opt/airflow/dags/setup_dag.py
[2026-02-09T17:06:05.791+0000] {processor.py:830} INFO - Processing file /opt/airflow/dags/setup_dag.py for tasks to queue
[2026-02-09T17:06:05.794+0000] {logging_mixin.py:188} INFO - [2026-02-09T17:06:05.793+0000] {dagbag.py:538} INFO - Filling up the DagBag from /opt/airflow/dags/setup_dag.py
[2026-02-09T17:06:05.803+0000] {processor.py:840} INFO - DAG(s) 'fork2_dag' retrieved from /opt/airflow/dags/setup_dag.py
[2026-02-09T17:06:05.999+0000] {logging_mixin.py:188} INFO - [2026-02-09T17:06:05.998+0000] {dag.py:3036} INFO - Sync 1 DAGs
[2026-02-09T17:06:06.034+0000] {logging_mixin.py:188} INFO - [2026-02-09T17:06:06.033+0000] {dag.py:3823} INFO - Setting next_dagrun for fork2_dag to 2026-02-09 17:05:50+00:00, run_after=2026-02-09 17:06:00+00:00
[2026-02-09T17:06:06.068+0000] {processor.py:183} INFO - Processing /opt/airflow/dags/setup_dag.py took 0.284 seconds
[2026-02-09T17:06:36.142+0000] {processor.py:161} INFO - Started process (PID=14999) to work on /opt/airflow/dags/setup_dag.py
[2026-02-09T17:06:36.146+0000] {processor.py:830} INFO - Processing file /opt/airflow/dags/setup_dag.py for tasks to queue
[2026-02-09T17:06:36.148+0000] {logging_mixin.py:188} INFO - [2026-02-09T17:06:36.148+0000] {dagbag.py:538} INFO - Filling up the DagBag from /opt/airflow/dags/setup_dag.py
[2026-02-09T17:06:36.159+0000] {processor.py:840} INFO - DAG(s) 'fork2_dag' retrieved from /opt/airflow/dags/setup_dag.py
[2026-02-09T17:06:36.193+0000] {logging_mixin.py:188} INFO - [2026-02-09T17:06:36.192+0000] {dag.py:3036} INFO - Sync 1 DAGs
[2026-02-09T17:06:36.229+0000] {logging_mixin.py:188} INFO - [2026-02-09T17:06:36.228+0000] {dag.py:3823} INFO - Setting next_dagrun for fork2_dag to 2026-02-09 17:06:20+00:00, run_after=2026-02-09 17:06:30+00:00
[2026-02-09T17:06:36.264+0000] {processor.py:183} INFO - Processing /opt/airflow/dags/setup_dag.py took 0.128 seconds
[2026-02-09T17:07:06.630+0000] {processor.py:161} INFO - Started process (PID=15076) to work on /opt/airflow/dags/setup_dag.py
[2026-02-09T17:07:06.632+0000] {processor.py:830} INFO - Processing file /opt/airflow/dags/setup_dag.py for tasks to queue
[2026-02-09T17:07:06.636+0000] {logging_mixin.py:188} INFO - [2026-02-09T17:07:06.636+0000] {dagbag.py:538} INFO - Filling up the DagBag from /opt/airflow/dags/setup_dag.py
[2026-02-09T17:07:06.648+0000] {processor.py:840} INFO - DAG(s) 'fork2_dag' retrieved from /opt/airflow/dags/setup_dag.py
[2026-02-09T17:07:06.880+0000] {logging_mixin.py:188} INFO - [2026-02-09T17:07:06.879+0000] {dag.py:3036} INFO - Sync 1 DAGs
[2026-02-09T17:07:06.924+0000] {logging_mixin.py:188} INFO - [2026-02-09T17:07:06.924+0000] {dag.py:3823} INFO - Setting next_dagrun for fork2_dag to 2026-02-09 17:06:50+00:00, run_after=2026-02-09 17:07:00+00:00
[2026-02-09T17:07:06.963+0000] {processor.py:183} INFO - Processing /opt/airflow/dags/setup_dag.py took 0.340 seconds
[2026-02-09T17:07:37.052+0000] {processor.py:161} INFO - Started process (PID=15151) to work on /opt/airflow/dags/setup_dag.py
[2026-02-09T17:07:37.054+0000] {processor.py:830} INFO - Processing file /opt/airflow/dags/setup_dag.py for tasks to queue
[2026-02-09T17:07:37.057+0000] {logging_mixin.py:188} INFO - [2026-02-09T17:07:37.056+0000] {dagbag.py:538} INFO - Filling up the DagBag from /opt/airflow/dags/setup_dag.py
[2026-02-09T17:07:37.066+0000] {processor.py:840} INFO - DAG(s) 'fork2_dag' retrieved from /opt/airflow/dags/setup_dag.py
[2026-02-09T17:07:37.101+0000] {logging_mixin.py:188} INFO - [2026-02-09T17:07:37.101+0000] {dag.py:3036} INFO - Sync 1 DAGs
[2026-02-09T17:07:37.142+0000] {logging_mixin.py:188} INFO - [2026-02-09T17:07:37.142+0000] {dag.py:3823} INFO - Setting next_dagrun for fork2_dag to 2026-02-09 17:07:20+00:00, run_after=2026-02-09 17:07:30+00:00
[2026-02-09T17:07:37.171+0000] {processor.py:183} INFO - Processing /opt/airflow/dags/setup_dag.py took 0.124 seconds
[2026-02-09T17:08:07.343+0000] {processor.py:161} INFO - Started process (PID=15226) to work on /opt/airflow/dags/setup_dag.py
[2026-02-09T17:08:07.344+0000] {processor.py:830} INFO - Processing file /opt/airflow/dags/setup_dag.py for tasks to queue
[2026-02-09T17:08:07.347+0000] {logging_mixin.py:188} INFO - [2026-02-09T17:08:07.346+0000] {dagbag.py:538} INFO - Filling up the DagBag from /opt/airflow/dags/setup_dag.py
[2026-02-09T17:08:07.356+0000] {processor.py:840} INFO - DAG(s) 'fork2_dag' retrieved from /opt/airflow/dags/setup_dag.py
[2026-02-09T17:08:07.551+0000] {logging_mixin.py:188} INFO - [2026-02-09T17:08:07.550+0000] {dag.py:3036} INFO - Sync 1 DAGs
[2026-02-09T17:08:07.591+0000] {logging_mixin.py:188} INFO - [2026-02-09T17:08:07.591+0000] {dag.py:3823} INFO - Setting next_dagrun for fork2_dag to 2026-02-09 17:07:50+00:00, run_after=2026-02-09 17:08:00+00:00
[2026-02-09T17:08:07.625+0000] {processor.py:183} INFO - Processing /opt/airflow/dags/setup_dag.py took 0.287 seconds
[2026-02-09T17:08:37.751+0000] {processor.py:161} INFO - Started process (PID=15301) to work on /opt/airflow/dags/setup_dag.py
[2026-02-09T17:08:37.753+0000] {processor.py:830} INFO - Processing file /opt/airflow/dags/setup_dag.py for tasks to queue
[2026-02-09T17:08:37.756+0000] {logging_mixin.py:188} INFO - [2026-02-09T17:08:37.755+0000] {dagbag.py:538} INFO - Filling up the DagBag from /opt/airflow/dags/setup_dag.py
[2026-02-09T17:08:37.765+0000] {processor.py:840} INFO - DAG(s) 'fork2_dag' retrieved from /opt/airflow/dags/setup_dag.py
[2026-02-09T17:08:37.799+0000] {logging_mixin.py:188} INFO - [2026-02-09T17:08:37.798+0000] {dag.py:3036} INFO - Sync 1 DAGs
[2026-02-09T17:08:37.853+0000] {logging_mixin.py:188} INFO - [2026-02-09T17:08:37.852+0000] {dag.py:3823} INFO - Setting next_dagrun for fork2_dag to 2026-02-09 17:08:20+00:00, run_after=2026-02-09 17:08:30+00:00
[2026-02-09T17:08:37.886+0000] {processor.py:183} INFO - Processing /opt/airflow/dags/setup_dag.py took 0.141 seconds
[2026-02-09T17:09:08.103+0000] {processor.py:161} INFO - Started process (PID=15377) to work on /opt/airflow/dags/setup_dag.py
[2026-02-09T17:09:08.105+0000] {processor.py:830} INFO - Processing file /opt/airflow/dags/setup_dag.py for tasks to queue
[2026-02-09T17:09:08.108+0000] {logging_mixin.py:188} INFO - [2026-02-09T17:09:08.107+0000] {dagbag.py:538} INFO - Filling up the DagBag from /opt/airflow/dags/setup_dag.py
[2026-02-09T17:09:08.118+0000] {processor.py:840} INFO - DAG(s) 'fork2_dag' retrieved from /opt/airflow/dags/setup_dag.py
[2026-02-09T17:09:08.295+0000] {logging_mixin.py:188} INFO - [2026-02-09T17:09:08.294+0000] {dag.py:3036} INFO - Sync 1 DAGs
[2026-02-09T17:09:08.328+0000] {logging_mixin.py:188} INFO - [2026-02-09T17:09:08.328+0000] {dag.py:3823} INFO - Setting next_dagrun for fork2_dag to 2026-02-09 17:08:50+00:00, run_after=2026-02-09 17:09:00+00:00
[2026-02-09T17:09:08.362+0000] {processor.py:183} INFO - Processing /opt/airflow/dags/setup_dag.py took 0.264 seconds
[2026-02-09T17:09:38.545+0000] {processor.py:161} INFO - Started process (PID=15455) to work on /opt/airflow/dags/setup_dag.py
[2026-02-09T17:09:38.548+0000] {processor.py:830} INFO - Processing file /opt/airflow/dags/setup_dag.py for tasks to queue
[2026-02-09T17:09:38.552+0000] {logging_mixin.py:188} INFO - [2026-02-09T17:09:38.551+0000] {dagbag.py:538} INFO - Filling up the DagBag from /opt/airflow/dags/setup_dag.py
[2026-02-09T17:09:38.562+0000] {processor.py:840} INFO - DAG(s) 'fork2_dag' retrieved from /opt/airflow/dags/setup_dag.py
[2026-02-09T17:09:38.598+0000] {logging_mixin.py:188} INFO - [2026-02-09T17:09:38.598+0000] {dag.py:3036} INFO - Sync 1 DAGs
[2026-02-09T17:09:38.649+0000] {logging_mixin.py:188} INFO - [2026-02-09T17:09:38.649+0000] {dag.py:3823} INFO - Setting next_dagrun for fork2_dag to 2026-02-09 17:09:20+00:00, run_after=2026-02-09 17:09:30+00:00
[2026-02-09T17:09:38.677+0000] {processor.py:183} INFO - Processing /opt/airflow/dags/setup_dag.py took 0.137 seconds
[2026-02-09T17:10:09.045+0000] {processor.py:161} INFO - Started process (PID=15529) to work on /opt/airflow/dags/setup_dag.py
[2026-02-09T17:10:09.047+0000] {processor.py:830} INFO - Processing file /opt/airflow/dags/setup_dag.py for tasks to queue
[2026-02-09T17:10:09.049+0000] {logging_mixin.py:188} INFO - [2026-02-09T17:10:09.049+0000] {dagbag.py:538} INFO - Filling up the DagBag from /opt/airflow/dags/setup_dag.py
[2026-02-09T17:10:09.058+0000] {processor.py:840} INFO - DAG(s) 'fork2_dag' retrieved from /opt/airflow/dags/setup_dag.py
[2026-02-09T17:10:09.241+0000] {logging_mixin.py:188} INFO - [2026-02-09T17:10:09.241+0000] {dag.py:3036} INFO - Sync 1 DAGs
[2026-02-09T17:10:09.274+0000] {logging_mixin.py:188} INFO - [2026-02-09T17:10:09.274+0000] {dag.py:3823} INFO - Setting next_dagrun for fork2_dag to 2026-02-09 17:09:50+00:00, run_after=2026-02-09 17:10:00+00:00
[2026-02-09T17:10:09.306+0000] {processor.py:183} INFO - Processing /opt/airflow/dags/setup_dag.py took 0.265 seconds
[2026-02-09T17:10:39.965+0000] {processor.py:161} INFO - Started process (PID=15605) to work on /opt/airflow/dags/setup_dag.py
[2026-02-09T17:10:39.967+0000] {processor.py:830} INFO - Processing file /opt/airflow/dags/setup_dag.py for tasks to queue
[2026-02-09T17:10:39.970+0000] {logging_mixin.py:188} INFO - [2026-02-09T17:10:39.969+0000] {dagbag.py:538} INFO - Filling up the DagBag from /opt/airflow/dags/setup_dag.py
[2026-02-09T17:10:39.980+0000] {processor.py:840} INFO - DAG(s) 'fork2_dag' retrieved from /opt/airflow/dags/setup_dag.py
[2026-02-09T17:10:40.015+0000] {logging_mixin.py:188} INFO - [2026-02-09T17:10:40.014+0000] {dag.py:3036} INFO - Sync 1 DAGs
[2026-02-09T17:10:40.052+0000] {logging_mixin.py:188} INFO - [2026-02-09T17:10:40.052+0000] {dag.py:3823} INFO - Setting next_dagrun for fork2_dag to 2026-02-09 17:10:30+00:00, run_after=2026-02-09 17:10:40+00:00
[2026-02-09T17:10:40.085+0000] {processor.py:183} INFO - Processing /opt/airflow/dags/setup_dag.py took 0.125 seconds
[2026-02-09T17:11:10.481+0000] {processor.py:161} INFO - Started process (PID=15689) to work on /opt/airflow/dags/setup_dag.py
[2026-02-09T17:11:10.482+0000] {processor.py:830} INFO - Processing file /opt/airflow/dags/setup_dag.py for tasks to queue
[2026-02-09T17:11:10.486+0000] {logging_mixin.py:188} INFO - [2026-02-09T17:11:10.485+0000] {dagbag.py:538} INFO - Filling up the DagBag from /opt/airflow/dags/setup_dag.py
[2026-02-09T17:11:10.497+0000] {processor.py:840} INFO - DAG(s) 'fork2_dag' retrieved from /opt/airflow/dags/setup_dag.py
[2026-02-09T17:11:10.710+0000] {logging_mixin.py:188} INFO - [2026-02-09T17:11:10.709+0000] {dag.py:3036} INFO - Sync 1 DAGs
[2026-02-09T17:11:10.753+0000] {logging_mixin.py:188} INFO - [2026-02-09T17:11:10.753+0000] {dag.py:3823} INFO - Setting next_dagrun for fork2_dag to 2026-02-09 17:11:00+00:00, run_after=2026-02-09 17:11:10+00:00
[2026-02-09T17:11:10.788+0000] {processor.py:183} INFO - Processing /opt/airflow/dags/setup_dag.py took 0.313 seconds
[2026-02-09T17:11:40.969+0000] {processor.py:161} INFO - Started process (PID=15764) to work on /opt/airflow/dags/setup_dag.py
[2026-02-09T17:11:40.971+0000] {processor.py:830} INFO - Processing file /opt/airflow/dags/setup_dag.py for tasks to queue
[2026-02-09T17:11:40.974+0000] {logging_mixin.py:188} INFO - [2026-02-09T17:11:40.974+0000] {dagbag.py:538} INFO - Filling up the DagBag from /opt/airflow/dags/setup_dag.py
[2026-02-09T17:11:40.985+0000] {processor.py:840} INFO - DAG(s) 'fork2_dag' retrieved from /opt/airflow/dags/setup_dag.py
[2026-02-09T17:11:41.022+0000] {logging_mixin.py:188} INFO - [2026-02-09T17:11:41.022+0000] {dag.py:3036} INFO - Sync 1 DAGs
[2026-02-09T17:11:41.066+0000] {logging_mixin.py:188} INFO - [2026-02-09T17:11:41.066+0000] {dag.py:3823} INFO - Setting next_dagrun for fork2_dag to 2026-02-09 17:11:30+00:00, run_after=2026-02-09 17:11:40+00:00
[2026-02-09T17:11:41.101+0000] {processor.py:183} INFO - Processing /opt/airflow/dags/setup_dag.py took 0.137 seconds
[2026-02-09T17:12:11.495+0000] {processor.py:161} INFO - Started process (PID=15840) to work on /opt/airflow/dags/setup_dag.py
[2026-02-09T17:12:11.497+0000] {processor.py:830} INFO - Processing file /opt/airflow/dags/setup_dag.py for tasks to queue
[2026-02-09T17:12:11.500+0000] {logging_mixin.py:188} INFO - [2026-02-09T17:12:11.500+0000] {dagbag.py:538} INFO - Filling up the DagBag from /opt/airflow/dags/setup_dag.py
[2026-02-09T17:12:11.512+0000] {processor.py:840} INFO - DAG(s) 'fork2_dag' retrieved from /opt/airflow/dags/setup_dag.py
[2026-02-09T17:12:11.733+0000] {logging_mixin.py:188} INFO - [2026-02-09T17:12:11.733+0000] {dag.py:3036} INFO - Sync 1 DAGs
[2026-02-09T17:12:11.787+0000] {logging_mixin.py:188} INFO - [2026-02-09T17:12:11.787+0000] {dag.py:3823} INFO - Setting next_dagrun for fork2_dag to 2026-02-09 17:12:00+00:00, run_after=2026-02-09 17:12:10+00:00
[2026-02-09T17:12:11.848+0000] {processor.py:183} INFO - Processing /opt/airflow/dags/setup_dag.py took 0.359 seconds
[2026-02-09T17:12:41.937+0000] {processor.py:161} INFO - Started process (PID=15915) to work on /opt/airflow/dags/setup_dag.py
[2026-02-09T17:12:41.939+0000] {processor.py:830} INFO - Processing file /opt/airflow/dags/setup_dag.py for tasks to queue
[2026-02-09T17:12:41.942+0000] {logging_mixin.py:188} INFO - [2026-02-09T17:12:41.941+0000] {dagbag.py:538} INFO - Filling up the DagBag from /opt/airflow/dags/setup_dag.py
[2026-02-09T17:12:41.953+0000] {processor.py:840} INFO - DAG(s) 'fork2_dag' retrieved from /opt/airflow/dags/setup_dag.py
[2026-02-09T17:12:41.996+0000] {logging_mixin.py:188} INFO - [2026-02-09T17:12:41.995+0000] {dag.py:3036} INFO - Sync 1 DAGs
[2026-02-09T17:12:42.043+0000] {logging_mixin.py:188} INFO - [2026-02-09T17:12:42.043+0000] {dag.py:3823} INFO - Setting next_dagrun for fork2_dag to 2026-02-09 17:12:30+00:00, run_after=2026-02-09 17:12:40+00:00
[2026-02-09T17:12:42.089+0000] {processor.py:183} INFO - Processing /opt/airflow/dags/setup_dag.py took 0.158 seconds
[2026-02-09T17:13:12.679+0000] {processor.py:161} INFO - Started process (PID=15991) to work on /opt/airflow/dags/setup_dag.py
[2026-02-09T17:13:12.681+0000] {processor.py:830} INFO - Processing file /opt/airflow/dags/setup_dag.py for tasks to queue
[2026-02-09T17:13:12.683+0000] {logging_mixin.py:188} INFO - [2026-02-09T17:13:12.683+0000] {dagbag.py:538} INFO - Filling up the DagBag from /opt/airflow/dags/setup_dag.py
[2026-02-09T17:13:12.692+0000] {processor.py:840} INFO - DAG(s) 'fork2_dag' retrieved from /opt/airflow/dags/setup_dag.py
[2026-02-09T17:13:12.870+0000] {logging_mixin.py:188} INFO - [2026-02-09T17:13:12.870+0000] {dag.py:3036} INFO - Sync 1 DAGs
[2026-02-09T17:13:12.912+0000] {logging_mixin.py:188} INFO - [2026-02-09T17:13:12.912+0000] {dag.py:3823} INFO - Setting next_dagrun for fork2_dag to 2026-02-09 17:13:00+00:00, run_after=2026-02-09 17:13:10+00:00
[2026-02-09T17:13:12.946+0000] {processor.py:183} INFO - Processing /opt/airflow/dags/setup_dag.py took 0.272 seconds
[2026-02-09T17:13:43.190+0000] {processor.py:161} INFO - Started process (PID=16067) to work on /opt/airflow/dags/setup_dag.py
[2026-02-09T17:13:43.191+0000] {processor.py:830} INFO - Processing file /opt/airflow/dags/setup_dag.py for tasks to queue
[2026-02-09T17:13:43.193+0000] {logging_mixin.py:188} INFO - [2026-02-09T17:13:43.193+0000] {dagbag.py:538} INFO - Filling up the DagBag from /opt/airflow/dags/setup_dag.py
[2026-02-09T17:13:43.202+0000] {processor.py:840} INFO - DAG(s) 'fork2_dag' retrieved from /opt/airflow/dags/setup_dag.py
[2026-02-09T17:13:43.234+0000] {logging_mixin.py:188} INFO - [2026-02-09T17:13:43.233+0000] {dag.py:3036} INFO - Sync 1 DAGs
[2026-02-09T17:13:43.274+0000] {logging_mixin.py:188} INFO - [2026-02-09T17:13:43.274+0000] {dag.py:3823} INFO - Setting next_dagrun for fork2_dag to 2026-02-09 17:13:30+00:00, run_after=2026-02-09 17:13:40+00:00
[2026-02-09T17:13:43.311+0000] {processor.py:183} INFO - Processing /opt/airflow/dags/setup_dag.py took 0.126 seconds
[2026-02-09T17:14:13.489+0000] {processor.py:161} INFO - Started process (PID=16142) to work on /opt/airflow/dags/setup_dag.py
[2026-02-09T17:14:13.490+0000] {processor.py:830} INFO - Processing file /opt/airflow/dags/setup_dag.py for tasks to queue
[2026-02-09T17:14:13.493+0000] {logging_mixin.py:188} INFO - [2026-02-09T17:14:13.493+0000] {dagbag.py:538} INFO - Filling up the DagBag from /opt/airflow/dags/setup_dag.py
[2026-02-09T17:14:13.502+0000] {processor.py:840} INFO - DAG(s) 'fork2_dag' retrieved from /opt/airflow/dags/setup_dag.py
[2026-02-09T17:14:13.688+0000] {logging_mixin.py:188} INFO - [2026-02-09T17:14:13.687+0000] {dag.py:3036} INFO - Sync 1 DAGs
[2026-02-09T17:14:13.723+0000] {logging_mixin.py:188} INFO - [2026-02-09T17:14:13.723+0000] {dag.py:3823} INFO - Setting next_dagrun for fork2_dag to 2026-02-09 17:14:00+00:00, run_after=2026-02-09 17:14:10+00:00
[2026-02-09T17:14:13.758+0000] {processor.py:183} INFO - Processing /opt/airflow/dags/setup_dag.py took 0.274 seconds
[2026-02-09T17:14:43.859+0000] {processor.py:161} INFO - Started process (PID=16219) to work on /opt/airflow/dags/setup_dag.py
[2026-02-09T17:14:43.861+0000] {processor.py:830} INFO - Processing file /opt/airflow/dags/setup_dag.py for tasks to queue
[2026-02-09T17:14:43.864+0000] {logging_mixin.py:188} INFO - [2026-02-09T17:14:43.863+0000] {dagbag.py:538} INFO - Filling up the DagBag from /opt/airflow/dags/setup_dag.py
[2026-02-09T17:14:43.874+0000] {processor.py:840} INFO - DAG(s) 'fork2_dag' retrieved from /opt/airflow/dags/setup_dag.py
[2026-02-09T17:14:43.908+0000] {logging_mixin.py:188} INFO - [2026-02-09T17:14:43.908+0000] {dag.py:3036} INFO - Sync 1 DAGs
[2026-02-09T17:14:43.946+0000] {logging_mixin.py:188} INFO - [2026-02-09T17:14:43.945+0000] {dag.py:3823} INFO - Setting next_dagrun for fork2_dag to 2026-02-09 17:14:30+00:00, run_after=2026-02-09 17:14:40+00:00
[2026-02-09T17:14:43.976+0000] {processor.py:183} INFO - Processing /opt/airflow/dags/setup_dag.py took 0.123 seconds
[2026-02-09T17:15:14.189+0000] {processor.py:161} INFO - Started process (PID=16295) to work on /opt/airflow/dags/setup_dag.py
[2026-02-09T17:15:14.192+0000] {processor.py:830} INFO - Processing file /opt/airflow/dags/setup_dag.py for tasks to queue
[2026-02-09T17:15:14.195+0000] {logging_mixin.py:188} INFO - [2026-02-09T17:15:14.194+0000] {dagbag.py:538} INFO - Filling up the DagBag from /opt/airflow/dags/setup_dag.py
[2026-02-09T17:15:14.205+0000] {processor.py:840} INFO - DAG(s) 'fork2_dag' retrieved from /opt/airflow/dags/setup_dag.py
[2026-02-09T17:15:14.394+0000] {logging_mixin.py:188} INFO - [2026-02-09T17:15:14.393+0000] {dag.py:3036} INFO - Sync 1 DAGs
[2026-02-09T17:15:14.434+0000] {logging_mixin.py:188} INFO - [2026-02-09T17:15:14.433+0000] {dag.py:3823} INFO - Setting next_dagrun for fork2_dag to 2026-02-09 17:15:00+00:00, run_after=2026-02-09 17:15:10+00:00
[2026-02-09T17:15:14.474+0000] {processor.py:183} INFO - Processing /opt/airflow/dags/setup_dag.py took 0.292 seconds
[2026-02-09T17:15:44.648+0000] {processor.py:161} INFO - Started process (PID=16372) to work on /opt/airflow/dags/setup_dag.py
[2026-02-09T17:15:44.650+0000] {processor.py:830} INFO - Processing file /opt/airflow/dags/setup_dag.py for tasks to queue
[2026-02-09T17:15:44.653+0000] {logging_mixin.py:188} INFO - [2026-02-09T17:15:44.653+0000] {dagbag.py:538} INFO - Filling up the DagBag from /opt/airflow/dags/setup_dag.py
[2026-02-09T17:15:44.662+0000] {processor.py:840} INFO - DAG(s) 'fork2_dag' retrieved from /opt/airflow/dags/setup_dag.py
[2026-02-09T17:15:44.697+0000] {logging_mixin.py:188} INFO - [2026-02-09T17:15:44.696+0000] {dag.py:3036} INFO - Sync 1 DAGs
[2026-02-09T17:15:44.737+0000] {logging_mixin.py:188} INFO - [2026-02-09T17:15:44.737+0000] {dag.py:3823} INFO - Setting next_dagrun for fork2_dag to 2026-02-09 17:15:30+00:00, run_after=2026-02-09 17:15:40+00:00
[2026-02-09T17:15:44.769+0000] {processor.py:183} INFO - Processing /opt/airflow/dags/setup_dag.py took 0.126 seconds
[2026-02-09T17:16:15.110+0000] {processor.py:161} INFO - Started process (PID=16448) to work on /opt/airflow/dags/setup_dag.py
[2026-02-09T17:16:15.111+0000] {processor.py:830} INFO - Processing file /opt/airflow/dags/setup_dag.py for tasks to queue
[2026-02-09T17:16:15.114+0000] {logging_mixin.py:188} INFO - [2026-02-09T17:16:15.114+0000] {dagbag.py:538} INFO - Filling up the DagBag from /opt/airflow/dags/setup_dag.py
[2026-02-09T17:16:15.125+0000] {processor.py:840} INFO - DAG(s) 'fork2_dag' retrieved from /opt/airflow/dags/setup_dag.py
[2026-02-09T17:16:15.424+0000] {logging_mixin.py:188} INFO - [2026-02-09T17:16:15.423+0000] {dag.py:3036} INFO - Sync 1 DAGs
[2026-02-09T17:16:15.468+0000] {logging_mixin.py:188} INFO - [2026-02-09T17:16:15.467+0000] {dag.py:3823} INFO - Setting next_dagrun for fork2_dag to 2026-02-09 17:16:00+00:00, run_after=2026-02-09 17:16:10+00:00
[2026-02-09T17:16:15.503+0000] {processor.py:183} INFO - Processing /opt/airflow/dags/setup_dag.py took 0.398 seconds
[2026-02-09T17:16:45.725+0000] {processor.py:161} INFO - Started process (PID=16531) to work on /opt/airflow/dags/setup_dag.py
[2026-02-09T17:16:45.727+0000] {processor.py:830} INFO - Processing file /opt/airflow/dags/setup_dag.py for tasks to queue
[2026-02-09T17:16:45.730+0000] {logging_mixin.py:188} INFO - [2026-02-09T17:16:45.730+0000] {dagbag.py:538} INFO - Filling up the DagBag from /opt/airflow/dags/setup_dag.py
[2026-02-09T17:16:45.742+0000] {processor.py:840} INFO - DAG(s) 'fork2_dag' retrieved from /opt/airflow/dags/setup_dag.py
[2026-02-09T17:16:45.779+0000] {logging_mixin.py:188} INFO - [2026-02-09T17:16:45.779+0000] {dag.py:3036} INFO - Sync 1 DAGs
[2026-02-09T17:16:45.816+0000] {logging_mixin.py:188} INFO - [2026-02-09T17:16:45.816+0000] {dag.py:3823} INFO - Setting next_dagrun for fork2_dag to 2026-02-09 17:16:30+00:00, run_after=2026-02-09 17:16:40+00:00
[2026-02-09T17:16:45.851+0000] {processor.py:183} INFO - Processing /opt/airflow/dags/setup_dag.py took 0.133 seconds
[2026-02-09T17:17:16.218+0000] {processor.py:161} INFO - Started process (PID=16607) to work on /opt/airflow/dags/setup_dag.py
[2026-02-09T17:17:16.220+0000] {processor.py:830} INFO - Processing file /opt/airflow/dags/setup_dag.py for tasks to queue
[2026-02-09T17:17:16.222+0000] {logging_mixin.py:188} INFO - [2026-02-09T17:17:16.222+0000] {dagbag.py:538} INFO - Filling up the DagBag from /opt/airflow/dags/setup_dag.py
[2026-02-09T17:17:16.231+0000] {processor.py:840} INFO - DAG(s) 'fork2_dag' retrieved from /opt/airflow/dags/setup_dag.py
[2026-02-09T17:17:16.411+0000] {logging_mixin.py:188} INFO - [2026-02-09T17:17:16.411+0000] {dag.py:3036} INFO - Sync 1 DAGs
[2026-02-09T17:17:16.450+0000] {logging_mixin.py:188} INFO - [2026-02-09T17:17:16.449+0000] {dag.py:3823} INFO - Setting next_dagrun for fork2_dag to 2026-02-09 17:17:00+00:00, run_after=2026-02-09 17:17:10+00:00
[2026-02-09T17:17:16.482+0000] {processor.py:183} INFO - Processing /opt/airflow/dags/setup_dag.py took 0.268 seconds
[2026-02-09T17:17:46.848+0000] {processor.py:161} INFO - Started process (PID=16682) to work on /opt/airflow/dags/setup_dag.py
[2026-02-09T17:17:46.849+0000] {processor.py:830} INFO - Processing file /opt/airflow/dags/setup_dag.py for tasks to queue
[2026-02-09T17:17:46.852+0000] {logging_mixin.py:188} INFO - [2026-02-09T17:17:46.852+0000] {dagbag.py:538} INFO - Filling up the DagBag from /opt/airflow/dags/setup_dag.py
[2026-02-09T17:17:46.861+0000] {processor.py:840} INFO - DAG(s) 'fork2_dag' retrieved from /opt/airflow/dags/setup_dag.py
[2026-02-09T17:17:46.894+0000] {logging_mixin.py:188} INFO - [2026-02-09T17:17:46.894+0000] {dag.py:3036} INFO - Sync 1 DAGs
[2026-02-09T17:17:46.932+0000] {logging_mixin.py:188} INFO - [2026-02-09T17:17:46.932+0000] {dag.py:3823} INFO - Setting next_dagrun for fork2_dag to 2026-02-09 17:17:30+00:00, run_after=2026-02-09 17:17:40+00:00
[2026-02-09T17:17:46.964+0000] {processor.py:183} INFO - Processing /opt/airflow/dags/setup_dag.py took 0.121 seconds
[2026-02-09T17:18:17.296+0000] {processor.py:161} INFO - Started process (PID=16759) to work on /opt/airflow/dags/setup_dag.py
[2026-02-09T17:18:17.299+0000] {processor.py:830} INFO - Processing file /opt/airflow/dags/setup_dag.py for tasks to queue
[2026-02-09T17:18:17.301+0000] {logging_mixin.py:188} INFO - [2026-02-09T17:18:17.301+0000] {dagbag.py:538} INFO - Filling up the DagBag from /opt/airflow/dags/setup_dag.py
[2026-02-09T17:18:17.311+0000] {processor.py:840} INFO - DAG(s) 'fork2_dag' retrieved from /opt/airflow/dags/setup_dag.py
[2026-02-09T17:18:17.489+0000] {logging_mixin.py:188} INFO - [2026-02-09T17:18:17.488+0000] {dag.py:3036} INFO - Sync 1 DAGs
[2026-02-09T17:18:17.521+0000] {logging_mixin.py:188} INFO - [2026-02-09T17:18:17.521+0000] {dag.py:3823} INFO - Setting next_dagrun for fork2_dag to 2026-02-09 17:18:00+00:00, run_after=2026-02-09 17:18:10+00:00
[2026-02-09T17:18:17.556+0000] {processor.py:183} INFO - Processing /opt/airflow/dags/setup_dag.py took 0.265 seconds
[2026-02-09T17:18:48.000+0000] {processor.py:161} INFO - Started process (PID=16835) to work on /opt/airflow/dags/setup_dag.py
[2026-02-09T17:18:48.002+0000] {processor.py:830} INFO - Processing file /opt/airflow/dags/setup_dag.py for tasks to queue
[2026-02-09T17:18:48.004+0000] {logging_mixin.py:188} INFO - [2026-02-09T17:18:48.004+0000] {dagbag.py:538} INFO - Filling up the DagBag from /opt/airflow/dags/setup_dag.py
[2026-02-09T17:18:48.014+0000] {processor.py:840} INFO - DAG(s) 'fork2_dag' retrieved from /opt/airflow/dags/setup_dag.py
[2026-02-09T17:18:48.052+0000] {logging_mixin.py:188} INFO - [2026-02-09T17:18:48.052+0000] {dag.py:3036} INFO - Sync 1 DAGs
[2026-02-09T17:18:48.100+0000] {logging_mixin.py:188} INFO - [2026-02-09T17:18:48.099+0000] {dag.py:3823} INFO - Setting next_dagrun for fork2_dag to 2026-02-09 17:18:30+00:00, run_after=2026-02-09 17:18:40+00:00
[2026-02-09T17:18:48.133+0000] {processor.py:183} INFO - Processing /opt/airflow/dags/setup_dag.py took 0.138 seconds
[2026-02-09T17:19:18.437+0000] {processor.py:161} INFO - Started process (PID=16911) to work on /opt/airflow/dags/setup_dag.py
[2026-02-09T17:19:18.439+0000] {processor.py:830} INFO - Processing file /opt/airflow/dags/setup_dag.py for tasks to queue
[2026-02-09T17:19:18.441+0000] {logging_mixin.py:188} INFO - [2026-02-09T17:19:18.441+0000] {dagbag.py:538} INFO - Filling up the DagBag from /opt/airflow/dags/setup_dag.py
[2026-02-09T17:19:18.452+0000] {processor.py:840} INFO - DAG(s) 'fork2_dag' retrieved from /opt/airflow/dags/setup_dag.py
[2026-02-09T17:19:18.648+0000] {logging_mixin.py:188} INFO - [2026-02-09T17:19:18.648+0000] {dag.py:3036} INFO - Sync 1 DAGs
[2026-02-09T17:19:18.685+0000] {logging_mixin.py:188} INFO - [2026-02-09T17:19:18.684+0000] {dag.py:3823} INFO - Setting next_dagrun for fork2_dag to 2026-02-09 17:19:00+00:00, run_after=2026-02-09 17:19:10+00:00
[2026-02-09T17:19:18.716+0000] {processor.py:183} INFO - Processing /opt/airflow/dags/setup_dag.py took 0.284 seconds
[2026-02-09T17:19:48.997+0000] {processor.py:161} INFO - Started process (PID=16987) to work on /opt/airflow/dags/setup_dag.py
[2026-02-09T17:19:48.998+0000] {processor.py:830} INFO - Processing file /opt/airflow/dags/setup_dag.py for tasks to queue
[2026-02-09T17:19:49.001+0000] {logging_mixin.py:188} INFO - [2026-02-09T17:19:49.000+0000] {dagbag.py:538} INFO - Filling up the DagBag from /opt/airflow/dags/setup_dag.py
[2026-02-09T17:19:49.010+0000] {processor.py:840} INFO - DAG(s) 'fork2_dag' retrieved from /opt/airflow/dags/setup_dag.py
[2026-02-09T17:19:49.047+0000] {logging_mixin.py:188} INFO - [2026-02-09T17:19:49.047+0000] {dag.py:3036} INFO - Sync 1 DAGs
[2026-02-09T17:19:49.086+0000] {logging_mixin.py:188} INFO - [2026-02-09T17:19:49.085+0000] {dag.py:3823} INFO - Setting next_dagrun for fork2_dag to 2026-02-09 17:19:30+00:00, run_after=2026-02-09 17:19:40+00:00
[2026-02-09T17:19:49.117+0000] {processor.py:183} INFO - Processing /opt/airflow/dags/setup_dag.py took 0.125 seconds
[2026-02-09T17:20:19.261+0000] {processor.py:161} INFO - Started process (PID=17064) to work on /opt/airflow/dags/setup_dag.py
[2026-02-09T17:20:19.263+0000] {processor.py:830} INFO - Processing file /opt/airflow/dags/setup_dag.py for tasks to queue
[2026-02-09T17:20:19.265+0000] {logging_mixin.py:188} INFO - [2026-02-09T17:20:19.265+0000] {dagbag.py:538} INFO - Filling up the DagBag from /opt/airflow/dags/setup_dag.py
[2026-02-09T17:20:19.275+0000] {processor.py:840} INFO - DAG(s) 'fork2_dag' retrieved from /opt/airflow/dags/setup_dag.py
[2026-02-09T17:20:19.466+0000] {logging_mixin.py:188} INFO - [2026-02-09T17:20:19.465+0000] {dag.py:3036} INFO - Sync 1 DAGs
[2026-02-09T17:20:19.503+0000] {logging_mixin.py:188} INFO - [2026-02-09T17:20:19.502+0000] {dag.py:3823} INFO - Setting next_dagrun for fork2_dag to 2026-02-09 17:20:00+00:00, run_after=2026-02-09 17:20:10+00:00
[2026-02-09T17:20:19.536+0000] {processor.py:183} INFO - Processing /opt/airflow/dags/setup_dag.py took 0.280 seconds
[2026-02-09T17:20:49.765+0000] {processor.py:161} INFO - Started process (PID=17148) to work on /opt/airflow/dags/setup_dag.py
[2026-02-09T17:20:49.766+0000] {processor.py:830} INFO - Processing file /opt/airflow/dags/setup_dag.py for tasks to queue
[2026-02-09T17:20:49.769+0000] {logging_mixin.py:188} INFO - [2026-02-09T17:20:49.768+0000] {dagbag.py:538} INFO - Filling up the DagBag from /opt/airflow/dags/setup_dag.py
[2026-02-09T17:20:49.778+0000] {processor.py:840} INFO - DAG(s) 'fork2_dag' retrieved from /opt/airflow/dags/setup_dag.py
[2026-02-09T17:20:49.825+0000] {logging_mixin.py:188} INFO - [2026-02-09T17:20:49.824+0000] {dag.py:3036} INFO - Sync 1 DAGs
[2026-02-09T17:20:49.865+0000] {logging_mixin.py:188} INFO - [2026-02-09T17:20:49.864+0000] {dag.py:3823} INFO - Setting next_dagrun for fork2_dag to 2026-02-09 17:20:30+00:00, run_after=2026-02-09 17:20:40+00:00
[2026-02-09T17:20:49.896+0000] {processor.py:183} INFO - Processing /opt/airflow/dags/setup_dag.py took 0.136 seconds
[2026-02-09T17:21:20.331+0000] {processor.py:161} INFO - Started process (PID=17225) to work on /opt/airflow/dags/setup_dag.py
[2026-02-09T17:21:20.333+0000] {processor.py:830} INFO - Processing file /opt/airflow/dags/setup_dag.py for tasks to queue
[2026-02-09T17:21:20.336+0000] {logging_mixin.py:188} INFO - [2026-02-09T17:21:20.336+0000] {dagbag.py:538} INFO - Filling up the DagBag from /opt/airflow/dags/setup_dag.py
[2026-02-09T17:21:20.345+0000] {processor.py:840} INFO - DAG(s) 'fork2_dag' retrieved from /opt/airflow/dags/setup_dag.py
[2026-02-09T17:21:20.552+0000] {logging_mixin.py:188} INFO - [2026-02-09T17:21:20.551+0000] {dag.py:3036} INFO - Sync 1 DAGs
[2026-02-09T17:21:20.597+0000] {logging_mixin.py:188} INFO - [2026-02-09T17:21:20.596+0000] {dag.py:3823} INFO - Setting next_dagrun for fork2_dag to 2026-02-09 17:21:10+00:00, run_after=2026-02-09 17:21:20+00:00
[2026-02-09T17:21:20.636+0000] {processor.py:183} INFO - Processing /opt/airflow/dags/setup_dag.py took 0.311 seconds
[2026-02-09T17:21:50.933+0000] {processor.py:161} INFO - Started process (PID=17301) to work on /opt/airflow/dags/setup_dag.py
[2026-02-09T17:21:50.934+0000] {processor.py:830} INFO - Processing file /opt/airflow/dags/setup_dag.py for tasks to queue
[2026-02-09T17:21:50.937+0000] {logging_mixin.py:188} INFO - [2026-02-09T17:21:50.936+0000] {dagbag.py:538} INFO - Filling up the DagBag from /opt/airflow/dags/setup_dag.py
[2026-02-09T17:21:50.948+0000] {processor.py:840} INFO - DAG(s) 'fork2_dag' retrieved from /opt/airflow/dags/setup_dag.py
[2026-02-09T17:21:50.989+0000] {logging_mixin.py:188} INFO - [2026-02-09T17:21:50.988+0000] {dag.py:3036} INFO - Sync 1 DAGs
[2026-02-09T17:21:51.030+0000] {logging_mixin.py:188} INFO - [2026-02-09T17:21:51.030+0000] {dag.py:3823} INFO - Setting next_dagrun for fork2_dag to 2026-02-09 17:21:40+00:00, run_after=2026-02-09 17:21:50+00:00
[2026-02-09T17:21:51.060+0000] {processor.py:183} INFO - Processing /opt/airflow/dags/setup_dag.py took 0.133 seconds
[2026-02-09T17:22:21.673+0000] {processor.py:161} INFO - Started process (PID=17376) to work on /opt/airflow/dags/setup_dag.py
[2026-02-09T17:22:21.675+0000] {processor.py:830} INFO - Processing file /opt/airflow/dags/setup_dag.py for tasks to queue
[2026-02-09T17:22:21.678+0000] {logging_mixin.py:188} INFO - [2026-02-09T17:22:21.677+0000] {dagbag.py:538} INFO - Filling up the DagBag from /opt/airflow/dags/setup_dag.py
[2026-02-09T17:22:21.688+0000] {processor.py:840} INFO - DAG(s) 'fork2_dag' retrieved from /opt/airflow/dags/setup_dag.py
[2026-02-09T17:22:21.892+0000] {logging_mixin.py:188} INFO - [2026-02-09T17:22:21.892+0000] {dag.py:3036} INFO - Sync 1 DAGs
[2026-02-09T17:22:21.933+0000] {logging_mixin.py:188} INFO - [2026-02-09T17:22:21.932+0000] {dag.py:3823} INFO - Setting next_dagrun for fork2_dag to 2026-02-09 17:22:10+00:00, run_after=2026-02-09 17:22:20+00:00
[2026-02-09T17:22:21.996+0000] {processor.py:183} INFO - Processing /opt/airflow/dags/setup_dag.py took 0.329 seconds
[2026-02-09T17:22:52.113+0000] {processor.py:161} INFO - Started process (PID=17453) to work on /opt/airflow/dags/setup_dag.py
[2026-02-09T17:22:52.115+0000] {processor.py:830} INFO - Processing file /opt/airflow/dags/setup_dag.py for tasks to queue
[2026-02-09T17:22:52.118+0000] {logging_mixin.py:188} INFO - [2026-02-09T17:22:52.117+0000] {dagbag.py:538} INFO - Filling up the DagBag from /opt/airflow/dags/setup_dag.py
[2026-02-09T17:22:52.128+0000] {processor.py:840} INFO - DAG(s) 'fork2_dag' retrieved from /opt/airflow/dags/setup_dag.py
[2026-02-09T17:22:52.162+0000] {logging_mixin.py:188} INFO - [2026-02-09T17:22:52.162+0000] {dag.py:3036} INFO - Sync 1 DAGs
[2026-02-09T17:22:52.202+0000] {logging_mixin.py:188} INFO - [2026-02-09T17:22:52.202+0000] {dag.py:3823} INFO - Setting next_dagrun for fork2_dag to 2026-02-09 17:22:40+00:00, run_after=2026-02-09 17:22:50+00:00
[2026-02-09T17:22:52.235+0000] {processor.py:183} INFO - Processing /opt/airflow/dags/setup_dag.py took 0.128 seconds
[2026-02-09T17:23:22.707+0000] {processor.py:161} INFO - Started process (PID=17528) to work on /opt/airflow/dags/setup_dag.py
[2026-02-09T17:23:22.718+0000] {processor.py:830} INFO - Processing file /opt/airflow/dags/setup_dag.py for tasks to queue
[2026-02-09T17:23:22.721+0000] {logging_mixin.py:188} INFO - [2026-02-09T17:23:22.720+0000] {dagbag.py:538} INFO - Filling up the DagBag from /opt/airflow/dags/setup_dag.py
[2026-02-09T17:23:22.731+0000] {processor.py:840} INFO - DAG(s) 'fork2_dag' retrieved from /opt/airflow/dags/setup_dag.py
[2026-02-09T17:23:22.916+0000] {logging_mixin.py:188} INFO - [2026-02-09T17:23:22.916+0000] {dag.py:3036} INFO - Sync 1 DAGs
[2026-02-09T17:23:22.958+0000] {logging_mixin.py:188} INFO - [2026-02-09T17:23:22.957+0000] {dag.py:3823} INFO - Setting next_dagrun for fork2_dag to 2026-02-09 17:23:10+00:00, run_after=2026-02-09 17:23:20+00:00
[2026-02-09T17:23:22.991+0000] {processor.py:183} INFO - Processing /opt/airflow/dags/setup_dag.py took 0.288 seconds
[2026-02-09T17:23:53.081+0000] {processor.py:161} INFO - Started process (PID=17604) to work on /opt/airflow/dags/setup_dag.py
[2026-02-09T17:23:53.082+0000] {processor.py:830} INFO - Processing file /opt/airflow/dags/setup_dag.py for tasks to queue
[2026-02-09T17:23:53.085+0000] {logging_mixin.py:188} INFO - [2026-02-09T17:23:53.085+0000] {dagbag.py:538} INFO - Filling up the DagBag from /opt/airflow/dags/setup_dag.py
[2026-02-09T17:23:53.094+0000] {processor.py:840} INFO - DAG(s) 'fork2_dag' retrieved from /opt/airflow/dags/setup_dag.py
[2026-02-09T17:23:53.130+0000] {logging_mixin.py:188} INFO - [2026-02-09T17:23:53.130+0000] {dag.py:3036} INFO - Sync 1 DAGs
[2026-02-09T17:23:53.180+0000] {logging_mixin.py:188} INFO - [2026-02-09T17:23:53.180+0000] {dag.py:3823} INFO - Setting next_dagrun for fork2_dag to 2026-02-09 17:23:40+00:00, run_after=2026-02-09 17:23:50+00:00
[2026-02-09T17:23:53.211+0000] {processor.py:183} INFO - Processing /opt/airflow/dags/setup_dag.py took 0.135 seconds
[2026-02-09T17:24:23.430+0000] {processor.py:161} INFO - Started process (PID=17681) to work on /opt/airflow/dags/setup_dag.py
[2026-02-09T17:24:23.432+0000] {processor.py:830} INFO - Processing file /opt/airflow/dags/setup_dag.py for tasks to queue
[2026-02-09T17:24:23.434+0000] {logging_mixin.py:188} INFO - [2026-02-09T17:24:23.434+0000] {dagbag.py:538} INFO - Filling up the DagBag from /opt/airflow/dags/setup_dag.py
[2026-02-09T17:24:23.444+0000] {processor.py:840} INFO - DAG(s) 'fork2_dag' retrieved from /opt/airflow/dags/setup_dag.py
[2026-02-09T17:24:23.622+0000] {logging_mixin.py:188} INFO - [2026-02-09T17:24:23.621+0000] {dag.py:3036} INFO - Sync 1 DAGs
[2026-02-09T17:24:23.656+0000] {logging_mixin.py:188} INFO - [2026-02-09T17:24:23.656+0000] {dag.py:3823} INFO - Setting next_dagrun for fork2_dag to 2026-02-09 17:24:10+00:00, run_after=2026-02-09 17:24:20+00:00
[2026-02-09T17:24:23.688+0000] {processor.py:183} INFO - Processing /opt/airflow/dags/setup_dag.py took 0.262 seconds
[2026-02-09T17:24:53.888+0000] {processor.py:161} INFO - Started process (PID=17756) to work on /opt/airflow/dags/setup_dag.py
[2026-02-09T17:24:53.890+0000] {processor.py:830} INFO - Processing file /opt/airflow/dags/setup_dag.py for tasks to queue
[2026-02-09T17:24:53.894+0000] {logging_mixin.py:188} INFO - [2026-02-09T17:24:53.893+0000] {dagbag.py:538} INFO - Filling up the DagBag from /opt/airflow/dags/setup_dag.py
[2026-02-09T17:24:53.905+0000] {processor.py:840} INFO - DAG(s) 'fork2_dag' retrieved from /opt/airflow/dags/setup_dag.py
[2026-02-09T17:24:53.944+0000] {logging_mixin.py:188} INFO - [2026-02-09T17:24:53.943+0000] {dag.py:3036} INFO - Sync 1 DAGs
[2026-02-09T17:24:53.985+0000] {logging_mixin.py:188} INFO - [2026-02-09T17:24:53.985+0000] {dag.py:3823} INFO - Setting next_dagrun for fork2_dag to 2026-02-09 17:24:40+00:00, run_after=2026-02-09 17:24:50+00:00
[2026-02-09T17:24:54.017+0000] {processor.py:183} INFO - Processing /opt/airflow/dags/setup_dag.py took 0.135 seconds
[2026-02-09T17:25:24.247+0000] {processor.py:161} INFO - Started process (PID=17832) to work on /opt/airflow/dags/setup_dag.py
[2026-02-09T17:25:24.248+0000] {processor.py:830} INFO - Processing file /opt/airflow/dags/setup_dag.py for tasks to queue
[2026-02-09T17:25:24.251+0000] {logging_mixin.py:188} INFO - [2026-02-09T17:25:24.251+0000] {dagbag.py:538} INFO - Filling up the DagBag from /opt/airflow/dags/setup_dag.py
[2026-02-09T17:25:24.260+0000] {processor.py:840} INFO - DAG(s) 'fork2_dag' retrieved from /opt/airflow/dags/setup_dag.py
[2026-02-09T17:25:24.464+0000] {logging_mixin.py:188} INFO - [2026-02-09T17:25:24.463+0000] {dag.py:3036} INFO - Sync 1 DAGs
[2026-02-09T17:25:24.507+0000] {logging_mixin.py:188} INFO - [2026-02-09T17:25:24.506+0000] {dag.py:3823} INFO - Setting next_dagrun for fork2_dag to 2026-02-09 17:25:10+00:00, run_after=2026-02-09 17:25:20+00:00
[2026-02-09T17:25:24.543+0000] {processor.py:183} INFO - Processing /opt/airflow/dags/setup_dag.py took 0.302 seconds
[2026-02-09T17:25:54.838+0000] {processor.py:161} INFO - Started process (PID=17916) to work on /opt/airflow/dags/setup_dag.py
[2026-02-09T17:25:54.841+0000] {processor.py:830} INFO - Processing file /opt/airflow/dags/setup_dag.py for tasks to queue
[2026-02-09T17:25:54.844+0000] {logging_mixin.py:188} INFO - [2026-02-09T17:25:54.843+0000] {dagbag.py:538} INFO - Filling up the DagBag from /opt/airflow/dags/setup_dag.py
[2026-02-09T17:25:54.854+0000] {processor.py:840} INFO - DAG(s) 'fork2_dag' retrieved from /opt/airflow/dags/setup_dag.py
[2026-02-09T17:25:54.876+0000] {logging_mixin.py:188} INFO - [2026-02-09T17:25:54.875+0000] {dag.py:3036} INFO - Sync 1 DAGs
[2026-02-09T17:25:54.923+0000] {logging_mixin.py:188} INFO - [2026-02-09T17:25:54.923+0000] {dag.py:3823} INFO - Setting next_dagrun for fork2_dag to 2026-02-09 17:25:40+00:00, run_after=2026-02-09 17:25:50+00:00
[2026-02-09T17:25:54.961+0000] {processor.py:183} INFO - Processing /opt/airflow/dags/setup_dag.py took 0.129 seconds
[2026-02-09T17:26:25.533+0000] {processor.py:161} INFO - Started process (PID=17992) to work on /opt/airflow/dags/setup_dag.py
[2026-02-09T17:26:25.534+0000] {processor.py:830} INFO - Processing file /opt/airflow/dags/setup_dag.py for tasks to queue
[2026-02-09T17:26:25.537+0000] {logging_mixin.py:188} INFO - [2026-02-09T17:26:25.537+0000] {dagbag.py:538} INFO - Filling up the DagBag from /opt/airflow/dags/setup_dag.py
[2026-02-09T17:26:25.560+0000] {processor.py:840} INFO - DAG(s) 'fork2_dag' retrieved from /opt/airflow/dags/setup_dag.py
[2026-02-09T17:26:25.770+0000] {logging_mixin.py:188} INFO - [2026-02-09T17:26:25.770+0000] {dag.py:3036} INFO - Sync 1 DAGs
[2026-02-09T17:26:25.815+0000] {logging_mixin.py:188} INFO - [2026-02-09T17:26:25.815+0000] {dag.py:3823} INFO - Setting next_dagrun for fork2_dag to 2026-02-09 17:26:10+00:00, run_after=2026-02-09 17:26:20+00:00
[2026-02-09T17:26:25.854+0000] {processor.py:183} INFO - Processing /opt/airflow/dags/setup_dag.py took 0.328 seconds
[2026-02-09T17:26:56.123+0000] {processor.py:161} INFO - Started process (PID=18068) to work on /opt/airflow/dags/setup_dag.py
[2026-02-09T17:26:56.125+0000] {processor.py:830} INFO - Processing file /opt/airflow/dags/setup_dag.py for tasks to queue
[2026-02-09T17:26:56.128+0000] {logging_mixin.py:188} INFO - [2026-02-09T17:26:56.128+0000] {dagbag.py:538} INFO - Filling up the DagBag from /opt/airflow/dags/setup_dag.py
[2026-02-09T17:26:56.137+0000] {processor.py:840} INFO - DAG(s) 'fork2_dag' retrieved from /opt/airflow/dags/setup_dag.py
[2026-02-09T17:26:56.171+0000] {logging_mixin.py:188} INFO - [2026-02-09T17:26:56.171+0000] {dag.py:3036} INFO - Sync 1 DAGs
[2026-02-09T17:26:56.208+0000] {logging_mixin.py:188} INFO - [2026-02-09T17:26:56.207+0000] {dag.py:3823} INFO - Setting next_dagrun for fork2_dag to 2026-02-09 17:26:40+00:00, run_after=2026-02-09 17:26:50+00:00
[2026-02-09T17:26:56.241+0000] {processor.py:183} INFO - Processing /opt/airflow/dags/setup_dag.py took 0.123 seconds
[2026-02-09T17:27:26.663+0000] {processor.py:161} INFO - Started process (PID=18144) to work on /opt/airflow/dags/setup_dag.py
[2026-02-09T17:27:26.665+0000] {processor.py:830} INFO - Processing file /opt/airflow/dags/setup_dag.py for tasks to queue
[2026-02-09T17:27:26.668+0000] {logging_mixin.py:188} INFO - [2026-02-09T17:27:26.667+0000] {dagbag.py:538} INFO - Filling up the DagBag from /opt/airflow/dags/setup_dag.py
[2026-02-09T17:27:26.677+0000] {processor.py:840} INFO - DAG(s) 'fork2_dag' retrieved from /opt/airflow/dags/setup_dag.py
[2026-02-09T17:27:26.869+0000] {logging_mixin.py:188} INFO - [2026-02-09T17:27:26.868+0000] {dag.py:3036} INFO - Sync 1 DAGs
[2026-02-09T17:27:26.909+0000] {logging_mixin.py:188} INFO - [2026-02-09T17:27:26.908+0000] {dag.py:3823} INFO - Setting next_dagrun for fork2_dag to 2026-02-09 17:27:10+00:00, run_after=2026-02-09 17:27:20+00:00
[2026-02-09T17:27:26.939+0000] {processor.py:183} INFO - Processing /opt/airflow/dags/setup_dag.py took 0.281 seconds
[2026-02-09T17:27:57.691+0000] {processor.py:161} INFO - Started process (PID=18220) to work on /opt/airflow/dags/setup_dag.py
[2026-02-09T17:27:57.693+0000] {processor.py:830} INFO - Processing file /opt/airflow/dags/setup_dag.py for tasks to queue
[2026-02-09T17:27:57.697+0000] {logging_mixin.py:188} INFO - [2026-02-09T17:27:57.696+0000] {dagbag.py:538} INFO - Filling up the DagBag from /opt/airflow/dags/setup_dag.py
[2026-02-09T17:27:57.705+0000] {processor.py:840} INFO - DAG(s) 'fork2_dag' retrieved from /opt/airflow/dags/setup_dag.py
[2026-02-09T17:27:57.739+0000] {logging_mixin.py:188} INFO - [2026-02-09T17:27:57.739+0000] {dag.py:3036} INFO - Sync 1 DAGs
[2026-02-09T17:27:57.783+0000] {logging_mixin.py:188} INFO - [2026-02-09T17:27:57.782+0000] {dag.py:3823} INFO - Setting next_dagrun for fork2_dag to 2026-02-09 17:27:40+00:00, run_after=2026-02-09 17:27:50+00:00
[2026-02-09T17:27:57.815+0000] {processor.py:183} INFO - Processing /opt/airflow/dags/setup_dag.py took 0.129 seconds
[2026-02-09T17:28:28.460+0000] {processor.py:161} INFO - Started process (PID=18295) to work on /opt/airflow/dags/setup_dag.py
[2026-02-09T17:28:28.462+0000] {processor.py:830} INFO - Processing file /opt/airflow/dags/setup_dag.py for tasks to queue
[2026-02-09T17:28:28.466+0000] {logging_mixin.py:188} INFO - [2026-02-09T17:28:28.465+0000] {dagbag.py:538} INFO - Filling up the DagBag from /opt/airflow/dags/setup_dag.py
[2026-02-09T17:28:28.477+0000] {processor.py:840} INFO - DAG(s) 'fork2_dag' retrieved from /opt/airflow/dags/setup_dag.py
[2026-02-09T17:28:28.689+0000] {logging_mixin.py:188} INFO - [2026-02-09T17:28:28.688+0000] {dag.py:3036} INFO - Sync 1 DAGs
[2026-02-09T17:28:28.742+0000] {logging_mixin.py:188} INFO - [2026-02-09T17:28:28.741+0000] {dag.py:3823} INFO - Setting next_dagrun for fork2_dag to 2026-02-09 17:28:10+00:00, run_after=2026-02-09 17:28:20+00:00
[2026-02-09T17:28:28.782+0000] {processor.py:183} INFO - Processing /opt/airflow/dags/setup_dag.py took 0.328 seconds
[2026-02-09T17:28:58.872+0000] {processor.py:161} INFO - Started process (PID=18371) to work on /opt/airflow/dags/setup_dag.py
[2026-02-09T17:28:58.874+0000] {processor.py:830} INFO - Processing file /opt/airflow/dags/setup_dag.py for tasks to queue
[2026-02-09T17:28:58.877+0000] {logging_mixin.py:188} INFO - [2026-02-09T17:28:58.876+0000] {dagbag.py:538} INFO - Filling up the DagBag from /opt/airflow/dags/setup_dag.py
[2026-02-09T17:28:58.886+0000] {processor.py:840} INFO - DAG(s) 'fork2_dag' retrieved from /opt/airflow/dags/setup_dag.py
[2026-02-09T17:28:58.917+0000] {logging_mixin.py:188} INFO - [2026-02-09T17:28:58.917+0000] {dag.py:3036} INFO - Sync 1 DAGs
[2026-02-09T17:28:58.954+0000] {logging_mixin.py:188} INFO - [2026-02-09T17:28:58.954+0000] {dag.py:3823} INFO - Setting next_dagrun for fork2_dag to 2026-02-09 17:28:40+00:00, run_after=2026-02-09 17:28:50+00:00
[2026-02-09T17:28:58.982+0000] {processor.py:183} INFO - Processing /opt/airflow/dags/setup_dag.py took 0.115 seconds
[2026-02-09T17:29:29.383+0000] {processor.py:161} INFO - Started process (PID=18447) to work on /opt/airflow/dags/setup_dag.py
[2026-02-09T17:29:29.384+0000] {processor.py:830} INFO - Processing file /opt/airflow/dags/setup_dag.py for tasks to queue
[2026-02-09T17:29:29.391+0000] {logging_mixin.py:188} INFO - [2026-02-09T17:29:29.390+0000] {dagbag.py:538} INFO - Filling up the DagBag from /opt/airflow/dags/setup_dag.py
[2026-02-09T17:29:29.401+0000] {processor.py:840} INFO - DAG(s) 'fork2_dag' retrieved from /opt/airflow/dags/setup_dag.py
[2026-02-09T17:29:29.597+0000] {logging_mixin.py:188} INFO - [2026-02-09T17:29:29.597+0000] {dag.py:3036} INFO - Sync 1 DAGs
[2026-02-09T17:29:29.641+0000] {logging_mixin.py:188} INFO - [2026-02-09T17:29:29.641+0000] {dag.py:3823} INFO - Setting next_dagrun for fork2_dag to 2026-02-09 17:29:10+00:00, run_after=2026-02-09 17:29:20+00:00
[2026-02-09T17:29:29.673+0000] {processor.py:183} INFO - Processing /opt/airflow/dags/setup_dag.py took 0.295 seconds
[2026-02-09T17:30:00.405+0000] {processor.py:161} INFO - Started process (PID=18532) to work on /opt/airflow/dags/setup_dag.py
[2026-02-09T17:30:00.408+0000] {processor.py:830} INFO - Processing file /opt/airflow/dags/setup_dag.py for tasks to queue
[2026-02-09T17:30:00.411+0000] {logging_mixin.py:188} INFO - [2026-02-09T17:30:00.411+0000] {dagbag.py:538} INFO - Filling up the DagBag from /opt/airflow/dags/setup_dag.py
[2026-02-09T17:30:00.421+0000] {processor.py:840} INFO - DAG(s) 'fork2_dag' retrieved from /opt/airflow/dags/setup_dag.py
[2026-02-09T17:30:00.459+0000] {logging_mixin.py:188} INFO - [2026-02-09T17:30:00.459+0000] {dag.py:3036} INFO - Sync 1 DAGs
[2026-02-09T17:30:00.505+0000] {logging_mixin.py:188} INFO - [2026-02-09T17:30:00.504+0000] {dag.py:3823} INFO - Setting next_dagrun for fork2_dag to 2026-02-09 17:29:50+00:00, run_after=2026-02-09 17:30:00+00:00
[2026-02-09T17:30:00.539+0000] {processor.py:183} INFO - Processing /opt/airflow/dags/setup_dag.py took 0.140 seconds
[2026-02-09T17:30:30.655+0000] {processor.py:161} INFO - Started process (PID=18607) to work on /opt/airflow/dags/setup_dag.py
[2026-02-09T17:30:30.656+0000] {processor.py:830} INFO - Processing file /opt/airflow/dags/setup_dag.py for tasks to queue
[2026-02-09T17:30:30.659+0000] {logging_mixin.py:188} INFO - [2026-02-09T17:30:30.658+0000] {dagbag.py:538} INFO - Filling up the DagBag from /opt/airflow/dags/setup_dag.py
[2026-02-09T17:30:30.667+0000] {processor.py:840} INFO - DAG(s) 'fork2_dag' retrieved from /opt/airflow/dags/setup_dag.py
[2026-02-09T17:30:30.839+0000] {logging_mixin.py:188} INFO - [2026-02-09T17:30:30.838+0000] {dag.py:3036} INFO - Sync 1 DAGs
[2026-02-09T17:30:30.874+0000] {logging_mixin.py:188} INFO - [2026-02-09T17:30:30.874+0000] {dag.py:3823} INFO - Setting next_dagrun for fork2_dag to 2026-02-09 17:30:20+00:00, run_after=2026-02-09 17:30:30+00:00
[2026-02-09T17:30:30.904+0000] {processor.py:183} INFO - Processing /opt/airflow/dags/setup_dag.py took 0.254 seconds
[2026-02-09T17:31:01.588+0000] {processor.py:161} INFO - Started process (PID=18683) to work on /opt/airflow/dags/setup_dag.py
[2026-02-09T17:31:01.590+0000] {processor.py:830} INFO - Processing file /opt/airflow/dags/setup_dag.py for tasks to queue
[2026-02-09T17:31:01.593+0000] {logging_mixin.py:188} INFO - [2026-02-09T17:31:01.592+0000] {dagbag.py:538} INFO - Filling up the DagBag from /opt/airflow/dags/setup_dag.py
[2026-02-09T17:31:01.601+0000] {processor.py:840} INFO - DAG(s) 'fork2_dag' retrieved from /opt/airflow/dags/setup_dag.py
[2026-02-09T17:31:01.636+0000] {logging_mixin.py:188} INFO - [2026-02-09T17:31:01.635+0000] {dag.py:3036} INFO - Sync 1 DAGs
[2026-02-09T17:31:01.681+0000] {logging_mixin.py:188} INFO - [2026-02-09T17:31:01.681+0000] {dag.py:3823} INFO - Setting next_dagrun for fork2_dag to 2026-02-09 17:30:50+00:00, run_after=2026-02-09 17:31:00+00:00
[2026-02-09T17:31:01.721+0000] {processor.py:183} INFO - Processing /opt/airflow/dags/setup_dag.py took 0.139 seconds
[2026-02-09T17:31:32.019+0000] {processor.py:161} INFO - Started process (PID=18759) to work on /opt/airflow/dags/setup_dag.py
[2026-02-09T17:31:32.020+0000] {processor.py:830} INFO - Processing file /opt/airflow/dags/setup_dag.py for tasks to queue
[2026-02-09T17:31:32.023+0000] {logging_mixin.py:188} INFO - [2026-02-09T17:31:32.023+0000] {dagbag.py:538} INFO - Filling up the DagBag from /opt/airflow/dags/setup_dag.py
[2026-02-09T17:31:32.034+0000] {processor.py:840} INFO - DAG(s) 'fork2_dag' retrieved from /opt/airflow/dags/setup_dag.py
[2026-02-09T17:31:32.220+0000] {logging_mixin.py:188} INFO - [2026-02-09T17:31:32.220+0000] {dag.py:3036} INFO - Sync 1 DAGs
[2026-02-09T17:31:32.262+0000] {logging_mixin.py:188} INFO - [2026-02-09T17:31:32.262+0000] {dag.py:3823} INFO - Setting next_dagrun for fork2_dag to 2026-02-09 17:31:20+00:00, run_after=2026-02-09 17:31:30+00:00
[2026-02-09T17:31:32.300+0000] {processor.py:183} INFO - Processing /opt/airflow/dags/setup_dag.py took 0.286 seconds
[2026-02-09T17:32:02.352+0000] {processor.py:161} INFO - Started process (PID=18835) to work on /opt/airflow/dags/setup_dag.py
[2026-02-09T17:32:02.354+0000] {processor.py:830} INFO - Processing file /opt/airflow/dags/setup_dag.py for tasks to queue
[2026-02-09T17:32:02.356+0000] {logging_mixin.py:188} INFO - [2026-02-09T17:32:02.356+0000] {dagbag.py:538} INFO - Filling up the DagBag from /opt/airflow/dags/setup_dag.py
[2026-02-09T17:32:02.366+0000] {processor.py:840} INFO - DAG(s) 'fork2_dag' retrieved from /opt/airflow/dags/setup_dag.py
[2026-02-09T17:32:02.403+0000] {logging_mixin.py:188} INFO - [2026-02-09T17:32:02.403+0000] {dag.py:3036} INFO - Sync 1 DAGs
[2026-02-09T17:32:02.449+0000] {logging_mixin.py:188} INFO - [2026-02-09T17:32:02.448+0000] {dag.py:3823} INFO - Setting next_dagrun for fork2_dag to 2026-02-09 17:31:50+00:00, run_after=2026-02-09 17:32:00+00:00
[2026-02-09T17:32:02.486+0000] {processor.py:183} INFO - Processing /opt/airflow/dags/setup_dag.py took 0.139 seconds
[2026-02-09T17:32:32.551+0000] {processor.py:161} INFO - Started process (PID=18912) to work on /opt/airflow/dags/setup_dag.py
[2026-02-09T17:32:32.553+0000] {processor.py:830} INFO - Processing file /opt/airflow/dags/setup_dag.py for tasks to queue
[2026-02-09T17:32:32.556+0000] {logging_mixin.py:188} INFO - [2026-02-09T17:32:32.555+0000] {dagbag.py:538} INFO - Filling up the DagBag from /opt/airflow/dags/setup_dag.py
[2026-02-09T17:32:32.566+0000] {processor.py:840} INFO - DAG(s) 'fork2_dag' retrieved from /opt/airflow/dags/setup_dag.py
[2026-02-09T17:32:32.734+0000] {logging_mixin.py:188} INFO - [2026-02-09T17:32:32.733+0000] {dag.py:3036} INFO - Sync 1 DAGs
[2026-02-09T17:32:32.770+0000] {logging_mixin.py:188} INFO - [2026-02-09T17:32:32.769+0000] {dag.py:3823} INFO - Setting next_dagrun for fork2_dag to 2026-02-09 17:32:20+00:00, run_after=2026-02-09 17:32:30+00:00
[2026-02-09T17:32:32.803+0000] {processor.py:183} INFO - Processing /opt/airflow/dags/setup_dag.py took 0.257 seconds
[2026-02-09T17:33:03.001+0000] {processor.py:161} INFO - Started process (PID=18986) to work on /opt/airflow/dags/setup_dag.py
[2026-02-09T17:33:03.003+0000] {processor.py:830} INFO - Processing file /opt/airflow/dags/setup_dag.py for tasks to queue
[2026-02-09T17:33:03.007+0000] {logging_mixin.py:188} INFO - [2026-02-09T17:33:03.007+0000] {dagbag.py:538} INFO - Filling up the DagBag from /opt/airflow/dags/setup_dag.py
[2026-02-09T17:33:03.018+0000] {processor.py:840} INFO - DAG(s) 'fork2_dag' retrieved from /opt/airflow/dags/setup_dag.py
[2026-02-09T17:33:03.055+0000] {logging_mixin.py:188} INFO - [2026-02-09T17:33:03.055+0000] {dag.py:3036} INFO - Sync 1 DAGs
[2026-02-09T17:33:03.094+0000] {logging_mixin.py:188} INFO - [2026-02-09T17:33:03.093+0000] {dag.py:3823} INFO - Setting next_dagrun for fork2_dag to 2026-02-09 17:32:50+00:00, run_after=2026-02-09 17:33:00+00:00
[2026-02-09T17:33:03.126+0000] {processor.py:183} INFO - Processing /opt/airflow/dags/setup_dag.py took 0.131 seconds
[2026-02-09T17:33:33.767+0000] {processor.py:161} INFO - Started process (PID=19063) to work on /opt/airflow/dags/setup_dag.py
[2026-02-09T17:33:33.769+0000] {processor.py:830} INFO - Processing file /opt/airflow/dags/setup_dag.py for tasks to queue
[2026-02-09T17:33:33.782+0000] {logging_mixin.py:188} INFO - [2026-02-09T17:33:33.781+0000] {dagbag.py:538} INFO - Filling up the DagBag from /opt/airflow/dags/setup_dag.py
[2026-02-09T17:33:33.791+0000] {processor.py:840} INFO - DAG(s) 'fork2_dag' retrieved from /opt/airflow/dags/setup_dag.py
[2026-02-09T17:33:33.982+0000] {logging_mixin.py:188} INFO - [2026-02-09T17:33:33.982+0000] {dag.py:3036} INFO - Sync 1 DAGs
[2026-02-09T17:33:34.041+0000] {logging_mixin.py:188} INFO - [2026-02-09T17:33:34.041+0000] {dag.py:3823} INFO - Setting next_dagrun for fork2_dag to 2026-02-09 17:33:20+00:00, run_after=2026-02-09 17:33:30+00:00
[2026-02-09T17:33:34.083+0000] {processor.py:183} INFO - Processing /opt/airflow/dags/setup_dag.py took 0.324 seconds
[2026-02-09T17:34:04.254+0000] {processor.py:161} INFO - Started process (PID=19140) to work on /opt/airflow/dags/setup_dag.py
[2026-02-09T17:34:04.256+0000] {processor.py:830} INFO - Processing file /opt/airflow/dags/setup_dag.py for tasks to queue
[2026-02-09T17:34:04.260+0000] {logging_mixin.py:188} INFO - [2026-02-09T17:34:04.259+0000] {dagbag.py:538} INFO - Filling up the DagBag from /opt/airflow/dags/setup_dag.py
[2026-02-09T17:34:04.270+0000] {processor.py:840} INFO - DAG(s) 'fork2_dag' retrieved from /opt/airflow/dags/setup_dag.py
[2026-02-09T17:34:04.319+0000] {logging_mixin.py:188} INFO - [2026-02-09T17:34:04.319+0000] {dag.py:3036} INFO - Sync 1 DAGs
[2026-02-09T17:34:04.365+0000] {logging_mixin.py:188} INFO - [2026-02-09T17:34:04.365+0000] {dag.py:3823} INFO - Setting next_dagrun for fork2_dag to 2026-02-09 17:33:50+00:00, run_after=2026-02-09 17:34:00+00:00
[2026-02-09T17:34:04.395+0000] {processor.py:183} INFO - Processing /opt/airflow/dags/setup_dag.py took 0.146 seconds
[2026-02-09T17:34:34.676+0000] {processor.py:161} INFO - Started process (PID=19216) to work on /opt/airflow/dags/setup_dag.py
[2026-02-09T17:34:34.678+0000] {processor.py:830} INFO - Processing file /opt/airflow/dags/setup_dag.py for tasks to queue
[2026-02-09T17:34:34.681+0000] {logging_mixin.py:188} INFO - [2026-02-09T17:34:34.681+0000] {dagbag.py:538} INFO - Filling up the DagBag from /opt/airflow/dags/setup_dag.py
[2026-02-09T17:34:34.689+0000] {processor.py:840} INFO - DAG(s) 'fork2_dag' retrieved from /opt/airflow/dags/setup_dag.py
[2026-02-09T17:34:34.864+0000] {logging_mixin.py:188} INFO - [2026-02-09T17:34:34.864+0000] {dag.py:3036} INFO - Sync 1 DAGs
[2026-02-09T17:34:34.897+0000] {logging_mixin.py:188} INFO - [2026-02-09T17:34:34.896+0000] {dag.py:3823} INFO - Setting next_dagrun for fork2_dag to 2026-02-09 17:34:20+00:00, run_after=2026-02-09 17:34:30+00:00
[2026-02-09T17:34:34.932+0000] {processor.py:183} INFO - Processing /opt/airflow/dags/setup_dag.py took 0.261 seconds
[2026-02-09T17:35:05.278+0000] {processor.py:161} INFO - Started process (PID=19300) to work on /opt/airflow/dags/setup_dag.py
[2026-02-09T17:35:05.279+0000] {processor.py:830} INFO - Processing file /opt/airflow/dags/setup_dag.py for tasks to queue
[2026-02-09T17:35:05.284+0000] {logging_mixin.py:188} INFO - [2026-02-09T17:35:05.283+0000] {dagbag.py:538} INFO - Filling up the DagBag from /opt/airflow/dags/setup_dag.py
[2026-02-09T17:35:05.293+0000] {processor.py:840} INFO - DAG(s) 'fork2_dag' retrieved from /opt/airflow/dags/setup_dag.py
[2026-02-09T17:35:05.332+0000] {logging_mixin.py:188} INFO - [2026-02-09T17:35:05.332+0000] {dag.py:3036} INFO - Sync 1 DAGs
[2026-02-09T17:35:05.380+0000] {logging_mixin.py:188} INFO - [2026-02-09T17:35:05.379+0000] {dag.py:3823} INFO - Setting next_dagrun for fork2_dag to 2026-02-09 17:34:50+00:00, run_after=2026-02-09 17:35:00+00:00
[2026-02-09T17:35:05.413+0000] {processor.py:183} INFO - Processing /opt/airflow/dags/setup_dag.py took 0.142 seconds
[2026-02-09T17:35:35.760+0000] {processor.py:161} INFO - Started process (PID=19375) to work on /opt/airflow/dags/setup_dag.py
[2026-02-09T17:35:35.762+0000] {processor.py:830} INFO - Processing file /opt/airflow/dags/setup_dag.py for tasks to queue
[2026-02-09T17:35:35.766+0000] {logging_mixin.py:188} INFO - [2026-02-09T17:35:35.765+0000] {dagbag.py:538} INFO - Filling up the DagBag from /opt/airflow/dags/setup_dag.py
[2026-02-09T17:35:35.775+0000] {processor.py:840} INFO - DAG(s) 'fork2_dag' retrieved from /opt/airflow/dags/setup_dag.py
[2026-02-09T17:35:35.984+0000] {logging_mixin.py:188} INFO - [2026-02-09T17:35:35.984+0000] {dag.py:3036} INFO - Sync 1 DAGs
[2026-02-09T17:35:36.026+0000] {logging_mixin.py:188} INFO - [2026-02-09T17:35:36.025+0000] {dag.py:3823} INFO - Setting next_dagrun for fork2_dag to 2026-02-09 17:35:20+00:00, run_after=2026-02-09 17:35:30+00:00
[2026-02-09T17:35:36.061+0000] {processor.py:183} INFO - Processing /opt/airflow/dags/setup_dag.py took 0.306 seconds
[2026-02-09T17:36:06.493+0000] {processor.py:161} INFO - Started process (PID=19452) to work on /opt/airflow/dags/setup_dag.py
[2026-02-09T17:36:06.496+0000] {processor.py:830} INFO - Processing file /opt/airflow/dags/setup_dag.py for tasks to queue
[2026-02-09T17:36:06.500+0000] {logging_mixin.py:188} INFO - [2026-02-09T17:36:06.499+0000] {dagbag.py:538} INFO - Filling up the DagBag from /opt/airflow/dags/setup_dag.py
[2026-02-09T17:36:06.509+0000] {processor.py:840} INFO - DAG(s) 'fork2_dag' retrieved from /opt/airflow/dags/setup_dag.py
[2026-02-09T17:36:06.551+0000] {logging_mixin.py:188} INFO - [2026-02-09T17:36:06.551+0000] {dag.py:3036} INFO - Sync 1 DAGs
[2026-02-09T17:36:06.599+0000] {logging_mixin.py:188} INFO - [2026-02-09T17:36:06.599+0000] {dag.py:3823} INFO - Setting next_dagrun for fork2_dag to 2026-02-09 17:35:50+00:00, run_after=2026-02-09 17:36:00+00:00
[2026-02-09T17:36:06.637+0000] {processor.py:183} INFO - Processing /opt/airflow/dags/setup_dag.py took 0.149 seconds
[2026-02-09T17:36:36.849+0000] {processor.py:161} INFO - Started process (PID=19528) to work on /opt/airflow/dags/setup_dag.py
[2026-02-09T17:36:36.854+0000] {processor.py:830} INFO - Processing file /opt/airflow/dags/setup_dag.py for tasks to queue
[2026-02-09T17:36:36.857+0000] {logging_mixin.py:188} INFO - [2026-02-09T17:36:36.857+0000] {dagbag.py:538} INFO - Filling up the DagBag from /opt/airflow/dags/setup_dag.py
[2026-02-09T17:36:36.865+0000] {processor.py:840} INFO - DAG(s) 'fork2_dag' retrieved from /opt/airflow/dags/setup_dag.py
[2026-02-09T17:36:37.036+0000] {logging_mixin.py:188} INFO - [2026-02-09T17:36:37.036+0000] {dag.py:3036} INFO - Sync 1 DAGs
[2026-02-09T17:36:37.069+0000] {logging_mixin.py:188} INFO - [2026-02-09T17:36:37.068+0000] {dag.py:3823} INFO - Setting next_dagrun for fork2_dag to 2026-02-09 17:36:20+00:00, run_after=2026-02-09 17:36:30+00:00
[2026-02-09T17:36:37.098+0000] {processor.py:183} INFO - Processing /opt/airflow/dags/setup_dag.py took 0.254 seconds
[2026-02-09T17:37:07.544+0000] {processor.py:161} INFO - Started process (PID=19603) to work on /opt/airflow/dags/setup_dag.py
[2026-02-09T17:37:07.546+0000] {processor.py:830} INFO - Processing file /opt/airflow/dags/setup_dag.py for tasks to queue
[2026-02-09T17:37:07.550+0000] {logging_mixin.py:188} INFO - [2026-02-09T17:37:07.549+0000] {dagbag.py:538} INFO - Filling up the DagBag from /opt/airflow/dags/setup_dag.py
[2026-02-09T17:37:07.558+0000] {processor.py:840} INFO - DAG(s) 'fork2_dag' retrieved from /opt/airflow/dags/setup_dag.py
[2026-02-09T17:37:07.591+0000] {logging_mixin.py:188} INFO - [2026-02-09T17:37:07.591+0000] {dag.py:3036} INFO - Sync 1 DAGs
[2026-02-09T17:37:07.632+0000] {logging_mixin.py:188} INFO - [2026-02-09T17:37:07.632+0000] {dag.py:3823} INFO - Setting next_dagrun for fork2_dag to 2026-02-09 17:36:50+00:00, run_after=2026-02-09 17:37:00+00:00
[2026-02-09T17:37:07.667+0000] {processor.py:183} INFO - Processing /opt/airflow/dags/setup_dag.py took 0.127 seconds
[2026-02-09T17:37:37.873+0000] {processor.py:161} INFO - Started process (PID=19681) to work on /opt/airflow/dags/setup_dag.py
[2026-02-09T17:37:37.875+0000] {processor.py:830} INFO - Processing file /opt/airflow/dags/setup_dag.py for tasks to queue
[2026-02-09T17:37:37.880+0000] {logging_mixin.py:188} INFO - [2026-02-09T17:37:37.880+0000] {dagbag.py:538} INFO - Filling up the DagBag from /opt/airflow/dags/setup_dag.py
[2026-02-09T17:37:37.892+0000] {processor.py:840} INFO - DAG(s) 'fork2_dag' retrieved from /opt/airflow/dags/setup_dag.py
[2026-02-09T17:37:38.077+0000] {logging_mixin.py:188} INFO - [2026-02-09T17:37:38.076+0000] {dag.py:3036} INFO - Sync 1 DAGs
[2026-02-09T17:37:38.110+0000] {logging_mixin.py:188} INFO - [2026-02-09T17:37:38.110+0000] {dag.py:3823} INFO - Setting next_dagrun for fork2_dag to 2026-02-09 17:37:20+00:00, run_after=2026-02-09 17:37:30+00:00
[2026-02-09T17:37:38.318+0000] {processor.py:183} INFO - Processing /opt/airflow/dags/setup_dag.py took 0.453 seconds
[2026-02-09T17:38:08.513+0000] {processor.py:161} INFO - Started process (PID=19758) to work on /opt/airflow/dags/setup_dag.py
[2026-02-09T17:38:08.514+0000] {processor.py:830} INFO - Processing file /opt/airflow/dags/setup_dag.py for tasks to queue
[2026-02-09T17:38:08.516+0000] {logging_mixin.py:188} INFO - [2026-02-09T17:38:08.516+0000] {dagbag.py:538} INFO - Filling up the DagBag from /opt/airflow/dags/setup_dag.py
[2026-02-09T17:38:08.525+0000] {processor.py:840} INFO - DAG(s) 'fork2_dag' retrieved from /opt/airflow/dags/setup_dag.py
[2026-02-09T17:38:08.548+0000] {logging_mixin.py:188} INFO - [2026-02-09T17:38:08.547+0000] {dag.py:3036} INFO - Sync 1 DAGs
[2026-02-09T17:38:08.591+0000] {logging_mixin.py:188} INFO - [2026-02-09T17:38:08.591+0000] {dag.py:3823} INFO - Setting next_dagrun for fork2_dag to 2026-02-09 17:37:50+00:00, run_after=2026-02-09 17:38:00+00:00
[2026-02-09T17:38:08.629+0000] {processor.py:183} INFO - Processing /opt/airflow/dags/setup_dag.py took 0.120 seconds
[2026-02-09T17:38:38.689+0000] {processor.py:161} INFO - Started process (PID=19833) to work on /opt/airflow/dags/setup_dag.py
[2026-02-09T17:38:38.695+0000] {processor.py:830} INFO - Processing file /opt/airflow/dags/setup_dag.py for tasks to queue
[2026-02-09T17:38:38.698+0000] {logging_mixin.py:188} INFO - [2026-02-09T17:38:38.698+0000] {dagbag.py:538} INFO - Filling up the DagBag from /opt/airflow/dags/setup_dag.py
[2026-02-09T17:38:38.708+0000] {processor.py:840} INFO - DAG(s) 'fork2_dag' retrieved from /opt/airflow/dags/setup_dag.py
[2026-02-09T17:38:38.881+0000] {logging_mixin.py:188} INFO - [2026-02-09T17:38:38.880+0000] {dag.py:3036} INFO - Sync 1 DAGs
[2026-02-09T17:38:38.919+0000] {logging_mixin.py:188} INFO - [2026-02-09T17:38:38.918+0000] {dag.py:3823} INFO - Setting next_dagrun for fork2_dag to 2026-02-09 17:38:20+00:00, run_after=2026-02-09 17:38:30+00:00
[2026-02-09T17:38:38.952+0000] {processor.py:183} INFO - Processing /opt/airflow/dags/setup_dag.py took 0.268 seconds
[2026-02-09T17:39:09.041+0000] {processor.py:161} INFO - Started process (PID=19910) to work on /opt/airflow/dags/setup_dag.py
[2026-02-09T17:39:09.043+0000] {processor.py:830} INFO - Processing file /opt/airflow/dags/setup_dag.py for tasks to queue
[2026-02-09T17:39:09.045+0000] {logging_mixin.py:188} INFO - [2026-02-09T17:39:09.045+0000] {dagbag.py:538} INFO - Filling up the DagBag from /opt/airflow/dags/setup_dag.py
[2026-02-09T17:39:09.053+0000] {processor.py:840} INFO - DAG(s) 'fork2_dag' retrieved from /opt/airflow/dags/setup_dag.py
[2026-02-09T17:39:09.071+0000] {logging_mixin.py:188} INFO - [2026-02-09T17:39:09.071+0000] {dag.py:3036} INFO - Sync 1 DAGs
[2026-02-09T17:39:09.110+0000] {logging_mixin.py:188} INFO - [2026-02-09T17:39:09.110+0000] {dag.py:3823} INFO - Setting next_dagrun for fork2_dag to 2026-02-09 17:38:50+00:00, run_after=2026-02-09 17:39:00+00:00
[2026-02-09T17:39:09.139+0000] {processor.py:183} INFO - Processing /opt/airflow/dags/setup_dag.py took 0.104 seconds
[2026-02-09T17:39:39.339+0000] {processor.py:161} INFO - Started process (PID=19992) to work on /opt/airflow/dags/setup_dag.py
[2026-02-09T17:39:39.341+0000] {processor.py:830} INFO - Processing file /opt/airflow/dags/setup_dag.py for tasks to queue
[2026-02-09T17:39:39.345+0000] {logging_mixin.py:188} INFO - [2026-02-09T17:39:39.344+0000] {dagbag.py:538} INFO - Filling up the DagBag from /opt/airflow/dags/setup_dag.py
[2026-02-09T17:39:39.353+0000] {processor.py:840} INFO - DAG(s) 'fork2_dag' retrieved from /opt/airflow/dags/setup_dag.py
[2026-02-09T17:39:39.534+0000] {logging_mixin.py:188} INFO - [2026-02-09T17:39:39.534+0000] {dag.py:3036} INFO - Sync 1 DAGs
[2026-02-09T17:39:39.574+0000] {logging_mixin.py:188} INFO - [2026-02-09T17:39:39.574+0000] {dag.py:3823} INFO - Setting next_dagrun for fork2_dag to 2026-02-09 17:39:20+00:00, run_after=2026-02-09 17:39:30+00:00
[2026-02-09T17:39:39.611+0000] {processor.py:183} INFO - Processing /opt/airflow/dags/setup_dag.py took 0.277 seconds
[2026-02-09T17:40:09.800+0000] {processor.py:161} INFO - Started process (PID=20070) to work on /opt/airflow/dags/setup_dag.py
[2026-02-09T17:40:09.802+0000] {processor.py:830} INFO - Processing file /opt/airflow/dags/setup_dag.py for tasks to queue
[2026-02-09T17:40:09.805+0000] {logging_mixin.py:188} INFO - [2026-02-09T17:40:09.805+0000] {dagbag.py:538} INFO - Filling up the DagBag from /opt/airflow/dags/setup_dag.py
[2026-02-09T17:40:09.815+0000] {processor.py:840} INFO - DAG(s) 'fork2_dag' retrieved from /opt/airflow/dags/setup_dag.py
[2026-02-09T17:40:09.837+0000] {logging_mixin.py:188} INFO - [2026-02-09T17:40:09.836+0000] {dag.py:3036} INFO - Sync 1 DAGs
[2026-02-09T17:40:09.875+0000] {logging_mixin.py:188} INFO - [2026-02-09T17:40:09.874+0000] {dag.py:3823} INFO - Setting next_dagrun for fork2_dag to 2026-02-09 17:39:50+00:00, run_after=2026-02-09 17:40:00+00:00
[2026-02-09T17:40:09.904+0000] {processor.py:183} INFO - Processing /opt/airflow/dags/setup_dag.py took 0.109 seconds
[2026-02-09T17:40:40.008+0000] {processor.py:161} INFO - Started process (PID=20146) to work on /opt/airflow/dags/setup_dag.py
[2026-02-09T17:40:40.009+0000] {processor.py:830} INFO - Processing file /opt/airflow/dags/setup_dag.py for tasks to queue
[2026-02-09T17:40:40.014+0000] {logging_mixin.py:188} INFO - [2026-02-09T17:40:40.013+0000] {dagbag.py:538} INFO - Filling up the DagBag from /opt/airflow/dags/setup_dag.py
[2026-02-09T17:40:40.024+0000] {processor.py:840} INFO - DAG(s) 'fork2_dag' retrieved from /opt/airflow/dags/setup_dag.py
[2026-02-09T17:40:40.250+0000] {logging_mixin.py:188} INFO - [2026-02-09T17:40:40.249+0000] {dag.py:3036} INFO - Sync 1 DAGs
[2026-02-09T17:40:40.295+0000] {logging_mixin.py:188} INFO - [2026-02-09T17:40:40.295+0000] {dag.py:3823} INFO - Setting next_dagrun for fork2_dag to 2026-02-09 17:40:30+00:00, run_after=2026-02-09 17:40:40+00:00
[2026-02-09T17:40:40.331+0000] {processor.py:183} INFO - Processing /opt/airflow/dags/setup_dag.py took 0.330 seconds
[2026-02-09T17:41:10.528+0000] {processor.py:161} INFO - Started process (PID=20222) to work on /opt/airflow/dags/setup_dag.py
[2026-02-09T17:41:10.531+0000] {processor.py:830} INFO - Processing file /opt/airflow/dags/setup_dag.py for tasks to queue
[2026-02-09T17:41:10.533+0000] {logging_mixin.py:188} INFO - [2026-02-09T17:41:10.533+0000] {dagbag.py:538} INFO - Filling up the DagBag from /opt/airflow/dags/setup_dag.py
[2026-02-09T17:41:10.543+0000] {processor.py:840} INFO - DAG(s) 'fork2_dag' retrieved from /opt/airflow/dags/setup_dag.py
[2026-02-09T17:41:10.562+0000] {logging_mixin.py:188} INFO - [2026-02-09T17:41:10.562+0000] {dag.py:3036} INFO - Sync 1 DAGs
[2026-02-09T17:41:10.606+0000] {logging_mixin.py:188} INFO - [2026-02-09T17:41:10.606+0000] {dag.py:3823} INFO - Setting next_dagrun for fork2_dag to 2026-02-09 17:41:00+00:00, run_after=2026-02-09 17:41:10+00:00
[2026-02-09T17:41:10.641+0000] {processor.py:183} INFO - Processing /opt/airflow/dags/setup_dag.py took 0.127 seconds
[2026-02-09T17:41:41.339+0000] {processor.py:161} INFO - Started process (PID=20297) to work on /opt/airflow/dags/setup_dag.py
[2026-02-09T17:41:41.340+0000] {processor.py:830} INFO - Processing file /opt/airflow/dags/setup_dag.py for tasks to queue
[2026-02-09T17:41:41.344+0000] {logging_mixin.py:188} INFO - [2026-02-09T17:41:41.344+0000] {dagbag.py:538} INFO - Filling up the DagBag from /opt/airflow/dags/setup_dag.py
[2026-02-09T17:41:41.352+0000] {processor.py:840} INFO - DAG(s) 'fork2_dag' retrieved from /opt/airflow/dags/setup_dag.py
[2026-02-09T17:41:41.538+0000] {logging_mixin.py:188} INFO - [2026-02-09T17:41:41.538+0000] {dag.py:3036} INFO - Sync 1 DAGs
[2026-02-09T17:41:41.759+0000] {logging_mixin.py:188} INFO - [2026-02-09T17:41:41.759+0000] {dag.py:3823} INFO - Setting next_dagrun for fork2_dag to 2026-02-09 17:41:30+00:00, run_after=2026-02-09 17:41:40+00:00
[2026-02-09T17:41:41.796+0000] {processor.py:183} INFO - Processing /opt/airflow/dags/setup_dag.py took 0.463 seconds
[2026-02-09T17:42:11.884+0000] {processor.py:161} INFO - Started process (PID=20375) to work on /opt/airflow/dags/setup_dag.py
[2026-02-09T17:42:11.886+0000] {processor.py:830} INFO - Processing file /opt/airflow/dags/setup_dag.py for tasks to queue
[2026-02-09T17:42:11.888+0000] {logging_mixin.py:188} INFO - [2026-02-09T17:42:11.888+0000] {dagbag.py:538} INFO - Filling up the DagBag from /opt/airflow/dags/setup_dag.py
[2026-02-09T17:42:11.896+0000] {processor.py:840} INFO - DAG(s) 'fork2_dag' retrieved from /opt/airflow/dags/setup_dag.py
[2026-02-09T17:42:11.927+0000] {logging_mixin.py:188} INFO - [2026-02-09T17:42:11.927+0000] {dag.py:3036} INFO - Sync 1 DAGs
[2026-02-09T17:42:11.979+0000] {logging_mixin.py:188} INFO - [2026-02-09T17:42:11.979+0000] {dag.py:3823} INFO - Setting next_dagrun for fork2_dag to 2026-02-09 17:42:00+00:00, run_after=2026-02-09 17:42:10+00:00
[2026-02-09T17:42:12.009+0000] {processor.py:183} INFO - Processing /opt/airflow/dags/setup_dag.py took 0.129 seconds
[2026-02-09T17:42:42.795+0000] {processor.py:161} INFO - Started process (PID=20451) to work on /opt/airflow/dags/setup_dag.py
[2026-02-09T17:42:42.797+0000] {processor.py:830} INFO - Processing file /opt/airflow/dags/setup_dag.py for tasks to queue
[2026-02-09T17:42:42.800+0000] {logging_mixin.py:188} INFO - [2026-02-09T17:42:42.800+0000] {dagbag.py:538} INFO - Filling up the DagBag from /opt/airflow/dags/setup_dag.py
[2026-02-09T17:42:42.808+0000] {processor.py:840} INFO - DAG(s) 'fork2_dag' retrieved from /opt/airflow/dags/setup_dag.py
[2026-02-09T17:42:42.988+0000] {logging_mixin.py:188} INFO - [2026-02-09T17:42:42.988+0000] {dag.py:3036} INFO - Sync 1 DAGs
[2026-02-09T17:42:43.028+0000] {logging_mixin.py:188} INFO - [2026-02-09T17:42:43.028+0000] {dag.py:3823} INFO - Setting next_dagrun for fork2_dag to 2026-02-09 17:42:30+00:00, run_after=2026-02-09 17:42:40+00:00
[2026-02-09T17:42:43.241+0000] {processor.py:183} INFO - Processing /opt/airflow/dags/setup_dag.py took 0.452 seconds
[2026-02-09T17:43:13.290+0000] {processor.py:161} INFO - Started process (PID=20527) to work on /opt/airflow/dags/setup_dag.py
[2026-02-09T17:43:13.292+0000] {processor.py:830} INFO - Processing file /opt/airflow/dags/setup_dag.py for tasks to queue
[2026-02-09T17:43:13.296+0000] {logging_mixin.py:188} INFO - [2026-02-09T17:43:13.295+0000] {dagbag.py:538} INFO - Filling up the DagBag from /opt/airflow/dags/setup_dag.py
[2026-02-09T17:43:13.305+0000] {processor.py:840} INFO - DAG(s) 'fork2_dag' retrieved from /opt/airflow/dags/setup_dag.py
[2026-02-09T17:43:13.351+0000] {logging_mixin.py:188} INFO - [2026-02-09T17:43:13.351+0000] {dag.py:3036} INFO - Sync 1 DAGs
[2026-02-09T17:43:13.388+0000] {logging_mixin.py:188} INFO - [2026-02-09T17:43:13.388+0000] {dag.py:3823} INFO - Setting next_dagrun for fork2_dag to 2026-02-09 17:43:00+00:00, run_after=2026-02-09 17:43:10+00:00
[2026-02-09T17:43:13.422+0000] {processor.py:183} INFO - Processing /opt/airflow/dags/setup_dag.py took 0.138 seconds
[2026-02-09T17:43:44.122+0000] {processor.py:161} INFO - Started process (PID=20611) to work on /opt/airflow/dags/setup_dag.py
[2026-02-09T17:43:44.123+0000] {processor.py:830} INFO - Processing file /opt/airflow/dags/setup_dag.py for tasks to queue
[2026-02-09T17:43:44.128+0000] {logging_mixin.py:188} INFO - [2026-02-09T17:43:44.127+0000] {dagbag.py:538} INFO - Filling up the DagBag from /opt/airflow/dags/setup_dag.py
[2026-02-09T17:43:44.137+0000] {processor.py:840} INFO - DAG(s) 'fork2_dag' retrieved from /opt/airflow/dags/setup_dag.py
[2026-02-09T17:43:44.544+0000] {logging_mixin.py:188} INFO - [2026-02-09T17:43:44.544+0000] {dag.py:3036} INFO - Sync 1 DAGs
[2026-02-09T17:43:44.577+0000] {logging_mixin.py:188} INFO - [2026-02-09T17:43:44.576+0000] {dag.py:3823} INFO - Setting next_dagrun for fork2_dag to 2026-02-09 17:43:30+00:00, run_after=2026-02-09 17:43:40+00:00
[2026-02-09T17:43:44.612+0000] {processor.py:183} INFO - Processing /opt/airflow/dags/setup_dag.py took 0.496 seconds
[2026-02-09T17:44:14.845+0000] {processor.py:161} INFO - Started process (PID=20689) to work on /opt/airflow/dags/setup_dag.py
[2026-02-09T17:44:14.847+0000] {processor.py:830} INFO - Processing file /opt/airflow/dags/setup_dag.py for tasks to queue
[2026-02-09T17:44:14.850+0000] {logging_mixin.py:188} INFO - [2026-02-09T17:44:14.850+0000] {dagbag.py:538} INFO - Filling up the DagBag from /opt/airflow/dags/setup_dag.py
[2026-02-09T17:44:14.860+0000] {processor.py:840} INFO - DAG(s) 'fork2_dag' retrieved from /opt/airflow/dags/setup_dag.py
[2026-02-09T17:44:14.882+0000] {logging_mixin.py:188} INFO - [2026-02-09T17:44:14.882+0000] {dag.py:3036} INFO - Sync 1 DAGs
[2026-02-09T17:44:14.932+0000] {logging_mixin.py:188} INFO - [2026-02-09T17:44:14.932+0000] {dag.py:3823} INFO - Setting next_dagrun for fork2_dag to 2026-02-09 17:44:00+00:00, run_after=2026-02-09 17:44:10+00:00
[2026-02-09T17:44:14.978+0000] {processor.py:183} INFO - Processing /opt/airflow/dags/setup_dag.py took 0.138 seconds
[2026-02-09T17:44:45.393+0000] {processor.py:161} INFO - Started process (PID=20763) to work on /opt/airflow/dags/setup_dag.py
[2026-02-09T17:44:45.394+0000] {processor.py:830} INFO - Processing file /opt/airflow/dags/setup_dag.py for tasks to queue
[2026-02-09T17:44:45.398+0000] {logging_mixin.py:188} INFO - [2026-02-09T17:44:45.398+0000] {dagbag.py:538} INFO - Filling up the DagBag from /opt/airflow/dags/setup_dag.py
[2026-02-09T17:44:45.408+0000] {processor.py:840} INFO - DAG(s) 'fork2_dag' retrieved from /opt/airflow/dags/setup_dag.py
[2026-02-09T17:44:45.622+0000] {logging_mixin.py:188} INFO - [2026-02-09T17:44:45.621+0000] {dag.py:3036} INFO - Sync 1 DAGs
[2026-02-09T17:44:45.893+0000] {logging_mixin.py:188} INFO - [2026-02-09T17:44:45.893+0000] {dag.py:3823} INFO - Setting next_dagrun for fork2_dag to 2026-02-09 17:44:30+00:00, run_after=2026-02-09 17:44:40+00:00
[2026-02-09T17:44:45.926+0000] {processor.py:183} INFO - Processing /opt/airflow/dags/setup_dag.py took 0.539 seconds
[2026-02-09T17:45:16.162+0000] {processor.py:161} INFO - Started process (PID=20841) to work on /opt/airflow/dags/setup_dag.py
[2026-02-09T17:45:16.164+0000] {processor.py:830} INFO - Processing file /opt/airflow/dags/setup_dag.py for tasks to queue
[2026-02-09T17:45:16.168+0000] {logging_mixin.py:188} INFO - [2026-02-09T17:45:16.168+0000] {dagbag.py:538} INFO - Filling up the DagBag from /opt/airflow/dags/setup_dag.py
[2026-02-09T17:45:16.180+0000] {processor.py:840} INFO - DAG(s) 'fork2_dag' retrieved from /opt/airflow/dags/setup_dag.py
[2026-02-09T17:45:16.222+0000] {logging_mixin.py:188} INFO - [2026-02-09T17:45:16.221+0000] {dag.py:3036} INFO - Sync 1 DAGs
[2026-02-09T17:45:16.275+0000] {logging_mixin.py:188} INFO - [2026-02-09T17:45:16.274+0000] {dag.py:3823} INFO - Setting next_dagrun for fork2_dag to 2026-02-09 17:45:00+00:00, run_after=2026-02-09 17:45:10+00:00
[2026-02-09T17:45:16.544+0000] {processor.py:183} INFO - Processing /opt/airflow/dags/setup_dag.py took 0.390 seconds
[2026-02-09T17:45:46.841+0000] {processor.py:161} INFO - Started process (PID=20915) to work on /opt/airflow/dags/setup_dag.py
[2026-02-09T17:45:46.842+0000] {processor.py:830} INFO - Processing file /opt/airflow/dags/setup_dag.py for tasks to queue
[2026-02-09T17:45:46.846+0000] {logging_mixin.py:188} INFO - [2026-02-09T17:45:46.846+0000] {dagbag.py:538} INFO - Filling up the DagBag from /opt/airflow/dags/setup_dag.py
[2026-02-09T17:45:46.855+0000] {processor.py:840} INFO - DAG(s) 'fork2_dag' retrieved from /opt/airflow/dags/setup_dag.py
[2026-02-09T17:45:47.227+0000] {logging_mixin.py:188} INFO - [2026-02-09T17:45:47.226+0000] {dag.py:3036} INFO - Sync 1 DAGs
[2026-02-09T17:45:47.260+0000] {logging_mixin.py:188} INFO - [2026-02-09T17:45:47.260+0000] {dag.py:3823} INFO - Setting next_dagrun for fork2_dag to 2026-02-09 17:45:30+00:00, run_after=2026-02-09 17:45:40+00:00
[2026-02-09T17:45:47.291+0000] {processor.py:183} INFO - Processing /opt/airflow/dags/setup_dag.py took 0.456 seconds
[2026-02-09T17:46:17.399+0000] {processor.py:161} INFO - Started process (PID=20992) to work on /opt/airflow/dags/setup_dag.py
[2026-02-09T17:46:17.401+0000] {processor.py:830} INFO - Processing file /opt/airflow/dags/setup_dag.py for tasks to queue
[2026-02-09T17:46:17.404+0000] {logging_mixin.py:188} INFO - [2026-02-09T17:46:17.403+0000] {dagbag.py:538} INFO - Filling up the DagBag from /opt/airflow/dags/setup_dag.py
[2026-02-09T17:46:17.412+0000] {processor.py:840} INFO - DAG(s) 'fork2_dag' retrieved from /opt/airflow/dags/setup_dag.py
[2026-02-09T17:46:17.451+0000] {logging_mixin.py:188} INFO - [2026-02-09T17:46:17.451+0000] {dag.py:3036} INFO - Sync 1 DAGs
[2026-02-09T17:46:17.498+0000] {logging_mixin.py:188} INFO - [2026-02-09T17:46:17.498+0000] {dag.py:3823} INFO - Setting next_dagrun for fork2_dag to 2026-02-09 17:46:00+00:00, run_after=2026-02-09 17:46:10+00:00
[2026-02-09T17:46:17.698+0000] {processor.py:183} INFO - Processing /opt/airflow/dags/setup_dag.py took 0.304 seconds
[2026-02-09T17:46:48.617+0000] {processor.py:161} INFO - Started process (PID=21066) to work on /opt/airflow/dags/setup_dag.py
[2026-02-09T17:46:48.618+0000] {processor.py:830} INFO - Processing file /opt/airflow/dags/setup_dag.py for tasks to queue
[2026-02-09T17:46:48.621+0000] {logging_mixin.py:188} INFO - [2026-02-09T17:46:48.621+0000] {dagbag.py:538} INFO - Filling up the DagBag from /opt/airflow/dags/setup_dag.py
[2026-02-09T17:46:48.631+0000] {processor.py:840} INFO - DAG(s) 'fork2_dag' retrieved from /opt/airflow/dags/setup_dag.py
[2026-02-09T17:46:49.000+0000] {logging_mixin.py:188} INFO - [2026-02-09T17:46:48.999+0000] {dag.py:3036} INFO - Sync 1 DAGs
[2026-02-09T17:46:49.042+0000] {logging_mixin.py:188} INFO - [2026-02-09T17:46:49.041+0000] {dag.py:3823} INFO - Setting next_dagrun for fork2_dag to 2026-02-09 17:46:30+00:00, run_after=2026-02-09 17:46:40+00:00
[2026-02-09T17:46:49.079+0000] {processor.py:183} INFO - Processing /opt/airflow/dags/setup_dag.py took 0.467 seconds
[2026-02-09T17:47:19.385+0000] {processor.py:161} INFO - Started process (PID=21144) to work on /opt/airflow/dags/setup_dag.py
[2026-02-09T17:47:19.389+0000] {processor.py:830} INFO - Processing file /opt/airflow/dags/setup_dag.py for tasks to queue
[2026-02-09T17:47:19.392+0000] {logging_mixin.py:188} INFO - [2026-02-09T17:47:19.391+0000] {dagbag.py:538} INFO - Filling up the DagBag from /opt/airflow/dags/setup_dag.py
[2026-02-09T17:47:19.404+0000] {processor.py:840} INFO - DAG(s) 'fork2_dag' retrieved from /opt/airflow/dags/setup_dag.py
[2026-02-09T17:47:19.443+0000] {logging_mixin.py:188} INFO - [2026-02-09T17:47:19.442+0000] {dag.py:3036} INFO - Sync 1 DAGs
[2026-02-09T17:47:19.497+0000] {logging_mixin.py:188} INFO - [2026-02-09T17:47:19.496+0000] {dag.py:3823} INFO - Setting next_dagrun for fork2_dag to 2026-02-09 17:47:00+00:00, run_after=2026-02-09 17:47:10+00:00
[2026-02-09T17:47:19.718+0000] {processor.py:183} INFO - Processing /opt/airflow/dags/setup_dag.py took 0.340 seconds
[2026-02-09T17:47:49.824+0000] {processor.py:161} INFO - Started process (PID=21219) to work on /opt/airflow/dags/setup_dag.py
[2026-02-09T17:47:49.826+0000] {processor.py:830} INFO - Processing file /opt/airflow/dags/setup_dag.py for tasks to queue
[2026-02-09T17:47:49.829+0000] {logging_mixin.py:188} INFO - [2026-02-09T17:47:49.829+0000] {dagbag.py:538} INFO - Filling up the DagBag from /opt/airflow/dags/setup_dag.py
[2026-02-09T17:47:49.852+0000] {processor.py:840} INFO - DAG(s) 'fork2_dag' retrieved from /opt/airflow/dags/setup_dag.py
[2026-02-09T17:47:50.042+0000] {logging_mixin.py:188} INFO - [2026-02-09T17:47:50.042+0000] {dag.py:3036} INFO - Sync 1 DAGs
[2026-02-09T17:47:50.086+0000] {logging_mixin.py:188} INFO - [2026-02-09T17:47:50.086+0000] {dag.py:3823} INFO - Setting next_dagrun for fork2_dag to 2026-02-09 17:47:40+00:00, run_after=2026-02-09 17:47:50+00:00
[2026-02-09T17:47:50.113+0000] {processor.py:183} INFO - Processing /opt/airflow/dags/setup_dag.py took 0.293 seconds
[2026-02-09T17:48:20.976+0000] {processor.py:161} INFO - Started process (PID=21294) to work on /opt/airflow/dags/setup_dag.py
[2026-02-09T17:48:20.977+0000] {processor.py:830} INFO - Processing file /opt/airflow/dags/setup_dag.py for tasks to queue
[2026-02-09T17:48:20.980+0000] {logging_mixin.py:188} INFO - [2026-02-09T17:48:20.979+0000] {dagbag.py:538} INFO - Filling up the DagBag from /opt/airflow/dags/setup_dag.py
[2026-02-09T17:48:20.990+0000] {processor.py:840} INFO - DAG(s) 'fork2_dag' retrieved from /opt/airflow/dags/setup_dag.py
[2026-02-09T17:48:21.023+0000] {logging_mixin.py:188} INFO - [2026-02-09T17:48:21.022+0000] {dag.py:3036} INFO - Sync 1 DAGs
[2026-02-09T17:48:21.059+0000] {logging_mixin.py:188} INFO - [2026-02-09T17:48:21.059+0000] {dag.py:3823} INFO - Setting next_dagrun for fork2_dag to 2026-02-09 17:48:10+00:00, run_after=2026-02-09 17:48:20+00:00
[2026-02-09T17:48:21.090+0000] {processor.py:183} INFO - Processing /opt/airflow/dags/setup_dag.py took 0.120 seconds
[2026-02-09T17:48:51.355+0000] {processor.py:161} INFO - Started process (PID=21370) to work on /opt/airflow/dags/setup_dag.py
[2026-02-09T17:48:51.357+0000] {processor.py:830} INFO - Processing file /opt/airflow/dags/setup_dag.py for tasks to queue
[2026-02-09T17:48:51.360+0000] {logging_mixin.py:188} INFO - [2026-02-09T17:48:51.360+0000] {dagbag.py:538} INFO - Filling up the DagBag from /opt/airflow/dags/setup_dag.py
[2026-02-09T17:48:51.370+0000] {processor.py:840} INFO - DAG(s) 'fork2_dag' retrieved from /opt/airflow/dags/setup_dag.py
[2026-02-09T17:48:51.608+0000] {logging_mixin.py:188} INFO - [2026-02-09T17:48:51.607+0000] {dag.py:3036} INFO - Sync 1 DAGs
[2026-02-09T17:48:51.656+0000] {logging_mixin.py:188} INFO - [2026-02-09T17:48:51.655+0000] {dag.py:3823} INFO - Setting next_dagrun for fork2_dag to 2026-02-09 17:48:40+00:00, run_after=2026-02-09 17:48:50+00:00
[2026-02-09T17:48:51.707+0000] {processor.py:183} INFO - Processing /opt/airflow/dags/setup_dag.py took 0.358 seconds
[2026-02-09T17:49:21.821+0000] {processor.py:161} INFO - Started process (PID=21454) to work on /opt/airflow/dags/setup_dag.py
[2026-02-09T17:49:21.822+0000] {processor.py:830} INFO - Processing file /opt/airflow/dags/setup_dag.py for tasks to queue
[2026-02-09T17:49:21.825+0000] {logging_mixin.py:188} INFO - [2026-02-09T17:49:21.824+0000] {dagbag.py:538} INFO - Filling up the DagBag from /opt/airflow/dags/setup_dag.py
[2026-02-09T17:49:21.833+0000] {processor.py:840} INFO - DAG(s) 'fork2_dag' retrieved from /opt/airflow/dags/setup_dag.py
[2026-02-09T17:49:21.868+0000] {logging_mixin.py:188} INFO - [2026-02-09T17:49:21.867+0000] {dag.py:3036} INFO - Sync 1 DAGs
[2026-02-09T17:49:21.906+0000] {logging_mixin.py:188} INFO - [2026-02-09T17:49:21.906+0000] {dag.py:3823} INFO - Setting next_dagrun for fork2_dag to 2026-02-09 17:49:10+00:00, run_after=2026-02-09 17:49:20+00:00
[2026-02-09T17:49:21.937+0000] {processor.py:183} INFO - Processing /opt/airflow/dags/setup_dag.py took 0.121 seconds
[2026-02-09T17:49:52.247+0000] {processor.py:161} INFO - Started process (PID=21531) to work on /opt/airflow/dags/setup_dag.py
[2026-02-09T17:49:52.249+0000] {processor.py:830} INFO - Processing file /opt/airflow/dags/setup_dag.py for tasks to queue
[2026-02-09T17:49:52.252+0000] {logging_mixin.py:188} INFO - [2026-02-09T17:49:52.252+0000] {dagbag.py:538} INFO - Filling up the DagBag from /opt/airflow/dags/setup_dag.py
[2026-02-09T17:49:52.263+0000] {processor.py:840} INFO - DAG(s) 'fork2_dag' retrieved from /opt/airflow/dags/setup_dag.py
[2026-02-09T17:49:52.454+0000] {logging_mixin.py:188} INFO - [2026-02-09T17:49:52.453+0000] {dag.py:3036} INFO - Sync 1 DAGs
[2026-02-09T17:49:52.495+0000] {logging_mixin.py:188} INFO - [2026-02-09T17:49:52.494+0000] {dag.py:3823} INFO - Setting next_dagrun for fork2_dag to 2026-02-09 17:49:40+00:00, run_after=2026-02-09 17:49:50+00:00
[2026-02-09T17:49:52.527+0000] {processor.py:183} INFO - Processing /opt/airflow/dags/setup_dag.py took 0.285 seconds
[2026-02-09T17:50:22.592+0000] {processor.py:161} INFO - Started process (PID=21607) to work on /opt/airflow/dags/setup_dag.py
[2026-02-09T17:50:22.593+0000] {processor.py:830} INFO - Processing file /opt/airflow/dags/setup_dag.py for tasks to queue
[2026-02-09T17:50:22.596+0000] {logging_mixin.py:188} INFO - [2026-02-09T17:50:22.595+0000] {dagbag.py:538} INFO - Filling up the DagBag from /opt/airflow/dags/setup_dag.py
[2026-02-09T17:50:22.605+0000] {processor.py:840} INFO - DAG(s) 'fork2_dag' retrieved from /opt/airflow/dags/setup_dag.py
[2026-02-09T17:50:22.646+0000] {logging_mixin.py:188} INFO - [2026-02-09T17:50:22.645+0000] {dag.py:3036} INFO - Sync 1 DAGs
[2026-02-09T17:50:22.686+0000] {logging_mixin.py:188} INFO - [2026-02-09T17:50:22.685+0000] {dag.py:3823} INFO - Setting next_dagrun for fork2_dag to 2026-02-09 17:50:10+00:00, run_after=2026-02-09 17:50:20+00:00
[2026-02-09T17:50:22.720+0000] {processor.py:183} INFO - Processing /opt/airflow/dags/setup_dag.py took 0.133 seconds
[2026-02-09T17:50:52.999+0000] {processor.py:161} INFO - Started process (PID=21683) to work on /opt/airflow/dags/setup_dag.py
[2026-02-09T17:50:53.002+0000] {processor.py:830} INFO - Processing file /opt/airflow/dags/setup_dag.py for tasks to queue
[2026-02-09T17:50:53.004+0000] {logging_mixin.py:188} INFO - [2026-02-09T17:50:53.004+0000] {dagbag.py:538} INFO - Filling up the DagBag from /opt/airflow/dags/setup_dag.py
[2026-02-09T17:50:53.014+0000] {processor.py:840} INFO - DAG(s) 'fork2_dag' retrieved from /opt/airflow/dags/setup_dag.py
[2026-02-09T17:50:53.203+0000] {logging_mixin.py:188} INFO - [2026-02-09T17:50:53.202+0000] {dag.py:3036} INFO - Sync 1 DAGs
[2026-02-09T17:50:53.237+0000] {logging_mixin.py:188} INFO - [2026-02-09T17:50:53.236+0000] {dag.py:3823} INFO - Setting next_dagrun for fork2_dag to 2026-02-09 17:50:40+00:00, run_after=2026-02-09 17:50:50+00:00
[2026-02-09T17:50:53.266+0000] {processor.py:183} INFO - Processing /opt/airflow/dags/setup_dag.py took 0.272 seconds
[2026-02-09T17:51:23.397+0000] {processor.py:161} INFO - Started process (PID=21760) to work on /opt/airflow/dags/setup_dag.py
[2026-02-09T17:51:23.398+0000] {processor.py:830} INFO - Processing file /opt/airflow/dags/setup_dag.py for tasks to queue
[2026-02-09T17:51:23.402+0000] {logging_mixin.py:188} INFO - [2026-02-09T17:51:23.401+0000] {dagbag.py:538} INFO - Filling up the DagBag from /opt/airflow/dags/setup_dag.py
[2026-02-09T17:51:23.412+0000] {processor.py:840} INFO - DAG(s) 'fork2_dag' retrieved from /opt/airflow/dags/setup_dag.py
[2026-02-09T17:51:23.450+0000] {logging_mixin.py:188} INFO - [2026-02-09T17:51:23.449+0000] {dag.py:3036} INFO - Sync 1 DAGs
[2026-02-09T17:51:23.495+0000] {logging_mixin.py:188} INFO - [2026-02-09T17:51:23.494+0000] {dag.py:3823} INFO - Setting next_dagrun for fork2_dag to 2026-02-09 17:51:10+00:00, run_after=2026-02-09 17:51:20+00:00
[2026-02-09T17:51:23.530+0000] {processor.py:183} INFO - Processing /opt/airflow/dags/setup_dag.py took 0.138 seconds
[2026-02-09T17:51:53.662+0000] {processor.py:161} INFO - Started process (PID=21835) to work on /opt/airflow/dags/setup_dag.py
[2026-02-09T17:51:53.664+0000] {processor.py:830} INFO - Processing file /opt/airflow/dags/setup_dag.py for tasks to queue
[2026-02-09T17:51:53.667+0000] {logging_mixin.py:188} INFO - [2026-02-09T17:51:53.666+0000] {dagbag.py:538} INFO - Filling up the DagBag from /opt/airflow/dags/setup_dag.py
[2026-02-09T17:51:53.675+0000] {processor.py:840} INFO - DAG(s) 'fork2_dag' retrieved from /opt/airflow/dags/setup_dag.py
[2026-02-09T17:51:53.849+0000] {logging_mixin.py:188} INFO - [2026-02-09T17:51:53.849+0000] {dag.py:3036} INFO - Sync 1 DAGs
[2026-02-09T17:51:53.888+0000] {logging_mixin.py:188} INFO - [2026-02-09T17:51:53.888+0000] {dag.py:3823} INFO - Setting next_dagrun for fork2_dag to 2026-02-09 17:51:40+00:00, run_after=2026-02-09 17:51:50+00:00
[2026-02-09T17:51:53.916+0000] {processor.py:183} INFO - Processing /opt/airflow/dags/setup_dag.py took 0.258 seconds
[2026-02-09T17:52:24.087+0000] {processor.py:161} INFO - Started process (PID=21911) to work on /opt/airflow/dags/setup_dag.py
[2026-02-09T17:52:24.089+0000] {processor.py:830} INFO - Processing file /opt/airflow/dags/setup_dag.py for tasks to queue
[2026-02-09T17:52:24.092+0000] {logging_mixin.py:188} INFO - [2026-02-09T17:52:24.092+0000] {dagbag.py:538} INFO - Filling up the DagBag from /opt/airflow/dags/setup_dag.py
[2026-02-09T17:52:24.103+0000] {processor.py:840} INFO - DAG(s) 'fork2_dag' retrieved from /opt/airflow/dags/setup_dag.py
[2026-02-09T17:52:24.145+0000] {logging_mixin.py:188} INFO - [2026-02-09T17:52:24.145+0000] {dag.py:3036} INFO - Sync 1 DAGs
[2026-02-09T17:52:24.188+0000] {logging_mixin.py:188} INFO - [2026-02-09T17:52:24.187+0000] {dag.py:3823} INFO - Setting next_dagrun for fork2_dag to 2026-02-09 17:52:10+00:00, run_after=2026-02-09 17:52:20+00:00
[2026-02-09T17:52:24.223+0000] {processor.py:183} INFO - Processing /opt/airflow/dags/setup_dag.py took 0.141 seconds
[2026-02-09T17:52:54.483+0000] {processor.py:161} INFO - Started process (PID=21987) to work on /opt/airflow/dags/setup_dag.py
[2026-02-09T17:52:54.484+0000] {processor.py:830} INFO - Processing file /opt/airflow/dags/setup_dag.py for tasks to queue
[2026-02-09T17:52:54.488+0000] {logging_mixin.py:188} INFO - [2026-02-09T17:52:54.487+0000] {dagbag.py:538} INFO - Filling up the DagBag from /opt/airflow/dags/setup_dag.py
[2026-02-09T17:52:54.496+0000] {processor.py:840} INFO - DAG(s) 'fork2_dag' retrieved from /opt/airflow/dags/setup_dag.py
[2026-02-09T17:52:54.664+0000] {logging_mixin.py:188} INFO - [2026-02-09T17:52:54.663+0000] {dag.py:3036} INFO - Sync 1 DAGs
[2026-02-09T17:52:54.696+0000] {logging_mixin.py:188} INFO - [2026-02-09T17:52:54.695+0000] {dag.py:3823} INFO - Setting next_dagrun for fork2_dag to 2026-02-09 17:52:40+00:00, run_after=2026-02-09 17:52:50+00:00
[2026-02-09T17:52:54.724+0000] {processor.py:183} INFO - Processing /opt/airflow/dags/setup_dag.py took 0.246 seconds
[2026-02-09T17:53:25.079+0000] {processor.py:161} INFO - Started process (PID=22071) to work on /opt/airflow/dags/setup_dag.py
[2026-02-09T17:53:25.081+0000] {processor.py:830} INFO - Processing file /opt/airflow/dags/setup_dag.py for tasks to queue
[2026-02-09T17:53:25.084+0000] {logging_mixin.py:188} INFO - [2026-02-09T17:53:25.083+0000] {dagbag.py:538} INFO - Filling up the DagBag from /opt/airflow/dags/setup_dag.py
[2026-02-09T17:53:25.095+0000] {processor.py:840} INFO - DAG(s) 'fork2_dag' retrieved from /opt/airflow/dags/setup_dag.py
[2026-02-09T17:53:25.116+0000] {logging_mixin.py:188} INFO - [2026-02-09T17:53:25.116+0000] {dag.py:3036} INFO - Sync 1 DAGs
[2026-02-09T17:53:25.164+0000] {logging_mixin.py:188} INFO - [2026-02-09T17:53:25.163+0000] {dag.py:3823} INFO - Setting next_dagrun for fork2_dag to 2026-02-09 17:53:10+00:00, run_after=2026-02-09 17:53:20+00:00
[2026-02-09T17:53:25.202+0000] {processor.py:183} INFO - Processing /opt/airflow/dags/setup_dag.py took 0.129 seconds
[2026-02-09T17:53:55.322+0000] {processor.py:161} INFO - Started process (PID=22145) to work on /opt/airflow/dags/setup_dag.py
[2026-02-09T17:53:55.325+0000] {processor.py:830} INFO - Processing file /opt/airflow/dags/setup_dag.py for tasks to queue
[2026-02-09T17:53:55.328+0000] {logging_mixin.py:188} INFO - [2026-02-09T17:53:55.328+0000] {dagbag.py:538} INFO - Filling up the DagBag from /opt/airflow/dags/setup_dag.py
[2026-02-09T17:53:55.337+0000] {processor.py:840} INFO - DAG(s) 'fork2_dag' retrieved from /opt/airflow/dags/setup_dag.py
[2026-02-09T17:53:55.510+0000] {logging_mixin.py:188} INFO - [2026-02-09T17:53:55.509+0000] {dag.py:3036} INFO - Sync 1 DAGs
[2026-02-09T17:53:55.547+0000] {logging_mixin.py:188} INFO - [2026-02-09T17:53:55.546+0000] {dag.py:3823} INFO - Setting next_dagrun for fork2_dag to 2026-02-09 17:53:40+00:00, run_after=2026-02-09 17:53:50+00:00
[2026-02-09T17:53:55.582+0000] {processor.py:183} INFO - Processing /opt/airflow/dags/setup_dag.py took 0.268 seconds
[2026-02-09T17:54:25.804+0000] {processor.py:161} INFO - Started process (PID=22221) to work on /opt/airflow/dags/setup_dag.py
[2026-02-09T17:54:25.805+0000] {processor.py:830} INFO - Processing file /opt/airflow/dags/setup_dag.py for tasks to queue
[2026-02-09T17:54:25.808+0000] {logging_mixin.py:188} INFO - [2026-02-09T17:54:25.808+0000] {dagbag.py:538} INFO - Filling up the DagBag from /opt/airflow/dags/setup_dag.py
[2026-02-09T17:54:25.819+0000] {processor.py:840} INFO - DAG(s) 'fork2_dag' retrieved from /opt/airflow/dags/setup_dag.py
[2026-02-09T17:54:25.840+0000] {logging_mixin.py:188} INFO - [2026-02-09T17:54:25.840+0000] {dag.py:3036} INFO - Sync 1 DAGs
[2026-02-09T17:54:25.892+0000] {logging_mixin.py:188} INFO - [2026-02-09T17:54:25.892+0000] {dag.py:3823} INFO - Setting next_dagrun for fork2_dag to 2026-02-09 17:54:10+00:00, run_after=2026-02-09 17:54:20+00:00
[2026-02-09T17:54:25.930+0000] {processor.py:183} INFO - Processing /opt/airflow/dags/setup_dag.py took 0.131 seconds
[2026-02-09T17:54:56.009+0000] {processor.py:161} INFO - Started process (PID=22297) to work on /opt/airflow/dags/setup_dag.py
[2026-02-09T17:54:56.011+0000] {processor.py:830} INFO - Processing file /opt/airflow/dags/setup_dag.py for tasks to queue
[2026-02-09T17:54:56.013+0000] {logging_mixin.py:188} INFO - [2026-02-09T17:54:56.013+0000] {dagbag.py:538} INFO - Filling up the DagBag from /opt/airflow/dags/setup_dag.py
[2026-02-09T17:54:56.022+0000] {processor.py:840} INFO - DAG(s) 'fork2_dag' retrieved from /opt/airflow/dags/setup_dag.py
[2026-02-09T17:54:56.205+0000] {logging_mixin.py:188} INFO - [2026-02-09T17:54:56.205+0000] {dag.py:3036} INFO - Sync 1 DAGs
[2026-02-09T17:54:56.251+0000] {logging_mixin.py:188} INFO - [2026-02-09T17:54:56.251+0000] {dag.py:3823} INFO - Setting next_dagrun for fork2_dag to 2026-02-09 17:54:40+00:00, run_after=2026-02-09 17:54:50+00:00
[2026-02-09T17:54:56.288+0000] {processor.py:183} INFO - Processing /opt/airflow/dags/setup_dag.py took 0.284 seconds
[2026-02-09T17:55:26.428+0000] {processor.py:161} INFO - Started process (PID=22373) to work on /opt/airflow/dags/setup_dag.py
[2026-02-09T17:55:26.429+0000] {processor.py:830} INFO - Processing file /opt/airflow/dags/setup_dag.py for tasks to queue
[2026-02-09T17:55:26.432+0000] {logging_mixin.py:188} INFO - [2026-02-09T17:55:26.432+0000] {dagbag.py:538} INFO - Filling up the DagBag from /opt/airflow/dags/setup_dag.py
[2026-02-09T17:55:26.442+0000] {processor.py:840} INFO - DAG(s) 'fork2_dag' retrieved from /opt/airflow/dags/setup_dag.py
[2026-02-09T17:55:26.482+0000] {logging_mixin.py:188} INFO - [2026-02-09T17:55:26.481+0000] {dag.py:3036} INFO - Sync 1 DAGs
[2026-02-09T17:55:26.526+0000] {logging_mixin.py:188} INFO - [2026-02-09T17:55:26.526+0000] {dag.py:3823} INFO - Setting next_dagrun for fork2_dag to 2026-02-09 17:55:10+00:00, run_after=2026-02-09 17:55:20+00:00
[2026-02-09T17:55:26.563+0000] {processor.py:183} INFO - Processing /opt/airflow/dags/setup_dag.py took 0.140 seconds
[2026-02-09T17:55:57.012+0000] {processor.py:161} INFO - Started process (PID=22449) to work on /opt/airflow/dags/setup_dag.py
[2026-02-09T17:55:57.014+0000] {processor.py:830} INFO - Processing file /opt/airflow/dags/setup_dag.py for tasks to queue
[2026-02-09T17:55:57.017+0000] {logging_mixin.py:188} INFO - [2026-02-09T17:55:57.017+0000] {dagbag.py:538} INFO - Filling up the DagBag from /opt/airflow/dags/setup_dag.py
[2026-02-09T17:55:57.028+0000] {processor.py:840} INFO - DAG(s) 'fork2_dag' retrieved from /opt/airflow/dags/setup_dag.py
[2026-02-09T17:55:57.218+0000] {logging_mixin.py:188} INFO - [2026-02-09T17:55:57.218+0000] {dag.py:3036} INFO - Sync 1 DAGs
[2026-02-09T17:55:57.252+0000] {logging_mixin.py:188} INFO - [2026-02-09T17:55:57.252+0000] {dag.py:3823} INFO - Setting next_dagrun for fork2_dag to 2026-02-09 17:55:40+00:00, run_after=2026-02-09 17:55:50+00:00
[2026-02-09T17:55:57.285+0000] {processor.py:183} INFO - Processing /opt/airflow/dags/setup_dag.py took 0.278 seconds
[2026-02-09T17:56:27.430+0000] {processor.py:161} INFO - Started process (PID=22525) to work on /opt/airflow/dags/setup_dag.py
[2026-02-09T17:56:27.431+0000] {processor.py:830} INFO - Processing file /opt/airflow/dags/setup_dag.py for tasks to queue
[2026-02-09T17:56:27.434+0000] {logging_mixin.py:188} INFO - [2026-02-09T17:56:27.434+0000] {dagbag.py:538} INFO - Filling up the DagBag from /opt/airflow/dags/setup_dag.py
[2026-02-09T17:56:27.444+0000] {processor.py:840} INFO - DAG(s) 'fork2_dag' retrieved from /opt/airflow/dags/setup_dag.py
[2026-02-09T17:56:27.480+0000] {logging_mixin.py:188} INFO - [2026-02-09T17:56:27.480+0000] {dag.py:3036} INFO - Sync 1 DAGs
[2026-02-09T17:56:27.525+0000] {logging_mixin.py:188} INFO - [2026-02-09T17:56:27.525+0000] {dag.py:3823} INFO - Setting next_dagrun for fork2_dag to 2026-02-09 17:56:10+00:00, run_after=2026-02-09 17:56:20+00:00
[2026-02-09T17:56:27.559+0000] {processor.py:183} INFO - Processing /opt/airflow/dags/setup_dag.py took 0.134 seconds
[2026-02-09T17:56:58.105+0000] {processor.py:161} INFO - Started process (PID=22600) to work on /opt/airflow/dags/setup_dag.py
[2026-02-09T17:56:58.107+0000] {processor.py:830} INFO - Processing file /opt/airflow/dags/setup_dag.py for tasks to queue
[2026-02-09T17:56:58.110+0000] {logging_mixin.py:188} INFO - [2026-02-09T17:56:58.110+0000] {dagbag.py:538} INFO - Filling up the DagBag from /opt/airflow/dags/setup_dag.py
[2026-02-09T17:56:58.120+0000] {processor.py:840} INFO - DAG(s) 'fork2_dag' retrieved from /opt/airflow/dags/setup_dag.py
[2026-02-09T17:56:58.299+0000] {logging_mixin.py:188} INFO - [2026-02-09T17:56:58.298+0000] {dag.py:3036} INFO - Sync 1 DAGs
[2026-02-09T17:56:58.335+0000] {logging_mixin.py:188} INFO - [2026-02-09T17:56:58.335+0000] {dag.py:3823} INFO - Setting next_dagrun for fork2_dag to 2026-02-09 17:56:40+00:00, run_after=2026-02-09 17:56:50+00:00
[2026-02-09T17:56:58.365+0000] {processor.py:183} INFO - Processing /opt/airflow/dags/setup_dag.py took 0.265 seconds
[2026-02-09T17:57:28.767+0000] {processor.py:161} INFO - Started process (PID=22676) to work on /opt/airflow/dags/setup_dag.py
[2026-02-09T17:57:28.769+0000] {processor.py:830} INFO - Processing file /opt/airflow/dags/setup_dag.py for tasks to queue
[2026-02-09T17:57:28.772+0000] {logging_mixin.py:188} INFO - [2026-02-09T17:57:28.771+0000] {dagbag.py:538} INFO - Filling up the DagBag from /opt/airflow/dags/setup_dag.py
[2026-02-09T17:57:28.782+0000] {processor.py:840} INFO - DAG(s) 'fork2_dag' retrieved from /opt/airflow/dags/setup_dag.py
[2026-02-09T17:57:28.822+0000] {logging_mixin.py:188} INFO - [2026-02-09T17:57:28.821+0000] {dag.py:3036} INFO - Sync 1 DAGs
[2026-02-09T17:57:28.874+0000] {logging_mixin.py:188} INFO - [2026-02-09T17:57:28.874+0000] {dag.py:3823} INFO - Setting next_dagrun for fork2_dag to 2026-02-09 17:57:10+00:00, run_after=2026-02-09 17:57:20+00:00
[2026-02-09T17:57:28.921+0000] {processor.py:183} INFO - Processing /opt/airflow/dags/setup_dag.py took 0.160 seconds
[2026-02-09T17:57:58.994+0000] {processor.py:161} INFO - Started process (PID=22760) to work on /opt/airflow/dags/setup_dag.py
[2026-02-09T17:57:58.996+0000] {processor.py:830} INFO - Processing file /opt/airflow/dags/setup_dag.py for tasks to queue
[2026-02-09T17:57:58.998+0000] {logging_mixin.py:188} INFO - [2026-02-09T17:57:58.998+0000] {dagbag.py:538} INFO - Filling up the DagBag from /opt/airflow/dags/setup_dag.py
[2026-02-09T17:57:59.008+0000] {processor.py:840} INFO - DAG(s) 'fork2_dag' retrieved from /opt/airflow/dags/setup_dag.py
[2026-02-09T17:57:59.235+0000] {logging_mixin.py:188} INFO - [2026-02-09T17:57:59.235+0000] {dag.py:3036} INFO - Sync 1 DAGs
[2026-02-09T17:57:59.284+0000] {logging_mixin.py:188} INFO - [2026-02-09T17:57:59.284+0000] {dag.py:3823} INFO - Setting next_dagrun for fork2_dag to 2026-02-09 17:57:40+00:00, run_after=2026-02-09 17:57:50+00:00
[2026-02-09T17:57:59.329+0000] {processor.py:183} INFO - Processing /opt/airflow/dags/setup_dag.py took 0.341 seconds
[2026-02-09T17:58:30.168+0000] {processor.py:161} INFO - Started process (PID=22837) to work on /opt/airflow/dags/setup_dag.py
[2026-02-09T17:58:30.180+0000] {processor.py:830} INFO - Processing file /opt/airflow/dags/setup_dag.py for tasks to queue
[2026-02-09T17:58:30.186+0000] {logging_mixin.py:188} INFO - [2026-02-09T17:58:30.185+0000] {dagbag.py:538} INFO - Filling up the DagBag from /opt/airflow/dags/setup_dag.py
[2026-02-09T17:58:30.197+0000] {processor.py:840} INFO - DAG(s) 'fork2_dag' retrieved from /opt/airflow/dags/setup_dag.py
[2026-02-09T17:58:30.239+0000] {logging_mixin.py:188} INFO - [2026-02-09T17:58:30.239+0000] {dag.py:3036} INFO - Sync 1 DAGs
[2026-02-09T17:58:30.347+0000] {logging_mixin.py:188} INFO - [2026-02-09T17:58:30.347+0000] {dag.py:3823} INFO - Setting next_dagrun for fork2_dag to 2026-02-09 17:58:20+00:00, run_after=2026-02-09 17:58:30+00:00
[2026-02-09T17:58:30.385+0000] {processor.py:183} INFO - Processing /opt/airflow/dags/setup_dag.py took 0.223 seconds
[2026-02-09T17:59:00.586+0000] {processor.py:161} INFO - Started process (PID=22913) to work on /opt/airflow/dags/setup_dag.py
[2026-02-09T17:59:00.589+0000] {processor.py:830} INFO - Processing file /opt/airflow/dags/setup_dag.py for tasks to queue
[2026-02-09T17:59:00.592+0000] {logging_mixin.py:188} INFO - [2026-02-09T17:59:00.591+0000] {dagbag.py:538} INFO - Filling up the DagBag from /opt/airflow/dags/setup_dag.py
[2026-02-09T17:59:00.603+0000] {processor.py:840} INFO - DAG(s) 'fork2_dag' retrieved from /opt/airflow/dags/setup_dag.py
[2026-02-09T17:59:00.867+0000] {logging_mixin.py:188} INFO - [2026-02-09T17:59:00.867+0000] {dag.py:3036} INFO - Sync 1 DAGs
[2026-02-09T17:59:00.906+0000] {logging_mixin.py:188} INFO - [2026-02-09T17:59:00.905+0000] {dag.py:3823} INFO - Setting next_dagrun for fork2_dag to 2026-02-09 17:58:50+00:00, run_after=2026-02-09 17:59:00+00:00
[2026-02-09T17:59:00.944+0000] {processor.py:183} INFO - Processing /opt/airflow/dags/setup_dag.py took 0.364 seconds
[2026-02-09T17:59:31.522+0000] {processor.py:161} INFO - Started process (PID=22989) to work on /opt/airflow/dags/setup_dag.py
[2026-02-09T17:59:31.523+0000] {processor.py:830} INFO - Processing file /opt/airflow/dags/setup_dag.py for tasks to queue
[2026-02-09T17:59:31.526+0000] {logging_mixin.py:188} INFO - [2026-02-09T17:59:31.525+0000] {dagbag.py:538} INFO - Filling up the DagBag from /opt/airflow/dags/setup_dag.py
[2026-02-09T17:59:31.535+0000] {processor.py:840} INFO - DAG(s) 'fork2_dag' retrieved from /opt/airflow/dags/setup_dag.py
[2026-02-09T17:59:31.569+0000] {logging_mixin.py:188} INFO - [2026-02-09T17:59:31.569+0000] {dag.py:3036} INFO - Sync 1 DAGs
[2026-02-09T17:59:31.612+0000] {logging_mixin.py:188} INFO - [2026-02-09T17:59:31.612+0000] {dag.py:3823} INFO - Setting next_dagrun for fork2_dag to 2026-02-09 17:59:20+00:00, run_after=2026-02-09 17:59:30+00:00
[2026-02-09T17:59:31.647+0000] {processor.py:183} INFO - Processing /opt/airflow/dags/setup_dag.py took 0.130 seconds
[2026-02-09T18:00:01.984+0000] {processor.py:161} INFO - Started process (PID=23064) to work on /opt/airflow/dags/setup_dag.py
[2026-02-09T18:00:01.986+0000] {processor.py:830} INFO - Processing file /opt/airflow/dags/setup_dag.py for tasks to queue
[2026-02-09T18:00:01.988+0000] {logging_mixin.py:188} INFO - [2026-02-09T18:00:01.988+0000] {dagbag.py:538} INFO - Filling up the DagBag from /opt/airflow/dags/setup_dag.py
[2026-02-09T18:00:01.996+0000] {processor.py:840} INFO - DAG(s) 'fork2_dag' retrieved from /opt/airflow/dags/setup_dag.py
[2026-02-09T18:00:02.198+0000] {logging_mixin.py:188} INFO - [2026-02-09T18:00:02.197+0000] {dag.py:3036} INFO - Sync 1 DAGs
[2026-02-09T18:00:02.232+0000] {logging_mixin.py:188} INFO - [2026-02-09T18:00:02.232+0000] {dag.py:3823} INFO - Setting next_dagrun for fork2_dag to 2026-02-09 17:59:50+00:00, run_after=2026-02-09 18:00:00+00:00
[2026-02-09T18:00:02.263+0000] {processor.py:183} INFO - Processing /opt/airflow/dags/setup_dag.py took 0.284 seconds
[2026-02-09T18:00:32.326+0000] {processor.py:161} INFO - Started process (PID=23141) to work on /opt/airflow/dags/setup_dag.py
[2026-02-09T18:00:32.327+0000] {processor.py:830} INFO - Processing file /opt/airflow/dags/setup_dag.py for tasks to queue
[2026-02-09T18:00:32.330+0000] {logging_mixin.py:188} INFO - [2026-02-09T18:00:32.329+0000] {dagbag.py:538} INFO - Filling up the DagBag from /opt/airflow/dags/setup_dag.py
[2026-02-09T18:00:32.340+0000] {processor.py:840} INFO - DAG(s) 'fork2_dag' retrieved from /opt/airflow/dags/setup_dag.py
[2026-02-09T18:00:32.374+0000] {logging_mixin.py:188} INFO - [2026-02-09T18:00:32.373+0000] {dag.py:3036} INFO - Sync 1 DAGs
[2026-02-09T18:00:32.409+0000] {logging_mixin.py:188} INFO - [2026-02-09T18:00:32.409+0000] {dag.py:3823} INFO - Setting next_dagrun for fork2_dag to 2026-02-09 18:00:20+00:00, run_after=2026-02-09 18:00:30+00:00
[2026-02-09T18:00:32.441+0000] {processor.py:183} INFO - Processing /opt/airflow/dags/setup_dag.py took 0.120 seconds
[2026-02-09T18:01:03.103+0000] {processor.py:161} INFO - Started process (PID=23217) to work on /opt/airflow/dags/setup_dag.py
[2026-02-09T18:01:03.105+0000] {processor.py:830} INFO - Processing file /opt/airflow/dags/setup_dag.py for tasks to queue
[2026-02-09T18:01:03.107+0000] {logging_mixin.py:188} INFO - [2026-02-09T18:01:03.107+0000] {dagbag.py:538} INFO - Filling up the DagBag from /opt/airflow/dags/setup_dag.py
[2026-02-09T18:01:03.116+0000] {processor.py:840} INFO - DAG(s) 'fork2_dag' retrieved from /opt/airflow/dags/setup_dag.py
[2026-02-09T18:01:03.302+0000] {logging_mixin.py:188} INFO - [2026-02-09T18:01:03.302+0000] {dag.py:3036} INFO - Sync 1 DAGs
[2026-02-09T18:01:03.334+0000] {logging_mixin.py:188} INFO - [2026-02-09T18:01:03.333+0000] {dag.py:3823} INFO - Setting next_dagrun for fork2_dag to 2026-02-09 18:00:50+00:00, run_after=2026-02-09 18:01:00+00:00
[2026-02-09T18:01:03.364+0000] {processor.py:183} INFO - Processing /opt/airflow/dags/setup_dag.py took 0.266 seconds
[2026-02-09T18:01:33.460+0000] {processor.py:161} INFO - Started process (PID=23293) to work on /opt/airflow/dags/setup_dag.py
[2026-02-09T18:01:33.461+0000] {processor.py:830} INFO - Processing file /opt/airflow/dags/setup_dag.py for tasks to queue
[2026-02-09T18:01:33.464+0000] {logging_mixin.py:188} INFO - [2026-02-09T18:01:33.464+0000] {dagbag.py:538} INFO - Filling up the DagBag from /opt/airflow/dags/setup_dag.py
[2026-02-09T18:01:33.475+0000] {processor.py:840} INFO - DAG(s) 'fork2_dag' retrieved from /opt/airflow/dags/setup_dag.py
[2026-02-09T18:01:33.512+0000] {logging_mixin.py:188} INFO - [2026-02-09T18:01:33.512+0000] {dag.py:3036} INFO - Sync 1 DAGs
[2026-02-09T18:01:33.554+0000] {logging_mixin.py:188} INFO - [2026-02-09T18:01:33.554+0000] {dag.py:3823} INFO - Setting next_dagrun for fork2_dag to 2026-02-09 18:01:20+00:00, run_after=2026-02-09 18:01:30+00:00
[2026-02-09T18:01:33.586+0000] {processor.py:183} INFO - Processing /opt/airflow/dags/setup_dag.py took 0.131 seconds
[2026-02-09T18:02:04.468+0000] {processor.py:161} INFO - Started process (PID=23370) to work on /opt/airflow/dags/setup_dag.py
[2026-02-09T18:02:04.470+0000] {processor.py:830} INFO - Processing file /opt/airflow/dags/setup_dag.py for tasks to queue
[2026-02-09T18:02:04.473+0000] {logging_mixin.py:188} INFO - [2026-02-09T18:02:04.473+0000] {dagbag.py:538} INFO - Filling up the DagBag from /opt/airflow/dags/setup_dag.py
[2026-02-09T18:02:04.484+0000] {processor.py:840} INFO - DAG(s) 'fork2_dag' retrieved from /opt/airflow/dags/setup_dag.py
[2026-02-09T18:02:04.658+0000] {logging_mixin.py:188} INFO - [2026-02-09T18:02:04.657+0000] {dag.py:3036} INFO - Sync 1 DAGs
[2026-02-09T18:02:04.689+0000] {logging_mixin.py:188} INFO - [2026-02-09T18:02:04.688+0000] {dag.py:3823} INFO - Setting next_dagrun for fork2_dag to 2026-02-09 18:01:50+00:00, run_after=2026-02-09 18:02:00+00:00
[2026-02-09T18:02:04.719+0000] {processor.py:183} INFO - Processing /opt/airflow/dags/setup_dag.py took 0.256 seconds
[2026-02-09T18:02:35.050+0000] {processor.py:161} INFO - Started process (PID=23456) to work on /opt/airflow/dags/setup_dag.py
[2026-02-09T18:02:35.051+0000] {processor.py:830} INFO - Processing file /opt/airflow/dags/setup_dag.py for tasks to queue
[2026-02-09T18:02:35.055+0000] {logging_mixin.py:188} INFO - [2026-02-09T18:02:35.055+0000] {dagbag.py:538} INFO - Filling up the DagBag from /opt/airflow/dags/setup_dag.py
[2026-02-09T18:02:35.067+0000] {processor.py:840} INFO - DAG(s) 'fork2_dag' retrieved from /opt/airflow/dags/setup_dag.py
[2026-02-09T18:02:35.092+0000] {logging_mixin.py:188} INFO - [2026-02-09T18:02:35.091+0000] {dag.py:3036} INFO - Sync 1 DAGs
[2026-02-09T18:02:35.134+0000] {logging_mixin.py:188} INFO - [2026-02-09T18:02:35.134+0000] {dag.py:3823} INFO - Setting next_dagrun for fork2_dag to 2026-02-09 18:02:20+00:00, run_after=2026-02-09 18:02:30+00:00
[2026-02-09T18:02:35.172+0000] {processor.py:183} INFO - Processing /opt/airflow/dags/setup_dag.py took 0.127 seconds
[2026-02-09T18:03:05.227+0000] {processor.py:161} INFO - Started process (PID=23533) to work on /opt/airflow/dags/setup_dag.py
[2026-02-09T18:03:05.229+0000] {processor.py:830} INFO - Processing file /opt/airflow/dags/setup_dag.py for tasks to queue
[2026-02-09T18:03:05.232+0000] {logging_mixin.py:188} INFO - [2026-02-09T18:03:05.231+0000] {dagbag.py:538} INFO - Filling up the DagBag from /opt/airflow/dags/setup_dag.py
[2026-02-09T18:03:05.243+0000] {processor.py:840} INFO - DAG(s) 'fork2_dag' retrieved from /opt/airflow/dags/setup_dag.py
[2026-02-09T18:03:05.426+0000] {logging_mixin.py:188} INFO - [2026-02-09T18:03:05.425+0000] {dag.py:3036} INFO - Sync 1 DAGs
[2026-02-09T18:03:05.460+0000] {logging_mixin.py:188} INFO - [2026-02-09T18:03:05.460+0000] {dag.py:3823} INFO - Setting next_dagrun for fork2_dag to 2026-02-09 18:02:50+00:00, run_after=2026-02-09 18:03:00+00:00
[2026-02-09T18:03:05.492+0000] {processor.py:183} INFO - Processing /opt/airflow/dags/setup_dag.py took 0.271 seconds
[2026-02-09T18:03:35.539+0000] {processor.py:161} INFO - Started process (PID=23609) to work on /opt/airflow/dags/setup_dag.py
[2026-02-09T18:03:35.540+0000] {processor.py:830} INFO - Processing file /opt/airflow/dags/setup_dag.py for tasks to queue
[2026-02-09T18:03:35.543+0000] {logging_mixin.py:188} INFO - [2026-02-09T18:03:35.542+0000] {dagbag.py:538} INFO - Filling up the DagBag from /opt/airflow/dags/setup_dag.py
[2026-02-09T18:03:35.553+0000] {processor.py:840} INFO - DAG(s) 'fork2_dag' retrieved from /opt/airflow/dags/setup_dag.py
[2026-02-09T18:03:35.588+0000] {logging_mixin.py:188} INFO - [2026-02-09T18:03:35.587+0000] {dag.py:3036} INFO - Sync 1 DAGs
[2026-02-09T18:03:35.632+0000] {logging_mixin.py:188} INFO - [2026-02-09T18:03:35.632+0000] {dag.py:3823} INFO - Setting next_dagrun for fork2_dag to 2026-02-09 18:03:20+00:00, run_after=2026-02-09 18:03:30+00:00
[2026-02-09T18:03:35.666+0000] {processor.py:183} INFO - Processing /opt/airflow/dags/setup_dag.py took 0.133 seconds
[2026-02-09T18:04:06.043+0000] {processor.py:161} INFO - Started process (PID=23686) to work on /opt/airflow/dags/setup_dag.py
[2026-02-09T18:04:06.045+0000] {processor.py:830} INFO - Processing file /opt/airflow/dags/setup_dag.py for tasks to queue
[2026-02-09T18:04:06.048+0000] {logging_mixin.py:188} INFO - [2026-02-09T18:04:06.047+0000] {dagbag.py:538} INFO - Filling up the DagBag from /opt/airflow/dags/setup_dag.py
[2026-02-09T18:04:06.056+0000] {processor.py:840} INFO - DAG(s) 'fork2_dag' retrieved from /opt/airflow/dags/setup_dag.py
[2026-02-09T18:04:06.273+0000] {logging_mixin.py:188} INFO - [2026-02-09T18:04:06.272+0000] {dag.py:3036} INFO - Sync 1 DAGs
[2026-02-09T18:04:06.311+0000] {logging_mixin.py:188} INFO - [2026-02-09T18:04:06.311+0000] {dag.py:3823} INFO - Setting next_dagrun for fork2_dag to 2026-02-09 18:03:50+00:00, run_after=2026-02-09 18:04:00+00:00
[2026-02-09T18:04:06.346+0000] {processor.py:183} INFO - Processing /opt/airflow/dags/setup_dag.py took 0.308 seconds
[2026-02-09T18:04:36.482+0000] {processor.py:161} INFO - Started process (PID=23764) to work on /opt/airflow/dags/setup_dag.py
[2026-02-09T18:04:36.485+0000] {processor.py:830} INFO - Processing file /opt/airflow/dags/setup_dag.py for tasks to queue
[2026-02-09T18:04:36.488+0000] {logging_mixin.py:188} INFO - [2026-02-09T18:04:36.487+0000] {dagbag.py:538} INFO - Filling up the DagBag from /opt/airflow/dags/setup_dag.py
[2026-02-09T18:04:36.498+0000] {processor.py:840} INFO - DAG(s) 'fork2_dag' retrieved from /opt/airflow/dags/setup_dag.py
[2026-02-09T18:04:36.518+0000] {logging_mixin.py:188} INFO - [2026-02-09T18:04:36.518+0000] {dag.py:3036} INFO - Sync 1 DAGs
[2026-02-09T18:04:36.561+0000] {logging_mixin.py:188} INFO - [2026-02-09T18:04:36.561+0000] {dag.py:3823} INFO - Setting next_dagrun for fork2_dag to 2026-02-09 18:04:20+00:00, run_after=2026-02-09 18:04:30+00:00
[2026-02-09T18:04:36.591+0000] {processor.py:183} INFO - Processing /opt/airflow/dags/setup_dag.py took 0.115 seconds
[2026-02-09T18:05:06.689+0000] {processor.py:161} INFO - Started process (PID=23841) to work on /opt/airflow/dags/setup_dag.py
[2026-02-09T18:05:06.690+0000] {processor.py:830} INFO - Processing file /opt/airflow/dags/setup_dag.py for tasks to queue
[2026-02-09T18:05:06.693+0000] {logging_mixin.py:188} INFO - [2026-02-09T18:05:06.693+0000] {dagbag.py:538} INFO - Filling up the DagBag from /opt/airflow/dags/setup_dag.py
[2026-02-09T18:05:06.704+0000] {processor.py:840} INFO - DAG(s) 'fork2_dag' retrieved from /opt/airflow/dags/setup_dag.py
[2026-02-09T18:05:06.946+0000] {logging_mixin.py:188} INFO - [2026-02-09T18:05:06.945+0000] {dag.py:3036} INFO - Sync 1 DAGs
[2026-02-09T18:05:06.986+0000] {logging_mixin.py:188} INFO - [2026-02-09T18:05:06.986+0000] {dag.py:3823} INFO - Setting next_dagrun for fork2_dag to 2026-02-09 18:04:50+00:00, run_after=2026-02-09 18:05:00+00:00
[2026-02-09T18:05:07.024+0000] {processor.py:183} INFO - Processing /opt/airflow/dags/setup_dag.py took 0.346 seconds
[2026-02-09T18:05:37.122+0000] {processor.py:161} INFO - Started process (PID=23918) to work on /opt/airflow/dags/setup_dag.py
[2026-02-09T18:05:37.123+0000] {processor.py:830} INFO - Processing file /opt/airflow/dags/setup_dag.py for tasks to queue
[2026-02-09T18:05:37.125+0000] {logging_mixin.py:188} INFO - [2026-02-09T18:05:37.125+0000] {dagbag.py:538} INFO - Filling up the DagBag from /opt/airflow/dags/setup_dag.py
[2026-02-09T18:05:37.134+0000] {processor.py:840} INFO - DAG(s) 'fork2_dag' retrieved from /opt/airflow/dags/setup_dag.py
[2026-02-09T18:05:37.154+0000] {logging_mixin.py:188} INFO - [2026-02-09T18:05:37.154+0000] {dag.py:3036} INFO - Sync 1 DAGs
[2026-02-09T18:05:37.193+0000] {logging_mixin.py:188} INFO - [2026-02-09T18:05:37.192+0000] {dag.py:3823} INFO - Setting next_dagrun for fork2_dag to 2026-02-09 18:05:20+00:00, run_after=2026-02-09 18:05:30+00:00
[2026-02-09T18:05:37.225+0000] {processor.py:183} INFO - Processing /opt/airflow/dags/setup_dag.py took 0.108 seconds
[2026-02-09T18:06:07.275+0000] {processor.py:161} INFO - Started process (PID=23996) to work on /opt/airflow/dags/setup_dag.py
[2026-02-09T18:06:07.277+0000] {processor.py:830} INFO - Processing file /opt/airflow/dags/setup_dag.py for tasks to queue
[2026-02-09T18:06:07.280+0000] {logging_mixin.py:188} INFO - [2026-02-09T18:06:07.280+0000] {dagbag.py:538} INFO - Filling up the DagBag from /opt/airflow/dags/setup_dag.py
[2026-02-09T18:06:07.290+0000] {processor.py:840} INFO - DAG(s) 'fork2_dag' retrieved from /opt/airflow/dags/setup_dag.py
[2026-02-09T18:06:07.458+0000] {logging_mixin.py:188} INFO - [2026-02-09T18:06:07.458+0000] {dag.py:3036} INFO - Sync 1 DAGs
[2026-02-09T18:06:07.491+0000] {logging_mixin.py:188} INFO - [2026-02-09T18:06:07.490+0000] {dag.py:3823} INFO - Setting next_dagrun for fork2_dag to 2026-02-09 18:05:50+00:00, run_after=2026-02-09 18:06:00+00:00
[2026-02-09T18:06:07.523+0000] {processor.py:183} INFO - Processing /opt/airflow/dags/setup_dag.py took 0.253 seconds
[2026-02-09T18:06:37.569+0000] {processor.py:161} INFO - Started process (PID=24073) to work on /opt/airflow/dags/setup_dag.py
[2026-02-09T18:06:37.570+0000] {processor.py:830} INFO - Processing file /opt/airflow/dags/setup_dag.py for tasks to queue
[2026-02-09T18:06:37.573+0000] {logging_mixin.py:188} INFO - [2026-02-09T18:06:37.572+0000] {dagbag.py:538} INFO - Filling up the DagBag from /opt/airflow/dags/setup_dag.py
[2026-02-09T18:06:37.583+0000] {processor.py:840} INFO - DAG(s) 'fork2_dag' retrieved from /opt/airflow/dags/setup_dag.py
[2026-02-09T18:06:37.601+0000] {logging_mixin.py:188} INFO - [2026-02-09T18:06:37.600+0000] {dag.py:3036} INFO - Sync 1 DAGs
[2026-02-09T18:06:37.636+0000] {logging_mixin.py:188} INFO - [2026-02-09T18:06:37.636+0000] {dag.py:3823} INFO - Setting next_dagrun for fork2_dag to 2026-02-09 18:06:20+00:00, run_after=2026-02-09 18:06:30+00:00
[2026-02-09T18:06:37.662+0000] {processor.py:183} INFO - Processing /opt/airflow/dags/setup_dag.py took 0.097 seconds
[2026-02-09T18:07:07.784+0000] {processor.py:161} INFO - Started process (PID=24151) to work on /opt/airflow/dags/setup_dag.py
[2026-02-09T18:07:07.786+0000] {processor.py:830} INFO - Processing file /opt/airflow/dags/setup_dag.py for tasks to queue
[2026-02-09T18:07:07.788+0000] {logging_mixin.py:188} INFO - [2026-02-09T18:07:07.788+0000] {dagbag.py:538} INFO - Filling up the DagBag from /opt/airflow/dags/setup_dag.py
[2026-02-09T18:07:07.797+0000] {processor.py:840} INFO - DAG(s) 'fork2_dag' retrieved from /opt/airflow/dags/setup_dag.py
[2026-02-09T18:07:07.966+0000] {logging_mixin.py:188} INFO - [2026-02-09T18:07:07.965+0000] {dag.py:3036} INFO - Sync 1 DAGs
[2026-02-09T18:07:07.997+0000] {logging_mixin.py:188} INFO - [2026-02-09T18:07:07.996+0000] {dag.py:3823} INFO - Setting next_dagrun for fork2_dag to 2026-02-09 18:06:50+00:00, run_after=2026-02-09 18:07:00+00:00
[2026-02-09T18:07:08.025+0000] {processor.py:183} INFO - Processing /opt/airflow/dags/setup_dag.py took 0.246 seconds
[2026-02-09T18:07:38.129+0000] {processor.py:161} INFO - Started process (PID=24235) to work on /opt/airflow/dags/setup_dag.py
[2026-02-09T18:07:38.131+0000] {processor.py:830} INFO - Processing file /opt/airflow/dags/setup_dag.py for tasks to queue
[2026-02-09T18:07:38.134+0000] {logging_mixin.py:188} INFO - [2026-02-09T18:07:38.133+0000] {dagbag.py:538} INFO - Filling up the DagBag from /opt/airflow/dags/setup_dag.py
[2026-02-09T18:07:38.144+0000] {processor.py:840} INFO - DAG(s) 'fork2_dag' retrieved from /opt/airflow/dags/setup_dag.py
[2026-02-09T18:07:38.183+0000] {logging_mixin.py:188} INFO - [2026-02-09T18:07:38.182+0000] {dag.py:3036} INFO - Sync 1 DAGs
[2026-02-09T18:07:38.225+0000] {logging_mixin.py:188} INFO - [2026-02-09T18:07:38.225+0000] {dag.py:3823} INFO - Setting next_dagrun for fork2_dag to 2026-02-09 18:07:20+00:00, run_after=2026-02-09 18:07:30+00:00
[2026-02-09T18:07:38.255+0000] {processor.py:183} INFO - Processing /opt/airflow/dags/setup_dag.py took 0.131 seconds
[2026-02-09T18:08:08.462+0000] {processor.py:161} INFO - Started process (PID=24311) to work on /opt/airflow/dags/setup_dag.py
[2026-02-09T18:08:08.474+0000] {processor.py:830} INFO - Processing file /opt/airflow/dags/setup_dag.py for tasks to queue
[2026-02-09T18:08:08.477+0000] {logging_mixin.py:188} INFO - [2026-02-09T18:08:08.477+0000] {dagbag.py:538} INFO - Filling up the DagBag from /opt/airflow/dags/setup_dag.py
[2026-02-09T18:08:08.498+0000] {processor.py:840} INFO - DAG(s) 'fork2_dag' retrieved from /opt/airflow/dags/setup_dag.py
[2026-02-09T18:08:08.741+0000] {logging_mixin.py:188} INFO - [2026-02-09T18:08:08.741+0000] {dag.py:3036} INFO - Sync 1 DAGs
[2026-02-09T18:08:08.782+0000] {logging_mixin.py:188} INFO - [2026-02-09T18:08:08.782+0000] {dag.py:3823} INFO - Setting next_dagrun for fork2_dag to 2026-02-09 18:07:50+00:00, run_after=2026-02-09 18:08:00+00:00
[2026-02-09T18:08:08.818+0000] {processor.py:183} INFO - Processing /opt/airflow/dags/setup_dag.py took 0.369 seconds
[2026-02-09T18:08:38.899+0000] {processor.py:161} INFO - Started process (PID=24388) to work on /opt/airflow/dags/setup_dag.py
[2026-02-09T18:08:38.901+0000] {processor.py:830} INFO - Processing file /opt/airflow/dags/setup_dag.py for tasks to queue
[2026-02-09T18:08:38.904+0000] {logging_mixin.py:188} INFO - [2026-02-09T18:08:38.904+0000] {dagbag.py:538} INFO - Filling up the DagBag from /opt/airflow/dags/setup_dag.py
[2026-02-09T18:08:38.915+0000] {processor.py:840} INFO - DAG(s) 'fork2_dag' retrieved from /opt/airflow/dags/setup_dag.py
[2026-02-09T18:08:38.954+0000] {logging_mixin.py:188} INFO - [2026-02-09T18:08:38.954+0000] {dag.py:3036} INFO - Sync 1 DAGs
[2026-02-09T18:08:39.001+0000] {logging_mixin.py:188} INFO - [2026-02-09T18:08:39.000+0000] {dag.py:3823} INFO - Setting next_dagrun for fork2_dag to 2026-02-09 18:08:20+00:00, run_after=2026-02-09 18:08:30+00:00
[2026-02-09T18:08:39.037+0000] {processor.py:183} INFO - Processing /opt/airflow/dags/setup_dag.py took 0.150 seconds
[2026-02-09T18:09:09.170+0000] {processor.py:161} INFO - Started process (PID=24465) to work on /opt/airflow/dags/setup_dag.py
[2026-02-09T18:09:09.172+0000] {processor.py:830} INFO - Processing file /opt/airflow/dags/setup_dag.py for tasks to queue
[2026-02-09T18:09:09.175+0000] {logging_mixin.py:188} INFO - [2026-02-09T18:09:09.174+0000] {dagbag.py:538} INFO - Filling up the DagBag from /opt/airflow/dags/setup_dag.py
[2026-02-09T18:09:09.184+0000] {processor.py:840} INFO - DAG(s) 'fork2_dag' retrieved from /opt/airflow/dags/setup_dag.py
[2026-02-09T18:09:09.370+0000] {logging_mixin.py:188} INFO - [2026-02-09T18:09:09.369+0000] {dag.py:3036} INFO - Sync 1 DAGs
[2026-02-09T18:09:09.399+0000] {logging_mixin.py:188} INFO - [2026-02-09T18:09:09.399+0000] {dag.py:3823} INFO - Setting next_dagrun for fork2_dag to 2026-02-09 18:08:50+00:00, run_after=2026-02-09 18:09:00+00:00
[2026-02-09T18:09:09.426+0000] {processor.py:183} INFO - Processing /opt/airflow/dags/setup_dag.py took 0.261 seconds
[2026-02-09T18:09:39.944+0000] {processor.py:161} INFO - Started process (PID=24543) to work on /opt/airflow/dags/setup_dag.py
[2026-02-09T18:09:39.945+0000] {processor.py:830} INFO - Processing file /opt/airflow/dags/setup_dag.py for tasks to queue
[2026-02-09T18:09:39.948+0000] {logging_mixin.py:188} INFO - [2026-02-09T18:09:39.948+0000] {dagbag.py:538} INFO - Filling up the DagBag from /opt/airflow/dags/setup_dag.py
[2026-02-09T18:09:39.956+0000] {processor.py:840} INFO - DAG(s) 'fork2_dag' retrieved from /opt/airflow/dags/setup_dag.py
[2026-02-09T18:09:39.989+0000] {logging_mixin.py:188} INFO - [2026-02-09T18:09:39.989+0000] {dag.py:3036} INFO - Sync 1 DAGs
[2026-02-09T18:09:40.031+0000] {logging_mixin.py:188} INFO - [2026-02-09T18:09:40.031+0000] {dag.py:3823} INFO - Setting next_dagrun for fork2_dag to 2026-02-09 18:09:30+00:00, run_after=2026-02-09 18:09:40+00:00
[2026-02-09T18:09:40.063+0000] {processor.py:183} INFO - Processing /opt/airflow/dags/setup_dag.py took 0.124 seconds
[2026-02-09T18:10:10.621+0000] {processor.py:161} INFO - Started process (PID=24619) to work on /opt/airflow/dags/setup_dag.py
[2026-02-09T18:10:10.623+0000] {processor.py:830} INFO - Processing file /opt/airflow/dags/setup_dag.py for tasks to queue
[2026-02-09T18:10:10.625+0000] {logging_mixin.py:188} INFO - [2026-02-09T18:10:10.625+0000] {dagbag.py:538} INFO - Filling up the DagBag from /opt/airflow/dags/setup_dag.py
[2026-02-09T18:10:10.634+0000] {processor.py:840} INFO - DAG(s) 'fork2_dag' retrieved from /opt/airflow/dags/setup_dag.py
[2026-02-09T18:10:10.807+0000] {logging_mixin.py:188} INFO - [2026-02-09T18:10:10.806+0000] {dag.py:3036} INFO - Sync 1 DAGs
[2026-02-09T18:10:10.840+0000] {logging_mixin.py:188} INFO - [2026-02-09T18:10:10.839+0000] {dag.py:3823} INFO - Setting next_dagrun for fork2_dag to 2026-02-09 18:10:00+00:00, run_after=2026-02-09 18:10:10+00:00
[2026-02-09T18:10:10.869+0000] {processor.py:183} INFO - Processing /opt/airflow/dags/setup_dag.py took 0.254 seconds
[2026-02-09T18:10:41.006+0000] {processor.py:161} INFO - Started process (PID=24696) to work on /opt/airflow/dags/setup_dag.py
[2026-02-09T18:10:41.008+0000] {processor.py:830} INFO - Processing file /opt/airflow/dags/setup_dag.py for tasks to queue
[2026-02-09T18:10:41.010+0000] {logging_mixin.py:188} INFO - [2026-02-09T18:10:41.010+0000] {dagbag.py:538} INFO - Filling up the DagBag from /opt/airflow/dags/setup_dag.py
[2026-02-09T18:10:41.024+0000] {processor.py:840} INFO - DAG(s) 'fork2_dag' retrieved from /opt/airflow/dags/setup_dag.py
[2026-02-09T18:10:41.059+0000] {logging_mixin.py:188} INFO - [2026-02-09T18:10:41.059+0000] {dag.py:3036} INFO - Sync 1 DAGs
[2026-02-09T18:10:41.098+0000] {logging_mixin.py:188} INFO - [2026-02-09T18:10:41.097+0000] {dag.py:3823} INFO - Setting next_dagrun for fork2_dag to 2026-02-09 18:10:30+00:00, run_after=2026-02-09 18:10:40+00:00
[2026-02-09T18:10:41.128+0000] {processor.py:183} INFO - Processing /opt/airflow/dags/setup_dag.py took 0.127 seconds
[2026-02-09T18:11:11.832+0000] {processor.py:161} INFO - Started process (PID=24772) to work on /opt/airflow/dags/setup_dag.py
[2026-02-09T18:11:11.833+0000] {processor.py:830} INFO - Processing file /opt/airflow/dags/setup_dag.py for tasks to queue
[2026-02-09T18:11:11.836+0000] {logging_mixin.py:188} INFO - [2026-02-09T18:11:11.835+0000] {dagbag.py:538} INFO - Filling up the DagBag from /opt/airflow/dags/setup_dag.py
[2026-02-09T18:11:11.845+0000] {processor.py:840} INFO - DAG(s) 'fork2_dag' retrieved from /opt/airflow/dags/setup_dag.py
[2026-02-09T18:11:12.036+0000] {logging_mixin.py:188} INFO - [2026-02-09T18:11:12.036+0000] {dag.py:3036} INFO - Sync 1 DAGs
[2026-02-09T18:11:12.079+0000] {logging_mixin.py:188} INFO - [2026-02-09T18:11:12.079+0000] {dag.py:3823} INFO - Setting next_dagrun for fork2_dag to 2026-02-09 18:11:00+00:00, run_after=2026-02-09 18:11:10+00:00
[2026-02-09T18:11:12.114+0000] {processor.py:183} INFO - Processing /opt/airflow/dags/setup_dag.py took 0.288 seconds
[2026-02-09T18:11:42.197+0000] {processor.py:161} INFO - Started process (PID=24849) to work on /opt/airflow/dags/setup_dag.py
[2026-02-09T18:11:42.199+0000] {processor.py:830} INFO - Processing file /opt/airflow/dags/setup_dag.py for tasks to queue
[2026-02-09T18:11:42.202+0000] {logging_mixin.py:188} INFO - [2026-02-09T18:11:42.202+0000] {dagbag.py:538} INFO - Filling up the DagBag from /opt/airflow/dags/setup_dag.py
[2026-02-09T18:11:42.214+0000] {processor.py:840} INFO - DAG(s) 'fork2_dag' retrieved from /opt/airflow/dags/setup_dag.py
[2026-02-09T18:11:42.254+0000] {logging_mixin.py:188} INFO - [2026-02-09T18:11:42.253+0000] {dag.py:3036} INFO - Sync 1 DAGs
[2026-02-09T18:11:42.301+0000] {logging_mixin.py:188} INFO - [2026-02-09T18:11:42.300+0000] {dag.py:3823} INFO - Setting next_dagrun for fork2_dag to 2026-02-09 18:11:30+00:00, run_after=2026-02-09 18:11:40+00:00
[2026-02-09T18:11:42.338+0000] {processor.py:183} INFO - Processing /opt/airflow/dags/setup_dag.py took 0.145 seconds
[2026-02-09T18:12:12.464+0000] {processor.py:161} INFO - Started process (PID=24928) to work on /opt/airflow/dags/setup_dag.py
[2026-02-09T18:12:12.465+0000] {processor.py:830} INFO - Processing file /opt/airflow/dags/setup_dag.py for tasks to queue
[2026-02-09T18:12:12.468+0000] {logging_mixin.py:188} INFO - [2026-02-09T18:12:12.467+0000] {dagbag.py:538} INFO - Filling up the DagBag from /opt/airflow/dags/setup_dag.py
[2026-02-09T18:12:12.477+0000] {processor.py:840} INFO - DAG(s) 'fork2_dag' retrieved from /opt/airflow/dags/setup_dag.py
[2026-02-09T18:12:12.644+0000] {logging_mixin.py:188} INFO - [2026-02-09T18:12:12.643+0000] {dag.py:3036} INFO - Sync 1 DAGs
[2026-02-09T18:12:12.676+0000] {logging_mixin.py:188} INFO - [2026-02-09T18:12:12.676+0000] {dag.py:3823} INFO - Setting next_dagrun for fork2_dag to 2026-02-09 18:12:00+00:00, run_after=2026-02-09 18:12:10+00:00
[2026-02-09T18:12:12.707+0000] {processor.py:183} INFO - Processing /opt/airflow/dags/setup_dag.py took 0.248 seconds
[2026-02-09T18:12:42.840+0000] {processor.py:161} INFO - Started process (PID=25005) to work on /opt/airflow/dags/setup_dag.py
[2026-02-09T18:12:42.847+0000] {processor.py:830} INFO - Processing file /opt/airflow/dags/setup_dag.py for tasks to queue
[2026-02-09T18:12:42.851+0000] {logging_mixin.py:188} INFO - [2026-02-09T18:12:42.851+0000] {dagbag.py:538} INFO - Filling up the DagBag from /opt/airflow/dags/setup_dag.py
[2026-02-09T18:12:42.886+0000] {processor.py:840} INFO - DAG(s) 'fork2_dag' retrieved from /opt/airflow/dags/setup_dag.py
[2026-02-09T18:12:42.931+0000] {logging_mixin.py:188} INFO - [2026-02-09T18:12:42.931+0000] {dag.py:3036} INFO - Sync 1 DAGs
[2026-02-09T18:12:42.976+0000] {logging_mixin.py:188} INFO - [2026-02-09T18:12:42.976+0000] {dag.py:3823} INFO - Setting next_dagrun for fork2_dag to 2026-02-09 18:12:30+00:00, run_after=2026-02-09 18:12:40+00:00
[2026-02-09T18:12:43.011+0000] {processor.py:183} INFO - Processing /opt/airflow/dags/setup_dag.py took 0.182 seconds
[2026-02-09T18:13:13.155+0000] {processor.py:161} INFO - Started process (PID=25090) to work on /opt/airflow/dags/setup_dag.py
[2026-02-09T18:13:13.156+0000] {processor.py:830} INFO - Processing file /opt/airflow/dags/setup_dag.py for tasks to queue
[2026-02-09T18:13:13.159+0000] {logging_mixin.py:188} INFO - [2026-02-09T18:13:13.158+0000] {dagbag.py:538} INFO - Filling up the DagBag from /opt/airflow/dags/setup_dag.py
[2026-02-09T18:13:13.168+0000] {processor.py:840} INFO - DAG(s) 'fork2_dag' retrieved from /opt/airflow/dags/setup_dag.py
[2026-02-09T18:13:13.350+0000] {logging_mixin.py:188} INFO - [2026-02-09T18:13:13.349+0000] {dag.py:3036} INFO - Sync 1 DAGs
[2026-02-09T18:13:13.383+0000] {logging_mixin.py:188} INFO - [2026-02-09T18:13:13.383+0000] {dag.py:3823} INFO - Setting next_dagrun for fork2_dag to 2026-02-09 18:13:00+00:00, run_after=2026-02-09 18:13:10+00:00
[2026-02-09T18:13:13.417+0000] {processor.py:183} INFO - Processing /opt/airflow/dags/setup_dag.py took 0.268 seconds
[2026-02-09T18:13:43.606+0000] {processor.py:161} INFO - Started process (PID=25168) to work on /opt/airflow/dags/setup_dag.py
[2026-02-09T18:13:43.608+0000] {processor.py:830} INFO - Processing file /opt/airflow/dags/setup_dag.py for tasks to queue
[2026-02-09T18:13:43.611+0000] {logging_mixin.py:188} INFO - [2026-02-09T18:13:43.611+0000] {dagbag.py:538} INFO - Filling up the DagBag from /opt/airflow/dags/setup_dag.py
[2026-02-09T18:13:43.620+0000] {processor.py:840} INFO - DAG(s) 'fork2_dag' retrieved from /opt/airflow/dags/setup_dag.py
[2026-02-09T18:13:43.654+0000] {logging_mixin.py:188} INFO - [2026-02-09T18:13:43.653+0000] {dag.py:3036} INFO - Sync 1 DAGs
[2026-02-09T18:13:43.693+0000] {logging_mixin.py:188} INFO - [2026-02-09T18:13:43.693+0000] {dag.py:3823} INFO - Setting next_dagrun for fork2_dag to 2026-02-09 18:13:30+00:00, run_after=2026-02-09 18:13:40+00:00
[2026-02-09T18:13:43.723+0000] {processor.py:183} INFO - Processing /opt/airflow/dags/setup_dag.py took 0.122 seconds
[2026-02-09T18:14:13.948+0000] {processor.py:161} INFO - Started process (PID=25247) to work on /opt/airflow/dags/setup_dag.py
[2026-02-09T18:14:13.950+0000] {processor.py:830} INFO - Processing file /opt/airflow/dags/setup_dag.py for tasks to queue
[2026-02-09T18:14:13.953+0000] {logging_mixin.py:188} INFO - [2026-02-09T18:14:13.952+0000] {dagbag.py:538} INFO - Filling up the DagBag from /opt/airflow/dags/setup_dag.py
[2026-02-09T18:14:13.963+0000] {processor.py:840} INFO - DAG(s) 'fork2_dag' retrieved from /opt/airflow/dags/setup_dag.py
[2026-02-09T18:14:14.134+0000] {logging_mixin.py:188} INFO - [2026-02-09T18:14:14.134+0000] {dag.py:3036} INFO - Sync 1 DAGs
[2026-02-09T18:14:14.167+0000] {logging_mixin.py:188} INFO - [2026-02-09T18:14:14.167+0000] {dag.py:3823} INFO - Setting next_dagrun for fork2_dag to 2026-02-09 18:14:00+00:00, run_after=2026-02-09 18:14:10+00:00
[2026-02-09T18:14:14.196+0000] {processor.py:183} INFO - Processing /opt/airflow/dags/setup_dag.py took 0.253 seconds
[2026-02-09T18:14:44.317+0000] {processor.py:161} INFO - Started process (PID=25324) to work on /opt/airflow/dags/setup_dag.py
[2026-02-09T18:14:44.319+0000] {processor.py:830} INFO - Processing file /opt/airflow/dags/setup_dag.py for tasks to queue
[2026-02-09T18:14:44.322+0000] {logging_mixin.py:188} INFO - [2026-02-09T18:14:44.321+0000] {dagbag.py:538} INFO - Filling up the DagBag from /opt/airflow/dags/setup_dag.py
[2026-02-09T18:14:44.331+0000] {processor.py:840} INFO - DAG(s) 'fork2_dag' retrieved from /opt/airflow/dags/setup_dag.py
[2026-02-09T18:14:44.365+0000] {logging_mixin.py:188} INFO - [2026-02-09T18:14:44.365+0000] {dag.py:3036} INFO - Sync 1 DAGs
[2026-02-09T18:14:44.411+0000] {logging_mixin.py:188} INFO - [2026-02-09T18:14:44.411+0000] {dag.py:3823} INFO - Setting next_dagrun for fork2_dag to 2026-02-09 18:14:30+00:00, run_after=2026-02-09 18:14:40+00:00
[2026-02-09T18:14:44.446+0000] {processor.py:183} INFO - Processing /opt/airflow/dags/setup_dag.py took 0.134 seconds
[2026-02-09T18:15:14.776+0000] {processor.py:161} INFO - Started process (PID=25402) to work on /opt/airflow/dags/setup_dag.py
[2026-02-09T18:15:14.778+0000] {processor.py:830} INFO - Processing file /opt/airflow/dags/setup_dag.py for tasks to queue
[2026-02-09T18:15:14.784+0000] {logging_mixin.py:188} INFO - [2026-02-09T18:15:14.781+0000] {dagbag.py:538} INFO - Filling up the DagBag from /opt/airflow/dags/setup_dag.py
[2026-02-09T18:15:14.796+0000] {processor.py:840} INFO - DAG(s) 'fork2_dag' retrieved from /opt/airflow/dags/setup_dag.py
[2026-02-09T18:15:15.042+0000] {logging_mixin.py:188} INFO - [2026-02-09T18:15:15.039+0000] {dag.py:3036} INFO - Sync 1 DAGs
[2026-02-09T18:15:15.081+0000] {logging_mixin.py:188} INFO - [2026-02-09T18:15:15.081+0000] {dag.py:3823} INFO - Setting next_dagrun for fork2_dag to 2026-02-09 18:15:00+00:00, run_after=2026-02-09 18:15:10+00:00
[2026-02-09T18:15:15.112+0000] {processor.py:183} INFO - Processing /opt/airflow/dags/setup_dag.py took 0.345 seconds
[2026-02-09T18:15:45.370+0000] {processor.py:161} INFO - Started process (PID=25480) to work on /opt/airflow/dags/setup_dag.py
[2026-02-09T18:15:45.372+0000] {processor.py:830} INFO - Processing file /opt/airflow/dags/setup_dag.py for tasks to queue
[2026-02-09T18:15:45.374+0000] {logging_mixin.py:188} INFO - [2026-02-09T18:15:45.374+0000] {dagbag.py:538} INFO - Filling up the DagBag from /opt/airflow/dags/setup_dag.py
[2026-02-09T18:15:45.383+0000] {processor.py:840} INFO - DAG(s) 'fork2_dag' retrieved from /opt/airflow/dags/setup_dag.py
[2026-02-09T18:15:45.401+0000] {logging_mixin.py:188} INFO - [2026-02-09T18:15:45.401+0000] {dag.py:3036} INFO - Sync 1 DAGs
[2026-02-09T18:15:45.446+0000] {logging_mixin.py:188} INFO - [2026-02-09T18:15:45.446+0000] {dag.py:3823} INFO - Setting next_dagrun for fork2_dag to 2026-02-09 18:15:30+00:00, run_after=2026-02-09 18:15:40+00:00
[2026-02-09T18:15:45.475+0000] {processor.py:183} INFO - Processing /opt/airflow/dags/setup_dag.py took 0.110 seconds
[2026-02-09T18:16:15.652+0000] {processor.py:161} INFO - Started process (PID=25556) to work on /opt/airflow/dags/setup_dag.py
[2026-02-09T18:16:15.653+0000] {processor.py:830} INFO - Processing file /opt/airflow/dags/setup_dag.py for tasks to queue
[2026-02-09T18:16:15.655+0000] {logging_mixin.py:188} INFO - [2026-02-09T18:16:15.655+0000] {dagbag.py:538} INFO - Filling up the DagBag from /opt/airflow/dags/setup_dag.py
[2026-02-09T18:16:15.664+0000] {processor.py:840} INFO - DAG(s) 'fork2_dag' retrieved from /opt/airflow/dags/setup_dag.py
[2026-02-09T18:16:15.872+0000] {logging_mixin.py:188} INFO - [2026-02-09T18:16:15.872+0000] {dag.py:3036} INFO - Sync 1 DAGs
[2026-02-09T18:16:15.913+0000] {logging_mixin.py:188} INFO - [2026-02-09T18:16:15.913+0000] {dag.py:3823} INFO - Setting next_dagrun for fork2_dag to 2026-02-09 18:16:00+00:00, run_after=2026-02-09 18:16:10+00:00
[2026-02-09T18:16:15.944+0000] {processor.py:183} INFO - Processing /opt/airflow/dags/setup_dag.py took 0.297 seconds
[2026-02-09T18:16:46.046+0000] {processor.py:161} INFO - Started process (PID=25632) to work on /opt/airflow/dags/setup_dag.py
[2026-02-09T18:16:46.048+0000] {processor.py:830} INFO - Processing file /opt/airflow/dags/setup_dag.py for tasks to queue
[2026-02-09T18:16:46.051+0000] {logging_mixin.py:188} INFO - [2026-02-09T18:16:46.050+0000] {dagbag.py:538} INFO - Filling up the DagBag from /opt/airflow/dags/setup_dag.py
[2026-02-09T18:16:46.059+0000] {processor.py:840} INFO - DAG(s) 'fork2_dag' retrieved from /opt/airflow/dags/setup_dag.py
[2026-02-09T18:16:46.093+0000] {logging_mixin.py:188} INFO - [2026-02-09T18:16:46.093+0000] {dag.py:3036} INFO - Sync 1 DAGs
[2026-02-09T18:16:46.132+0000] {logging_mixin.py:188} INFO - [2026-02-09T18:16:46.132+0000] {dag.py:3823} INFO - Setting next_dagrun for fork2_dag to 2026-02-09 18:16:30+00:00, run_after=2026-02-09 18:16:40+00:00
[2026-02-09T18:16:46.166+0000] {processor.py:183} INFO - Processing /opt/airflow/dags/setup_dag.py took 0.125 seconds
[2026-02-09T18:17:16.526+0000] {processor.py:161} INFO - Started process (PID=25716) to work on /opt/airflow/dags/setup_dag.py
[2026-02-09T18:17:16.527+0000] {processor.py:830} INFO - Processing file /opt/airflow/dags/setup_dag.py for tasks to queue
[2026-02-09T18:17:16.530+0000] {logging_mixin.py:188} INFO - [2026-02-09T18:17:16.529+0000] {dagbag.py:538} INFO - Filling up the DagBag from /opt/airflow/dags/setup_dag.py
[2026-02-09T18:17:16.538+0000] {processor.py:840} INFO - DAG(s) 'fork2_dag' retrieved from /opt/airflow/dags/setup_dag.py
[2026-02-09T18:17:16.716+0000] {logging_mixin.py:188} INFO - [2026-02-09T18:17:16.715+0000] {dag.py:3036} INFO - Sync 1 DAGs
[2026-02-09T18:17:16.756+0000] {logging_mixin.py:188} INFO - [2026-02-09T18:17:16.756+0000] {dag.py:3823} INFO - Setting next_dagrun for fork2_dag to 2026-02-09 18:17:00+00:00, run_after=2026-02-09 18:17:10+00:00
[2026-02-09T18:17:16.792+0000] {processor.py:183} INFO - Processing /opt/airflow/dags/setup_dag.py took 0.271 seconds
[2026-02-09T18:17:47.060+0000] {processor.py:161} INFO - Started process (PID=25796) to work on /opt/airflow/dags/setup_dag.py
[2026-02-09T18:17:47.062+0000] {processor.py:830} INFO - Processing file /opt/airflow/dags/setup_dag.py for tasks to queue
[2026-02-09T18:17:47.065+0000] {logging_mixin.py:188} INFO - [2026-02-09T18:17:47.064+0000] {dagbag.py:538} INFO - Filling up the DagBag from /opt/airflow/dags/setup_dag.py
[2026-02-09T18:17:47.073+0000] {processor.py:840} INFO - DAG(s) 'fork2_dag' retrieved from /opt/airflow/dags/setup_dag.py
[2026-02-09T18:17:47.091+0000] {logging_mixin.py:188} INFO - [2026-02-09T18:17:47.091+0000] {dag.py:3036} INFO - Sync 1 DAGs
[2026-02-09T18:17:47.128+0000] {logging_mixin.py:188} INFO - [2026-02-09T18:17:47.128+0000] {dag.py:3823} INFO - Setting next_dagrun for fork2_dag to 2026-02-09 18:17:30+00:00, run_after=2026-02-09 18:17:40+00:00
[2026-02-09T18:17:47.158+0000] {processor.py:183} INFO - Processing /opt/airflow/dags/setup_dag.py took 0.103 seconds
[2026-02-09T18:18:17.274+0000] {processor.py:161} INFO - Started process (PID=25874) to work on /opt/airflow/dags/setup_dag.py
[2026-02-09T18:18:17.276+0000] {processor.py:830} INFO - Processing file /opt/airflow/dags/setup_dag.py for tasks to queue
[2026-02-09T18:18:17.279+0000] {logging_mixin.py:188} INFO - [2026-02-09T18:18:17.278+0000] {dagbag.py:538} INFO - Filling up the DagBag from /opt/airflow/dags/setup_dag.py
[2026-02-09T18:18:17.290+0000] {processor.py:840} INFO - DAG(s) 'fork2_dag' retrieved from /opt/airflow/dags/setup_dag.py
[2026-02-09T18:18:17.526+0000] {logging_mixin.py:188} INFO - [2026-02-09T18:18:17.525+0000] {dag.py:3036} INFO - Sync 1 DAGs
[2026-02-09T18:18:17.570+0000] {logging_mixin.py:188} INFO - [2026-02-09T18:18:17.570+0000] {dag.py:3823} INFO - Setting next_dagrun for fork2_dag to 2026-02-09 18:18:00+00:00, run_after=2026-02-09 18:18:10+00:00
[2026-02-09T18:18:17.606+0000] {processor.py:183} INFO - Processing /opt/airflow/dags/setup_dag.py took 0.339 seconds
[2026-02-09T18:18:47.678+0000] {processor.py:161} INFO - Started process (PID=25952) to work on /opt/airflow/dags/setup_dag.py
[2026-02-09T18:18:47.680+0000] {processor.py:830} INFO - Processing file /opt/airflow/dags/setup_dag.py for tasks to queue
[2026-02-09T18:18:47.683+0000] {logging_mixin.py:188} INFO - [2026-02-09T18:18:47.683+0000] {dagbag.py:538} INFO - Filling up the DagBag from /opt/airflow/dags/setup_dag.py
[2026-02-09T18:18:47.694+0000] {processor.py:840} INFO - DAG(s) 'fork2_dag' retrieved from /opt/airflow/dags/setup_dag.py
[2026-02-09T18:18:47.733+0000] {logging_mixin.py:188} INFO - [2026-02-09T18:18:47.733+0000] {dag.py:3036} INFO - Sync 1 DAGs
[2026-02-09T18:18:47.778+0000] {logging_mixin.py:188} INFO - [2026-02-09T18:18:47.778+0000] {dag.py:3823} INFO - Setting next_dagrun for fork2_dag to 2026-02-09 18:18:30+00:00, run_after=2026-02-09 18:18:40+00:00
[2026-02-09T18:18:47.812+0000] {processor.py:183} INFO - Processing /opt/airflow/dags/setup_dag.py took 0.141 seconds
[2026-02-09T18:19:18.102+0000] {processor.py:161} INFO - Started process (PID=26030) to work on /opt/airflow/dags/setup_dag.py
[2026-02-09T18:19:18.103+0000] {processor.py:830} INFO - Processing file /opt/airflow/dags/setup_dag.py for tasks to queue
[2026-02-09T18:19:18.107+0000] {logging_mixin.py:188} INFO - [2026-02-09T18:19:18.106+0000] {dagbag.py:538} INFO - Filling up the DagBag from /opt/airflow/dags/setup_dag.py
[2026-02-09T18:19:18.115+0000] {processor.py:840} INFO - DAG(s) 'fork2_dag' retrieved from /opt/airflow/dags/setup_dag.py
[2026-02-09T18:19:18.298+0000] {logging_mixin.py:188} INFO - [2026-02-09T18:19:18.297+0000] {dag.py:3036} INFO - Sync 1 DAGs
[2026-02-09T18:19:18.330+0000] {logging_mixin.py:188} INFO - [2026-02-09T18:19:18.329+0000] {dag.py:3823} INFO - Setting next_dagrun for fork2_dag to 2026-02-09 18:19:00+00:00, run_after=2026-02-09 18:19:10+00:00
[2026-02-09T18:19:18.358+0000] {processor.py:183} INFO - Processing /opt/airflow/dags/setup_dag.py took 0.261 seconds
[2026-02-09T18:19:49.049+0000] {processor.py:161} INFO - Started process (PID=26107) to work on /opt/airflow/dags/setup_dag.py
[2026-02-09T18:19:49.051+0000] {processor.py:830} INFO - Processing file /opt/airflow/dags/setup_dag.py for tasks to queue
[2026-02-09T18:19:49.054+0000] {logging_mixin.py:188} INFO - [2026-02-09T18:19:49.054+0000] {dagbag.py:538} INFO - Filling up the DagBag from /opt/airflow/dags/setup_dag.py
[2026-02-09T18:19:49.063+0000] {processor.py:840} INFO - DAG(s) 'fork2_dag' retrieved from /opt/airflow/dags/setup_dag.py
[2026-02-09T18:19:49.098+0000] {logging_mixin.py:188} INFO - [2026-02-09T18:19:49.097+0000] {dag.py:3036} INFO - Sync 1 DAGs
[2026-02-09T18:19:49.143+0000] {logging_mixin.py:188} INFO - [2026-02-09T18:19:49.142+0000] {dag.py:3823} INFO - Setting next_dagrun for fork2_dag to 2026-02-09 18:19:30+00:00, run_after=2026-02-09 18:19:40+00:00
[2026-02-09T18:19:49.173+0000] {processor.py:183} INFO - Processing /opt/airflow/dags/setup_dag.py took 0.129 seconds
[2026-02-09T18:20:19.602+0000] {processor.py:161} INFO - Started process (PID=26185) to work on /opt/airflow/dags/setup_dag.py
[2026-02-09T18:20:19.603+0000] {processor.py:830} INFO - Processing file /opt/airflow/dags/setup_dag.py for tasks to queue
[2026-02-09T18:20:19.606+0000] {logging_mixin.py:188} INFO - [2026-02-09T18:20:19.606+0000] {dagbag.py:538} INFO - Filling up the DagBag from /opt/airflow/dags/setup_dag.py
[2026-02-09T18:20:19.615+0000] {processor.py:840} INFO - DAG(s) 'fork2_dag' retrieved from /opt/airflow/dags/setup_dag.py
[2026-02-09T18:20:19.798+0000] {logging_mixin.py:188} INFO - [2026-02-09T18:20:19.798+0000] {dag.py:3036} INFO - Sync 1 DAGs
[2026-02-09T18:20:19.829+0000] {logging_mixin.py:188} INFO - [2026-02-09T18:20:19.828+0000] {dag.py:3823} INFO - Setting next_dagrun for fork2_dag to 2026-02-09 18:20:00+00:00, run_after=2026-02-09 18:20:10+00:00
[2026-02-09T18:20:19.858+0000] {processor.py:183} INFO - Processing /opt/airflow/dags/setup_dag.py took 0.265 seconds
[2026-02-09T18:20:50.103+0000] {processor.py:161} INFO - Started process (PID=26263) to work on /opt/airflow/dags/setup_dag.py
[2026-02-09T18:20:50.105+0000] {processor.py:830} INFO - Processing file /opt/airflow/dags/setup_dag.py for tasks to queue
[2026-02-09T18:20:50.109+0000] {logging_mixin.py:188} INFO - [2026-02-09T18:20:50.108+0000] {dagbag.py:538} INFO - Filling up the DagBag from /opt/airflow/dags/setup_dag.py
[2026-02-09T18:20:50.120+0000] {processor.py:840} INFO - DAG(s) 'fork2_dag' retrieved from /opt/airflow/dags/setup_dag.py
[2026-02-09T18:20:50.155+0000] {logging_mixin.py:188} INFO - [2026-02-09T18:20:50.154+0000] {dag.py:3036} INFO - Sync 1 DAGs
[2026-02-09T18:20:50.191+0000] {logging_mixin.py:188} INFO - [2026-02-09T18:20:50.191+0000] {dag.py:3823} INFO - Setting next_dagrun for fork2_dag to 2026-02-09 18:20:40+00:00, run_after=2026-02-09 18:20:50+00:00
[2026-02-09T18:20:50.224+0000] {processor.py:183} INFO - Processing /opt/airflow/dags/setup_dag.py took 0.132 seconds
[2026-02-09T18:21:20.387+0000] {processor.py:161} INFO - Started process (PID=26342) to work on /opt/airflow/dags/setup_dag.py
[2026-02-09T18:21:20.388+0000] {processor.py:830} INFO - Processing file /opt/airflow/dags/setup_dag.py for tasks to queue
[2026-02-09T18:21:20.391+0000] {logging_mixin.py:188} INFO - [2026-02-09T18:21:20.390+0000] {dagbag.py:538} INFO - Filling up the DagBag from /opt/airflow/dags/setup_dag.py
[2026-02-09T18:21:20.400+0000] {processor.py:840} INFO - DAG(s) 'fork2_dag' retrieved from /opt/airflow/dags/setup_dag.py
[2026-02-09T18:21:20.594+0000] {logging_mixin.py:188} INFO - [2026-02-09T18:21:20.594+0000] {dag.py:3036} INFO - Sync 1 DAGs
[2026-02-09T18:21:20.631+0000] {logging_mixin.py:188} INFO - [2026-02-09T18:21:20.631+0000] {dag.py:3823} INFO - Setting next_dagrun for fork2_dag to 2026-02-09 18:21:10+00:00, run_after=2026-02-09 18:21:20+00:00
[2026-02-09T18:21:20.672+0000] {processor.py:183} INFO - Processing /opt/airflow/dags/setup_dag.py took 0.290 seconds
[2026-02-09T18:21:50.893+0000] {processor.py:161} INFO - Started process (PID=26421) to work on /opt/airflow/dags/setup_dag.py
[2026-02-09T18:21:50.895+0000] {processor.py:830} INFO - Processing file /opt/airflow/dags/setup_dag.py for tasks to queue
[2026-02-09T18:21:50.899+0000] {logging_mixin.py:188} INFO - [2026-02-09T18:21:50.899+0000] {dagbag.py:538} INFO - Filling up the DagBag from /opt/airflow/dags/setup_dag.py
[2026-02-09T18:21:50.908+0000] {processor.py:840} INFO - DAG(s) 'fork2_dag' retrieved from /opt/airflow/dags/setup_dag.py
[2026-02-09T18:21:50.929+0000] {logging_mixin.py:188} INFO - [2026-02-09T18:21:50.929+0000] {dag.py:3036} INFO - Sync 1 DAGs
[2026-02-09T18:21:50.966+0000] {logging_mixin.py:188} INFO - [2026-02-09T18:21:50.966+0000] {dag.py:3823} INFO - Setting next_dagrun for fork2_dag to 2026-02-09 18:21:40+00:00, run_after=2026-02-09 18:21:50+00:00
[2026-02-09T18:21:50.997+0000] {processor.py:183} INFO - Processing /opt/airflow/dags/setup_dag.py took 0.109 seconds
[2026-02-09T18:22:21.663+0000] {processor.py:161} INFO - Started process (PID=26508) to work on /opt/airflow/dags/setup_dag.py
[2026-02-09T18:22:21.668+0000] {processor.py:830} INFO - Processing file /opt/airflow/dags/setup_dag.py for tasks to queue
[2026-02-09T18:22:21.671+0000] {logging_mixin.py:188} INFO - [2026-02-09T18:22:21.670+0000] {dagbag.py:538} INFO - Filling up the DagBag from /opt/airflow/dags/setup_dag.py
[2026-02-09T18:22:21.682+0000] {processor.py:840} INFO - DAG(s) 'fork2_dag' retrieved from /opt/airflow/dags/setup_dag.py
[2026-02-09T18:22:22.055+0000] {logging_mixin.py:188} INFO - [2026-02-09T18:22:22.054+0000] {dag.py:3036} INFO - Sync 1 DAGs
[2026-02-09T18:22:22.096+0000] {logging_mixin.py:188} INFO - [2026-02-09T18:22:22.095+0000] {dag.py:3823} INFO - Setting next_dagrun for fork2_dag to 2026-02-09 18:22:10+00:00, run_after=2026-02-09 18:22:20+00:00
[2026-02-09T18:22:22.134+0000] {processor.py:183} INFO - Processing /opt/airflow/dags/setup_dag.py took 0.477 seconds
[2026-02-09T18:22:52.374+0000] {processor.py:161} INFO - Started process (PID=26587) to work on /opt/airflow/dags/setup_dag.py
[2026-02-09T18:22:52.376+0000] {processor.py:830} INFO - Processing file /opt/airflow/dags/setup_dag.py for tasks to queue
[2026-02-09T18:22:52.378+0000] {logging_mixin.py:188} INFO - [2026-02-09T18:22:52.378+0000] {dagbag.py:538} INFO - Filling up the DagBag from /opt/airflow/dags/setup_dag.py
[2026-02-09T18:22:52.387+0000] {processor.py:840} INFO - DAG(s) 'fork2_dag' retrieved from /opt/airflow/dags/setup_dag.py
[2026-02-09T18:22:52.405+0000] {logging_mixin.py:188} INFO - [2026-02-09T18:22:52.404+0000] {dag.py:3036} INFO - Sync 1 DAGs
[2026-02-09T18:22:52.447+0000] {logging_mixin.py:188} INFO - [2026-02-09T18:22:52.446+0000] {dag.py:3823} INFO - Setting next_dagrun for fork2_dag to 2026-02-09 18:22:40+00:00, run_after=2026-02-09 18:22:50+00:00
[2026-02-09T18:22:52.478+0000] {processor.py:183} INFO - Processing /opt/airflow/dags/setup_dag.py took 0.110 seconds
[2026-02-09T18:23:23.262+0000] {processor.py:161} INFO - Started process (PID=26664) to work on /opt/airflow/dags/setup_dag.py
[2026-02-09T18:23:23.264+0000] {processor.py:830} INFO - Processing file /opt/airflow/dags/setup_dag.py for tasks to queue
[2026-02-09T18:23:23.267+0000] {logging_mixin.py:188} INFO - [2026-02-09T18:23:23.266+0000] {dagbag.py:538} INFO - Filling up the DagBag from /opt/airflow/dags/setup_dag.py
[2026-02-09T18:23:23.276+0000] {processor.py:840} INFO - DAG(s) 'fork2_dag' retrieved from /opt/airflow/dags/setup_dag.py
[2026-02-09T18:23:23.458+0000] {logging_mixin.py:188} INFO - [2026-02-09T18:23:23.458+0000] {dag.py:3036} INFO - Sync 1 DAGs
[2026-02-09T18:23:23.496+0000] {logging_mixin.py:188} INFO - [2026-02-09T18:23:23.496+0000] {dag.py:3823} INFO - Setting next_dagrun for fork2_dag to 2026-02-09 18:23:10+00:00, run_after=2026-02-09 18:23:20+00:00
[2026-02-09T18:23:23.528+0000] {processor.py:183} INFO - Processing /opt/airflow/dags/setup_dag.py took 0.272 seconds
[2026-02-09T18:23:54.069+0000] {processor.py:161} INFO - Started process (PID=26744) to work on /opt/airflow/dags/setup_dag.py
[2026-02-09T18:23:54.070+0000] {processor.py:830} INFO - Processing file /opt/airflow/dags/setup_dag.py for tasks to queue
[2026-02-09T18:23:54.073+0000] {logging_mixin.py:188} INFO - [2026-02-09T18:23:54.072+0000] {dagbag.py:538} INFO - Filling up the DagBag from /opt/airflow/dags/setup_dag.py
[2026-02-09T18:23:54.083+0000] {processor.py:840} INFO - DAG(s) 'fork2_dag' retrieved from /opt/airflow/dags/setup_dag.py
[2026-02-09T18:23:54.115+0000] {logging_mixin.py:188} INFO - [2026-02-09T18:23:54.115+0000] {dag.py:3036} INFO - Sync 1 DAGs
[2026-02-09T18:23:54.152+0000] {logging_mixin.py:188} INFO - [2026-02-09T18:23:54.152+0000] {dag.py:3823} INFO - Setting next_dagrun for fork2_dag to 2026-02-09 18:23:40+00:00, run_after=2026-02-09 18:23:50+00:00
[2026-02-09T18:23:54.187+0000] {processor.py:183} INFO - Processing /opt/airflow/dags/setup_dag.py took 0.124 seconds
[2026-02-09T18:24:24.882+0000] {processor.py:161} INFO - Started process (PID=26823) to work on /opt/airflow/dags/setup_dag.py
[2026-02-09T18:24:24.884+0000] {processor.py:830} INFO - Processing file /opt/airflow/dags/setup_dag.py for tasks to queue
[2026-02-09T18:24:24.891+0000] {logging_mixin.py:188} INFO - [2026-02-09T18:24:24.890+0000] {dagbag.py:538} INFO - Filling up the DagBag from /opt/airflow/dags/setup_dag.py
[2026-02-09T18:24:24.903+0000] {processor.py:840} INFO - DAG(s) 'fork2_dag' retrieved from /opt/airflow/dags/setup_dag.py
[2026-02-09T18:24:25.094+0000] {logging_mixin.py:188} INFO - [2026-02-09T18:24:25.094+0000] {dag.py:3036} INFO - Sync 1 DAGs
[2026-02-09T18:24:25.127+0000] {logging_mixin.py:188} INFO - [2026-02-09T18:24:25.126+0000] {dag.py:3823} INFO - Setting next_dagrun for fork2_dag to 2026-02-09 18:24:10+00:00, run_after=2026-02-09 18:24:20+00:00
[2026-02-09T18:24:25.159+0000] {processor.py:183} INFO - Processing /opt/airflow/dags/setup_dag.py took 0.282 seconds
[2026-02-09T18:24:55.539+0000] {processor.py:161} INFO - Started process (PID=26901) to work on /opt/airflow/dags/setup_dag.py
[2026-02-09T18:24:55.542+0000] {processor.py:830} INFO - Processing file /opt/airflow/dags/setup_dag.py for tasks to queue
[2026-02-09T18:24:55.545+0000] {logging_mixin.py:188} INFO - [2026-02-09T18:24:55.544+0000] {dagbag.py:538} INFO - Filling up the DagBag from /opt/airflow/dags/setup_dag.py
[2026-02-09T18:24:55.556+0000] {processor.py:840} INFO - DAG(s) 'fork2_dag' retrieved from /opt/airflow/dags/setup_dag.py
[2026-02-09T18:24:55.594+0000] {logging_mixin.py:188} INFO - [2026-02-09T18:24:55.593+0000] {dag.py:3036} INFO - Sync 1 DAGs
[2026-02-09T18:24:55.640+0000] {logging_mixin.py:188} INFO - [2026-02-09T18:24:55.640+0000] {dag.py:3823} INFO - Setting next_dagrun for fork2_dag to 2026-02-09 18:24:40+00:00, run_after=2026-02-09 18:24:50+00:00
[2026-02-09T18:24:55.675+0000] {processor.py:183} INFO - Processing /opt/airflow/dags/setup_dag.py took 0.141 seconds
[2026-02-09T18:25:25.889+0000] {processor.py:161} INFO - Started process (PID=26978) to work on /opt/airflow/dags/setup_dag.py
[2026-02-09T18:25:25.891+0000] {processor.py:830} INFO - Processing file /opt/airflow/dags/setup_dag.py for tasks to queue
[2026-02-09T18:25:25.897+0000] {logging_mixin.py:188} INFO - [2026-02-09T18:25:25.896+0000] {dagbag.py:538} INFO - Filling up the DagBag from /opt/airflow/dags/setup_dag.py
[2026-02-09T18:25:25.909+0000] {processor.py:840} INFO - DAG(s) 'fork2_dag' retrieved from /opt/airflow/dags/setup_dag.py
[2026-02-09T18:25:26.194+0000] {logging_mixin.py:188} INFO - [2026-02-09T18:25:26.194+0000] {dag.py:3036} INFO - Sync 1 DAGs
[2026-02-09T18:25:26.225+0000] {logging_mixin.py:188} INFO - [2026-02-09T18:25:26.225+0000] {dag.py:3823} INFO - Setting next_dagrun for fork2_dag to 2026-02-09 18:25:10+00:00, run_after=2026-02-09 18:25:20+00:00
[2026-02-09T18:25:26.256+0000] {processor.py:183} INFO - Processing /opt/airflow/dags/setup_dag.py took 0.375 seconds
[2026-02-09T18:25:56.613+0000] {processor.py:161} INFO - Started process (PID=27063) to work on /opt/airflow/dags/setup_dag.py
[2026-02-09T18:25:56.614+0000] {processor.py:830} INFO - Processing file /opt/airflow/dags/setup_dag.py for tasks to queue
[2026-02-09T18:25:56.616+0000] {logging_mixin.py:188} INFO - [2026-02-09T18:25:56.616+0000] {dagbag.py:538} INFO - Filling up the DagBag from /opt/airflow/dags/setup_dag.py
[2026-02-09T18:25:56.625+0000] {processor.py:840} INFO - DAG(s) 'fork2_dag' retrieved from /opt/airflow/dags/setup_dag.py
[2026-02-09T18:25:56.661+0000] {logging_mixin.py:188} INFO - [2026-02-09T18:25:56.661+0000] {dag.py:3036} INFO - Sync 1 DAGs
[2026-02-09T18:25:56.704+0000] {logging_mixin.py:188} INFO - [2026-02-09T18:25:56.704+0000] {dag.py:3823} INFO - Setting next_dagrun for fork2_dag to 2026-02-09 18:25:40+00:00, run_after=2026-02-09 18:25:50+00:00
[2026-02-09T18:25:56.733+0000] {processor.py:183} INFO - Processing /opt/airflow/dags/setup_dag.py took 0.125 seconds
[2026-02-09T18:26:27.048+0000] {processor.py:161} INFO - Started process (PID=27141) to work on /opt/airflow/dags/setup_dag.py
[2026-02-09T18:26:27.051+0000] {processor.py:830} INFO - Processing file /opt/airflow/dags/setup_dag.py for tasks to queue
[2026-02-09T18:26:27.054+0000] {logging_mixin.py:188} INFO - [2026-02-09T18:26:27.053+0000] {dagbag.py:538} INFO - Filling up the DagBag from /opt/airflow/dags/setup_dag.py
[2026-02-09T18:26:27.065+0000] {processor.py:840} INFO - DAG(s) 'fork2_dag' retrieved from /opt/airflow/dags/setup_dag.py
[2026-02-09T18:26:27.285+0000] {logging_mixin.py:188} INFO - [2026-02-09T18:26:27.285+0000] {dag.py:3036} INFO - Sync 1 DAGs
[2026-02-09T18:26:27.324+0000] {logging_mixin.py:188} INFO - [2026-02-09T18:26:27.324+0000] {dag.py:3823} INFO - Setting next_dagrun for fork2_dag to 2026-02-09 18:26:10+00:00, run_after=2026-02-09 18:26:20+00:00
[2026-02-09T18:26:27.358+0000] {processor.py:183} INFO - Processing /opt/airflow/dags/setup_dag.py took 0.317 seconds
[2026-02-09T18:26:57.688+0000] {processor.py:161} INFO - Started process (PID=27218) to work on /opt/airflow/dags/setup_dag.py
[2026-02-09T18:26:57.689+0000] {processor.py:830} INFO - Processing file /opt/airflow/dags/setup_dag.py for tasks to queue
[2026-02-09T18:26:57.692+0000] {logging_mixin.py:188} INFO - [2026-02-09T18:26:57.692+0000] {dagbag.py:538} INFO - Filling up the DagBag from /opt/airflow/dags/setup_dag.py
[2026-02-09T18:26:57.703+0000] {processor.py:840} INFO - DAG(s) 'fork2_dag' retrieved from /opt/airflow/dags/setup_dag.py
[2026-02-09T18:26:57.737+0000] {logging_mixin.py:188} INFO - [2026-02-09T18:26:57.737+0000] {dag.py:3036} INFO - Sync 1 DAGs
[2026-02-09T18:26:57.773+0000] {logging_mixin.py:188} INFO - [2026-02-09T18:26:57.773+0000] {dag.py:3823} INFO - Setting next_dagrun for fork2_dag to 2026-02-09 18:26:40+00:00, run_after=2026-02-09 18:26:50+00:00
[2026-02-09T18:26:57.801+0000] {processor.py:183} INFO - Processing /opt/airflow/dags/setup_dag.py took 0.119 seconds
[2026-02-09T18:27:27.931+0000] {processor.py:161} INFO - Started process (PID=27297) to work on /opt/airflow/dags/setup_dag.py
[2026-02-09T18:27:27.934+0000] {processor.py:830} INFO - Processing file /opt/airflow/dags/setup_dag.py for tasks to queue
[2026-02-09T18:27:27.944+0000] {logging_mixin.py:188} INFO - [2026-02-09T18:27:27.943+0000] {dagbag.py:538} INFO - Filling up the DagBag from /opt/airflow/dags/setup_dag.py
[2026-02-09T18:27:27.957+0000] {processor.py:840} INFO - DAG(s) 'fork2_dag' retrieved from /opt/airflow/dags/setup_dag.py
[2026-02-09T18:27:28.123+0000] {logging_mixin.py:188} INFO - [2026-02-09T18:27:28.122+0000] {dag.py:3036} INFO - Sync 1 DAGs
[2026-02-09T18:27:28.155+0000] {logging_mixin.py:188} INFO - [2026-02-09T18:27:28.154+0000] {dag.py:3823} INFO - Setting next_dagrun for fork2_dag to 2026-02-09 18:27:10+00:00, run_after=2026-02-09 18:27:20+00:00
[2026-02-09T18:27:28.184+0000] {processor.py:183} INFO - Processing /opt/airflow/dags/setup_dag.py took 0.259 seconds
[2026-02-09T18:27:59.162+0000] {processor.py:161} INFO - Started process (PID=27376) to work on /opt/airflow/dags/setup_dag.py
[2026-02-09T18:27:59.164+0000] {processor.py:830} INFO - Processing file /opt/airflow/dags/setup_dag.py for tasks to queue
[2026-02-09T18:27:59.167+0000] {logging_mixin.py:188} INFO - [2026-02-09T18:27:59.166+0000] {dagbag.py:538} INFO - Filling up the DagBag from /opt/airflow/dags/setup_dag.py
[2026-02-09T18:27:59.177+0000] {processor.py:840} INFO - DAG(s) 'fork2_dag' retrieved from /opt/airflow/dags/setup_dag.py
[2026-02-09T18:27:59.219+0000] {logging_mixin.py:188} INFO - [2026-02-09T18:27:59.219+0000] {dag.py:3036} INFO - Sync 1 DAGs
[2026-02-09T18:27:59.265+0000] {logging_mixin.py:188} INFO - [2026-02-09T18:27:59.265+0000] {dag.py:3823} INFO - Setting next_dagrun for fork2_dag to 2026-02-09 18:27:40+00:00, run_after=2026-02-09 18:27:50+00:00
[2026-02-09T18:27:59.299+0000] {processor.py:183} INFO - Processing /opt/airflow/dags/setup_dag.py took 0.142 seconds
[2026-02-09T18:28:29.724+0000] {processor.py:161} INFO - Started process (PID=27454) to work on /opt/airflow/dags/setup_dag.py
[2026-02-09T18:28:29.725+0000] {processor.py:830} INFO - Processing file /opt/airflow/dags/setup_dag.py for tasks to queue
[2026-02-09T18:28:29.727+0000] {logging_mixin.py:188} INFO - [2026-02-09T18:28:29.727+0000] {dagbag.py:538} INFO - Filling up the DagBag from /opt/airflow/dags/setup_dag.py
[2026-02-09T18:28:29.738+0000] {processor.py:840} INFO - DAG(s) 'fork2_dag' retrieved from /opt/airflow/dags/setup_dag.py
[2026-02-09T18:28:29.917+0000] {logging_mixin.py:188} INFO - [2026-02-09T18:28:29.916+0000] {dag.py:3036} INFO - Sync 1 DAGs
[2026-02-09T18:28:29.953+0000] {logging_mixin.py:188} INFO - [2026-02-09T18:28:29.952+0000] {dag.py:3823} INFO - Setting next_dagrun for fork2_dag to 2026-02-09 18:28:10+00:00, run_after=2026-02-09 18:28:20+00:00
[2026-02-09T18:28:29.984+0000] {processor.py:183} INFO - Processing /opt/airflow/dags/setup_dag.py took 0.264 seconds
[2026-02-09T18:29:00.118+0000] {processor.py:161} INFO - Started process (PID=27533) to work on /opt/airflow/dags/setup_dag.py
[2026-02-09T18:29:00.120+0000] {processor.py:830} INFO - Processing file /opt/airflow/dags/setup_dag.py for tasks to queue
[2026-02-09T18:29:00.122+0000] {logging_mixin.py:188} INFO - [2026-02-09T18:29:00.122+0000] {dagbag.py:538} INFO - Filling up the DagBag from /opt/airflow/dags/setup_dag.py
[2026-02-09T18:29:00.131+0000] {processor.py:840} INFO - DAG(s) 'fork2_dag' retrieved from /opt/airflow/dags/setup_dag.py
[2026-02-09T18:29:00.166+0000] {logging_mixin.py:188} INFO - [2026-02-09T18:29:00.165+0000] {dag.py:3036} INFO - Sync 1 DAGs
[2026-02-09T18:29:00.208+0000] {logging_mixin.py:188} INFO - [2026-02-09T18:29:00.207+0000] {dag.py:3823} INFO - Setting next_dagrun for fork2_dag to 2026-02-09 18:28:50+00:00, run_after=2026-02-09 18:29:00+00:00
[2026-02-09T18:29:00.239+0000] {processor.py:183} INFO - Processing /opt/airflow/dags/setup_dag.py took 0.126 seconds
[2026-02-09T18:29:30.723+0000] {processor.py:161} INFO - Started process (PID=27610) to work on /opt/airflow/dags/setup_dag.py
[2026-02-09T18:29:30.725+0000] {processor.py:830} INFO - Processing file /opt/airflow/dags/setup_dag.py for tasks to queue
[2026-02-09T18:29:30.728+0000] {logging_mixin.py:188} INFO - [2026-02-09T18:29:30.728+0000] {dagbag.py:538} INFO - Filling up the DagBag from /opt/airflow/dags/setup_dag.py
[2026-02-09T18:29:30.737+0000] {processor.py:840} INFO - DAG(s) 'fork2_dag' retrieved from /opt/airflow/dags/setup_dag.py
[2026-02-09T18:29:30.907+0000] {logging_mixin.py:188} INFO - [2026-02-09T18:29:30.906+0000] {dag.py:3036} INFO - Sync 1 DAGs
[2026-02-09T18:29:30.940+0000] {logging_mixin.py:188} INFO - [2026-02-09T18:29:30.940+0000] {dag.py:3823} INFO - Setting next_dagrun for fork2_dag to 2026-02-09 18:29:20+00:00, run_after=2026-02-09 18:29:30+00:00
[2026-02-09T18:29:30.971+0000] {processor.py:183} INFO - Processing /opt/airflow/dags/setup_dag.py took 0.253 seconds
[2026-02-09T18:30:01.267+0000] {processor.py:161} INFO - Started process (PID=27694) to work on /opt/airflow/dags/setup_dag.py
[2026-02-09T18:30:01.269+0000] {processor.py:830} INFO - Processing file /opt/airflow/dags/setup_dag.py for tasks to queue
[2026-02-09T18:30:01.272+0000] {logging_mixin.py:188} INFO - [2026-02-09T18:30:01.271+0000] {dagbag.py:538} INFO - Filling up the DagBag from /opt/airflow/dags/setup_dag.py
[2026-02-09T18:30:01.281+0000] {processor.py:840} INFO - DAG(s) 'fork2_dag' retrieved from /opt/airflow/dags/setup_dag.py
[2026-02-09T18:30:01.319+0000] {logging_mixin.py:188} INFO - [2026-02-09T18:30:01.318+0000] {dag.py:3036} INFO - Sync 1 DAGs
[2026-02-09T18:30:01.365+0000] {logging_mixin.py:188} INFO - [2026-02-09T18:30:01.365+0000] {dag.py:3823} INFO - Setting next_dagrun for fork2_dag to 2026-02-09 18:29:50+00:00, run_after=2026-02-09 18:30:00+00:00
[2026-02-09T18:30:01.401+0000] {processor.py:183} INFO - Processing /opt/airflow/dags/setup_dag.py took 0.139 seconds
[2026-02-09T18:30:31.898+0000] {processor.py:161} INFO - Started process (PID=27772) to work on /opt/airflow/dags/setup_dag.py
[2026-02-09T18:30:31.899+0000] {processor.py:830} INFO - Processing file /opt/airflow/dags/setup_dag.py for tasks to queue
[2026-02-09T18:30:31.901+0000] {logging_mixin.py:188} INFO - [2026-02-09T18:30:31.901+0000] {dagbag.py:538} INFO - Filling up the DagBag from /opt/airflow/dags/setup_dag.py
[2026-02-09T18:30:31.910+0000] {processor.py:840} INFO - DAG(s) 'fork2_dag' retrieved from /opt/airflow/dags/setup_dag.py
[2026-02-09T18:30:32.088+0000] {logging_mixin.py:188} INFO - [2026-02-09T18:30:32.087+0000] {dag.py:3036} INFO - Sync 1 DAGs
[2026-02-09T18:30:32.124+0000] {logging_mixin.py:188} INFO - [2026-02-09T18:30:32.123+0000] {dag.py:3823} INFO - Setting next_dagrun for fork2_dag to 2026-02-09 18:30:20+00:00, run_after=2026-02-09 18:30:30+00:00
[2026-02-09T18:30:32.158+0000] {processor.py:183} INFO - Processing /opt/airflow/dags/setup_dag.py took 0.265 seconds
[2026-02-09T18:31:02.462+0000] {processor.py:161} INFO - Started process (PID=27851) to work on /opt/airflow/dags/setup_dag.py
[2026-02-09T18:31:02.464+0000] {processor.py:830} INFO - Processing file /opt/airflow/dags/setup_dag.py for tasks to queue
[2026-02-09T18:31:02.467+0000] {logging_mixin.py:188} INFO - [2026-02-09T18:31:02.466+0000] {dagbag.py:538} INFO - Filling up the DagBag from /opt/airflow/dags/setup_dag.py
[2026-02-09T18:31:02.475+0000] {processor.py:840} INFO - DAG(s) 'fork2_dag' retrieved from /opt/airflow/dags/setup_dag.py
[2026-02-09T18:31:02.494+0000] {logging_mixin.py:188} INFO - [2026-02-09T18:31:02.494+0000] {dag.py:3036} INFO - Sync 1 DAGs
[2026-02-09T18:31:02.530+0000] {logging_mixin.py:188} INFO - [2026-02-09T18:31:02.529+0000] {dag.py:3823} INFO - Setting next_dagrun for fork2_dag to 2026-02-09 18:30:50+00:00, run_after=2026-02-09 18:31:00+00:00
[2026-02-09T18:31:02.560+0000] {processor.py:183} INFO - Processing /opt/airflow/dags/setup_dag.py took 0.103 seconds
[2026-02-09T18:31:32.659+0000] {processor.py:161} INFO - Started process (PID=27930) to work on /opt/airflow/dags/setup_dag.py
[2026-02-09T18:31:32.660+0000] {processor.py:830} INFO - Processing file /opt/airflow/dags/setup_dag.py for tasks to queue
[2026-02-09T18:31:32.663+0000] {logging_mixin.py:188} INFO - [2026-02-09T18:31:32.663+0000] {dagbag.py:538} INFO - Filling up the DagBag from /opt/airflow/dags/setup_dag.py
[2026-02-09T18:31:32.673+0000] {processor.py:840} INFO - DAG(s) 'fork2_dag' retrieved from /opt/airflow/dags/setup_dag.py
[2026-02-09T18:31:32.873+0000] {logging_mixin.py:188} INFO - [2026-02-09T18:31:32.873+0000] {dag.py:3036} INFO - Sync 1 DAGs
[2026-02-09T18:31:32.912+0000] {logging_mixin.py:188} INFO - [2026-02-09T18:31:32.912+0000] {dag.py:3823} INFO - Setting next_dagrun for fork2_dag to 2026-02-09 18:31:20+00:00, run_after=2026-02-09 18:31:30+00:00
[2026-02-09T18:31:32.949+0000] {processor.py:183} INFO - Processing /opt/airflow/dags/setup_dag.py took 0.295 seconds
[2026-02-09T18:32:03.017+0000] {processor.py:161} INFO - Started process (PID=28009) to work on /opt/airflow/dags/setup_dag.py
[2026-02-09T18:32:03.020+0000] {processor.py:830} INFO - Processing file /opt/airflow/dags/setup_dag.py for tasks to queue
[2026-02-09T18:32:03.023+0000] {logging_mixin.py:188} INFO - [2026-02-09T18:32:03.022+0000] {dagbag.py:538} INFO - Filling up the DagBag from /opt/airflow/dags/setup_dag.py
[2026-02-09T18:32:03.031+0000] {processor.py:840} INFO - DAG(s) 'fork2_dag' retrieved from /opt/airflow/dags/setup_dag.py
[2026-02-09T18:32:03.223+0000] {logging_mixin.py:188} INFO - [2026-02-09T18:32:03.223+0000] {dag.py:3036} INFO - Sync 1 DAGs
[2026-02-09T18:32:03.257+0000] {logging_mixin.py:188} INFO - [2026-02-09T18:32:03.257+0000] {dag.py:3823} INFO - Setting next_dagrun for fork2_dag to 2026-02-09 18:31:50+00:00, run_after=2026-02-09 18:32:00+00:00
[2026-02-09T18:32:03.296+0000] {processor.py:183} INFO - Processing /opt/airflow/dags/setup_dag.py took 0.283 seconds
[2026-02-09T18:32:33.528+0000] {processor.py:161} INFO - Started process (PID=28088) to work on /opt/airflow/dags/setup_dag.py
[2026-02-09T18:32:33.529+0000] {processor.py:830} INFO - Processing file /opt/airflow/dags/setup_dag.py for tasks to queue
[2026-02-09T18:32:33.532+0000] {logging_mixin.py:188} INFO - [2026-02-09T18:32:33.531+0000] {dagbag.py:538} INFO - Filling up the DagBag from /opt/airflow/dags/setup_dag.py
[2026-02-09T18:32:33.541+0000] {processor.py:840} INFO - DAG(s) 'fork2_dag' retrieved from /opt/airflow/dags/setup_dag.py
[2026-02-09T18:32:33.558+0000] {logging_mixin.py:188} INFO - [2026-02-09T18:32:33.558+0000] {dag.py:3036} INFO - Sync 1 DAGs
[2026-02-09T18:32:33.597+0000] {logging_mixin.py:188} INFO - [2026-02-09T18:32:33.597+0000] {dag.py:3823} INFO - Setting next_dagrun for fork2_dag to 2026-02-09 18:32:20+00:00, run_after=2026-02-09 18:32:30+00:00
[2026-02-09T18:32:33.629+0000] {processor.py:183} INFO - Processing /opt/airflow/dags/setup_dag.py took 0.106 seconds
[2026-02-09T18:33:03.675+0000] {processor.py:161} INFO - Started process (PID=28164) to work on /opt/airflow/dags/setup_dag.py
[2026-02-09T18:33:03.678+0000] {processor.py:830} INFO - Processing file /opt/airflow/dags/setup_dag.py for tasks to queue
[2026-02-09T18:33:03.680+0000] {logging_mixin.py:188} INFO - [2026-02-09T18:33:03.680+0000] {dagbag.py:538} INFO - Filling up the DagBag from /opt/airflow/dags/setup_dag.py
[2026-02-09T18:33:03.690+0000] {processor.py:840} INFO - DAG(s) 'fork2_dag' retrieved from /opt/airflow/dags/setup_dag.py
[2026-02-09T18:33:03.886+0000] {logging_mixin.py:188} INFO - [2026-02-09T18:33:03.885+0000] {dag.py:3036} INFO - Sync 1 DAGs
[2026-02-09T18:33:03.923+0000] {logging_mixin.py:188} INFO - [2026-02-09T18:33:03.922+0000] {dag.py:3823} INFO - Setting next_dagrun for fork2_dag to 2026-02-09 18:32:50+00:00, run_after=2026-02-09 18:33:00+00:00
[2026-02-09T18:33:03.957+0000] {processor.py:183} INFO - Processing /opt/airflow/dags/setup_dag.py took 0.291 seconds
[2026-02-09T18:33:34.207+0000] {processor.py:161} INFO - Started process (PID=28242) to work on /opt/airflow/dags/setup_dag.py
[2026-02-09T18:33:34.208+0000] {processor.py:830} INFO - Processing file /opt/airflow/dags/setup_dag.py for tasks to queue
[2026-02-09T18:33:34.211+0000] {logging_mixin.py:188} INFO - [2026-02-09T18:33:34.211+0000] {dagbag.py:538} INFO - Filling up the DagBag from /opt/airflow/dags/setup_dag.py
[2026-02-09T18:33:34.220+0000] {processor.py:840} INFO - DAG(s) 'fork2_dag' retrieved from /opt/airflow/dags/setup_dag.py
[2026-02-09T18:33:34.256+0000] {logging_mixin.py:188} INFO - [2026-02-09T18:33:34.256+0000] {dag.py:3036} INFO - Sync 1 DAGs
[2026-02-09T18:33:34.299+0000] {logging_mixin.py:188} INFO - [2026-02-09T18:33:34.298+0000] {dag.py:3823} INFO - Setting next_dagrun for fork2_dag to 2026-02-09 18:33:20+00:00, run_after=2026-02-09 18:33:30+00:00
[2026-02-09T18:33:34.331+0000] {processor.py:183} INFO - Processing /opt/airflow/dags/setup_dag.py took 0.129 seconds
[2026-02-09T18:34:04.665+0000] {processor.py:161} INFO - Started process (PID=28320) to work on /opt/airflow/dags/setup_dag.py
[2026-02-09T18:34:04.667+0000] {processor.py:830} INFO - Processing file /opt/airflow/dags/setup_dag.py for tasks to queue
[2026-02-09T18:34:04.669+0000] {logging_mixin.py:188} INFO - [2026-02-09T18:34:04.669+0000] {dagbag.py:538} INFO - Filling up the DagBag from /opt/airflow/dags/setup_dag.py
[2026-02-09T18:34:04.678+0000] {processor.py:840} INFO - DAG(s) 'fork2_dag' retrieved from /opt/airflow/dags/setup_dag.py
[2026-02-09T18:34:04.887+0000] {logging_mixin.py:188} INFO - [2026-02-09T18:34:04.887+0000] {dag.py:3036} INFO - Sync 1 DAGs
[2026-02-09T18:34:04.923+0000] {logging_mixin.py:188} INFO - [2026-02-09T18:34:04.923+0000] {dag.py:3823} INFO - Setting next_dagrun for fork2_dag to 2026-02-09 18:33:50+00:00, run_after=2026-02-09 18:34:00+00:00
[2026-02-09T18:34:04.956+0000] {processor.py:183} INFO - Processing /opt/airflow/dags/setup_dag.py took 0.297 seconds
[2026-02-09T18:34:35.123+0000] {processor.py:161} INFO - Started process (PID=28398) to work on /opt/airflow/dags/setup_dag.py
[2026-02-09T18:34:35.126+0000] {processor.py:830} INFO - Processing file /opt/airflow/dags/setup_dag.py for tasks to queue
[2026-02-09T18:34:35.129+0000] {logging_mixin.py:188} INFO - [2026-02-09T18:34:35.128+0000] {dagbag.py:538} INFO - Filling up the DagBag from /opt/airflow/dags/setup_dag.py
[2026-02-09T18:34:35.139+0000] {processor.py:840} INFO - DAG(s) 'fork2_dag' retrieved from /opt/airflow/dags/setup_dag.py
[2026-02-09T18:34:35.178+0000] {logging_mixin.py:188} INFO - [2026-02-09T18:34:35.177+0000] {dag.py:3036} INFO - Sync 1 DAGs
[2026-02-09T18:34:35.230+0000] {logging_mixin.py:188} INFO - [2026-02-09T18:34:35.230+0000] {dag.py:3823} INFO - Setting next_dagrun for fork2_dag to 2026-02-09 18:34:20+00:00, run_after=2026-02-09 18:34:30+00:00
[2026-02-09T18:34:35.269+0000] {processor.py:183} INFO - Processing /opt/airflow/dags/setup_dag.py took 0.151 seconds
[2026-02-09T18:35:05.612+0000] {processor.py:161} INFO - Started process (PID=28476) to work on /opt/airflow/dags/setup_dag.py
[2026-02-09T18:35:05.613+0000] {processor.py:830} INFO - Processing file /opt/airflow/dags/setup_dag.py for tasks to queue
[2026-02-09T18:35:05.616+0000] {logging_mixin.py:188} INFO - [2026-02-09T18:35:05.615+0000] {dagbag.py:538} INFO - Filling up the DagBag from /opt/airflow/dags/setup_dag.py
[2026-02-09T18:35:05.626+0000] {processor.py:840} INFO - DAG(s) 'fork2_dag' retrieved from /opt/airflow/dags/setup_dag.py
[2026-02-09T18:35:05.870+0000] {logging_mixin.py:188} INFO - [2026-02-09T18:35:05.870+0000] {dag.py:3036} INFO - Sync 1 DAGs
[2026-02-09T18:35:05.909+0000] {logging_mixin.py:188} INFO - [2026-02-09T18:35:05.909+0000] {dag.py:3823} INFO - Setting next_dagrun for fork2_dag to 2026-02-09 18:34:50+00:00, run_after=2026-02-09 18:35:00+00:00
[2026-02-09T18:35:05.943+0000] {processor.py:183} INFO - Processing /opt/airflow/dags/setup_dag.py took 0.336 seconds
[2026-02-09T18:35:36.282+0000] {processor.py:161} INFO - Started process (PID=28562) to work on /opt/airflow/dags/setup_dag.py
[2026-02-09T18:35:36.285+0000] {processor.py:830} INFO - Processing file /opt/airflow/dags/setup_dag.py for tasks to queue
[2026-02-09T18:35:36.288+0000] {logging_mixin.py:188} INFO - [2026-02-09T18:35:36.287+0000] {dagbag.py:538} INFO - Filling up the DagBag from /opt/airflow/dags/setup_dag.py
[2026-02-09T18:35:36.297+0000] {processor.py:840} INFO - DAG(s) 'fork2_dag' retrieved from /opt/airflow/dags/setup_dag.py
[2026-02-09T18:35:36.330+0000] {logging_mixin.py:188} INFO - [2026-02-09T18:35:36.330+0000] {dag.py:3036} INFO - Sync 1 DAGs
[2026-02-09T18:35:36.366+0000] {logging_mixin.py:188} INFO - [2026-02-09T18:35:36.366+0000] {dag.py:3823} INFO - Setting next_dagrun for fork2_dag to 2026-02-09 18:35:20+00:00, run_after=2026-02-09 18:35:30+00:00
[2026-02-09T18:35:36.395+0000] {processor.py:183} INFO - Processing /opt/airflow/dags/setup_dag.py took 0.118 seconds
[2026-02-09T18:36:06.634+0000] {processor.py:161} INFO - Started process (PID=28641) to work on /opt/airflow/dags/setup_dag.py
[2026-02-09T18:36:06.636+0000] {processor.py:830} INFO - Processing file /opt/airflow/dags/setup_dag.py for tasks to queue
[2026-02-09T18:36:06.639+0000] {logging_mixin.py:188} INFO - [2026-02-09T18:36:06.638+0000] {dagbag.py:538} INFO - Filling up the DagBag from /opt/airflow/dags/setup_dag.py
[2026-02-09T18:36:06.649+0000] {processor.py:840} INFO - DAG(s) 'fork2_dag' retrieved from /opt/airflow/dags/setup_dag.py
[2026-02-09T18:36:06.876+0000] {logging_mixin.py:188} INFO - [2026-02-09T18:36:06.876+0000] {dag.py:3036} INFO - Sync 1 DAGs
[2026-02-09T18:36:07.088+0000] {logging_mixin.py:188} INFO - [2026-02-09T18:36:07.088+0000] {dag.py:3823} INFO - Setting next_dagrun for fork2_dag to 2026-02-09 18:35:50+00:00, run_after=2026-02-09 18:36:00+00:00
[2026-02-09T18:36:07.117+0000] {processor.py:183} INFO - Processing /opt/airflow/dags/setup_dag.py took 0.488 seconds
[2026-02-09T18:36:37.996+0000] {processor.py:161} INFO - Started process (PID=28721) to work on /opt/airflow/dags/setup_dag.py
[2026-02-09T18:36:37.998+0000] {processor.py:830} INFO - Processing file /opt/airflow/dags/setup_dag.py for tasks to queue
[2026-02-09T18:36:38.001+0000] {logging_mixin.py:188} INFO - [2026-02-09T18:36:38.000+0000] {dagbag.py:538} INFO - Filling up the DagBag from /opt/airflow/dags/setup_dag.py
[2026-02-09T18:36:38.010+0000] {processor.py:840} INFO - DAG(s) 'fork2_dag' retrieved from /opt/airflow/dags/setup_dag.py
[2026-02-09T18:36:38.042+0000] {logging_mixin.py:188} INFO - [2026-02-09T18:36:38.042+0000] {dag.py:3036} INFO - Sync 1 DAGs
[2026-02-09T18:36:38.076+0000] {logging_mixin.py:188} INFO - [2026-02-09T18:36:38.076+0000] {dag.py:3823} INFO - Setting next_dagrun for fork2_dag to 2026-02-09 18:36:20+00:00, run_after=2026-02-09 18:36:30+00:00
[2026-02-09T18:36:38.106+0000] {processor.py:183} INFO - Processing /opt/airflow/dags/setup_dag.py took 0.117 seconds
[2026-02-09T18:37:08.237+0000] {processor.py:161} INFO - Started process (PID=28799) to work on /opt/airflow/dags/setup_dag.py
[2026-02-09T18:37:08.239+0000] {processor.py:830} INFO - Processing file /opt/airflow/dags/setup_dag.py for tasks to queue
[2026-02-09T18:37:08.242+0000] {logging_mixin.py:188} INFO - [2026-02-09T18:37:08.242+0000] {dagbag.py:538} INFO - Filling up the DagBag from /opt/airflow/dags/setup_dag.py
[2026-02-09T18:37:08.251+0000] {processor.py:840} INFO - DAG(s) 'fork2_dag' retrieved from /opt/airflow/dags/setup_dag.py
[2026-02-09T18:37:08.435+0000] {logging_mixin.py:188} INFO - [2026-02-09T18:37:08.435+0000] {dag.py:3036} INFO - Sync 1 DAGs
[2026-02-09T18:37:08.468+0000] {logging_mixin.py:188} INFO - [2026-02-09T18:37:08.468+0000] {dag.py:3823} INFO - Setting next_dagrun for fork2_dag to 2026-02-09 18:36:50+00:00, run_after=2026-02-09 18:37:00+00:00
[2026-02-09T18:37:08.669+0000] {processor.py:183} INFO - Processing /opt/airflow/dags/setup_dag.py took 0.436 seconds
[2026-02-09T18:37:38.988+0000] {processor.py:161} INFO - Started process (PID=28877) to work on /opt/airflow/dags/setup_dag.py
[2026-02-09T18:37:38.990+0000] {processor.py:830} INFO - Processing file /opt/airflow/dags/setup_dag.py for tasks to queue
[2026-02-09T18:37:38.993+0000] {logging_mixin.py:188} INFO - [2026-02-09T18:37:38.993+0000] {dagbag.py:538} INFO - Filling up the DagBag from /opt/airflow/dags/setup_dag.py
[2026-02-09T18:37:39.002+0000] {processor.py:840} INFO - DAG(s) 'fork2_dag' retrieved from /opt/airflow/dags/setup_dag.py
[2026-02-09T18:37:39.035+0000] {logging_mixin.py:188} INFO - [2026-02-09T18:37:39.035+0000] {dag.py:3036} INFO - Sync 1 DAGs
[2026-02-09T18:37:39.072+0000] {logging_mixin.py:188} INFO - [2026-02-09T18:37:39.071+0000] {dag.py:3823} INFO - Setting next_dagrun for fork2_dag to 2026-02-09 18:37:20+00:00, run_after=2026-02-09 18:37:30+00:00
[2026-02-09T18:37:39.104+0000] {processor.py:183} INFO - Processing /opt/airflow/dags/setup_dag.py took 0.121 seconds
[2026-02-09T18:38:09.677+0000] {processor.py:161} INFO - Started process (PID=28953) to work on /opt/airflow/dags/setup_dag.py
[2026-02-09T18:38:09.678+0000] {processor.py:830} INFO - Processing file /opt/airflow/dags/setup_dag.py for tasks to queue
[2026-02-09T18:38:09.681+0000] {logging_mixin.py:188} INFO - [2026-02-09T18:38:09.680+0000] {dagbag.py:538} INFO - Filling up the DagBag from /opt/airflow/dags/setup_dag.py
[2026-02-09T18:38:09.689+0000] {processor.py:840} INFO - DAG(s) 'fork2_dag' retrieved from /opt/airflow/dags/setup_dag.py
[2026-02-09T18:38:10.092+0000] {logging_mixin.py:188} INFO - [2026-02-09T18:38:10.092+0000] {dag.py:3036} INFO - Sync 1 DAGs
[2026-02-09T18:38:10.130+0000] {logging_mixin.py:188} INFO - [2026-02-09T18:38:10.129+0000] {dag.py:3823} INFO - Setting next_dagrun for fork2_dag to 2026-02-09 18:38:00+00:00, run_after=2026-02-09 18:38:10+00:00
[2026-02-09T18:38:10.162+0000] {processor.py:183} INFO - Processing /opt/airflow/dags/setup_dag.py took 0.490 seconds
[2026-02-09T18:38:40.351+0000] {processor.py:161} INFO - Started process (PID=29032) to work on /opt/airflow/dags/setup_dag.py
[2026-02-09T18:38:40.353+0000] {processor.py:830} INFO - Processing file /opt/airflow/dags/setup_dag.py for tasks to queue
[2026-02-09T18:38:40.356+0000] {logging_mixin.py:188} INFO - [2026-02-09T18:38:40.355+0000] {dagbag.py:538} INFO - Filling up the DagBag from /opt/airflow/dags/setup_dag.py
[2026-02-09T18:38:40.365+0000] {processor.py:840} INFO - DAG(s) 'fork2_dag' retrieved from /opt/airflow/dags/setup_dag.py
[2026-02-09T18:38:40.385+0000] {logging_mixin.py:188} INFO - [2026-02-09T18:38:40.384+0000] {dag.py:3036} INFO - Sync 1 DAGs
[2026-02-09T18:38:40.424+0000] {logging_mixin.py:188} INFO - [2026-02-09T18:38:40.423+0000] {dag.py:3823} INFO - Setting next_dagrun for fork2_dag to 2026-02-09 18:38:30+00:00, run_after=2026-02-09 18:38:40+00:00
[2026-02-09T18:38:40.463+0000] {processor.py:183} INFO - Processing /opt/airflow/dags/setup_dag.py took 0.120 seconds
[2026-02-09T18:39:10.609+0000] {processor.py:161} INFO - Started process (PID=29110) to work on /opt/airflow/dags/setup_dag.py
[2026-02-09T18:39:10.611+0000] {processor.py:830} INFO - Processing file /opt/airflow/dags/setup_dag.py for tasks to queue
[2026-02-09T18:39:10.613+0000] {logging_mixin.py:188} INFO - [2026-02-09T18:39:10.613+0000] {dagbag.py:538} INFO - Filling up the DagBag from /opt/airflow/dags/setup_dag.py
[2026-02-09T18:39:10.625+0000] {processor.py:840} INFO - DAG(s) 'fork2_dag' retrieved from /opt/airflow/dags/setup_dag.py
[2026-02-09T18:39:11.015+0000] {logging_mixin.py:188} INFO - [2026-02-09T18:39:11.014+0000] {dag.py:3036} INFO - Sync 1 DAGs
[2026-02-09T18:39:11.054+0000] {logging_mixin.py:188} INFO - [2026-02-09T18:39:11.054+0000] {dag.py:3823} INFO - Setting next_dagrun for fork2_dag to 2026-02-09 18:39:00+00:00, run_after=2026-02-09 18:39:10+00:00
[2026-02-09T18:39:11.087+0000] {processor.py:183} INFO - Processing /opt/airflow/dags/setup_dag.py took 0.485 seconds
[2026-02-09T18:39:41.375+0000] {processor.py:161} INFO - Started process (PID=29196) to work on /opt/airflow/dags/setup_dag.py
[2026-02-09T18:39:41.377+0000] {processor.py:830} INFO - Processing file /opt/airflow/dags/setup_dag.py for tasks to queue
[2026-02-09T18:39:41.380+0000] {logging_mixin.py:188} INFO - [2026-02-09T18:39:41.379+0000] {dagbag.py:538} INFO - Filling up the DagBag from /opt/airflow/dags/setup_dag.py
[2026-02-09T18:39:41.392+0000] {processor.py:840} INFO - DAG(s) 'fork2_dag' retrieved from /opt/airflow/dags/setup_dag.py
[2026-02-09T18:39:41.455+0000] {logging_mixin.py:188} INFO - [2026-02-09T18:39:41.454+0000] {dag.py:3036} INFO - Sync 1 DAGs
[2026-02-09T18:39:41.526+0000] {logging_mixin.py:188} INFO - [2026-02-09T18:39:41.526+0000] {dag.py:3823} INFO - Setting next_dagrun for fork2_dag to 2026-02-09 18:39:30+00:00, run_after=2026-02-09 18:39:40+00:00
[2026-02-09T18:39:41.557+0000] {processor.py:183} INFO - Processing /opt/airflow/dags/setup_dag.py took 0.189 seconds
[2026-02-09T18:40:11.762+0000] {processor.py:161} INFO - Started process (PID=29272) to work on /opt/airflow/dags/setup_dag.py
[2026-02-09T18:40:11.764+0000] {processor.py:830} INFO - Processing file /opt/airflow/dags/setup_dag.py for tasks to queue
[2026-02-09T18:40:11.766+0000] {logging_mixin.py:188} INFO - [2026-02-09T18:40:11.766+0000] {dagbag.py:538} INFO - Filling up the DagBag from /opt/airflow/dags/setup_dag.py
[2026-02-09T18:40:11.775+0000] {processor.py:840} INFO - DAG(s) 'fork2_dag' retrieved from /opt/airflow/dags/setup_dag.py
[2026-02-09T18:40:12.148+0000] {logging_mixin.py:188} INFO - [2026-02-09T18:40:12.147+0000] {dag.py:3036} INFO - Sync 1 DAGs
[2026-02-09T18:40:12.178+0000] {logging_mixin.py:188} INFO - [2026-02-09T18:40:12.177+0000] {dag.py:3823} INFO - Setting next_dagrun for fork2_dag to 2026-02-09 18:40:00+00:00, run_after=2026-02-09 18:40:10+00:00
[2026-02-09T18:40:12.206+0000] {processor.py:183} INFO - Processing /opt/airflow/dags/setup_dag.py took 0.449 seconds
[2026-02-09T18:40:42.388+0000] {processor.py:161} INFO - Started process (PID=29351) to work on /opt/airflow/dags/setup_dag.py
[2026-02-09T18:40:42.390+0000] {processor.py:830} INFO - Processing file /opt/airflow/dags/setup_dag.py for tasks to queue
[2026-02-09T18:40:42.392+0000] {logging_mixin.py:188} INFO - [2026-02-09T18:40:42.392+0000] {dagbag.py:538} INFO - Filling up the DagBag from /opt/airflow/dags/setup_dag.py
[2026-02-09T18:40:42.402+0000] {processor.py:840} INFO - DAG(s) 'fork2_dag' retrieved from /opt/airflow/dags/setup_dag.py
[2026-02-09T18:40:42.435+0000] {logging_mixin.py:188} INFO - [2026-02-09T18:40:42.434+0000] {dag.py:3036} INFO - Sync 1 DAGs
[2026-02-09T18:40:42.471+0000] {logging_mixin.py:188} INFO - [2026-02-09T18:40:42.471+0000] {dag.py:3823} INFO - Setting next_dagrun for fork2_dag to 2026-02-09 18:40:30+00:00, run_after=2026-02-09 18:40:40+00:00
[2026-02-09T18:40:42.734+0000] {processor.py:183} INFO - Processing /opt/airflow/dags/setup_dag.py took 0.352 seconds
[2026-02-09T18:41:12.960+0000] {processor.py:161} INFO - Started process (PID=29429) to work on /opt/airflow/dags/setup_dag.py
[2026-02-09T18:41:12.961+0000] {processor.py:830} INFO - Processing file /opt/airflow/dags/setup_dag.py for tasks to queue
[2026-02-09T18:41:12.964+0000] {logging_mixin.py:188} INFO - [2026-02-09T18:41:12.964+0000] {dagbag.py:538} INFO - Filling up the DagBag from /opt/airflow/dags/setup_dag.py
[2026-02-09T18:41:12.974+0000] {processor.py:840} INFO - DAG(s) 'fork2_dag' retrieved from /opt/airflow/dags/setup_dag.py
[2026-02-09T18:41:13.347+0000] {logging_mixin.py:188} INFO - [2026-02-09T18:41:13.346+0000] {dag.py:3036} INFO - Sync 1 DAGs
[2026-02-09T18:41:13.377+0000] {logging_mixin.py:188} INFO - [2026-02-09T18:41:13.377+0000] {dag.py:3823} INFO - Setting next_dagrun for fork2_dag to 2026-02-09 18:41:00+00:00, run_after=2026-02-09 18:41:10+00:00
[2026-02-09T18:41:13.426+0000] {processor.py:183} INFO - Processing /opt/airflow/dags/setup_dag.py took 0.472 seconds
[2026-02-09T18:41:43.623+0000] {processor.py:161} INFO - Started process (PID=29506) to work on /opt/airflow/dags/setup_dag.py
[2026-02-09T18:41:43.625+0000] {processor.py:830} INFO - Processing file /opt/airflow/dags/setup_dag.py for tasks to queue
[2026-02-09T18:41:43.628+0000] {logging_mixin.py:188} INFO - [2026-02-09T18:41:43.628+0000] {dagbag.py:538} INFO - Filling up the DagBag from /opt/airflow/dags/setup_dag.py
[2026-02-09T18:41:43.640+0000] {processor.py:840} INFO - DAG(s) 'fork2_dag' retrieved from /opt/airflow/dags/setup_dag.py
[2026-02-09T18:41:43.679+0000] {logging_mixin.py:188} INFO - [2026-02-09T18:41:43.678+0000] {dag.py:3036} INFO - Sync 1 DAGs
[2026-02-09T18:41:43.725+0000] {logging_mixin.py:188} INFO - [2026-02-09T18:41:43.725+0000] {dag.py:3823} INFO - Setting next_dagrun for fork2_dag to 2026-02-09 18:41:30+00:00, run_after=2026-02-09 18:41:40+00:00
[2026-02-09T18:41:43.761+0000] {processor.py:183} INFO - Processing /opt/airflow/dags/setup_dag.py took 0.144 seconds
[2026-02-09T18:42:14.367+0000] {processor.py:161} INFO - Started process (PID=29584) to work on /opt/airflow/dags/setup_dag.py
[2026-02-09T18:42:14.369+0000] {processor.py:830} INFO - Processing file /opt/airflow/dags/setup_dag.py for tasks to queue
[2026-02-09T18:42:14.372+0000] {logging_mixin.py:188} INFO - [2026-02-09T18:42:14.372+0000] {dagbag.py:538} INFO - Filling up the DagBag from /opt/airflow/dags/setup_dag.py
[2026-02-09T18:42:14.382+0000] {processor.py:840} INFO - DAG(s) 'fork2_dag' retrieved from /opt/airflow/dags/setup_dag.py
[2026-02-09T18:42:14.589+0000] {logging_mixin.py:188} INFO - [2026-02-09T18:42:14.589+0000] {dag.py:3036} INFO - Sync 1 DAGs
[2026-02-09T18:42:14.631+0000] {logging_mixin.py:188} INFO - [2026-02-09T18:42:14.630+0000] {dag.py:3823} INFO - Setting next_dagrun for fork2_dag to 2026-02-09 18:42:00+00:00, run_after=2026-02-09 18:42:10+00:00
[2026-02-09T18:42:14.671+0000] {processor.py:183} INFO - Processing /opt/airflow/dags/setup_dag.py took 0.309 seconds
[2026-02-09T18:42:45.082+0000] {processor.py:161} INFO - Started process (PID=29663) to work on /opt/airflow/dags/setup_dag.py
[2026-02-09T18:42:45.084+0000] {processor.py:830} INFO - Processing file /opt/airflow/dags/setup_dag.py for tasks to queue
[2026-02-09T18:42:45.094+0000] {logging_mixin.py:188} INFO - [2026-02-09T18:42:45.094+0000] {dagbag.py:538} INFO - Filling up the DagBag from /opt/airflow/dags/setup_dag.py
[2026-02-09T18:42:45.134+0000] {processor.py:840} INFO - DAG(s) 'fork2_dag' retrieved from /opt/airflow/dags/setup_dag.py
[2026-02-09T18:42:45.158+0000] {logging_mixin.py:188} INFO - [2026-02-09T18:42:45.157+0000] {dag.py:3036} INFO - Sync 1 DAGs
[2026-02-09T18:42:45.200+0000] {logging_mixin.py:188} INFO - [2026-02-09T18:42:45.200+0000] {dag.py:3823} INFO - Setting next_dagrun for fork2_dag to 2026-02-09 18:42:30+00:00, run_after=2026-02-09 18:42:40+00:00
[2026-02-09T18:42:45.233+0000] {processor.py:183} INFO - Processing /opt/airflow/dags/setup_dag.py took 0.156 seconds
[2026-02-09T18:43:15.312+0000] {processor.py:161} INFO - Started process (PID=29740) to work on /opt/airflow/dags/setup_dag.py
[2026-02-09T18:43:15.314+0000] {processor.py:830} INFO - Processing file /opt/airflow/dags/setup_dag.py for tasks to queue
[2026-02-09T18:43:15.317+0000] {logging_mixin.py:188} INFO - [2026-02-09T18:43:15.317+0000] {dagbag.py:538} INFO - Filling up the DagBag from /opt/airflow/dags/setup_dag.py
[2026-02-09T18:43:15.327+0000] {processor.py:840} INFO - DAG(s) 'fork2_dag' retrieved from /opt/airflow/dags/setup_dag.py
[2026-02-09T18:43:15.533+0000] {logging_mixin.py:188} INFO - [2026-02-09T18:43:15.533+0000] {dag.py:3036} INFO - Sync 1 DAGs
[2026-02-09T18:43:15.567+0000] {logging_mixin.py:188} INFO - [2026-02-09T18:43:15.567+0000] {dag.py:3823} INFO - Setting next_dagrun for fork2_dag to 2026-02-09 18:43:00+00:00, run_after=2026-02-09 18:43:10+00:00
[2026-02-09T18:43:15.599+0000] {processor.py:183} INFO - Processing /opt/airflow/dags/setup_dag.py took 0.293 seconds
[2026-02-09T18:43:46.058+0000] {processor.py:161} INFO - Started process (PID=29814) to work on /opt/airflow/dags/setup_dag.py
[2026-02-09T18:43:46.059+0000] {processor.py:830} INFO - Processing file /opt/airflow/dags/setup_dag.py for tasks to queue
[2026-02-09T18:43:46.062+0000] {logging_mixin.py:188} INFO - [2026-02-09T18:43:46.062+0000] {dagbag.py:538} INFO - Filling up the DagBag from /opt/airflow/dags/setup_dag.py
[2026-02-09T18:43:46.077+0000] {processor.py:840} INFO - DAG(s) 'fork2_dag' retrieved from /opt/airflow/dags/setup_dag.py
[2026-02-09T18:43:46.117+0000] {logging_mixin.py:188} INFO - [2026-02-09T18:43:46.117+0000] {dag.py:3036} INFO - Sync 1 DAGs
[2026-02-09T18:43:46.153+0000] {logging_mixin.py:188} INFO - [2026-02-09T18:43:46.152+0000] {dag.py:3823} INFO - Setting next_dagrun for fork2_dag to 2026-02-09 18:43:30+00:00, run_after=2026-02-09 18:43:40+00:00
[2026-02-09T18:43:46.188+0000] {processor.py:183} INFO - Processing /opt/airflow/dags/setup_dag.py took 0.135 seconds
[2026-02-09T18:44:16.399+0000] {processor.py:161} INFO - Started process (PID=29892) to work on /opt/airflow/dags/setup_dag.py
[2026-02-09T18:44:16.401+0000] {processor.py:830} INFO - Processing file /opt/airflow/dags/setup_dag.py for tasks to queue
[2026-02-09T18:44:16.404+0000] {logging_mixin.py:188} INFO - [2026-02-09T18:44:16.404+0000] {dagbag.py:538} INFO - Filling up the DagBag from /opt/airflow/dags/setup_dag.py
[2026-02-09T18:44:16.414+0000] {processor.py:840} INFO - DAG(s) 'fork2_dag' retrieved from /opt/airflow/dags/setup_dag.py
[2026-02-09T18:44:16.672+0000] {logging_mixin.py:188} INFO - [2026-02-09T18:44:16.671+0000] {dag.py:3036} INFO - Sync 1 DAGs
[2026-02-09T18:44:16.716+0000] {logging_mixin.py:188} INFO - [2026-02-09T18:44:16.716+0000] {dag.py:3823} INFO - Setting next_dagrun for fork2_dag to 2026-02-09 18:44:00+00:00, run_after=2026-02-09 18:44:10+00:00
[2026-02-09T18:44:16.758+0000] {processor.py:183} INFO - Processing /opt/airflow/dags/setup_dag.py took 0.365 seconds
[2026-02-09T18:44:46.895+0000] {processor.py:161} INFO - Started process (PID=29976) to work on /opt/airflow/dags/setup_dag.py
[2026-02-09T18:44:46.897+0000] {processor.py:830} INFO - Processing file /opt/airflow/dags/setup_dag.py for tasks to queue
[2026-02-09T18:44:46.901+0000] {logging_mixin.py:188} INFO - [2026-02-09T18:44:46.900+0000] {dagbag.py:538} INFO - Filling up the DagBag from /opt/airflow/dags/setup_dag.py
[2026-02-09T18:44:46.911+0000] {processor.py:840} INFO - DAG(s) 'fork2_dag' retrieved from /opt/airflow/dags/setup_dag.py
[2026-02-09T18:44:46.949+0000] {logging_mixin.py:188} INFO - [2026-02-09T18:44:46.948+0000] {dag.py:3036} INFO - Sync 1 DAGs
[2026-02-09T18:44:46.996+0000] {logging_mixin.py:188} INFO - [2026-02-09T18:44:46.995+0000] {dag.py:3823} INFO - Setting next_dagrun for fork2_dag to 2026-02-09 18:44:30+00:00, run_after=2026-02-09 18:44:40+00:00
[2026-02-09T18:44:47.029+0000] {processor.py:183} INFO - Processing /opt/airflow/dags/setup_dag.py took 0.140 seconds
[2026-02-09T18:45:17.255+0000] {processor.py:161} INFO - Started process (PID=30056) to work on /opt/airflow/dags/setup_dag.py
[2026-02-09T18:45:17.258+0000] {processor.py:830} INFO - Processing file /opt/airflow/dags/setup_dag.py for tasks to queue
[2026-02-09T18:45:17.261+0000] {logging_mixin.py:188} INFO - [2026-02-09T18:45:17.260+0000] {dagbag.py:538} INFO - Filling up the DagBag from /opt/airflow/dags/setup_dag.py
[2026-02-09T18:45:17.272+0000] {processor.py:840} INFO - DAG(s) 'fork2_dag' retrieved from /opt/airflow/dags/setup_dag.py
[2026-02-09T18:45:17.513+0000] {logging_mixin.py:188} INFO - [2026-02-09T18:45:17.513+0000] {dag.py:3036} INFO - Sync 1 DAGs
[2026-02-09T18:45:17.556+0000] {logging_mixin.py:188} INFO - [2026-02-09T18:45:17.556+0000] {dag.py:3823} INFO - Setting next_dagrun for fork2_dag to 2026-02-09 18:45:00+00:00, run_after=2026-02-09 18:45:10+00:00
[2026-02-09T18:45:17.593+0000] {processor.py:183} INFO - Processing /opt/airflow/dags/setup_dag.py took 0.344 seconds
[2026-02-09T18:45:47.957+0000] {processor.py:161} INFO - Started process (PID=30134) to work on /opt/airflow/dags/setup_dag.py
[2026-02-09T18:45:47.958+0000] {processor.py:830} INFO - Processing file /opt/airflow/dags/setup_dag.py for tasks to queue
[2026-02-09T18:45:47.961+0000] {logging_mixin.py:188} INFO - [2026-02-09T18:45:47.961+0000] {dagbag.py:538} INFO - Filling up the DagBag from /opt/airflow/dags/setup_dag.py
[2026-02-09T18:45:47.975+0000] {processor.py:840} INFO - DAG(s) 'fork2_dag' retrieved from /opt/airflow/dags/setup_dag.py
[2026-02-09T18:45:48.019+0000] {logging_mixin.py:188} INFO - [2026-02-09T18:45:48.018+0000] {dag.py:3036} INFO - Sync 1 DAGs
[2026-02-09T18:45:48.062+0000] {logging_mixin.py:188} INFO - [2026-02-09T18:45:48.061+0000] {dag.py:3823} INFO - Setting next_dagrun for fork2_dag to 2026-02-09 18:45:30+00:00, run_after=2026-02-09 18:45:40+00:00
[2026-02-09T18:45:48.092+0000] {processor.py:183} INFO - Processing /opt/airflow/dags/setup_dag.py took 0.142 seconds
[2026-02-09T18:46:18.382+0000] {processor.py:161} INFO - Started process (PID=30213) to work on /opt/airflow/dags/setup_dag.py
[2026-02-09T18:46:18.384+0000] {processor.py:830} INFO - Processing file /opt/airflow/dags/setup_dag.py for tasks to queue
[2026-02-09T18:46:18.387+0000] {logging_mixin.py:188} INFO - [2026-02-09T18:46:18.387+0000] {dagbag.py:538} INFO - Filling up the DagBag from /opt/airflow/dags/setup_dag.py
[2026-02-09T18:46:18.398+0000] {processor.py:840} INFO - DAG(s) 'fork2_dag' retrieved from /opt/airflow/dags/setup_dag.py
[2026-02-09T18:46:18.613+0000] {logging_mixin.py:188} INFO - [2026-02-09T18:46:18.613+0000] {dag.py:3036} INFO - Sync 1 DAGs
[2026-02-09T18:46:18.659+0000] {logging_mixin.py:188} INFO - [2026-02-09T18:46:18.658+0000] {dag.py:3823} INFO - Setting next_dagrun for fork2_dag to 2026-02-09 18:46:00+00:00, run_after=2026-02-09 18:46:10+00:00
[2026-02-09T18:46:18.695+0000] {processor.py:183} INFO - Processing /opt/airflow/dags/setup_dag.py took 0.319 seconds
[2026-02-09T18:46:48.882+0000] {processor.py:161} INFO - Started process (PID=30293) to work on /opt/airflow/dags/setup_dag.py
[2026-02-09T18:46:48.883+0000] {processor.py:830} INFO - Processing file /opt/airflow/dags/setup_dag.py for tasks to queue
[2026-02-09T18:46:48.886+0000] {logging_mixin.py:188} INFO - [2026-02-09T18:46:48.885+0000] {dagbag.py:538} INFO - Filling up the DagBag from /opt/airflow/dags/setup_dag.py
[2026-02-09T18:46:48.895+0000] {processor.py:840} INFO - DAG(s) 'fork2_dag' retrieved from /opt/airflow/dags/setup_dag.py
[2026-02-09T18:46:48.930+0000] {logging_mixin.py:188} INFO - [2026-02-09T18:46:48.930+0000] {dag.py:3036} INFO - Sync 1 DAGs
[2026-02-09T18:46:48.972+0000] {logging_mixin.py:188} INFO - [2026-02-09T18:46:48.972+0000] {dag.py:3823} INFO - Setting next_dagrun for fork2_dag to 2026-02-09 18:46:30+00:00, run_after=2026-02-09 18:46:40+00:00
[2026-02-09T18:46:49.001+0000] {processor.py:183} INFO - Processing /opt/airflow/dags/setup_dag.py took 0.124 seconds
[2026-02-09T18:47:19.266+0000] {processor.py:161} INFO - Started process (PID=30368) to work on /opt/airflow/dags/setup_dag.py
[2026-02-09T18:47:19.267+0000] {processor.py:830} INFO - Processing file /opt/airflow/dags/setup_dag.py for tasks to queue
[2026-02-09T18:47:19.270+0000] {logging_mixin.py:188} INFO - [2026-02-09T18:47:19.270+0000] {dagbag.py:538} INFO - Filling up the DagBag from /opt/airflow/dags/setup_dag.py
[2026-02-09T18:47:19.280+0000] {processor.py:840} INFO - DAG(s) 'fork2_dag' retrieved from /opt/airflow/dags/setup_dag.py
[2026-02-09T18:47:19.470+0000] {logging_mixin.py:188} INFO - [2026-02-09T18:47:19.470+0000] {dag.py:3036} INFO - Sync 1 DAGs
[2026-02-09T18:47:19.508+0000] {logging_mixin.py:188} INFO - [2026-02-09T18:47:19.507+0000] {dag.py:3823} INFO - Setting next_dagrun for fork2_dag to 2026-02-09 18:47:00+00:00, run_after=2026-02-09 18:47:10+00:00
[2026-02-09T18:47:19.539+0000] {processor.py:183} INFO - Processing /opt/airflow/dags/setup_dag.py took 0.280 seconds
[2026-02-09T18:47:49.791+0000] {processor.py:161} INFO - Started process (PID=30446) to work on /opt/airflow/dags/setup_dag.py
[2026-02-09T18:47:49.792+0000] {processor.py:830} INFO - Processing file /opt/airflow/dags/setup_dag.py for tasks to queue
[2026-02-09T18:47:49.795+0000] {logging_mixin.py:188} INFO - [2026-02-09T18:47:49.795+0000] {dagbag.py:538} INFO - Filling up the DagBag from /opt/airflow/dags/setup_dag.py
[2026-02-09T18:47:49.805+0000] {processor.py:840} INFO - DAG(s) 'fork2_dag' retrieved from /opt/airflow/dags/setup_dag.py
[2026-02-09T18:47:49.843+0000] {logging_mixin.py:188} INFO - [2026-02-09T18:47:49.843+0000] {dag.py:3036} INFO - Sync 1 DAGs
[2026-02-09T18:47:49.882+0000] {logging_mixin.py:188} INFO - [2026-02-09T18:47:49.882+0000] {dag.py:3823} INFO - Setting next_dagrun for fork2_dag to 2026-02-09 18:47:30+00:00, run_after=2026-02-09 18:47:40+00:00
[2026-02-09T18:47:49.914+0000] {processor.py:183} INFO - Processing /opt/airflow/dags/setup_dag.py took 0.130 seconds
[2026-02-09T18:48:20.171+0000] {processor.py:161} INFO - Started process (PID=30524) to work on /opt/airflow/dags/setup_dag.py
[2026-02-09T18:48:20.173+0000] {processor.py:830} INFO - Processing file /opt/airflow/dags/setup_dag.py for tasks to queue
[2026-02-09T18:48:20.176+0000] {logging_mixin.py:188} INFO - [2026-02-09T18:48:20.175+0000] {dagbag.py:538} INFO - Filling up the DagBag from /opt/airflow/dags/setup_dag.py
[2026-02-09T18:48:20.185+0000] {processor.py:840} INFO - DAG(s) 'fork2_dag' retrieved from /opt/airflow/dags/setup_dag.py
[2026-02-09T18:48:20.408+0000] {logging_mixin.py:188} INFO - [2026-02-09T18:48:20.407+0000] {dag.py:3036} INFO - Sync 1 DAGs
[2026-02-09T18:48:20.456+0000] {logging_mixin.py:188} INFO - [2026-02-09T18:48:20.455+0000] {dag.py:3823} INFO - Setting next_dagrun for fork2_dag to 2026-02-09 18:48:10+00:00, run_after=2026-02-09 18:48:20+00:00
[2026-02-09T18:48:20.496+0000] {processor.py:183} INFO - Processing /opt/airflow/dags/setup_dag.py took 0.330 seconds
[2026-02-09T18:48:50.726+0000] {processor.py:161} INFO - Started process (PID=30604) to work on /opt/airflow/dags/setup_dag.py
[2026-02-09T18:48:50.728+0000] {processor.py:830} INFO - Processing file /opt/airflow/dags/setup_dag.py for tasks to queue
[2026-02-09T18:48:50.731+0000] {logging_mixin.py:188} INFO - [2026-02-09T18:48:50.730+0000] {dagbag.py:538} INFO - Filling up the DagBag from /opt/airflow/dags/setup_dag.py
[2026-02-09T18:48:50.740+0000] {processor.py:840} INFO - DAG(s) 'fork2_dag' retrieved from /opt/airflow/dags/setup_dag.py
[2026-02-09T18:48:50.762+0000] {logging_mixin.py:188} INFO - [2026-02-09T18:48:50.762+0000] {dag.py:3036} INFO - Sync 1 DAGs
[2026-02-09T18:48:50.810+0000] {logging_mixin.py:188} INFO - [2026-02-09T18:48:50.809+0000] {dag.py:3823} INFO - Setting next_dagrun for fork2_dag to 2026-02-09 18:48:40+00:00, run_after=2026-02-09 18:48:50+00:00
[2026-02-09T18:48:50.849+0000] {processor.py:183} INFO - Processing /opt/airflow/dags/setup_dag.py took 0.129 seconds
[2026-02-09T18:49:20.993+0000] {processor.py:161} INFO - Started process (PID=30680) to work on /opt/airflow/dags/setup_dag.py
[2026-02-09T18:49:20.994+0000] {processor.py:830} INFO - Processing file /opt/airflow/dags/setup_dag.py for tasks to queue
[2026-02-09T18:49:20.997+0000] {logging_mixin.py:188} INFO - [2026-02-09T18:49:20.996+0000] {dagbag.py:538} INFO - Filling up the DagBag from /opt/airflow/dags/setup_dag.py
[2026-02-09T18:49:21.006+0000] {processor.py:840} INFO - DAG(s) 'fork2_dag' retrieved from /opt/airflow/dags/setup_dag.py
[2026-02-09T18:49:21.199+0000] {logging_mixin.py:188} INFO - [2026-02-09T18:49:21.198+0000] {dag.py:3036} INFO - Sync 1 DAGs
[2026-02-09T18:49:21.237+0000] {logging_mixin.py:188} INFO - [2026-02-09T18:49:21.236+0000] {dag.py:3823} INFO - Setting next_dagrun for fork2_dag to 2026-02-09 18:49:10+00:00, run_after=2026-02-09 18:49:20+00:00
[2026-02-09T18:49:21.272+0000] {processor.py:183} INFO - Processing /opt/airflow/dags/setup_dag.py took 0.285 seconds
[2026-02-09T18:49:51.749+0000] {processor.py:161} INFO - Started process (PID=30765) to work on /opt/airflow/dags/setup_dag.py
[2026-02-09T18:49:51.751+0000] {processor.py:830} INFO - Processing file /opt/airflow/dags/setup_dag.py for tasks to queue
[2026-02-09T18:49:51.755+0000] {logging_mixin.py:188} INFO - [2026-02-09T18:49:51.754+0000] {dagbag.py:538} INFO - Filling up the DagBag from /opt/airflow/dags/setup_dag.py
[2026-02-09T18:49:51.768+0000] {processor.py:840} INFO - DAG(s) 'fork2_dag' retrieved from /opt/airflow/dags/setup_dag.py
[2026-02-09T18:49:51.824+0000] {logging_mixin.py:188} INFO - [2026-02-09T18:49:51.824+0000] {dag.py:3036} INFO - Sync 1 DAGs
[2026-02-09T18:49:51.874+0000] {logging_mixin.py:188} INFO - [2026-02-09T18:49:51.873+0000] {dag.py:3823} INFO - Setting next_dagrun for fork2_dag to 2026-02-09 18:49:40+00:00, run_after=2026-02-09 18:49:50+00:00
[2026-02-09T18:49:51.913+0000] {processor.py:183} INFO - Processing /opt/airflow/dags/setup_dag.py took 0.170 seconds
[2026-02-09T18:50:21.966+0000] {processor.py:161} INFO - Started process (PID=30844) to work on /opt/airflow/dags/setup_dag.py
[2026-02-09T18:50:21.967+0000] {processor.py:830} INFO - Processing file /opt/airflow/dags/setup_dag.py for tasks to queue
[2026-02-09T18:50:21.970+0000] {logging_mixin.py:188} INFO - [2026-02-09T18:50:21.970+0000] {dagbag.py:538} INFO - Filling up the DagBag from /opt/airflow/dags/setup_dag.py
[2026-02-09T18:50:21.980+0000] {processor.py:840} INFO - DAG(s) 'fork2_dag' retrieved from /opt/airflow/dags/setup_dag.py
[2026-02-09T18:50:22.161+0000] {logging_mixin.py:188} INFO - [2026-02-09T18:50:22.161+0000] {dag.py:3036} INFO - Sync 1 DAGs
[2026-02-09T18:50:22.194+0000] {logging_mixin.py:188} INFO - [2026-02-09T18:50:22.194+0000] {dag.py:3823} INFO - Setting next_dagrun for fork2_dag to 2026-02-09 18:50:10+00:00, run_after=2026-02-09 18:50:20+00:00
[2026-02-09T18:50:22.228+0000] {processor.py:183} INFO - Processing /opt/airflow/dags/setup_dag.py took 0.267 seconds
[2026-02-09T18:50:52.352+0000] {processor.py:161} INFO - Started process (PID=30922) to work on /opt/airflow/dags/setup_dag.py
[2026-02-09T18:50:52.353+0000] {processor.py:830} INFO - Processing file /opt/airflow/dags/setup_dag.py for tasks to queue
[2026-02-09T18:50:52.356+0000] {logging_mixin.py:188} INFO - [2026-02-09T18:50:52.356+0000] {dagbag.py:538} INFO - Filling up the DagBag from /opt/airflow/dags/setup_dag.py
[2026-02-09T18:50:52.365+0000] {processor.py:840} INFO - DAG(s) 'fork2_dag' retrieved from /opt/airflow/dags/setup_dag.py
[2026-02-09T18:50:52.399+0000] {logging_mixin.py:188} INFO - [2026-02-09T18:50:52.398+0000] {dag.py:3036} INFO - Sync 1 DAGs
[2026-02-09T18:50:52.441+0000] {logging_mixin.py:188} INFO - [2026-02-09T18:50:52.441+0000] {dag.py:3823} INFO - Setting next_dagrun for fork2_dag to 2026-02-09 18:50:40+00:00, run_after=2026-02-09 18:50:50+00:00
[2026-02-09T18:50:52.477+0000] {processor.py:183} INFO - Processing /opt/airflow/dags/setup_dag.py took 0.130 seconds
[2026-02-09T18:51:22.912+0000] {processor.py:161} INFO - Started process (PID=30998) to work on /opt/airflow/dags/setup_dag.py
[2026-02-09T18:51:22.916+0000] {processor.py:830} INFO - Processing file /opt/airflow/dags/setup_dag.py for tasks to queue
[2026-02-09T18:51:22.920+0000] {logging_mixin.py:188} INFO - [2026-02-09T18:51:22.919+0000] {dagbag.py:538} INFO - Filling up the DagBag from /opt/airflow/dags/setup_dag.py
[2026-02-09T18:51:22.935+0000] {processor.py:840} INFO - DAG(s) 'fork2_dag' retrieved from /opt/airflow/dags/setup_dag.py
[2026-02-09T18:51:23.157+0000] {logging_mixin.py:188} INFO - [2026-02-09T18:51:23.157+0000] {dag.py:3036} INFO - Sync 1 DAGs
[2026-02-09T18:51:23.190+0000] {logging_mixin.py:188} INFO - [2026-02-09T18:51:23.190+0000] {dag.py:3823} INFO - Setting next_dagrun for fork2_dag to 2026-02-09 18:51:10+00:00, run_after=2026-02-09 18:51:20+00:00
[2026-02-09T18:51:23.224+0000] {processor.py:183} INFO - Processing /opt/airflow/dags/setup_dag.py took 0.324 seconds
[2026-02-09T18:51:53.521+0000] {processor.py:161} INFO - Started process (PID=31078) to work on /opt/airflow/dags/setup_dag.py
[2026-02-09T18:51:53.523+0000] {processor.py:830} INFO - Processing file /opt/airflow/dags/setup_dag.py for tasks to queue
[2026-02-09T18:51:53.525+0000] {logging_mixin.py:188} INFO - [2026-02-09T18:51:53.525+0000] {dagbag.py:538} INFO - Filling up the DagBag from /opt/airflow/dags/setup_dag.py
[2026-02-09T18:51:53.537+0000] {processor.py:840} INFO - DAG(s) 'fork2_dag' retrieved from /opt/airflow/dags/setup_dag.py
[2026-02-09T18:51:53.557+0000] {logging_mixin.py:188} INFO - [2026-02-09T18:51:53.556+0000] {dag.py:3036} INFO - Sync 1 DAGs
[2026-02-09T18:51:53.597+0000] {logging_mixin.py:188} INFO - [2026-02-09T18:51:53.596+0000] {dag.py:3823} INFO - Setting next_dagrun for fork2_dag to 2026-02-09 18:51:40+00:00, run_after=2026-02-09 18:51:50+00:00
[2026-02-09T18:51:53.628+0000] {processor.py:183} INFO - Processing /opt/airflow/dags/setup_dag.py took 0.112 seconds
[2026-02-09T18:52:24.381+0000] {processor.py:161} INFO - Started process (PID=31155) to work on /opt/airflow/dags/setup_dag.py
[2026-02-09T18:52:24.384+0000] {processor.py:830} INFO - Processing file /opt/airflow/dags/setup_dag.py for tasks to queue
[2026-02-09T18:52:24.387+0000] {logging_mixin.py:188} INFO - [2026-02-09T18:52:24.386+0000] {dagbag.py:538} INFO - Filling up the DagBag from /opt/airflow/dags/setup_dag.py
[2026-02-09T18:52:24.398+0000] {processor.py:840} INFO - DAG(s) 'fork2_dag' retrieved from /opt/airflow/dags/setup_dag.py
[2026-02-09T18:52:24.617+0000] {logging_mixin.py:188} INFO - [2026-02-09T18:52:24.617+0000] {dag.py:3036} INFO - Sync 1 DAGs
[2026-02-09T18:52:24.661+0000] {logging_mixin.py:188} INFO - [2026-02-09T18:52:24.661+0000] {dag.py:3823} INFO - Setting next_dagrun for fork2_dag to 2026-02-09 18:52:10+00:00, run_after=2026-02-09 18:52:20+00:00
[2026-02-09T18:52:24.696+0000] {processor.py:183} INFO - Processing /opt/airflow/dags/setup_dag.py took 0.320 seconds
[2026-02-09T18:52:54.894+0000] {processor.py:161} INFO - Started process (PID=31234) to work on /opt/airflow/dags/setup_dag.py
[2026-02-09T18:52:54.895+0000] {processor.py:830} INFO - Processing file /opt/airflow/dags/setup_dag.py for tasks to queue
[2026-02-09T18:52:54.897+0000] {logging_mixin.py:188} INFO - [2026-02-09T18:52:54.897+0000] {dagbag.py:538} INFO - Filling up the DagBag from /opt/airflow/dags/setup_dag.py
[2026-02-09T18:52:54.914+0000] {processor.py:840} INFO - DAG(s) 'fork2_dag' retrieved from /opt/airflow/dags/setup_dag.py
[2026-02-09T18:52:54.935+0000] {logging_mixin.py:188} INFO - [2026-02-09T18:52:54.935+0000] {dag.py:3036} INFO - Sync 1 DAGs
[2026-02-09T18:52:54.973+0000] {logging_mixin.py:188} INFO - [2026-02-09T18:52:54.972+0000] {dag.py:3823} INFO - Setting next_dagrun for fork2_dag to 2026-02-09 18:52:40+00:00, run_after=2026-02-09 18:52:50+00:00
[2026-02-09T18:52:55.005+0000] {processor.py:183} INFO - Processing /opt/airflow/dags/setup_dag.py took 0.116 seconds
[2026-02-09T18:53:25.055+0000] {processor.py:161} INFO - Started process (PID=31313) to work on /opt/airflow/dags/setup_dag.py
[2026-02-09T18:53:25.057+0000] {processor.py:830} INFO - Processing file /opt/airflow/dags/setup_dag.py for tasks to queue
[2026-02-09T18:53:25.060+0000] {logging_mixin.py:188} INFO - [2026-02-09T18:53:25.059+0000] {dagbag.py:538} INFO - Filling up the DagBag from /opt/airflow/dags/setup_dag.py
[2026-02-09T18:53:25.070+0000] {processor.py:840} INFO - DAG(s) 'fork2_dag' retrieved from /opt/airflow/dags/setup_dag.py
[2026-02-09T18:53:25.244+0000] {logging_mixin.py:188} INFO - [2026-02-09T18:53:25.243+0000] {dag.py:3036} INFO - Sync 1 DAGs
[2026-02-09T18:53:25.279+0000] {logging_mixin.py:188} INFO - [2026-02-09T18:53:25.278+0000] {dag.py:3823} INFO - Setting next_dagrun for fork2_dag to 2026-02-09 18:53:10+00:00, run_after=2026-02-09 18:53:20+00:00
[2026-02-09T18:53:25.311+0000] {processor.py:183} INFO - Processing /opt/airflow/dags/setup_dag.py took 0.262 seconds
[2026-02-09T18:53:55.407+0000] {processor.py:161} INFO - Started process (PID=31392) to work on /opt/airflow/dags/setup_dag.py
[2026-02-09T18:53:55.408+0000] {processor.py:830} INFO - Processing file /opt/airflow/dags/setup_dag.py for tasks to queue
[2026-02-09T18:53:55.410+0000] {logging_mixin.py:188} INFO - [2026-02-09T18:53:55.410+0000] {dagbag.py:538} INFO - Filling up the DagBag from /opt/airflow/dags/setup_dag.py
[2026-02-09T18:53:55.419+0000] {processor.py:840} INFO - DAG(s) 'fork2_dag' retrieved from /opt/airflow/dags/setup_dag.py
[2026-02-09T18:53:55.437+0000] {logging_mixin.py:188} INFO - [2026-02-09T18:53:55.436+0000] {dag.py:3036} INFO - Sync 1 DAGs
[2026-02-09T18:53:55.480+0000] {logging_mixin.py:188} INFO - [2026-02-09T18:53:55.479+0000] {dag.py:3823} INFO - Setting next_dagrun for fork2_dag to 2026-02-09 18:53:40+00:00, run_after=2026-02-09 18:53:50+00:00
[2026-02-09T18:53:55.514+0000] {processor.py:183} INFO - Processing /opt/airflow/dags/setup_dag.py took 0.113 seconds
[2026-02-09T18:54:25.760+0000] {processor.py:161} INFO - Started process (PID=31468) to work on /opt/airflow/dags/setup_dag.py
[2026-02-09T18:54:25.762+0000] {processor.py:830} INFO - Processing file /opt/airflow/dags/setup_dag.py for tasks to queue
[2026-02-09T18:54:25.764+0000] {logging_mixin.py:188} INFO - [2026-02-09T18:54:25.764+0000] {dagbag.py:538} INFO - Filling up the DagBag from /opt/airflow/dags/setup_dag.py
[2026-02-09T18:54:25.773+0000] {processor.py:840} INFO - DAG(s) 'fork2_dag' retrieved from /opt/airflow/dags/setup_dag.py
[2026-02-09T18:54:25.962+0000] {logging_mixin.py:188} INFO - [2026-02-09T18:54:25.962+0000] {dag.py:3036} INFO - Sync 1 DAGs
[2026-02-09T18:54:25.997+0000] {logging_mixin.py:188} INFO - [2026-02-09T18:54:25.996+0000] {dag.py:3823} INFO - Setting next_dagrun for fork2_dag to 2026-02-09 18:54:10+00:00, run_after=2026-02-09 18:54:20+00:00
[2026-02-09T18:54:26.028+0000] {processor.py:183} INFO - Processing /opt/airflow/dags/setup_dag.py took 0.273 seconds
[2026-02-09T18:54:56.271+0000] {processor.py:161} INFO - Started process (PID=31553) to work on /opt/airflow/dags/setup_dag.py
[2026-02-09T18:54:56.272+0000] {processor.py:830} INFO - Processing file /opt/airflow/dags/setup_dag.py for tasks to queue
[2026-02-09T18:54:56.275+0000] {logging_mixin.py:188} INFO - [2026-02-09T18:54:56.274+0000] {dagbag.py:538} INFO - Filling up the DagBag from /opt/airflow/dags/setup_dag.py
[2026-02-09T18:54:56.285+0000] {processor.py:840} INFO - DAG(s) 'fork2_dag' retrieved from /opt/airflow/dags/setup_dag.py
[2026-02-09T18:54:56.326+0000] {logging_mixin.py:188} INFO - [2026-02-09T18:54:56.326+0000] {dag.py:3036} INFO - Sync 1 DAGs
[2026-02-09T18:54:56.372+0000] {logging_mixin.py:188} INFO - [2026-02-09T18:54:56.371+0000] {dag.py:3823} INFO - Setting next_dagrun for fork2_dag to 2026-02-09 18:54:40+00:00, run_after=2026-02-09 18:54:50+00:00
[2026-02-09T18:54:56.413+0000] {processor.py:183} INFO - Processing /opt/airflow/dags/setup_dag.py took 0.148 seconds
[2026-02-09T18:55:26.483+0000] {processor.py:161} INFO - Started process (PID=31633) to work on /opt/airflow/dags/setup_dag.py
[2026-02-09T18:55:26.485+0000] {processor.py:830} INFO - Processing file /opt/airflow/dags/setup_dag.py for tasks to queue
[2026-02-09T18:55:26.487+0000] {logging_mixin.py:188} INFO - [2026-02-09T18:55:26.487+0000] {dagbag.py:538} INFO - Filling up the DagBag from /opt/airflow/dags/setup_dag.py
[2026-02-09T18:55:26.496+0000] {processor.py:840} INFO - DAG(s) 'fork2_dag' retrieved from /opt/airflow/dags/setup_dag.py
[2026-02-09T18:55:26.718+0000] {logging_mixin.py:188} INFO - [2026-02-09T18:55:26.718+0000] {dag.py:3036} INFO - Sync 1 DAGs
[2026-02-09T18:55:26.759+0000] {logging_mixin.py:188} INFO - [2026-02-09T18:55:26.759+0000] {dag.py:3823} INFO - Setting next_dagrun for fork2_dag to 2026-02-09 18:55:10+00:00, run_after=2026-02-09 18:55:20+00:00
[2026-02-09T18:55:26.801+0000] {processor.py:183} INFO - Processing /opt/airflow/dags/setup_dag.py took 0.323 seconds
[2026-02-09T18:55:57.424+0000] {processor.py:161} INFO - Started process (PID=31710) to work on /opt/airflow/dags/setup_dag.py
[2026-02-09T18:55:57.426+0000] {processor.py:830} INFO - Processing file /opt/airflow/dags/setup_dag.py for tasks to queue
[2026-02-09T18:55:57.430+0000] {logging_mixin.py:188} INFO - [2026-02-09T18:55:57.430+0000] {dagbag.py:538} INFO - Filling up the DagBag from /opt/airflow/dags/setup_dag.py
[2026-02-09T18:55:57.440+0000] {processor.py:840} INFO - DAG(s) 'fork2_dag' retrieved from /opt/airflow/dags/setup_dag.py
[2026-02-09T18:55:57.479+0000] {logging_mixin.py:188} INFO - [2026-02-09T18:55:57.478+0000] {dag.py:3036} INFO - Sync 1 DAGs
[2026-02-09T18:55:57.523+0000] {logging_mixin.py:188} INFO - [2026-02-09T18:55:57.522+0000] {dag.py:3823} INFO - Setting next_dagrun for fork2_dag to 2026-02-09 18:55:40+00:00, run_after=2026-02-09 18:55:50+00:00
[2026-02-09T18:55:57.557+0000] {processor.py:183} INFO - Processing /opt/airflow/dags/setup_dag.py took 0.140 seconds
[2026-02-09T18:56:27.823+0000] {processor.py:161} INFO - Started process (PID=31788) to work on /opt/airflow/dags/setup_dag.py
[2026-02-09T18:56:27.824+0000] {processor.py:830} INFO - Processing file /opt/airflow/dags/setup_dag.py for tasks to queue
[2026-02-09T18:56:27.829+0000] {logging_mixin.py:188} INFO - [2026-02-09T18:56:27.828+0000] {dagbag.py:538} INFO - Filling up the DagBag from /opt/airflow/dags/setup_dag.py
[2026-02-09T18:56:27.839+0000] {processor.py:840} INFO - DAG(s) 'fork2_dag' retrieved from /opt/airflow/dags/setup_dag.py
[2026-02-09T18:56:28.145+0000] {logging_mixin.py:188} INFO - [2026-02-09T18:56:28.145+0000] {dag.py:3036} INFO - Sync 1 DAGs
[2026-02-09T18:56:28.179+0000] {logging_mixin.py:188} INFO - [2026-02-09T18:56:28.179+0000] {dag.py:3823} INFO - Setting next_dagrun for fork2_dag to 2026-02-09 18:56:10+00:00, run_after=2026-02-09 18:56:20+00:00
[2026-02-09T18:56:28.208+0000] {processor.py:183} INFO - Processing /opt/airflow/dags/setup_dag.py took 0.392 seconds
[2026-02-09T18:56:58.411+0000] {processor.py:161} INFO - Started process (PID=31866) to work on /opt/airflow/dags/setup_dag.py
[2026-02-09T18:56:58.413+0000] {processor.py:830} INFO - Processing file /opt/airflow/dags/setup_dag.py for tasks to queue
[2026-02-09T18:56:58.416+0000] {logging_mixin.py:188} INFO - [2026-02-09T18:56:58.416+0000] {dagbag.py:538} INFO - Filling up the DagBag from /opt/airflow/dags/setup_dag.py
[2026-02-09T18:56:58.424+0000] {processor.py:840} INFO - DAG(s) 'fork2_dag' retrieved from /opt/airflow/dags/setup_dag.py
[2026-02-09T18:56:58.442+0000] {logging_mixin.py:188} INFO - [2026-02-09T18:56:58.441+0000] {dag.py:3036} INFO - Sync 1 DAGs
[2026-02-09T18:56:58.479+0000] {logging_mixin.py:188} INFO - [2026-02-09T18:56:58.479+0000] {dag.py:3823} INFO - Setting next_dagrun for fork2_dag to 2026-02-09 18:56:40+00:00, run_after=2026-02-09 18:56:50+00:00
[2026-02-09T18:56:58.509+0000] {processor.py:183} INFO - Processing /opt/airflow/dags/setup_dag.py took 0.102 seconds
[2026-02-09T18:57:28.584+0000] {processor.py:161} INFO - Started process (PID=31944) to work on /opt/airflow/dags/setup_dag.py
[2026-02-09T18:57:28.586+0000] {processor.py:830} INFO - Processing file /opt/airflow/dags/setup_dag.py for tasks to queue
[2026-02-09T18:57:28.591+0000] {logging_mixin.py:188} INFO - [2026-02-09T18:57:28.590+0000] {dagbag.py:538} INFO - Filling up the DagBag from /opt/airflow/dags/setup_dag.py
[2026-02-09T18:57:28.606+0000] {processor.py:840} INFO - DAG(s) 'fork2_dag' retrieved from /opt/airflow/dags/setup_dag.py
[2026-02-09T18:57:28.812+0000] {logging_mixin.py:188} INFO - [2026-02-09T18:57:28.812+0000] {dag.py:3036} INFO - Sync 1 DAGs
[2026-02-09T18:57:28.844+0000] {logging_mixin.py:188} INFO - [2026-02-09T18:57:28.843+0000] {dag.py:3823} INFO - Setting next_dagrun for fork2_dag to 2026-02-09 18:57:10+00:00, run_after=2026-02-09 18:57:20+00:00
[2026-02-09T18:57:28.876+0000] {processor.py:183} INFO - Processing /opt/airflow/dags/setup_dag.py took 0.298 seconds
[2026-02-09T18:57:59.125+0000] {processor.py:161} INFO - Started process (PID=32023) to work on /opt/airflow/dags/setup_dag.py
[2026-02-09T18:57:59.127+0000] {processor.py:830} INFO - Processing file /opt/airflow/dags/setup_dag.py for tasks to queue
[2026-02-09T18:57:59.129+0000] {logging_mixin.py:188} INFO - [2026-02-09T18:57:59.129+0000] {dagbag.py:538} INFO - Filling up the DagBag from /opt/airflow/dags/setup_dag.py
[2026-02-09T18:57:59.138+0000] {processor.py:840} INFO - DAG(s) 'fork2_dag' retrieved from /opt/airflow/dags/setup_dag.py
[2026-02-09T18:57:59.157+0000] {logging_mixin.py:188} INFO - [2026-02-09T18:57:59.157+0000] {dag.py:3036} INFO - Sync 1 DAGs
[2026-02-09T18:57:59.201+0000] {logging_mixin.py:188} INFO - [2026-02-09T18:57:59.200+0000] {dag.py:3823} INFO - Setting next_dagrun for fork2_dag to 2026-02-09 18:57:40+00:00, run_after=2026-02-09 18:57:50+00:00
[2026-02-09T18:57:59.247+0000] {processor.py:183} INFO - Processing /opt/airflow/dags/setup_dag.py took 0.127 seconds
[2026-02-09T18:58:29.432+0000] {processor.py:161} INFO - Started process (PID=32100) to work on /opt/airflow/dags/setup_dag.py
[2026-02-09T18:58:29.434+0000] {processor.py:830} INFO - Processing file /opt/airflow/dags/setup_dag.py for tasks to queue
[2026-02-09T18:58:29.437+0000] {logging_mixin.py:188} INFO - [2026-02-09T18:58:29.436+0000] {dagbag.py:538} INFO - Filling up the DagBag from /opt/airflow/dags/setup_dag.py
[2026-02-09T18:58:29.446+0000] {processor.py:840} INFO - DAG(s) 'fork2_dag' retrieved from /opt/airflow/dags/setup_dag.py
[2026-02-09T18:58:29.651+0000] {logging_mixin.py:188} INFO - [2026-02-09T18:58:29.650+0000] {dag.py:3036} INFO - Sync 1 DAGs
[2026-02-09T18:58:29.691+0000] {logging_mixin.py:188} INFO - [2026-02-09T18:58:29.691+0000] {dag.py:3823} INFO - Setting next_dagrun for fork2_dag to 2026-02-09 18:58:10+00:00, run_after=2026-02-09 18:58:20+00:00
[2026-02-09T18:58:29.727+0000] {processor.py:183} INFO - Processing /opt/airflow/dags/setup_dag.py took 0.300 seconds
[2026-02-09T18:58:59.903+0000] {processor.py:161} INFO - Started process (PID=32179) to work on /opt/airflow/dags/setup_dag.py
[2026-02-09T18:58:59.905+0000] {processor.py:830} INFO - Processing file /opt/airflow/dags/setup_dag.py for tasks to queue
[2026-02-09T18:58:59.908+0000] {logging_mixin.py:188} INFO - [2026-02-09T18:58:59.908+0000] {dagbag.py:538} INFO - Filling up the DagBag from /opt/airflow/dags/setup_dag.py
[2026-02-09T18:58:59.918+0000] {processor.py:840} INFO - DAG(s) 'fork2_dag' retrieved from /opt/airflow/dags/setup_dag.py
[2026-02-09T18:58:59.954+0000] {logging_mixin.py:188} INFO - [2026-02-09T18:58:59.954+0000] {dag.py:3036} INFO - Sync 1 DAGs
[2026-02-09T18:58:59.993+0000] {logging_mixin.py:188} INFO - [2026-02-09T18:58:59.992+0000] {dag.py:3823} INFO - Setting next_dagrun for fork2_dag to 2026-02-09 18:58:40+00:00, run_after=2026-02-09 18:58:50+00:00
[2026-02-09T18:59:00.026+0000] {processor.py:183} INFO - Processing /opt/airflow/dags/setup_dag.py took 0.129 seconds
[2026-02-09T18:59:30.071+0000] {processor.py:161} INFO - Started process (PID=32257) to work on /opt/airflow/dags/setup_dag.py
[2026-02-09T18:59:30.072+0000] {processor.py:830} INFO - Processing file /opt/airflow/dags/setup_dag.py for tasks to queue
[2026-02-09T18:59:30.075+0000] {logging_mixin.py:188} INFO - [2026-02-09T18:59:30.074+0000] {dagbag.py:538} INFO - Filling up the DagBag from /opt/airflow/dags/setup_dag.py
[2026-02-09T18:59:30.084+0000] {processor.py:840} INFO - DAG(s) 'fork2_dag' retrieved from /opt/airflow/dags/setup_dag.py
[2026-02-09T18:59:30.308+0000] {logging_mixin.py:188} INFO - [2026-02-09T18:59:30.307+0000] {dag.py:3036} INFO - Sync 1 DAGs
[2026-02-09T18:59:30.349+0000] {logging_mixin.py:188} INFO - [2026-02-09T18:59:30.349+0000] {dag.py:3823} INFO - Setting next_dagrun for fork2_dag to 2026-02-09 18:59:20+00:00, run_after=2026-02-09 18:59:30+00:00
[2026-02-09T18:59:30.386+0000] {processor.py:183} INFO - Processing /opt/airflow/dags/setup_dag.py took 0.320 seconds
[2026-02-09T19:00:00.921+0000] {processor.py:161} INFO - Started process (PID=32335) to work on /opt/airflow/dags/setup_dag.py
[2026-02-09T19:00:00.923+0000] {processor.py:830} INFO - Processing file /opt/airflow/dags/setup_dag.py for tasks to queue
[2026-02-09T19:00:00.926+0000] {logging_mixin.py:188} INFO - [2026-02-09T19:00:00.925+0000] {dagbag.py:538} INFO - Filling up the DagBag from /opt/airflow/dags/setup_dag.py
[2026-02-09T19:00:00.937+0000] {processor.py:840} INFO - DAG(s) 'fork2_dag' retrieved from /opt/airflow/dags/setup_dag.py
[2026-02-09T19:00:00.980+0000] {logging_mixin.py:188} INFO - [2026-02-09T19:00:00.979+0000] {dag.py:3036} INFO - Sync 1 DAGs
[2026-02-09T19:00:01.049+0000] {logging_mixin.py:188} INFO - [2026-02-09T19:00:01.049+0000] {dag.py:3823} INFO - Setting next_dagrun for fork2_dag to 2026-02-09 18:59:50+00:00, run_after=2026-02-09 19:00:00+00:00
[2026-02-09T19:00:01.090+0000] {processor.py:183} INFO - Processing /opt/airflow/dags/setup_dag.py took 0.175 seconds
[2026-02-09T19:00:31.635+0000] {processor.py:161} INFO - Started process (PID=32420) to work on /opt/airflow/dags/setup_dag.py
[2026-02-09T19:00:31.638+0000] {processor.py:830} INFO - Processing file /opt/airflow/dags/setup_dag.py for tasks to queue
[2026-02-09T19:00:31.641+0000] {logging_mixin.py:188} INFO - [2026-02-09T19:00:31.640+0000] {dagbag.py:538} INFO - Filling up the DagBag from /opt/airflow/dags/setup_dag.py
[2026-02-09T19:00:31.650+0000] {processor.py:840} INFO - DAG(s) 'fork2_dag' retrieved from /opt/airflow/dags/setup_dag.py
[2026-02-09T19:00:31.910+0000] {logging_mixin.py:188} INFO - [2026-02-09T19:00:31.909+0000] {dag.py:3036} INFO - Sync 1 DAGs
[2026-02-09T19:00:31.951+0000] {logging_mixin.py:188} INFO - [2026-02-09T19:00:31.951+0000] {dag.py:3823} INFO - Setting next_dagrun for fork2_dag to 2026-02-09 19:00:20+00:00, run_after=2026-02-09 19:00:30+00:00
[2026-02-09T19:00:31.987+0000] {processor.py:183} INFO - Processing /opt/airflow/dags/setup_dag.py took 0.357 seconds
[2026-02-09T19:01:02.233+0000] {processor.py:161} INFO - Started process (PID=32499) to work on /opt/airflow/dags/setup_dag.py
[2026-02-09T19:01:02.235+0000] {processor.py:830} INFO - Processing file /opt/airflow/dags/setup_dag.py for tasks to queue
[2026-02-09T19:01:02.237+0000] {logging_mixin.py:188} INFO - [2026-02-09T19:01:02.237+0000] {dagbag.py:538} INFO - Filling up the DagBag from /opt/airflow/dags/setup_dag.py
[2026-02-09T19:01:02.247+0000] {processor.py:840} INFO - DAG(s) 'fork2_dag' retrieved from /opt/airflow/dags/setup_dag.py
[2026-02-09T19:01:02.269+0000] {logging_mixin.py:188} INFO - [2026-02-09T19:01:02.268+0000] {dag.py:3036} INFO - Sync 1 DAGs
[2026-02-09T19:01:02.316+0000] {logging_mixin.py:188} INFO - [2026-02-09T19:01:02.315+0000] {dag.py:3823} INFO - Setting next_dagrun for fork2_dag to 2026-02-09 19:00:50+00:00, run_after=2026-02-09 19:01:00+00:00
[2026-02-09T19:01:02.349+0000] {processor.py:183} INFO - Processing /opt/airflow/dags/setup_dag.py took 0.120 seconds
[2026-02-09T19:01:32.507+0000] {processor.py:161} INFO - Started process (PID=32577) to work on /opt/airflow/dags/setup_dag.py
[2026-02-09T19:01:32.514+0000] {processor.py:830} INFO - Processing file /opt/airflow/dags/setup_dag.py for tasks to queue
[2026-02-09T19:01:32.517+0000] {logging_mixin.py:188} INFO - [2026-02-09T19:01:32.517+0000] {dagbag.py:538} INFO - Filling up the DagBag from /opt/airflow/dags/setup_dag.py
[2026-02-09T19:01:32.527+0000] {processor.py:840} INFO - DAG(s) 'fork2_dag' retrieved from /opt/airflow/dags/setup_dag.py
[2026-02-09T19:01:32.704+0000] {logging_mixin.py:188} INFO - [2026-02-09T19:01:32.703+0000] {dag.py:3036} INFO - Sync 1 DAGs
[2026-02-09T19:01:32.737+0000] {logging_mixin.py:188} INFO - [2026-02-09T19:01:32.737+0000] {dag.py:3823} INFO - Setting next_dagrun for fork2_dag to 2026-02-09 19:01:20+00:00, run_after=2026-02-09 19:01:30+00:00
[2026-02-09T19:01:32.771+0000] {processor.py:183} INFO - Processing /opt/airflow/dags/setup_dag.py took 0.269 seconds
[2026-02-09T19:02:03.152+0000] {processor.py:161} INFO - Started process (PID=32652) to work on /opt/airflow/dags/setup_dag.py
[2026-02-09T19:02:03.153+0000] {processor.py:830} INFO - Processing file /opt/airflow/dags/setup_dag.py for tasks to queue
[2026-02-09T19:02:03.156+0000] {logging_mixin.py:188} INFO - [2026-02-09T19:02:03.155+0000] {dagbag.py:538} INFO - Filling up the DagBag from /opt/airflow/dags/setup_dag.py
[2026-02-09T19:02:03.166+0000] {processor.py:840} INFO - DAG(s) 'fork2_dag' retrieved from /opt/airflow/dags/setup_dag.py
[2026-02-09T19:02:03.199+0000] {logging_mixin.py:188} INFO - [2026-02-09T19:02:03.199+0000] {dag.py:3036} INFO - Sync 1 DAGs
[2026-02-09T19:02:03.235+0000] {logging_mixin.py:188} INFO - [2026-02-09T19:02:03.235+0000] {dag.py:3823} INFO - Setting next_dagrun for fork2_dag to 2026-02-09 19:01:50+00:00, run_after=2026-02-09 19:02:00+00:00
[2026-02-09T19:02:03.263+0000] {processor.py:183} INFO - Processing /opt/airflow/dags/setup_dag.py took 0.115 seconds
[2026-02-09T19:02:33.589+0000] {processor.py:161} INFO - Started process (PID=32731) to work on /opt/airflow/dags/setup_dag.py
[2026-02-09T19:02:33.591+0000] {processor.py:830} INFO - Processing file /opt/airflow/dags/setup_dag.py for tasks to queue
[2026-02-09T19:02:33.594+0000] {logging_mixin.py:188} INFO - [2026-02-09T19:02:33.593+0000] {dagbag.py:538} INFO - Filling up the DagBag from /opt/airflow/dags/setup_dag.py
[2026-02-09T19:02:33.604+0000] {processor.py:840} INFO - DAG(s) 'fork2_dag' retrieved from /opt/airflow/dags/setup_dag.py
[2026-02-09T19:02:33.787+0000] {logging_mixin.py:188} INFO - [2026-02-09T19:02:33.787+0000] {dag.py:3036} INFO - Sync 1 DAGs
[2026-02-09T19:02:33.821+0000] {logging_mixin.py:188} INFO - [2026-02-09T19:02:33.821+0000] {dag.py:3823} INFO - Setting next_dagrun for fork2_dag to 2026-02-09 19:02:20+00:00, run_after=2026-02-09 19:02:30+00:00
[2026-02-09T19:02:33.854+0000] {processor.py:183} INFO - Processing /opt/airflow/dags/setup_dag.py took 0.269 seconds
[2026-02-09T19:03:03.967+0000] {processor.py:161} INFO - Started process (PID=32809) to work on /opt/airflow/dags/setup_dag.py
[2026-02-09T19:03:03.968+0000] {processor.py:830} INFO - Processing file /opt/airflow/dags/setup_dag.py for tasks to queue
[2026-02-09T19:03:03.971+0000] {logging_mixin.py:188} INFO - [2026-02-09T19:03:03.970+0000] {dagbag.py:538} INFO - Filling up the DagBag from /opt/airflow/dags/setup_dag.py
[2026-02-09T19:03:03.981+0000] {processor.py:840} INFO - DAG(s) 'fork2_dag' retrieved from /opt/airflow/dags/setup_dag.py
[2026-02-09T19:03:04.014+0000] {logging_mixin.py:188} INFO - [2026-02-09T19:03:04.014+0000] {dag.py:3036} INFO - Sync 1 DAGs
[2026-02-09T19:03:04.051+0000] {logging_mixin.py:188} INFO - [2026-02-09T19:03:04.051+0000] {dag.py:3823} INFO - Setting next_dagrun for fork2_dag to 2026-02-09 19:02:50+00:00, run_after=2026-02-09 19:03:00+00:00
[2026-02-09T19:03:04.082+0000] {processor.py:183} INFO - Processing /opt/airflow/dags/setup_dag.py took 0.120 seconds
[2026-02-09T19:03:34.441+0000] {processor.py:161} INFO - Started process (PID=32886) to work on /opt/airflow/dags/setup_dag.py
[2026-02-09T19:03:34.443+0000] {processor.py:830} INFO - Processing file /opt/airflow/dags/setup_dag.py for tasks to queue
[2026-02-09T19:03:34.446+0000] {logging_mixin.py:188} INFO - [2026-02-09T19:03:34.445+0000] {dagbag.py:538} INFO - Filling up the DagBag from /opt/airflow/dags/setup_dag.py
[2026-02-09T19:03:34.454+0000] {processor.py:840} INFO - DAG(s) 'fork2_dag' retrieved from /opt/airflow/dags/setup_dag.py
[2026-02-09T19:03:34.622+0000] {logging_mixin.py:188} INFO - [2026-02-09T19:03:34.621+0000] {dag.py:3036} INFO - Sync 1 DAGs
[2026-02-09T19:03:34.654+0000] {logging_mixin.py:188} INFO - [2026-02-09T19:03:34.654+0000] {dag.py:3823} INFO - Setting next_dagrun for fork2_dag to 2026-02-09 19:03:20+00:00, run_after=2026-02-09 19:03:30+00:00
[2026-02-09T19:03:34.684+0000] {processor.py:183} INFO - Processing /opt/airflow/dags/setup_dag.py took 0.248 seconds
[2026-02-09T19:04:05.227+0000] {processor.py:161} INFO - Started process (PID=32963) to work on /opt/airflow/dags/setup_dag.py
[2026-02-09T19:04:05.228+0000] {processor.py:830} INFO - Processing file /opt/airflow/dags/setup_dag.py for tasks to queue
[2026-02-09T19:04:05.231+0000] {logging_mixin.py:188} INFO - [2026-02-09T19:04:05.230+0000] {dagbag.py:538} INFO - Filling up the DagBag from /opt/airflow/dags/setup_dag.py
[2026-02-09T19:04:05.240+0000] {processor.py:840} INFO - DAG(s) 'fork2_dag' retrieved from /opt/airflow/dags/setup_dag.py
[2026-02-09T19:04:05.276+0000] {logging_mixin.py:188} INFO - [2026-02-09T19:04:05.276+0000] {dag.py:3036} INFO - Sync 1 DAGs
[2026-02-09T19:04:05.313+0000] {logging_mixin.py:188} INFO - [2026-02-09T19:04:05.312+0000] {dag.py:3823} INFO - Setting next_dagrun for fork2_dag to 2026-02-09 19:03:50+00:00, run_after=2026-02-09 19:04:00+00:00
[2026-02-09T19:04:05.341+0000] {processor.py:183} INFO - Processing /opt/airflow/dags/setup_dag.py took 0.119 seconds
[2026-02-09T19:04:35.899+0000] {processor.py:161} INFO - Started process (PID=33049) to work on /opt/airflow/dags/setup_dag.py
[2026-02-09T19:04:35.901+0000] {processor.py:830} INFO - Processing file /opt/airflow/dags/setup_dag.py for tasks to queue
[2026-02-09T19:04:35.904+0000] {logging_mixin.py:188} INFO - [2026-02-09T19:04:35.903+0000] {dagbag.py:538} INFO - Filling up the DagBag from /opt/airflow/dags/setup_dag.py
[2026-02-09T19:04:35.916+0000] {processor.py:840} INFO - DAG(s) 'fork2_dag' retrieved from /opt/airflow/dags/setup_dag.py
[2026-02-09T19:04:36.135+0000] {logging_mixin.py:188} INFO - [2026-02-09T19:04:36.134+0000] {dag.py:3036} INFO - Sync 1 DAGs
[2026-02-09T19:04:36.176+0000] {logging_mixin.py:188} INFO - [2026-02-09T19:04:36.176+0000] {dag.py:3823} INFO - Setting next_dagrun for fork2_dag to 2026-02-09 19:04:20+00:00, run_after=2026-02-09 19:04:30+00:00
[2026-02-09T19:04:36.215+0000] {processor.py:183} INFO - Processing /opt/airflow/dags/setup_dag.py took 0.322 seconds
[2026-02-09T19:05:06.735+0000] {processor.py:161} INFO - Started process (PID=33127) to work on /opt/airflow/dags/setup_dag.py
[2026-02-09T19:05:06.737+0000] {processor.py:830} INFO - Processing file /opt/airflow/dags/setup_dag.py for tasks to queue
[2026-02-09T19:05:06.740+0000] {logging_mixin.py:188} INFO - [2026-02-09T19:05:06.739+0000] {dagbag.py:538} INFO - Filling up the DagBag from /opt/airflow/dags/setup_dag.py
[2026-02-09T19:05:06.749+0000] {processor.py:840} INFO - DAG(s) 'fork2_dag' retrieved from /opt/airflow/dags/setup_dag.py
[2026-02-09T19:05:06.782+0000] {logging_mixin.py:188} INFO - [2026-02-09T19:05:06.782+0000] {dag.py:3036} INFO - Sync 1 DAGs
[2026-02-09T19:05:06.819+0000] {logging_mixin.py:188} INFO - [2026-02-09T19:05:06.819+0000] {dag.py:3823} INFO - Setting next_dagrun for fork2_dag to 2026-02-09 19:04:50+00:00, run_after=2026-02-09 19:05:00+00:00
[2026-02-09T19:05:06.849+0000] {processor.py:183} INFO - Processing /opt/airflow/dags/setup_dag.py took 0.119 seconds
[2026-02-09T19:05:37.241+0000] {processor.py:161} INFO - Started process (PID=33206) to work on /opt/airflow/dags/setup_dag.py
[2026-02-09T19:05:37.243+0000] {processor.py:830} INFO - Processing file /opt/airflow/dags/setup_dag.py for tasks to queue
[2026-02-09T19:05:37.246+0000] {logging_mixin.py:188} INFO - [2026-02-09T19:05:37.245+0000] {dagbag.py:538} INFO - Filling up the DagBag from /opt/airflow/dags/setup_dag.py
[2026-02-09T19:05:37.255+0000] {processor.py:840} INFO - DAG(s) 'fork2_dag' retrieved from /opt/airflow/dags/setup_dag.py
[2026-02-09T19:05:37.432+0000] {logging_mixin.py:188} INFO - [2026-02-09T19:05:37.431+0000] {dag.py:3036} INFO - Sync 1 DAGs
[2026-02-09T19:05:37.466+0000] {logging_mixin.py:188} INFO - [2026-02-09T19:05:37.466+0000] {dag.py:3823} INFO - Setting next_dagrun for fork2_dag to 2026-02-09 19:05:20+00:00, run_after=2026-02-09 19:05:30+00:00
[2026-02-09T19:05:37.496+0000] {processor.py:183} INFO - Processing /opt/airflow/dags/setup_dag.py took 0.261 seconds
[2026-02-09T19:06:07.794+0000] {processor.py:161} INFO - Started process (PID=33285) to work on /opt/airflow/dags/setup_dag.py
[2026-02-09T19:06:07.796+0000] {processor.py:830} INFO - Processing file /opt/airflow/dags/setup_dag.py for tasks to queue
[2026-02-09T19:06:07.799+0000] {logging_mixin.py:188} INFO - [2026-02-09T19:06:07.798+0000] {dagbag.py:538} INFO - Filling up the DagBag from /opt/airflow/dags/setup_dag.py
[2026-02-09T19:06:07.809+0000] {processor.py:840} INFO - DAG(s) 'fork2_dag' retrieved from /opt/airflow/dags/setup_dag.py
[2026-02-09T19:06:07.843+0000] {logging_mixin.py:188} INFO - [2026-02-09T19:06:07.843+0000] {dag.py:3036} INFO - Sync 1 DAGs
[2026-02-09T19:06:07.881+0000] {logging_mixin.py:188} INFO - [2026-02-09T19:06:07.881+0000] {dag.py:3823} INFO - Setting next_dagrun for fork2_dag to 2026-02-09 19:05:50+00:00, run_after=2026-02-09 19:06:00+00:00
[2026-02-09T19:06:07.911+0000] {processor.py:183} INFO - Processing /opt/airflow/dags/setup_dag.py took 0.122 seconds
[2026-02-09T19:06:38.128+0000] {processor.py:161} INFO - Started process (PID=33363) to work on /opt/airflow/dags/setup_dag.py
[2026-02-09T19:06:38.130+0000] {processor.py:830} INFO - Processing file /opt/airflow/dags/setup_dag.py for tasks to queue
[2026-02-09T19:06:38.132+0000] {logging_mixin.py:188} INFO - [2026-02-09T19:06:38.132+0000] {dagbag.py:538} INFO - Filling up the DagBag from /opt/airflow/dags/setup_dag.py
[2026-02-09T19:06:38.141+0000] {processor.py:840} INFO - DAG(s) 'fork2_dag' retrieved from /opt/airflow/dags/setup_dag.py
[2026-02-09T19:06:38.329+0000] {logging_mixin.py:188} INFO - [2026-02-09T19:06:38.329+0000] {dag.py:3036} INFO - Sync 1 DAGs
[2026-02-09T19:06:38.363+0000] {logging_mixin.py:188} INFO - [2026-02-09T19:06:38.363+0000] {dag.py:3823} INFO - Setting next_dagrun for fork2_dag to 2026-02-09 19:06:20+00:00, run_after=2026-02-09 19:06:30+00:00
[2026-02-09T19:06:38.392+0000] {processor.py:183} INFO - Processing /opt/airflow/dags/setup_dag.py took 0.269 seconds
[2026-02-09T19:07:08.478+0000] {processor.py:161} INFO - Started process (PID=33441) to work on /opt/airflow/dags/setup_dag.py
[2026-02-09T19:07:08.480+0000] {processor.py:830} INFO - Processing file /opt/airflow/dags/setup_dag.py for tasks to queue
[2026-02-09T19:07:08.485+0000] {logging_mixin.py:188} INFO - [2026-02-09T19:07:08.484+0000] {dagbag.py:538} INFO - Filling up the DagBag from /opt/airflow/dags/setup_dag.py
[2026-02-09T19:07:08.493+0000] {processor.py:840} INFO - DAG(s) 'fork2_dag' retrieved from /opt/airflow/dags/setup_dag.py
[2026-02-09T19:07:08.531+0000] {logging_mixin.py:188} INFO - [2026-02-09T19:07:08.531+0000] {dag.py:3036} INFO - Sync 1 DAGs
[2026-02-09T19:07:08.574+0000] {logging_mixin.py:188} INFO - [2026-02-09T19:07:08.573+0000] {dag.py:3823} INFO - Setting next_dagrun for fork2_dag to 2026-02-09 19:06:50+00:00, run_after=2026-02-09 19:07:00+00:00
[2026-02-09T19:07:08.604+0000] {processor.py:183} INFO - Processing /opt/airflow/dags/setup_dag.py took 0.131 seconds
[2026-02-09T19:07:38.925+0000] {processor.py:161} INFO - Started process (PID=33518) to work on /opt/airflow/dags/setup_dag.py
[2026-02-09T19:07:38.927+0000] {processor.py:830} INFO - Processing file /opt/airflow/dags/setup_dag.py for tasks to queue
[2026-02-09T19:07:38.930+0000] {logging_mixin.py:188} INFO - [2026-02-09T19:07:38.929+0000] {dagbag.py:538} INFO - Filling up the DagBag from /opt/airflow/dags/setup_dag.py
[2026-02-09T19:07:38.940+0000] {processor.py:840} INFO - DAG(s) 'fork2_dag' retrieved from /opt/airflow/dags/setup_dag.py
[2026-02-09T19:07:39.122+0000] {logging_mixin.py:188} INFO - [2026-02-09T19:07:39.120+0000] {dag.py:3036} INFO - Sync 1 DAGs
[2026-02-09T19:07:39.169+0000] {logging_mixin.py:188} INFO - [2026-02-09T19:07:39.169+0000] {dag.py:3823} INFO - Setting next_dagrun for fork2_dag to 2026-02-09 19:07:20+00:00, run_after=2026-02-09 19:07:30+00:00
[2026-02-09T19:07:39.209+0000] {processor.py:183} INFO - Processing /opt/airflow/dags/setup_dag.py took 0.289 seconds
[2026-02-09T19:08:09.423+0000] {processor.py:161} INFO - Started process (PID=33596) to work on /opt/airflow/dags/setup_dag.py
[2026-02-09T19:08:09.425+0000] {processor.py:830} INFO - Processing file /opt/airflow/dags/setup_dag.py for tasks to queue
[2026-02-09T19:08:09.428+0000] {logging_mixin.py:188} INFO - [2026-02-09T19:08:09.428+0000] {dagbag.py:538} INFO - Filling up the DagBag from /opt/airflow/dags/setup_dag.py
[2026-02-09T19:08:09.438+0000] {processor.py:840} INFO - DAG(s) 'fork2_dag' retrieved from /opt/airflow/dags/setup_dag.py
[2026-02-09T19:08:09.477+0000] {logging_mixin.py:188} INFO - [2026-02-09T19:08:09.476+0000] {dag.py:3036} INFO - Sync 1 DAGs
[2026-02-09T19:08:09.511+0000] {logging_mixin.py:188} INFO - [2026-02-09T19:08:09.511+0000] {dag.py:3823} INFO - Setting next_dagrun for fork2_dag to 2026-02-09 19:07:50+00:00, run_after=2026-02-09 19:08:00+00:00
[2026-02-09T19:08:09.540+0000] {processor.py:183} INFO - Processing /opt/airflow/dags/setup_dag.py took 0.124 seconds
[2026-02-09T19:08:40.241+0000] {processor.py:161} INFO - Started process (PID=33681) to work on /opt/airflow/dags/setup_dag.py
[2026-02-09T19:08:40.243+0000] {processor.py:830} INFO - Processing file /opt/airflow/dags/setup_dag.py for tasks to queue
[2026-02-09T19:08:40.246+0000] {logging_mixin.py:188} INFO - [2026-02-09T19:08:40.245+0000] {dagbag.py:538} INFO - Filling up the DagBag from /opt/airflow/dags/setup_dag.py
[2026-02-09T19:08:40.255+0000] {processor.py:840} INFO - DAG(s) 'fork2_dag' retrieved from /opt/airflow/dags/setup_dag.py
[2026-02-09T19:08:40.464+0000] {logging_mixin.py:188} INFO - [2026-02-09T19:08:40.464+0000] {dag.py:3036} INFO - Sync 1 DAGs
[2026-02-09T19:08:40.505+0000] {logging_mixin.py:188} INFO - [2026-02-09T19:08:40.504+0000] {dag.py:3823} INFO - Setting next_dagrun for fork2_dag to 2026-02-09 19:08:30+00:00, run_after=2026-02-09 19:08:40+00:00
[2026-02-09T19:08:40.536+0000] {processor.py:183} INFO - Processing /opt/airflow/dags/setup_dag.py took 0.299 seconds
[2026-02-09T19:09:10.818+0000] {processor.py:161} INFO - Started process (PID=33761) to work on /opt/airflow/dags/setup_dag.py
[2026-02-09T19:09:10.819+0000] {processor.py:830} INFO - Processing file /opt/airflow/dags/setup_dag.py for tasks to queue
[2026-02-09T19:09:10.822+0000] {logging_mixin.py:188} INFO - [2026-02-09T19:09:10.821+0000] {dagbag.py:538} INFO - Filling up the DagBag from /opt/airflow/dags/setup_dag.py
[2026-02-09T19:09:10.833+0000] {processor.py:840} INFO - DAG(s) 'fork2_dag' retrieved from /opt/airflow/dags/setup_dag.py
[2026-02-09T19:09:10.864+0000] {logging_mixin.py:188} INFO - [2026-02-09T19:09:10.864+0000] {dag.py:3036} INFO - Sync 1 DAGs
[2026-02-09T19:09:10.918+0000] {logging_mixin.py:188} INFO - [2026-02-09T19:09:10.917+0000] {dag.py:3823} INFO - Setting next_dagrun for fork2_dag to 2026-02-09 19:09:00+00:00, run_after=2026-02-09 19:09:10+00:00
[2026-02-09T19:09:10.958+0000] {processor.py:183} INFO - Processing /opt/airflow/dags/setup_dag.py took 0.147 seconds
[2026-02-09T19:09:41.250+0000] {processor.py:161} INFO - Started process (PID=33838) to work on /opt/airflow/dags/setup_dag.py
[2026-02-09T19:09:41.252+0000] {processor.py:830} INFO - Processing file /opt/airflow/dags/setup_dag.py for tasks to queue
[2026-02-09T19:09:41.255+0000] {logging_mixin.py:188} INFO - [2026-02-09T19:09:41.255+0000] {dagbag.py:538} INFO - Filling up the DagBag from /opt/airflow/dags/setup_dag.py
[2026-02-09T19:09:41.267+0000] {processor.py:840} INFO - DAG(s) 'fork2_dag' retrieved from /opt/airflow/dags/setup_dag.py
[2026-02-09T19:09:41.502+0000] {logging_mixin.py:188} INFO - [2026-02-09T19:09:41.501+0000] {dag.py:3036} INFO - Sync 1 DAGs
[2026-02-09T19:09:41.544+0000] {logging_mixin.py:188} INFO - [2026-02-09T19:09:41.544+0000] {dag.py:3823} INFO - Setting next_dagrun for fork2_dag to 2026-02-09 19:09:30+00:00, run_after=2026-02-09 19:09:40+00:00
[2026-02-09T19:09:41.578+0000] {processor.py:183} INFO - Processing /opt/airflow/dags/setup_dag.py took 0.334 seconds
[2026-02-09T19:10:11.729+0000] {processor.py:161} INFO - Started process (PID=33915) to work on /opt/airflow/dags/setup_dag.py
[2026-02-09T19:10:11.731+0000] {processor.py:830} INFO - Processing file /opt/airflow/dags/setup_dag.py for tasks to queue
[2026-02-09T19:10:11.734+0000] {logging_mixin.py:188} INFO - [2026-02-09T19:10:11.733+0000] {dagbag.py:538} INFO - Filling up the DagBag from /opt/airflow/dags/setup_dag.py
[2026-02-09T19:10:11.742+0000] {processor.py:840} INFO - DAG(s) 'fork2_dag' retrieved from /opt/airflow/dags/setup_dag.py
[2026-02-09T19:10:11.777+0000] {logging_mixin.py:188} INFO - [2026-02-09T19:10:11.776+0000] {dag.py:3036} INFO - Sync 1 DAGs
[2026-02-09T19:10:11.821+0000] {logging_mixin.py:188} INFO - [2026-02-09T19:10:11.820+0000] {dag.py:3823} INFO - Setting next_dagrun for fork2_dag to 2026-02-09 19:10:00+00:00, run_after=2026-02-09 19:10:10+00:00
[2026-02-09T19:10:11.903+0000] {processor.py:183} INFO - Processing /opt/airflow/dags/setup_dag.py took 0.180 seconds
[2026-02-09T19:10:42.330+0000] {processor.py:161} INFO - Started process (PID=33994) to work on /opt/airflow/dags/setup_dag.py
[2026-02-09T19:10:42.332+0000] {processor.py:830} INFO - Processing file /opt/airflow/dags/setup_dag.py for tasks to queue
[2026-02-09T19:10:42.335+0000] {logging_mixin.py:188} INFO - [2026-02-09T19:10:42.334+0000] {dagbag.py:538} INFO - Filling up the DagBag from /opt/airflow/dags/setup_dag.py
[2026-02-09T19:10:42.352+0000] {processor.py:840} INFO - DAG(s) 'fork2_dag' retrieved from /opt/airflow/dags/setup_dag.py
[2026-02-09T19:10:42.565+0000] {logging_mixin.py:188} INFO - [2026-02-09T19:10:42.565+0000] {dag.py:3036} INFO - Sync 1 DAGs
[2026-02-09T19:10:42.606+0000] {logging_mixin.py:188} INFO - [2026-02-09T19:10:42.605+0000] {dag.py:3823} INFO - Setting next_dagrun for fork2_dag to 2026-02-09 19:10:30+00:00, run_after=2026-02-09 19:10:40+00:00
[2026-02-09T19:10:42.642+0000] {processor.py:183} INFO - Processing /opt/airflow/dags/setup_dag.py took 0.318 seconds
[2026-02-09T19:11:13.263+0000] {processor.py:161} INFO - Started process (PID=34072) to work on /opt/airflow/dags/setup_dag.py
[2026-02-09T19:11:13.265+0000] {processor.py:830} INFO - Processing file /opt/airflow/dags/setup_dag.py for tasks to queue
[2026-02-09T19:11:13.268+0000] {logging_mixin.py:188} INFO - [2026-02-09T19:11:13.267+0000] {dagbag.py:538} INFO - Filling up the DagBag from /opt/airflow/dags/setup_dag.py
[2026-02-09T19:11:13.276+0000] {processor.py:840} INFO - DAG(s) 'fork2_dag' retrieved from /opt/airflow/dags/setup_dag.py
[2026-02-09T19:11:13.326+0000] {logging_mixin.py:188} INFO - [2026-02-09T19:11:13.326+0000] {dag.py:3036} INFO - Sync 1 DAGs
[2026-02-09T19:11:13.360+0000] {logging_mixin.py:188} INFO - [2026-02-09T19:11:13.360+0000] {dag.py:3823} INFO - Setting next_dagrun for fork2_dag to 2026-02-09 19:11:00+00:00, run_after=2026-02-09 19:11:10+00:00
[2026-02-09T19:11:13.387+0000] {processor.py:183} INFO - Processing /opt/airflow/dags/setup_dag.py took 0.129 seconds
[2026-02-09T19:11:43.486+0000] {processor.py:161} INFO - Started process (PID=34151) to work on /opt/airflow/dags/setup_dag.py
[2026-02-09T19:11:43.488+0000] {processor.py:830} INFO - Processing file /opt/airflow/dags/setup_dag.py for tasks to queue
[2026-02-09T19:11:43.491+0000] {logging_mixin.py:188} INFO - [2026-02-09T19:11:43.490+0000] {dagbag.py:538} INFO - Filling up the DagBag from /opt/airflow/dags/setup_dag.py
[2026-02-09T19:11:43.504+0000] {processor.py:840} INFO - DAG(s) 'fork2_dag' retrieved from /opt/airflow/dags/setup_dag.py
[2026-02-09T19:11:43.673+0000] {logging_mixin.py:188} INFO - [2026-02-09T19:11:43.673+0000] {dag.py:3036} INFO - Sync 1 DAGs
[2026-02-09T19:11:43.709+0000] {logging_mixin.py:188} INFO - [2026-02-09T19:11:43.709+0000] {dag.py:3823} INFO - Setting next_dagrun for fork2_dag to 2026-02-09 19:11:30+00:00, run_after=2026-02-09 19:11:40+00:00
[2026-02-09T19:11:43.749+0000] {processor.py:183} INFO - Processing /opt/airflow/dags/setup_dag.py took 0.268 seconds
[2026-02-09T19:12:13.794+0000] {processor.py:161} INFO - Started process (PID=34229) to work on /opt/airflow/dags/setup_dag.py
[2026-02-09T19:12:13.796+0000] {processor.py:830} INFO - Processing file /opt/airflow/dags/setup_dag.py for tasks to queue
[2026-02-09T19:12:13.799+0000] {logging_mixin.py:188} INFO - [2026-02-09T19:12:13.798+0000] {dagbag.py:538} INFO - Filling up the DagBag from /opt/airflow/dags/setup_dag.py
[2026-02-09T19:12:13.807+0000] {processor.py:840} INFO - DAG(s) 'fork2_dag' retrieved from /opt/airflow/dags/setup_dag.py
[2026-02-09T19:12:13.840+0000] {logging_mixin.py:188} INFO - [2026-02-09T19:12:13.839+0000] {dag.py:3036} INFO - Sync 1 DAGs
[2026-02-09T19:12:13.875+0000] {logging_mixin.py:188} INFO - [2026-02-09T19:12:13.874+0000] {dag.py:3823} INFO - Setting next_dagrun for fork2_dag to 2026-02-09 19:12:00+00:00, run_after=2026-02-09 19:12:10+00:00
[2026-02-09T19:12:13.904+0000] {processor.py:183} INFO - Processing /opt/airflow/dags/setup_dag.py took 0.115 seconds
[2026-02-09T19:12:44.249+0000] {processor.py:161} INFO - Started process (PID=34306) to work on /opt/airflow/dags/setup_dag.py
[2026-02-09T19:12:44.251+0000] {processor.py:830} INFO - Processing file /opt/airflow/dags/setup_dag.py for tasks to queue
[2026-02-09T19:12:44.253+0000] {logging_mixin.py:188} INFO - [2026-02-09T19:12:44.253+0000] {dagbag.py:538} INFO - Filling up the DagBag from /opt/airflow/dags/setup_dag.py
[2026-02-09T19:12:44.264+0000] {processor.py:840} INFO - DAG(s) 'fork2_dag' retrieved from /opt/airflow/dags/setup_dag.py
[2026-02-09T19:12:44.490+0000] {logging_mixin.py:188} INFO - [2026-02-09T19:12:44.489+0000] {dag.py:3036} INFO - Sync 1 DAGs
[2026-02-09T19:12:44.530+0000] {logging_mixin.py:188} INFO - [2026-02-09T19:12:44.529+0000] {dag.py:3823} INFO - Setting next_dagrun for fork2_dag to 2026-02-09 19:12:30+00:00, run_after=2026-02-09 19:12:40+00:00
[2026-02-09T19:12:44.565+0000] {processor.py:183} INFO - Processing /opt/airflow/dags/setup_dag.py took 0.321 seconds
[2026-02-09T19:13:14.707+0000] {processor.py:161} INFO - Started process (PID=34385) to work on /opt/airflow/dags/setup_dag.py
[2026-02-09T19:13:14.708+0000] {processor.py:830} INFO - Processing file /opt/airflow/dags/setup_dag.py for tasks to queue
[2026-02-09T19:13:14.711+0000] {logging_mixin.py:188} INFO - [2026-02-09T19:13:14.711+0000] {dagbag.py:538} INFO - Filling up the DagBag from /opt/airflow/dags/setup_dag.py
[2026-02-09T19:13:14.720+0000] {processor.py:840} INFO - DAG(s) 'fork2_dag' retrieved from /opt/airflow/dags/setup_dag.py
[2026-02-09T19:13:14.738+0000] {logging_mixin.py:188} INFO - [2026-02-09T19:13:14.737+0000] {dag.py:3036} INFO - Sync 1 DAGs
[2026-02-09T19:13:14.776+0000] {logging_mixin.py:188} INFO - [2026-02-09T19:13:14.776+0000] {dag.py:3823} INFO - Setting next_dagrun for fork2_dag to 2026-02-09 19:13:00+00:00, run_after=2026-02-09 19:13:10+00:00
[2026-02-09T19:13:14.809+0000] {processor.py:183} INFO - Processing /opt/airflow/dags/setup_dag.py took 0.107 seconds
[2026-02-09T19:13:45.086+0000] {processor.py:161} INFO - Started process (PID=34462) to work on /opt/airflow/dags/setup_dag.py
[2026-02-09T19:13:45.088+0000] {processor.py:830} INFO - Processing file /opt/airflow/dags/setup_dag.py for tasks to queue
[2026-02-09T19:13:45.091+0000] {logging_mixin.py:188} INFO - [2026-02-09T19:13:45.091+0000] {dagbag.py:538} INFO - Filling up the DagBag from /opt/airflow/dags/setup_dag.py
[2026-02-09T19:13:45.101+0000] {processor.py:840} INFO - DAG(s) 'fork2_dag' retrieved from /opt/airflow/dags/setup_dag.py
[2026-02-09T19:13:45.300+0000] {logging_mixin.py:188} INFO - [2026-02-09T19:13:45.300+0000] {dag.py:3036} INFO - Sync 1 DAGs
[2026-02-09T19:13:45.339+0000] {logging_mixin.py:188} INFO - [2026-02-09T19:13:45.339+0000] {dag.py:3823} INFO - Setting next_dagrun for fork2_dag to 2026-02-09 19:13:30+00:00, run_after=2026-02-09 19:13:40+00:00
[2026-02-09T19:13:45.373+0000] {processor.py:183} INFO - Processing /opt/airflow/dags/setup_dag.py took 0.292 seconds
[2026-02-09T19:14:15.529+0000] {processor.py:161} INFO - Started process (PID=34548) to work on /opt/airflow/dags/setup_dag.py
[2026-02-09T19:14:15.531+0000] {processor.py:830} INFO - Processing file /opt/airflow/dags/setup_dag.py for tasks to queue
[2026-02-09T19:14:15.533+0000] {logging_mixin.py:188} INFO - [2026-02-09T19:14:15.533+0000] {dagbag.py:538} INFO - Filling up the DagBag from /opt/airflow/dags/setup_dag.py
[2026-02-09T19:14:15.543+0000] {processor.py:840} INFO - DAG(s) 'fork2_dag' retrieved from /opt/airflow/dags/setup_dag.py
[2026-02-09T19:14:15.580+0000] {logging_mixin.py:188} INFO - [2026-02-09T19:14:15.580+0000] {dag.py:3036} INFO - Sync 1 DAGs
[2026-02-09T19:14:15.618+0000] {logging_mixin.py:188} INFO - [2026-02-09T19:14:15.617+0000] {dag.py:3823} INFO - Setting next_dagrun for fork2_dag to 2026-02-09 19:14:00+00:00, run_after=2026-02-09 19:14:10+00:00
[2026-02-09T19:14:15.653+0000] {processor.py:183} INFO - Processing /opt/airflow/dags/setup_dag.py took 0.129 seconds
[2026-02-09T19:14:45.975+0000] {processor.py:161} INFO - Started process (PID=34626) to work on /opt/airflow/dags/setup_dag.py
[2026-02-09T19:14:45.977+0000] {processor.py:830} INFO - Processing file /opt/airflow/dags/setup_dag.py for tasks to queue
[2026-02-09T19:14:45.990+0000] {logging_mixin.py:188} INFO - [2026-02-09T19:14:45.989+0000] {dagbag.py:538} INFO - Filling up the DagBag from /opt/airflow/dags/setup_dag.py
[2026-02-09T19:14:46.001+0000] {processor.py:840} INFO - DAG(s) 'fork2_dag' retrieved from /opt/airflow/dags/setup_dag.py
[2026-02-09T19:14:46.218+0000] {logging_mixin.py:188} INFO - [2026-02-09T19:14:46.218+0000] {dag.py:3036} INFO - Sync 1 DAGs
[2026-02-09T19:14:46.264+0000] {logging_mixin.py:188} INFO - [2026-02-09T19:14:46.263+0000] {dag.py:3823} INFO - Setting next_dagrun for fork2_dag to 2026-02-09 19:14:30+00:00, run_after=2026-02-09 19:14:40+00:00
[2026-02-09T19:14:46.298+0000] {processor.py:183} INFO - Processing /opt/airflow/dags/setup_dag.py took 0.329 seconds
[2026-02-09T19:15:16.599+0000] {processor.py:161} INFO - Started process (PID=34703) to work on /opt/airflow/dags/setup_dag.py
[2026-02-09T19:15:16.601+0000] {processor.py:830} INFO - Processing file /opt/airflow/dags/setup_dag.py for tasks to queue
[2026-02-09T19:15:16.604+0000] {logging_mixin.py:188} INFO - [2026-02-09T19:15:16.604+0000] {dagbag.py:538} INFO - Filling up the DagBag from /opt/airflow/dags/setup_dag.py
[2026-02-09T19:15:16.612+0000] {processor.py:840} INFO - DAG(s) 'fork2_dag' retrieved from /opt/airflow/dags/setup_dag.py
[2026-02-09T19:15:16.648+0000] {logging_mixin.py:188} INFO - [2026-02-09T19:15:16.647+0000] {dag.py:3036} INFO - Sync 1 DAGs
[2026-02-09T19:15:16.697+0000] {logging_mixin.py:188} INFO - [2026-02-09T19:15:16.696+0000] {dag.py:3823} INFO - Setting next_dagrun for fork2_dag to 2026-02-09 19:15:00+00:00, run_after=2026-02-09 19:15:10+00:00
[2026-02-09T19:15:16.729+0000] {processor.py:183} INFO - Processing /opt/airflow/dags/setup_dag.py took 0.136 seconds
[2026-02-09T19:15:47.003+0000] {processor.py:161} INFO - Started process (PID=34780) to work on /opt/airflow/dags/setup_dag.py
[2026-02-09T19:15:47.005+0000] {processor.py:830} INFO - Processing file /opt/airflow/dags/setup_dag.py for tasks to queue
[2026-02-09T19:15:47.008+0000] {logging_mixin.py:188} INFO - [2026-02-09T19:15:47.008+0000] {dagbag.py:538} INFO - Filling up the DagBag from /opt/airflow/dags/setup_dag.py
[2026-02-09T19:15:47.017+0000] {processor.py:840} INFO - DAG(s) 'fork2_dag' retrieved from /opt/airflow/dags/setup_dag.py
[2026-02-09T19:15:47.204+0000] {logging_mixin.py:188} INFO - [2026-02-09T19:15:47.203+0000] {dag.py:3036} INFO - Sync 1 DAGs
[2026-02-09T19:15:47.239+0000] {logging_mixin.py:188} INFO - [2026-02-09T19:15:47.238+0000] {dag.py:3823} INFO - Setting next_dagrun for fork2_dag to 2026-02-09 19:15:30+00:00, run_after=2026-02-09 19:15:40+00:00
[2026-02-09T19:15:47.273+0000] {processor.py:183} INFO - Processing /opt/airflow/dags/setup_dag.py took 0.275 seconds
[2026-02-09T19:16:17.445+0000] {processor.py:161} INFO - Started process (PID=34857) to work on /opt/airflow/dags/setup_dag.py
[2026-02-09T19:16:17.446+0000] {processor.py:830} INFO - Processing file /opt/airflow/dags/setup_dag.py for tasks to queue
[2026-02-09T19:16:17.449+0000] {logging_mixin.py:188} INFO - [2026-02-09T19:16:17.449+0000] {dagbag.py:538} INFO - Filling up the DagBag from /opt/airflow/dags/setup_dag.py
[2026-02-09T19:16:17.460+0000] {processor.py:840} INFO - DAG(s) 'fork2_dag' retrieved from /opt/airflow/dags/setup_dag.py
[2026-02-09T19:16:17.494+0000] {logging_mixin.py:188} INFO - [2026-02-09T19:16:17.493+0000] {dag.py:3036} INFO - Sync 1 DAGs
[2026-02-09T19:16:17.531+0000] {logging_mixin.py:188} INFO - [2026-02-09T19:16:17.531+0000] {dag.py:3823} INFO - Setting next_dagrun for fork2_dag to 2026-02-09 19:16:00+00:00, run_after=2026-02-09 19:16:10+00:00
[2026-02-09T19:16:17.564+0000] {processor.py:183} INFO - Processing /opt/airflow/dags/setup_dag.py took 0.124 seconds
[2026-02-09T19:16:47.682+0000] {processor.py:161} INFO - Started process (PID=34935) to work on /opt/airflow/dags/setup_dag.py
[2026-02-09T19:16:47.684+0000] {processor.py:830} INFO - Processing file /opt/airflow/dags/setup_dag.py for tasks to queue
[2026-02-09T19:16:47.686+0000] {logging_mixin.py:188} INFO - [2026-02-09T19:16:47.686+0000] {dagbag.py:538} INFO - Filling up the DagBag from /opt/airflow/dags/setup_dag.py
[2026-02-09T19:16:47.697+0000] {processor.py:840} INFO - DAG(s) 'fork2_dag' retrieved from /opt/airflow/dags/setup_dag.py
[2026-02-09T19:16:47.924+0000] {logging_mixin.py:188} INFO - [2026-02-09T19:16:47.924+0000] {dag.py:3036} INFO - Sync 1 DAGs
[2026-02-09T19:16:47.968+0000] {logging_mixin.py:188} INFO - [2026-02-09T19:16:47.968+0000] {dag.py:3823} INFO - Setting next_dagrun for fork2_dag to 2026-02-09 19:16:30+00:00, run_after=2026-02-09 19:16:40+00:00
[2026-02-09T19:16:47.998+0000] {processor.py:183} INFO - Processing /opt/airflow/dags/setup_dag.py took 0.322 seconds
[2026-02-09T19:17:18.140+0000] {processor.py:161} INFO - Started process (PID=35014) to work on /opt/airflow/dags/setup_dag.py
[2026-02-09T19:17:18.141+0000] {processor.py:830} INFO - Processing file /opt/airflow/dags/setup_dag.py for tasks to queue
[2026-02-09T19:17:18.144+0000] {logging_mixin.py:188} INFO - [2026-02-09T19:17:18.143+0000] {dagbag.py:538} INFO - Filling up the DagBag from /opt/airflow/dags/setup_dag.py
[2026-02-09T19:17:18.153+0000] {processor.py:840} INFO - DAG(s) 'fork2_dag' retrieved from /opt/airflow/dags/setup_dag.py
[2026-02-09T19:17:18.190+0000] {logging_mixin.py:188} INFO - [2026-02-09T19:17:18.190+0000] {dag.py:3036} INFO - Sync 1 DAGs
[2026-02-09T19:17:18.234+0000] {logging_mixin.py:188} INFO - [2026-02-09T19:17:18.234+0000] {dag.py:3823} INFO - Setting next_dagrun for fork2_dag to 2026-02-09 19:17:00+00:00, run_after=2026-02-09 19:17:10+00:00
[2026-02-09T19:17:18.273+0000] {processor.py:183} INFO - Processing /opt/airflow/dags/setup_dag.py took 0.138 seconds
[2026-02-09T19:17:48.529+0000] {processor.py:161} INFO - Started process (PID=35092) to work on /opt/airflow/dags/setup_dag.py
[2026-02-09T19:17:48.531+0000] {processor.py:830} INFO - Processing file /opt/airflow/dags/setup_dag.py for tasks to queue
[2026-02-09T19:17:48.535+0000] {logging_mixin.py:188} INFO - [2026-02-09T19:17:48.535+0000] {dagbag.py:538} INFO - Filling up the DagBag from /opt/airflow/dags/setup_dag.py
[2026-02-09T19:17:48.545+0000] {processor.py:840} INFO - DAG(s) 'fork2_dag' retrieved from /opt/airflow/dags/setup_dag.py
[2026-02-09T19:17:48.745+0000] {logging_mixin.py:188} INFO - [2026-02-09T19:17:48.744+0000] {dag.py:3036} INFO - Sync 1 DAGs
[2026-02-09T19:17:48.778+0000] {logging_mixin.py:188} INFO - [2026-02-09T19:17:48.778+0000] {dag.py:3823} INFO - Setting next_dagrun for fork2_dag to 2026-02-09 19:17:30+00:00, run_after=2026-02-09 19:17:40+00:00
[2026-02-09T19:17:48.811+0000] {processor.py:183} INFO - Processing /opt/airflow/dags/setup_dag.py took 0.289 seconds
[2026-02-09T19:18:19.075+0000] {processor.py:161} INFO - Started process (PID=35171) to work on /opt/airflow/dags/setup_dag.py
[2026-02-09T19:18:19.078+0000] {processor.py:830} INFO - Processing file /opt/airflow/dags/setup_dag.py for tasks to queue
[2026-02-09T19:18:19.082+0000] {logging_mixin.py:188} INFO - [2026-02-09T19:18:19.082+0000] {dagbag.py:538} INFO - Filling up the DagBag from /opt/airflow/dags/setup_dag.py
[2026-02-09T19:18:19.092+0000] {processor.py:840} INFO - DAG(s) 'fork2_dag' retrieved from /opt/airflow/dags/setup_dag.py
[2026-02-09T19:18:19.117+0000] {logging_mixin.py:188} INFO - [2026-02-09T19:18:19.116+0000] {dag.py:3036} INFO - Sync 1 DAGs
[2026-02-09T19:18:19.158+0000] {logging_mixin.py:188} INFO - [2026-02-09T19:18:19.158+0000] {dag.py:3823} INFO - Setting next_dagrun for fork2_dag to 2026-02-09 19:18:00+00:00, run_after=2026-02-09 19:18:10+00:00
[2026-02-09T19:18:19.192+0000] {processor.py:183} INFO - Processing /opt/airflow/dags/setup_dag.py took 0.124 seconds
[2026-02-09T19:18:50.001+0000] {processor.py:161} INFO - Started process (PID=35255) to work on /opt/airflow/dags/setup_dag.py
[2026-02-09T19:18:50.004+0000] {processor.py:830} INFO - Processing file /opt/airflow/dags/setup_dag.py for tasks to queue
[2026-02-09T19:18:50.008+0000] {logging_mixin.py:188} INFO - [2026-02-09T19:18:50.007+0000] {dagbag.py:538} INFO - Filling up the DagBag from /opt/airflow/dags/setup_dag.py
[2026-02-09T19:18:50.020+0000] {processor.py:840} INFO - DAG(s) 'fork2_dag' retrieved from /opt/airflow/dags/setup_dag.py
[2026-02-09T19:18:50.249+0000] {logging_mixin.py:188} INFO - [2026-02-09T19:18:50.249+0000] {dag.py:3036} INFO - Sync 1 DAGs
[2026-02-09T19:18:50.293+0000] {logging_mixin.py:188} INFO - [2026-02-09T19:18:50.293+0000] {dag.py:3823} INFO - Setting next_dagrun for fork2_dag to 2026-02-09 19:18:40+00:00, run_after=2026-02-09 19:18:50+00:00
[2026-02-09T19:18:50.331+0000] {processor.py:183} INFO - Processing /opt/airflow/dags/setup_dag.py took 0.338 seconds
[2026-02-09T19:19:20.716+0000] {processor.py:161} INFO - Started process (PID=35334) to work on /opt/airflow/dags/setup_dag.py
[2026-02-09T19:19:20.717+0000] {processor.py:830} INFO - Processing file /opt/airflow/dags/setup_dag.py for tasks to queue
[2026-02-09T19:19:20.719+0000] {logging_mixin.py:188} INFO - [2026-02-09T19:19:20.719+0000] {dagbag.py:538} INFO - Filling up the DagBag from /opt/airflow/dags/setup_dag.py
[2026-02-09T19:19:20.727+0000] {processor.py:840} INFO - DAG(s) 'fork2_dag' retrieved from /opt/airflow/dags/setup_dag.py
[2026-02-09T19:19:20.763+0000] {logging_mixin.py:188} INFO - [2026-02-09T19:19:20.763+0000] {dag.py:3036} INFO - Sync 1 DAGs
[2026-02-09T19:19:20.814+0000] {logging_mixin.py:188} INFO - [2026-02-09T19:19:20.813+0000] {dag.py:3823} INFO - Setting next_dagrun for fork2_dag to 2026-02-09 19:19:10+00:00, run_after=2026-02-09 19:19:20+00:00
[2026-02-09T19:19:20.846+0000] {processor.py:183} INFO - Processing /opt/airflow/dags/setup_dag.py took 0.136 seconds
[2026-02-09T19:19:51.498+0000] {processor.py:161} INFO - Started process (PID=35412) to work on /opt/airflow/dags/setup_dag.py
[2026-02-09T19:19:51.500+0000] {processor.py:830} INFO - Processing file /opt/airflow/dags/setup_dag.py for tasks to queue
[2026-02-09T19:19:51.504+0000] {logging_mixin.py:188} INFO - [2026-02-09T19:19:51.503+0000] {dagbag.py:538} INFO - Filling up the DagBag from /opt/airflow/dags/setup_dag.py
[2026-02-09T19:19:51.516+0000] {processor.py:840} INFO - DAG(s) 'fork2_dag' retrieved from /opt/airflow/dags/setup_dag.py
[2026-02-09T19:19:51.743+0000] {logging_mixin.py:188} INFO - [2026-02-09T19:19:51.743+0000] {dag.py:3036} INFO - Sync 1 DAGs
[2026-02-09T19:19:51.787+0000] {logging_mixin.py:188} INFO - [2026-02-09T19:19:51.787+0000] {dag.py:3823} INFO - Setting next_dagrun for fork2_dag to 2026-02-09 19:19:40+00:00, run_after=2026-02-09 19:19:50+00:00
[2026-02-09T19:19:51.823+0000] {processor.py:183} INFO - Processing /opt/airflow/dags/setup_dag.py took 0.332 seconds
[2026-02-09T19:20:22.044+0000] {processor.py:161} INFO - Started process (PID=35492) to work on /opt/airflow/dags/setup_dag.py
[2026-02-09T19:20:22.046+0000] {processor.py:830} INFO - Processing file /opt/airflow/dags/setup_dag.py for tasks to queue
[2026-02-09T19:20:22.049+0000] {logging_mixin.py:188} INFO - [2026-02-09T19:20:22.048+0000] {dagbag.py:538} INFO - Filling up the DagBag from /opt/airflow/dags/setup_dag.py
[2026-02-09T19:20:22.061+0000] {processor.py:840} INFO - DAG(s) 'fork2_dag' retrieved from /opt/airflow/dags/setup_dag.py
[2026-02-09T19:20:22.324+0000] {logging_mixin.py:188} INFO - [2026-02-09T19:20:22.324+0000] {dag.py:3036} INFO - Sync 1 DAGs
[2026-02-09T19:20:22.395+0000] {logging_mixin.py:188} INFO - [2026-02-09T19:20:22.394+0000] {dag.py:3823} INFO - Setting next_dagrun for fork2_dag to 2026-02-09 19:20:10+00:00, run_after=2026-02-09 19:20:20+00:00
[2026-02-09T19:20:22.430+0000] {processor.py:183} INFO - Processing /opt/airflow/dags/setup_dag.py took 0.392 seconds
[2026-02-09T19:20:52.594+0000] {processor.py:161} INFO - Started process (PID=35570) to work on /opt/airflow/dags/setup_dag.py
[2026-02-09T19:20:52.596+0000] {processor.py:830} INFO - Processing file /opt/airflow/dags/setup_dag.py for tasks to queue
[2026-02-09T19:20:52.599+0000] {logging_mixin.py:188} INFO - [2026-02-09T19:20:52.598+0000] {dagbag.py:538} INFO - Filling up the DagBag from /opt/airflow/dags/setup_dag.py
[2026-02-09T19:20:52.608+0000] {processor.py:840} INFO - DAG(s) 'fork2_dag' retrieved from /opt/airflow/dags/setup_dag.py
[2026-02-09T19:20:52.627+0000] {logging_mixin.py:188} INFO - [2026-02-09T19:20:52.626+0000] {dag.py:3036} INFO - Sync 1 DAGs
[2026-02-09T19:20:52.671+0000] {logging_mixin.py:188} INFO - [2026-02-09T19:20:52.670+0000] {dag.py:3823} INFO - Setting next_dagrun for fork2_dag to 2026-02-09 19:20:40+00:00, run_after=2026-02-09 19:20:50+00:00
[2026-02-09T19:20:52.704+0000] {processor.py:183} INFO - Processing /opt/airflow/dags/setup_dag.py took 0.116 seconds
[2026-02-09T19:21:22.785+0000] {processor.py:161} INFO - Started process (PID=35645) to work on /opt/airflow/dags/setup_dag.py
[2026-02-09T19:21:22.787+0000] {processor.py:830} INFO - Processing file /opt/airflow/dags/setup_dag.py for tasks to queue
[2026-02-09T19:21:22.789+0000] {logging_mixin.py:188} INFO - [2026-02-09T19:21:22.789+0000] {dagbag.py:538} INFO - Filling up the DagBag from /opt/airflow/dags/setup_dag.py
[2026-02-09T19:21:22.801+0000] {processor.py:840} INFO - DAG(s) 'fork2_dag' retrieved from /opt/airflow/dags/setup_dag.py
[2026-02-09T19:21:22.986+0000] {logging_mixin.py:188} INFO - [2026-02-09T19:21:22.986+0000] {dag.py:3036} INFO - Sync 1 DAGs
[2026-02-09T19:21:23.020+0000] {logging_mixin.py:188} INFO - [2026-02-09T19:21:23.020+0000] {dag.py:3823} INFO - Setting next_dagrun for fork2_dag to 2026-02-09 19:21:10+00:00, run_after=2026-02-09 19:21:20+00:00
[2026-02-09T19:21:23.054+0000] {processor.py:183} INFO - Processing /opt/airflow/dags/setup_dag.py took 0.275 seconds
[2026-02-09T19:21:53.105+0000] {processor.py:161} INFO - Started process (PID=35724) to work on /opt/airflow/dags/setup_dag.py
[2026-02-09T19:21:53.107+0000] {processor.py:830} INFO - Processing file /opt/airflow/dags/setup_dag.py for tasks to queue
[2026-02-09T19:21:53.110+0000] {logging_mixin.py:188} INFO - [2026-02-09T19:21:53.110+0000] {dagbag.py:538} INFO - Filling up the DagBag from /opt/airflow/dags/setup_dag.py
[2026-02-09T19:21:53.124+0000] {processor.py:840} INFO - DAG(s) 'fork2_dag' retrieved from /opt/airflow/dags/setup_dag.py
[2026-02-09T19:21:53.160+0000] {logging_mixin.py:188} INFO - [2026-02-09T19:21:53.159+0000] {dag.py:3036} INFO - Sync 1 DAGs
[2026-02-09T19:21:53.204+0000] {logging_mixin.py:188} INFO - [2026-02-09T19:21:53.203+0000] {dag.py:3823} INFO - Setting next_dagrun for fork2_dag to 2026-02-09 19:21:40+00:00, run_after=2026-02-09 19:21:50+00:00
[2026-02-09T19:21:53.240+0000] {processor.py:183} INFO - Processing /opt/airflow/dags/setup_dag.py took 0.141 seconds
[2026-02-09T19:22:23.405+0000] {processor.py:161} INFO - Started process (PID=35802) to work on /opt/airflow/dags/setup_dag.py
[2026-02-09T19:22:23.406+0000] {processor.py:830} INFO - Processing file /opt/airflow/dags/setup_dag.py for tasks to queue
[2026-02-09T19:22:23.409+0000] {logging_mixin.py:188} INFO - [2026-02-09T19:22:23.408+0000] {dagbag.py:538} INFO - Filling up the DagBag from /opt/airflow/dags/setup_dag.py
[2026-02-09T19:22:23.420+0000] {processor.py:840} INFO - DAG(s) 'fork2_dag' retrieved from /opt/airflow/dags/setup_dag.py
[2026-02-09T19:22:23.626+0000] {logging_mixin.py:188} INFO - [2026-02-09T19:22:23.626+0000] {dag.py:3036} INFO - Sync 1 DAGs
[2026-02-09T19:22:23.663+0000] {logging_mixin.py:188} INFO - [2026-02-09T19:22:23.663+0000] {dag.py:3823} INFO - Setting next_dagrun for fork2_dag to 2026-02-09 19:22:10+00:00, run_after=2026-02-09 19:22:20+00:00
[2026-02-09T19:22:23.695+0000] {processor.py:183} INFO - Processing /opt/airflow/dags/setup_dag.py took 0.296 seconds
[2026-02-09T19:22:53.899+0000] {processor.py:161} INFO - Started process (PID=35880) to work on /opt/airflow/dags/setup_dag.py
[2026-02-09T19:22:53.900+0000] {processor.py:830} INFO - Processing file /opt/airflow/dags/setup_dag.py for tasks to queue
[2026-02-09T19:22:53.903+0000] {logging_mixin.py:188} INFO - [2026-02-09T19:22:53.903+0000] {dagbag.py:538} INFO - Filling up the DagBag from /opt/airflow/dags/setup_dag.py
[2026-02-09T19:22:53.912+0000] {processor.py:840} INFO - DAG(s) 'fork2_dag' retrieved from /opt/airflow/dags/setup_dag.py
[2026-02-09T19:22:53.931+0000] {logging_mixin.py:188} INFO - [2026-02-09T19:22:53.930+0000] {dag.py:3036} INFO - Sync 1 DAGs
[2026-02-09T19:22:53.971+0000] {logging_mixin.py:188} INFO - [2026-02-09T19:22:53.971+0000] {dag.py:3823} INFO - Setting next_dagrun for fork2_dag to 2026-02-09 19:22:40+00:00, run_after=2026-02-09 19:22:50+00:00
[2026-02-09T19:22:54.004+0000] {processor.py:183} INFO - Processing /opt/airflow/dags/setup_dag.py took 0.111 seconds
[2026-02-09T19:23:24.088+0000] {processor.py:161} INFO - Started process (PID=35957) to work on /opt/airflow/dags/setup_dag.py
[2026-02-09T19:23:24.090+0000] {processor.py:830} INFO - Processing file /opt/airflow/dags/setup_dag.py for tasks to queue
[2026-02-09T19:23:24.093+0000] {logging_mixin.py:188} INFO - [2026-02-09T19:23:24.092+0000] {dagbag.py:538} INFO - Filling up the DagBag from /opt/airflow/dags/setup_dag.py
[2026-02-09T19:23:24.102+0000] {processor.py:840} INFO - DAG(s) 'fork2_dag' retrieved from /opt/airflow/dags/setup_dag.py
[2026-02-09T19:23:24.287+0000] {logging_mixin.py:188} INFO - [2026-02-09T19:23:24.287+0000] {dag.py:3036} INFO - Sync 1 DAGs
[2026-02-09T19:23:24.329+0000] {logging_mixin.py:188} INFO - [2026-02-09T19:23:24.328+0000] {dag.py:3823} INFO - Setting next_dagrun for fork2_dag to 2026-02-09 19:23:10+00:00, run_after=2026-02-09 19:23:20+00:00
[2026-02-09T19:23:24.362+0000] {processor.py:183} INFO - Processing /opt/airflow/dags/setup_dag.py took 0.280 seconds
[2026-02-09T19:23:54.448+0000] {processor.py:161} INFO - Started process (PID=36035) to work on /opt/airflow/dags/setup_dag.py
[2026-02-09T19:23:54.450+0000] {processor.py:830} INFO - Processing file /opt/airflow/dags/setup_dag.py for tasks to queue
[2026-02-09T19:23:54.453+0000] {logging_mixin.py:188} INFO - [2026-02-09T19:23:54.453+0000] {dagbag.py:538} INFO - Filling up the DagBag from /opt/airflow/dags/setup_dag.py
[2026-02-09T19:23:54.462+0000] {processor.py:840} INFO - DAG(s) 'fork2_dag' retrieved from /opt/airflow/dags/setup_dag.py
[2026-02-09T19:23:54.497+0000] {logging_mixin.py:188} INFO - [2026-02-09T19:23:54.497+0000] {dag.py:3036} INFO - Sync 1 DAGs
[2026-02-09T19:23:54.535+0000] {logging_mixin.py:188} INFO - [2026-02-09T19:23:54.534+0000] {dag.py:3823} INFO - Setting next_dagrun for fork2_dag to 2026-02-09 19:23:40+00:00, run_after=2026-02-09 19:23:50+00:00
[2026-02-09T19:23:54.565+0000] {processor.py:183} INFO - Processing /opt/airflow/dags/setup_dag.py took 0.122 seconds
[2026-02-09T19:24:24.846+0000] {processor.py:161} INFO - Started process (PID=36120) to work on /opt/airflow/dags/setup_dag.py
[2026-02-09T19:24:24.847+0000] {processor.py:830} INFO - Processing file /opt/airflow/dags/setup_dag.py for tasks to queue
[2026-02-09T19:24:24.850+0000] {logging_mixin.py:188} INFO - [2026-02-09T19:24:24.850+0000] {dagbag.py:538} INFO - Filling up the DagBag from /opt/airflow/dags/setup_dag.py
[2026-02-09T19:24:24.861+0000] {processor.py:840} INFO - DAG(s) 'fork2_dag' retrieved from /opt/airflow/dags/setup_dag.py
[2026-02-09T19:24:25.112+0000] {logging_mixin.py:188} INFO - [2026-02-09T19:24:25.111+0000] {dag.py:3036} INFO - Sync 1 DAGs
[2026-02-09T19:24:25.172+0000] {logging_mixin.py:188} INFO - [2026-02-09T19:24:25.172+0000] {dag.py:3823} INFO - Setting next_dagrun for fork2_dag to 2026-02-09 19:24:10+00:00, run_after=2026-02-09 19:24:20+00:00
[2026-02-09T19:24:25.212+0000] {processor.py:183} INFO - Processing /opt/airflow/dags/setup_dag.py took 0.372 seconds
[2026-02-09T19:24:55.470+0000] {processor.py:161} INFO - Started process (PID=36200) to work on /opt/airflow/dags/setup_dag.py
[2026-02-09T19:24:55.472+0000] {processor.py:830} INFO - Processing file /opt/airflow/dags/setup_dag.py for tasks to queue
[2026-02-09T19:24:55.475+0000] {logging_mixin.py:188} INFO - [2026-02-09T19:24:55.474+0000] {dagbag.py:538} INFO - Filling up the DagBag from /opt/airflow/dags/setup_dag.py
[2026-02-09T19:24:55.485+0000] {processor.py:840} INFO - DAG(s) 'fork2_dag' retrieved from /opt/airflow/dags/setup_dag.py
[2026-02-09T19:24:55.506+0000] {logging_mixin.py:188} INFO - [2026-02-09T19:24:55.505+0000] {dag.py:3036} INFO - Sync 1 DAGs
[2026-02-09T19:24:55.545+0000] {logging_mixin.py:188} INFO - [2026-02-09T19:24:55.544+0000] {dag.py:3823} INFO - Setting next_dagrun for fork2_dag to 2026-02-09 19:24:40+00:00, run_after=2026-02-09 19:24:50+00:00
[2026-02-09T19:24:55.574+0000] {processor.py:183} INFO - Processing /opt/airflow/dags/setup_dag.py took 0.109 seconds
[2026-02-09T19:25:26.063+0000] {processor.py:161} INFO - Started process (PID=36275) to work on /opt/airflow/dags/setup_dag.py
[2026-02-09T19:25:26.064+0000] {processor.py:830} INFO - Processing file /opt/airflow/dags/setup_dag.py for tasks to queue
[2026-02-09T19:25:26.069+0000] {logging_mixin.py:188} INFO - [2026-02-09T19:25:26.068+0000] {dagbag.py:538} INFO - Filling up the DagBag from /opt/airflow/dags/setup_dag.py
[2026-02-09T19:25:26.080+0000] {processor.py:840} INFO - DAG(s) 'fork2_dag' retrieved from /opt/airflow/dags/setup_dag.py
[2026-02-09T19:25:26.299+0000] {logging_mixin.py:188} INFO - [2026-02-09T19:25:26.299+0000] {dag.py:3036} INFO - Sync 1 DAGs
[2026-02-09T19:25:26.342+0000] {logging_mixin.py:188} INFO - [2026-02-09T19:25:26.341+0000] {dag.py:3823} INFO - Setting next_dagrun for fork2_dag to 2026-02-09 19:25:10+00:00, run_after=2026-02-09 19:25:20+00:00
[2026-02-09T19:25:26.381+0000] {processor.py:183} INFO - Processing /opt/airflow/dags/setup_dag.py took 0.323 seconds
[2026-02-09T19:25:56.464+0000] {processor.py:161} INFO - Started process (PID=36353) to work on /opt/airflow/dags/setup_dag.py
[2026-02-09T19:25:56.466+0000] {processor.py:830} INFO - Processing file /opt/airflow/dags/setup_dag.py for tasks to queue
[2026-02-09T19:25:56.468+0000] {logging_mixin.py:188} INFO - [2026-02-09T19:25:56.468+0000] {dagbag.py:538} INFO - Filling up the DagBag from /opt/airflow/dags/setup_dag.py
[2026-02-09T19:25:56.478+0000] {processor.py:840} INFO - DAG(s) 'fork2_dag' retrieved from /opt/airflow/dags/setup_dag.py
[2026-02-09T19:25:56.512+0000] {logging_mixin.py:188} INFO - [2026-02-09T19:25:56.512+0000] {dag.py:3036} INFO - Sync 1 DAGs
[2026-02-09T19:25:56.554+0000] {logging_mixin.py:188} INFO - [2026-02-09T19:25:56.554+0000] {dag.py:3823} INFO - Setting next_dagrun for fork2_dag to 2026-02-09 19:25:40+00:00, run_after=2026-02-09 19:25:50+00:00
[2026-02-09T19:25:56.583+0000] {processor.py:183} INFO - Processing /opt/airflow/dags/setup_dag.py took 0.124 seconds
[2026-02-09T19:26:26.870+0000] {processor.py:161} INFO - Started process (PID=36430) to work on /opt/airflow/dags/setup_dag.py
[2026-02-09T19:26:26.871+0000] {processor.py:830} INFO - Processing file /opt/airflow/dags/setup_dag.py for tasks to queue
[2026-02-09T19:26:26.874+0000] {logging_mixin.py:188} INFO - [2026-02-09T19:26:26.874+0000] {dagbag.py:538} INFO - Filling up the DagBag from /opt/airflow/dags/setup_dag.py
[2026-02-09T19:26:26.883+0000] {processor.py:840} INFO - DAG(s) 'fork2_dag' retrieved from /opt/airflow/dags/setup_dag.py
[2026-02-09T19:26:27.060+0000] {logging_mixin.py:188} INFO - [2026-02-09T19:26:27.060+0000] {dag.py:3036} INFO - Sync 1 DAGs
[2026-02-09T19:26:27.098+0000] {logging_mixin.py:188} INFO - [2026-02-09T19:26:27.097+0000] {dag.py:3823} INFO - Setting next_dagrun for fork2_dag to 2026-02-09 19:26:10+00:00, run_after=2026-02-09 19:26:20+00:00
[2026-02-09T19:26:27.136+0000] {processor.py:183} INFO - Processing /opt/airflow/dags/setup_dag.py took 0.271 seconds
[2026-02-09T19:26:57.801+0000] {processor.py:161} INFO - Started process (PID=36509) to work on /opt/airflow/dags/setup_dag.py
[2026-02-09T19:26:57.803+0000] {processor.py:830} INFO - Processing file /opt/airflow/dags/setup_dag.py for tasks to queue
[2026-02-09T19:26:57.805+0000] {logging_mixin.py:188} INFO - [2026-02-09T19:26:57.805+0000] {dagbag.py:538} INFO - Filling up the DagBag from /opt/airflow/dags/setup_dag.py
[2026-02-09T19:26:57.815+0000] {processor.py:840} INFO - DAG(s) 'fork2_dag' retrieved from /opt/airflow/dags/setup_dag.py
[2026-02-09T19:26:57.849+0000] {logging_mixin.py:188} INFO - [2026-02-09T19:26:57.849+0000] {dag.py:3036} INFO - Sync 1 DAGs
[2026-02-09T19:26:57.886+0000] {logging_mixin.py:188} INFO - [2026-02-09T19:26:57.885+0000] {dag.py:3823} INFO - Setting next_dagrun for fork2_dag to 2026-02-09 19:26:40+00:00, run_after=2026-02-09 19:26:50+00:00
[2026-02-09T19:26:57.916+0000] {processor.py:183} INFO - Processing /opt/airflow/dags/setup_dag.py took 0.121 seconds
[2026-02-09T19:27:28.389+0000] {processor.py:161} INFO - Started process (PID=36587) to work on /opt/airflow/dags/setup_dag.py
[2026-02-09T19:27:28.390+0000] {processor.py:830} INFO - Processing file /opt/airflow/dags/setup_dag.py for tasks to queue
[2026-02-09T19:27:28.393+0000] {logging_mixin.py:188} INFO - [2026-02-09T19:27:28.393+0000] {dagbag.py:538} INFO - Filling up the DagBag from /opt/airflow/dags/setup_dag.py
[2026-02-09T19:27:28.404+0000] {processor.py:840} INFO - DAG(s) 'fork2_dag' retrieved from /opt/airflow/dags/setup_dag.py
[2026-02-09T19:27:28.590+0000] {logging_mixin.py:188} INFO - [2026-02-09T19:27:28.589+0000] {dag.py:3036} INFO - Sync 1 DAGs
[2026-02-09T19:27:28.630+0000] {logging_mixin.py:188} INFO - [2026-02-09T19:27:28.630+0000] {dag.py:3823} INFO - Setting next_dagrun for fork2_dag to 2026-02-09 19:27:10+00:00, run_after=2026-02-09 19:27:20+00:00
[2026-02-09T19:27:28.667+0000] {processor.py:183} INFO - Processing /opt/airflow/dags/setup_dag.py took 0.284 seconds
[2026-02-09T19:27:58.761+0000] {processor.py:161} INFO - Started process (PID=36663) to work on /opt/airflow/dags/setup_dag.py
[2026-02-09T19:27:58.763+0000] {processor.py:830} INFO - Processing file /opt/airflow/dags/setup_dag.py for tasks to queue
[2026-02-09T19:27:58.766+0000] {logging_mixin.py:188} INFO - [2026-02-09T19:27:58.765+0000] {dagbag.py:538} INFO - Filling up the DagBag from /opt/airflow/dags/setup_dag.py
[2026-02-09T19:27:58.775+0000] {processor.py:840} INFO - DAG(s) 'fork2_dag' retrieved from /opt/airflow/dags/setup_dag.py
[2026-02-09T19:27:58.810+0000] {logging_mixin.py:188} INFO - [2026-02-09T19:27:58.810+0000] {dag.py:3036} INFO - Sync 1 DAGs
[2026-02-09T19:27:58.845+0000] {logging_mixin.py:188} INFO - [2026-02-09T19:27:58.845+0000] {dag.py:3823} INFO - Setting next_dagrun for fork2_dag to 2026-02-09 19:27:40+00:00, run_after=2026-02-09 19:27:50+00:00
[2026-02-09T19:27:58.873+0000] {processor.py:183} INFO - Processing /opt/airflow/dags/setup_dag.py took 0.118 seconds
[2026-02-09T19:28:29.374+0000] {processor.py:161} INFO - Started process (PID=36742) to work on /opt/airflow/dags/setup_dag.py
[2026-02-09T19:28:29.376+0000] {processor.py:830} INFO - Processing file /opt/airflow/dags/setup_dag.py for tasks to queue
[2026-02-09T19:28:29.380+0000] {logging_mixin.py:188} INFO - [2026-02-09T19:28:29.379+0000] {dagbag.py:538} INFO - Filling up the DagBag from /opt/airflow/dags/setup_dag.py
[2026-02-09T19:28:29.389+0000] {processor.py:840} INFO - DAG(s) 'fork2_dag' retrieved from /opt/airflow/dags/setup_dag.py
[2026-02-09T19:28:29.572+0000] {logging_mixin.py:188} INFO - [2026-02-09T19:28:29.571+0000] {dag.py:3036} INFO - Sync 1 DAGs
[2026-02-09T19:28:29.613+0000] {logging_mixin.py:188} INFO - [2026-02-09T19:28:29.612+0000] {dag.py:3823} INFO - Setting next_dagrun for fork2_dag to 2026-02-09 19:28:10+00:00, run_after=2026-02-09 19:28:20+00:00
[2026-02-09T19:28:29.654+0000] {processor.py:183} INFO - Processing /opt/airflow/dags/setup_dag.py took 0.285 seconds
[2026-02-09T19:28:59.927+0000] {processor.py:161} INFO - Started process (PID=36830) to work on /opt/airflow/dags/setup_dag.py
[2026-02-09T19:28:59.929+0000] {processor.py:830} INFO - Processing file /opt/airflow/dags/setup_dag.py for tasks to queue
[2026-02-09T19:28:59.932+0000] {logging_mixin.py:188} INFO - [2026-02-09T19:28:59.932+0000] {dagbag.py:538} INFO - Filling up the DagBag from /opt/airflow/dags/setup_dag.py
[2026-02-09T19:28:59.942+0000] {processor.py:840} INFO - DAG(s) 'fork2_dag' retrieved from /opt/airflow/dags/setup_dag.py
[2026-02-09T19:28:59.963+0000] {logging_mixin.py:188} INFO - [2026-02-09T19:28:59.963+0000] {dag.py:3036} INFO - Sync 1 DAGs
[2026-02-09T19:29:00.009+0000] {logging_mixin.py:188} INFO - [2026-02-09T19:29:00.009+0000] {dag.py:3823} INFO - Setting next_dagrun for fork2_dag to 2026-02-09 19:28:50+00:00, run_after=2026-02-09 19:29:00+00:00
[2026-02-09T19:29:00.044+0000] {processor.py:183} INFO - Processing /opt/airflow/dags/setup_dag.py took 0.123 seconds
[2026-02-09T19:29:30.141+0000] {processor.py:161} INFO - Started process (PID=36909) to work on /opt/airflow/dags/setup_dag.py
[2026-02-09T19:29:30.142+0000] {processor.py:830} INFO - Processing file /opt/airflow/dags/setup_dag.py for tasks to queue
[2026-02-09T19:29:30.144+0000] {logging_mixin.py:188} INFO - [2026-02-09T19:29:30.144+0000] {dagbag.py:538} INFO - Filling up the DagBag from /opt/airflow/dags/setup_dag.py
[2026-02-09T19:29:30.153+0000] {processor.py:840} INFO - DAG(s) 'fork2_dag' retrieved from /opt/airflow/dags/setup_dag.py
[2026-02-09T19:29:30.353+0000] {logging_mixin.py:188} INFO - [2026-02-09T19:29:30.352+0000] {dag.py:3036} INFO - Sync 1 DAGs
[2026-02-09T19:29:30.394+0000] {logging_mixin.py:188} INFO - [2026-02-09T19:29:30.393+0000] {dag.py:3823} INFO - Setting next_dagrun for fork2_dag to 2026-02-09 19:29:20+00:00, run_after=2026-02-09 19:29:30+00:00
[2026-02-09T19:29:30.425+0000] {processor.py:183} INFO - Processing /opt/airflow/dags/setup_dag.py took 0.289 seconds
[2026-02-09T19:30:00.896+0000] {processor.py:161} INFO - Started process (PID=36989) to work on /opt/airflow/dags/setup_dag.py
[2026-02-09T19:30:00.898+0000] {processor.py:830} INFO - Processing file /opt/airflow/dags/setup_dag.py for tasks to queue
[2026-02-09T19:30:00.901+0000] {logging_mixin.py:188} INFO - [2026-02-09T19:30:00.901+0000] {dagbag.py:538} INFO - Filling up the DagBag from /opt/airflow/dags/setup_dag.py
[2026-02-09T19:30:00.912+0000] {processor.py:840} INFO - DAG(s) 'fork2_dag' retrieved from /opt/airflow/dags/setup_dag.py
[2026-02-09T19:30:00.948+0000] {logging_mixin.py:188} INFO - [2026-02-09T19:30:00.947+0000] {dag.py:3036} INFO - Sync 1 DAGs
[2026-02-09T19:30:00.996+0000] {logging_mixin.py:188} INFO - [2026-02-09T19:30:00.996+0000] {dag.py:3823} INFO - Setting next_dagrun for fork2_dag to 2026-02-09 19:29:50+00:00, run_after=2026-02-09 19:30:00+00:00
[2026-02-09T19:30:01.033+0000] {processor.py:183} INFO - Processing /opt/airflow/dags/setup_dag.py took 0.142 seconds
[2026-02-09T19:30:31.332+0000] {processor.py:161} INFO - Started process (PID=37066) to work on /opt/airflow/dags/setup_dag.py
[2026-02-09T19:30:31.333+0000] {processor.py:830} INFO - Processing file /opt/airflow/dags/setup_dag.py for tasks to queue
[2026-02-09T19:30:31.336+0000] {logging_mixin.py:188} INFO - [2026-02-09T19:30:31.335+0000] {dagbag.py:538} INFO - Filling up the DagBag from /opt/airflow/dags/setup_dag.py
[2026-02-09T19:30:31.346+0000] {processor.py:840} INFO - DAG(s) 'fork2_dag' retrieved from /opt/airflow/dags/setup_dag.py
[2026-02-09T19:30:31.523+0000] {logging_mixin.py:188} INFO - [2026-02-09T19:30:31.522+0000] {dag.py:3036} INFO - Sync 1 DAGs
[2026-02-09T19:30:31.556+0000] {logging_mixin.py:188} INFO - [2026-02-09T19:30:31.556+0000] {dag.py:3823} INFO - Setting next_dagrun for fork2_dag to 2026-02-09 19:30:20+00:00, run_after=2026-02-09 19:30:30+00:00
[2026-02-09T19:30:31.589+0000] {processor.py:183} INFO - Processing /opt/airflow/dags/setup_dag.py took 0.262 seconds
[2026-02-09T19:31:01.842+0000] {processor.py:161} INFO - Started process (PID=37145) to work on /opt/airflow/dags/setup_dag.py
[2026-02-09T19:31:01.843+0000] {processor.py:830} INFO - Processing file /opt/airflow/dags/setup_dag.py for tasks to queue
[2026-02-09T19:31:01.846+0000] {logging_mixin.py:188} INFO - [2026-02-09T19:31:01.846+0000] {dagbag.py:538} INFO - Filling up the DagBag from /opt/airflow/dags/setup_dag.py
[2026-02-09T19:31:01.856+0000] {processor.py:840} INFO - DAG(s) 'fork2_dag' retrieved from /opt/airflow/dags/setup_dag.py
[2026-02-09T19:31:01.875+0000] {logging_mixin.py:188} INFO - [2026-02-09T19:31:01.874+0000] {dag.py:3036} INFO - Sync 1 DAGs
[2026-02-09T19:31:01.919+0000] {logging_mixin.py:188} INFO - [2026-02-09T19:31:01.919+0000] {dag.py:3823} INFO - Setting next_dagrun for fork2_dag to 2026-02-09 19:30:50+00:00, run_after=2026-02-09 19:31:00+00:00
[2026-02-09T19:31:01.958+0000] {processor.py:183} INFO - Processing /opt/airflow/dags/setup_dag.py took 0.122 seconds
[2026-02-09T19:31:32.163+0000] {processor.py:161} INFO - Started process (PID=37223) to work on /opt/airflow/dags/setup_dag.py
[2026-02-09T19:31:32.164+0000] {processor.py:830} INFO - Processing file /opt/airflow/dags/setup_dag.py for tasks to queue
[2026-02-09T19:31:32.166+0000] {logging_mixin.py:188} INFO - [2026-02-09T19:31:32.166+0000] {dagbag.py:538} INFO - Filling up the DagBag from /opt/airflow/dags/setup_dag.py
[2026-02-09T19:31:32.175+0000] {processor.py:840} INFO - DAG(s) 'fork2_dag' retrieved from /opt/airflow/dags/setup_dag.py
[2026-02-09T19:31:32.351+0000] {logging_mixin.py:188} INFO - [2026-02-09T19:31:32.351+0000] {dag.py:3036} INFO - Sync 1 DAGs
[2026-02-09T19:31:32.400+0000] {logging_mixin.py:188} INFO - [2026-02-09T19:31:32.399+0000] {dag.py:3823} INFO - Setting next_dagrun for fork2_dag to 2026-02-09 19:31:20+00:00, run_after=2026-02-09 19:31:30+00:00
[2026-02-09T19:31:32.436+0000] {processor.py:183} INFO - Processing /opt/airflow/dags/setup_dag.py took 0.278 seconds
[2026-02-09T19:32:03.025+0000] {processor.py:161} INFO - Started process (PID=37300) to work on /opt/airflow/dags/setup_dag.py
[2026-02-09T19:32:03.027+0000] {processor.py:830} INFO - Processing file /opt/airflow/dags/setup_dag.py for tasks to queue
[2026-02-09T19:32:03.030+0000] {logging_mixin.py:188} INFO - [2026-02-09T19:32:03.030+0000] {dagbag.py:538} INFO - Filling up the DagBag from /opt/airflow/dags/setup_dag.py
[2026-02-09T19:32:03.040+0000] {processor.py:840} INFO - DAG(s) 'fork2_dag' retrieved from /opt/airflow/dags/setup_dag.py
[2026-02-09T19:32:03.078+0000] {logging_mixin.py:188} INFO - [2026-02-09T19:32:03.078+0000] {dag.py:3036} INFO - Sync 1 DAGs
[2026-02-09T19:32:03.115+0000] {logging_mixin.py:188} INFO - [2026-02-09T19:32:03.115+0000] {dag.py:3823} INFO - Setting next_dagrun for fork2_dag to 2026-02-09 19:31:50+00:00, run_after=2026-02-09 19:32:00+00:00
[2026-02-09T19:32:03.144+0000] {processor.py:183} INFO - Processing /opt/airflow/dags/setup_dag.py took 0.124 seconds
[2026-02-09T19:32:33.183+0000] {processor.py:161} INFO - Started process (PID=37379) to work on /opt/airflow/dags/setup_dag.py
[2026-02-09T19:32:33.184+0000] {processor.py:830} INFO - Processing file /opt/airflow/dags/setup_dag.py for tasks to queue
[2026-02-09T19:32:33.187+0000] {logging_mixin.py:188} INFO - [2026-02-09T19:32:33.186+0000] {dagbag.py:538} INFO - Filling up the DagBag from /opt/airflow/dags/setup_dag.py
[2026-02-09T19:32:33.195+0000] {processor.py:840} INFO - DAG(s) 'fork2_dag' retrieved from /opt/airflow/dags/setup_dag.py
[2026-02-09T19:32:33.372+0000] {logging_mixin.py:188} INFO - [2026-02-09T19:32:33.371+0000] {dag.py:3036} INFO - Sync 1 DAGs
[2026-02-09T19:32:33.406+0000] {logging_mixin.py:188} INFO - [2026-02-09T19:32:33.406+0000] {dag.py:3823} INFO - Setting next_dagrun for fork2_dag to 2026-02-09 19:32:20+00:00, run_after=2026-02-09 19:32:30+00:00
[2026-02-09T19:32:33.440+0000] {processor.py:183} INFO - Processing /opt/airflow/dags/setup_dag.py took 0.262 seconds
[2026-02-09T19:33:04.059+0000] {processor.py:161} INFO - Started process (PID=37458) to work on /opt/airflow/dags/setup_dag.py
[2026-02-09T19:33:04.061+0000] {processor.py:830} INFO - Processing file /opt/airflow/dags/setup_dag.py for tasks to queue
[2026-02-09T19:33:04.064+0000] {logging_mixin.py:188} INFO - [2026-02-09T19:33:04.064+0000] {dagbag.py:538} INFO - Filling up the DagBag from /opt/airflow/dags/setup_dag.py
[2026-02-09T19:33:04.074+0000] {processor.py:840} INFO - DAG(s) 'fork2_dag' retrieved from /opt/airflow/dags/setup_dag.py
[2026-02-09T19:33:04.112+0000] {logging_mixin.py:188} INFO - [2026-02-09T19:33:04.112+0000] {dag.py:3036} INFO - Sync 1 DAGs
[2026-02-09T19:33:04.150+0000] {logging_mixin.py:188} INFO - [2026-02-09T19:33:04.150+0000] {dag.py:3823} INFO - Setting next_dagrun for fork2_dag to 2026-02-09 19:32:50+00:00, run_after=2026-02-09 19:33:00+00:00
[2026-02-09T19:33:04.180+0000] {processor.py:183} INFO - Processing /opt/airflow/dags/setup_dag.py took 0.125 seconds
[2026-02-09T19:33:34.263+0000] {processor.py:161} INFO - Started process (PID=37542) to work on /opt/airflow/dags/setup_dag.py
[2026-02-09T19:33:34.264+0000] {processor.py:830} INFO - Processing file /opt/airflow/dags/setup_dag.py for tasks to queue
[2026-02-09T19:33:34.267+0000] {logging_mixin.py:188} INFO - [2026-02-09T19:33:34.267+0000] {dagbag.py:538} INFO - Filling up the DagBag from /opt/airflow/dags/setup_dag.py
[2026-02-09T19:33:34.278+0000] {processor.py:840} INFO - DAG(s) 'fork2_dag' retrieved from /opt/airflow/dags/setup_dag.py
[2026-02-09T19:33:34.511+0000] {logging_mixin.py:188} INFO - [2026-02-09T19:33:34.510+0000] {dag.py:3036} INFO - Sync 1 DAGs
[2026-02-09T19:33:34.744+0000] {logging_mixin.py:188} INFO - [2026-02-09T19:33:34.744+0000] {dag.py:3823} INFO - Setting next_dagrun for fork2_dag to 2026-02-09 19:33:20+00:00, run_after=2026-02-09 19:33:30+00:00
[2026-02-09T19:33:34.779+0000] {processor.py:183} INFO - Processing /opt/airflow/dags/setup_dag.py took 0.523 seconds
[2026-02-09T19:34:05.483+0000] {processor.py:161} INFO - Started process (PID=37622) to work on /opt/airflow/dags/setup_dag.py
[2026-02-09T19:34:05.485+0000] {processor.py:830} INFO - Processing file /opt/airflow/dags/setup_dag.py for tasks to queue
[2026-02-09T19:34:05.489+0000] {logging_mixin.py:188} INFO - [2026-02-09T19:34:05.488+0000] {dagbag.py:538} INFO - Filling up the DagBag from /opt/airflow/dags/setup_dag.py
[2026-02-09T19:34:05.512+0000] {processor.py:840} INFO - DAG(s) 'fork2_dag' retrieved from /opt/airflow/dags/setup_dag.py
[2026-02-09T19:34:05.557+0000] {logging_mixin.py:188} INFO - [2026-02-09T19:34:05.557+0000] {dag.py:3036} INFO - Sync 1 DAGs
[2026-02-09T19:34:05.602+0000] {logging_mixin.py:188} INFO - [2026-02-09T19:34:05.601+0000] {dag.py:3823} INFO - Setting next_dagrun for fork2_dag to 2026-02-09 19:33:50+00:00, run_after=2026-02-09 19:34:00+00:00
[2026-02-09T19:34:05.638+0000] {processor.py:183} INFO - Processing /opt/airflow/dags/setup_dag.py took 0.161 seconds
[2026-02-09T19:34:35.865+0000] {processor.py:161} INFO - Started process (PID=37700) to work on /opt/airflow/dags/setup_dag.py
[2026-02-09T19:34:35.867+0000] {processor.py:830} INFO - Processing file /opt/airflow/dags/setup_dag.py for tasks to queue
[2026-02-09T19:34:35.870+0000] {logging_mixin.py:188} INFO - [2026-02-09T19:34:35.869+0000] {dagbag.py:538} INFO - Filling up the DagBag from /opt/airflow/dags/setup_dag.py
[2026-02-09T19:34:35.879+0000] {processor.py:840} INFO - DAG(s) 'fork2_dag' retrieved from /opt/airflow/dags/setup_dag.py
[2026-02-09T19:34:36.088+0000] {logging_mixin.py:188} INFO - [2026-02-09T19:34:36.087+0000] {dag.py:3036} INFO - Sync 1 DAGs
[2026-02-09T19:34:36.134+0000] {logging_mixin.py:188} INFO - [2026-02-09T19:34:36.133+0000] {dag.py:3823} INFO - Setting next_dagrun for fork2_dag to 2026-02-09 19:34:20+00:00, run_after=2026-02-09 19:34:30+00:00
[2026-02-09T19:34:36.359+0000] {processor.py:183} INFO - Processing /opt/airflow/dags/setup_dag.py took 0.499 seconds
[2026-02-09T19:35:06.418+0000] {processor.py:161} INFO - Started process (PID=37779) to work on /opt/airflow/dags/setup_dag.py
[2026-02-09T19:35:06.420+0000] {processor.py:830} INFO - Processing file /opt/airflow/dags/setup_dag.py for tasks to queue
[2026-02-09T19:35:06.423+0000] {logging_mixin.py:188} INFO - [2026-02-09T19:35:06.423+0000] {dagbag.py:538} INFO - Filling up the DagBag from /opt/airflow/dags/setup_dag.py
[2026-02-09T19:35:06.433+0000] {processor.py:840} INFO - DAG(s) 'fork2_dag' retrieved from /opt/airflow/dags/setup_dag.py
[2026-02-09T19:35:06.464+0000] {logging_mixin.py:188} INFO - [2026-02-09T19:35:06.464+0000] {dag.py:3036} INFO - Sync 1 DAGs
[2026-02-09T19:35:06.502+0000] {logging_mixin.py:188} INFO - [2026-02-09T19:35:06.502+0000] {dag.py:3823} INFO - Setting next_dagrun for fork2_dag to 2026-02-09 19:34:50+00:00, run_after=2026-02-09 19:35:00+00:00
[2026-02-09T19:35:06.534+0000] {processor.py:183} INFO - Processing /opt/airflow/dags/setup_dag.py took 0.120 seconds
[2026-02-09T19:35:36.767+0000] {processor.py:161} INFO - Started process (PID=37857) to work on /opt/airflow/dags/setup_dag.py
[2026-02-09T19:35:36.769+0000] {processor.py:830} INFO - Processing file /opt/airflow/dags/setup_dag.py for tasks to queue
[2026-02-09T19:35:36.772+0000] {logging_mixin.py:188} INFO - [2026-02-09T19:35:36.771+0000] {dagbag.py:538} INFO - Filling up the DagBag from /opt/airflow/dags/setup_dag.py
[2026-02-09T19:35:36.790+0000] {processor.py:840} INFO - DAG(s) 'fork2_dag' retrieved from /opt/airflow/dags/setup_dag.py
[2026-02-09T19:35:36.996+0000] {logging_mixin.py:188} INFO - [2026-02-09T19:35:36.995+0000] {dag.py:3036} INFO - Sync 1 DAGs
[2026-02-09T19:35:37.030+0000] {logging_mixin.py:188} INFO - [2026-02-09T19:35:37.029+0000] {dag.py:3823} INFO - Setting next_dagrun for fork2_dag to 2026-02-09 19:35:20+00:00, run_after=2026-02-09 19:35:30+00:00
[2026-02-09T19:35:37.062+0000] {processor.py:183} INFO - Processing /opt/airflow/dags/setup_dag.py took 0.300 seconds
[2026-02-09T19:36:07.197+0000] {processor.py:161} INFO - Started process (PID=37937) to work on /opt/airflow/dags/setup_dag.py
[2026-02-09T19:36:07.198+0000] {processor.py:830} INFO - Processing file /opt/airflow/dags/setup_dag.py for tasks to queue
[2026-02-09T19:36:07.201+0000] {logging_mixin.py:188} INFO - [2026-02-09T19:36:07.200+0000] {dagbag.py:538} INFO - Filling up the DagBag from /opt/airflow/dags/setup_dag.py
[2026-02-09T19:36:07.210+0000] {processor.py:840} INFO - DAG(s) 'fork2_dag' retrieved from /opt/airflow/dags/setup_dag.py
[2026-02-09T19:36:07.244+0000] {logging_mixin.py:188} INFO - [2026-02-09T19:36:07.243+0000] {dag.py:3036} INFO - Sync 1 DAGs
[2026-02-09T19:36:07.279+0000] {logging_mixin.py:188} INFO - [2026-02-09T19:36:07.279+0000] {dag.py:3823} INFO - Setting next_dagrun for fork2_dag to 2026-02-09 19:35:50+00:00, run_after=2026-02-09 19:36:00+00:00
[2026-02-09T19:36:07.310+0000] {processor.py:183} INFO - Processing /opt/airflow/dags/setup_dag.py took 0.117 seconds
[2026-02-09T19:36:37.481+0000] {processor.py:161} INFO - Started process (PID=38016) to work on /opt/airflow/dags/setup_dag.py
[2026-02-09T19:36:37.483+0000] {processor.py:830} INFO - Processing file /opt/airflow/dags/setup_dag.py for tasks to queue
[2026-02-09T19:36:37.485+0000] {logging_mixin.py:188} INFO - [2026-02-09T19:36:37.485+0000] {dagbag.py:538} INFO - Filling up the DagBag from /opt/airflow/dags/setup_dag.py
[2026-02-09T19:36:37.495+0000] {processor.py:840} INFO - DAG(s) 'fork2_dag' retrieved from /opt/airflow/dags/setup_dag.py
[2026-02-09T19:36:37.844+0000] {logging_mixin.py:188} INFO - [2026-02-09T19:36:37.844+0000] {dag.py:3036} INFO - Sync 1 DAGs
[2026-02-09T19:36:37.883+0000] {logging_mixin.py:188} INFO - [2026-02-09T19:36:37.882+0000] {dag.py:3823} INFO - Setting next_dagrun for fork2_dag to 2026-02-09 19:36:20+00:00, run_after=2026-02-09 19:36:30+00:00
[2026-02-09T19:36:37.925+0000] {processor.py:183} INFO - Processing /opt/airflow/dags/setup_dag.py took 0.450 seconds
[2026-02-09T19:37:07.986+0000] {processor.py:161} INFO - Started process (PID=38093) to work on /opt/airflow/dags/setup_dag.py
[2026-02-09T19:37:07.987+0000] {processor.py:830} INFO - Processing file /opt/airflow/dags/setup_dag.py for tasks to queue
[2026-02-09T19:37:07.990+0000] {logging_mixin.py:188} INFO - [2026-02-09T19:37:07.989+0000] {dagbag.py:538} INFO - Filling up the DagBag from /opt/airflow/dags/setup_dag.py
[2026-02-09T19:37:07.999+0000] {processor.py:840} INFO - DAG(s) 'fork2_dag' retrieved from /opt/airflow/dags/setup_dag.py
[2026-02-09T19:37:08.035+0000] {logging_mixin.py:188} INFO - [2026-02-09T19:37:08.034+0000] {dag.py:3036} INFO - Sync 1 DAGs
[2026-02-09T19:37:08.072+0000] {logging_mixin.py:188} INFO - [2026-02-09T19:37:08.071+0000] {dag.py:3823} INFO - Setting next_dagrun for fork2_dag to 2026-02-09 19:36:50+00:00, run_after=2026-02-09 19:37:00+00:00
[2026-02-09T19:37:08.110+0000] {processor.py:183} INFO - Processing /opt/airflow/dags/setup_dag.py took 0.130 seconds
[2026-02-09T19:37:38.468+0000] {processor.py:161} INFO - Started process (PID=38172) to work on /opt/airflow/dags/setup_dag.py
[2026-02-09T19:37:38.470+0000] {processor.py:830} INFO - Processing file /opt/airflow/dags/setup_dag.py for tasks to queue
[2026-02-09T19:37:38.473+0000] {logging_mixin.py:188} INFO - [2026-02-09T19:37:38.472+0000] {dagbag.py:538} INFO - Filling up the DagBag from /opt/airflow/dags/setup_dag.py
[2026-02-09T19:37:38.483+0000] {processor.py:840} INFO - DAG(s) 'fork2_dag' retrieved from /opt/airflow/dags/setup_dag.py
[2026-02-09T19:37:38.909+0000] {logging_mixin.py:188} INFO - [2026-02-09T19:37:38.908+0000] {dag.py:3036} INFO - Sync 1 DAGs
[2026-02-09T19:37:38.948+0000] {logging_mixin.py:188} INFO - [2026-02-09T19:37:38.948+0000] {dag.py:3823} INFO - Setting next_dagrun for fork2_dag to 2026-02-09 19:37:20+00:00, run_after=2026-02-09 19:37:30+00:00
[2026-02-09T19:37:38.981+0000] {processor.py:183} INFO - Processing /opt/airflow/dags/setup_dag.py took 0.519 seconds
[2026-02-09T19:38:09.453+0000] {processor.py:161} INFO - Started process (PID=38253) to work on /opt/airflow/dags/setup_dag.py
[2026-02-09T19:38:09.454+0000] {processor.py:830} INFO - Processing file /opt/airflow/dags/setup_dag.py for tasks to queue
[2026-02-09T19:38:09.457+0000] {logging_mixin.py:188} INFO - [2026-02-09T19:38:09.456+0000] {dagbag.py:538} INFO - Filling up the DagBag from /opt/airflow/dags/setup_dag.py
[2026-02-09T19:38:09.466+0000] {processor.py:840} INFO - DAG(s) 'fork2_dag' retrieved from /opt/airflow/dags/setup_dag.py
[2026-02-09T19:38:09.487+0000] {logging_mixin.py:188} INFO - [2026-02-09T19:38:09.487+0000] {dag.py:3036} INFO - Sync 1 DAGs
[2026-02-09T19:38:09.533+0000] {logging_mixin.py:188} INFO - [2026-02-09T19:38:09.532+0000] {dag.py:3823} INFO - Setting next_dagrun for fork2_dag to 2026-02-09 19:37:50+00:00, run_after=2026-02-09 19:38:00+00:00
[2026-02-09T19:38:09.567+0000] {processor.py:183} INFO - Processing /opt/airflow/dags/setup_dag.py took 0.119 seconds
[2026-02-09T19:38:40.045+0000] {processor.py:161} INFO - Started process (PID=38339) to work on /opt/airflow/dags/setup_dag.py
[2026-02-09T19:38:40.047+0000] {processor.py:830} INFO - Processing file /opt/airflow/dags/setup_dag.py for tasks to queue
[2026-02-09T19:38:40.051+0000] {logging_mixin.py:188} INFO - [2026-02-09T19:38:40.050+0000] {dagbag.py:538} INFO - Filling up the DagBag from /opt/airflow/dags/setup_dag.py
[2026-02-09T19:38:40.062+0000] {processor.py:840} INFO - DAG(s) 'fork2_dag' retrieved from /opt/airflow/dags/setup_dag.py
[2026-02-09T19:38:40.294+0000] {logging_mixin.py:188} INFO - [2026-02-09T19:38:40.293+0000] {dag.py:3036} INFO - Sync 1 DAGs
[2026-02-09T19:38:40.545+0000] {logging_mixin.py:188} INFO - [2026-02-09T19:38:40.544+0000] {dag.py:3823} INFO - Setting next_dagrun for fork2_dag to 2026-02-09 19:38:30+00:00, run_after=2026-02-09 19:38:40+00:00
[2026-02-09T19:38:40.588+0000] {processor.py:183} INFO - Processing /opt/airflow/dags/setup_dag.py took 0.549 seconds
[2026-02-09T19:39:11.136+0000] {processor.py:161} INFO - Started process (PID=38420) to work on /opt/airflow/dags/setup_dag.py
[2026-02-09T19:39:11.137+0000] {processor.py:830} INFO - Processing file /opt/airflow/dags/setup_dag.py for tasks to queue
[2026-02-09T19:39:11.140+0000] {logging_mixin.py:188} INFO - [2026-02-09T19:39:11.139+0000] {dagbag.py:538} INFO - Filling up the DagBag from /opt/airflow/dags/setup_dag.py
[2026-02-09T19:39:11.150+0000] {processor.py:840} INFO - DAG(s) 'fork2_dag' retrieved from /opt/airflow/dags/setup_dag.py
[2026-02-09T19:39:11.171+0000] {logging_mixin.py:188} INFO - [2026-02-09T19:39:11.171+0000] {dag.py:3036} INFO - Sync 1 DAGs
[2026-02-09T19:39:11.214+0000] {logging_mixin.py:188} INFO - [2026-02-09T19:39:11.214+0000] {dag.py:3823} INFO - Setting next_dagrun for fork2_dag to 2026-02-09 19:39:00+00:00, run_after=2026-02-09 19:39:10+00:00
[2026-02-09T19:39:11.453+0000] {processor.py:183} INFO - Processing /opt/airflow/dags/setup_dag.py took 0.323 seconds
[2026-02-09T19:39:41.674+0000] {processor.py:161} INFO - Started process (PID=38497) to work on /opt/airflow/dags/setup_dag.py
[2026-02-09T19:39:41.676+0000] {processor.py:830} INFO - Processing file /opt/airflow/dags/setup_dag.py for tasks to queue
[2026-02-09T19:39:41.679+0000] {logging_mixin.py:188} INFO - [2026-02-09T19:39:41.678+0000] {dagbag.py:538} INFO - Filling up the DagBag from /opt/airflow/dags/setup_dag.py
[2026-02-09T19:39:41.690+0000] {processor.py:840} INFO - DAG(s) 'fork2_dag' retrieved from /opt/airflow/dags/setup_dag.py
[2026-02-09T19:39:42.122+0000] {logging_mixin.py:188} INFO - [2026-02-09T19:39:42.121+0000] {dag.py:3036} INFO - Sync 1 DAGs
[2026-02-09T19:39:42.166+0000] {logging_mixin.py:188} INFO - [2026-02-09T19:39:42.166+0000] {dag.py:3823} INFO - Setting next_dagrun for fork2_dag to 2026-02-09 19:39:30+00:00, run_after=2026-02-09 19:39:40+00:00
[2026-02-09T19:39:42.231+0000] {processor.py:183} INFO - Processing /opt/airflow/dags/setup_dag.py took 0.563 seconds
[2026-02-09T19:40:12.840+0000] {processor.py:161} INFO - Started process (PID=38575) to work on /opt/airflow/dags/setup_dag.py
[2026-02-09T19:40:12.841+0000] {processor.py:830} INFO - Processing file /opt/airflow/dags/setup_dag.py for tasks to queue
[2026-02-09T19:40:12.843+0000] {logging_mixin.py:188} INFO - [2026-02-09T19:40:12.843+0000] {dagbag.py:538} INFO - Filling up the DagBag from /opt/airflow/dags/setup_dag.py
[2026-02-09T19:40:12.854+0000] {processor.py:840} INFO - DAG(s) 'fork2_dag' retrieved from /opt/airflow/dags/setup_dag.py
[2026-02-09T19:40:12.889+0000] {logging_mixin.py:188} INFO - [2026-02-09T19:40:12.888+0000] {dag.py:3036} INFO - Sync 1 DAGs
[2026-02-09T19:40:12.936+0000] {logging_mixin.py:188} INFO - [2026-02-09T19:40:12.936+0000] {dag.py:3823} INFO - Setting next_dagrun for fork2_dag to 2026-02-09 19:40:00+00:00, run_after=2026-02-09 19:40:10+00:00
[2026-02-09T19:40:12.972+0000] {processor.py:183} INFO - Processing /opt/airflow/dags/setup_dag.py took 0.138 seconds
[2026-02-09T19:40:43.118+0000] {processor.py:161} INFO - Started process (PID=38652) to work on /opt/airflow/dags/setup_dag.py
[2026-02-09T19:40:43.121+0000] {processor.py:830} INFO - Processing file /opt/airflow/dags/setup_dag.py for tasks to queue
[2026-02-09T19:40:43.124+0000] {logging_mixin.py:188} INFO - [2026-02-09T19:40:43.124+0000] {dagbag.py:538} INFO - Filling up the DagBag from /opt/airflow/dags/setup_dag.py
[2026-02-09T19:40:43.134+0000] {processor.py:840} INFO - DAG(s) 'fork2_dag' retrieved from /opt/airflow/dags/setup_dag.py
[2026-02-09T19:40:43.170+0000] {logging_mixin.py:188} INFO - [2026-02-09T19:40:43.169+0000] {dag.py:3036} INFO - Sync 1 DAGs
[2026-02-09T19:40:43.214+0000] {logging_mixin.py:188} INFO - [2026-02-09T19:40:43.214+0000] {dag.py:3823} INFO - Setting next_dagrun for fork2_dag to 2026-02-09 19:40:30+00:00, run_after=2026-02-09 19:40:40+00:00
[2026-02-09T19:40:43.251+0000] {processor.py:183} INFO - Processing /opt/airflow/dags/setup_dag.py took 0.141 seconds
[2026-02-09T19:41:13.438+0000] {processor.py:161} INFO - Started process (PID=38730) to work on /opt/airflow/dags/setup_dag.py
[2026-02-09T19:41:13.440+0000] {processor.py:830} INFO - Processing file /opt/airflow/dags/setup_dag.py for tasks to queue
[2026-02-09T19:41:13.443+0000] {logging_mixin.py:188} INFO - [2026-02-09T19:41:13.442+0000] {dagbag.py:538} INFO - Filling up the DagBag from /opt/airflow/dags/setup_dag.py
[2026-02-09T19:41:13.453+0000] {processor.py:840} INFO - DAG(s) 'fork2_dag' retrieved from /opt/airflow/dags/setup_dag.py
[2026-02-09T19:41:13.704+0000] {logging_mixin.py:188} INFO - [2026-02-09T19:41:13.704+0000] {dag.py:3036} INFO - Sync 1 DAGs
[2026-02-09T19:41:13.746+0000] {logging_mixin.py:188} INFO - [2026-02-09T19:41:13.746+0000] {dag.py:3823} INFO - Setting next_dagrun for fork2_dag to 2026-02-09 19:41:00+00:00, run_after=2026-02-09 19:41:10+00:00
[2026-02-09T19:41:13.783+0000] {processor.py:183} INFO - Processing /opt/airflow/dags/setup_dag.py took 0.350 seconds
[2026-02-09T19:41:43.870+0000] {processor.py:161} INFO - Started process (PID=38808) to work on /opt/airflow/dags/setup_dag.py
[2026-02-09T19:41:43.872+0000] {processor.py:830} INFO - Processing file /opt/airflow/dags/setup_dag.py for tasks to queue
[2026-02-09T19:41:43.875+0000] {logging_mixin.py:188} INFO - [2026-02-09T19:41:43.874+0000] {dagbag.py:538} INFO - Filling up the DagBag from /opt/airflow/dags/setup_dag.py
[2026-02-09T19:41:43.884+0000] {processor.py:840} INFO - DAG(s) 'fork2_dag' retrieved from /opt/airflow/dags/setup_dag.py
[2026-02-09T19:41:43.904+0000] {logging_mixin.py:188} INFO - [2026-02-09T19:41:43.903+0000] {dag.py:3036} INFO - Sync 1 DAGs
[2026-02-09T19:41:43.942+0000] {logging_mixin.py:188} INFO - [2026-02-09T19:41:43.942+0000] {dag.py:3823} INFO - Setting next_dagrun for fork2_dag to 2026-02-09 19:41:30+00:00, run_after=2026-02-09 19:41:40+00:00
[2026-02-09T19:41:43.977+0000] {processor.py:183} INFO - Processing /opt/airflow/dags/setup_dag.py took 0.112 seconds
[2026-02-09T19:42:14.144+0000] {processor.py:161} INFO - Started process (PID=38884) to work on /opt/airflow/dags/setup_dag.py
[2026-02-09T19:42:14.145+0000] {processor.py:830} INFO - Processing file /opt/airflow/dags/setup_dag.py for tasks to queue
[2026-02-09T19:42:14.148+0000] {logging_mixin.py:188} INFO - [2026-02-09T19:42:14.147+0000] {dagbag.py:538} INFO - Filling up the DagBag from /opt/airflow/dags/setup_dag.py
[2026-02-09T19:42:14.157+0000] {processor.py:840} INFO - DAG(s) 'fork2_dag' retrieved from /opt/airflow/dags/setup_dag.py
[2026-02-09T19:42:14.347+0000] {logging_mixin.py:188} INFO - [2026-02-09T19:42:14.346+0000] {dag.py:3036} INFO - Sync 1 DAGs
[2026-02-09T19:42:14.378+0000] {logging_mixin.py:188} INFO - [2026-02-09T19:42:14.378+0000] {dag.py:3823} INFO - Setting next_dagrun for fork2_dag to 2026-02-09 19:42:00+00:00, run_after=2026-02-09 19:42:10+00:00
[2026-02-09T19:42:14.413+0000] {processor.py:183} INFO - Processing /opt/airflow/dags/setup_dag.py took 0.274 seconds
[2026-02-09T19:42:44.765+0000] {processor.py:161} INFO - Started process (PID=38963) to work on /opt/airflow/dags/setup_dag.py
[2026-02-09T19:42:44.767+0000] {processor.py:830} INFO - Processing file /opt/airflow/dags/setup_dag.py for tasks to queue
[2026-02-09T19:42:44.770+0000] {logging_mixin.py:188} INFO - [2026-02-09T19:42:44.769+0000] {dagbag.py:538} INFO - Filling up the DagBag from /opt/airflow/dags/setup_dag.py
[2026-02-09T19:42:44.779+0000] {processor.py:840} INFO - DAG(s) 'fork2_dag' retrieved from /opt/airflow/dags/setup_dag.py
[2026-02-09T19:42:44.811+0000] {logging_mixin.py:188} INFO - [2026-02-09T19:42:44.811+0000] {dag.py:3036} INFO - Sync 1 DAGs
[2026-02-09T19:42:44.846+0000] {logging_mixin.py:188} INFO - [2026-02-09T19:42:44.846+0000] {dag.py:3823} INFO - Setting next_dagrun for fork2_dag to 2026-02-09 19:42:30+00:00, run_after=2026-02-09 19:42:40+00:00
[2026-02-09T19:42:44.876+0000] {processor.py:183} INFO - Processing /opt/airflow/dags/setup_dag.py took 0.115 seconds
