[2026-01-21T08:55:11.113+0000] {processor.py:161} INFO - Started process (PID=65) to work on /home/airflow/.local/lib/python3.8/site-packages/airflow/example_dags/example_dynamic_task_mapping_with_no_taskflow_operators.py
[2026-01-21T08:55:11.115+0000] {processor.py:830} INFO - Processing file /home/airflow/.local/lib/python3.8/site-packages/airflow/example_dags/example_dynamic_task_mapping_with_no_taskflow_operators.py for tasks to queue
[2026-01-21T08:55:11.117+0000] {logging_mixin.py:188} INFO - [2026-01-21T08:55:11.117+0000] {dagbag.py:538} INFO - Filling up the DagBag from /home/airflow/.local/lib/python3.8/site-packages/airflow/example_dags/example_dynamic_task_mapping_with_no_taskflow_operators.py
[2026-01-21T08:55:11.166+0000] {processor.py:840} INFO - DAG(s) 'example_dynamic_task_mapping_with_no_taskflow_operators' retrieved from /home/airflow/.local/lib/python3.8/site-packages/airflow/example_dags/example_dynamic_task_mapping_with_no_taskflow_operators.py
[2026-01-21T08:55:11.725+0000] {logging_mixin.py:188} INFO - [2026-01-21T08:55:11.724+0000] {dag.py:3036} INFO - Sync 1 DAGs
[2026-01-21T08:55:11.802+0000] {logging_mixin.py:188} INFO - [2026-01-21T08:55:11.802+0000] {dag.py:3823} INFO - Setting next_dagrun for example_dynamic_task_mapping_with_no_taskflow_operators to 2026-01-20 00:00:00+00:00, run_after=2026-01-21 00:00:00+00:00
[2026-01-21T08:55:11.890+0000] {processor.py:183} INFO - Processing /home/airflow/.local/lib/python3.8/site-packages/airflow/example_dags/example_dynamic_task_mapping_with_no_taskflow_operators.py took 0.789 seconds
[2026-01-21T08:55:42.277+0000] {processor.py:161} INFO - Started process (PID=130) to work on /home/airflow/.local/lib/python3.8/site-packages/airflow/example_dags/example_dynamic_task_mapping_with_no_taskflow_operators.py
[2026-01-21T08:55:42.278+0000] {processor.py:830} INFO - Processing file /home/airflow/.local/lib/python3.8/site-packages/airflow/example_dags/example_dynamic_task_mapping_with_no_taskflow_operators.py for tasks to queue
[2026-01-21T08:55:42.280+0000] {logging_mixin.py:188} INFO - [2026-01-21T08:55:42.280+0000] {dagbag.py:538} INFO - Filling up the DagBag from /home/airflow/.local/lib/python3.8/site-packages/airflow/example_dags/example_dynamic_task_mapping_with_no_taskflow_operators.py
[2026-01-21T08:55:42.289+0000] {processor.py:840} INFO - DAG(s) 'example_dynamic_task_mapping_with_no_taskflow_operators' retrieved from /home/airflow/.local/lib/python3.8/site-packages/airflow/example_dags/example_dynamic_task_mapping_with_no_taskflow_operators.py
[2026-01-21T08:55:42.321+0000] {logging_mixin.py:188} INFO - [2026-01-21T08:55:42.321+0000] {dag.py:3036} INFO - Sync 1 DAGs
[2026-01-21T08:55:42.363+0000] {logging_mixin.py:188} INFO - [2026-01-21T08:55:42.363+0000] {dag.py:3823} INFO - Setting next_dagrun for example_dynamic_task_mapping_with_no_taskflow_operators to 2026-01-20 00:00:00+00:00, run_after=2026-01-21 00:00:00+00:00
[2026-01-21T08:55:42.399+0000] {processor.py:183} INFO - Processing /home/airflow/.local/lib/python3.8/site-packages/airflow/example_dags/example_dynamic_task_mapping_with_no_taskflow_operators.py took 0.127 seconds
[2026-01-21T08:56:12.772+0000] {processor.py:161} INFO - Started process (PID=196) to work on /home/airflow/.local/lib/python3.8/site-packages/airflow/example_dags/example_dynamic_task_mapping_with_no_taskflow_operators.py
[2026-01-21T08:56:12.774+0000] {processor.py:830} INFO - Processing file /home/airflow/.local/lib/python3.8/site-packages/airflow/example_dags/example_dynamic_task_mapping_with_no_taskflow_operators.py for tasks to queue
[2026-01-21T08:56:12.777+0000] {logging_mixin.py:188} INFO - [2026-01-21T08:56:12.776+0000] {dagbag.py:538} INFO - Filling up the DagBag from /home/airflow/.local/lib/python3.8/site-packages/airflow/example_dags/example_dynamic_task_mapping_with_no_taskflow_operators.py
[2026-01-21T08:56:12.787+0000] {processor.py:840} INFO - DAG(s) 'example_dynamic_task_mapping_with_no_taskflow_operators' retrieved from /home/airflow/.local/lib/python3.8/site-packages/airflow/example_dags/example_dynamic_task_mapping_with_no_taskflow_operators.py
[2026-01-21T08:56:12.818+0000] {logging_mixin.py:188} INFO - [2026-01-21T08:56:12.817+0000] {dag.py:3036} INFO - Sync 1 DAGs
[2026-01-21T08:56:12.866+0000] {logging_mixin.py:188} INFO - [2026-01-21T08:56:12.866+0000] {dag.py:3823} INFO - Setting next_dagrun for example_dynamic_task_mapping_with_no_taskflow_operators to 2026-01-20 00:00:00+00:00, run_after=2026-01-21 00:00:00+00:00
[2026-01-21T08:56:12.907+0000] {processor.py:183} INFO - Processing /home/airflow/.local/lib/python3.8/site-packages/airflow/example_dags/example_dynamic_task_mapping_with_no_taskflow_operators.py took 0.140 seconds
[2026-01-21T08:56:43.144+0000] {processor.py:161} INFO - Started process (PID=261) to work on /home/airflow/.local/lib/python3.8/site-packages/airflow/example_dags/example_dynamic_task_mapping_with_no_taskflow_operators.py
[2026-01-21T08:56:43.146+0000] {processor.py:830} INFO - Processing file /home/airflow/.local/lib/python3.8/site-packages/airflow/example_dags/example_dynamic_task_mapping_with_no_taskflow_operators.py for tasks to queue
[2026-01-21T08:56:43.148+0000] {logging_mixin.py:188} INFO - [2026-01-21T08:56:43.147+0000] {dagbag.py:538} INFO - Filling up the DagBag from /home/airflow/.local/lib/python3.8/site-packages/airflow/example_dags/example_dynamic_task_mapping_with_no_taskflow_operators.py
[2026-01-21T08:56:43.156+0000] {processor.py:840} INFO - DAG(s) 'example_dynamic_task_mapping_with_no_taskflow_operators' retrieved from /home/airflow/.local/lib/python3.8/site-packages/airflow/example_dags/example_dynamic_task_mapping_with_no_taskflow_operators.py
[2026-01-21T08:56:43.184+0000] {logging_mixin.py:188} INFO - [2026-01-21T08:56:43.183+0000] {dag.py:3036} INFO - Sync 1 DAGs
[2026-01-21T08:56:43.216+0000] {logging_mixin.py:188} INFO - [2026-01-21T08:56:43.215+0000] {dag.py:3823} INFO - Setting next_dagrun for example_dynamic_task_mapping_with_no_taskflow_operators to 2026-01-20 00:00:00+00:00, run_after=2026-01-21 00:00:00+00:00
[2026-01-21T08:56:43.238+0000] {processor.py:183} INFO - Processing /home/airflow/.local/lib/python3.8/site-packages/airflow/example_dags/example_dynamic_task_mapping_with_no_taskflow_operators.py took 0.098 seconds
[2026-01-21T08:57:13.318+0000] {processor.py:161} INFO - Started process (PID=328) to work on /home/airflow/.local/lib/python3.8/site-packages/airflow/example_dags/example_dynamic_task_mapping_with_no_taskflow_operators.py
[2026-01-21T08:57:13.319+0000] {processor.py:830} INFO - Processing file /home/airflow/.local/lib/python3.8/site-packages/airflow/example_dags/example_dynamic_task_mapping_with_no_taskflow_operators.py for tasks to queue
[2026-01-21T08:57:13.321+0000] {logging_mixin.py:188} INFO - [2026-01-21T08:57:13.321+0000] {dagbag.py:538} INFO - Filling up the DagBag from /home/airflow/.local/lib/python3.8/site-packages/airflow/example_dags/example_dynamic_task_mapping_with_no_taskflow_operators.py
[2026-01-21T08:57:13.330+0000] {processor.py:840} INFO - DAG(s) 'example_dynamic_task_mapping_with_no_taskflow_operators' retrieved from /home/airflow/.local/lib/python3.8/site-packages/airflow/example_dags/example_dynamic_task_mapping_with_no_taskflow_operators.py
[2026-01-21T08:57:13.359+0000] {logging_mixin.py:188} INFO - [2026-01-21T08:57:13.359+0000] {dag.py:3036} INFO - Sync 1 DAGs
[2026-01-21T08:57:13.391+0000] {logging_mixin.py:188} INFO - [2026-01-21T08:57:13.390+0000] {dag.py:3823} INFO - Setting next_dagrun for example_dynamic_task_mapping_with_no_taskflow_operators to 2026-01-20 00:00:00+00:00, run_after=2026-01-21 00:00:00+00:00
[2026-01-21T08:57:13.419+0000] {processor.py:183} INFO - Processing /home/airflow/.local/lib/python3.8/site-packages/airflow/example_dags/example_dynamic_task_mapping_with_no_taskflow_operators.py took 0.105 seconds
[2026-01-21T08:57:43.795+0000] {processor.py:161} INFO - Started process (PID=392) to work on /home/airflow/.local/lib/python3.8/site-packages/airflow/example_dags/example_dynamic_task_mapping_with_no_taskflow_operators.py
[2026-01-21T08:57:43.797+0000] {processor.py:830} INFO - Processing file /home/airflow/.local/lib/python3.8/site-packages/airflow/example_dags/example_dynamic_task_mapping_with_no_taskflow_operators.py for tasks to queue
[2026-01-21T08:57:43.800+0000] {logging_mixin.py:188} INFO - [2026-01-21T08:57:43.800+0000] {dagbag.py:538} INFO - Filling up the DagBag from /home/airflow/.local/lib/python3.8/site-packages/airflow/example_dags/example_dynamic_task_mapping_with_no_taskflow_operators.py
[2026-01-21T08:57:43.810+0000] {processor.py:840} INFO - DAG(s) 'example_dynamic_task_mapping_with_no_taskflow_operators' retrieved from /home/airflow/.local/lib/python3.8/site-packages/airflow/example_dags/example_dynamic_task_mapping_with_no_taskflow_operators.py
[2026-01-21T08:57:43.844+0000] {logging_mixin.py:188} INFO - [2026-01-21T08:57:43.844+0000] {dag.py:3036} INFO - Sync 1 DAGs
[2026-01-21T08:57:43.882+0000] {logging_mixin.py:188} INFO - [2026-01-21T08:57:43.881+0000] {dag.py:3823} INFO - Setting next_dagrun for example_dynamic_task_mapping_with_no_taskflow_operators to 2026-01-20 00:00:00+00:00, run_after=2026-01-21 00:00:00+00:00
[2026-01-21T08:57:43.907+0000] {processor.py:183} INFO - Processing /home/airflow/.local/lib/python3.8/site-packages/airflow/example_dags/example_dynamic_task_mapping_with_no_taskflow_operators.py took 0.117 seconds
[2026-01-21T08:58:14.564+0000] {processor.py:161} INFO - Started process (PID=456) to work on /home/airflow/.local/lib/python3.8/site-packages/airflow/example_dags/example_dynamic_task_mapping_with_no_taskflow_operators.py
[2026-01-21T08:58:14.566+0000] {processor.py:830} INFO - Processing file /home/airflow/.local/lib/python3.8/site-packages/airflow/example_dags/example_dynamic_task_mapping_with_no_taskflow_operators.py for tasks to queue
[2026-01-21T08:58:14.569+0000] {logging_mixin.py:188} INFO - [2026-01-21T08:58:14.569+0000] {dagbag.py:538} INFO - Filling up the DagBag from /home/airflow/.local/lib/python3.8/site-packages/airflow/example_dags/example_dynamic_task_mapping_with_no_taskflow_operators.py
[2026-01-21T08:58:14.588+0000] {processor.py:840} INFO - DAG(s) 'example_dynamic_task_mapping_with_no_taskflow_operators' retrieved from /home/airflow/.local/lib/python3.8/site-packages/airflow/example_dags/example_dynamic_task_mapping_with_no_taskflow_operators.py
[2026-01-21T08:58:14.623+0000] {logging_mixin.py:188} INFO - [2026-01-21T08:58:14.623+0000] {dag.py:3036} INFO - Sync 1 DAGs
[2026-01-21T08:58:14.690+0000] {logging_mixin.py:188} INFO - [2026-01-21T08:58:14.690+0000] {dag.py:3823} INFO - Setting next_dagrun for example_dynamic_task_mapping_with_no_taskflow_operators to 2026-01-20 00:00:00+00:00, run_after=2026-01-21 00:00:00+00:00
[2026-01-21T08:58:14.725+0000] {processor.py:183} INFO - Processing /home/airflow/.local/lib/python3.8/site-packages/airflow/example_dags/example_dynamic_task_mapping_with_no_taskflow_operators.py took 0.166 seconds
[2026-01-21T08:58:44.865+0000] {processor.py:161} INFO - Started process (PID=529) to work on /home/airflow/.local/lib/python3.8/site-packages/airflow/example_dags/example_dynamic_task_mapping_with_no_taskflow_operators.py
[2026-01-21T08:58:44.866+0000] {processor.py:830} INFO - Processing file /home/airflow/.local/lib/python3.8/site-packages/airflow/example_dags/example_dynamic_task_mapping_with_no_taskflow_operators.py for tasks to queue
[2026-01-21T08:58:44.868+0000] {logging_mixin.py:188} INFO - [2026-01-21T08:58:44.868+0000] {dagbag.py:538} INFO - Filling up the DagBag from /home/airflow/.local/lib/python3.8/site-packages/airflow/example_dags/example_dynamic_task_mapping_with_no_taskflow_operators.py
[2026-01-21T08:58:44.877+0000] {processor.py:840} INFO - DAG(s) 'example_dynamic_task_mapping_with_no_taskflow_operators' retrieved from /home/airflow/.local/lib/python3.8/site-packages/airflow/example_dags/example_dynamic_task_mapping_with_no_taskflow_operators.py
[2026-01-21T08:58:44.908+0000] {logging_mixin.py:188} INFO - [2026-01-21T08:58:44.907+0000] {dag.py:3036} INFO - Sync 1 DAGs
[2026-01-21T08:58:44.949+0000] {logging_mixin.py:188} INFO - [2026-01-21T08:58:44.949+0000] {dag.py:3823} INFO - Setting next_dagrun for example_dynamic_task_mapping_with_no_taskflow_operators to 2026-01-20 00:00:00+00:00, run_after=2026-01-21 00:00:00+00:00
[2026-01-21T08:58:44.978+0000] {processor.py:183} INFO - Processing /home/airflow/.local/lib/python3.8/site-packages/airflow/example_dags/example_dynamic_task_mapping_with_no_taskflow_operators.py took 0.118 seconds
[2026-01-21T08:59:15.755+0000] {processor.py:161} INFO - Started process (PID=594) to work on /home/airflow/.local/lib/python3.8/site-packages/airflow/example_dags/example_dynamic_task_mapping_with_no_taskflow_operators.py
[2026-01-21T08:59:15.757+0000] {processor.py:830} INFO - Processing file /home/airflow/.local/lib/python3.8/site-packages/airflow/example_dags/example_dynamic_task_mapping_with_no_taskflow_operators.py for tasks to queue
[2026-01-21T08:59:15.759+0000] {logging_mixin.py:188} INFO - [2026-01-21T08:59:15.758+0000] {dagbag.py:538} INFO - Filling up the DagBag from /home/airflow/.local/lib/python3.8/site-packages/airflow/example_dags/example_dynamic_task_mapping_with_no_taskflow_operators.py
[2026-01-21T08:59:15.769+0000] {processor.py:840} INFO - DAG(s) 'example_dynamic_task_mapping_with_no_taskflow_operators' retrieved from /home/airflow/.local/lib/python3.8/site-packages/airflow/example_dags/example_dynamic_task_mapping_with_no_taskflow_operators.py
[2026-01-21T08:59:15.799+0000] {logging_mixin.py:188} INFO - [2026-01-21T08:59:15.798+0000] {dag.py:3036} INFO - Sync 1 DAGs
[2026-01-21T08:59:15.840+0000] {logging_mixin.py:188} INFO - [2026-01-21T08:59:15.840+0000] {dag.py:3823} INFO - Setting next_dagrun for example_dynamic_task_mapping_with_no_taskflow_operators to 2026-01-20 00:00:00+00:00, run_after=2026-01-21 00:00:00+00:00
[2026-01-21T08:59:15.871+0000] {processor.py:183} INFO - Processing /home/airflow/.local/lib/python3.8/site-packages/airflow/example_dags/example_dynamic_task_mapping_with_no_taskflow_operators.py took 0.121 seconds
[2026-01-21T08:59:46.123+0000] {processor.py:161} INFO - Started process (PID=658) to work on /home/airflow/.local/lib/python3.8/site-packages/airflow/example_dags/example_dynamic_task_mapping_with_no_taskflow_operators.py
[2026-01-21T08:59:46.125+0000] {processor.py:830} INFO - Processing file /home/airflow/.local/lib/python3.8/site-packages/airflow/example_dags/example_dynamic_task_mapping_with_no_taskflow_operators.py for tasks to queue
[2026-01-21T08:59:46.127+0000] {logging_mixin.py:188} INFO - [2026-01-21T08:59:46.127+0000] {dagbag.py:538} INFO - Filling up the DagBag from /home/airflow/.local/lib/python3.8/site-packages/airflow/example_dags/example_dynamic_task_mapping_with_no_taskflow_operators.py
[2026-01-21T08:59:46.135+0000] {processor.py:840} INFO - DAG(s) 'example_dynamic_task_mapping_with_no_taskflow_operators' retrieved from /home/airflow/.local/lib/python3.8/site-packages/airflow/example_dags/example_dynamic_task_mapping_with_no_taskflow_operators.py
[2026-01-21T08:59:46.162+0000] {logging_mixin.py:188} INFO - [2026-01-21T08:59:46.162+0000] {dag.py:3036} INFO - Sync 1 DAGs
[2026-01-21T08:59:46.195+0000] {logging_mixin.py:188} INFO - [2026-01-21T08:59:46.194+0000] {dag.py:3823} INFO - Setting next_dagrun for example_dynamic_task_mapping_with_no_taskflow_operators to 2026-01-20 00:00:00+00:00, run_after=2026-01-21 00:00:00+00:00
[2026-01-21T08:59:46.222+0000] {processor.py:183} INFO - Processing /home/airflow/.local/lib/python3.8/site-packages/airflow/example_dags/example_dynamic_task_mapping_with_no_taskflow_operators.py took 0.104 seconds
[2026-01-21T09:00:16.525+0000] {processor.py:161} INFO - Started process (PID=723) to work on /home/airflow/.local/lib/python3.8/site-packages/airflow/example_dags/example_dynamic_task_mapping_with_no_taskflow_operators.py
[2026-01-21T09:00:16.526+0000] {processor.py:830} INFO - Processing file /home/airflow/.local/lib/python3.8/site-packages/airflow/example_dags/example_dynamic_task_mapping_with_no_taskflow_operators.py for tasks to queue
[2026-01-21T09:00:16.529+0000] {logging_mixin.py:188} INFO - [2026-01-21T09:00:16.528+0000] {dagbag.py:538} INFO - Filling up the DagBag from /home/airflow/.local/lib/python3.8/site-packages/airflow/example_dags/example_dynamic_task_mapping_with_no_taskflow_operators.py
[2026-01-21T09:00:16.539+0000] {processor.py:840} INFO - DAG(s) 'example_dynamic_task_mapping_with_no_taskflow_operators' retrieved from /home/airflow/.local/lib/python3.8/site-packages/airflow/example_dags/example_dynamic_task_mapping_with_no_taskflow_operators.py
[2026-01-21T09:00:16.570+0000] {logging_mixin.py:188} INFO - [2026-01-21T09:00:16.569+0000] {dag.py:3036} INFO - Sync 1 DAGs
[2026-01-21T09:00:16.609+0000] {logging_mixin.py:188} INFO - [2026-01-21T09:00:16.609+0000] {dag.py:3823} INFO - Setting next_dagrun for example_dynamic_task_mapping_with_no_taskflow_operators to 2026-01-20 00:00:00+00:00, run_after=2026-01-21 00:00:00+00:00
[2026-01-21T09:00:16.635+0000] {processor.py:183} INFO - Processing /home/airflow/.local/lib/python3.8/site-packages/airflow/example_dags/example_dynamic_task_mapping_with_no_taskflow_operators.py took 0.116 seconds
[2026-01-21T09:00:47.089+0000] {processor.py:161} INFO - Started process (PID=787) to work on /home/airflow/.local/lib/python3.8/site-packages/airflow/example_dags/example_dynamic_task_mapping_with_no_taskflow_operators.py
[2026-01-21T09:00:47.091+0000] {processor.py:830} INFO - Processing file /home/airflow/.local/lib/python3.8/site-packages/airflow/example_dags/example_dynamic_task_mapping_with_no_taskflow_operators.py for tasks to queue
[2026-01-21T09:00:47.093+0000] {logging_mixin.py:188} INFO - [2026-01-21T09:00:47.093+0000] {dagbag.py:538} INFO - Filling up the DagBag from /home/airflow/.local/lib/python3.8/site-packages/airflow/example_dags/example_dynamic_task_mapping_with_no_taskflow_operators.py
[2026-01-21T09:00:47.101+0000] {processor.py:840} INFO - DAG(s) 'example_dynamic_task_mapping_with_no_taskflow_operators' retrieved from /home/airflow/.local/lib/python3.8/site-packages/airflow/example_dags/example_dynamic_task_mapping_with_no_taskflow_operators.py
[2026-01-21T09:00:47.128+0000] {logging_mixin.py:188} INFO - [2026-01-21T09:00:47.128+0000] {dag.py:3036} INFO - Sync 1 DAGs
[2026-01-21T09:00:47.160+0000] {logging_mixin.py:188} INFO - [2026-01-21T09:00:47.160+0000] {dag.py:3823} INFO - Setting next_dagrun for example_dynamic_task_mapping_with_no_taskflow_operators to 2026-01-20 00:00:00+00:00, run_after=2026-01-21 00:00:00+00:00
[2026-01-21T09:00:47.186+0000] {processor.py:183} INFO - Processing /home/airflow/.local/lib/python3.8/site-packages/airflow/example_dags/example_dynamic_task_mapping_with_no_taskflow_operators.py took 0.101 seconds
[2026-01-21T09:01:17.584+0000] {processor.py:161} INFO - Started process (PID=852) to work on /home/airflow/.local/lib/python3.8/site-packages/airflow/example_dags/example_dynamic_task_mapping_with_no_taskflow_operators.py
[2026-01-21T09:01:17.586+0000] {processor.py:830} INFO - Processing file /home/airflow/.local/lib/python3.8/site-packages/airflow/example_dags/example_dynamic_task_mapping_with_no_taskflow_operators.py for tasks to queue
[2026-01-21T09:01:17.588+0000] {logging_mixin.py:188} INFO - [2026-01-21T09:01:17.587+0000] {dagbag.py:538} INFO - Filling up the DagBag from /home/airflow/.local/lib/python3.8/site-packages/airflow/example_dags/example_dynamic_task_mapping_with_no_taskflow_operators.py
[2026-01-21T09:01:17.596+0000] {processor.py:840} INFO - DAG(s) 'example_dynamic_task_mapping_with_no_taskflow_operators' retrieved from /home/airflow/.local/lib/python3.8/site-packages/airflow/example_dags/example_dynamic_task_mapping_with_no_taskflow_operators.py
[2026-01-21T09:01:17.623+0000] {logging_mixin.py:188} INFO - [2026-01-21T09:01:17.623+0000] {dag.py:3036} INFO - Sync 1 DAGs
[2026-01-21T09:01:17.659+0000] {logging_mixin.py:188} INFO - [2026-01-21T09:01:17.658+0000] {dag.py:3823} INFO - Setting next_dagrun for example_dynamic_task_mapping_with_no_taskflow_operators to 2026-01-20 00:00:00+00:00, run_after=2026-01-21 00:00:00+00:00
[2026-01-21T09:01:17.686+0000] {processor.py:183} INFO - Processing /home/airflow/.local/lib/python3.8/site-packages/airflow/example_dags/example_dynamic_task_mapping_with_no_taskflow_operators.py took 0.106 seconds
[2026-01-21T09:01:48.118+0000] {processor.py:161} INFO - Started process (PID=925) to work on /home/airflow/.local/lib/python3.8/site-packages/airflow/example_dags/example_dynamic_task_mapping_with_no_taskflow_operators.py
[2026-01-21T09:01:48.120+0000] {processor.py:830} INFO - Processing file /home/airflow/.local/lib/python3.8/site-packages/airflow/example_dags/example_dynamic_task_mapping_with_no_taskflow_operators.py for tasks to queue
[2026-01-21T09:01:48.122+0000] {logging_mixin.py:188} INFO - [2026-01-21T09:01:48.122+0000] {dagbag.py:538} INFO - Filling up the DagBag from /home/airflow/.local/lib/python3.8/site-packages/airflow/example_dags/example_dynamic_task_mapping_with_no_taskflow_operators.py
[2026-01-21T09:01:48.133+0000] {processor.py:840} INFO - DAG(s) 'example_dynamic_task_mapping_with_no_taskflow_operators' retrieved from /home/airflow/.local/lib/python3.8/site-packages/airflow/example_dags/example_dynamic_task_mapping_with_no_taskflow_operators.py
[2026-01-21T09:01:48.160+0000] {logging_mixin.py:188} INFO - [2026-01-21T09:01:48.160+0000] {dag.py:3036} INFO - Sync 1 DAGs
[2026-01-21T09:01:48.191+0000] {logging_mixin.py:188} INFO - [2026-01-21T09:01:48.191+0000] {dag.py:3823} INFO - Setting next_dagrun for example_dynamic_task_mapping_with_no_taskflow_operators to 2026-01-20 00:00:00+00:00, run_after=2026-01-21 00:00:00+00:00
[2026-01-21T09:01:48.217+0000] {processor.py:183} INFO - Processing /home/airflow/.local/lib/python3.8/site-packages/airflow/example_dags/example_dynamic_task_mapping_with_no_taskflow_operators.py took 0.105 seconds
[2026-01-21T09:02:18.737+0000] {processor.py:161} INFO - Started process (PID=990) to work on /home/airflow/.local/lib/python3.8/site-packages/airflow/example_dags/example_dynamic_task_mapping_with_no_taskflow_operators.py
[2026-01-21T09:02:18.739+0000] {processor.py:830} INFO - Processing file /home/airflow/.local/lib/python3.8/site-packages/airflow/example_dags/example_dynamic_task_mapping_with_no_taskflow_operators.py for tasks to queue
[2026-01-21T09:02:18.741+0000] {logging_mixin.py:188} INFO - [2026-01-21T09:02:18.741+0000] {dagbag.py:538} INFO - Filling up the DagBag from /home/airflow/.local/lib/python3.8/site-packages/airflow/example_dags/example_dynamic_task_mapping_with_no_taskflow_operators.py
[2026-01-21T09:02:18.751+0000] {processor.py:840} INFO - DAG(s) 'example_dynamic_task_mapping_with_no_taskflow_operators' retrieved from /home/airflow/.local/lib/python3.8/site-packages/airflow/example_dags/example_dynamic_task_mapping_with_no_taskflow_operators.py
[2026-01-21T09:02:18.781+0000] {logging_mixin.py:188} INFO - [2026-01-21T09:02:18.781+0000] {dag.py:3036} INFO - Sync 1 DAGs
[2026-01-21T09:02:18.814+0000] {logging_mixin.py:188} INFO - [2026-01-21T09:02:18.814+0000] {dag.py:3823} INFO - Setting next_dagrun for example_dynamic_task_mapping_with_no_taskflow_operators to 2026-01-20 00:00:00+00:00, run_after=2026-01-21 00:00:00+00:00
[2026-01-21T09:02:18.836+0000] {processor.py:183} INFO - Processing /home/airflow/.local/lib/python3.8/site-packages/airflow/example_dags/example_dynamic_task_mapping_with_no_taskflow_operators.py took 0.105 seconds
[2026-01-21T09:02:49.118+0000] {processor.py:161} INFO - Started process (PID=1054) to work on /home/airflow/.local/lib/python3.8/site-packages/airflow/example_dags/example_dynamic_task_mapping_with_no_taskflow_operators.py
[2026-01-21T09:02:49.120+0000] {processor.py:830} INFO - Processing file /home/airflow/.local/lib/python3.8/site-packages/airflow/example_dags/example_dynamic_task_mapping_with_no_taskflow_operators.py for tasks to queue
[2026-01-21T09:02:49.122+0000] {logging_mixin.py:188} INFO - [2026-01-21T09:02:49.122+0000] {dagbag.py:538} INFO - Filling up the DagBag from /home/airflow/.local/lib/python3.8/site-packages/airflow/example_dags/example_dynamic_task_mapping_with_no_taskflow_operators.py
[2026-01-21T09:02:49.133+0000] {processor.py:840} INFO - DAG(s) 'example_dynamic_task_mapping_with_no_taskflow_operators' retrieved from /home/airflow/.local/lib/python3.8/site-packages/airflow/example_dags/example_dynamic_task_mapping_with_no_taskflow_operators.py
[2026-01-21T09:02:49.166+0000] {logging_mixin.py:188} INFO - [2026-01-21T09:02:49.166+0000] {dag.py:3036} INFO - Sync 1 DAGs
[2026-01-21T09:02:49.208+0000] {logging_mixin.py:188} INFO - [2026-01-21T09:02:49.207+0000] {dag.py:3823} INFO - Setting next_dagrun for example_dynamic_task_mapping_with_no_taskflow_operators to 2026-01-20 00:00:00+00:00, run_after=2026-01-21 00:00:00+00:00
[2026-01-21T09:02:49.238+0000] {processor.py:183} INFO - Processing /home/airflow/.local/lib/python3.8/site-packages/airflow/example_dags/example_dynamic_task_mapping_with_no_taskflow_operators.py took 0.125 seconds
[2026-01-21T09:03:19.441+0000] {processor.py:161} INFO - Started process (PID=1118) to work on /home/airflow/.local/lib/python3.8/site-packages/airflow/example_dags/example_dynamic_task_mapping_with_no_taskflow_operators.py
[2026-01-21T09:03:19.442+0000] {processor.py:830} INFO - Processing file /home/airflow/.local/lib/python3.8/site-packages/airflow/example_dags/example_dynamic_task_mapping_with_no_taskflow_operators.py for tasks to queue
[2026-01-21T09:03:19.444+0000] {logging_mixin.py:188} INFO - [2026-01-21T09:03:19.444+0000] {dagbag.py:538} INFO - Filling up the DagBag from /home/airflow/.local/lib/python3.8/site-packages/airflow/example_dags/example_dynamic_task_mapping_with_no_taskflow_operators.py
[2026-01-21T09:03:19.452+0000] {processor.py:840} INFO - DAG(s) 'example_dynamic_task_mapping_with_no_taskflow_operators' retrieved from /home/airflow/.local/lib/python3.8/site-packages/airflow/example_dags/example_dynamic_task_mapping_with_no_taskflow_operators.py
[2026-01-21T09:03:19.481+0000] {logging_mixin.py:188} INFO - [2026-01-21T09:03:19.481+0000] {dag.py:3036} INFO - Sync 1 DAGs
[2026-01-21T09:03:19.516+0000] {logging_mixin.py:188} INFO - [2026-01-21T09:03:19.516+0000] {dag.py:3823} INFO - Setting next_dagrun for example_dynamic_task_mapping_with_no_taskflow_operators to 2026-01-20 00:00:00+00:00, run_after=2026-01-21 00:00:00+00:00
[2026-01-21T09:03:19.541+0000] {processor.py:183} INFO - Processing /home/airflow/.local/lib/python3.8/site-packages/airflow/example_dags/example_dynamic_task_mapping_with_no_taskflow_operators.py took 0.105 seconds
[2026-01-21T09:03:49.789+0000] {processor.py:161} INFO - Started process (PID=1184) to work on /home/airflow/.local/lib/python3.8/site-packages/airflow/example_dags/example_dynamic_task_mapping_with_no_taskflow_operators.py
[2026-01-21T09:03:49.791+0000] {processor.py:830} INFO - Processing file /home/airflow/.local/lib/python3.8/site-packages/airflow/example_dags/example_dynamic_task_mapping_with_no_taskflow_operators.py for tasks to queue
[2026-01-21T09:03:49.793+0000] {logging_mixin.py:188} INFO - [2026-01-21T09:03:49.793+0000] {dagbag.py:538} INFO - Filling up the DagBag from /home/airflow/.local/lib/python3.8/site-packages/airflow/example_dags/example_dynamic_task_mapping_with_no_taskflow_operators.py
[2026-01-21T09:03:49.802+0000] {processor.py:840} INFO - DAG(s) 'example_dynamic_task_mapping_with_no_taskflow_operators' retrieved from /home/airflow/.local/lib/python3.8/site-packages/airflow/example_dags/example_dynamic_task_mapping_with_no_taskflow_operators.py
[2026-01-21T09:03:49.829+0000] {logging_mixin.py:188} INFO - [2026-01-21T09:03:49.828+0000] {dag.py:3036} INFO - Sync 1 DAGs
[2026-01-21T09:03:49.860+0000] {logging_mixin.py:188} INFO - [2026-01-21T09:03:49.860+0000] {dag.py:3823} INFO - Setting next_dagrun for example_dynamic_task_mapping_with_no_taskflow_operators to 2026-01-20 00:00:00+00:00, run_after=2026-01-21 00:00:00+00:00
[2026-01-21T09:03:49.889+0000] {processor.py:183} INFO - Processing /home/airflow/.local/lib/python3.8/site-packages/airflow/example_dags/example_dynamic_task_mapping_with_no_taskflow_operators.py took 0.104 seconds
[2026-01-21T09:04:20.153+0000] {processor.py:161} INFO - Started process (PID=1255) to work on /home/airflow/.local/lib/python3.8/site-packages/airflow/example_dags/example_dynamic_task_mapping_with_no_taskflow_operators.py
[2026-01-21T09:04:20.154+0000] {processor.py:830} INFO - Processing file /home/airflow/.local/lib/python3.8/site-packages/airflow/example_dags/example_dynamic_task_mapping_with_no_taskflow_operators.py for tasks to queue
[2026-01-21T09:04:20.156+0000] {logging_mixin.py:188} INFO - [2026-01-21T09:04:20.156+0000] {dagbag.py:538} INFO - Filling up the DagBag from /home/airflow/.local/lib/python3.8/site-packages/airflow/example_dags/example_dynamic_task_mapping_with_no_taskflow_operators.py
[2026-01-21T09:04:20.165+0000] {processor.py:840} INFO - DAG(s) 'example_dynamic_task_mapping_with_no_taskflow_operators' retrieved from /home/airflow/.local/lib/python3.8/site-packages/airflow/example_dags/example_dynamic_task_mapping_with_no_taskflow_operators.py
[2026-01-21T09:04:20.192+0000] {logging_mixin.py:188} INFO - [2026-01-21T09:04:20.191+0000] {dag.py:3036} INFO - Sync 1 DAGs
[2026-01-21T09:04:20.224+0000] {logging_mixin.py:188} INFO - [2026-01-21T09:04:20.223+0000] {dag.py:3823} INFO - Setting next_dagrun for example_dynamic_task_mapping_with_no_taskflow_operators to 2026-01-20 00:00:00+00:00, run_after=2026-01-21 00:00:00+00:00
[2026-01-21T09:04:20.248+0000] {processor.py:183} INFO - Processing /home/airflow/.local/lib/python3.8/site-packages/airflow/example_dags/example_dynamic_task_mapping_with_no_taskflow_operators.py took 0.100 seconds
[2026-01-21T09:04:50.868+0000] {processor.py:161} INFO - Started process (PID=1321) to work on /home/airflow/.local/lib/python3.8/site-packages/airflow/example_dags/example_dynamic_task_mapping_with_no_taskflow_operators.py
[2026-01-21T09:04:50.870+0000] {processor.py:830} INFO - Processing file /home/airflow/.local/lib/python3.8/site-packages/airflow/example_dags/example_dynamic_task_mapping_with_no_taskflow_operators.py for tasks to queue
[2026-01-21T09:04:50.873+0000] {logging_mixin.py:188} INFO - [2026-01-21T09:04:50.872+0000] {dagbag.py:538} INFO - Filling up the DagBag from /home/airflow/.local/lib/python3.8/site-packages/airflow/example_dags/example_dynamic_task_mapping_with_no_taskflow_operators.py
[2026-01-21T09:04:50.884+0000] {processor.py:840} INFO - DAG(s) 'example_dynamic_task_mapping_with_no_taskflow_operators' retrieved from /home/airflow/.local/lib/python3.8/site-packages/airflow/example_dags/example_dynamic_task_mapping_with_no_taskflow_operators.py
[2026-01-21T09:04:50.924+0000] {logging_mixin.py:188} INFO - [2026-01-21T09:04:50.923+0000] {dag.py:3036} INFO - Sync 1 DAGs
[2026-01-21T09:04:50.965+0000] {logging_mixin.py:188} INFO - [2026-01-21T09:04:50.964+0000] {dag.py:3823} INFO - Setting next_dagrun for example_dynamic_task_mapping_with_no_taskflow_operators to 2026-01-20 00:00:00+00:00, run_after=2026-01-21 00:00:00+00:00
[2026-01-21T09:04:50.992+0000] {processor.py:183} INFO - Processing /home/airflow/.local/lib/python3.8/site-packages/airflow/example_dags/example_dynamic_task_mapping_with_no_taskflow_operators.py took 0.130 seconds
[2026-01-21T09:05:21.707+0000] {processor.py:161} INFO - Started process (PID=1385) to work on /home/airflow/.local/lib/python3.8/site-packages/airflow/example_dags/example_dynamic_task_mapping_with_no_taskflow_operators.py
[2026-01-21T09:05:21.708+0000] {processor.py:830} INFO - Processing file /home/airflow/.local/lib/python3.8/site-packages/airflow/example_dags/example_dynamic_task_mapping_with_no_taskflow_operators.py for tasks to queue
[2026-01-21T09:05:21.711+0000] {logging_mixin.py:188} INFO - [2026-01-21T09:05:21.710+0000] {dagbag.py:538} INFO - Filling up the DagBag from /home/airflow/.local/lib/python3.8/site-packages/airflow/example_dags/example_dynamic_task_mapping_with_no_taskflow_operators.py
[2026-01-21T09:05:21.722+0000] {processor.py:840} INFO - DAG(s) 'example_dynamic_task_mapping_with_no_taskflow_operators' retrieved from /home/airflow/.local/lib/python3.8/site-packages/airflow/example_dags/example_dynamic_task_mapping_with_no_taskflow_operators.py
[2026-01-21T09:05:21.750+0000] {logging_mixin.py:188} INFO - [2026-01-21T09:05:21.750+0000] {dag.py:3036} INFO - Sync 1 DAGs
[2026-01-21T09:05:21.785+0000] {logging_mixin.py:188} INFO - [2026-01-21T09:05:21.784+0000] {dag.py:3823} INFO - Setting next_dagrun for example_dynamic_task_mapping_with_no_taskflow_operators to 2026-01-20 00:00:00+00:00, run_after=2026-01-21 00:00:00+00:00
[2026-01-21T09:05:21.811+0000] {processor.py:183} INFO - Processing /home/airflow/.local/lib/python3.8/site-packages/airflow/example_dags/example_dynamic_task_mapping_with_no_taskflow_operators.py took 0.111 seconds
[2026-01-21T09:05:52.143+0000] {processor.py:161} INFO - Started process (PID=1450) to work on /home/airflow/.local/lib/python3.8/site-packages/airflow/example_dags/example_dynamic_task_mapping_with_no_taskflow_operators.py
[2026-01-21T09:05:52.145+0000] {processor.py:830} INFO - Processing file /home/airflow/.local/lib/python3.8/site-packages/airflow/example_dags/example_dynamic_task_mapping_with_no_taskflow_operators.py for tasks to queue
[2026-01-21T09:05:52.147+0000] {logging_mixin.py:188} INFO - [2026-01-21T09:05:52.147+0000] {dagbag.py:538} INFO - Filling up the DagBag from /home/airflow/.local/lib/python3.8/site-packages/airflow/example_dags/example_dynamic_task_mapping_with_no_taskflow_operators.py
[2026-01-21T09:05:52.156+0000] {processor.py:840} INFO - DAG(s) 'example_dynamic_task_mapping_with_no_taskflow_operators' retrieved from /home/airflow/.local/lib/python3.8/site-packages/airflow/example_dags/example_dynamic_task_mapping_with_no_taskflow_operators.py
[2026-01-21T09:05:52.182+0000] {logging_mixin.py:188} INFO - [2026-01-21T09:05:52.182+0000] {dag.py:3036} INFO - Sync 1 DAGs
[2026-01-21T09:05:52.215+0000] {logging_mixin.py:188} INFO - [2026-01-21T09:05:52.214+0000] {dag.py:3823} INFO - Setting next_dagrun for example_dynamic_task_mapping_with_no_taskflow_operators to 2026-01-20 00:00:00+00:00, run_after=2026-01-21 00:00:00+00:00
[2026-01-21T09:05:52.238+0000] {processor.py:183} INFO - Processing /home/airflow/.local/lib/python3.8/site-packages/airflow/example_dags/example_dynamic_task_mapping_with_no_taskflow_operators.py took 0.100 seconds
[2026-01-21T09:06:22.341+0000] {processor.py:161} INFO - Started process (PID=1514) to work on /home/airflow/.local/lib/python3.8/site-packages/airflow/example_dags/example_dynamic_task_mapping_with_no_taskflow_operators.py
[2026-01-21T09:06:22.342+0000] {processor.py:830} INFO - Processing file /home/airflow/.local/lib/python3.8/site-packages/airflow/example_dags/example_dynamic_task_mapping_with_no_taskflow_operators.py for tasks to queue
[2026-01-21T09:06:22.344+0000] {logging_mixin.py:188} INFO - [2026-01-21T09:06:22.343+0000] {dagbag.py:538} INFO - Filling up the DagBag from /home/airflow/.local/lib/python3.8/site-packages/airflow/example_dags/example_dynamic_task_mapping_with_no_taskflow_operators.py
[2026-01-21T09:06:22.352+0000] {processor.py:840} INFO - DAG(s) 'example_dynamic_task_mapping_with_no_taskflow_operators' retrieved from /home/airflow/.local/lib/python3.8/site-packages/airflow/example_dags/example_dynamic_task_mapping_with_no_taskflow_operators.py
[2026-01-21T09:06:22.382+0000] {logging_mixin.py:188} INFO - [2026-01-21T09:06:22.382+0000] {dag.py:3036} INFO - Sync 1 DAGs
[2026-01-21T09:06:22.422+0000] {logging_mixin.py:188} INFO - [2026-01-21T09:06:22.422+0000] {dag.py:3823} INFO - Setting next_dagrun for example_dynamic_task_mapping_with_no_taskflow_operators to 2026-01-20 00:00:00+00:00, run_after=2026-01-21 00:00:00+00:00
[2026-01-21T09:06:22.450+0000] {processor.py:183} INFO - Processing /home/airflow/.local/lib/python3.8/site-packages/airflow/example_dags/example_dynamic_task_mapping_with_no_taskflow_operators.py took 0.115 seconds
[2026-01-21T09:06:52.627+0000] {processor.py:161} INFO - Started process (PID=1578) to work on /home/airflow/.local/lib/python3.8/site-packages/airflow/example_dags/example_dynamic_task_mapping_with_no_taskflow_operators.py
[2026-01-21T09:06:52.629+0000] {processor.py:830} INFO - Processing file /home/airflow/.local/lib/python3.8/site-packages/airflow/example_dags/example_dynamic_task_mapping_with_no_taskflow_operators.py for tasks to queue
[2026-01-21T09:06:52.631+0000] {logging_mixin.py:188} INFO - [2026-01-21T09:06:52.631+0000] {dagbag.py:538} INFO - Filling up the DagBag from /home/airflow/.local/lib/python3.8/site-packages/airflow/example_dags/example_dynamic_task_mapping_with_no_taskflow_operators.py
[2026-01-21T09:06:52.639+0000] {processor.py:840} INFO - DAG(s) 'example_dynamic_task_mapping_with_no_taskflow_operators' retrieved from /home/airflow/.local/lib/python3.8/site-packages/airflow/example_dags/example_dynamic_task_mapping_with_no_taskflow_operators.py
[2026-01-21T09:06:52.666+0000] {logging_mixin.py:188} INFO - [2026-01-21T09:06:52.666+0000] {dag.py:3036} INFO - Sync 1 DAGs
[2026-01-21T09:06:52.698+0000] {logging_mixin.py:188} INFO - [2026-01-21T09:06:52.698+0000] {dag.py:3823} INFO - Setting next_dagrun for example_dynamic_task_mapping_with_no_taskflow_operators to 2026-01-20 00:00:00+00:00, run_after=2026-01-21 00:00:00+00:00
[2026-01-21T09:06:52.723+0000] {processor.py:183} INFO - Processing /home/airflow/.local/lib/python3.8/site-packages/airflow/example_dags/example_dynamic_task_mapping_with_no_taskflow_operators.py took 0.101 seconds
[2026-01-21T09:07:23.114+0000] {processor.py:161} INFO - Started process (PID=1644) to work on /home/airflow/.local/lib/python3.8/site-packages/airflow/example_dags/example_dynamic_task_mapping_with_no_taskflow_operators.py
[2026-01-21T09:07:23.115+0000] {processor.py:830} INFO - Processing file /home/airflow/.local/lib/python3.8/site-packages/airflow/example_dags/example_dynamic_task_mapping_with_no_taskflow_operators.py for tasks to queue
[2026-01-21T09:07:23.122+0000] {logging_mixin.py:188} INFO - [2026-01-21T09:07:23.121+0000] {dagbag.py:538} INFO - Filling up the DagBag from /home/airflow/.local/lib/python3.8/site-packages/airflow/example_dags/example_dynamic_task_mapping_with_no_taskflow_operators.py
[2026-01-21T09:07:23.140+0000] {processor.py:840} INFO - DAG(s) 'example_dynamic_task_mapping_with_no_taskflow_operators' retrieved from /home/airflow/.local/lib/python3.8/site-packages/airflow/example_dags/example_dynamic_task_mapping_with_no_taskflow_operators.py
[2026-01-21T09:07:23.168+0000] {logging_mixin.py:188} INFO - [2026-01-21T09:07:23.167+0000] {dag.py:3036} INFO - Sync 1 DAGs
[2026-01-21T09:07:23.202+0000] {logging_mixin.py:188} INFO - [2026-01-21T09:07:23.202+0000] {dag.py:3823} INFO - Setting next_dagrun for example_dynamic_task_mapping_with_no_taskflow_operators to 2026-01-20 00:00:00+00:00, run_after=2026-01-21 00:00:00+00:00
[2026-01-21T09:07:23.227+0000] {processor.py:183} INFO - Processing /home/airflow/.local/lib/python3.8/site-packages/airflow/example_dags/example_dynamic_task_mapping_with_no_taskflow_operators.py took 0.118 seconds
[2026-01-21T09:07:53.575+0000] {processor.py:161} INFO - Started process (PID=1717) to work on /home/airflow/.local/lib/python3.8/site-packages/airflow/example_dags/example_dynamic_task_mapping_with_no_taskflow_operators.py
[2026-01-21T09:07:53.577+0000] {processor.py:830} INFO - Processing file /home/airflow/.local/lib/python3.8/site-packages/airflow/example_dags/example_dynamic_task_mapping_with_no_taskflow_operators.py for tasks to queue
[2026-01-21T09:07:53.580+0000] {logging_mixin.py:188} INFO - [2026-01-21T09:07:53.579+0000] {dagbag.py:538} INFO - Filling up the DagBag from /home/airflow/.local/lib/python3.8/site-packages/airflow/example_dags/example_dynamic_task_mapping_with_no_taskflow_operators.py
[2026-01-21T09:07:53.589+0000] {processor.py:840} INFO - DAG(s) 'example_dynamic_task_mapping_with_no_taskflow_operators' retrieved from /home/airflow/.local/lib/python3.8/site-packages/airflow/example_dags/example_dynamic_task_mapping_with_no_taskflow_operators.py
[2026-01-21T09:07:53.623+0000] {logging_mixin.py:188} INFO - [2026-01-21T09:07:53.623+0000] {dag.py:3036} INFO - Sync 1 DAGs
[2026-01-21T09:07:53.673+0000] {logging_mixin.py:188} INFO - [2026-01-21T09:07:53.672+0000] {dag.py:3823} INFO - Setting next_dagrun for example_dynamic_task_mapping_with_no_taskflow_operators to 2026-01-20 00:00:00+00:00, run_after=2026-01-21 00:00:00+00:00
[2026-01-21T09:07:53.701+0000] {processor.py:183} INFO - Processing /home/airflow/.local/lib/python3.8/site-packages/airflow/example_dags/example_dynamic_task_mapping_with_no_taskflow_operators.py took 0.131 seconds
[2026-01-21T09:08:23.987+0000] {processor.py:161} INFO - Started process (PID=1782) to work on /home/airflow/.local/lib/python3.8/site-packages/airflow/example_dags/example_dynamic_task_mapping_with_no_taskflow_operators.py
[2026-01-21T09:08:23.988+0000] {processor.py:830} INFO - Processing file /home/airflow/.local/lib/python3.8/site-packages/airflow/example_dags/example_dynamic_task_mapping_with_no_taskflow_operators.py for tasks to queue
[2026-01-21T09:08:23.991+0000] {logging_mixin.py:188} INFO - [2026-01-21T09:08:23.991+0000] {dagbag.py:538} INFO - Filling up the DagBag from /home/airflow/.local/lib/python3.8/site-packages/airflow/example_dags/example_dynamic_task_mapping_with_no_taskflow_operators.py
[2026-01-21T09:08:24.002+0000] {processor.py:840} INFO - DAG(s) 'example_dynamic_task_mapping_with_no_taskflow_operators' retrieved from /home/airflow/.local/lib/python3.8/site-packages/airflow/example_dags/example_dynamic_task_mapping_with_no_taskflow_operators.py
[2026-01-21T09:08:24.035+0000] {logging_mixin.py:188} INFO - [2026-01-21T09:08:24.035+0000] {dag.py:3036} INFO - Sync 1 DAGs
[2026-01-21T09:08:24.078+0000] {logging_mixin.py:188} INFO - [2026-01-21T09:08:24.077+0000] {dag.py:3823} INFO - Setting next_dagrun for example_dynamic_task_mapping_with_no_taskflow_operators to 2026-01-20 00:00:00+00:00, run_after=2026-01-21 00:00:00+00:00
[2026-01-21T09:08:24.108+0000] {processor.py:183} INFO - Processing /home/airflow/.local/lib/python3.8/site-packages/airflow/example_dags/example_dynamic_task_mapping_with_no_taskflow_operators.py took 0.127 seconds
[2026-01-21T09:08:54.458+0000] {processor.py:161} INFO - Started process (PID=1845) to work on /home/airflow/.local/lib/python3.8/site-packages/airflow/example_dags/example_dynamic_task_mapping_with_no_taskflow_operators.py
[2026-01-21T09:08:54.460+0000] {processor.py:830} INFO - Processing file /home/airflow/.local/lib/python3.8/site-packages/airflow/example_dags/example_dynamic_task_mapping_with_no_taskflow_operators.py for tasks to queue
[2026-01-21T09:08:54.462+0000] {logging_mixin.py:188} INFO - [2026-01-21T09:08:54.462+0000] {dagbag.py:538} INFO - Filling up the DagBag from /home/airflow/.local/lib/python3.8/site-packages/airflow/example_dags/example_dynamic_task_mapping_with_no_taskflow_operators.py
[2026-01-21T09:08:54.470+0000] {processor.py:840} INFO - DAG(s) 'example_dynamic_task_mapping_with_no_taskflow_operators' retrieved from /home/airflow/.local/lib/python3.8/site-packages/airflow/example_dags/example_dynamic_task_mapping_with_no_taskflow_operators.py
[2026-01-21T09:08:54.498+0000] {logging_mixin.py:188} INFO - [2026-01-21T09:08:54.497+0000] {dag.py:3036} INFO - Sync 1 DAGs
[2026-01-21T09:08:54.530+0000] {logging_mixin.py:188} INFO - [2026-01-21T09:08:54.530+0000] {dag.py:3823} INFO - Setting next_dagrun for example_dynamic_task_mapping_with_no_taskflow_operators to 2026-01-20 00:00:00+00:00, run_after=2026-01-21 00:00:00+00:00
[2026-01-21T09:08:54.553+0000] {processor.py:183} INFO - Processing /home/airflow/.local/lib/python3.8/site-packages/airflow/example_dags/example_dynamic_task_mapping_with_no_taskflow_operators.py took 0.100 seconds
[2026-01-21T09:09:24.702+0000] {processor.py:161} INFO - Started process (PID=1910) to work on /home/airflow/.local/lib/python3.8/site-packages/airflow/example_dags/example_dynamic_task_mapping_with_no_taskflow_operators.py
[2026-01-21T09:09:24.703+0000] {processor.py:830} INFO - Processing file /home/airflow/.local/lib/python3.8/site-packages/airflow/example_dags/example_dynamic_task_mapping_with_no_taskflow_operators.py for tasks to queue
[2026-01-21T09:09:24.705+0000] {logging_mixin.py:188} INFO - [2026-01-21T09:09:24.705+0000] {dagbag.py:538} INFO - Filling up the DagBag from /home/airflow/.local/lib/python3.8/site-packages/airflow/example_dags/example_dynamic_task_mapping_with_no_taskflow_operators.py
[2026-01-21T09:09:24.713+0000] {processor.py:840} INFO - DAG(s) 'example_dynamic_task_mapping_with_no_taskflow_operators' retrieved from /home/airflow/.local/lib/python3.8/site-packages/airflow/example_dags/example_dynamic_task_mapping_with_no_taskflow_operators.py
[2026-01-21T09:09:24.740+0000] {logging_mixin.py:188} INFO - [2026-01-21T09:09:24.740+0000] {dag.py:3036} INFO - Sync 1 DAGs
[2026-01-21T09:09:24.773+0000] {logging_mixin.py:188} INFO - [2026-01-21T09:09:24.773+0000] {dag.py:3823} INFO - Setting next_dagrun for example_dynamic_task_mapping_with_no_taskflow_operators to 2026-01-20 00:00:00+00:00, run_after=2026-01-21 00:00:00+00:00
[2026-01-21T09:09:24.799+0000] {processor.py:183} INFO - Processing /home/airflow/.local/lib/python3.8/site-packages/airflow/example_dags/example_dynamic_task_mapping_with_no_taskflow_operators.py took 0.102 seconds
[2026-01-21T09:09:55.061+0000] {processor.py:161} INFO - Started process (PID=1976) to work on /home/airflow/.local/lib/python3.8/site-packages/airflow/example_dags/example_dynamic_task_mapping_with_no_taskflow_operators.py
[2026-01-21T09:09:55.063+0000] {processor.py:830} INFO - Processing file /home/airflow/.local/lib/python3.8/site-packages/airflow/example_dags/example_dynamic_task_mapping_with_no_taskflow_operators.py for tasks to queue
[2026-01-21T09:09:55.065+0000] {logging_mixin.py:188} INFO - [2026-01-21T09:09:55.064+0000] {dagbag.py:538} INFO - Filling up the DagBag from /home/airflow/.local/lib/python3.8/site-packages/airflow/example_dags/example_dynamic_task_mapping_with_no_taskflow_operators.py
[2026-01-21T09:09:55.073+0000] {processor.py:840} INFO - DAG(s) 'example_dynamic_task_mapping_with_no_taskflow_operators' retrieved from /home/airflow/.local/lib/python3.8/site-packages/airflow/example_dags/example_dynamic_task_mapping_with_no_taskflow_operators.py
[2026-01-21T09:09:55.099+0000] {logging_mixin.py:188} INFO - [2026-01-21T09:09:55.099+0000] {dag.py:3036} INFO - Sync 1 DAGs
[2026-01-21T09:09:55.131+0000] {logging_mixin.py:188} INFO - [2026-01-21T09:09:55.130+0000] {dag.py:3823} INFO - Setting next_dagrun for example_dynamic_task_mapping_with_no_taskflow_operators to 2026-01-20 00:00:00+00:00, run_after=2026-01-21 00:00:00+00:00
[2026-01-21T09:09:55.155+0000] {processor.py:183} INFO - Processing /home/airflow/.local/lib/python3.8/site-packages/airflow/example_dags/example_dynamic_task_mapping_with_no_taskflow_operators.py took 0.099 seconds
[2026-01-21T09:10:25.565+0000] {processor.py:161} INFO - Started process (PID=2042) to work on /home/airflow/.local/lib/python3.8/site-packages/airflow/example_dags/example_dynamic_task_mapping_with_no_taskflow_operators.py
[2026-01-21T09:10:25.566+0000] {processor.py:830} INFO - Processing file /home/airflow/.local/lib/python3.8/site-packages/airflow/example_dags/example_dynamic_task_mapping_with_no_taskflow_operators.py for tasks to queue
[2026-01-21T09:10:25.569+0000] {logging_mixin.py:188} INFO - [2026-01-21T09:10:25.568+0000] {dagbag.py:538} INFO - Filling up the DagBag from /home/airflow/.local/lib/python3.8/site-packages/airflow/example_dags/example_dynamic_task_mapping_with_no_taskflow_operators.py
[2026-01-21T09:10:25.579+0000] {processor.py:840} INFO - DAG(s) 'example_dynamic_task_mapping_with_no_taskflow_operators' retrieved from /home/airflow/.local/lib/python3.8/site-packages/airflow/example_dags/example_dynamic_task_mapping_with_no_taskflow_operators.py
[2026-01-21T09:10:25.612+0000] {logging_mixin.py:188} INFO - [2026-01-21T09:10:25.612+0000] {dag.py:3036} INFO - Sync 1 DAGs
[2026-01-21T09:10:25.652+0000] {logging_mixin.py:188} INFO - [2026-01-21T09:10:25.652+0000] {dag.py:3823} INFO - Setting next_dagrun for example_dynamic_task_mapping_with_no_taskflow_operators to 2026-01-20 00:00:00+00:00, run_after=2026-01-21 00:00:00+00:00
[2026-01-21T09:10:25.682+0000] {processor.py:183} INFO - Processing /home/airflow/.local/lib/python3.8/site-packages/airflow/example_dags/example_dynamic_task_mapping_with_no_taskflow_operators.py took 0.123 seconds
[2026-01-21T09:10:55.844+0000] {processor.py:161} INFO - Started process (PID=2114) to work on /home/airflow/.local/lib/python3.8/site-packages/airflow/example_dags/example_dynamic_task_mapping_with_no_taskflow_operators.py
[2026-01-21T09:10:55.846+0000] {processor.py:830} INFO - Processing file /home/airflow/.local/lib/python3.8/site-packages/airflow/example_dags/example_dynamic_task_mapping_with_no_taskflow_operators.py for tasks to queue
[2026-01-21T09:10:55.848+0000] {logging_mixin.py:188} INFO - [2026-01-21T09:10:55.848+0000] {dagbag.py:538} INFO - Filling up the DagBag from /home/airflow/.local/lib/python3.8/site-packages/airflow/example_dags/example_dynamic_task_mapping_with_no_taskflow_operators.py
[2026-01-21T09:10:55.858+0000] {processor.py:840} INFO - DAG(s) 'example_dynamic_task_mapping_with_no_taskflow_operators' retrieved from /home/airflow/.local/lib/python3.8/site-packages/airflow/example_dags/example_dynamic_task_mapping_with_no_taskflow_operators.py
[2026-01-21T09:10:55.890+0000] {logging_mixin.py:188} INFO - [2026-01-21T09:10:55.890+0000] {dag.py:3036} INFO - Sync 1 DAGs
[2026-01-21T09:10:55.930+0000] {logging_mixin.py:188} INFO - [2026-01-21T09:10:55.930+0000] {dag.py:3823} INFO - Setting next_dagrun for example_dynamic_task_mapping_with_no_taskflow_operators to 2026-01-20 00:00:00+00:00, run_after=2026-01-21 00:00:00+00:00
[2026-01-21T09:10:55.962+0000] {processor.py:183} INFO - Processing /home/airflow/.local/lib/python3.8/site-packages/airflow/example_dags/example_dynamic_task_mapping_with_no_taskflow_operators.py took 0.123 seconds
[2026-01-21T09:11:26.350+0000] {processor.py:161} INFO - Started process (PID=2180) to work on /home/airflow/.local/lib/python3.8/site-packages/airflow/example_dags/example_dynamic_task_mapping_with_no_taskflow_operators.py
[2026-01-21T09:11:26.352+0000] {processor.py:830} INFO - Processing file /home/airflow/.local/lib/python3.8/site-packages/airflow/example_dags/example_dynamic_task_mapping_with_no_taskflow_operators.py for tasks to queue
[2026-01-21T09:11:26.355+0000] {logging_mixin.py:188} INFO - [2026-01-21T09:11:26.354+0000] {dagbag.py:538} INFO - Filling up the DagBag from /home/airflow/.local/lib/python3.8/site-packages/airflow/example_dags/example_dynamic_task_mapping_with_no_taskflow_operators.py
[2026-01-21T09:11:26.366+0000] {processor.py:840} INFO - DAG(s) 'example_dynamic_task_mapping_with_no_taskflow_operators' retrieved from /home/airflow/.local/lib/python3.8/site-packages/airflow/example_dags/example_dynamic_task_mapping_with_no_taskflow_operators.py
[2026-01-21T09:11:26.401+0000] {logging_mixin.py:188} INFO - [2026-01-21T09:11:26.400+0000] {dag.py:3036} INFO - Sync 1 DAGs
[2026-01-21T09:11:26.451+0000] {logging_mixin.py:188} INFO - [2026-01-21T09:11:26.451+0000] {dag.py:3823} INFO - Setting next_dagrun for example_dynamic_task_mapping_with_no_taskflow_operators to 2026-01-20 00:00:00+00:00, run_after=2026-01-21 00:00:00+00:00
[2026-01-21T09:11:26.483+0000] {processor.py:183} INFO - Processing /home/airflow/.local/lib/python3.8/site-packages/airflow/example_dags/example_dynamic_task_mapping_with_no_taskflow_operators.py took 0.138 seconds
[2026-01-21T09:11:56.553+0000] {processor.py:161} INFO - Started process (PID=2245) to work on /home/airflow/.local/lib/python3.8/site-packages/airflow/example_dags/example_dynamic_task_mapping_with_no_taskflow_operators.py
[2026-01-21T09:11:56.554+0000] {processor.py:830} INFO - Processing file /home/airflow/.local/lib/python3.8/site-packages/airflow/example_dags/example_dynamic_task_mapping_with_no_taskflow_operators.py for tasks to queue
[2026-01-21T09:11:56.557+0000] {logging_mixin.py:188} INFO - [2026-01-21T09:11:56.556+0000] {dagbag.py:538} INFO - Filling up the DagBag from /home/airflow/.local/lib/python3.8/site-packages/airflow/example_dags/example_dynamic_task_mapping_with_no_taskflow_operators.py
[2026-01-21T09:11:56.566+0000] {processor.py:840} INFO - DAG(s) 'example_dynamic_task_mapping_with_no_taskflow_operators' retrieved from /home/airflow/.local/lib/python3.8/site-packages/airflow/example_dags/example_dynamic_task_mapping_with_no_taskflow_operators.py
[2026-01-21T09:11:56.597+0000] {logging_mixin.py:188} INFO - [2026-01-21T09:11:56.596+0000] {dag.py:3036} INFO - Sync 1 DAGs
[2026-01-21T09:11:56.636+0000] {logging_mixin.py:188} INFO - [2026-01-21T09:11:56.635+0000] {dag.py:3823} INFO - Setting next_dagrun for example_dynamic_task_mapping_with_no_taskflow_operators to 2026-01-20 00:00:00+00:00, run_after=2026-01-21 00:00:00+00:00
[2026-01-21T09:11:56.667+0000] {processor.py:183} INFO - Processing /home/airflow/.local/lib/python3.8/site-packages/airflow/example_dags/example_dynamic_task_mapping_with_no_taskflow_operators.py took 0.119 seconds
[2026-01-21T09:12:27.123+0000] {processor.py:161} INFO - Started process (PID=2310) to work on /home/airflow/.local/lib/python3.8/site-packages/airflow/example_dags/example_dynamic_task_mapping_with_no_taskflow_operators.py
[2026-01-21T09:12:27.125+0000] {processor.py:830} INFO - Processing file /home/airflow/.local/lib/python3.8/site-packages/airflow/example_dags/example_dynamic_task_mapping_with_no_taskflow_operators.py for tasks to queue
[2026-01-21T09:12:27.127+0000] {logging_mixin.py:188} INFO - [2026-01-21T09:12:27.127+0000] {dagbag.py:538} INFO - Filling up the DagBag from /home/airflow/.local/lib/python3.8/site-packages/airflow/example_dags/example_dynamic_task_mapping_with_no_taskflow_operators.py
[2026-01-21T09:12:27.135+0000] {processor.py:840} INFO - DAG(s) 'example_dynamic_task_mapping_with_no_taskflow_operators' retrieved from /home/airflow/.local/lib/python3.8/site-packages/airflow/example_dags/example_dynamic_task_mapping_with_no_taskflow_operators.py
[2026-01-21T09:12:27.164+0000] {logging_mixin.py:188} INFO - [2026-01-21T09:12:27.163+0000] {dag.py:3036} INFO - Sync 1 DAGs
[2026-01-21T09:12:27.198+0000] {logging_mixin.py:188} INFO - [2026-01-21T09:12:27.197+0000] {dag.py:3823} INFO - Setting next_dagrun for example_dynamic_task_mapping_with_no_taskflow_operators to 2026-01-20 00:00:00+00:00, run_after=2026-01-21 00:00:00+00:00
[2026-01-21T09:12:27.223+0000] {processor.py:183} INFO - Processing /home/airflow/.local/lib/python3.8/site-packages/airflow/example_dags/example_dynamic_task_mapping_with_no_taskflow_operators.py took 0.104 seconds
[2026-01-21T09:12:57.702+0000] {processor.py:161} INFO - Started process (PID=2376) to work on /home/airflow/.local/lib/python3.8/site-packages/airflow/example_dags/example_dynamic_task_mapping_with_no_taskflow_operators.py
[2026-01-21T09:12:57.703+0000] {processor.py:830} INFO - Processing file /home/airflow/.local/lib/python3.8/site-packages/airflow/example_dags/example_dynamic_task_mapping_with_no_taskflow_operators.py for tasks to queue
[2026-01-21T09:12:57.706+0000] {logging_mixin.py:188} INFO - [2026-01-21T09:12:57.705+0000] {dagbag.py:538} INFO - Filling up the DagBag from /home/airflow/.local/lib/python3.8/site-packages/airflow/example_dags/example_dynamic_task_mapping_with_no_taskflow_operators.py
[2026-01-21T09:12:57.716+0000] {processor.py:840} INFO - DAG(s) 'example_dynamic_task_mapping_with_no_taskflow_operators' retrieved from /home/airflow/.local/lib/python3.8/site-packages/airflow/example_dags/example_dynamic_task_mapping_with_no_taskflow_operators.py
[2026-01-21T09:12:57.749+0000] {logging_mixin.py:188} INFO - [2026-01-21T09:12:57.749+0000] {dag.py:3036} INFO - Sync 1 DAGs
[2026-01-21T09:12:57.791+0000] {logging_mixin.py:188} INFO - [2026-01-21T09:12:57.790+0000] {dag.py:3823} INFO - Setting next_dagrun for example_dynamic_task_mapping_with_no_taskflow_operators to 2026-01-20 00:00:00+00:00, run_after=2026-01-21 00:00:00+00:00
[2026-01-21T09:12:57.824+0000] {processor.py:183} INFO - Processing /home/airflow/.local/lib/python3.8/site-packages/airflow/example_dags/example_dynamic_task_mapping_with_no_taskflow_operators.py took 0.128 seconds
[2026-01-21T09:13:28.395+0000] {processor.py:161} INFO - Started process (PID=2441) to work on /home/airflow/.local/lib/python3.8/site-packages/airflow/example_dags/example_dynamic_task_mapping_with_no_taskflow_operators.py
[2026-01-21T09:13:28.396+0000] {processor.py:830} INFO - Processing file /home/airflow/.local/lib/python3.8/site-packages/airflow/example_dags/example_dynamic_task_mapping_with_no_taskflow_operators.py for tasks to queue
[2026-01-21T09:13:28.398+0000] {logging_mixin.py:188} INFO - [2026-01-21T09:13:28.398+0000] {dagbag.py:538} INFO - Filling up the DagBag from /home/airflow/.local/lib/python3.8/site-packages/airflow/example_dags/example_dynamic_task_mapping_with_no_taskflow_operators.py
[2026-01-21T09:13:28.407+0000] {processor.py:840} INFO - DAG(s) 'example_dynamic_task_mapping_with_no_taskflow_operators' retrieved from /home/airflow/.local/lib/python3.8/site-packages/airflow/example_dags/example_dynamic_task_mapping_with_no_taskflow_operators.py
[2026-01-21T09:13:28.435+0000] {logging_mixin.py:188} INFO - [2026-01-21T09:13:28.434+0000] {dag.py:3036} INFO - Sync 1 DAGs
[2026-01-21T09:13:28.468+0000] {logging_mixin.py:188} INFO - [2026-01-21T09:13:28.468+0000] {dag.py:3823} INFO - Setting next_dagrun for example_dynamic_task_mapping_with_no_taskflow_operators to 2026-01-20 00:00:00+00:00, run_after=2026-01-21 00:00:00+00:00
[2026-01-21T09:13:28.494+0000] {processor.py:183} INFO - Processing /home/airflow/.local/lib/python3.8/site-packages/airflow/example_dags/example_dynamic_task_mapping_with_no_taskflow_operators.py took 0.104 seconds
[2026-01-21T09:13:58.897+0000] {processor.py:161} INFO - Started process (PID=2515) to work on /home/airflow/.local/lib/python3.8/site-packages/airflow/example_dags/example_dynamic_task_mapping_with_no_taskflow_operators.py
[2026-01-21T09:13:58.898+0000] {processor.py:830} INFO - Processing file /home/airflow/.local/lib/python3.8/site-packages/airflow/example_dags/example_dynamic_task_mapping_with_no_taskflow_operators.py for tasks to queue
[2026-01-21T09:13:58.901+0000] {logging_mixin.py:188} INFO - [2026-01-21T09:13:58.900+0000] {dagbag.py:538} INFO - Filling up the DagBag from /home/airflow/.local/lib/python3.8/site-packages/airflow/example_dags/example_dynamic_task_mapping_with_no_taskflow_operators.py
[2026-01-21T09:13:58.912+0000] {processor.py:840} INFO - DAG(s) 'example_dynamic_task_mapping_with_no_taskflow_operators' retrieved from /home/airflow/.local/lib/python3.8/site-packages/airflow/example_dags/example_dynamic_task_mapping_with_no_taskflow_operators.py
[2026-01-21T09:13:58.944+0000] {logging_mixin.py:188} INFO - [2026-01-21T09:13:58.943+0000] {dag.py:3036} INFO - Sync 1 DAGs
[2026-01-21T09:13:58.984+0000] {logging_mixin.py:188} INFO - [2026-01-21T09:13:58.984+0000] {dag.py:3823} INFO - Setting next_dagrun for example_dynamic_task_mapping_with_no_taskflow_operators to 2026-01-20 00:00:00+00:00, run_after=2026-01-21 00:00:00+00:00
[2026-01-21T09:13:59.013+0000] {processor.py:183} INFO - Processing /home/airflow/.local/lib/python3.8/site-packages/airflow/example_dags/example_dynamic_task_mapping_with_no_taskflow_operators.py took 0.122 seconds
[2026-01-21T09:14:29.248+0000] {processor.py:161} INFO - Started process (PID=2580) to work on /home/airflow/.local/lib/python3.8/site-packages/airflow/example_dags/example_dynamic_task_mapping_with_no_taskflow_operators.py
[2026-01-21T09:14:29.250+0000] {processor.py:830} INFO - Processing file /home/airflow/.local/lib/python3.8/site-packages/airflow/example_dags/example_dynamic_task_mapping_with_no_taskflow_operators.py for tasks to queue
[2026-01-21T09:14:29.253+0000] {logging_mixin.py:188} INFO - [2026-01-21T09:14:29.252+0000] {dagbag.py:538} INFO - Filling up the DagBag from /home/airflow/.local/lib/python3.8/site-packages/airflow/example_dags/example_dynamic_task_mapping_with_no_taskflow_operators.py
[2026-01-21T09:14:29.263+0000] {processor.py:840} INFO - DAG(s) 'example_dynamic_task_mapping_with_no_taskflow_operators' retrieved from /home/airflow/.local/lib/python3.8/site-packages/airflow/example_dags/example_dynamic_task_mapping_with_no_taskflow_operators.py
[2026-01-21T09:14:29.291+0000] {logging_mixin.py:188} INFO - [2026-01-21T09:14:29.290+0000] {dag.py:3036} INFO - Sync 1 DAGs
[2026-01-21T09:14:29.324+0000] {logging_mixin.py:188} INFO - [2026-01-21T09:14:29.324+0000] {dag.py:3823} INFO - Setting next_dagrun for example_dynamic_task_mapping_with_no_taskflow_operators to 2026-01-20 00:00:00+00:00, run_after=2026-01-21 00:00:00+00:00
[2026-01-21T09:14:29.352+0000] {processor.py:183} INFO - Processing /home/airflow/.local/lib/python3.8/site-packages/airflow/example_dags/example_dynamic_task_mapping_with_no_taskflow_operators.py took 0.109 seconds
[2026-01-21T09:14:59.471+0000] {processor.py:161} INFO - Started process (PID=2645) to work on /home/airflow/.local/lib/python3.8/site-packages/airflow/example_dags/example_dynamic_task_mapping_with_no_taskflow_operators.py
[2026-01-21T09:14:59.473+0000] {processor.py:830} INFO - Processing file /home/airflow/.local/lib/python3.8/site-packages/airflow/example_dags/example_dynamic_task_mapping_with_no_taskflow_operators.py for tasks to queue
[2026-01-21T09:14:59.475+0000] {logging_mixin.py:188} INFO - [2026-01-21T09:14:59.475+0000] {dagbag.py:538} INFO - Filling up the DagBag from /home/airflow/.local/lib/python3.8/site-packages/airflow/example_dags/example_dynamic_task_mapping_with_no_taskflow_operators.py
[2026-01-21T09:14:59.485+0000] {processor.py:840} INFO - DAG(s) 'example_dynamic_task_mapping_with_no_taskflow_operators' retrieved from /home/airflow/.local/lib/python3.8/site-packages/airflow/example_dags/example_dynamic_task_mapping_with_no_taskflow_operators.py
[2026-01-21T09:14:59.519+0000] {logging_mixin.py:188} INFO - [2026-01-21T09:14:59.519+0000] {dag.py:3036} INFO - Sync 1 DAGs
[2026-01-21T09:14:59.558+0000] {logging_mixin.py:188} INFO - [2026-01-21T09:14:59.558+0000] {dag.py:3823} INFO - Setting next_dagrun for example_dynamic_task_mapping_with_no_taskflow_operators to 2026-01-20 00:00:00+00:00, run_after=2026-01-21 00:00:00+00:00
[2026-01-21T09:14:59.588+0000] {processor.py:183} INFO - Processing /home/airflow/.local/lib/python3.8/site-packages/airflow/example_dags/example_dynamic_task_mapping_with_no_taskflow_operators.py took 0.122 seconds
[2026-01-21T09:15:30.105+0000] {processor.py:161} INFO - Started process (PID=2710) to work on /home/airflow/.local/lib/python3.8/site-packages/airflow/example_dags/example_dynamic_task_mapping_with_no_taskflow_operators.py
[2026-01-21T09:15:30.107+0000] {processor.py:830} INFO - Processing file /home/airflow/.local/lib/python3.8/site-packages/airflow/example_dags/example_dynamic_task_mapping_with_no_taskflow_operators.py for tasks to queue
[2026-01-21T09:15:30.110+0000] {logging_mixin.py:188} INFO - [2026-01-21T09:15:30.109+0000] {dagbag.py:538} INFO - Filling up the DagBag from /home/airflow/.local/lib/python3.8/site-packages/airflow/example_dags/example_dynamic_task_mapping_with_no_taskflow_operators.py
[2026-01-21T09:15:30.120+0000] {processor.py:840} INFO - DAG(s) 'example_dynamic_task_mapping_with_no_taskflow_operators' retrieved from /home/airflow/.local/lib/python3.8/site-packages/airflow/example_dags/example_dynamic_task_mapping_with_no_taskflow_operators.py
[2026-01-21T09:15:30.147+0000] {logging_mixin.py:188} INFO - [2026-01-21T09:15:30.147+0000] {dag.py:3036} INFO - Sync 1 DAGs
[2026-01-21T09:15:30.186+0000] {logging_mixin.py:188} INFO - [2026-01-21T09:15:30.186+0000] {dag.py:3823} INFO - Setting next_dagrun for example_dynamic_task_mapping_with_no_taskflow_operators to 2026-01-20 00:00:00+00:00, run_after=2026-01-21 00:00:00+00:00
[2026-01-21T09:15:30.214+0000] {processor.py:183} INFO - Processing /home/airflow/.local/lib/python3.8/site-packages/airflow/example_dags/example_dynamic_task_mapping_with_no_taskflow_operators.py took 0.114 seconds
[2026-01-21T09:16:00.520+0000] {processor.py:161} INFO - Started process (PID=2775) to work on /home/airflow/.local/lib/python3.8/site-packages/airflow/example_dags/example_dynamic_task_mapping_with_no_taskflow_operators.py
[2026-01-21T09:16:00.522+0000] {processor.py:830} INFO - Processing file /home/airflow/.local/lib/python3.8/site-packages/airflow/example_dags/example_dynamic_task_mapping_with_no_taskflow_operators.py for tasks to queue
[2026-01-21T09:16:00.524+0000] {logging_mixin.py:188} INFO - [2026-01-21T09:16:00.523+0000] {dagbag.py:538} INFO - Filling up the DagBag from /home/airflow/.local/lib/python3.8/site-packages/airflow/example_dags/example_dynamic_task_mapping_with_no_taskflow_operators.py
[2026-01-21T09:16:00.533+0000] {processor.py:840} INFO - DAG(s) 'example_dynamic_task_mapping_with_no_taskflow_operators' retrieved from /home/airflow/.local/lib/python3.8/site-packages/airflow/example_dags/example_dynamic_task_mapping_with_no_taskflow_operators.py
[2026-01-21T09:16:00.563+0000] {logging_mixin.py:188} INFO - [2026-01-21T09:16:00.562+0000] {dag.py:3036} INFO - Sync 1 DAGs
[2026-01-21T09:16:00.595+0000] {logging_mixin.py:188} INFO - [2026-01-21T09:16:00.595+0000] {dag.py:3823} INFO - Setting next_dagrun for example_dynamic_task_mapping_with_no_taskflow_operators to 2026-01-20 00:00:00+00:00, run_after=2026-01-21 00:00:00+00:00
[2026-01-21T09:16:00.623+0000] {processor.py:183} INFO - Processing /home/airflow/.local/lib/python3.8/site-packages/airflow/example_dags/example_dynamic_task_mapping_with_no_taskflow_operators.py took 0.107 seconds
[2026-01-21T09:16:31.330+0000] {processor.py:161} INFO - Started process (PID=2840) to work on /home/airflow/.local/lib/python3.8/site-packages/airflow/example_dags/example_dynamic_task_mapping_with_no_taskflow_operators.py
[2026-01-21T09:16:31.331+0000] {processor.py:830} INFO - Processing file /home/airflow/.local/lib/python3.8/site-packages/airflow/example_dags/example_dynamic_task_mapping_with_no_taskflow_operators.py for tasks to queue
[2026-01-21T09:16:31.334+0000] {logging_mixin.py:188} INFO - [2026-01-21T09:16:31.334+0000] {dagbag.py:538} INFO - Filling up the DagBag from /home/airflow/.local/lib/python3.8/site-packages/airflow/example_dags/example_dynamic_task_mapping_with_no_taskflow_operators.py
[2026-01-21T09:16:31.347+0000] {processor.py:840} INFO - DAG(s) 'example_dynamic_task_mapping_with_no_taskflow_operators' retrieved from /home/airflow/.local/lib/python3.8/site-packages/airflow/example_dags/example_dynamic_task_mapping_with_no_taskflow_operators.py
[2026-01-21T09:16:31.385+0000] {logging_mixin.py:188} INFO - [2026-01-21T09:16:31.385+0000] {dag.py:3036} INFO - Sync 1 DAGs
[2026-01-21T09:16:31.427+0000] {logging_mixin.py:188} INFO - [2026-01-21T09:16:31.426+0000] {dag.py:3823} INFO - Setting next_dagrun for example_dynamic_task_mapping_with_no_taskflow_operators to 2026-01-20 00:00:00+00:00, run_after=2026-01-21 00:00:00+00:00
[2026-01-21T09:16:31.454+0000] {processor.py:183} INFO - Processing /home/airflow/.local/lib/python3.8/site-packages/airflow/example_dags/example_dynamic_task_mapping_with_no_taskflow_operators.py took 0.130 seconds
[2026-01-21T09:17:01.890+0000] {processor.py:161} INFO - Started process (PID=2913) to work on /home/airflow/.local/lib/python3.8/site-packages/airflow/example_dags/example_dynamic_task_mapping_with_no_taskflow_operators.py
[2026-01-21T09:17:01.892+0000] {processor.py:830} INFO - Processing file /home/airflow/.local/lib/python3.8/site-packages/airflow/example_dags/example_dynamic_task_mapping_with_no_taskflow_operators.py for tasks to queue
[2026-01-21T09:17:01.894+0000] {logging_mixin.py:188} INFO - [2026-01-21T09:17:01.894+0000] {dagbag.py:538} INFO - Filling up the DagBag from /home/airflow/.local/lib/python3.8/site-packages/airflow/example_dags/example_dynamic_task_mapping_with_no_taskflow_operators.py
[2026-01-21T09:17:01.903+0000] {processor.py:840} INFO - DAG(s) 'example_dynamic_task_mapping_with_no_taskflow_operators' retrieved from /home/airflow/.local/lib/python3.8/site-packages/airflow/example_dags/example_dynamic_task_mapping_with_no_taskflow_operators.py
[2026-01-21T09:17:01.929+0000] {logging_mixin.py:188} INFO - [2026-01-21T09:17:01.929+0000] {dag.py:3036} INFO - Sync 1 DAGs
[2026-01-21T09:17:01.963+0000] {logging_mixin.py:188} INFO - [2026-01-21T09:17:01.963+0000] {dag.py:3823} INFO - Setting next_dagrun for example_dynamic_task_mapping_with_no_taskflow_operators to 2026-01-20 00:00:00+00:00, run_after=2026-01-21 00:00:00+00:00
[2026-01-21T09:17:01.986+0000] {processor.py:183} INFO - Processing /home/airflow/.local/lib/python3.8/site-packages/airflow/example_dags/example_dynamic_task_mapping_with_no_taskflow_operators.py took 0.100 seconds
[2026-01-21T09:17:32.535+0000] {processor.py:161} INFO - Started process (PID=2979) to work on /home/airflow/.local/lib/python3.8/site-packages/airflow/example_dags/example_dynamic_task_mapping_with_no_taskflow_operators.py
[2026-01-21T09:17:32.537+0000] {processor.py:830} INFO - Processing file /home/airflow/.local/lib/python3.8/site-packages/airflow/example_dags/example_dynamic_task_mapping_with_no_taskflow_operators.py for tasks to queue
[2026-01-21T09:17:32.539+0000] {logging_mixin.py:188} INFO - [2026-01-21T09:17:32.539+0000] {dagbag.py:538} INFO - Filling up the DagBag from /home/airflow/.local/lib/python3.8/site-packages/airflow/example_dags/example_dynamic_task_mapping_with_no_taskflow_operators.py
[2026-01-21T09:17:32.550+0000] {processor.py:840} INFO - DAG(s) 'example_dynamic_task_mapping_with_no_taskflow_operators' retrieved from /home/airflow/.local/lib/python3.8/site-packages/airflow/example_dags/example_dynamic_task_mapping_with_no_taskflow_operators.py
[2026-01-21T09:17:32.584+0000] {logging_mixin.py:188} INFO - [2026-01-21T09:17:32.584+0000] {dag.py:3036} INFO - Sync 1 DAGs
[2026-01-21T09:17:32.622+0000] {logging_mixin.py:188} INFO - [2026-01-21T09:17:32.622+0000] {dag.py:3823} INFO - Setting next_dagrun for example_dynamic_task_mapping_with_no_taskflow_operators to 2026-01-20 00:00:00+00:00, run_after=2026-01-21 00:00:00+00:00
[2026-01-21T09:17:32.658+0000] {processor.py:183} INFO - Processing /home/airflow/.local/lib/python3.8/site-packages/airflow/example_dags/example_dynamic_task_mapping_with_no_taskflow_operators.py took 0.129 seconds
[2026-01-21T09:18:03.368+0000] {processor.py:161} INFO - Started process (PID=3045) to work on /home/airflow/.local/lib/python3.8/site-packages/airflow/example_dags/example_dynamic_task_mapping_with_no_taskflow_operators.py
[2026-01-21T09:18:03.370+0000] {processor.py:830} INFO - Processing file /home/airflow/.local/lib/python3.8/site-packages/airflow/example_dags/example_dynamic_task_mapping_with_no_taskflow_operators.py for tasks to queue
[2026-01-21T09:18:03.373+0000] {logging_mixin.py:188} INFO - [2026-01-21T09:18:03.372+0000] {dagbag.py:538} INFO - Filling up the DagBag from /home/airflow/.local/lib/python3.8/site-packages/airflow/example_dags/example_dynamic_task_mapping_with_no_taskflow_operators.py
[2026-01-21T09:18:03.383+0000] {processor.py:840} INFO - DAG(s) 'example_dynamic_task_mapping_with_no_taskflow_operators' retrieved from /home/airflow/.local/lib/python3.8/site-packages/airflow/example_dags/example_dynamic_task_mapping_with_no_taskflow_operators.py
[2026-01-21T09:18:03.420+0000] {logging_mixin.py:188} INFO - [2026-01-21T09:18:03.419+0000] {dag.py:3036} INFO - Sync 1 DAGs
[2026-01-21T09:18:03.458+0000] {logging_mixin.py:188} INFO - [2026-01-21T09:18:03.457+0000] {dag.py:3823} INFO - Setting next_dagrun for example_dynamic_task_mapping_with_no_taskflow_operators to 2026-01-20 00:00:00+00:00, run_after=2026-01-21 00:00:00+00:00
[2026-01-21T09:18:03.489+0000] {processor.py:183} INFO - Processing /home/airflow/.local/lib/python3.8/site-packages/airflow/example_dags/example_dynamic_task_mapping_with_no_taskflow_operators.py took 0.127 seconds
[2026-01-21T09:18:33.627+0000] {processor.py:161} INFO - Started process (PID=3109) to work on /home/airflow/.local/lib/python3.8/site-packages/airflow/example_dags/example_dynamic_task_mapping_with_no_taskflow_operators.py
[2026-01-21T09:18:33.629+0000] {processor.py:830} INFO - Processing file /home/airflow/.local/lib/python3.8/site-packages/airflow/example_dags/example_dynamic_task_mapping_with_no_taskflow_operators.py for tasks to queue
[2026-01-21T09:18:33.631+0000] {logging_mixin.py:188} INFO - [2026-01-21T09:18:33.631+0000] {dagbag.py:538} INFO - Filling up the DagBag from /home/airflow/.local/lib/python3.8/site-packages/airflow/example_dags/example_dynamic_task_mapping_with_no_taskflow_operators.py
[2026-01-21T09:18:33.642+0000] {processor.py:840} INFO - DAG(s) 'example_dynamic_task_mapping_with_no_taskflow_operators' retrieved from /home/airflow/.local/lib/python3.8/site-packages/airflow/example_dags/example_dynamic_task_mapping_with_no_taskflow_operators.py
[2026-01-21T09:18:33.673+0000] {logging_mixin.py:188} INFO - [2026-01-21T09:18:33.672+0000] {dag.py:3036} INFO - Sync 1 DAGs
[2026-01-21T09:18:33.705+0000] {logging_mixin.py:188} INFO - [2026-01-21T09:18:33.705+0000] {dag.py:3823} INFO - Setting next_dagrun for example_dynamic_task_mapping_with_no_taskflow_operators to 2026-01-20 00:00:00+00:00, run_after=2026-01-21 00:00:00+00:00
[2026-01-21T09:18:33.731+0000] {processor.py:183} INFO - Processing /home/airflow/.local/lib/python3.8/site-packages/airflow/example_dags/example_dynamic_task_mapping_with_no_taskflow_operators.py took 0.109 seconds
[2026-01-21T09:19:04.567+0000] {processor.py:161} INFO - Started process (PID=3174) to work on /home/airflow/.local/lib/python3.8/site-packages/airflow/example_dags/example_dynamic_task_mapping_with_no_taskflow_operators.py
[2026-01-21T09:19:04.568+0000] {processor.py:830} INFO - Processing file /home/airflow/.local/lib/python3.8/site-packages/airflow/example_dags/example_dynamic_task_mapping_with_no_taskflow_operators.py for tasks to queue
[2026-01-21T09:19:04.571+0000] {logging_mixin.py:188} INFO - [2026-01-21T09:19:04.570+0000] {dagbag.py:538} INFO - Filling up the DagBag from /home/airflow/.local/lib/python3.8/site-packages/airflow/example_dags/example_dynamic_task_mapping_with_no_taskflow_operators.py
[2026-01-21T09:19:04.581+0000] {processor.py:840} INFO - DAG(s) 'example_dynamic_task_mapping_with_no_taskflow_operators' retrieved from /home/airflow/.local/lib/python3.8/site-packages/airflow/example_dags/example_dynamic_task_mapping_with_no_taskflow_operators.py
[2026-01-21T09:19:04.610+0000] {logging_mixin.py:188} INFO - [2026-01-21T09:19:04.610+0000] {dag.py:3036} INFO - Sync 1 DAGs
[2026-01-21T09:19:04.643+0000] {logging_mixin.py:188} INFO - [2026-01-21T09:19:04.643+0000] {dag.py:3823} INFO - Setting next_dagrun for example_dynamic_task_mapping_with_no_taskflow_operators to 2026-01-20 00:00:00+00:00, run_after=2026-01-21 00:00:00+00:00
[2026-01-21T09:19:04.669+0000] {processor.py:183} INFO - Processing /home/airflow/.local/lib/python3.8/site-packages/airflow/example_dags/example_dynamic_task_mapping_with_no_taskflow_operators.py took 0.107 seconds
[2026-01-21T09:20:55.072+0000] {processor.py:161} INFO - Started process (PID=65) to work on /home/airflow/.local/lib/python3.8/site-packages/airflow/example_dags/example_dynamic_task_mapping_with_no_taskflow_operators.py
[2026-01-21T09:20:55.081+0000] {processor.py:830} INFO - Processing file /home/airflow/.local/lib/python3.8/site-packages/airflow/example_dags/example_dynamic_task_mapping_with_no_taskflow_operators.py for tasks to queue
[2026-01-21T09:20:55.084+0000] {logging_mixin.py:188} INFO - [2026-01-21T09:20:55.083+0000] {dagbag.py:538} INFO - Filling up the DagBag from /home/airflow/.local/lib/python3.8/site-packages/airflow/example_dags/example_dynamic_task_mapping_with_no_taskflow_operators.py
[2026-01-21T09:20:55.115+0000] {processor.py:840} INFO - DAG(s) 'example_dynamic_task_mapping_with_no_taskflow_operators' retrieved from /home/airflow/.local/lib/python3.8/site-packages/airflow/example_dags/example_dynamic_task_mapping_with_no_taskflow_operators.py
[2026-01-21T09:20:55.165+0000] {logging_mixin.py:188} INFO - [2026-01-21T09:20:55.164+0000] {dag.py:3036} INFO - Sync 1 DAGs
[2026-01-21T09:20:55.241+0000] {logging_mixin.py:188} INFO - [2026-01-21T09:20:55.241+0000] {dag.py:3823} INFO - Setting next_dagrun for example_dynamic_task_mapping_with_no_taskflow_operators to 2026-01-20 00:00:00+00:00, run_after=2026-01-21 00:00:00+00:00
[2026-01-21T09:20:55.305+0000] {processor.py:183} INFO - Processing /home/airflow/.local/lib/python3.8/site-packages/airflow/example_dags/example_dynamic_task_mapping_with_no_taskflow_operators.py took 0.246 seconds
[2026-01-21T09:21:25.740+0000] {processor.py:161} INFO - Started process (PID=124) to work on /home/airflow/.local/lib/python3.8/site-packages/airflow/example_dags/example_dynamic_task_mapping_with_no_taskflow_operators.py
[2026-01-21T09:21:25.741+0000] {processor.py:830} INFO - Processing file /home/airflow/.local/lib/python3.8/site-packages/airflow/example_dags/example_dynamic_task_mapping_with_no_taskflow_operators.py for tasks to queue
[2026-01-21T09:21:25.744+0000] {logging_mixin.py:188} INFO - [2026-01-21T09:21:25.743+0000] {dagbag.py:538} INFO - Filling up the DagBag from /home/airflow/.local/lib/python3.8/site-packages/airflow/example_dags/example_dynamic_task_mapping_with_no_taskflow_operators.py
[2026-01-21T09:21:25.755+0000] {processor.py:840} INFO - DAG(s) 'example_dynamic_task_mapping_with_no_taskflow_operators' retrieved from /home/airflow/.local/lib/python3.8/site-packages/airflow/example_dags/example_dynamic_task_mapping_with_no_taskflow_operators.py
[2026-01-21T09:21:25.955+0000] {logging_mixin.py:188} INFO - [2026-01-21T09:21:25.955+0000] {dag.py:3036} INFO - Sync 1 DAGs
[2026-01-21T09:21:25.993+0000] {logging_mixin.py:188} INFO - [2026-01-21T09:21:25.992+0000] {dag.py:3823} INFO - Setting next_dagrun for example_dynamic_task_mapping_with_no_taskflow_operators to 2026-01-20 00:00:00+00:00, run_after=2026-01-21 00:00:00+00:00
[2026-01-21T09:21:26.021+0000] {processor.py:183} INFO - Processing /home/airflow/.local/lib/python3.8/site-packages/airflow/example_dags/example_dynamic_task_mapping_with_no_taskflow_operators.py took 0.287 seconds
[2026-01-21T09:21:56.072+0000] {processor.py:161} INFO - Started process (PID=196) to work on /home/airflow/.local/lib/python3.8/site-packages/airflow/example_dags/example_dynamic_task_mapping_with_no_taskflow_operators.py
[2026-01-21T09:21:56.073+0000] {processor.py:830} INFO - Processing file /home/airflow/.local/lib/python3.8/site-packages/airflow/example_dags/example_dynamic_task_mapping_with_no_taskflow_operators.py for tasks to queue
[2026-01-21T09:21:56.075+0000] {logging_mixin.py:188} INFO - [2026-01-21T09:21:56.075+0000] {dagbag.py:538} INFO - Filling up the DagBag from /home/airflow/.local/lib/python3.8/site-packages/airflow/example_dags/example_dynamic_task_mapping_with_no_taskflow_operators.py
[2026-01-21T09:21:56.083+0000] {processor.py:840} INFO - DAG(s) 'example_dynamic_task_mapping_with_no_taskflow_operators' retrieved from /home/airflow/.local/lib/python3.8/site-packages/airflow/example_dags/example_dynamic_task_mapping_with_no_taskflow_operators.py
[2026-01-21T09:21:56.111+0000] {logging_mixin.py:188} INFO - [2026-01-21T09:21:56.110+0000] {dag.py:3036} INFO - Sync 1 DAGs
[2026-01-21T09:21:56.143+0000] {logging_mixin.py:188} INFO - [2026-01-21T09:21:56.142+0000] {dag.py:3823} INFO - Setting next_dagrun for example_dynamic_task_mapping_with_no_taskflow_operators to 2026-01-20 00:00:00+00:00, run_after=2026-01-21 00:00:00+00:00
[2026-01-21T09:21:56.166+0000] {processor.py:183} INFO - Processing /home/airflow/.local/lib/python3.8/site-packages/airflow/example_dags/example_dynamic_task_mapping_with_no_taskflow_operators.py took 0.099 seconds
[2026-01-21T09:22:26.341+0000] {processor.py:161} INFO - Started process (PID=261) to work on /home/airflow/.local/lib/python3.8/site-packages/airflow/example_dags/example_dynamic_task_mapping_with_no_taskflow_operators.py
[2026-01-21T09:22:26.342+0000] {processor.py:830} INFO - Processing file /home/airflow/.local/lib/python3.8/site-packages/airflow/example_dags/example_dynamic_task_mapping_with_no_taskflow_operators.py for tasks to queue
[2026-01-21T09:22:26.345+0000] {logging_mixin.py:188} INFO - [2026-01-21T09:22:26.344+0000] {dagbag.py:538} INFO - Filling up the DagBag from /home/airflow/.local/lib/python3.8/site-packages/airflow/example_dags/example_dynamic_task_mapping_with_no_taskflow_operators.py
[2026-01-21T09:22:26.353+0000] {processor.py:840} INFO - DAG(s) 'example_dynamic_task_mapping_with_no_taskflow_operators' retrieved from /home/airflow/.local/lib/python3.8/site-packages/airflow/example_dags/example_dynamic_task_mapping_with_no_taskflow_operators.py
[2026-01-21T09:22:26.384+0000] {logging_mixin.py:188} INFO - [2026-01-21T09:22:26.383+0000] {dag.py:3036} INFO - Sync 1 DAGs
[2026-01-21T09:22:26.417+0000] {logging_mixin.py:188} INFO - [2026-01-21T09:22:26.417+0000] {dag.py:3823} INFO - Setting next_dagrun for example_dynamic_task_mapping_with_no_taskflow_operators to 2026-01-20 00:00:00+00:00, run_after=2026-01-21 00:00:00+00:00
[2026-01-21T09:22:26.441+0000] {processor.py:183} INFO - Processing /home/airflow/.local/lib/python3.8/site-packages/airflow/example_dags/example_dynamic_task_mapping_with_no_taskflow_operators.py took 0.105 seconds
[2026-01-21T09:22:56.973+0000] {processor.py:161} INFO - Started process (PID=325) to work on /home/airflow/.local/lib/python3.8/site-packages/airflow/example_dags/example_dynamic_task_mapping_with_no_taskflow_operators.py
[2026-01-21T09:22:56.977+0000] {processor.py:830} INFO - Processing file /home/airflow/.local/lib/python3.8/site-packages/airflow/example_dags/example_dynamic_task_mapping_with_no_taskflow_operators.py for tasks to queue
[2026-01-21T09:22:56.980+0000] {logging_mixin.py:188} INFO - [2026-01-21T09:22:56.980+0000] {dagbag.py:538} INFO - Filling up the DagBag from /home/airflow/.local/lib/python3.8/site-packages/airflow/example_dags/example_dynamic_task_mapping_with_no_taskflow_operators.py
[2026-01-21T09:22:57.002+0000] {processor.py:840} INFO - DAG(s) 'example_dynamic_task_mapping_with_no_taskflow_operators' retrieved from /home/airflow/.local/lib/python3.8/site-packages/airflow/example_dags/example_dynamic_task_mapping_with_no_taskflow_operators.py
[2026-01-21T09:22:57.051+0000] {logging_mixin.py:188} INFO - [2026-01-21T09:22:57.051+0000] {dag.py:3036} INFO - Sync 1 DAGs
[2026-01-21T09:22:57.119+0000] {logging_mixin.py:188} INFO - [2026-01-21T09:22:57.118+0000] {dag.py:3823} INFO - Setting next_dagrun for example_dynamic_task_mapping_with_no_taskflow_operators to 2026-01-20 00:00:00+00:00, run_after=2026-01-21 00:00:00+00:00
[2026-01-21T09:22:57.147+0000] {processor.py:183} INFO - Processing /home/airflow/.local/lib/python3.8/site-packages/airflow/example_dags/example_dynamic_task_mapping_with_no_taskflow_operators.py took 0.180 seconds
[2026-01-21T09:23:27.420+0000] {processor.py:161} INFO - Started process (PID=389) to work on /home/airflow/.local/lib/python3.8/site-packages/airflow/example_dags/example_dynamic_task_mapping_with_no_taskflow_operators.py
[2026-01-21T09:23:27.421+0000] {processor.py:830} INFO - Processing file /home/airflow/.local/lib/python3.8/site-packages/airflow/example_dags/example_dynamic_task_mapping_with_no_taskflow_operators.py for tasks to queue
[2026-01-21T09:23:27.423+0000] {logging_mixin.py:188} INFO - [2026-01-21T09:23:27.423+0000] {dagbag.py:538} INFO - Filling up the DagBag from /home/airflow/.local/lib/python3.8/site-packages/airflow/example_dags/example_dynamic_task_mapping_with_no_taskflow_operators.py
[2026-01-21T09:23:27.431+0000] {processor.py:840} INFO - DAG(s) 'example_dynamic_task_mapping_with_no_taskflow_operators' retrieved from /home/airflow/.local/lib/python3.8/site-packages/airflow/example_dags/example_dynamic_task_mapping_with_no_taskflow_operators.py
[2026-01-21T09:23:27.459+0000] {logging_mixin.py:188} INFO - [2026-01-21T09:23:27.459+0000] {dag.py:3036} INFO - Sync 1 DAGs
[2026-01-21T09:23:27.491+0000] {logging_mixin.py:188} INFO - [2026-01-21T09:23:27.491+0000] {dag.py:3823} INFO - Setting next_dagrun for example_dynamic_task_mapping_with_no_taskflow_operators to 2026-01-20 00:00:00+00:00, run_after=2026-01-21 00:00:00+00:00
[2026-01-21T09:23:27.521+0000] {processor.py:183} INFO - Processing /home/airflow/.local/lib/python3.8/site-packages/airflow/example_dags/example_dynamic_task_mapping_with_no_taskflow_operators.py took 0.106 seconds
[2026-01-21T09:23:57.786+0000] {processor.py:161} INFO - Started process (PID=455) to work on /home/airflow/.local/lib/python3.8/site-packages/airflow/example_dags/example_dynamic_task_mapping_with_no_taskflow_operators.py
[2026-01-21T09:23:57.788+0000] {processor.py:830} INFO - Processing file /home/airflow/.local/lib/python3.8/site-packages/airflow/example_dags/example_dynamic_task_mapping_with_no_taskflow_operators.py for tasks to queue
[2026-01-21T09:23:57.792+0000] {logging_mixin.py:188} INFO - [2026-01-21T09:23:57.792+0000] {dagbag.py:538} INFO - Filling up the DagBag from /home/airflow/.local/lib/python3.8/site-packages/airflow/example_dags/example_dynamic_task_mapping_with_no_taskflow_operators.py
[2026-01-21T09:23:57.803+0000] {processor.py:840} INFO - DAG(s) 'example_dynamic_task_mapping_with_no_taskflow_operators' retrieved from /home/airflow/.local/lib/python3.8/site-packages/airflow/example_dags/example_dynamic_task_mapping_with_no_taskflow_operators.py
[2026-01-21T09:23:57.838+0000] {logging_mixin.py:188} INFO - [2026-01-21T09:23:57.837+0000] {dag.py:3036} INFO - Sync 1 DAGs
[2026-01-21T09:23:57.900+0000] {logging_mixin.py:188} INFO - [2026-01-21T09:23:57.899+0000] {dag.py:3823} INFO - Setting next_dagrun for example_dynamic_task_mapping_with_no_taskflow_operators to 2026-01-20 00:00:00+00:00, run_after=2026-01-21 00:00:00+00:00
[2026-01-21T09:23:57.939+0000] {processor.py:183} INFO - Processing /home/airflow/.local/lib/python3.8/site-packages/airflow/example_dags/example_dynamic_task_mapping_with_no_taskflow_operators.py took 0.159 seconds
[2026-01-21T09:24:28.561+0000] {processor.py:161} INFO - Started process (PID=520) to work on /home/airflow/.local/lib/python3.8/site-packages/airflow/example_dags/example_dynamic_task_mapping_with_no_taskflow_operators.py
[2026-01-21T09:24:28.563+0000] {processor.py:830} INFO - Processing file /home/airflow/.local/lib/python3.8/site-packages/airflow/example_dags/example_dynamic_task_mapping_with_no_taskflow_operators.py for tasks to queue
[2026-01-21T09:24:28.566+0000] {logging_mixin.py:188} INFO - [2026-01-21T09:24:28.565+0000] {dagbag.py:538} INFO - Filling up the DagBag from /home/airflow/.local/lib/python3.8/site-packages/airflow/example_dags/example_dynamic_task_mapping_with_no_taskflow_operators.py
[2026-01-21T09:24:28.576+0000] {processor.py:840} INFO - DAG(s) 'example_dynamic_task_mapping_with_no_taskflow_operators' retrieved from /home/airflow/.local/lib/python3.8/site-packages/airflow/example_dags/example_dynamic_task_mapping_with_no_taskflow_operators.py
[2026-01-21T09:24:28.611+0000] {logging_mixin.py:188} INFO - [2026-01-21T09:24:28.610+0000] {dag.py:3036} INFO - Sync 1 DAGs
[2026-01-21T09:24:28.653+0000] {logging_mixin.py:188} INFO - [2026-01-21T09:24:28.652+0000] {dag.py:3823} INFO - Setting next_dagrun for example_dynamic_task_mapping_with_no_taskflow_operators to 2026-01-20 00:00:00+00:00, run_after=2026-01-21 00:00:00+00:00
[2026-01-21T09:24:28.684+0000] {processor.py:183} INFO - Processing /home/airflow/.local/lib/python3.8/site-packages/airflow/example_dags/example_dynamic_task_mapping_with_no_taskflow_operators.py took 0.129 seconds
[2026-01-21T09:24:59.029+0000] {processor.py:161} INFO - Started process (PID=585) to work on /home/airflow/.local/lib/python3.8/site-packages/airflow/example_dags/example_dynamic_task_mapping_with_no_taskflow_operators.py
[2026-01-21T09:24:59.031+0000] {processor.py:830} INFO - Processing file /home/airflow/.local/lib/python3.8/site-packages/airflow/example_dags/example_dynamic_task_mapping_with_no_taskflow_operators.py for tasks to queue
[2026-01-21T09:24:59.034+0000] {logging_mixin.py:188} INFO - [2026-01-21T09:24:59.034+0000] {dagbag.py:538} INFO - Filling up the DagBag from /home/airflow/.local/lib/python3.8/site-packages/airflow/example_dags/example_dynamic_task_mapping_with_no_taskflow_operators.py
[2026-01-21T09:24:59.046+0000] {processor.py:840} INFO - DAG(s) 'example_dynamic_task_mapping_with_no_taskflow_operators' retrieved from /home/airflow/.local/lib/python3.8/site-packages/airflow/example_dags/example_dynamic_task_mapping_with_no_taskflow_operators.py
[2026-01-21T09:24:59.081+0000] {logging_mixin.py:188} INFO - [2026-01-21T09:24:59.080+0000] {dag.py:3036} INFO - Sync 1 DAGs
[2026-01-21T09:24:59.132+0000] {logging_mixin.py:188} INFO - [2026-01-21T09:24:59.132+0000] {dag.py:3823} INFO - Setting next_dagrun for example_dynamic_task_mapping_with_no_taskflow_operators to 2026-01-20 00:00:00+00:00, run_after=2026-01-21 00:00:00+00:00
[2026-01-21T09:24:59.164+0000] {processor.py:183} INFO - Processing /home/airflow/.local/lib/python3.8/site-packages/airflow/example_dags/example_dynamic_task_mapping_with_no_taskflow_operators.py took 0.141 seconds
[2026-01-21T09:25:30.055+0000] {processor.py:161} INFO - Started process (PID=659) to work on /home/airflow/.local/lib/python3.8/site-packages/airflow/example_dags/example_dynamic_task_mapping_with_no_taskflow_operators.py
[2026-01-21T09:25:30.057+0000] {processor.py:830} INFO - Processing file /home/airflow/.local/lib/python3.8/site-packages/airflow/example_dags/example_dynamic_task_mapping_with_no_taskflow_operators.py for tasks to queue
[2026-01-21T09:25:30.064+0000] {logging_mixin.py:188} INFO - [2026-01-21T09:25:30.060+0000] {dagbag.py:538} INFO - Filling up the DagBag from /home/airflow/.local/lib/python3.8/site-packages/airflow/example_dags/example_dynamic_task_mapping_with_no_taskflow_operators.py
[2026-01-21T09:25:30.075+0000] {processor.py:840} INFO - DAG(s) 'example_dynamic_task_mapping_with_no_taskflow_operators' retrieved from /home/airflow/.local/lib/python3.8/site-packages/airflow/example_dags/example_dynamic_task_mapping_with_no_taskflow_operators.py
[2026-01-21T09:25:30.108+0000] {logging_mixin.py:188} INFO - [2026-01-21T09:25:30.107+0000] {dag.py:3036} INFO - Sync 1 DAGs
[2026-01-21T09:25:30.151+0000] {logging_mixin.py:188} INFO - [2026-01-21T09:25:30.151+0000] {dag.py:3823} INFO - Setting next_dagrun for example_dynamic_task_mapping_with_no_taskflow_operators to 2026-01-20 00:00:00+00:00, run_after=2026-01-21 00:00:00+00:00
[2026-01-21T09:25:30.179+0000] {processor.py:183} INFO - Processing /home/airflow/.local/lib/python3.8/site-packages/airflow/example_dags/example_dynamic_task_mapping_with_no_taskflow_operators.py took 0.130 seconds
[2026-01-21T09:26:00.829+0000] {processor.py:161} INFO - Started process (PID=724) to work on /home/airflow/.local/lib/python3.8/site-packages/airflow/example_dags/example_dynamic_task_mapping_with_no_taskflow_operators.py
[2026-01-21T09:26:00.831+0000] {processor.py:830} INFO - Processing file /home/airflow/.local/lib/python3.8/site-packages/airflow/example_dags/example_dynamic_task_mapping_with_no_taskflow_operators.py for tasks to queue
[2026-01-21T09:26:00.833+0000] {logging_mixin.py:188} INFO - [2026-01-21T09:26:00.833+0000] {dagbag.py:538} INFO - Filling up the DagBag from /home/airflow/.local/lib/python3.8/site-packages/airflow/example_dags/example_dynamic_task_mapping_with_no_taskflow_operators.py
[2026-01-21T09:26:00.844+0000] {processor.py:840} INFO - DAG(s) 'example_dynamic_task_mapping_with_no_taskflow_operators' retrieved from /home/airflow/.local/lib/python3.8/site-packages/airflow/example_dags/example_dynamic_task_mapping_with_no_taskflow_operators.py
[2026-01-21T09:26:00.875+0000] {logging_mixin.py:188} INFO - [2026-01-21T09:26:00.875+0000] {dag.py:3036} INFO - Sync 1 DAGs
[2026-01-21T09:26:00.916+0000] {logging_mixin.py:188} INFO - [2026-01-21T09:26:00.915+0000] {dag.py:3823} INFO - Setting next_dagrun for example_dynamic_task_mapping_with_no_taskflow_operators to 2026-01-20 00:00:00+00:00, run_after=2026-01-21 00:00:00+00:00
[2026-01-21T09:26:00.943+0000] {processor.py:183} INFO - Processing /home/airflow/.local/lib/python3.8/site-packages/airflow/example_dags/example_dynamic_task_mapping_with_no_taskflow_operators.py took 0.120 seconds
[2026-01-21T09:26:31.577+0000] {processor.py:161} INFO - Started process (PID=789) to work on /home/airflow/.local/lib/python3.8/site-packages/airflow/example_dags/example_dynamic_task_mapping_with_no_taskflow_operators.py
[2026-01-21T09:26:31.579+0000] {processor.py:830} INFO - Processing file /home/airflow/.local/lib/python3.8/site-packages/airflow/example_dags/example_dynamic_task_mapping_with_no_taskflow_operators.py for tasks to queue
[2026-01-21T09:26:31.581+0000] {logging_mixin.py:188} INFO - [2026-01-21T09:26:31.581+0000] {dagbag.py:538} INFO - Filling up the DagBag from /home/airflow/.local/lib/python3.8/site-packages/airflow/example_dags/example_dynamic_task_mapping_with_no_taskflow_operators.py
[2026-01-21T09:26:31.591+0000] {processor.py:840} INFO - DAG(s) 'example_dynamic_task_mapping_with_no_taskflow_operators' retrieved from /home/airflow/.local/lib/python3.8/site-packages/airflow/example_dags/example_dynamic_task_mapping_with_no_taskflow_operators.py
[2026-01-21T09:26:31.623+0000] {logging_mixin.py:188} INFO - [2026-01-21T09:26:31.622+0000] {dag.py:3036} INFO - Sync 1 DAGs
[2026-01-21T09:26:31.664+0000] {logging_mixin.py:188} INFO - [2026-01-21T09:26:31.664+0000] {dag.py:3823} INFO - Setting next_dagrun for example_dynamic_task_mapping_with_no_taskflow_operators to 2026-01-20 00:00:00+00:00, run_after=2026-01-21 00:00:00+00:00
[2026-01-21T09:26:31.690+0000] {processor.py:183} INFO - Processing /home/airflow/.local/lib/python3.8/site-packages/airflow/example_dags/example_dynamic_task_mapping_with_no_taskflow_operators.py took 0.118 seconds
[2026-01-21T09:27:02.204+0000] {processor.py:161} INFO - Started process (PID=853) to work on /home/airflow/.local/lib/python3.8/site-packages/airflow/example_dags/example_dynamic_task_mapping_with_no_taskflow_operators.py
[2026-01-21T09:27:02.206+0000] {processor.py:830} INFO - Processing file /home/airflow/.local/lib/python3.8/site-packages/airflow/example_dags/example_dynamic_task_mapping_with_no_taskflow_operators.py for tasks to queue
[2026-01-21T09:27:02.208+0000] {logging_mixin.py:188} INFO - [2026-01-21T09:27:02.208+0000] {dagbag.py:538} INFO - Filling up the DagBag from /home/airflow/.local/lib/python3.8/site-packages/airflow/example_dags/example_dynamic_task_mapping_with_no_taskflow_operators.py
[2026-01-21T09:27:02.218+0000] {processor.py:840} INFO - DAG(s) 'example_dynamic_task_mapping_with_no_taskflow_operators' retrieved from /home/airflow/.local/lib/python3.8/site-packages/airflow/example_dags/example_dynamic_task_mapping_with_no_taskflow_operators.py
[2026-01-21T09:27:02.246+0000] {logging_mixin.py:188} INFO - [2026-01-21T09:27:02.246+0000] {dag.py:3036} INFO - Sync 1 DAGs
[2026-01-21T09:27:02.278+0000] {logging_mixin.py:188} INFO - [2026-01-21T09:27:02.278+0000] {dag.py:3823} INFO - Setting next_dagrun for example_dynamic_task_mapping_with_no_taskflow_operators to 2026-01-20 00:00:00+00:00, run_after=2026-01-21 00:00:00+00:00
[2026-01-21T09:27:02.307+0000] {processor.py:183} INFO - Processing /home/airflow/.local/lib/python3.8/site-packages/airflow/example_dags/example_dynamic_task_mapping_with_no_taskflow_operators.py took 0.108 seconds
[2026-01-21T09:27:32.562+0000] {processor.py:161} INFO - Started process (PID=917) to work on /home/airflow/.local/lib/python3.8/site-packages/airflow/example_dags/example_dynamic_task_mapping_with_no_taskflow_operators.py
[2026-01-21T09:27:32.564+0000] {processor.py:830} INFO - Processing file /home/airflow/.local/lib/python3.8/site-packages/airflow/example_dags/example_dynamic_task_mapping_with_no_taskflow_operators.py for tasks to queue
[2026-01-21T09:27:32.567+0000] {logging_mixin.py:188} INFO - [2026-01-21T09:27:32.567+0000] {dagbag.py:538} INFO - Filling up the DagBag from /home/airflow/.local/lib/python3.8/site-packages/airflow/example_dags/example_dynamic_task_mapping_with_no_taskflow_operators.py
[2026-01-21T09:27:32.578+0000] {processor.py:840} INFO - DAG(s) 'example_dynamic_task_mapping_with_no_taskflow_operators' retrieved from /home/airflow/.local/lib/python3.8/site-packages/airflow/example_dags/example_dynamic_task_mapping_with_no_taskflow_operators.py
[2026-01-21T09:27:32.611+0000] {logging_mixin.py:188} INFO - [2026-01-21T09:27:32.610+0000] {dag.py:3036} INFO - Sync 1 DAGs
[2026-01-21T09:27:32.645+0000] {logging_mixin.py:188} INFO - [2026-01-21T09:27:32.645+0000] {dag.py:3823} INFO - Setting next_dagrun for example_dynamic_task_mapping_with_no_taskflow_operators to 2026-01-20 00:00:00+00:00, run_after=2026-01-21 00:00:00+00:00
[2026-01-21T09:27:32.668+0000] {processor.py:183} INFO - Processing /home/airflow/.local/lib/python3.8/site-packages/airflow/example_dags/example_dynamic_task_mapping_with_no_taskflow_operators.py took 0.112 seconds
[2026-01-21T09:28:02.763+0000] {processor.py:161} INFO - Started process (PID=982) to work on /home/airflow/.local/lib/python3.8/site-packages/airflow/example_dags/example_dynamic_task_mapping_with_no_taskflow_operators.py
[2026-01-21T09:28:02.764+0000] {processor.py:830} INFO - Processing file /home/airflow/.local/lib/python3.8/site-packages/airflow/example_dags/example_dynamic_task_mapping_with_no_taskflow_operators.py for tasks to queue
[2026-01-21T09:28:02.767+0000] {logging_mixin.py:188} INFO - [2026-01-21T09:28:02.766+0000] {dagbag.py:538} INFO - Filling up the DagBag from /home/airflow/.local/lib/python3.8/site-packages/airflow/example_dags/example_dynamic_task_mapping_with_no_taskflow_operators.py
[2026-01-21T09:28:02.775+0000] {processor.py:840} INFO - DAG(s) 'example_dynamic_task_mapping_with_no_taskflow_operators' retrieved from /home/airflow/.local/lib/python3.8/site-packages/airflow/example_dags/example_dynamic_task_mapping_with_no_taskflow_operators.py
[2026-01-21T09:28:02.804+0000] {logging_mixin.py:188} INFO - [2026-01-21T09:28:02.804+0000] {dag.py:3036} INFO - Sync 1 DAGs
[2026-01-21T09:28:02.835+0000] {logging_mixin.py:188} INFO - [2026-01-21T09:28:02.835+0000] {dag.py:3823} INFO - Setting next_dagrun for example_dynamic_task_mapping_with_no_taskflow_operators to 2026-01-20 00:00:00+00:00, run_after=2026-01-21 00:00:00+00:00
[2026-01-21T09:28:02.857+0000] {processor.py:183} INFO - Processing /home/airflow/.local/lib/python3.8/site-packages/airflow/example_dags/example_dynamic_task_mapping_with_no_taskflow_operators.py took 0.099 seconds
[2026-01-21T09:28:33.308+0000] {processor.py:161} INFO - Started process (PID=1054) to work on /home/airflow/.local/lib/python3.8/site-packages/airflow/example_dags/example_dynamic_task_mapping_with_no_taskflow_operators.py
[2026-01-21T09:28:33.310+0000] {processor.py:830} INFO - Processing file /home/airflow/.local/lib/python3.8/site-packages/airflow/example_dags/example_dynamic_task_mapping_with_no_taskflow_operators.py for tasks to queue
[2026-01-21T09:28:33.312+0000] {logging_mixin.py:188} INFO - [2026-01-21T09:28:33.312+0000] {dagbag.py:538} INFO - Filling up the DagBag from /home/airflow/.local/lib/python3.8/site-packages/airflow/example_dags/example_dynamic_task_mapping_with_no_taskflow_operators.py
[2026-01-21T09:28:33.320+0000] {processor.py:840} INFO - DAG(s) 'example_dynamic_task_mapping_with_no_taskflow_operators' retrieved from /home/airflow/.local/lib/python3.8/site-packages/airflow/example_dags/example_dynamic_task_mapping_with_no_taskflow_operators.py
[2026-01-21T09:28:33.349+0000] {logging_mixin.py:188} INFO - [2026-01-21T09:28:33.348+0000] {dag.py:3036} INFO - Sync 1 DAGs
[2026-01-21T09:28:33.381+0000] {logging_mixin.py:188} INFO - [2026-01-21T09:28:33.380+0000] {dag.py:3823} INFO - Setting next_dagrun for example_dynamic_task_mapping_with_no_taskflow_operators to 2026-01-20 00:00:00+00:00, run_after=2026-01-21 00:00:00+00:00
[2026-01-21T09:28:33.404+0000] {processor.py:183} INFO - Processing /home/airflow/.local/lib/python3.8/site-packages/airflow/example_dags/example_dynamic_task_mapping_with_no_taskflow_operators.py took 0.100 seconds
[2026-01-21T09:29:03.768+0000] {processor.py:161} INFO - Started process (PID=1119) to work on /home/airflow/.local/lib/python3.8/site-packages/airflow/example_dags/example_dynamic_task_mapping_with_no_taskflow_operators.py
[2026-01-21T09:29:03.769+0000] {processor.py:830} INFO - Processing file /home/airflow/.local/lib/python3.8/site-packages/airflow/example_dags/example_dynamic_task_mapping_with_no_taskflow_operators.py for tasks to queue
[2026-01-21T09:29:03.772+0000] {logging_mixin.py:188} INFO - [2026-01-21T09:29:03.771+0000] {dagbag.py:538} INFO - Filling up the DagBag from /home/airflow/.local/lib/python3.8/site-packages/airflow/example_dags/example_dynamic_task_mapping_with_no_taskflow_operators.py
[2026-01-21T09:29:03.780+0000] {processor.py:840} INFO - DAG(s) 'example_dynamic_task_mapping_with_no_taskflow_operators' retrieved from /home/airflow/.local/lib/python3.8/site-packages/airflow/example_dags/example_dynamic_task_mapping_with_no_taskflow_operators.py
[2026-01-21T09:29:03.807+0000] {logging_mixin.py:188} INFO - [2026-01-21T09:29:03.807+0000] {dag.py:3036} INFO - Sync 1 DAGs
[2026-01-21T09:29:03.837+0000] {logging_mixin.py:188} INFO - [2026-01-21T09:29:03.837+0000] {dag.py:3823} INFO - Setting next_dagrun for example_dynamic_task_mapping_with_no_taskflow_operators to 2026-01-20 00:00:00+00:00, run_after=2026-01-21 00:00:00+00:00
[2026-01-21T09:29:03.863+0000] {processor.py:183} INFO - Processing /home/airflow/.local/lib/python3.8/site-packages/airflow/example_dags/example_dynamic_task_mapping_with_no_taskflow_operators.py took 0.099 seconds
[2026-01-21T09:29:34.039+0000] {processor.py:161} INFO - Started process (PID=1184) to work on /home/airflow/.local/lib/python3.8/site-packages/airflow/example_dags/example_dynamic_task_mapping_with_no_taskflow_operators.py
[2026-01-21T09:29:34.041+0000] {processor.py:830} INFO - Processing file /home/airflow/.local/lib/python3.8/site-packages/airflow/example_dags/example_dynamic_task_mapping_with_no_taskflow_operators.py for tasks to queue
[2026-01-21T09:29:34.043+0000] {logging_mixin.py:188} INFO - [2026-01-21T09:29:34.043+0000] {dagbag.py:538} INFO - Filling up the DagBag from /home/airflow/.local/lib/python3.8/site-packages/airflow/example_dags/example_dynamic_task_mapping_with_no_taskflow_operators.py
[2026-01-21T09:29:34.052+0000] {processor.py:840} INFO - DAG(s) 'example_dynamic_task_mapping_with_no_taskflow_operators' retrieved from /home/airflow/.local/lib/python3.8/site-packages/airflow/example_dags/example_dynamic_task_mapping_with_no_taskflow_operators.py
[2026-01-21T09:29:34.080+0000] {logging_mixin.py:188} INFO - [2026-01-21T09:29:34.080+0000] {dag.py:3036} INFO - Sync 1 DAGs
[2026-01-21T09:29:34.115+0000] {logging_mixin.py:188} INFO - [2026-01-21T09:29:34.115+0000] {dag.py:3823} INFO - Setting next_dagrun for example_dynamic_task_mapping_with_no_taskflow_operators to 2026-01-20 00:00:00+00:00, run_after=2026-01-21 00:00:00+00:00
[2026-01-21T09:29:34.153+0000] {processor.py:183} INFO - Processing /home/airflow/.local/lib/python3.8/site-packages/airflow/example_dags/example_dynamic_task_mapping_with_no_taskflow_operators.py took 0.119 seconds
[2026-01-21T09:30:04.396+0000] {processor.py:161} INFO - Started process (PID=1250) to work on /home/airflow/.local/lib/python3.8/site-packages/airflow/example_dags/example_dynamic_task_mapping_with_no_taskflow_operators.py
[2026-01-21T09:30:04.398+0000] {processor.py:830} INFO - Processing file /home/airflow/.local/lib/python3.8/site-packages/airflow/example_dags/example_dynamic_task_mapping_with_no_taskflow_operators.py for tasks to queue
[2026-01-21T09:30:04.401+0000] {logging_mixin.py:188} INFO - [2026-01-21T09:30:04.401+0000] {dagbag.py:538} INFO - Filling up the DagBag from /home/airflow/.local/lib/python3.8/site-packages/airflow/example_dags/example_dynamic_task_mapping_with_no_taskflow_operators.py
[2026-01-21T09:30:04.412+0000] {processor.py:840} INFO - DAG(s) 'example_dynamic_task_mapping_with_no_taskflow_operators' retrieved from /home/airflow/.local/lib/python3.8/site-packages/airflow/example_dags/example_dynamic_task_mapping_with_no_taskflow_operators.py
[2026-01-21T09:30:04.458+0000] {logging_mixin.py:188} INFO - [2026-01-21T09:30:04.458+0000] {dag.py:3036} INFO - Sync 1 DAGs
[2026-01-21T09:30:04.503+0000] {logging_mixin.py:188} INFO - [2026-01-21T09:30:04.502+0000] {dag.py:3823} INFO - Setting next_dagrun for example_dynamic_task_mapping_with_no_taskflow_operators to 2026-01-20 00:00:00+00:00, run_after=2026-01-21 00:00:00+00:00
[2026-01-21T09:30:04.535+0000] {processor.py:183} INFO - Processing /home/airflow/.local/lib/python3.8/site-packages/airflow/example_dags/example_dynamic_task_mapping_with_no_taskflow_operators.py took 0.144 seconds
[2026-01-21T09:30:34.943+0000] {processor.py:161} INFO - Started process (PID=1315) to work on /home/airflow/.local/lib/python3.8/site-packages/airflow/example_dags/example_dynamic_task_mapping_with_no_taskflow_operators.py
[2026-01-21T09:30:34.945+0000] {processor.py:830} INFO - Processing file /home/airflow/.local/lib/python3.8/site-packages/airflow/example_dags/example_dynamic_task_mapping_with_no_taskflow_operators.py for tasks to queue
[2026-01-21T09:30:34.947+0000] {logging_mixin.py:188} INFO - [2026-01-21T09:30:34.947+0000] {dagbag.py:538} INFO - Filling up the DagBag from /home/airflow/.local/lib/python3.8/site-packages/airflow/example_dags/example_dynamic_task_mapping_with_no_taskflow_operators.py
[2026-01-21T09:30:34.958+0000] {processor.py:840} INFO - DAG(s) 'example_dynamic_task_mapping_with_no_taskflow_operators' retrieved from /home/airflow/.local/lib/python3.8/site-packages/airflow/example_dags/example_dynamic_task_mapping_with_no_taskflow_operators.py
[2026-01-21T09:30:34.987+0000] {logging_mixin.py:188} INFO - [2026-01-21T09:30:34.987+0000] {dag.py:3036} INFO - Sync 1 DAGs
[2026-01-21T09:30:35.022+0000] {logging_mixin.py:188} INFO - [2026-01-21T09:30:35.022+0000] {dag.py:3823} INFO - Setting next_dagrun for example_dynamic_task_mapping_with_no_taskflow_operators to 2026-01-20 00:00:00+00:00, run_after=2026-01-21 00:00:00+00:00
[2026-01-21T09:30:35.051+0000] {processor.py:183} INFO - Processing /home/airflow/.local/lib/python3.8/site-packages/airflow/example_dags/example_dynamic_task_mapping_with_no_taskflow_operators.py took 0.112 seconds
[2026-01-21T09:31:05.564+0000] {processor.py:161} INFO - Started process (PID=1379) to work on /home/airflow/.local/lib/python3.8/site-packages/airflow/example_dags/example_dynamic_task_mapping_with_no_taskflow_operators.py
[2026-01-21T09:31:05.566+0000] {processor.py:830} INFO - Processing file /home/airflow/.local/lib/python3.8/site-packages/airflow/example_dags/example_dynamic_task_mapping_with_no_taskflow_operators.py for tasks to queue
[2026-01-21T09:31:05.568+0000] {logging_mixin.py:188} INFO - [2026-01-21T09:31:05.568+0000] {dagbag.py:538} INFO - Filling up the DagBag from /home/airflow/.local/lib/python3.8/site-packages/airflow/example_dags/example_dynamic_task_mapping_with_no_taskflow_operators.py
[2026-01-21T09:31:05.577+0000] {processor.py:840} INFO - DAG(s) 'example_dynamic_task_mapping_with_no_taskflow_operators' retrieved from /home/airflow/.local/lib/python3.8/site-packages/airflow/example_dags/example_dynamic_task_mapping_with_no_taskflow_operators.py
[2026-01-21T09:31:05.606+0000] {logging_mixin.py:188} INFO - [2026-01-21T09:31:05.606+0000] {dag.py:3036} INFO - Sync 1 DAGs
[2026-01-21T09:31:05.640+0000] {logging_mixin.py:188} INFO - [2026-01-21T09:31:05.640+0000] {dag.py:3823} INFO - Setting next_dagrun for example_dynamic_task_mapping_with_no_taskflow_operators to 2026-01-20 00:00:00+00:00, run_after=2026-01-21 00:00:00+00:00
[2026-01-21T09:31:05.668+0000] {processor.py:183} INFO - Processing /home/airflow/.local/lib/python3.8/site-packages/airflow/example_dags/example_dynamic_task_mapping_with_no_taskflow_operators.py took 0.108 seconds
[2026-01-21T09:31:35.809+0000] {processor.py:161} INFO - Started process (PID=1443) to work on /home/airflow/.local/lib/python3.8/site-packages/airflow/example_dags/example_dynamic_task_mapping_with_no_taskflow_operators.py
[2026-01-21T09:31:35.811+0000] {processor.py:830} INFO - Processing file /home/airflow/.local/lib/python3.8/site-packages/airflow/example_dags/example_dynamic_task_mapping_with_no_taskflow_operators.py for tasks to queue
[2026-01-21T09:31:35.813+0000] {logging_mixin.py:188} INFO - [2026-01-21T09:31:35.813+0000] {dagbag.py:538} INFO - Filling up the DagBag from /home/airflow/.local/lib/python3.8/site-packages/airflow/example_dags/example_dynamic_task_mapping_with_no_taskflow_operators.py
[2026-01-21T09:31:35.822+0000] {processor.py:840} INFO - DAG(s) 'example_dynamic_task_mapping_with_no_taskflow_operators' retrieved from /home/airflow/.local/lib/python3.8/site-packages/airflow/example_dags/example_dynamic_task_mapping_with_no_taskflow_operators.py
[2026-01-21T09:31:35.851+0000] {logging_mixin.py:188} INFO - [2026-01-21T09:31:35.850+0000] {dag.py:3036} INFO - Sync 1 DAGs
[2026-01-21T09:31:35.885+0000] {logging_mixin.py:188} INFO - [2026-01-21T09:31:35.884+0000] {dag.py:3823} INFO - Setting next_dagrun for example_dynamic_task_mapping_with_no_taskflow_operators to 2026-01-20 00:00:00+00:00, run_after=2026-01-21 00:00:00+00:00
[2026-01-21T09:31:35.910+0000] {processor.py:183} INFO - Processing /home/airflow/.local/lib/python3.8/site-packages/airflow/example_dags/example_dynamic_task_mapping_with_no_taskflow_operators.py took 0.105 seconds
[2026-01-21T09:32:06.408+0000] {processor.py:161} INFO - Started process (PID=1516) to work on /home/airflow/.local/lib/python3.8/site-packages/airflow/example_dags/example_dynamic_task_mapping_with_no_taskflow_operators.py
[2026-01-21T09:32:06.409+0000] {processor.py:830} INFO - Processing file /home/airflow/.local/lib/python3.8/site-packages/airflow/example_dags/example_dynamic_task_mapping_with_no_taskflow_operators.py for tasks to queue
[2026-01-21T09:32:06.411+0000] {logging_mixin.py:188} INFO - [2026-01-21T09:32:06.411+0000] {dagbag.py:538} INFO - Filling up the DagBag from /home/airflow/.local/lib/python3.8/site-packages/airflow/example_dags/example_dynamic_task_mapping_with_no_taskflow_operators.py
[2026-01-21T09:32:06.420+0000] {processor.py:840} INFO - DAG(s) 'example_dynamic_task_mapping_with_no_taskflow_operators' retrieved from /home/airflow/.local/lib/python3.8/site-packages/airflow/example_dags/example_dynamic_task_mapping_with_no_taskflow_operators.py
[2026-01-21T09:32:06.448+0000] {logging_mixin.py:188} INFO - [2026-01-21T09:32:06.448+0000] {dag.py:3036} INFO - Sync 1 DAGs
[2026-01-21T09:32:06.481+0000] {logging_mixin.py:188} INFO - [2026-01-21T09:32:06.481+0000] {dag.py:3823} INFO - Setting next_dagrun for example_dynamic_task_mapping_with_no_taskflow_operators to 2026-01-20 00:00:00+00:00, run_after=2026-01-21 00:00:00+00:00
[2026-01-21T09:32:06.506+0000] {processor.py:183} INFO - Processing /home/airflow/.local/lib/python3.8/site-packages/airflow/example_dags/example_dynamic_task_mapping_with_no_taskflow_operators.py took 0.103 seconds
[2026-01-21T09:32:36.951+0000] {processor.py:161} INFO - Started process (PID=1580) to work on /home/airflow/.local/lib/python3.8/site-packages/airflow/example_dags/example_dynamic_task_mapping_with_no_taskflow_operators.py
[2026-01-21T09:32:36.953+0000] {processor.py:830} INFO - Processing file /home/airflow/.local/lib/python3.8/site-packages/airflow/example_dags/example_dynamic_task_mapping_with_no_taskflow_operators.py for tasks to queue
[2026-01-21T09:32:36.956+0000] {logging_mixin.py:188} INFO - [2026-01-21T09:32:36.956+0000] {dagbag.py:538} INFO - Filling up the DagBag from /home/airflow/.local/lib/python3.8/site-packages/airflow/example_dags/example_dynamic_task_mapping_with_no_taskflow_operators.py
[2026-01-21T09:32:36.966+0000] {processor.py:840} INFO - DAG(s) 'example_dynamic_task_mapping_with_no_taskflow_operators' retrieved from /home/airflow/.local/lib/python3.8/site-packages/airflow/example_dags/example_dynamic_task_mapping_with_no_taskflow_operators.py
[2026-01-21T09:32:37.002+0000] {logging_mixin.py:188} INFO - [2026-01-21T09:32:37.001+0000] {dag.py:3036} INFO - Sync 1 DAGs
[2026-01-21T09:32:37.044+0000] {logging_mixin.py:188} INFO - [2026-01-21T09:32:37.044+0000] {dag.py:3823} INFO - Setting next_dagrun for example_dynamic_task_mapping_with_no_taskflow_operators to 2026-01-20 00:00:00+00:00, run_after=2026-01-21 00:00:00+00:00
[2026-01-21T09:32:37.074+0000] {processor.py:183} INFO - Processing /home/airflow/.local/lib/python3.8/site-packages/airflow/example_dags/example_dynamic_task_mapping_with_no_taskflow_operators.py took 0.128 seconds
[2026-01-21T09:33:07.201+0000] {processor.py:161} INFO - Started process (PID=1645) to work on /home/airflow/.local/lib/python3.8/site-packages/airflow/example_dags/example_dynamic_task_mapping_with_no_taskflow_operators.py
[2026-01-21T09:33:07.203+0000] {processor.py:830} INFO - Processing file /home/airflow/.local/lib/python3.8/site-packages/airflow/example_dags/example_dynamic_task_mapping_with_no_taskflow_operators.py for tasks to queue
[2026-01-21T09:33:07.205+0000] {logging_mixin.py:188} INFO - [2026-01-21T09:33:07.205+0000] {dagbag.py:538} INFO - Filling up the DagBag from /home/airflow/.local/lib/python3.8/site-packages/airflow/example_dags/example_dynamic_task_mapping_with_no_taskflow_operators.py
[2026-01-21T09:33:07.213+0000] {processor.py:840} INFO - DAG(s) 'example_dynamic_task_mapping_with_no_taskflow_operators' retrieved from /home/airflow/.local/lib/python3.8/site-packages/airflow/example_dags/example_dynamic_task_mapping_with_no_taskflow_operators.py
[2026-01-21T09:33:07.242+0000] {logging_mixin.py:188} INFO - [2026-01-21T09:33:07.242+0000] {dag.py:3036} INFO - Sync 1 DAGs
[2026-01-21T09:33:07.275+0000] {logging_mixin.py:188} INFO - [2026-01-21T09:33:07.274+0000] {dag.py:3823} INFO - Setting next_dagrun for example_dynamic_task_mapping_with_no_taskflow_operators to 2026-01-20 00:00:00+00:00, run_after=2026-01-21 00:00:00+00:00
[2026-01-21T09:33:07.299+0000] {processor.py:183} INFO - Processing /home/airflow/.local/lib/python3.8/site-packages/airflow/example_dags/example_dynamic_task_mapping_with_no_taskflow_operators.py took 0.102 seconds
[2026-01-21T09:33:38.136+0000] {processor.py:161} INFO - Started process (PID=1711) to work on /home/airflow/.local/lib/python3.8/site-packages/airflow/example_dags/example_dynamic_task_mapping_with_no_taskflow_operators.py
[2026-01-21T09:33:38.137+0000] {processor.py:830} INFO - Processing file /home/airflow/.local/lib/python3.8/site-packages/airflow/example_dags/example_dynamic_task_mapping_with_no_taskflow_operators.py for tasks to queue
[2026-01-21T09:33:38.139+0000] {logging_mixin.py:188} INFO - [2026-01-21T09:33:38.139+0000] {dagbag.py:538} INFO - Filling up the DagBag from /home/airflow/.local/lib/python3.8/site-packages/airflow/example_dags/example_dynamic_task_mapping_with_no_taskflow_operators.py
[2026-01-21T09:33:38.148+0000] {processor.py:840} INFO - DAG(s) 'example_dynamic_task_mapping_with_no_taskflow_operators' retrieved from /home/airflow/.local/lib/python3.8/site-packages/airflow/example_dags/example_dynamic_task_mapping_with_no_taskflow_operators.py
[2026-01-21T09:33:38.176+0000] {logging_mixin.py:188} INFO - [2026-01-21T09:33:38.176+0000] {dag.py:3036} INFO - Sync 1 DAGs
[2026-01-21T09:33:38.209+0000] {logging_mixin.py:188} INFO - [2026-01-21T09:33:38.208+0000] {dag.py:3823} INFO - Setting next_dagrun for example_dynamic_task_mapping_with_no_taskflow_operators to 2026-01-20 00:00:00+00:00, run_after=2026-01-21 00:00:00+00:00
[2026-01-21T09:33:38.234+0000] {processor.py:183} INFO - Processing /home/airflow/.local/lib/python3.8/site-packages/airflow/example_dags/example_dynamic_task_mapping_with_no_taskflow_operators.py took 0.102 seconds
[2026-01-21T09:34:08.773+0000] {processor.py:161} INFO - Started process (PID=1776) to work on /home/airflow/.local/lib/python3.8/site-packages/airflow/example_dags/example_dynamic_task_mapping_with_no_taskflow_operators.py
[2026-01-21T09:34:08.775+0000] {processor.py:830} INFO - Processing file /home/airflow/.local/lib/python3.8/site-packages/airflow/example_dags/example_dynamic_task_mapping_with_no_taskflow_operators.py for tasks to queue
[2026-01-21T09:34:08.778+0000] {logging_mixin.py:188} INFO - [2026-01-21T09:34:08.777+0000] {dagbag.py:538} INFO - Filling up the DagBag from /home/airflow/.local/lib/python3.8/site-packages/airflow/example_dags/example_dynamic_task_mapping_with_no_taskflow_operators.py
[2026-01-21T09:34:08.787+0000] {processor.py:840} INFO - DAG(s) 'example_dynamic_task_mapping_with_no_taskflow_operators' retrieved from /home/airflow/.local/lib/python3.8/site-packages/airflow/example_dags/example_dynamic_task_mapping_with_no_taskflow_operators.py
[2026-01-21T09:34:08.818+0000] {logging_mixin.py:188} INFO - [2026-01-21T09:34:08.818+0000] {dag.py:3036} INFO - Sync 1 DAGs
[2026-01-21T09:34:08.859+0000] {logging_mixin.py:188} INFO - [2026-01-21T09:34:08.859+0000] {dag.py:3823} INFO - Setting next_dagrun for example_dynamic_task_mapping_with_no_taskflow_operators to 2026-01-20 00:00:00+00:00, run_after=2026-01-21 00:00:00+00:00
[2026-01-21T09:34:08.892+0000] {processor.py:183} INFO - Processing /home/airflow/.local/lib/python3.8/site-packages/airflow/example_dags/example_dynamic_task_mapping_with_no_taskflow_operators.py took 0.123 seconds
[2026-01-21T09:34:39.253+0000] {processor.py:161} INFO - Started process (PID=1841) to work on /home/airflow/.local/lib/python3.8/site-packages/airflow/example_dags/example_dynamic_task_mapping_with_no_taskflow_operators.py
[2026-01-21T09:34:39.255+0000] {processor.py:830} INFO - Processing file /home/airflow/.local/lib/python3.8/site-packages/airflow/example_dags/example_dynamic_task_mapping_with_no_taskflow_operators.py for tasks to queue
[2026-01-21T09:34:39.257+0000] {logging_mixin.py:188} INFO - [2026-01-21T09:34:39.257+0000] {dagbag.py:538} INFO - Filling up the DagBag from /home/airflow/.local/lib/python3.8/site-packages/airflow/example_dags/example_dynamic_task_mapping_with_no_taskflow_operators.py
[2026-01-21T09:34:39.266+0000] {processor.py:840} INFO - DAG(s) 'example_dynamic_task_mapping_with_no_taskflow_operators' retrieved from /home/airflow/.local/lib/python3.8/site-packages/airflow/example_dags/example_dynamic_task_mapping_with_no_taskflow_operators.py
[2026-01-21T09:34:39.296+0000] {logging_mixin.py:188} INFO - [2026-01-21T09:34:39.295+0000] {dag.py:3036} INFO - Sync 1 DAGs
[2026-01-21T09:34:39.334+0000] {logging_mixin.py:188} INFO - [2026-01-21T09:34:39.334+0000] {dag.py:3823} INFO - Setting next_dagrun for example_dynamic_task_mapping_with_no_taskflow_operators to 2026-01-20 00:00:00+00:00, run_after=2026-01-21 00:00:00+00:00
[2026-01-21T09:34:39.359+0000] {processor.py:183} INFO - Processing /home/airflow/.local/lib/python3.8/site-packages/airflow/example_dags/example_dynamic_task_mapping_with_no_taskflow_operators.py took 0.111 seconds
[2026-01-21T09:35:09.698+0000] {processor.py:161} INFO - Started process (PID=1904) to work on /home/airflow/.local/lib/python3.8/site-packages/airflow/example_dags/example_dynamic_task_mapping_with_no_taskflow_operators.py
[2026-01-21T09:35:09.700+0000] {processor.py:830} INFO - Processing file /home/airflow/.local/lib/python3.8/site-packages/airflow/example_dags/example_dynamic_task_mapping_with_no_taskflow_operators.py for tasks to queue
[2026-01-21T09:35:09.703+0000] {logging_mixin.py:188} INFO - [2026-01-21T09:35:09.703+0000] {dagbag.py:538} INFO - Filling up the DagBag from /home/airflow/.local/lib/python3.8/site-packages/airflow/example_dags/example_dynamic_task_mapping_with_no_taskflow_operators.py
[2026-01-21T09:35:09.714+0000] {processor.py:840} INFO - DAG(s) 'example_dynamic_task_mapping_with_no_taskflow_operators' retrieved from /home/airflow/.local/lib/python3.8/site-packages/airflow/example_dags/example_dynamic_task_mapping_with_no_taskflow_operators.py
[2026-01-21T09:35:09.751+0000] {logging_mixin.py:188} INFO - [2026-01-21T09:35:09.751+0000] {dag.py:3036} INFO - Sync 1 DAGs
[2026-01-21T09:35:09.793+0000] {logging_mixin.py:188} INFO - [2026-01-21T09:35:09.793+0000] {dag.py:3823} INFO - Setting next_dagrun for example_dynamic_task_mapping_with_no_taskflow_operators to 2026-01-20 00:00:00+00:00, run_after=2026-01-21 00:00:00+00:00
[2026-01-21T09:35:09.822+0000] {processor.py:183} INFO - Processing /home/airflow/.local/lib/python3.8/site-packages/airflow/example_dags/example_dynamic_task_mapping_with_no_taskflow_operators.py took 0.129 seconds
[2026-01-21T09:35:40.087+0000] {processor.py:161} INFO - Started process (PID=1976) to work on /home/airflow/.local/lib/python3.8/site-packages/airflow/example_dags/example_dynamic_task_mapping_with_no_taskflow_operators.py
[2026-01-21T09:35:40.088+0000] {processor.py:830} INFO - Processing file /home/airflow/.local/lib/python3.8/site-packages/airflow/example_dags/example_dynamic_task_mapping_with_no_taskflow_operators.py for tasks to queue
[2026-01-21T09:35:40.091+0000] {logging_mixin.py:188} INFO - [2026-01-21T09:35:40.091+0000] {dagbag.py:538} INFO - Filling up the DagBag from /home/airflow/.local/lib/python3.8/site-packages/airflow/example_dags/example_dynamic_task_mapping_with_no_taskflow_operators.py
[2026-01-21T09:35:40.102+0000] {processor.py:840} INFO - DAG(s) 'example_dynamic_task_mapping_with_no_taskflow_operators' retrieved from /home/airflow/.local/lib/python3.8/site-packages/airflow/example_dags/example_dynamic_task_mapping_with_no_taskflow_operators.py
[2026-01-21T09:35:40.136+0000] {logging_mixin.py:188} INFO - [2026-01-21T09:35:40.136+0000] {dag.py:3036} INFO - Sync 1 DAGs
[2026-01-21T09:35:40.220+0000] {logging_mixin.py:188} INFO - [2026-01-21T09:35:40.220+0000] {dag.py:3823} INFO - Setting next_dagrun for example_dynamic_task_mapping_with_no_taskflow_operators to 2026-01-20 00:00:00+00:00, run_after=2026-01-21 00:00:00+00:00
[2026-01-21T09:35:40.329+0000] {processor.py:183} INFO - Processing /home/airflow/.local/lib/python3.8/site-packages/airflow/example_dags/example_dynamic_task_mapping_with_no_taskflow_operators.py took 0.248 seconds
[2026-01-21T09:36:10.431+0000] {processor.py:161} INFO - Started process (PID=2040) to work on /home/airflow/.local/lib/python3.8/site-packages/airflow/example_dags/example_dynamic_task_mapping_with_no_taskflow_operators.py
[2026-01-21T09:36:10.433+0000] {processor.py:830} INFO - Processing file /home/airflow/.local/lib/python3.8/site-packages/airflow/example_dags/example_dynamic_task_mapping_with_no_taskflow_operators.py for tasks to queue
[2026-01-21T09:36:10.435+0000] {logging_mixin.py:188} INFO - [2026-01-21T09:36:10.435+0000] {dagbag.py:538} INFO - Filling up the DagBag from /home/airflow/.local/lib/python3.8/site-packages/airflow/example_dags/example_dynamic_task_mapping_with_no_taskflow_operators.py
[2026-01-21T09:36:10.443+0000] {processor.py:840} INFO - DAG(s) 'example_dynamic_task_mapping_with_no_taskflow_operators' retrieved from /home/airflow/.local/lib/python3.8/site-packages/airflow/example_dags/example_dynamic_task_mapping_with_no_taskflow_operators.py
[2026-01-21T09:36:10.472+0000] {logging_mixin.py:188} INFO - [2026-01-21T09:36:10.472+0000] {dag.py:3036} INFO - Sync 1 DAGs
[2026-01-21T09:36:10.507+0000] {logging_mixin.py:188} INFO - [2026-01-21T09:36:10.506+0000] {dag.py:3823} INFO - Setting next_dagrun for example_dynamic_task_mapping_with_no_taskflow_operators to 2026-01-20 00:00:00+00:00, run_after=2026-01-21 00:00:00+00:00
[2026-01-21T09:36:10.535+0000] {processor.py:183} INFO - Processing /home/airflow/.local/lib/python3.8/site-packages/airflow/example_dags/example_dynamic_task_mapping_with_no_taskflow_operators.py took 0.109 seconds
[2026-01-21T09:36:40.657+0000] {processor.py:161} INFO - Started process (PID=2104) to work on /home/airflow/.local/lib/python3.8/site-packages/airflow/example_dags/example_dynamic_task_mapping_with_no_taskflow_operators.py
[2026-01-21T09:36:40.661+0000] {processor.py:830} INFO - Processing file /home/airflow/.local/lib/python3.8/site-packages/airflow/example_dags/example_dynamic_task_mapping_with_no_taskflow_operators.py for tasks to queue
[2026-01-21T09:36:40.666+0000] {logging_mixin.py:188} INFO - [2026-01-21T09:36:40.665+0000] {dagbag.py:538} INFO - Filling up the DagBag from /home/airflow/.local/lib/python3.8/site-packages/airflow/example_dags/example_dynamic_task_mapping_with_no_taskflow_operators.py
[2026-01-21T09:36:40.678+0000] {processor.py:840} INFO - DAG(s) 'example_dynamic_task_mapping_with_no_taskflow_operators' retrieved from /home/airflow/.local/lib/python3.8/site-packages/airflow/example_dags/example_dynamic_task_mapping_with_no_taskflow_operators.py
[2026-01-21T09:36:40.722+0000] {logging_mixin.py:188} INFO - [2026-01-21T09:36:40.721+0000] {dag.py:3036} INFO - Sync 1 DAGs
[2026-01-21T09:36:40.772+0000] {logging_mixin.py:188} INFO - [2026-01-21T09:36:40.772+0000] {dag.py:3823} INFO - Setting next_dagrun for example_dynamic_task_mapping_with_no_taskflow_operators to 2026-01-20 00:00:00+00:00, run_after=2026-01-21 00:00:00+00:00
[2026-01-21T09:36:40.804+0000] {processor.py:183} INFO - Processing /home/airflow/.local/lib/python3.8/site-packages/airflow/example_dags/example_dynamic_task_mapping_with_no_taskflow_operators.py took 0.154 seconds
[2026-01-21T09:37:11.206+0000] {processor.py:161} INFO - Started process (PID=2169) to work on /home/airflow/.local/lib/python3.8/site-packages/airflow/example_dags/example_dynamic_task_mapping_with_no_taskflow_operators.py
[2026-01-21T09:37:11.208+0000] {processor.py:830} INFO - Processing file /home/airflow/.local/lib/python3.8/site-packages/airflow/example_dags/example_dynamic_task_mapping_with_no_taskflow_operators.py for tasks to queue
[2026-01-21T09:37:11.211+0000] {logging_mixin.py:188} INFO - [2026-01-21T09:37:11.210+0000] {dagbag.py:538} INFO - Filling up the DagBag from /home/airflow/.local/lib/python3.8/site-packages/airflow/example_dags/example_dynamic_task_mapping_with_no_taskflow_operators.py
[2026-01-21T09:37:11.221+0000] {processor.py:840} INFO - DAG(s) 'example_dynamic_task_mapping_with_no_taskflow_operators' retrieved from /home/airflow/.local/lib/python3.8/site-packages/airflow/example_dags/example_dynamic_task_mapping_with_no_taskflow_operators.py
[2026-01-21T09:37:11.255+0000] {logging_mixin.py:188} INFO - [2026-01-21T09:37:11.255+0000] {dag.py:3036} INFO - Sync 1 DAGs
[2026-01-21T09:37:11.294+0000] {logging_mixin.py:188} INFO - [2026-01-21T09:37:11.294+0000] {dag.py:3823} INFO - Setting next_dagrun for example_dynamic_task_mapping_with_no_taskflow_operators to 2026-01-20 00:00:00+00:00, run_after=2026-01-21 00:00:00+00:00
[2026-01-21T09:37:11.319+0000] {processor.py:183} INFO - Processing /home/airflow/.local/lib/python3.8/site-packages/airflow/example_dags/example_dynamic_task_mapping_with_no_taskflow_operators.py took 0.119 seconds
[2026-01-21T09:37:41.925+0000] {processor.py:161} INFO - Started process (PID=2234) to work on /home/airflow/.local/lib/python3.8/site-packages/airflow/example_dags/example_dynamic_task_mapping_with_no_taskflow_operators.py
[2026-01-21T09:37:41.927+0000] {processor.py:830} INFO - Processing file /home/airflow/.local/lib/python3.8/site-packages/airflow/example_dags/example_dynamic_task_mapping_with_no_taskflow_operators.py for tasks to queue
[2026-01-21T09:37:41.930+0000] {logging_mixin.py:188} INFO - [2026-01-21T09:37:41.929+0000] {dagbag.py:538} INFO - Filling up the DagBag from /home/airflow/.local/lib/python3.8/site-packages/airflow/example_dags/example_dynamic_task_mapping_with_no_taskflow_operators.py
[2026-01-21T09:37:41.940+0000] {processor.py:840} INFO - DAG(s) 'example_dynamic_task_mapping_with_no_taskflow_operators' retrieved from /home/airflow/.local/lib/python3.8/site-packages/airflow/example_dags/example_dynamic_task_mapping_with_no_taskflow_operators.py
[2026-01-21T09:37:41.974+0000] {logging_mixin.py:188} INFO - [2026-01-21T09:37:41.974+0000] {dag.py:3036} INFO - Sync 1 DAGs
[2026-01-21T09:37:42.017+0000] {logging_mixin.py:188} INFO - [2026-01-21T09:37:42.016+0000] {dag.py:3823} INFO - Setting next_dagrun for example_dynamic_task_mapping_with_no_taskflow_operators to 2026-01-20 00:00:00+00:00, run_after=2026-01-21 00:00:00+00:00
[2026-01-21T09:37:42.047+0000] {processor.py:183} INFO - Processing /home/airflow/.local/lib/python3.8/site-packages/airflow/example_dags/example_dynamic_task_mapping_with_no_taskflow_operators.py took 0.127 seconds
[2026-01-21T09:38:12.148+0000] {processor.py:161} INFO - Started process (PID=2297) to work on /home/airflow/.local/lib/python3.8/site-packages/airflow/example_dags/example_dynamic_task_mapping_with_no_taskflow_operators.py
[2026-01-21T09:38:12.149+0000] {processor.py:830} INFO - Processing file /home/airflow/.local/lib/python3.8/site-packages/airflow/example_dags/example_dynamic_task_mapping_with_no_taskflow_operators.py for tasks to queue
[2026-01-21T09:38:12.152+0000] {logging_mixin.py:188} INFO - [2026-01-21T09:38:12.151+0000] {dagbag.py:538} INFO - Filling up the DagBag from /home/airflow/.local/lib/python3.8/site-packages/airflow/example_dags/example_dynamic_task_mapping_with_no_taskflow_operators.py
[2026-01-21T09:38:12.162+0000] {processor.py:840} INFO - DAG(s) 'example_dynamic_task_mapping_with_no_taskflow_operators' retrieved from /home/airflow/.local/lib/python3.8/site-packages/airflow/example_dags/example_dynamic_task_mapping_with_no_taskflow_operators.py
[2026-01-21T09:38:12.196+0000] {logging_mixin.py:188} INFO - [2026-01-21T09:38:12.195+0000] {dag.py:3036} INFO - Sync 1 DAGs
[2026-01-21T09:38:12.239+0000] {logging_mixin.py:188} INFO - [2026-01-21T09:38:12.239+0000] {dag.py:3823} INFO - Setting next_dagrun for example_dynamic_task_mapping_with_no_taskflow_operators to 2026-01-20 00:00:00+00:00, run_after=2026-01-21 00:00:00+00:00
[2026-01-21T09:38:12.266+0000] {processor.py:183} INFO - Processing /home/airflow/.local/lib/python3.8/site-packages/airflow/example_dags/example_dynamic_task_mapping_with_no_taskflow_operators.py took 0.124 seconds
[2026-01-21T09:38:42.718+0000] {processor.py:161} INFO - Started process (PID=2362) to work on /home/airflow/.local/lib/python3.8/site-packages/airflow/example_dags/example_dynamic_task_mapping_with_no_taskflow_operators.py
[2026-01-21T09:38:42.721+0000] {processor.py:830} INFO - Processing file /home/airflow/.local/lib/python3.8/site-packages/airflow/example_dags/example_dynamic_task_mapping_with_no_taskflow_operators.py for tasks to queue
[2026-01-21T09:38:42.723+0000] {logging_mixin.py:188} INFO - [2026-01-21T09:38:42.723+0000] {dagbag.py:538} INFO - Filling up the DagBag from /home/airflow/.local/lib/python3.8/site-packages/airflow/example_dags/example_dynamic_task_mapping_with_no_taskflow_operators.py
[2026-01-21T09:38:42.734+0000] {processor.py:840} INFO - DAG(s) 'example_dynamic_task_mapping_with_no_taskflow_operators' retrieved from /home/airflow/.local/lib/python3.8/site-packages/airflow/example_dags/example_dynamic_task_mapping_with_no_taskflow_operators.py
[2026-01-21T09:38:42.768+0000] {logging_mixin.py:188} INFO - [2026-01-21T09:38:42.767+0000] {dag.py:3036} INFO - Sync 1 DAGs
[2026-01-21T09:38:42.806+0000] {logging_mixin.py:188} INFO - [2026-01-21T09:38:42.806+0000] {dag.py:3823} INFO - Setting next_dagrun for example_dynamic_task_mapping_with_no_taskflow_operators to 2026-01-20 00:00:00+00:00, run_after=2026-01-21 00:00:00+00:00
[2026-01-21T09:38:42.828+0000] {processor.py:183} INFO - Processing /home/airflow/.local/lib/python3.8/site-packages/airflow/example_dags/example_dynamic_task_mapping_with_no_taskflow_operators.py took 0.115 seconds
[2026-01-21T09:39:13.396+0000] {processor.py:161} INFO - Started process (PID=2436) to work on /home/airflow/.local/lib/python3.8/site-packages/airflow/example_dags/example_dynamic_task_mapping_with_no_taskflow_operators.py
[2026-01-21T09:39:13.397+0000] {processor.py:830} INFO - Processing file /home/airflow/.local/lib/python3.8/site-packages/airflow/example_dags/example_dynamic_task_mapping_with_no_taskflow_operators.py for tasks to queue
[2026-01-21T09:39:13.400+0000] {logging_mixin.py:188} INFO - [2026-01-21T09:39:13.399+0000] {dagbag.py:538} INFO - Filling up the DagBag from /home/airflow/.local/lib/python3.8/site-packages/airflow/example_dags/example_dynamic_task_mapping_with_no_taskflow_operators.py
[2026-01-21T09:39:13.410+0000] {processor.py:840} INFO - DAG(s) 'example_dynamic_task_mapping_with_no_taskflow_operators' retrieved from /home/airflow/.local/lib/python3.8/site-packages/airflow/example_dags/example_dynamic_task_mapping_with_no_taskflow_operators.py
[2026-01-21T09:39:13.440+0000] {logging_mixin.py:188} INFO - [2026-01-21T09:39:13.440+0000] {dag.py:3036} INFO - Sync 1 DAGs
[2026-01-21T09:39:13.476+0000] {logging_mixin.py:188} INFO - [2026-01-21T09:39:13.476+0000] {dag.py:3823} INFO - Setting next_dagrun for example_dynamic_task_mapping_with_no_taskflow_operators to 2026-01-20 00:00:00+00:00, run_after=2026-01-21 00:00:00+00:00
[2026-01-21T09:39:13.508+0000] {processor.py:183} INFO - Processing /home/airflow/.local/lib/python3.8/site-packages/airflow/example_dags/example_dynamic_task_mapping_with_no_taskflow_operators.py took 0.118 seconds
[2026-01-21T09:39:43.640+0000] {processor.py:161} INFO - Started process (PID=2501) to work on /home/airflow/.local/lib/python3.8/site-packages/airflow/example_dags/example_dynamic_task_mapping_with_no_taskflow_operators.py
[2026-01-21T09:39:43.642+0000] {processor.py:830} INFO - Processing file /home/airflow/.local/lib/python3.8/site-packages/airflow/example_dags/example_dynamic_task_mapping_with_no_taskflow_operators.py for tasks to queue
[2026-01-21T09:39:43.644+0000] {logging_mixin.py:188} INFO - [2026-01-21T09:39:43.644+0000] {dagbag.py:538} INFO - Filling up the DagBag from /home/airflow/.local/lib/python3.8/site-packages/airflow/example_dags/example_dynamic_task_mapping_with_no_taskflow_operators.py
[2026-01-21T09:39:43.652+0000] {processor.py:840} INFO - DAG(s) 'example_dynamic_task_mapping_with_no_taskflow_operators' retrieved from /home/airflow/.local/lib/python3.8/site-packages/airflow/example_dags/example_dynamic_task_mapping_with_no_taskflow_operators.py
[2026-01-21T09:39:43.683+0000] {logging_mixin.py:188} INFO - [2026-01-21T09:39:43.682+0000] {dag.py:3036} INFO - Sync 1 DAGs
[2026-01-21T09:39:43.715+0000] {logging_mixin.py:188} INFO - [2026-01-21T09:39:43.715+0000] {dag.py:3823} INFO - Setting next_dagrun for example_dynamic_task_mapping_with_no_taskflow_operators to 2026-01-20 00:00:00+00:00, run_after=2026-01-21 00:00:00+00:00
[2026-01-21T09:39:43.737+0000] {processor.py:183} INFO - Processing /home/airflow/.local/lib/python3.8/site-packages/airflow/example_dags/example_dynamic_task_mapping_with_no_taskflow_operators.py took 0.102 seconds
[2026-01-21T09:40:13.905+0000] {processor.py:161} INFO - Started process (PID=2565) to work on /home/airflow/.local/lib/python3.8/site-packages/airflow/example_dags/example_dynamic_task_mapping_with_no_taskflow_operators.py
[2026-01-21T09:40:13.907+0000] {processor.py:830} INFO - Processing file /home/airflow/.local/lib/python3.8/site-packages/airflow/example_dags/example_dynamic_task_mapping_with_no_taskflow_operators.py for tasks to queue
[2026-01-21T09:40:13.909+0000] {logging_mixin.py:188} INFO - [2026-01-21T09:40:13.908+0000] {dagbag.py:538} INFO - Filling up the DagBag from /home/airflow/.local/lib/python3.8/site-packages/airflow/example_dags/example_dynamic_task_mapping_with_no_taskflow_operators.py
[2026-01-21T09:40:13.918+0000] {processor.py:840} INFO - DAG(s) 'example_dynamic_task_mapping_with_no_taskflow_operators' retrieved from /home/airflow/.local/lib/python3.8/site-packages/airflow/example_dags/example_dynamic_task_mapping_with_no_taskflow_operators.py
[2026-01-21T09:40:13.947+0000] {logging_mixin.py:188} INFO - [2026-01-21T09:40:13.947+0000] {dag.py:3036} INFO - Sync 1 DAGs
[2026-01-21T09:40:13.984+0000] {logging_mixin.py:188} INFO - [2026-01-21T09:40:13.984+0000] {dag.py:3823} INFO - Setting next_dagrun for example_dynamic_task_mapping_with_no_taskflow_operators to 2026-01-20 00:00:00+00:00, run_after=2026-01-21 00:00:00+00:00
[2026-01-21T09:40:14.007+0000] {processor.py:183} INFO - Processing /home/airflow/.local/lib/python3.8/site-packages/airflow/example_dags/example_dynamic_task_mapping_with_no_taskflow_operators.py took 0.107 seconds
[2026-01-21T09:40:44.181+0000] {processor.py:161} INFO - Started process (PID=2630) to work on /home/airflow/.local/lib/python3.8/site-packages/airflow/example_dags/example_dynamic_task_mapping_with_no_taskflow_operators.py
[2026-01-21T09:40:44.183+0000] {processor.py:830} INFO - Processing file /home/airflow/.local/lib/python3.8/site-packages/airflow/example_dags/example_dynamic_task_mapping_with_no_taskflow_operators.py for tasks to queue
[2026-01-21T09:40:44.186+0000] {logging_mixin.py:188} INFO - [2026-01-21T09:40:44.186+0000] {dagbag.py:538} INFO - Filling up the DagBag from /home/airflow/.local/lib/python3.8/site-packages/airflow/example_dags/example_dynamic_task_mapping_with_no_taskflow_operators.py
[2026-01-21T09:40:44.196+0000] {processor.py:840} INFO - DAG(s) 'example_dynamic_task_mapping_with_no_taskflow_operators' retrieved from /home/airflow/.local/lib/python3.8/site-packages/airflow/example_dags/example_dynamic_task_mapping_with_no_taskflow_operators.py
[2026-01-21T09:40:44.230+0000] {logging_mixin.py:188} INFO - [2026-01-21T09:40:44.230+0000] {dag.py:3036} INFO - Sync 1 DAGs
[2026-01-21T09:40:44.273+0000] {logging_mixin.py:188} INFO - [2026-01-21T09:40:44.273+0000] {dag.py:3823} INFO - Setting next_dagrun for example_dynamic_task_mapping_with_no_taskflow_operators to 2026-01-20 00:00:00+00:00, run_after=2026-01-21 00:00:00+00:00
[2026-01-21T09:40:44.303+0000] {processor.py:183} INFO - Processing /home/airflow/.local/lib/python3.8/site-packages/airflow/example_dags/example_dynamic_task_mapping_with_no_taskflow_operators.py took 0.128 seconds
[2026-01-21T09:41:14.385+0000] {processor.py:161} INFO - Started process (PID=2694) to work on /home/airflow/.local/lib/python3.8/site-packages/airflow/example_dags/example_dynamic_task_mapping_with_no_taskflow_operators.py
[2026-01-21T09:41:14.386+0000] {processor.py:830} INFO - Processing file /home/airflow/.local/lib/python3.8/site-packages/airflow/example_dags/example_dynamic_task_mapping_with_no_taskflow_operators.py for tasks to queue
[2026-01-21T09:41:14.389+0000] {logging_mixin.py:188} INFO - [2026-01-21T09:41:14.388+0000] {dagbag.py:538} INFO - Filling up the DagBag from /home/airflow/.local/lib/python3.8/site-packages/airflow/example_dags/example_dynamic_task_mapping_with_no_taskflow_operators.py
[2026-01-21T09:41:14.397+0000] {processor.py:840} INFO - DAG(s) 'example_dynamic_task_mapping_with_no_taskflow_operators' retrieved from /home/airflow/.local/lib/python3.8/site-packages/airflow/example_dags/example_dynamic_task_mapping_with_no_taskflow_operators.py
[2026-01-21T09:41:14.424+0000] {logging_mixin.py:188} INFO - [2026-01-21T09:41:14.424+0000] {dag.py:3036} INFO - Sync 1 DAGs
[2026-01-21T09:41:14.455+0000] {logging_mixin.py:188} INFO - [2026-01-21T09:41:14.454+0000] {dag.py:3823} INFO - Setting next_dagrun for example_dynamic_task_mapping_with_no_taskflow_operators to 2026-01-20 00:00:00+00:00, run_after=2026-01-21 00:00:00+00:00
[2026-01-21T09:41:14.476+0000] {processor.py:183} INFO - Processing /home/airflow/.local/lib/python3.8/site-packages/airflow/example_dags/example_dynamic_task_mapping_with_no_taskflow_operators.py took 0.095 seconds
[2026-01-21T09:41:44.687+0000] {processor.py:161} INFO - Started process (PID=2758) to work on /home/airflow/.local/lib/python3.8/site-packages/airflow/example_dags/example_dynamic_task_mapping_with_no_taskflow_operators.py
[2026-01-21T09:41:44.688+0000] {processor.py:830} INFO - Processing file /home/airflow/.local/lib/python3.8/site-packages/airflow/example_dags/example_dynamic_task_mapping_with_no_taskflow_operators.py for tasks to queue
[2026-01-21T09:41:44.691+0000] {logging_mixin.py:188} INFO - [2026-01-21T09:41:44.690+0000] {dagbag.py:538} INFO - Filling up the DagBag from /home/airflow/.local/lib/python3.8/site-packages/airflow/example_dags/example_dynamic_task_mapping_with_no_taskflow_operators.py
[2026-01-21T09:41:44.699+0000] {processor.py:840} INFO - DAG(s) 'example_dynamic_task_mapping_with_no_taskflow_operators' retrieved from /home/airflow/.local/lib/python3.8/site-packages/airflow/example_dags/example_dynamic_task_mapping_with_no_taskflow_operators.py
[2026-01-21T09:41:44.726+0000] {logging_mixin.py:188} INFO - [2026-01-21T09:41:44.726+0000] {dag.py:3036} INFO - Sync 1 DAGs
[2026-01-21T09:41:44.759+0000] {logging_mixin.py:188} INFO - [2026-01-21T09:41:44.759+0000] {dag.py:3823} INFO - Setting next_dagrun for example_dynamic_task_mapping_with_no_taskflow_operators to 2026-01-20 00:00:00+00:00, run_after=2026-01-21 00:00:00+00:00
[2026-01-21T09:41:44.782+0000] {processor.py:183} INFO - Processing /home/airflow/.local/lib/python3.8/site-packages/airflow/example_dags/example_dynamic_task_mapping_with_no_taskflow_operators.py took 0.100 seconds
[2026-01-21T09:42:15.043+0000] {processor.py:161} INFO - Started process (PID=2829) to work on /home/airflow/.local/lib/python3.8/site-packages/airflow/example_dags/example_dynamic_task_mapping_with_no_taskflow_operators.py
[2026-01-21T09:42:15.045+0000] {processor.py:830} INFO - Processing file /home/airflow/.local/lib/python3.8/site-packages/airflow/example_dags/example_dynamic_task_mapping_with_no_taskflow_operators.py for tasks to queue
[2026-01-21T09:42:15.047+0000] {logging_mixin.py:188} INFO - [2026-01-21T09:42:15.047+0000] {dagbag.py:538} INFO - Filling up the DagBag from /home/airflow/.local/lib/python3.8/site-packages/airflow/example_dags/example_dynamic_task_mapping_with_no_taskflow_operators.py
[2026-01-21T09:42:15.057+0000] {processor.py:840} INFO - DAG(s) 'example_dynamic_task_mapping_with_no_taskflow_operators' retrieved from /home/airflow/.local/lib/python3.8/site-packages/airflow/example_dags/example_dynamic_task_mapping_with_no_taskflow_operators.py
[2026-01-21T09:42:15.091+0000] {logging_mixin.py:188} INFO - [2026-01-21T09:42:15.091+0000] {dag.py:3036} INFO - Sync 1 DAGs
[2026-01-21T09:42:15.134+0000] {logging_mixin.py:188} INFO - [2026-01-21T09:42:15.133+0000] {dag.py:3823} INFO - Setting next_dagrun for example_dynamic_task_mapping_with_no_taskflow_operators to 2026-01-20 00:00:00+00:00, run_after=2026-01-21 00:00:00+00:00
[2026-01-21T09:42:15.163+0000] {processor.py:183} INFO - Processing /home/airflow/.local/lib/python3.8/site-packages/airflow/example_dags/example_dynamic_task_mapping_with_no_taskflow_operators.py took 0.125 seconds
[2026-01-21T09:42:45.800+0000] {processor.py:161} INFO - Started process (PID=2894) to work on /home/airflow/.local/lib/python3.8/site-packages/airflow/example_dags/example_dynamic_task_mapping_with_no_taskflow_operators.py
[2026-01-21T09:42:45.802+0000] {processor.py:830} INFO - Processing file /home/airflow/.local/lib/python3.8/site-packages/airflow/example_dags/example_dynamic_task_mapping_with_no_taskflow_operators.py for tasks to queue
[2026-01-21T09:42:45.805+0000] {logging_mixin.py:188} INFO - [2026-01-21T09:42:45.805+0000] {dagbag.py:538} INFO - Filling up the DagBag from /home/airflow/.local/lib/python3.8/site-packages/airflow/example_dags/example_dynamic_task_mapping_with_no_taskflow_operators.py
[2026-01-21T09:42:45.817+0000] {processor.py:840} INFO - DAG(s) 'example_dynamic_task_mapping_with_no_taskflow_operators' retrieved from /home/airflow/.local/lib/python3.8/site-packages/airflow/example_dags/example_dynamic_task_mapping_with_no_taskflow_operators.py
[2026-01-21T09:42:45.852+0000] {logging_mixin.py:188} INFO - [2026-01-21T09:42:45.852+0000] {dag.py:3036} INFO - Sync 1 DAGs
[2026-01-21T09:42:45.909+0000] {logging_mixin.py:188} INFO - [2026-01-21T09:42:45.908+0000] {dag.py:3823} INFO - Setting next_dagrun for example_dynamic_task_mapping_with_no_taskflow_operators to 2026-01-20 00:00:00+00:00, run_after=2026-01-21 00:00:00+00:00
[2026-01-21T09:42:45.969+0000] {processor.py:183} INFO - Processing /home/airflow/.local/lib/python3.8/site-packages/airflow/example_dags/example_dynamic_task_mapping_with_no_taskflow_operators.py took 0.175 seconds
[2026-01-21T09:43:16.195+0000] {processor.py:161} INFO - Started process (PID=2958) to work on /home/airflow/.local/lib/python3.8/site-packages/airflow/example_dags/example_dynamic_task_mapping_with_no_taskflow_operators.py
[2026-01-21T09:43:16.196+0000] {processor.py:830} INFO - Processing file /home/airflow/.local/lib/python3.8/site-packages/airflow/example_dags/example_dynamic_task_mapping_with_no_taskflow_operators.py for tasks to queue
[2026-01-21T09:43:16.199+0000] {logging_mixin.py:188} INFO - [2026-01-21T09:43:16.198+0000] {dagbag.py:538} INFO - Filling up the DagBag from /home/airflow/.local/lib/python3.8/site-packages/airflow/example_dags/example_dynamic_task_mapping_with_no_taskflow_operators.py
[2026-01-21T09:43:16.207+0000] {processor.py:840} INFO - DAG(s) 'example_dynamic_task_mapping_with_no_taskflow_operators' retrieved from /home/airflow/.local/lib/python3.8/site-packages/airflow/example_dags/example_dynamic_task_mapping_with_no_taskflow_operators.py
[2026-01-21T09:43:16.236+0000] {logging_mixin.py:188} INFO - [2026-01-21T09:43:16.236+0000] {dag.py:3036} INFO - Sync 1 DAGs
[2026-01-21T09:43:16.271+0000] {logging_mixin.py:188} INFO - [2026-01-21T09:43:16.271+0000] {dag.py:3823} INFO - Setting next_dagrun for example_dynamic_task_mapping_with_no_taskflow_operators to 2026-01-20 00:00:00+00:00, run_after=2026-01-21 00:00:00+00:00
[2026-01-21T09:43:16.297+0000] {processor.py:183} INFO - Processing /home/airflow/.local/lib/python3.8/site-packages/airflow/example_dags/example_dynamic_task_mapping_with_no_taskflow_operators.py took 0.106 seconds
[2026-01-21T09:43:46.631+0000] {processor.py:161} INFO - Started process (PID=3023) to work on /home/airflow/.local/lib/python3.8/site-packages/airflow/example_dags/example_dynamic_task_mapping_with_no_taskflow_operators.py
[2026-01-21T09:43:46.632+0000] {processor.py:830} INFO - Processing file /home/airflow/.local/lib/python3.8/site-packages/airflow/example_dags/example_dynamic_task_mapping_with_no_taskflow_operators.py for tasks to queue
[2026-01-21T09:43:46.635+0000] {logging_mixin.py:188} INFO - [2026-01-21T09:43:46.634+0000] {dagbag.py:538} INFO - Filling up the DagBag from /home/airflow/.local/lib/python3.8/site-packages/airflow/example_dags/example_dynamic_task_mapping_with_no_taskflow_operators.py
[2026-01-21T09:43:46.643+0000] {processor.py:840} INFO - DAG(s) 'example_dynamic_task_mapping_with_no_taskflow_operators' retrieved from /home/airflow/.local/lib/python3.8/site-packages/airflow/example_dags/example_dynamic_task_mapping_with_no_taskflow_operators.py
[2026-01-21T09:43:46.671+0000] {logging_mixin.py:188} INFO - [2026-01-21T09:43:46.671+0000] {dag.py:3036} INFO - Sync 1 DAGs
[2026-01-21T09:43:46.703+0000] {logging_mixin.py:188} INFO - [2026-01-21T09:43:46.702+0000] {dag.py:3823} INFO - Setting next_dagrun for example_dynamic_task_mapping_with_no_taskflow_operators to 2026-01-20 00:00:00+00:00, run_after=2026-01-21 00:00:00+00:00
[2026-01-21T09:43:46.725+0000] {processor.py:183} INFO - Processing /home/airflow/.local/lib/python3.8/site-packages/airflow/example_dags/example_dynamic_task_mapping_with_no_taskflow_operators.py took 0.099 seconds
[2026-01-21T09:44:17.001+0000] {processor.py:161} INFO - Started process (PID=3089) to work on /home/airflow/.local/lib/python3.8/site-packages/airflow/example_dags/example_dynamic_task_mapping_with_no_taskflow_operators.py
[2026-01-21T09:44:17.003+0000] {processor.py:830} INFO - Processing file /home/airflow/.local/lib/python3.8/site-packages/airflow/example_dags/example_dynamic_task_mapping_with_no_taskflow_operators.py for tasks to queue
[2026-01-21T09:44:17.005+0000] {logging_mixin.py:188} INFO - [2026-01-21T09:44:17.005+0000] {dagbag.py:538} INFO - Filling up the DagBag from /home/airflow/.local/lib/python3.8/site-packages/airflow/example_dags/example_dynamic_task_mapping_with_no_taskflow_operators.py
[2026-01-21T09:44:17.013+0000] {processor.py:840} INFO - DAG(s) 'example_dynamic_task_mapping_with_no_taskflow_operators' retrieved from /home/airflow/.local/lib/python3.8/site-packages/airflow/example_dags/example_dynamic_task_mapping_with_no_taskflow_operators.py
[2026-01-21T09:44:17.042+0000] {logging_mixin.py:188} INFO - [2026-01-21T09:44:17.041+0000] {dag.py:3036} INFO - Sync 1 DAGs
[2026-01-21T09:44:17.072+0000] {logging_mixin.py:188} INFO - [2026-01-21T09:44:17.072+0000] {dag.py:3823} INFO - Setting next_dagrun for example_dynamic_task_mapping_with_no_taskflow_operators to 2026-01-20 00:00:00+00:00, run_after=2026-01-21 00:00:00+00:00
[2026-01-21T09:44:17.096+0000] {processor.py:183} INFO - Processing /home/airflow/.local/lib/python3.8/site-packages/airflow/example_dags/example_dynamic_task_mapping_with_no_taskflow_operators.py took 0.100 seconds
[2026-01-21T09:44:47.275+0000] {processor.py:161} INFO - Started process (PID=3155) to work on /home/airflow/.local/lib/python3.8/site-packages/airflow/example_dags/example_dynamic_task_mapping_with_no_taskflow_operators.py
[2026-01-21T09:44:47.277+0000] {processor.py:830} INFO - Processing file /home/airflow/.local/lib/python3.8/site-packages/airflow/example_dags/example_dynamic_task_mapping_with_no_taskflow_operators.py for tasks to queue
[2026-01-21T09:44:47.279+0000] {logging_mixin.py:188} INFO - [2026-01-21T09:44:47.279+0000] {dagbag.py:538} INFO - Filling up the DagBag from /home/airflow/.local/lib/python3.8/site-packages/airflow/example_dags/example_dynamic_task_mapping_with_no_taskflow_operators.py
[2026-01-21T09:44:47.288+0000] {processor.py:840} INFO - DAG(s) 'example_dynamic_task_mapping_with_no_taskflow_operators' retrieved from /home/airflow/.local/lib/python3.8/site-packages/airflow/example_dags/example_dynamic_task_mapping_with_no_taskflow_operators.py
[2026-01-21T09:44:47.315+0000] {logging_mixin.py:188} INFO - [2026-01-21T09:44:47.314+0000] {dag.py:3036} INFO - Sync 1 DAGs
[2026-01-21T09:44:47.345+0000] {logging_mixin.py:188} INFO - [2026-01-21T09:44:47.345+0000] {dag.py:3823} INFO - Setting next_dagrun for example_dynamic_task_mapping_with_no_taskflow_operators to 2026-01-20 00:00:00+00:00, run_after=2026-01-21 00:00:00+00:00
[2026-01-21T09:44:47.367+0000] {processor.py:183} INFO - Processing /home/airflow/.local/lib/python3.8/site-packages/airflow/example_dags/example_dynamic_task_mapping_with_no_taskflow_operators.py took 0.097 seconds
[2026-01-21T09:45:17.754+0000] {processor.py:161} INFO - Started process (PID=3220) to work on /home/airflow/.local/lib/python3.8/site-packages/airflow/example_dags/example_dynamic_task_mapping_with_no_taskflow_operators.py
[2026-01-21T09:45:17.755+0000] {processor.py:830} INFO - Processing file /home/airflow/.local/lib/python3.8/site-packages/airflow/example_dags/example_dynamic_task_mapping_with_no_taskflow_operators.py for tasks to queue
[2026-01-21T09:45:17.758+0000] {logging_mixin.py:188} INFO - [2026-01-21T09:45:17.757+0000] {dagbag.py:538} INFO - Filling up the DagBag from /home/airflow/.local/lib/python3.8/site-packages/airflow/example_dags/example_dynamic_task_mapping_with_no_taskflow_operators.py
[2026-01-21T09:45:17.767+0000] {processor.py:840} INFO - DAG(s) 'example_dynamic_task_mapping_with_no_taskflow_operators' retrieved from /home/airflow/.local/lib/python3.8/site-packages/airflow/example_dags/example_dynamic_task_mapping_with_no_taskflow_operators.py
[2026-01-21T09:45:17.796+0000] {logging_mixin.py:188} INFO - [2026-01-21T09:45:17.795+0000] {dag.py:3036} INFO - Sync 1 DAGs
[2026-01-21T09:45:17.827+0000] {logging_mixin.py:188} INFO - [2026-01-21T09:45:17.827+0000] {dag.py:3823} INFO - Setting next_dagrun for example_dynamic_task_mapping_with_no_taskflow_operators to 2026-01-20 00:00:00+00:00, run_after=2026-01-21 00:00:00+00:00
[2026-01-21T09:45:17.853+0000] {processor.py:183} INFO - Processing /home/airflow/.local/lib/python3.8/site-packages/airflow/example_dags/example_dynamic_task_mapping_with_no_taskflow_operators.py took 0.103 seconds
[2026-01-21T09:45:49.247+0000] {processor.py:161} INFO - Started process (PID=3293) to work on /home/airflow/.local/lib/python3.8/site-packages/airflow/example_dags/example_dynamic_task_mapping_with_no_taskflow_operators.py
[2026-01-21T09:45:49.249+0000] {processor.py:830} INFO - Processing file /home/airflow/.local/lib/python3.8/site-packages/airflow/example_dags/example_dynamic_task_mapping_with_no_taskflow_operators.py for tasks to queue
[2026-01-21T09:45:49.251+0000] {logging_mixin.py:188} INFO - [2026-01-21T09:45:49.250+0000] {dagbag.py:538} INFO - Filling up the DagBag from /home/airflow/.local/lib/python3.8/site-packages/airflow/example_dags/example_dynamic_task_mapping_with_no_taskflow_operators.py
[2026-01-21T09:45:49.259+0000] {processor.py:840} INFO - DAG(s) 'example_dynamic_task_mapping_with_no_taskflow_operators' retrieved from /home/airflow/.local/lib/python3.8/site-packages/airflow/example_dags/example_dynamic_task_mapping_with_no_taskflow_operators.py
[2026-01-21T09:45:49.285+0000] {logging_mixin.py:188} INFO - [2026-01-21T09:45:49.285+0000] {dag.py:3036} INFO - Sync 1 DAGs
[2026-01-21T09:45:49.490+0000] {logging_mixin.py:188} INFO - [2026-01-21T09:45:49.490+0000] {dag.py:3823} INFO - Setting next_dagrun for example_dynamic_task_mapping_with_no_taskflow_operators to 2026-01-20 00:00:00+00:00, run_after=2026-01-21 00:00:00+00:00
[2026-01-21T09:45:49.511+0000] {processor.py:183} INFO - Processing /home/airflow/.local/lib/python3.8/site-packages/airflow/example_dags/example_dynamic_task_mapping_with_no_taskflow_operators.py took 0.269 seconds
[2026-01-21T09:46:20.290+0000] {processor.py:161} INFO - Started process (PID=3360) to work on /home/airflow/.local/lib/python3.8/site-packages/airflow/example_dags/example_dynamic_task_mapping_with_no_taskflow_operators.py
[2026-01-21T09:46:20.292+0000] {processor.py:830} INFO - Processing file /home/airflow/.local/lib/python3.8/site-packages/airflow/example_dags/example_dynamic_task_mapping_with_no_taskflow_operators.py for tasks to queue
[2026-01-21T09:46:20.295+0000] {logging_mixin.py:188} INFO - [2026-01-21T09:46:20.295+0000] {dagbag.py:538} INFO - Filling up the DagBag from /home/airflow/.local/lib/python3.8/site-packages/airflow/example_dags/example_dynamic_task_mapping_with_no_taskflow_operators.py
[2026-01-21T09:46:20.306+0000] {processor.py:840} INFO - DAG(s) 'example_dynamic_task_mapping_with_no_taskflow_operators' retrieved from /home/airflow/.local/lib/python3.8/site-packages/airflow/example_dags/example_dynamic_task_mapping_with_no_taskflow_operators.py
[2026-01-21T09:46:20.342+0000] {logging_mixin.py:188} INFO - [2026-01-21T09:46:20.341+0000] {dag.py:3036} INFO - Sync 1 DAGs
[2026-01-21T09:46:20.383+0000] {logging_mixin.py:188} INFO - [2026-01-21T09:46:20.382+0000] {dag.py:3823} INFO - Setting next_dagrun for example_dynamic_task_mapping_with_no_taskflow_operators to 2026-01-20 00:00:00+00:00, run_after=2026-01-21 00:00:00+00:00
[2026-01-21T09:46:20.411+0000] {processor.py:183} INFO - Processing /home/airflow/.local/lib/python3.8/site-packages/airflow/example_dags/example_dynamic_task_mapping_with_no_taskflow_operators.py took 0.127 seconds
[2026-01-21T09:46:50.746+0000] {processor.py:161} INFO - Started process (PID=3425) to work on /home/airflow/.local/lib/python3.8/site-packages/airflow/example_dags/example_dynamic_task_mapping_with_no_taskflow_operators.py
[2026-01-21T09:46:50.747+0000] {processor.py:830} INFO - Processing file /home/airflow/.local/lib/python3.8/site-packages/airflow/example_dags/example_dynamic_task_mapping_with_no_taskflow_operators.py for tasks to queue
[2026-01-21T09:46:50.750+0000] {logging_mixin.py:188} INFO - [2026-01-21T09:46:50.750+0000] {dagbag.py:538} INFO - Filling up the DagBag from /home/airflow/.local/lib/python3.8/site-packages/airflow/example_dags/example_dynamic_task_mapping_with_no_taskflow_operators.py
[2026-01-21T09:46:50.758+0000] {processor.py:840} INFO - DAG(s) 'example_dynamic_task_mapping_with_no_taskflow_operators' retrieved from /home/airflow/.local/lib/python3.8/site-packages/airflow/example_dags/example_dynamic_task_mapping_with_no_taskflow_operators.py
[2026-01-21T09:46:50.785+0000] {logging_mixin.py:188} INFO - [2026-01-21T09:46:50.785+0000] {dag.py:3036} INFO - Sync 1 DAGs
[2026-01-21T09:46:50.817+0000] {logging_mixin.py:188} INFO - [2026-01-21T09:46:50.817+0000] {dag.py:3823} INFO - Setting next_dagrun for example_dynamic_task_mapping_with_no_taskflow_operators to 2026-01-20 00:00:00+00:00, run_after=2026-01-21 00:00:00+00:00
[2026-01-21T09:46:50.840+0000] {processor.py:183} INFO - Processing /home/airflow/.local/lib/python3.8/site-packages/airflow/example_dags/example_dynamic_task_mapping_with_no_taskflow_operators.py took 0.099 seconds
[2026-01-21T09:47:21.497+0000] {processor.py:161} INFO - Started process (PID=3490) to work on /home/airflow/.local/lib/python3.8/site-packages/airflow/example_dags/example_dynamic_task_mapping_with_no_taskflow_operators.py
[2026-01-21T09:47:21.499+0000] {processor.py:830} INFO - Processing file /home/airflow/.local/lib/python3.8/site-packages/airflow/example_dags/example_dynamic_task_mapping_with_no_taskflow_operators.py for tasks to queue
[2026-01-21T09:47:21.502+0000] {logging_mixin.py:188} INFO - [2026-01-21T09:47:21.502+0000] {dagbag.py:538} INFO - Filling up the DagBag from /home/airflow/.local/lib/python3.8/site-packages/airflow/example_dags/example_dynamic_task_mapping_with_no_taskflow_operators.py
[2026-01-21T09:47:21.512+0000] {processor.py:840} INFO - DAG(s) 'example_dynamic_task_mapping_with_no_taskflow_operators' retrieved from /home/airflow/.local/lib/python3.8/site-packages/airflow/example_dags/example_dynamic_task_mapping_with_no_taskflow_operators.py
[2026-01-21T09:47:21.541+0000] {logging_mixin.py:188} INFO - [2026-01-21T09:47:21.541+0000] {dag.py:3036} INFO - Sync 1 DAGs
[2026-01-21T09:47:21.582+0000] {logging_mixin.py:188} INFO - [2026-01-21T09:47:21.581+0000] {dag.py:3823} INFO - Setting next_dagrun for example_dynamic_task_mapping_with_no_taskflow_operators to 2026-01-20 00:00:00+00:00, run_after=2026-01-21 00:00:00+00:00
[2026-01-21T09:47:21.620+0000] {processor.py:183} INFO - Processing /home/airflow/.local/lib/python3.8/site-packages/airflow/example_dags/example_dynamic_task_mapping_with_no_taskflow_operators.py took 0.128 seconds
[2026-01-21T09:47:52.892+0000] {processor.py:161} INFO - Started process (PID=3555) to work on /home/airflow/.local/lib/python3.8/site-packages/airflow/example_dags/example_dynamic_task_mapping_with_no_taskflow_operators.py
[2026-01-21T09:47:52.893+0000] {processor.py:830} INFO - Processing file /home/airflow/.local/lib/python3.8/site-packages/airflow/example_dags/example_dynamic_task_mapping_with_no_taskflow_operators.py for tasks to queue
[2026-01-21T09:47:52.896+0000] {logging_mixin.py:188} INFO - [2026-01-21T09:47:52.895+0000] {dagbag.py:538} INFO - Filling up the DagBag from /home/airflow/.local/lib/python3.8/site-packages/airflow/example_dags/example_dynamic_task_mapping_with_no_taskflow_operators.py
[2026-01-21T09:47:52.905+0000] {processor.py:840} INFO - DAG(s) 'example_dynamic_task_mapping_with_no_taskflow_operators' retrieved from /home/airflow/.local/lib/python3.8/site-packages/airflow/example_dags/example_dynamic_task_mapping_with_no_taskflow_operators.py
[2026-01-21T09:47:52.934+0000] {logging_mixin.py:188} INFO - [2026-01-21T09:47:52.934+0000] {dag.py:3036} INFO - Sync 1 DAGs
[2026-01-21T09:47:53.154+0000] {logging_mixin.py:188} INFO - [2026-01-21T09:47:53.154+0000] {dag.py:3823} INFO - Setting next_dagrun for example_dynamic_task_mapping_with_no_taskflow_operators to 2026-01-20 00:00:00+00:00, run_after=2026-01-21 00:00:00+00:00
[2026-01-21T09:47:53.184+0000] {processor.py:183} INFO - Processing /home/airflow/.local/lib/python3.8/site-packages/airflow/example_dags/example_dynamic_task_mapping_with_no_taskflow_operators.py took 0.297 seconds
[2026-01-21T09:48:23.531+0000] {processor.py:161} INFO - Started process (PID=3620) to work on /home/airflow/.local/lib/python3.8/site-packages/airflow/example_dags/example_dynamic_task_mapping_with_no_taskflow_operators.py
[2026-01-21T09:48:23.533+0000] {processor.py:830} INFO - Processing file /home/airflow/.local/lib/python3.8/site-packages/airflow/example_dags/example_dynamic_task_mapping_with_no_taskflow_operators.py for tasks to queue
[2026-01-21T09:48:23.536+0000] {logging_mixin.py:188} INFO - [2026-01-21T09:48:23.536+0000] {dagbag.py:538} INFO - Filling up the DagBag from /home/airflow/.local/lib/python3.8/site-packages/airflow/example_dags/example_dynamic_task_mapping_with_no_taskflow_operators.py
[2026-01-21T09:48:23.547+0000] {processor.py:840} INFO - DAG(s) 'example_dynamic_task_mapping_with_no_taskflow_operators' retrieved from /home/airflow/.local/lib/python3.8/site-packages/airflow/example_dags/example_dynamic_task_mapping_with_no_taskflow_operators.py
[2026-01-21T09:48:23.581+0000] {logging_mixin.py:188} INFO - [2026-01-21T09:48:23.581+0000] {dag.py:3036} INFO - Sync 1 DAGs
[2026-01-21T09:48:23.623+0000] {logging_mixin.py:188} INFO - [2026-01-21T09:48:23.623+0000] {dag.py:3823} INFO - Setting next_dagrun for example_dynamic_task_mapping_with_no_taskflow_operators to 2026-01-20 00:00:00+00:00, run_after=2026-01-21 00:00:00+00:00
[2026-01-21T09:48:23.653+0000] {processor.py:183} INFO - Processing /home/airflow/.local/lib/python3.8/site-packages/airflow/example_dags/example_dynamic_task_mapping_with_no_taskflow_operators.py took 0.129 seconds
[2026-01-21T09:48:54.382+0000] {processor.py:161} INFO - Started process (PID=3693) to work on /home/airflow/.local/lib/python3.8/site-packages/airflow/example_dags/example_dynamic_task_mapping_with_no_taskflow_operators.py
[2026-01-21T09:48:54.383+0000] {processor.py:830} INFO - Processing file /home/airflow/.local/lib/python3.8/site-packages/airflow/example_dags/example_dynamic_task_mapping_with_no_taskflow_operators.py for tasks to queue
[2026-01-21T09:48:54.385+0000] {logging_mixin.py:188} INFO - [2026-01-21T09:48:54.385+0000] {dagbag.py:538} INFO - Filling up the DagBag from /home/airflow/.local/lib/python3.8/site-packages/airflow/example_dags/example_dynamic_task_mapping_with_no_taskflow_operators.py
[2026-01-21T09:48:54.394+0000] {processor.py:840} INFO - DAG(s) 'example_dynamic_task_mapping_with_no_taskflow_operators' retrieved from /home/airflow/.local/lib/python3.8/site-packages/airflow/example_dags/example_dynamic_task_mapping_with_no_taskflow_operators.py
[2026-01-21T09:48:54.421+0000] {logging_mixin.py:188} INFO - [2026-01-21T09:48:54.421+0000] {dag.py:3036} INFO - Sync 1 DAGs
[2026-01-21T09:48:54.454+0000] {logging_mixin.py:188} INFO - [2026-01-21T09:48:54.454+0000] {dag.py:3823} INFO - Setting next_dagrun for example_dynamic_task_mapping_with_no_taskflow_operators to 2026-01-20 00:00:00+00:00, run_after=2026-01-21 00:00:00+00:00
[2026-01-21T09:48:54.479+0000] {processor.py:183} INFO - Processing /home/airflow/.local/lib/python3.8/site-packages/airflow/example_dags/example_dynamic_task_mapping_with_no_taskflow_operators.py took 0.102 seconds
[2026-01-21T09:49:25.522+0000] {processor.py:161} INFO - Started process (PID=3759) to work on /home/airflow/.local/lib/python3.8/site-packages/airflow/example_dags/example_dynamic_task_mapping_with_no_taskflow_operators.py
[2026-01-21T09:49:25.524+0000] {processor.py:830} INFO - Processing file /home/airflow/.local/lib/python3.8/site-packages/airflow/example_dags/example_dynamic_task_mapping_with_no_taskflow_operators.py for tasks to queue
[2026-01-21T09:49:25.530+0000] {logging_mixin.py:188} INFO - [2026-01-21T09:49:25.527+0000] {dagbag.py:538} INFO - Filling up the DagBag from /home/airflow/.local/lib/python3.8/site-packages/airflow/example_dags/example_dynamic_task_mapping_with_no_taskflow_operators.py
[2026-01-21T09:49:25.558+0000] {processor.py:840} INFO - DAG(s) 'example_dynamic_task_mapping_with_no_taskflow_operators' retrieved from /home/airflow/.local/lib/python3.8/site-packages/airflow/example_dags/example_dynamic_task_mapping_with_no_taskflow_operators.py
[2026-01-21T09:49:25.789+0000] {logging_mixin.py:188} INFO - [2026-01-21T09:49:25.788+0000] {dag.py:3036} INFO - Sync 1 DAGs
[2026-01-21T09:49:25.828+0000] {logging_mixin.py:188} INFO - [2026-01-21T09:49:25.828+0000] {dag.py:3823} INFO - Setting next_dagrun for example_dynamic_task_mapping_with_no_taskflow_operators to 2026-01-20 00:00:00+00:00, run_after=2026-01-21 00:00:00+00:00
[2026-01-21T09:49:25.859+0000] {processor.py:183} INFO - Processing /home/airflow/.local/lib/python3.8/site-packages/airflow/example_dags/example_dynamic_task_mapping_with_no_taskflow_operators.py took 0.344 seconds
[2026-01-21T09:49:56.620+0000] {processor.py:161} INFO - Started process (PID=3823) to work on /home/airflow/.local/lib/python3.8/site-packages/airflow/example_dags/example_dynamic_task_mapping_with_no_taskflow_operators.py
[2026-01-21T09:49:56.621+0000] {processor.py:830} INFO - Processing file /home/airflow/.local/lib/python3.8/site-packages/airflow/example_dags/example_dynamic_task_mapping_with_no_taskflow_operators.py for tasks to queue
[2026-01-21T09:49:56.624+0000] {logging_mixin.py:188} INFO - [2026-01-21T09:49:56.623+0000] {dagbag.py:538} INFO - Filling up the DagBag from /home/airflow/.local/lib/python3.8/site-packages/airflow/example_dags/example_dynamic_task_mapping_with_no_taskflow_operators.py
[2026-01-21T09:49:56.635+0000] {processor.py:840} INFO - DAG(s) 'example_dynamic_task_mapping_with_no_taskflow_operators' retrieved from /home/airflow/.local/lib/python3.8/site-packages/airflow/example_dags/example_dynamic_task_mapping_with_no_taskflow_operators.py
[2026-01-21T09:49:56.674+0000] {logging_mixin.py:188} INFO - [2026-01-21T09:49:56.674+0000] {dag.py:3036} INFO - Sync 1 DAGs
[2026-01-21T09:49:56.716+0000] {logging_mixin.py:188} INFO - [2026-01-21T09:49:56.715+0000] {dag.py:3823} INFO - Setting next_dagrun for example_dynamic_task_mapping_with_no_taskflow_operators to 2026-01-20 00:00:00+00:00, run_after=2026-01-21 00:00:00+00:00
[2026-01-21T09:49:56.751+0000] {processor.py:183} INFO - Processing /home/airflow/.local/lib/python3.8/site-packages/airflow/example_dags/example_dynamic_task_mapping_with_no_taskflow_operators.py took 0.137 seconds
[2026-01-21T09:50:27.068+0000] {processor.py:161} INFO - Started process (PID=3888) to work on /home/airflow/.local/lib/python3.8/site-packages/airflow/example_dags/example_dynamic_task_mapping_with_no_taskflow_operators.py
[2026-01-21T09:50:27.070+0000] {processor.py:830} INFO - Processing file /home/airflow/.local/lib/python3.8/site-packages/airflow/example_dags/example_dynamic_task_mapping_with_no_taskflow_operators.py for tasks to queue
[2026-01-21T09:50:27.073+0000] {logging_mixin.py:188} INFO - [2026-01-21T09:50:27.073+0000] {dagbag.py:538} INFO - Filling up the DagBag from /home/airflow/.local/lib/python3.8/site-packages/airflow/example_dags/example_dynamic_task_mapping_with_no_taskflow_operators.py
[2026-01-21T09:50:27.084+0000] {processor.py:840} INFO - DAG(s) 'example_dynamic_task_mapping_with_no_taskflow_operators' retrieved from /home/airflow/.local/lib/python3.8/site-packages/airflow/example_dags/example_dynamic_task_mapping_with_no_taskflow_operators.py
[2026-01-21T09:50:27.120+0000] {logging_mixin.py:188} INFO - [2026-01-21T09:50:27.119+0000] {dag.py:3036} INFO - Sync 1 DAGs
[2026-01-21T09:50:27.163+0000] {logging_mixin.py:188} INFO - [2026-01-21T09:50:27.163+0000] {dag.py:3823} INFO - Setting next_dagrun for example_dynamic_task_mapping_with_no_taskflow_operators to 2026-01-20 00:00:00+00:00, run_after=2026-01-21 00:00:00+00:00
[2026-01-21T09:50:27.194+0000] {processor.py:183} INFO - Processing /home/airflow/.local/lib/python3.8/site-packages/airflow/example_dags/example_dynamic_task_mapping_with_no_taskflow_operators.py took 0.132 seconds
[2026-01-21T09:50:57.380+0000] {processor.py:161} INFO - Started process (PID=3953) to work on /home/airflow/.local/lib/python3.8/site-packages/airflow/example_dags/example_dynamic_task_mapping_with_no_taskflow_operators.py
[2026-01-21T09:50:57.381+0000] {processor.py:830} INFO - Processing file /home/airflow/.local/lib/python3.8/site-packages/airflow/example_dags/example_dynamic_task_mapping_with_no_taskflow_operators.py for tasks to queue
[2026-01-21T09:50:57.383+0000] {logging_mixin.py:188} INFO - [2026-01-21T09:50:57.383+0000] {dagbag.py:538} INFO - Filling up the DagBag from /home/airflow/.local/lib/python3.8/site-packages/airflow/example_dags/example_dynamic_task_mapping_with_no_taskflow_operators.py
[2026-01-21T09:50:57.394+0000] {processor.py:840} INFO - DAG(s) 'example_dynamic_task_mapping_with_no_taskflow_operators' retrieved from /home/airflow/.local/lib/python3.8/site-packages/airflow/example_dags/example_dynamic_task_mapping_with_no_taskflow_operators.py
[2026-01-21T09:50:57.434+0000] {logging_mixin.py:188} INFO - [2026-01-21T09:50:57.433+0000] {dag.py:3036} INFO - Sync 1 DAGs
[2026-01-21T09:50:57.477+0000] {logging_mixin.py:188} INFO - [2026-01-21T09:50:57.477+0000] {dag.py:3823} INFO - Setting next_dagrun for example_dynamic_task_mapping_with_no_taskflow_operators to 2026-01-20 00:00:00+00:00, run_after=2026-01-21 00:00:00+00:00
[2026-01-21T09:50:57.503+0000] {processor.py:183} INFO - Processing /home/airflow/.local/lib/python3.8/site-packages/airflow/example_dags/example_dynamic_task_mapping_with_no_taskflow_operators.py took 0.128 seconds
[2026-01-21T09:51:28.011+0000] {processor.py:161} INFO - Started process (PID=4017) to work on /home/airflow/.local/lib/python3.8/site-packages/airflow/example_dags/example_dynamic_task_mapping_with_no_taskflow_operators.py
[2026-01-21T09:51:28.012+0000] {processor.py:830} INFO - Processing file /home/airflow/.local/lib/python3.8/site-packages/airflow/example_dags/example_dynamic_task_mapping_with_no_taskflow_operators.py for tasks to queue
[2026-01-21T09:51:28.015+0000] {logging_mixin.py:188} INFO - [2026-01-21T09:51:28.014+0000] {dagbag.py:538} INFO - Filling up the DagBag from /home/airflow/.local/lib/python3.8/site-packages/airflow/example_dags/example_dynamic_task_mapping_with_no_taskflow_operators.py
[2026-01-21T09:51:28.024+0000] {processor.py:840} INFO - DAG(s) 'example_dynamic_task_mapping_with_no_taskflow_operators' retrieved from /home/airflow/.local/lib/python3.8/site-packages/airflow/example_dags/example_dynamic_task_mapping_with_no_taskflow_operators.py
[2026-01-21T09:51:28.056+0000] {logging_mixin.py:188} INFO - [2026-01-21T09:51:28.056+0000] {dag.py:3036} INFO - Sync 1 DAGs
[2026-01-21T09:51:28.095+0000] {logging_mixin.py:188} INFO - [2026-01-21T09:51:28.095+0000] {dag.py:3823} INFO - Setting next_dagrun for example_dynamic_task_mapping_with_no_taskflow_operators to 2026-01-20 00:00:00+00:00, run_after=2026-01-21 00:00:00+00:00
[2026-01-21T09:51:28.127+0000] {processor.py:183} INFO - Processing /home/airflow/.local/lib/python3.8/site-packages/airflow/example_dags/example_dynamic_task_mapping_with_no_taskflow_operators.py took 0.122 seconds
[2026-01-21T09:51:58.718+0000] {processor.py:161} INFO - Started process (PID=4089) to work on /home/airflow/.local/lib/python3.8/site-packages/airflow/example_dags/example_dynamic_task_mapping_with_no_taskflow_operators.py
[2026-01-21T09:51:58.720+0000] {processor.py:830} INFO - Processing file /home/airflow/.local/lib/python3.8/site-packages/airflow/example_dags/example_dynamic_task_mapping_with_no_taskflow_operators.py for tasks to queue
[2026-01-21T09:51:58.723+0000] {logging_mixin.py:188} INFO - [2026-01-21T09:51:58.722+0000] {dagbag.py:538} INFO - Filling up the DagBag from /home/airflow/.local/lib/python3.8/site-packages/airflow/example_dags/example_dynamic_task_mapping_with_no_taskflow_operators.py
[2026-01-21T09:51:58.733+0000] {processor.py:840} INFO - DAG(s) 'example_dynamic_task_mapping_with_no_taskflow_operators' retrieved from /home/airflow/.local/lib/python3.8/site-packages/airflow/example_dags/example_dynamic_task_mapping_with_no_taskflow_operators.py
[2026-01-21T09:51:58.763+0000] {logging_mixin.py:188} INFO - [2026-01-21T09:51:58.762+0000] {dag.py:3036} INFO - Sync 1 DAGs
[2026-01-21T09:51:58.797+0000] {logging_mixin.py:188} INFO - [2026-01-21T09:51:58.796+0000] {dag.py:3823} INFO - Setting next_dagrun for example_dynamic_task_mapping_with_no_taskflow_operators to 2026-01-20 00:00:00+00:00, run_after=2026-01-21 00:00:00+00:00
[2026-01-21T09:51:58.824+0000] {processor.py:183} INFO - Processing /home/airflow/.local/lib/python3.8/site-packages/airflow/example_dags/example_dynamic_task_mapping_with_no_taskflow_operators.py took 0.111 seconds
[2026-01-21T09:52:29.617+0000] {processor.py:161} INFO - Started process (PID=4154) to work on /home/airflow/.local/lib/python3.8/site-packages/airflow/example_dags/example_dynamic_task_mapping_with_no_taskflow_operators.py
[2026-01-21T09:52:29.619+0000] {processor.py:830} INFO - Processing file /home/airflow/.local/lib/python3.8/site-packages/airflow/example_dags/example_dynamic_task_mapping_with_no_taskflow_operators.py for tasks to queue
[2026-01-21T09:52:29.621+0000] {logging_mixin.py:188} INFO - [2026-01-21T09:52:29.621+0000] {dagbag.py:538} INFO - Filling up the DagBag from /home/airflow/.local/lib/python3.8/site-packages/airflow/example_dags/example_dynamic_task_mapping_with_no_taskflow_operators.py
[2026-01-21T09:52:29.630+0000] {processor.py:840} INFO - DAG(s) 'example_dynamic_task_mapping_with_no_taskflow_operators' retrieved from /home/airflow/.local/lib/python3.8/site-packages/airflow/example_dags/example_dynamic_task_mapping_with_no_taskflow_operators.py
[2026-01-21T09:52:29.662+0000] {logging_mixin.py:188} INFO - [2026-01-21T09:52:29.662+0000] {dag.py:3036} INFO - Sync 1 DAGs
[2026-01-21T09:52:29.700+0000] {logging_mixin.py:188} INFO - [2026-01-21T09:52:29.699+0000] {dag.py:3823} INFO - Setting next_dagrun for example_dynamic_task_mapping_with_no_taskflow_operators to 2026-01-20 00:00:00+00:00, run_after=2026-01-21 00:00:00+00:00
[2026-01-21T09:52:29.727+0000] {processor.py:183} INFO - Processing /home/airflow/.local/lib/python3.8/site-packages/airflow/example_dags/example_dynamic_task_mapping_with_no_taskflow_operators.py took 0.115 seconds
[2026-01-21T09:52:59.894+0000] {processor.py:161} INFO - Started process (PID=4219) to work on /home/airflow/.local/lib/python3.8/site-packages/airflow/example_dags/example_dynamic_task_mapping_with_no_taskflow_operators.py
[2026-01-21T09:52:59.895+0000] {processor.py:830} INFO - Processing file /home/airflow/.local/lib/python3.8/site-packages/airflow/example_dags/example_dynamic_task_mapping_with_no_taskflow_operators.py for tasks to queue
[2026-01-21T09:52:59.898+0000] {logging_mixin.py:188} INFO - [2026-01-21T09:52:59.897+0000] {dagbag.py:538} INFO - Filling up the DagBag from /home/airflow/.local/lib/python3.8/site-packages/airflow/example_dags/example_dynamic_task_mapping_with_no_taskflow_operators.py
[2026-01-21T09:52:59.908+0000] {processor.py:840} INFO - DAG(s) 'example_dynamic_task_mapping_with_no_taskflow_operators' retrieved from /home/airflow/.local/lib/python3.8/site-packages/airflow/example_dags/example_dynamic_task_mapping_with_no_taskflow_operators.py
[2026-01-21T09:52:59.939+0000] {logging_mixin.py:188} INFO - [2026-01-21T09:52:59.939+0000] {dag.py:3036} INFO - Sync 1 DAGs
[2026-01-21T09:52:59.981+0000] {logging_mixin.py:188} INFO - [2026-01-21T09:52:59.980+0000] {dag.py:3823} INFO - Setting next_dagrun for example_dynamic_task_mapping_with_no_taskflow_operators to 2026-01-20 00:00:00+00:00, run_after=2026-01-21 00:00:00+00:00
[2026-01-21T09:53:00.011+0000] {processor.py:183} INFO - Processing /home/airflow/.local/lib/python3.8/site-packages/airflow/example_dags/example_dynamic_task_mapping_with_no_taskflow_operators.py took 0.123 seconds
[2026-01-21T09:53:30.225+0000] {processor.py:161} INFO - Started process (PID=4284) to work on /home/airflow/.local/lib/python3.8/site-packages/airflow/example_dags/example_dynamic_task_mapping_with_no_taskflow_operators.py
[2026-01-21T09:53:30.229+0000] {processor.py:830} INFO - Processing file /home/airflow/.local/lib/python3.8/site-packages/airflow/example_dags/example_dynamic_task_mapping_with_no_taskflow_operators.py for tasks to queue
[2026-01-21T09:53:30.231+0000] {logging_mixin.py:188} INFO - [2026-01-21T09:53:30.231+0000] {dagbag.py:538} INFO - Filling up the DagBag from /home/airflow/.local/lib/python3.8/site-packages/airflow/example_dags/example_dynamic_task_mapping_with_no_taskflow_operators.py
[2026-01-21T09:53:30.240+0000] {processor.py:840} INFO - DAG(s) 'example_dynamic_task_mapping_with_no_taskflow_operators' retrieved from /home/airflow/.local/lib/python3.8/site-packages/airflow/example_dags/example_dynamic_task_mapping_with_no_taskflow_operators.py
[2026-01-21T09:53:30.268+0000] {logging_mixin.py:188} INFO - [2026-01-21T09:53:30.268+0000] {dag.py:3036} INFO - Sync 1 DAGs
[2026-01-21T09:53:30.302+0000] {logging_mixin.py:188} INFO - [2026-01-21T09:53:30.302+0000] {dag.py:3823} INFO - Setting next_dagrun for example_dynamic_task_mapping_with_no_taskflow_operators to 2026-01-20 00:00:00+00:00, run_after=2026-01-21 00:00:00+00:00
[2026-01-21T09:53:30.325+0000] {processor.py:183} INFO - Processing /home/airflow/.local/lib/python3.8/site-packages/airflow/example_dags/example_dynamic_task_mapping_with_no_taskflow_operators.py took 0.105 seconds
[2026-01-21T09:54:00.465+0000] {processor.py:161} INFO - Started process (PID=4349) to work on /home/airflow/.local/lib/python3.8/site-packages/airflow/example_dags/example_dynamic_task_mapping_with_no_taskflow_operators.py
[2026-01-21T09:54:00.466+0000] {processor.py:830} INFO - Processing file /home/airflow/.local/lib/python3.8/site-packages/airflow/example_dags/example_dynamic_task_mapping_with_no_taskflow_operators.py for tasks to queue
[2026-01-21T09:54:00.469+0000] {logging_mixin.py:188} INFO - [2026-01-21T09:54:00.468+0000] {dagbag.py:538} INFO - Filling up the DagBag from /home/airflow/.local/lib/python3.8/site-packages/airflow/example_dags/example_dynamic_task_mapping_with_no_taskflow_operators.py
[2026-01-21T09:54:00.477+0000] {processor.py:840} INFO - DAG(s) 'example_dynamic_task_mapping_with_no_taskflow_operators' retrieved from /home/airflow/.local/lib/python3.8/site-packages/airflow/example_dags/example_dynamic_task_mapping_with_no_taskflow_operators.py
[2026-01-21T09:54:00.507+0000] {logging_mixin.py:188} INFO - [2026-01-21T09:54:00.507+0000] {dag.py:3036} INFO - Sync 1 DAGs
[2026-01-21T09:54:00.545+0000] {logging_mixin.py:188} INFO - [2026-01-21T09:54:00.544+0000] {dag.py:3823} INFO - Setting next_dagrun for example_dynamic_task_mapping_with_no_taskflow_operators to 2026-01-20 00:00:00+00:00, run_after=2026-01-21 00:00:00+00:00
[2026-01-21T09:54:00.574+0000] {processor.py:183} INFO - Processing /home/airflow/.local/lib/python3.8/site-packages/airflow/example_dags/example_dynamic_task_mapping_with_no_taskflow_operators.py took 0.114 seconds
[2026-01-21T09:54:30.863+0000] {processor.py:161} INFO - Started process (PID=4413) to work on /home/airflow/.local/lib/python3.8/site-packages/airflow/example_dags/example_dynamic_task_mapping_with_no_taskflow_operators.py
[2026-01-21T09:54:30.865+0000] {processor.py:830} INFO - Processing file /home/airflow/.local/lib/python3.8/site-packages/airflow/example_dags/example_dynamic_task_mapping_with_no_taskflow_operators.py for tasks to queue
[2026-01-21T09:54:30.867+0000] {logging_mixin.py:188} INFO - [2026-01-21T09:54:30.866+0000] {dagbag.py:538} INFO - Filling up the DagBag from /home/airflow/.local/lib/python3.8/site-packages/airflow/example_dags/example_dynamic_task_mapping_with_no_taskflow_operators.py
[2026-01-21T09:54:30.875+0000] {processor.py:840} INFO - DAG(s) 'example_dynamic_task_mapping_with_no_taskflow_operators' retrieved from /home/airflow/.local/lib/python3.8/site-packages/airflow/example_dags/example_dynamic_task_mapping_with_no_taskflow_operators.py
[2026-01-21T09:54:30.903+0000] {logging_mixin.py:188} INFO - [2026-01-21T09:54:30.903+0000] {dag.py:3036} INFO - Sync 1 DAGs
[2026-01-21T09:54:30.937+0000] {logging_mixin.py:188} INFO - [2026-01-21T09:54:30.936+0000] {dag.py:3823} INFO - Setting next_dagrun for example_dynamic_task_mapping_with_no_taskflow_operators to 2026-01-20 00:00:00+00:00, run_after=2026-01-21 00:00:00+00:00
[2026-01-21T09:54:30.961+0000] {processor.py:183} INFO - Processing /home/airflow/.local/lib/python3.8/site-packages/airflow/example_dags/example_dynamic_task_mapping_with_no_taskflow_operators.py took 0.103 seconds
[2026-01-21T09:55:01.068+0000] {processor.py:161} INFO - Started process (PID=4485) to work on /home/airflow/.local/lib/python3.8/site-packages/airflow/example_dags/example_dynamic_task_mapping_with_no_taskflow_operators.py
[2026-01-21T09:55:01.070+0000] {processor.py:830} INFO - Processing file /home/airflow/.local/lib/python3.8/site-packages/airflow/example_dags/example_dynamic_task_mapping_with_no_taskflow_operators.py for tasks to queue
[2026-01-21T09:55:01.072+0000] {logging_mixin.py:188} INFO - [2026-01-21T09:55:01.072+0000] {dagbag.py:538} INFO - Filling up the DagBag from /home/airflow/.local/lib/python3.8/site-packages/airflow/example_dags/example_dynamic_task_mapping_with_no_taskflow_operators.py
[2026-01-21T09:55:01.083+0000] {processor.py:840} INFO - DAG(s) 'example_dynamic_task_mapping_with_no_taskflow_operators' retrieved from /home/airflow/.local/lib/python3.8/site-packages/airflow/example_dags/example_dynamic_task_mapping_with_no_taskflow_operators.py
[2026-01-21T09:55:01.116+0000] {logging_mixin.py:188} INFO - [2026-01-21T09:55:01.116+0000] {dag.py:3036} INFO - Sync 1 DAGs
[2026-01-21T09:55:01.161+0000] {logging_mixin.py:188} INFO - [2026-01-21T09:55:01.160+0000] {dag.py:3823} INFO - Setting next_dagrun for example_dynamic_task_mapping_with_no_taskflow_operators to 2026-01-20 00:00:00+00:00, run_after=2026-01-21 00:00:00+00:00
[2026-01-21T09:55:01.198+0000] {processor.py:183} INFO - Processing /home/airflow/.local/lib/python3.8/site-packages/airflow/example_dags/example_dynamic_task_mapping_with_no_taskflow_operators.py took 0.136 seconds
[2026-01-21T09:55:31.463+0000] {processor.py:161} INFO - Started process (PID=4549) to work on /home/airflow/.local/lib/python3.8/site-packages/airflow/example_dags/example_dynamic_task_mapping_with_no_taskflow_operators.py
[2026-01-21T09:55:31.465+0000] {processor.py:830} INFO - Processing file /home/airflow/.local/lib/python3.8/site-packages/airflow/example_dags/example_dynamic_task_mapping_with_no_taskflow_operators.py for tasks to queue
[2026-01-21T09:55:31.468+0000] {logging_mixin.py:188} INFO - [2026-01-21T09:55:31.467+0000] {dagbag.py:538} INFO - Filling up the DagBag from /home/airflow/.local/lib/python3.8/site-packages/airflow/example_dags/example_dynamic_task_mapping_with_no_taskflow_operators.py
[2026-01-21T09:55:31.478+0000] {processor.py:840} INFO - DAG(s) 'example_dynamic_task_mapping_with_no_taskflow_operators' retrieved from /home/airflow/.local/lib/python3.8/site-packages/airflow/example_dags/example_dynamic_task_mapping_with_no_taskflow_operators.py
[2026-01-21T09:55:31.512+0000] {logging_mixin.py:188} INFO - [2026-01-21T09:55:31.511+0000] {dag.py:3036} INFO - Sync 1 DAGs
[2026-01-21T09:55:31.563+0000] {logging_mixin.py:188} INFO - [2026-01-21T09:55:31.562+0000] {dag.py:3823} INFO - Setting next_dagrun for example_dynamic_task_mapping_with_no_taskflow_operators to 2026-01-20 00:00:00+00:00, run_after=2026-01-21 00:00:00+00:00
[2026-01-21T09:55:31.601+0000] {processor.py:183} INFO - Processing /home/airflow/.local/lib/python3.8/site-packages/airflow/example_dags/example_dynamic_task_mapping_with_no_taskflow_operators.py took 0.144 seconds
[2026-01-21T09:56:01.800+0000] {processor.py:161} INFO - Started process (PID=4614) to work on /home/airflow/.local/lib/python3.8/site-packages/airflow/example_dags/example_dynamic_task_mapping_with_no_taskflow_operators.py
[2026-01-21T09:56:01.802+0000] {processor.py:830} INFO - Processing file /home/airflow/.local/lib/python3.8/site-packages/airflow/example_dags/example_dynamic_task_mapping_with_no_taskflow_operators.py for tasks to queue
[2026-01-21T09:56:01.805+0000] {logging_mixin.py:188} INFO - [2026-01-21T09:56:01.804+0000] {dagbag.py:538} INFO - Filling up the DagBag from /home/airflow/.local/lib/python3.8/site-packages/airflow/example_dags/example_dynamic_task_mapping_with_no_taskflow_operators.py
[2026-01-21T09:56:01.816+0000] {processor.py:840} INFO - DAG(s) 'example_dynamic_task_mapping_with_no_taskflow_operators' retrieved from /home/airflow/.local/lib/python3.8/site-packages/airflow/example_dags/example_dynamic_task_mapping_with_no_taskflow_operators.py
[2026-01-21T09:56:01.849+0000] {logging_mixin.py:188} INFO - [2026-01-21T09:56:01.849+0000] {dag.py:3036} INFO - Sync 1 DAGs
[2026-01-21T09:56:01.916+0000] {logging_mixin.py:188} INFO - [2026-01-21T09:56:01.916+0000] {dag.py:3823} INFO - Setting next_dagrun for example_dynamic_task_mapping_with_no_taskflow_operators to 2026-01-20 00:00:00+00:00, run_after=2026-01-21 00:00:00+00:00
[2026-01-21T09:56:01.972+0000] {processor.py:183} INFO - Processing /home/airflow/.local/lib/python3.8/site-packages/airflow/example_dags/example_dynamic_task_mapping_with_no_taskflow_operators.py took 0.177 seconds
[2026-01-21T09:56:32.290+0000] {processor.py:161} INFO - Started process (PID=4680) to work on /home/airflow/.local/lib/python3.8/site-packages/airflow/example_dags/example_dynamic_task_mapping_with_no_taskflow_operators.py
[2026-01-21T09:56:32.292+0000] {processor.py:830} INFO - Processing file /home/airflow/.local/lib/python3.8/site-packages/airflow/example_dags/example_dynamic_task_mapping_with_no_taskflow_operators.py for tasks to queue
[2026-01-21T09:56:32.295+0000] {logging_mixin.py:188} INFO - [2026-01-21T09:56:32.294+0000] {dagbag.py:538} INFO - Filling up the DagBag from /home/airflow/.local/lib/python3.8/site-packages/airflow/example_dags/example_dynamic_task_mapping_with_no_taskflow_operators.py
[2026-01-21T09:56:32.305+0000] {processor.py:840} INFO - DAG(s) 'example_dynamic_task_mapping_with_no_taskflow_operators' retrieved from /home/airflow/.local/lib/python3.8/site-packages/airflow/example_dags/example_dynamic_task_mapping_with_no_taskflow_operators.py
[2026-01-21T09:56:32.340+0000] {logging_mixin.py:188} INFO - [2026-01-21T09:56:32.339+0000] {dag.py:3036} INFO - Sync 1 DAGs
[2026-01-21T09:56:32.394+0000] {logging_mixin.py:188} INFO - [2026-01-21T09:56:32.393+0000] {dag.py:3823} INFO - Setting next_dagrun for example_dynamic_task_mapping_with_no_taskflow_operators to 2026-01-20 00:00:00+00:00, run_after=2026-01-21 00:00:00+00:00
[2026-01-21T09:56:32.428+0000] {processor.py:183} INFO - Processing /home/airflow/.local/lib/python3.8/site-packages/airflow/example_dags/example_dynamic_task_mapping_with_no_taskflow_operators.py took 0.143 seconds
[2026-01-21T09:57:02.713+0000] {processor.py:161} INFO - Started process (PID=4745) to work on /home/airflow/.local/lib/python3.8/site-packages/airflow/example_dags/example_dynamic_task_mapping_with_no_taskflow_operators.py
[2026-01-21T09:57:02.715+0000] {processor.py:830} INFO - Processing file /home/airflow/.local/lib/python3.8/site-packages/airflow/example_dags/example_dynamic_task_mapping_with_no_taskflow_operators.py for tasks to queue
[2026-01-21T09:57:02.718+0000] {logging_mixin.py:188} INFO - [2026-01-21T09:57:02.717+0000] {dagbag.py:538} INFO - Filling up the DagBag from /home/airflow/.local/lib/python3.8/site-packages/airflow/example_dags/example_dynamic_task_mapping_with_no_taskflow_operators.py
[2026-01-21T09:57:02.728+0000] {processor.py:840} INFO - DAG(s) 'example_dynamic_task_mapping_with_no_taskflow_operators' retrieved from /home/airflow/.local/lib/python3.8/site-packages/airflow/example_dags/example_dynamic_task_mapping_with_no_taskflow_operators.py
[2026-01-21T09:57:02.760+0000] {logging_mixin.py:188} INFO - [2026-01-21T09:57:02.760+0000] {dag.py:3036} INFO - Sync 1 DAGs
[2026-01-21T09:57:02.806+0000] {logging_mixin.py:188} INFO - [2026-01-21T09:57:02.805+0000] {dag.py:3823} INFO - Setting next_dagrun for example_dynamic_task_mapping_with_no_taskflow_operators to 2026-01-20 00:00:00+00:00, run_after=2026-01-21 00:00:00+00:00
[2026-01-21T09:57:02.838+0000] {processor.py:183} INFO - Processing /home/airflow/.local/lib/python3.8/site-packages/airflow/example_dags/example_dynamic_task_mapping_with_no_taskflow_operators.py took 0.130 seconds
[2026-01-21T09:57:33.243+0000] {processor.py:161} INFO - Started process (PID=4810) to work on /home/airflow/.local/lib/python3.8/site-packages/airflow/example_dags/example_dynamic_task_mapping_with_no_taskflow_operators.py
[2026-01-21T09:57:33.245+0000] {processor.py:830} INFO - Processing file /home/airflow/.local/lib/python3.8/site-packages/airflow/example_dags/example_dynamic_task_mapping_with_no_taskflow_operators.py for tasks to queue
[2026-01-21T09:57:33.247+0000] {logging_mixin.py:188} INFO - [2026-01-21T09:57:33.247+0000] {dagbag.py:538} INFO - Filling up the DagBag from /home/airflow/.local/lib/python3.8/site-packages/airflow/example_dags/example_dynamic_task_mapping_with_no_taskflow_operators.py
[2026-01-21T09:57:33.255+0000] {processor.py:840} INFO - DAG(s) 'example_dynamic_task_mapping_with_no_taskflow_operators' retrieved from /home/airflow/.local/lib/python3.8/site-packages/airflow/example_dags/example_dynamic_task_mapping_with_no_taskflow_operators.py
[2026-01-21T09:57:33.283+0000] {logging_mixin.py:188} INFO - [2026-01-21T09:57:33.283+0000] {dag.py:3036} INFO - Sync 1 DAGs
[2026-01-21T09:57:33.315+0000] {logging_mixin.py:188} INFO - [2026-01-21T09:57:33.315+0000] {dag.py:3823} INFO - Setting next_dagrun for example_dynamic_task_mapping_with_no_taskflow_operators to 2026-01-20 00:00:00+00:00, run_after=2026-01-21 00:00:00+00:00
[2026-01-21T09:57:33.348+0000] {processor.py:183} INFO - Processing /home/airflow/.local/lib/python3.8/site-packages/airflow/example_dags/example_dynamic_task_mapping_with_no_taskflow_operators.py took 0.109 seconds
[2026-01-21T09:58:03.530+0000] {processor.py:161} INFO - Started process (PID=4875) to work on /home/airflow/.local/lib/python3.8/site-packages/airflow/example_dags/example_dynamic_task_mapping_with_no_taskflow_operators.py
[2026-01-21T09:58:03.532+0000] {processor.py:830} INFO - Processing file /home/airflow/.local/lib/python3.8/site-packages/airflow/example_dags/example_dynamic_task_mapping_with_no_taskflow_operators.py for tasks to queue
[2026-01-21T09:58:03.534+0000] {logging_mixin.py:188} INFO - [2026-01-21T09:58:03.534+0000] {dagbag.py:538} INFO - Filling up the DagBag from /home/airflow/.local/lib/python3.8/site-packages/airflow/example_dags/example_dynamic_task_mapping_with_no_taskflow_operators.py
[2026-01-21T09:58:03.545+0000] {processor.py:840} INFO - DAG(s) 'example_dynamic_task_mapping_with_no_taskflow_operators' retrieved from /home/airflow/.local/lib/python3.8/site-packages/airflow/example_dags/example_dynamic_task_mapping_with_no_taskflow_operators.py
[2026-01-21T09:58:03.581+0000] {logging_mixin.py:188} INFO - [2026-01-21T09:58:03.580+0000] {dag.py:3036} INFO - Sync 1 DAGs
[2026-01-21T09:58:03.624+0000] {logging_mixin.py:188} INFO - [2026-01-21T09:58:03.623+0000] {dag.py:3823} INFO - Setting next_dagrun for example_dynamic_task_mapping_with_no_taskflow_operators to 2026-01-20 00:00:00+00:00, run_after=2026-01-21 00:00:00+00:00
[2026-01-21T09:58:03.652+0000] {processor.py:183} INFO - Processing /home/airflow/.local/lib/python3.8/site-packages/airflow/example_dags/example_dynamic_task_mapping_with_no_taskflow_operators.py took 0.128 seconds
[2026-01-21T09:58:33.880+0000] {processor.py:161} INFO - Started process (PID=4948) to work on /home/airflow/.local/lib/python3.8/site-packages/airflow/example_dags/example_dynamic_task_mapping_with_no_taskflow_operators.py
[2026-01-21T09:58:33.882+0000] {processor.py:830} INFO - Processing file /home/airflow/.local/lib/python3.8/site-packages/airflow/example_dags/example_dynamic_task_mapping_with_no_taskflow_operators.py for tasks to queue
[2026-01-21T09:58:33.885+0000] {logging_mixin.py:188} INFO - [2026-01-21T09:58:33.884+0000] {dagbag.py:538} INFO - Filling up the DagBag from /home/airflow/.local/lib/python3.8/site-packages/airflow/example_dags/example_dynamic_task_mapping_with_no_taskflow_operators.py
[2026-01-21T09:58:33.906+0000] {processor.py:840} INFO - DAG(s) 'example_dynamic_task_mapping_with_no_taskflow_operators' retrieved from /home/airflow/.local/lib/python3.8/site-packages/airflow/example_dags/example_dynamic_task_mapping_with_no_taskflow_operators.py
[2026-01-21T09:58:33.962+0000] {logging_mixin.py:188} INFO - [2026-01-21T09:58:33.961+0000] {dag.py:3036} INFO - Sync 1 DAGs
[2026-01-21T09:58:34.047+0000] {logging_mixin.py:188} INFO - [2026-01-21T09:58:34.047+0000] {dag.py:3823} INFO - Setting next_dagrun for example_dynamic_task_mapping_with_no_taskflow_operators to 2026-01-20 00:00:00+00:00, run_after=2026-01-21 00:00:00+00:00
[2026-01-21T09:58:34.118+0000] {processor.py:183} INFO - Processing /home/airflow/.local/lib/python3.8/site-packages/airflow/example_dags/example_dynamic_task_mapping_with_no_taskflow_operators.py took 0.244 seconds
[2026-01-21T09:59:04.484+0000] {processor.py:161} INFO - Started process (PID=5015) to work on /home/airflow/.local/lib/python3.8/site-packages/airflow/example_dags/example_dynamic_task_mapping_with_no_taskflow_operators.py
[2026-01-21T09:59:04.485+0000] {processor.py:830} INFO - Processing file /home/airflow/.local/lib/python3.8/site-packages/airflow/example_dags/example_dynamic_task_mapping_with_no_taskflow_operators.py for tasks to queue
[2026-01-21T09:59:04.488+0000] {logging_mixin.py:188} INFO - [2026-01-21T09:59:04.487+0000] {dagbag.py:538} INFO - Filling up the DagBag from /home/airflow/.local/lib/python3.8/site-packages/airflow/example_dags/example_dynamic_task_mapping_with_no_taskflow_operators.py
[2026-01-21T09:59:04.507+0000] {processor.py:840} INFO - DAG(s) 'example_dynamic_task_mapping_with_no_taskflow_operators' retrieved from /home/airflow/.local/lib/python3.8/site-packages/airflow/example_dags/example_dynamic_task_mapping_with_no_taskflow_operators.py
[2026-01-21T09:59:04.563+0000] {logging_mixin.py:188} INFO - [2026-01-21T09:59:04.562+0000] {dag.py:3036} INFO - Sync 1 DAGs
[2026-01-21T09:59:04.606+0000] {logging_mixin.py:188} INFO - [2026-01-21T09:59:04.606+0000] {dag.py:3823} INFO - Setting next_dagrun for example_dynamic_task_mapping_with_no_taskflow_operators to 2026-01-20 00:00:00+00:00, run_after=2026-01-21 00:00:00+00:00
[2026-01-21T09:59:04.638+0000] {processor.py:183} INFO - Processing /home/airflow/.local/lib/python3.8/site-packages/airflow/example_dags/example_dynamic_task_mapping_with_no_taskflow_operators.py took 0.172 seconds
[2026-01-21T09:59:35.284+0000] {processor.py:161} INFO - Started process (PID=5080) to work on /home/airflow/.local/lib/python3.8/site-packages/airflow/example_dags/example_dynamic_task_mapping_with_no_taskflow_operators.py
[2026-01-21T09:59:35.286+0000] {processor.py:830} INFO - Processing file /home/airflow/.local/lib/python3.8/site-packages/airflow/example_dags/example_dynamic_task_mapping_with_no_taskflow_operators.py for tasks to queue
[2026-01-21T09:59:35.289+0000] {logging_mixin.py:188} INFO - [2026-01-21T09:59:35.289+0000] {dagbag.py:538} INFO - Filling up the DagBag from /home/airflow/.local/lib/python3.8/site-packages/airflow/example_dags/example_dynamic_task_mapping_with_no_taskflow_operators.py
[2026-01-21T09:59:35.300+0000] {processor.py:840} INFO - DAG(s) 'example_dynamic_task_mapping_with_no_taskflow_operators' retrieved from /home/airflow/.local/lib/python3.8/site-packages/airflow/example_dags/example_dynamic_task_mapping_with_no_taskflow_operators.py
[2026-01-21T09:59:35.340+0000] {logging_mixin.py:188} INFO - [2026-01-21T09:59:35.340+0000] {dag.py:3036} INFO - Sync 1 DAGs
[2026-01-21T09:59:35.372+0000] {logging_mixin.py:188} INFO - [2026-01-21T09:59:35.372+0000] {dag.py:3823} INFO - Setting next_dagrun for example_dynamic_task_mapping_with_no_taskflow_operators to 2026-01-20 00:00:00+00:00, run_after=2026-01-21 00:00:00+00:00
[2026-01-21T09:59:35.400+0000] {processor.py:183} INFO - Processing /home/airflow/.local/lib/python3.8/site-packages/airflow/example_dags/example_dynamic_task_mapping_with_no_taskflow_operators.py took 0.122 seconds
[2026-01-21T10:00:05.765+0000] {processor.py:161} INFO - Started process (PID=5145) to work on /home/airflow/.local/lib/python3.8/site-packages/airflow/example_dags/example_dynamic_task_mapping_with_no_taskflow_operators.py
[2026-01-21T10:00:05.770+0000] {processor.py:830} INFO - Processing file /home/airflow/.local/lib/python3.8/site-packages/airflow/example_dags/example_dynamic_task_mapping_with_no_taskflow_operators.py for tasks to queue
[2026-01-21T10:00:05.779+0000] {logging_mixin.py:188} INFO - [2026-01-21T10:00:05.778+0000] {dagbag.py:538} INFO - Filling up the DagBag from /home/airflow/.local/lib/python3.8/site-packages/airflow/example_dags/example_dynamic_task_mapping_with_no_taskflow_operators.py
[2026-01-21T10:00:05.793+0000] {processor.py:840} INFO - DAG(s) 'example_dynamic_task_mapping_with_no_taskflow_operators' retrieved from /home/airflow/.local/lib/python3.8/site-packages/airflow/example_dags/example_dynamic_task_mapping_with_no_taskflow_operators.py
[2026-01-21T10:00:05.834+0000] {logging_mixin.py:188} INFO - [2026-01-21T10:00:05.833+0000] {dag.py:3036} INFO - Sync 1 DAGs
[2026-01-21T10:00:05.872+0000] {logging_mixin.py:188} INFO - [2026-01-21T10:00:05.871+0000] {dag.py:3823} INFO - Setting next_dagrun for example_dynamic_task_mapping_with_no_taskflow_operators to 2026-01-20 00:00:00+00:00, run_after=2026-01-21 00:00:00+00:00
[2026-01-21T10:00:05.896+0000] {processor.py:183} INFO - Processing /home/airflow/.local/lib/python3.8/site-packages/airflow/example_dags/example_dynamic_task_mapping_with_no_taskflow_operators.py took 0.141 seconds
[2026-01-21T10:00:36.086+0000] {processor.py:161} INFO - Started process (PID=5209) to work on /home/airflow/.local/lib/python3.8/site-packages/airflow/example_dags/example_dynamic_task_mapping_with_no_taskflow_operators.py
[2026-01-21T10:00:36.088+0000] {processor.py:830} INFO - Processing file /home/airflow/.local/lib/python3.8/site-packages/airflow/example_dags/example_dynamic_task_mapping_with_no_taskflow_operators.py for tasks to queue
[2026-01-21T10:00:36.090+0000] {logging_mixin.py:188} INFO - [2026-01-21T10:00:36.090+0000] {dagbag.py:538} INFO - Filling up the DagBag from /home/airflow/.local/lib/python3.8/site-packages/airflow/example_dags/example_dynamic_task_mapping_with_no_taskflow_operators.py
[2026-01-21T10:00:36.099+0000] {processor.py:840} INFO - DAG(s) 'example_dynamic_task_mapping_with_no_taskflow_operators' retrieved from /home/airflow/.local/lib/python3.8/site-packages/airflow/example_dags/example_dynamic_task_mapping_with_no_taskflow_operators.py
[2026-01-21T10:00:36.127+0000] {logging_mixin.py:188} INFO - [2026-01-21T10:00:36.126+0000] {dag.py:3036} INFO - Sync 1 DAGs
[2026-01-21T10:00:36.161+0000] {logging_mixin.py:188} INFO - [2026-01-21T10:00:36.161+0000] {dag.py:3823} INFO - Setting next_dagrun for example_dynamic_task_mapping_with_no_taskflow_operators to 2026-01-20 00:00:00+00:00, run_after=2026-01-21 00:00:00+00:00
[2026-01-21T10:00:36.190+0000] {processor.py:183} INFO - Processing /home/airflow/.local/lib/python3.8/site-packages/airflow/example_dags/example_dynamic_task_mapping_with_no_taskflow_operators.py took 0.108 seconds
[2026-01-21T10:01:06.546+0000] {processor.py:161} INFO - Started process (PID=5274) to work on /home/airflow/.local/lib/python3.8/site-packages/airflow/example_dags/example_dynamic_task_mapping_with_no_taskflow_operators.py
[2026-01-21T10:01:06.547+0000] {processor.py:830} INFO - Processing file /home/airflow/.local/lib/python3.8/site-packages/airflow/example_dags/example_dynamic_task_mapping_with_no_taskflow_operators.py for tasks to queue
[2026-01-21T10:01:06.550+0000] {logging_mixin.py:188} INFO - [2026-01-21T10:01:06.549+0000] {dagbag.py:538} INFO - Filling up the DagBag from /home/airflow/.local/lib/python3.8/site-packages/airflow/example_dags/example_dynamic_task_mapping_with_no_taskflow_operators.py
[2026-01-21T10:01:06.576+0000] {processor.py:840} INFO - DAG(s) 'example_dynamic_task_mapping_with_no_taskflow_operators' retrieved from /home/airflow/.local/lib/python3.8/site-packages/airflow/example_dags/example_dynamic_task_mapping_with_no_taskflow_operators.py
[2026-01-21T10:01:06.611+0000] {logging_mixin.py:188} INFO - [2026-01-21T10:01:06.611+0000] {dag.py:3036} INFO - Sync 1 DAGs
[2026-01-21T10:01:06.652+0000] {logging_mixin.py:188} INFO - [2026-01-21T10:01:06.652+0000] {dag.py:3823} INFO - Setting next_dagrun for example_dynamic_task_mapping_with_no_taskflow_operators to 2026-01-20 00:00:00+00:00, run_after=2026-01-21 00:00:00+00:00
[2026-01-21T10:01:06.682+0000] {processor.py:183} INFO - Processing /home/airflow/.local/lib/python3.8/site-packages/airflow/example_dags/example_dynamic_task_mapping_with_no_taskflow_operators.py took 0.143 seconds
[2026-01-21T10:01:36.753+0000] {processor.py:161} INFO - Started process (PID=5337) to work on /home/airflow/.local/lib/python3.8/site-packages/airflow/example_dags/example_dynamic_task_mapping_with_no_taskflow_operators.py
[2026-01-21T10:01:36.756+0000] {processor.py:830} INFO - Processing file /home/airflow/.local/lib/python3.8/site-packages/airflow/example_dags/example_dynamic_task_mapping_with_no_taskflow_operators.py for tasks to queue
[2026-01-21T10:01:36.759+0000] {logging_mixin.py:188} INFO - [2026-01-21T10:01:36.758+0000] {dagbag.py:538} INFO - Filling up the DagBag from /home/airflow/.local/lib/python3.8/site-packages/airflow/example_dags/example_dynamic_task_mapping_with_no_taskflow_operators.py
[2026-01-21T10:01:36.779+0000] {processor.py:840} INFO - DAG(s) 'example_dynamic_task_mapping_with_no_taskflow_operators' retrieved from /home/airflow/.local/lib/python3.8/site-packages/airflow/example_dags/example_dynamic_task_mapping_with_no_taskflow_operators.py
[2026-01-21T10:01:36.810+0000] {logging_mixin.py:188} INFO - [2026-01-21T10:01:36.810+0000] {dag.py:3036} INFO - Sync 1 DAGs
[2026-01-21T10:01:36.851+0000] {logging_mixin.py:188} INFO - [2026-01-21T10:01:36.851+0000] {dag.py:3823} INFO - Setting next_dagrun for example_dynamic_task_mapping_with_no_taskflow_operators to 2026-01-20 00:00:00+00:00, run_after=2026-01-21 00:00:00+00:00
[2026-01-21T10:01:36.883+0000] {processor.py:183} INFO - Processing /home/airflow/.local/lib/python3.8/site-packages/airflow/example_dags/example_dynamic_task_mapping_with_no_taskflow_operators.py took 0.136 seconds
[2026-01-21T10:02:07.516+0000] {processor.py:161} INFO - Started process (PID=5405) to work on /home/airflow/.local/lib/python3.8/site-packages/airflow/example_dags/example_dynamic_task_mapping_with_no_taskflow_operators.py
[2026-01-21T10:02:07.518+0000] {processor.py:830} INFO - Processing file /home/airflow/.local/lib/python3.8/site-packages/airflow/example_dags/example_dynamic_task_mapping_with_no_taskflow_operators.py for tasks to queue
[2026-01-21T10:02:07.521+0000] {logging_mixin.py:188} INFO - [2026-01-21T10:02:07.521+0000] {dagbag.py:538} INFO - Filling up the DagBag from /home/airflow/.local/lib/python3.8/site-packages/airflow/example_dags/example_dynamic_task_mapping_with_no_taskflow_operators.py
[2026-01-21T10:02:07.532+0000] {processor.py:840} INFO - DAG(s) 'example_dynamic_task_mapping_with_no_taskflow_operators' retrieved from /home/airflow/.local/lib/python3.8/site-packages/airflow/example_dags/example_dynamic_task_mapping_with_no_taskflow_operators.py
[2026-01-21T10:02:07.573+0000] {logging_mixin.py:188} INFO - [2026-01-21T10:02:07.573+0000] {dag.py:3036} INFO - Sync 1 DAGs
[2026-01-21T10:02:07.620+0000] {logging_mixin.py:188} INFO - [2026-01-21T10:02:07.620+0000] {dag.py:3823} INFO - Setting next_dagrun for example_dynamic_task_mapping_with_no_taskflow_operators to 2026-01-20 00:00:00+00:00, run_after=2026-01-21 00:00:00+00:00
[2026-01-21T10:02:07.657+0000] {processor.py:183} INFO - Processing /home/airflow/.local/lib/python3.8/site-packages/airflow/example_dags/example_dynamic_task_mapping_with_no_taskflow_operators.py took 0.147 seconds
[2026-01-21T10:02:38.096+0000] {processor.py:161} INFO - Started process (PID=5474) to work on /home/airflow/.local/lib/python3.8/site-packages/airflow/example_dags/example_dynamic_task_mapping_with_no_taskflow_operators.py
[2026-01-21T10:02:38.097+0000] {processor.py:830} INFO - Processing file /home/airflow/.local/lib/python3.8/site-packages/airflow/example_dags/example_dynamic_task_mapping_with_no_taskflow_operators.py for tasks to queue
[2026-01-21T10:02:38.100+0000] {logging_mixin.py:188} INFO - [2026-01-21T10:02:38.100+0000] {dagbag.py:538} INFO - Filling up the DagBag from /home/airflow/.local/lib/python3.8/site-packages/airflow/example_dags/example_dynamic_task_mapping_with_no_taskflow_operators.py
[2026-01-21T10:02:38.110+0000] {processor.py:840} INFO - DAG(s) 'example_dynamic_task_mapping_with_no_taskflow_operators' retrieved from /home/airflow/.local/lib/python3.8/site-packages/airflow/example_dags/example_dynamic_task_mapping_with_no_taskflow_operators.py
[2026-01-21T10:02:38.143+0000] {logging_mixin.py:188} INFO - [2026-01-21T10:02:38.142+0000] {dag.py:3036} INFO - Sync 1 DAGs
[2026-01-21T10:02:38.179+0000] {logging_mixin.py:188} INFO - [2026-01-21T10:02:38.179+0000] {dag.py:3823} INFO - Setting next_dagrun for example_dynamic_task_mapping_with_no_taskflow_operators to 2026-01-20 00:00:00+00:00, run_after=2026-01-21 00:00:00+00:00
[2026-01-21T10:02:38.208+0000] {processor.py:183} INFO - Processing /home/airflow/.local/lib/python3.8/site-packages/airflow/example_dags/example_dynamic_task_mapping_with_no_taskflow_operators.py took 0.118 seconds
[2026-01-21T10:03:08.483+0000] {processor.py:161} INFO - Started process (PID=5540) to work on /home/airflow/.local/lib/python3.8/site-packages/airflow/example_dags/example_dynamic_task_mapping_with_no_taskflow_operators.py
[2026-01-21T10:03:08.484+0000] {processor.py:830} INFO - Processing file /home/airflow/.local/lib/python3.8/site-packages/airflow/example_dags/example_dynamic_task_mapping_with_no_taskflow_operators.py for tasks to queue
[2026-01-21T10:03:08.487+0000] {logging_mixin.py:188} INFO - [2026-01-21T10:03:08.487+0000] {dagbag.py:538} INFO - Filling up the DagBag from /home/airflow/.local/lib/python3.8/site-packages/airflow/example_dags/example_dynamic_task_mapping_with_no_taskflow_operators.py
[2026-01-21T10:03:08.496+0000] {processor.py:840} INFO - DAG(s) 'example_dynamic_task_mapping_with_no_taskflow_operators' retrieved from /home/airflow/.local/lib/python3.8/site-packages/airflow/example_dags/example_dynamic_task_mapping_with_no_taskflow_operators.py
[2026-01-21T10:03:08.526+0000] {logging_mixin.py:188} INFO - [2026-01-21T10:03:08.525+0000] {dag.py:3036} INFO - Sync 1 DAGs
[2026-01-21T10:03:08.558+0000] {logging_mixin.py:188} INFO - [2026-01-21T10:03:08.558+0000] {dag.py:3823} INFO - Setting next_dagrun for example_dynamic_task_mapping_with_no_taskflow_operators to 2026-01-20 00:00:00+00:00, run_after=2026-01-21 00:00:00+00:00
[2026-01-21T10:03:08.583+0000] {processor.py:183} INFO - Processing /home/airflow/.local/lib/python3.8/site-packages/airflow/example_dags/example_dynamic_task_mapping_with_no_taskflow_operators.py took 0.105 seconds
[2026-01-21T10:03:38.898+0000] {processor.py:161} INFO - Started process (PID=5606) to work on /home/airflow/.local/lib/python3.8/site-packages/airflow/example_dags/example_dynamic_task_mapping_with_no_taskflow_operators.py
[2026-01-21T10:03:38.901+0000] {processor.py:830} INFO - Processing file /home/airflow/.local/lib/python3.8/site-packages/airflow/example_dags/example_dynamic_task_mapping_with_no_taskflow_operators.py for tasks to queue
[2026-01-21T10:03:38.903+0000] {logging_mixin.py:188} INFO - [2026-01-21T10:03:38.903+0000] {dagbag.py:538} INFO - Filling up the DagBag from /home/airflow/.local/lib/python3.8/site-packages/airflow/example_dags/example_dynamic_task_mapping_with_no_taskflow_operators.py
[2026-01-21T10:03:38.920+0000] {processor.py:840} INFO - DAG(s) 'example_dynamic_task_mapping_with_no_taskflow_operators' retrieved from /home/airflow/.local/lib/python3.8/site-packages/airflow/example_dags/example_dynamic_task_mapping_with_no_taskflow_operators.py
[2026-01-21T10:03:38.956+0000] {logging_mixin.py:188} INFO - [2026-01-21T10:03:38.955+0000] {dag.py:3036} INFO - Sync 1 DAGs
[2026-01-21T10:03:38.988+0000] {logging_mixin.py:188} INFO - [2026-01-21T10:03:38.987+0000] {dag.py:3823} INFO - Setting next_dagrun for example_dynamic_task_mapping_with_no_taskflow_operators to 2026-01-20 00:00:00+00:00, run_after=2026-01-21 00:00:00+00:00
[2026-01-21T10:03:39.013+0000] {processor.py:183} INFO - Processing /home/airflow/.local/lib/python3.8/site-packages/airflow/example_dags/example_dynamic_task_mapping_with_no_taskflow_operators.py took 0.123 seconds
[2026-01-21T10:04:09.304+0000] {processor.py:161} INFO - Started process (PID=5671) to work on /home/airflow/.local/lib/python3.8/site-packages/airflow/example_dags/example_dynamic_task_mapping_with_no_taskflow_operators.py
[2026-01-21T10:04:09.306+0000] {processor.py:830} INFO - Processing file /home/airflow/.local/lib/python3.8/site-packages/airflow/example_dags/example_dynamic_task_mapping_with_no_taskflow_operators.py for tasks to queue
[2026-01-21T10:04:09.308+0000] {logging_mixin.py:188} INFO - [2026-01-21T10:04:09.308+0000] {dagbag.py:538} INFO - Filling up the DagBag from /home/airflow/.local/lib/python3.8/site-packages/airflow/example_dags/example_dynamic_task_mapping_with_no_taskflow_operators.py
[2026-01-21T10:04:09.318+0000] {processor.py:840} INFO - DAG(s) 'example_dynamic_task_mapping_with_no_taskflow_operators' retrieved from /home/airflow/.local/lib/python3.8/site-packages/airflow/example_dags/example_dynamic_task_mapping_with_no_taskflow_operators.py
[2026-01-21T10:04:09.350+0000] {logging_mixin.py:188} INFO - [2026-01-21T10:04:09.350+0000] {dag.py:3036} INFO - Sync 1 DAGs
[2026-01-21T10:04:09.386+0000] {logging_mixin.py:188} INFO - [2026-01-21T10:04:09.386+0000] {dag.py:3823} INFO - Setting next_dagrun for example_dynamic_task_mapping_with_no_taskflow_operators to 2026-01-20 00:00:00+00:00, run_after=2026-01-21 00:00:00+00:00
[2026-01-21T10:04:09.409+0000] {processor.py:183} INFO - Processing /home/airflow/.local/lib/python3.8/site-packages/airflow/example_dags/example_dynamic_task_mapping_with_no_taskflow_operators.py took 0.109 seconds
[2026-01-21T10:04:40.040+0000] {processor.py:161} INFO - Started process (PID=5735) to work on /home/airflow/.local/lib/python3.8/site-packages/airflow/example_dags/example_dynamic_task_mapping_with_no_taskflow_operators.py
[2026-01-21T10:04:40.041+0000] {processor.py:830} INFO - Processing file /home/airflow/.local/lib/python3.8/site-packages/airflow/example_dags/example_dynamic_task_mapping_with_no_taskflow_operators.py for tasks to queue
[2026-01-21T10:04:40.044+0000] {logging_mixin.py:188} INFO - [2026-01-21T10:04:40.043+0000] {dagbag.py:538} INFO - Filling up the DagBag from /home/airflow/.local/lib/python3.8/site-packages/airflow/example_dags/example_dynamic_task_mapping_with_no_taskflow_operators.py
[2026-01-21T10:04:40.052+0000] {processor.py:840} INFO - DAG(s) 'example_dynamic_task_mapping_with_no_taskflow_operators' retrieved from /home/airflow/.local/lib/python3.8/site-packages/airflow/example_dags/example_dynamic_task_mapping_with_no_taskflow_operators.py
[2026-01-21T10:04:40.081+0000] {logging_mixin.py:188} INFO - [2026-01-21T10:04:40.080+0000] {dag.py:3036} INFO - Sync 1 DAGs
[2026-01-21T10:04:40.113+0000] {logging_mixin.py:188} INFO - [2026-01-21T10:04:40.113+0000] {dag.py:3823} INFO - Setting next_dagrun for example_dynamic_task_mapping_with_no_taskflow_operators to 2026-01-20 00:00:00+00:00, run_after=2026-01-21 00:00:00+00:00
[2026-01-21T10:04:40.139+0000] {processor.py:183} INFO - Processing /home/airflow/.local/lib/python3.8/site-packages/airflow/example_dags/example_dynamic_task_mapping_with_no_taskflow_operators.py took 0.104 seconds
[2026-01-21T10:05:10.966+0000] {processor.py:161} INFO - Started process (PID=5806) to work on /home/airflow/.local/lib/python3.8/site-packages/airflow/example_dags/example_dynamic_task_mapping_with_no_taskflow_operators.py
[2026-01-21T10:05:10.967+0000] {processor.py:830} INFO - Processing file /home/airflow/.local/lib/python3.8/site-packages/airflow/example_dags/example_dynamic_task_mapping_with_no_taskflow_operators.py for tasks to queue
[2026-01-21T10:05:10.970+0000] {logging_mixin.py:188} INFO - [2026-01-21T10:05:10.970+0000] {dagbag.py:538} INFO - Filling up the DagBag from /home/airflow/.local/lib/python3.8/site-packages/airflow/example_dags/example_dynamic_task_mapping_with_no_taskflow_operators.py
[2026-01-21T10:05:10.979+0000] {processor.py:840} INFO - DAG(s) 'example_dynamic_task_mapping_with_no_taskflow_operators' retrieved from /home/airflow/.local/lib/python3.8/site-packages/airflow/example_dags/example_dynamic_task_mapping_with_no_taskflow_operators.py
[2026-01-21T10:05:11.008+0000] {logging_mixin.py:188} INFO - [2026-01-21T10:05:11.008+0000] {dag.py:3036} INFO - Sync 1 DAGs
[2026-01-21T10:05:11.043+0000] {logging_mixin.py:188} INFO - [2026-01-21T10:05:11.043+0000] {dag.py:3823} INFO - Setting next_dagrun for example_dynamic_task_mapping_with_no_taskflow_operators to 2026-01-20 00:00:00+00:00, run_after=2026-01-21 00:00:00+00:00
[2026-01-21T10:05:11.069+0000] {processor.py:183} INFO - Processing /home/airflow/.local/lib/python3.8/site-packages/airflow/example_dags/example_dynamic_task_mapping_with_no_taskflow_operators.py took 0.108 seconds
[2026-01-21T10:05:41.349+0000] {processor.py:161} INFO - Started process (PID=5872) to work on /home/airflow/.local/lib/python3.8/site-packages/airflow/example_dags/example_dynamic_task_mapping_with_no_taskflow_operators.py
[2026-01-21T10:05:41.351+0000] {processor.py:830} INFO - Processing file /home/airflow/.local/lib/python3.8/site-packages/airflow/example_dags/example_dynamic_task_mapping_with_no_taskflow_operators.py for tasks to queue
[2026-01-21T10:05:41.354+0000] {logging_mixin.py:188} INFO - [2026-01-21T10:05:41.353+0000] {dagbag.py:538} INFO - Filling up the DagBag from /home/airflow/.local/lib/python3.8/site-packages/airflow/example_dags/example_dynamic_task_mapping_with_no_taskflow_operators.py
[2026-01-21T10:05:41.362+0000] {processor.py:840} INFO - DAG(s) 'example_dynamic_task_mapping_with_no_taskflow_operators' retrieved from /home/airflow/.local/lib/python3.8/site-packages/airflow/example_dags/example_dynamic_task_mapping_with_no_taskflow_operators.py
[2026-01-21T10:05:41.396+0000] {logging_mixin.py:188} INFO - [2026-01-21T10:05:41.395+0000] {dag.py:3036} INFO - Sync 1 DAGs
[2026-01-21T10:05:41.438+0000] {logging_mixin.py:188} INFO - [2026-01-21T10:05:41.437+0000] {dag.py:3823} INFO - Setting next_dagrun for example_dynamic_task_mapping_with_no_taskflow_operators to 2026-01-20 00:00:00+00:00, run_after=2026-01-21 00:00:00+00:00
[2026-01-21T10:05:41.468+0000] {processor.py:183} INFO - Processing /home/airflow/.local/lib/python3.8/site-packages/airflow/example_dags/example_dynamic_task_mapping_with_no_taskflow_operators.py took 0.124 seconds
[2026-01-21T10:06:11.728+0000] {processor.py:161} INFO - Started process (PID=5937) to work on /home/airflow/.local/lib/python3.8/site-packages/airflow/example_dags/example_dynamic_task_mapping_with_no_taskflow_operators.py
[2026-01-21T10:06:11.729+0000] {processor.py:830} INFO - Processing file /home/airflow/.local/lib/python3.8/site-packages/airflow/example_dags/example_dynamic_task_mapping_with_no_taskflow_operators.py for tasks to queue
[2026-01-21T10:06:11.731+0000] {logging_mixin.py:188} INFO - [2026-01-21T10:06:11.731+0000] {dagbag.py:538} INFO - Filling up the DagBag from /home/airflow/.local/lib/python3.8/site-packages/airflow/example_dags/example_dynamic_task_mapping_with_no_taskflow_operators.py
[2026-01-21T10:06:11.740+0000] {processor.py:840} INFO - DAG(s) 'example_dynamic_task_mapping_with_no_taskflow_operators' retrieved from /home/airflow/.local/lib/python3.8/site-packages/airflow/example_dags/example_dynamic_task_mapping_with_no_taskflow_operators.py
[2026-01-21T10:06:11.776+0000] {logging_mixin.py:188} INFO - [2026-01-21T10:06:11.775+0000] {dag.py:3036} INFO - Sync 1 DAGs
[2026-01-21T10:06:11.834+0000] {logging_mixin.py:188} INFO - [2026-01-21T10:06:11.833+0000] {dag.py:3823} INFO - Setting next_dagrun for example_dynamic_task_mapping_with_no_taskflow_operators to 2026-01-20 00:00:00+00:00, run_after=2026-01-21 00:00:00+00:00
[2026-01-21T10:06:11.871+0000] {processor.py:183} INFO - Processing /home/airflow/.local/lib/python3.8/site-packages/airflow/example_dags/example_dynamic_task_mapping_with_no_taskflow_operators.py took 0.148 seconds
[2026-01-21T10:06:42.136+0000] {processor.py:161} INFO - Started process (PID=6002) to work on /home/airflow/.local/lib/python3.8/site-packages/airflow/example_dags/example_dynamic_task_mapping_with_no_taskflow_operators.py
[2026-01-21T10:06:42.138+0000] {processor.py:830} INFO - Processing file /home/airflow/.local/lib/python3.8/site-packages/airflow/example_dags/example_dynamic_task_mapping_with_no_taskflow_operators.py for tasks to queue
[2026-01-21T10:06:42.140+0000] {logging_mixin.py:188} INFO - [2026-01-21T10:06:42.140+0000] {dagbag.py:538} INFO - Filling up the DagBag from /home/airflow/.local/lib/python3.8/site-packages/airflow/example_dags/example_dynamic_task_mapping_with_no_taskflow_operators.py
[2026-01-21T10:06:42.148+0000] {processor.py:840} INFO - DAG(s) 'example_dynamic_task_mapping_with_no_taskflow_operators' retrieved from /home/airflow/.local/lib/python3.8/site-packages/airflow/example_dags/example_dynamic_task_mapping_with_no_taskflow_operators.py
[2026-01-21T10:06:42.175+0000] {logging_mixin.py:188} INFO - [2026-01-21T10:06:42.175+0000] {dag.py:3036} INFO - Sync 1 DAGs
[2026-01-21T10:06:42.208+0000] {logging_mixin.py:188} INFO - [2026-01-21T10:06:42.207+0000] {dag.py:3823} INFO - Setting next_dagrun for example_dynamic_task_mapping_with_no_taskflow_operators to 2026-01-20 00:00:00+00:00, run_after=2026-01-21 00:00:00+00:00
[2026-01-21T10:06:42.232+0000] {processor.py:183} INFO - Processing /home/airflow/.local/lib/python3.8/site-packages/airflow/example_dags/example_dynamic_task_mapping_with_no_taskflow_operators.py took 0.100 seconds
[2026-01-21T10:07:12.684+0000] {processor.py:161} INFO - Started process (PID=6067) to work on /home/airflow/.local/lib/python3.8/site-packages/airflow/example_dags/example_dynamic_task_mapping_with_no_taskflow_operators.py
[2026-01-21T10:07:12.685+0000] {processor.py:830} INFO - Processing file /home/airflow/.local/lib/python3.8/site-packages/airflow/example_dags/example_dynamic_task_mapping_with_no_taskflow_operators.py for tasks to queue
[2026-01-21T10:07:12.688+0000] {logging_mixin.py:188} INFO - [2026-01-21T10:07:12.687+0000] {dagbag.py:538} INFO - Filling up the DagBag from /home/airflow/.local/lib/python3.8/site-packages/airflow/example_dags/example_dynamic_task_mapping_with_no_taskflow_operators.py
[2026-01-21T10:07:12.696+0000] {processor.py:840} INFO - DAG(s) 'example_dynamic_task_mapping_with_no_taskflow_operators' retrieved from /home/airflow/.local/lib/python3.8/site-packages/airflow/example_dags/example_dynamic_task_mapping_with_no_taskflow_operators.py
[2026-01-21T10:07:12.727+0000] {logging_mixin.py:188} INFO - [2026-01-21T10:07:12.727+0000] {dag.py:3036} INFO - Sync 1 DAGs
[2026-01-21T10:07:12.762+0000] {logging_mixin.py:188} INFO - [2026-01-21T10:07:12.762+0000] {dag.py:3823} INFO - Setting next_dagrun for example_dynamic_task_mapping_with_no_taskflow_operators to 2026-01-20 00:00:00+00:00, run_after=2026-01-21 00:00:00+00:00
[2026-01-21T10:07:12.786+0000] {processor.py:183} INFO - Processing /home/airflow/.local/lib/python3.8/site-packages/airflow/example_dags/example_dynamic_task_mapping_with_no_taskflow_operators.py took 0.106 seconds
[2026-01-21T10:07:43.012+0000] {processor.py:161} INFO - Started process (PID=6132) to work on /home/airflow/.local/lib/python3.8/site-packages/airflow/example_dags/example_dynamic_task_mapping_with_no_taskflow_operators.py
[2026-01-21T10:07:43.014+0000] {processor.py:830} INFO - Processing file /home/airflow/.local/lib/python3.8/site-packages/airflow/example_dags/example_dynamic_task_mapping_with_no_taskflow_operators.py for tasks to queue
[2026-01-21T10:07:43.016+0000] {logging_mixin.py:188} INFO - [2026-01-21T10:07:43.015+0000] {dagbag.py:538} INFO - Filling up the DagBag from /home/airflow/.local/lib/python3.8/site-packages/airflow/example_dags/example_dynamic_task_mapping_with_no_taskflow_operators.py
[2026-01-21T10:07:43.024+0000] {processor.py:840} INFO - DAG(s) 'example_dynamic_task_mapping_with_no_taskflow_operators' retrieved from /home/airflow/.local/lib/python3.8/site-packages/airflow/example_dags/example_dynamic_task_mapping_with_no_taskflow_operators.py
[2026-01-21T10:07:43.054+0000] {logging_mixin.py:188} INFO - [2026-01-21T10:07:43.054+0000] {dag.py:3036} INFO - Sync 1 DAGs
[2026-01-21T10:07:43.086+0000] {logging_mixin.py:188} INFO - [2026-01-21T10:07:43.086+0000] {dag.py:3823} INFO - Setting next_dagrun for example_dynamic_task_mapping_with_no_taskflow_operators to 2026-01-20 00:00:00+00:00, run_after=2026-01-21 00:00:00+00:00
[2026-01-21T10:07:43.110+0000] {processor.py:183} INFO - Processing /home/airflow/.local/lib/python3.8/site-packages/airflow/example_dags/example_dynamic_task_mapping_with_no_taskflow_operators.py took 0.103 seconds
[2026-01-21T10:08:13.623+0000] {processor.py:161} INFO - Started process (PID=6196) to work on /home/airflow/.local/lib/python3.8/site-packages/airflow/example_dags/example_dynamic_task_mapping_with_no_taskflow_operators.py
[2026-01-21T10:08:13.625+0000] {processor.py:830} INFO - Processing file /home/airflow/.local/lib/python3.8/site-packages/airflow/example_dags/example_dynamic_task_mapping_with_no_taskflow_operators.py for tasks to queue
[2026-01-21T10:08:13.627+0000] {logging_mixin.py:188} INFO - [2026-01-21T10:08:13.627+0000] {dagbag.py:538} INFO - Filling up the DagBag from /home/airflow/.local/lib/python3.8/site-packages/airflow/example_dags/example_dynamic_task_mapping_with_no_taskflow_operators.py
[2026-01-21T10:08:13.637+0000] {processor.py:840} INFO - DAG(s) 'example_dynamic_task_mapping_with_no_taskflow_operators' retrieved from /home/airflow/.local/lib/python3.8/site-packages/airflow/example_dags/example_dynamic_task_mapping_with_no_taskflow_operators.py
[2026-01-21T10:08:13.674+0000] {logging_mixin.py:188} INFO - [2026-01-21T10:08:13.674+0000] {dag.py:3036} INFO - Sync 1 DAGs
[2026-01-21T10:08:13.725+0000] {logging_mixin.py:188} INFO - [2026-01-21T10:08:13.725+0000] {dag.py:3823} INFO - Setting next_dagrun for example_dynamic_task_mapping_with_no_taskflow_operators to 2026-01-20 00:00:00+00:00, run_after=2026-01-21 00:00:00+00:00
[2026-01-21T10:08:13.762+0000] {processor.py:183} INFO - Processing /home/airflow/.local/lib/python3.8/site-packages/airflow/example_dags/example_dynamic_task_mapping_with_no_taskflow_operators.py took 0.145 seconds
[2026-01-21T10:08:44.157+0000] {processor.py:161} INFO - Started process (PID=6268) to work on /home/airflow/.local/lib/python3.8/site-packages/airflow/example_dags/example_dynamic_task_mapping_with_no_taskflow_operators.py
[2026-01-21T10:08:44.165+0000] {processor.py:830} INFO - Processing file /home/airflow/.local/lib/python3.8/site-packages/airflow/example_dags/example_dynamic_task_mapping_with_no_taskflow_operators.py for tasks to queue
[2026-01-21T10:08:44.167+0000] {logging_mixin.py:188} INFO - [2026-01-21T10:08:44.167+0000] {dagbag.py:538} INFO - Filling up the DagBag from /home/airflow/.local/lib/python3.8/site-packages/airflow/example_dags/example_dynamic_task_mapping_with_no_taskflow_operators.py
[2026-01-21T10:08:44.194+0000] {processor.py:840} INFO - DAG(s) 'example_dynamic_task_mapping_with_no_taskflow_operators' retrieved from /home/airflow/.local/lib/python3.8/site-packages/airflow/example_dags/example_dynamic_task_mapping_with_no_taskflow_operators.py
[2026-01-21T10:08:44.257+0000] {logging_mixin.py:188} INFO - [2026-01-21T10:08:44.257+0000] {dag.py:3036} INFO - Sync 1 DAGs
[2026-01-21T10:08:44.338+0000] {logging_mixin.py:188} INFO - [2026-01-21T10:08:44.338+0000] {dag.py:3823} INFO - Setting next_dagrun for example_dynamic_task_mapping_with_no_taskflow_operators to 2026-01-20 00:00:00+00:00, run_after=2026-01-21 00:00:00+00:00
[2026-01-21T10:08:44.400+0000] {processor.py:183} INFO - Processing /home/airflow/.local/lib/python3.8/site-packages/airflow/example_dags/example_dynamic_task_mapping_with_no_taskflow_operators.py took 0.258 seconds
[2026-01-21T10:09:14.519+0000] {processor.py:161} INFO - Started process (PID=6334) to work on /home/airflow/.local/lib/python3.8/site-packages/airflow/example_dags/example_dynamic_task_mapping_with_no_taskflow_operators.py
[2026-01-21T10:09:14.521+0000] {processor.py:830} INFO - Processing file /home/airflow/.local/lib/python3.8/site-packages/airflow/example_dags/example_dynamic_task_mapping_with_no_taskflow_operators.py for tasks to queue
[2026-01-21T10:09:14.524+0000] {logging_mixin.py:188} INFO - [2026-01-21T10:09:14.523+0000] {dagbag.py:538} INFO - Filling up the DagBag from /home/airflow/.local/lib/python3.8/site-packages/airflow/example_dags/example_dynamic_task_mapping_with_no_taskflow_operators.py
[2026-01-21T10:09:14.550+0000] {processor.py:840} INFO - DAG(s) 'example_dynamic_task_mapping_with_no_taskflow_operators' retrieved from /home/airflow/.local/lib/python3.8/site-packages/airflow/example_dags/example_dynamic_task_mapping_with_no_taskflow_operators.py
[2026-01-21T10:09:14.588+0000] {logging_mixin.py:188} INFO - [2026-01-21T10:09:14.588+0000] {dag.py:3036} INFO - Sync 1 DAGs
[2026-01-21T10:09:14.633+0000] {logging_mixin.py:188} INFO - [2026-01-21T10:09:14.633+0000] {dag.py:3823} INFO - Setting next_dagrun for example_dynamic_task_mapping_with_no_taskflow_operators to 2026-01-20 00:00:00+00:00, run_after=2026-01-21 00:00:00+00:00
[2026-01-21T10:09:14.679+0000] {processor.py:183} INFO - Processing /home/airflow/.local/lib/python3.8/site-packages/airflow/example_dags/example_dynamic_task_mapping_with_no_taskflow_operators.py took 0.166 seconds
[2026-01-21T10:09:44.753+0000] {processor.py:161} INFO - Started process (PID=6400) to work on /home/airflow/.local/lib/python3.8/site-packages/airflow/example_dags/example_dynamic_task_mapping_with_no_taskflow_operators.py
[2026-01-21T10:09:44.755+0000] {processor.py:830} INFO - Processing file /home/airflow/.local/lib/python3.8/site-packages/airflow/example_dags/example_dynamic_task_mapping_with_no_taskflow_operators.py for tasks to queue
[2026-01-21T10:09:44.757+0000] {logging_mixin.py:188} INFO - [2026-01-21T10:09:44.757+0000] {dagbag.py:538} INFO - Filling up the DagBag from /home/airflow/.local/lib/python3.8/site-packages/airflow/example_dags/example_dynamic_task_mapping_with_no_taskflow_operators.py
[2026-01-21T10:09:44.768+0000] {processor.py:840} INFO - DAG(s) 'example_dynamic_task_mapping_with_no_taskflow_operators' retrieved from /home/airflow/.local/lib/python3.8/site-packages/airflow/example_dags/example_dynamic_task_mapping_with_no_taskflow_operators.py
[2026-01-21T10:09:44.804+0000] {logging_mixin.py:188} INFO - [2026-01-21T10:09:44.803+0000] {dag.py:3036} INFO - Sync 1 DAGs
[2026-01-21T10:09:44.846+0000] {logging_mixin.py:188} INFO - [2026-01-21T10:09:44.845+0000] {dag.py:3823} INFO - Setting next_dagrun for example_dynamic_task_mapping_with_no_taskflow_operators to 2026-01-20 00:00:00+00:00, run_after=2026-01-21 00:00:00+00:00
[2026-01-21T10:09:44.876+0000] {processor.py:183} INFO - Processing /home/airflow/.local/lib/python3.8/site-packages/airflow/example_dags/example_dynamic_task_mapping_with_no_taskflow_operators.py took 0.129 seconds
[2026-01-21T10:10:15.328+0000] {processor.py:161} INFO - Started process (PID=6465) to work on /home/airflow/.local/lib/python3.8/site-packages/airflow/example_dags/example_dynamic_task_mapping_with_no_taskflow_operators.py
[2026-01-21T10:10:15.329+0000] {processor.py:830} INFO - Processing file /home/airflow/.local/lib/python3.8/site-packages/airflow/example_dags/example_dynamic_task_mapping_with_no_taskflow_operators.py for tasks to queue
[2026-01-21T10:10:15.332+0000] {logging_mixin.py:188} INFO - [2026-01-21T10:10:15.332+0000] {dagbag.py:538} INFO - Filling up the DagBag from /home/airflow/.local/lib/python3.8/site-packages/airflow/example_dags/example_dynamic_task_mapping_with_no_taskflow_operators.py
[2026-01-21T10:10:15.342+0000] {processor.py:840} INFO - DAG(s) 'example_dynamic_task_mapping_with_no_taskflow_operators' retrieved from /home/airflow/.local/lib/python3.8/site-packages/airflow/example_dags/example_dynamic_task_mapping_with_no_taskflow_operators.py
[2026-01-21T10:10:15.377+0000] {logging_mixin.py:188} INFO - [2026-01-21T10:10:15.377+0000] {dag.py:3036} INFO - Sync 1 DAGs
[2026-01-21T10:10:15.421+0000] {logging_mixin.py:188} INFO - [2026-01-21T10:10:15.421+0000] {dag.py:3823} INFO - Setting next_dagrun for example_dynamic_task_mapping_with_no_taskflow_operators to 2026-01-20 00:00:00+00:00, run_after=2026-01-21 00:00:00+00:00
[2026-01-21T10:10:15.467+0000] {processor.py:183} INFO - Processing /home/airflow/.local/lib/python3.8/site-packages/airflow/example_dags/example_dynamic_task_mapping_with_no_taskflow_operators.py took 0.145 seconds
[2026-01-21T10:10:45.622+0000] {processor.py:161} INFO - Started process (PID=6530) to work on /home/airflow/.local/lib/python3.8/site-packages/airflow/example_dags/example_dynamic_task_mapping_with_no_taskflow_operators.py
[2026-01-21T10:10:45.623+0000] {processor.py:830} INFO - Processing file /home/airflow/.local/lib/python3.8/site-packages/airflow/example_dags/example_dynamic_task_mapping_with_no_taskflow_operators.py for tasks to queue
[2026-01-21T10:10:45.626+0000] {logging_mixin.py:188} INFO - [2026-01-21T10:10:45.625+0000] {dagbag.py:538} INFO - Filling up the DagBag from /home/airflow/.local/lib/python3.8/site-packages/airflow/example_dags/example_dynamic_task_mapping_with_no_taskflow_operators.py
[2026-01-21T10:10:45.634+0000] {processor.py:840} INFO - DAG(s) 'example_dynamic_task_mapping_with_no_taskflow_operators' retrieved from /home/airflow/.local/lib/python3.8/site-packages/airflow/example_dags/example_dynamic_task_mapping_with_no_taskflow_operators.py
[2026-01-21T10:10:45.663+0000] {logging_mixin.py:188} INFO - [2026-01-21T10:10:45.663+0000] {dag.py:3036} INFO - Sync 1 DAGs
[2026-01-21T10:10:45.697+0000] {logging_mixin.py:188} INFO - [2026-01-21T10:10:45.697+0000] {dag.py:3823} INFO - Setting next_dagrun for example_dynamic_task_mapping_with_no_taskflow_operators to 2026-01-20 00:00:00+00:00, run_after=2026-01-21 00:00:00+00:00
[2026-01-21T10:10:45.722+0000] {processor.py:183} INFO - Processing /home/airflow/.local/lib/python3.8/site-packages/airflow/example_dags/example_dynamic_task_mapping_with_no_taskflow_operators.py took 0.105 seconds
[2026-01-21T10:11:15.945+0000] {processor.py:161} INFO - Started process (PID=6596) to work on /home/airflow/.local/lib/python3.8/site-packages/airflow/example_dags/example_dynamic_task_mapping_with_no_taskflow_operators.py
[2026-01-21T10:11:15.946+0000] {processor.py:830} INFO - Processing file /home/airflow/.local/lib/python3.8/site-packages/airflow/example_dags/example_dynamic_task_mapping_with_no_taskflow_operators.py for tasks to queue
[2026-01-21T10:11:15.949+0000] {logging_mixin.py:188} INFO - [2026-01-21T10:11:15.949+0000] {dagbag.py:538} INFO - Filling up the DagBag from /home/airflow/.local/lib/python3.8/site-packages/airflow/example_dags/example_dynamic_task_mapping_with_no_taskflow_operators.py
[2026-01-21T10:11:15.958+0000] {processor.py:840} INFO - DAG(s) 'example_dynamic_task_mapping_with_no_taskflow_operators' retrieved from /home/airflow/.local/lib/python3.8/site-packages/airflow/example_dags/example_dynamic_task_mapping_with_no_taskflow_operators.py
[2026-01-21T10:11:15.987+0000] {logging_mixin.py:188} INFO - [2026-01-21T10:11:15.987+0000] {dag.py:3036} INFO - Sync 1 DAGs
[2026-01-21T10:11:16.026+0000] {logging_mixin.py:188} INFO - [2026-01-21T10:11:16.025+0000] {dag.py:3823} INFO - Setting next_dagrun for example_dynamic_task_mapping_with_no_taskflow_operators to 2026-01-20 00:00:00+00:00, run_after=2026-01-21 00:00:00+00:00
[2026-01-21T10:11:16.058+0000] {processor.py:183} INFO - Processing /home/airflow/.local/lib/python3.8/site-packages/airflow/example_dags/example_dynamic_task_mapping_with_no_taskflow_operators.py took 0.118 seconds
[2026-01-21T10:11:46.190+0000] {processor.py:161} INFO - Started process (PID=6661) to work on /home/airflow/.local/lib/python3.8/site-packages/airflow/example_dags/example_dynamic_task_mapping_with_no_taskflow_operators.py
[2026-01-21T10:11:46.200+0000] {processor.py:830} INFO - Processing file /home/airflow/.local/lib/python3.8/site-packages/airflow/example_dags/example_dynamic_task_mapping_with_no_taskflow_operators.py for tasks to queue
[2026-01-21T10:11:46.202+0000] {logging_mixin.py:188} INFO - [2026-01-21T10:11:46.202+0000] {dagbag.py:538} INFO - Filling up the DagBag from /home/airflow/.local/lib/python3.8/site-packages/airflow/example_dags/example_dynamic_task_mapping_with_no_taskflow_operators.py
[2026-01-21T10:11:46.211+0000] {processor.py:840} INFO - DAG(s) 'example_dynamic_task_mapping_with_no_taskflow_operators' retrieved from /home/airflow/.local/lib/python3.8/site-packages/airflow/example_dags/example_dynamic_task_mapping_with_no_taskflow_operators.py
[2026-01-21T10:11:46.243+0000] {logging_mixin.py:188} INFO - [2026-01-21T10:11:46.243+0000] {dag.py:3036} INFO - Sync 1 DAGs
[2026-01-21T10:11:46.286+0000] {logging_mixin.py:188} INFO - [2026-01-21T10:11:46.286+0000] {dag.py:3823} INFO - Setting next_dagrun for example_dynamic_task_mapping_with_no_taskflow_operators to 2026-01-20 00:00:00+00:00, run_after=2026-01-21 00:00:00+00:00
[2026-01-21T10:11:46.330+0000] {processor.py:183} INFO - Processing /home/airflow/.local/lib/python3.8/site-packages/airflow/example_dags/example_dynamic_task_mapping_with_no_taskflow_operators.py took 0.145 seconds
[2026-01-21T10:12:16.510+0000] {processor.py:161} INFO - Started process (PID=6726) to work on /home/airflow/.local/lib/python3.8/site-packages/airflow/example_dags/example_dynamic_task_mapping_with_no_taskflow_operators.py
[2026-01-21T10:12:16.512+0000] {processor.py:830} INFO - Processing file /home/airflow/.local/lib/python3.8/site-packages/airflow/example_dags/example_dynamic_task_mapping_with_no_taskflow_operators.py for tasks to queue
[2026-01-21T10:12:16.515+0000] {logging_mixin.py:188} INFO - [2026-01-21T10:12:16.514+0000] {dagbag.py:538} INFO - Filling up the DagBag from /home/airflow/.local/lib/python3.8/site-packages/airflow/example_dags/example_dynamic_task_mapping_with_no_taskflow_operators.py
[2026-01-21T10:12:16.525+0000] {processor.py:840} INFO - DAG(s) 'example_dynamic_task_mapping_with_no_taskflow_operators' retrieved from /home/airflow/.local/lib/python3.8/site-packages/airflow/example_dags/example_dynamic_task_mapping_with_no_taskflow_operators.py
[2026-01-21T10:12:16.583+0000] {logging_mixin.py:188} INFO - [2026-01-21T10:12:16.583+0000] {dag.py:3036} INFO - Sync 1 DAGs
[2026-01-21T10:12:16.634+0000] {logging_mixin.py:188} INFO - [2026-01-21T10:12:16.633+0000] {dag.py:3823} INFO - Setting next_dagrun for example_dynamic_task_mapping_with_no_taskflow_operators to 2026-01-20 00:00:00+00:00, run_after=2026-01-21 00:00:00+00:00
[2026-01-21T10:12:16.662+0000] {processor.py:183} INFO - Processing /home/airflow/.local/lib/python3.8/site-packages/airflow/example_dags/example_dynamic_task_mapping_with_no_taskflow_operators.py took 0.158 seconds
[2026-01-21T10:12:47.112+0000] {processor.py:161} INFO - Started process (PID=6799) to work on /home/airflow/.local/lib/python3.8/site-packages/airflow/example_dags/example_dynamic_task_mapping_with_no_taskflow_operators.py
[2026-01-21T10:12:47.114+0000] {processor.py:830} INFO - Processing file /home/airflow/.local/lib/python3.8/site-packages/airflow/example_dags/example_dynamic_task_mapping_with_no_taskflow_operators.py for tasks to queue
[2026-01-21T10:12:47.116+0000] {logging_mixin.py:188} INFO - [2026-01-21T10:12:47.116+0000] {dagbag.py:538} INFO - Filling up the DagBag from /home/airflow/.local/lib/python3.8/site-packages/airflow/example_dags/example_dynamic_task_mapping_with_no_taskflow_operators.py
[2026-01-21T10:12:47.124+0000] {processor.py:840} INFO - DAG(s) 'example_dynamic_task_mapping_with_no_taskflow_operators' retrieved from /home/airflow/.local/lib/python3.8/site-packages/airflow/example_dags/example_dynamic_task_mapping_with_no_taskflow_operators.py
[2026-01-21T10:12:47.152+0000] {logging_mixin.py:188} INFO - [2026-01-21T10:12:47.152+0000] {dag.py:3036} INFO - Sync 1 DAGs
[2026-01-21T10:12:47.185+0000] {logging_mixin.py:188} INFO - [2026-01-21T10:12:47.185+0000] {dag.py:3823} INFO - Setting next_dagrun for example_dynamic_task_mapping_with_no_taskflow_operators to 2026-01-20 00:00:00+00:00, run_after=2026-01-21 00:00:00+00:00
[2026-01-21T10:12:47.208+0000] {processor.py:183} INFO - Processing /home/airflow/.local/lib/python3.8/site-packages/airflow/example_dags/example_dynamic_task_mapping_with_no_taskflow_operators.py took 0.100 seconds
[2026-01-21T10:13:17.420+0000] {processor.py:161} INFO - Started process (PID=6864) to work on /home/airflow/.local/lib/python3.8/site-packages/airflow/example_dags/example_dynamic_task_mapping_with_no_taskflow_operators.py
[2026-01-21T10:13:17.465+0000] {processor.py:830} INFO - Processing file /home/airflow/.local/lib/python3.8/site-packages/airflow/example_dags/example_dynamic_task_mapping_with_no_taskflow_operators.py for tasks to queue
[2026-01-21T10:13:17.468+0000] {logging_mixin.py:188} INFO - [2026-01-21T10:13:17.467+0000] {dagbag.py:538} INFO - Filling up the DagBag from /home/airflow/.local/lib/python3.8/site-packages/airflow/example_dags/example_dynamic_task_mapping_with_no_taskflow_operators.py
[2026-01-21T10:13:17.480+0000] {processor.py:840} INFO - DAG(s) 'example_dynamic_task_mapping_with_no_taskflow_operators' retrieved from /home/airflow/.local/lib/python3.8/site-packages/airflow/example_dags/example_dynamic_task_mapping_with_no_taskflow_operators.py
[2026-01-21T10:13:17.545+0000] {logging_mixin.py:188} INFO - [2026-01-21T10:13:17.544+0000] {dag.py:3036} INFO - Sync 1 DAGs
[2026-01-21T10:13:17.593+0000] {logging_mixin.py:188} INFO - [2026-01-21T10:13:17.592+0000] {dag.py:3823} INFO - Setting next_dagrun for example_dynamic_task_mapping_with_no_taskflow_operators to 2026-01-20 00:00:00+00:00, run_after=2026-01-21 00:00:00+00:00
[2026-01-21T10:13:17.625+0000] {processor.py:183} INFO - Processing /home/airflow/.local/lib/python3.8/site-packages/airflow/example_dags/example_dynamic_task_mapping_with_no_taskflow_operators.py took 0.215 seconds
[2026-01-21T10:13:47.842+0000] {processor.py:161} INFO - Started process (PID=6929) to work on /home/airflow/.local/lib/python3.8/site-packages/airflow/example_dags/example_dynamic_task_mapping_with_no_taskflow_operators.py
[2026-01-21T10:13:47.843+0000] {processor.py:830} INFO - Processing file /home/airflow/.local/lib/python3.8/site-packages/airflow/example_dags/example_dynamic_task_mapping_with_no_taskflow_operators.py for tasks to queue
[2026-01-21T10:13:47.845+0000] {logging_mixin.py:188} INFO - [2026-01-21T10:13:47.845+0000] {dagbag.py:538} INFO - Filling up the DagBag from /home/airflow/.local/lib/python3.8/site-packages/airflow/example_dags/example_dynamic_task_mapping_with_no_taskflow_operators.py
[2026-01-21T10:13:47.855+0000] {processor.py:840} INFO - DAG(s) 'example_dynamic_task_mapping_with_no_taskflow_operators' retrieved from /home/airflow/.local/lib/python3.8/site-packages/airflow/example_dags/example_dynamic_task_mapping_with_no_taskflow_operators.py
[2026-01-21T10:13:47.884+0000] {logging_mixin.py:188} INFO - [2026-01-21T10:13:47.883+0000] {dag.py:3036} INFO - Sync 1 DAGs
[2026-01-21T10:13:47.916+0000] {logging_mixin.py:188} INFO - [2026-01-21T10:13:47.916+0000] {dag.py:3823} INFO - Setting next_dagrun for example_dynamic_task_mapping_with_no_taskflow_operators to 2026-01-20 00:00:00+00:00, run_after=2026-01-21 00:00:00+00:00
[2026-01-21T10:13:47.941+0000] {processor.py:183} INFO - Processing /home/airflow/.local/lib/python3.8/site-packages/airflow/example_dags/example_dynamic_task_mapping_with_no_taskflow_operators.py took 0.104 seconds
[2026-01-21T10:14:18.496+0000] {processor.py:161} INFO - Started process (PID=6994) to work on /home/airflow/.local/lib/python3.8/site-packages/airflow/example_dags/example_dynamic_task_mapping_with_no_taskflow_operators.py
[2026-01-21T10:14:18.498+0000] {processor.py:830} INFO - Processing file /home/airflow/.local/lib/python3.8/site-packages/airflow/example_dags/example_dynamic_task_mapping_with_no_taskflow_operators.py for tasks to queue
[2026-01-21T10:14:18.500+0000] {logging_mixin.py:188} INFO - [2026-01-21T10:14:18.500+0000] {dagbag.py:538} INFO - Filling up the DagBag from /home/airflow/.local/lib/python3.8/site-packages/airflow/example_dags/example_dynamic_task_mapping_with_no_taskflow_operators.py
[2026-01-21T10:14:18.508+0000] {processor.py:840} INFO - DAG(s) 'example_dynamic_task_mapping_with_no_taskflow_operators' retrieved from /home/airflow/.local/lib/python3.8/site-packages/airflow/example_dags/example_dynamic_task_mapping_with_no_taskflow_operators.py
[2026-01-21T10:14:18.538+0000] {logging_mixin.py:188} INFO - [2026-01-21T10:14:18.537+0000] {dag.py:3036} INFO - Sync 1 DAGs
[2026-01-21T10:14:18.578+0000] {logging_mixin.py:188} INFO - [2026-01-21T10:14:18.577+0000] {dag.py:3823} INFO - Setting next_dagrun for example_dynamic_task_mapping_with_no_taskflow_operators to 2026-01-20 00:00:00+00:00, run_after=2026-01-21 00:00:00+00:00
[2026-01-21T10:14:18.612+0000] {processor.py:183} INFO - Processing /home/airflow/.local/lib/python3.8/site-packages/airflow/example_dags/example_dynamic_task_mapping_with_no_taskflow_operators.py took 0.120 seconds
[2026-01-21T10:14:49.456+0000] {processor.py:161} INFO - Started process (PID=7059) to work on /home/airflow/.local/lib/python3.8/site-packages/airflow/example_dags/example_dynamic_task_mapping_with_no_taskflow_operators.py
[2026-01-21T10:14:49.457+0000] {processor.py:830} INFO - Processing file /home/airflow/.local/lib/python3.8/site-packages/airflow/example_dags/example_dynamic_task_mapping_with_no_taskflow_operators.py for tasks to queue
[2026-01-21T10:14:49.460+0000] {logging_mixin.py:188} INFO - [2026-01-21T10:14:49.460+0000] {dagbag.py:538} INFO - Filling up the DagBag from /home/airflow/.local/lib/python3.8/site-packages/airflow/example_dags/example_dynamic_task_mapping_with_no_taskflow_operators.py
[2026-01-21T10:14:49.471+0000] {processor.py:840} INFO - DAG(s) 'example_dynamic_task_mapping_with_no_taskflow_operators' retrieved from /home/airflow/.local/lib/python3.8/site-packages/airflow/example_dags/example_dynamic_task_mapping_with_no_taskflow_operators.py
[2026-01-21T10:14:49.502+0000] {logging_mixin.py:188} INFO - [2026-01-21T10:14:49.502+0000] {dag.py:3036} INFO - Sync 1 DAGs
[2026-01-21T10:14:49.543+0000] {logging_mixin.py:188} INFO - [2026-01-21T10:14:49.543+0000] {dag.py:3823} INFO - Setting next_dagrun for example_dynamic_task_mapping_with_no_taskflow_operators to 2026-01-20 00:00:00+00:00, run_after=2026-01-21 00:00:00+00:00
[2026-01-21T10:14:49.578+0000] {processor.py:183} INFO - Processing /home/airflow/.local/lib/python3.8/site-packages/airflow/example_dags/example_dynamic_task_mapping_with_no_taskflow_operators.py took 0.128 seconds
[2026-01-21T10:15:19.853+0000] {processor.py:161} INFO - Started process (PID=7125) to work on /home/airflow/.local/lib/python3.8/site-packages/airflow/example_dags/example_dynamic_task_mapping_with_no_taskflow_operators.py
[2026-01-21T10:15:19.854+0000] {processor.py:830} INFO - Processing file /home/airflow/.local/lib/python3.8/site-packages/airflow/example_dags/example_dynamic_task_mapping_with_no_taskflow_operators.py for tasks to queue
[2026-01-21T10:15:19.857+0000] {logging_mixin.py:188} INFO - [2026-01-21T10:15:19.856+0000] {dagbag.py:538} INFO - Filling up the DagBag from /home/airflow/.local/lib/python3.8/site-packages/airflow/example_dags/example_dynamic_task_mapping_with_no_taskflow_operators.py
[2026-01-21T10:15:19.865+0000] {processor.py:840} INFO - DAG(s) 'example_dynamic_task_mapping_with_no_taskflow_operators' retrieved from /home/airflow/.local/lib/python3.8/site-packages/airflow/example_dags/example_dynamic_task_mapping_with_no_taskflow_operators.py
[2026-01-21T10:15:19.895+0000] {logging_mixin.py:188} INFO - [2026-01-21T10:15:19.894+0000] {dag.py:3036} INFO - Sync 1 DAGs
[2026-01-21T10:15:19.930+0000] {logging_mixin.py:188} INFO - [2026-01-21T10:15:19.930+0000] {dag.py:3823} INFO - Setting next_dagrun for example_dynamic_task_mapping_with_no_taskflow_operators to 2026-01-20 00:00:00+00:00, run_after=2026-01-21 00:00:00+00:00
[2026-01-21T10:15:19.955+0000] {processor.py:183} INFO - Processing /home/airflow/.local/lib/python3.8/site-packages/airflow/example_dags/example_dynamic_task_mapping_with_no_taskflow_operators.py took 0.107 seconds
[2026-01-21T10:15:50.093+0000] {processor.py:161} INFO - Started process (PID=7199) to work on /home/airflow/.local/lib/python3.8/site-packages/airflow/example_dags/example_dynamic_task_mapping_with_no_taskflow_operators.py
[2026-01-21T10:15:50.094+0000] {processor.py:830} INFO - Processing file /home/airflow/.local/lib/python3.8/site-packages/airflow/example_dags/example_dynamic_task_mapping_with_no_taskflow_operators.py for tasks to queue
[2026-01-21T10:15:50.096+0000] {logging_mixin.py:188} INFO - [2026-01-21T10:15:50.095+0000] {dagbag.py:538} INFO - Filling up the DagBag from /home/airflow/.local/lib/python3.8/site-packages/airflow/example_dags/example_dynamic_task_mapping_with_no_taskflow_operators.py
[2026-01-21T10:15:50.105+0000] {processor.py:840} INFO - DAG(s) 'example_dynamic_task_mapping_with_no_taskflow_operators' retrieved from /home/airflow/.local/lib/python3.8/site-packages/airflow/example_dags/example_dynamic_task_mapping_with_no_taskflow_operators.py
[2026-01-21T10:15:50.132+0000] {logging_mixin.py:188} INFO - [2026-01-21T10:15:50.132+0000] {dag.py:3036} INFO - Sync 1 DAGs
[2026-01-21T10:15:50.165+0000] {logging_mixin.py:188} INFO - [2026-01-21T10:15:50.165+0000] {dag.py:3823} INFO - Setting next_dagrun for example_dynamic_task_mapping_with_no_taskflow_operators to 2026-01-20 00:00:00+00:00, run_after=2026-01-21 00:00:00+00:00
[2026-01-21T10:15:50.191+0000] {processor.py:183} INFO - Processing /home/airflow/.local/lib/python3.8/site-packages/airflow/example_dags/example_dynamic_task_mapping_with_no_taskflow_operators.py took 0.103 seconds
[2026-01-21T10:16:20.498+0000] {processor.py:161} INFO - Started process (PID=7265) to work on /home/airflow/.local/lib/python3.8/site-packages/airflow/example_dags/example_dynamic_task_mapping_with_no_taskflow_operators.py
[2026-01-21T10:16:20.500+0000] {processor.py:830} INFO - Processing file /home/airflow/.local/lib/python3.8/site-packages/airflow/example_dags/example_dynamic_task_mapping_with_no_taskflow_operators.py for tasks to queue
[2026-01-21T10:16:20.503+0000] {logging_mixin.py:188} INFO - [2026-01-21T10:16:20.502+0000] {dagbag.py:538} INFO - Filling up the DagBag from /home/airflow/.local/lib/python3.8/site-packages/airflow/example_dags/example_dynamic_task_mapping_with_no_taskflow_operators.py
[2026-01-21T10:16:20.513+0000] {processor.py:840} INFO - DAG(s) 'example_dynamic_task_mapping_with_no_taskflow_operators' retrieved from /home/airflow/.local/lib/python3.8/site-packages/airflow/example_dags/example_dynamic_task_mapping_with_no_taskflow_operators.py
[2026-01-21T10:16:20.541+0000] {logging_mixin.py:188} INFO - [2026-01-21T10:16:20.541+0000] {dag.py:3036} INFO - Sync 1 DAGs
[2026-01-21T10:16:20.575+0000] {logging_mixin.py:188} INFO - [2026-01-21T10:16:20.575+0000] {dag.py:3823} INFO - Setting next_dagrun for example_dynamic_task_mapping_with_no_taskflow_operators to 2026-01-20 00:00:00+00:00, run_after=2026-01-21 00:00:00+00:00
[2026-01-21T10:16:20.601+0000] {processor.py:183} INFO - Processing /home/airflow/.local/lib/python3.8/site-packages/airflow/example_dags/example_dynamic_task_mapping_with_no_taskflow_operators.py took 0.108 seconds
[2026-01-21T10:16:50.665+0000] {processor.py:161} INFO - Started process (PID=7330) to work on /home/airflow/.local/lib/python3.8/site-packages/airflow/example_dags/example_dynamic_task_mapping_with_no_taskflow_operators.py
[2026-01-21T10:16:50.666+0000] {processor.py:830} INFO - Processing file /home/airflow/.local/lib/python3.8/site-packages/airflow/example_dags/example_dynamic_task_mapping_with_no_taskflow_operators.py for tasks to queue
[2026-01-21T10:16:50.669+0000] {logging_mixin.py:188} INFO - [2026-01-21T10:16:50.668+0000] {dagbag.py:538} INFO - Filling up the DagBag from /home/airflow/.local/lib/python3.8/site-packages/airflow/example_dags/example_dynamic_task_mapping_with_no_taskflow_operators.py
[2026-01-21T10:16:50.677+0000] {processor.py:840} INFO - DAG(s) 'example_dynamic_task_mapping_with_no_taskflow_operators' retrieved from /home/airflow/.local/lib/python3.8/site-packages/airflow/example_dags/example_dynamic_task_mapping_with_no_taskflow_operators.py
[2026-01-21T10:16:50.707+0000] {logging_mixin.py:188} INFO - [2026-01-21T10:16:50.707+0000] {dag.py:3036} INFO - Sync 1 DAGs
[2026-01-21T10:16:50.739+0000] {logging_mixin.py:188} INFO - [2026-01-21T10:16:50.739+0000] {dag.py:3823} INFO - Setting next_dagrun for example_dynamic_task_mapping_with_no_taskflow_operators to 2026-01-20 00:00:00+00:00, run_after=2026-01-21 00:00:00+00:00
[2026-01-21T10:16:50.761+0000] {processor.py:183} INFO - Processing /home/airflow/.local/lib/python3.8/site-packages/airflow/example_dags/example_dynamic_task_mapping_with_no_taskflow_operators.py took 0.101 seconds
[2026-01-21T10:17:21.201+0000] {processor.py:161} INFO - Started process (PID=7394) to work on /home/airflow/.local/lib/python3.8/site-packages/airflow/example_dags/example_dynamic_task_mapping_with_no_taskflow_operators.py
[2026-01-21T10:17:21.203+0000] {processor.py:830} INFO - Processing file /home/airflow/.local/lib/python3.8/site-packages/airflow/example_dags/example_dynamic_task_mapping_with_no_taskflow_operators.py for tasks to queue
[2026-01-21T10:17:21.205+0000] {logging_mixin.py:188} INFO - [2026-01-21T10:17:21.205+0000] {dagbag.py:538} INFO - Filling up the DagBag from /home/airflow/.local/lib/python3.8/site-packages/airflow/example_dags/example_dynamic_task_mapping_with_no_taskflow_operators.py
[2026-01-21T10:17:21.215+0000] {processor.py:840} INFO - DAG(s) 'example_dynamic_task_mapping_with_no_taskflow_operators' retrieved from /home/airflow/.local/lib/python3.8/site-packages/airflow/example_dags/example_dynamic_task_mapping_with_no_taskflow_operators.py
[2026-01-21T10:17:21.248+0000] {logging_mixin.py:188} INFO - [2026-01-21T10:17:21.248+0000] {dag.py:3036} INFO - Sync 1 DAGs
[2026-01-21T10:17:21.288+0000] {logging_mixin.py:188} INFO - [2026-01-21T10:17:21.287+0000] {dag.py:3823} INFO - Setting next_dagrun for example_dynamic_task_mapping_with_no_taskflow_operators to 2026-01-20 00:00:00+00:00, run_after=2026-01-21 00:00:00+00:00
[2026-01-21T10:17:21.316+0000] {processor.py:183} INFO - Processing /home/airflow/.local/lib/python3.8/site-packages/airflow/example_dags/example_dynamic_task_mapping_with_no_taskflow_operators.py took 0.119 seconds
[2026-01-21T10:17:51.584+0000] {processor.py:161} INFO - Started process (PID=7458) to work on /home/airflow/.local/lib/python3.8/site-packages/airflow/example_dags/example_dynamic_task_mapping_with_no_taskflow_operators.py
[2026-01-21T10:17:51.586+0000] {processor.py:830} INFO - Processing file /home/airflow/.local/lib/python3.8/site-packages/airflow/example_dags/example_dynamic_task_mapping_with_no_taskflow_operators.py for tasks to queue
[2026-01-21T10:17:51.588+0000] {logging_mixin.py:188} INFO - [2026-01-21T10:17:51.588+0000] {dagbag.py:538} INFO - Filling up the DagBag from /home/airflow/.local/lib/python3.8/site-packages/airflow/example_dags/example_dynamic_task_mapping_with_no_taskflow_operators.py
[2026-01-21T10:17:51.596+0000] {processor.py:840} INFO - DAG(s) 'example_dynamic_task_mapping_with_no_taskflow_operators' retrieved from /home/airflow/.local/lib/python3.8/site-packages/airflow/example_dags/example_dynamic_task_mapping_with_no_taskflow_operators.py
[2026-01-21T10:17:51.625+0000] {logging_mixin.py:188} INFO - [2026-01-21T10:17:51.625+0000] {dag.py:3036} INFO - Sync 1 DAGs
[2026-01-21T10:17:51.656+0000] {logging_mixin.py:188} INFO - [2026-01-21T10:17:51.656+0000] {dag.py:3823} INFO - Setting next_dagrun for example_dynamic_task_mapping_with_no_taskflow_operators to 2026-01-20 00:00:00+00:00, run_after=2026-01-21 00:00:00+00:00
[2026-01-21T10:17:51.679+0000] {processor.py:183} INFO - Processing /home/airflow/.local/lib/python3.8/site-packages/airflow/example_dags/example_dynamic_task_mapping_with_no_taskflow_operators.py took 0.100 seconds
[2026-01-21T10:18:21.912+0000] {processor.py:161} INFO - Started process (PID=7524) to work on /home/airflow/.local/lib/python3.8/site-packages/airflow/example_dags/example_dynamic_task_mapping_with_no_taskflow_operators.py
[2026-01-21T10:18:21.913+0000] {processor.py:830} INFO - Processing file /home/airflow/.local/lib/python3.8/site-packages/airflow/example_dags/example_dynamic_task_mapping_with_no_taskflow_operators.py for tasks to queue
[2026-01-21T10:18:21.916+0000] {logging_mixin.py:188} INFO - [2026-01-21T10:18:21.915+0000] {dagbag.py:538} INFO - Filling up the DagBag from /home/airflow/.local/lib/python3.8/site-packages/airflow/example_dags/example_dynamic_task_mapping_with_no_taskflow_operators.py
[2026-01-21T10:18:21.924+0000] {processor.py:840} INFO - DAG(s) 'example_dynamic_task_mapping_with_no_taskflow_operators' retrieved from /home/airflow/.local/lib/python3.8/site-packages/airflow/example_dags/example_dynamic_task_mapping_with_no_taskflow_operators.py
[2026-01-21T10:18:21.951+0000] {logging_mixin.py:188} INFO - [2026-01-21T10:18:21.951+0000] {dag.py:3036} INFO - Sync 1 DAGs
[2026-01-21T10:18:21.983+0000] {logging_mixin.py:188} INFO - [2026-01-21T10:18:21.982+0000] {dag.py:3823} INFO - Setting next_dagrun for example_dynamic_task_mapping_with_no_taskflow_operators to 2026-01-20 00:00:00+00:00, run_after=2026-01-21 00:00:00+00:00
[2026-01-21T10:18:22.006+0000] {processor.py:183} INFO - Processing /home/airflow/.local/lib/python3.8/site-packages/airflow/example_dags/example_dynamic_task_mapping_with_no_taskflow_operators.py took 0.099 seconds
[2026-01-21T10:18:52.184+0000] {processor.py:161} INFO - Started process (PID=7589) to work on /home/airflow/.local/lib/python3.8/site-packages/airflow/example_dags/example_dynamic_task_mapping_with_no_taskflow_operators.py
[2026-01-21T10:18:52.185+0000] {processor.py:830} INFO - Processing file /home/airflow/.local/lib/python3.8/site-packages/airflow/example_dags/example_dynamic_task_mapping_with_no_taskflow_operators.py for tasks to queue
[2026-01-21T10:18:52.187+0000] {logging_mixin.py:188} INFO - [2026-01-21T10:18:52.187+0000] {dagbag.py:538} INFO - Filling up the DagBag from /home/airflow/.local/lib/python3.8/site-packages/airflow/example_dags/example_dynamic_task_mapping_with_no_taskflow_operators.py
[2026-01-21T10:18:52.195+0000] {processor.py:840} INFO - DAG(s) 'example_dynamic_task_mapping_with_no_taskflow_operators' retrieved from /home/airflow/.local/lib/python3.8/site-packages/airflow/example_dags/example_dynamic_task_mapping_with_no_taskflow_operators.py
[2026-01-21T10:18:52.229+0000] {logging_mixin.py:188} INFO - [2026-01-21T10:18:52.228+0000] {dag.py:3036} INFO - Sync 1 DAGs
[2026-01-21T10:18:52.267+0000] {logging_mixin.py:188} INFO - [2026-01-21T10:18:52.267+0000] {dag.py:3823} INFO - Setting next_dagrun for example_dynamic_task_mapping_with_no_taskflow_operators to 2026-01-20 00:00:00+00:00, run_after=2026-01-21 00:00:00+00:00
[2026-01-21T10:18:52.290+0000] {processor.py:183} INFO - Processing /home/airflow/.local/lib/python3.8/site-packages/airflow/example_dags/example_dynamic_task_mapping_with_no_taskflow_operators.py took 0.110 seconds
[2026-01-21T10:19:22.415+0000] {processor.py:161} INFO - Started process (PID=7654) to work on /home/airflow/.local/lib/python3.8/site-packages/airflow/example_dags/example_dynamic_task_mapping_with_no_taskflow_operators.py
[2026-01-21T10:19:22.417+0000] {processor.py:830} INFO - Processing file /home/airflow/.local/lib/python3.8/site-packages/airflow/example_dags/example_dynamic_task_mapping_with_no_taskflow_operators.py for tasks to queue
[2026-01-21T10:19:22.419+0000] {logging_mixin.py:188} INFO - [2026-01-21T10:19:22.419+0000] {dagbag.py:538} INFO - Filling up the DagBag from /home/airflow/.local/lib/python3.8/site-packages/airflow/example_dags/example_dynamic_task_mapping_with_no_taskflow_operators.py
[2026-01-21T10:19:22.427+0000] {processor.py:840} INFO - DAG(s) 'example_dynamic_task_mapping_with_no_taskflow_operators' retrieved from /home/airflow/.local/lib/python3.8/site-packages/airflow/example_dags/example_dynamic_task_mapping_with_no_taskflow_operators.py
[2026-01-21T10:19:22.456+0000] {logging_mixin.py:188} INFO - [2026-01-21T10:19:22.456+0000] {dag.py:3036} INFO - Sync 1 DAGs
[2026-01-21T10:19:22.487+0000] {logging_mixin.py:188} INFO - [2026-01-21T10:19:22.487+0000] {dag.py:3823} INFO - Setting next_dagrun for example_dynamic_task_mapping_with_no_taskflow_operators to 2026-01-20 00:00:00+00:00, run_after=2026-01-21 00:00:00+00:00
[2026-01-21T10:19:22.511+0000] {processor.py:183} INFO - Processing /home/airflow/.local/lib/python3.8/site-packages/airflow/example_dags/example_dynamic_task_mapping_with_no_taskflow_operators.py took 0.101 seconds
[2026-01-21T10:19:52.859+0000] {processor.py:161} INFO - Started process (PID=7726) to work on /home/airflow/.local/lib/python3.8/site-packages/airflow/example_dags/example_dynamic_task_mapping_with_no_taskflow_operators.py
[2026-01-21T10:19:52.861+0000] {processor.py:830} INFO - Processing file /home/airflow/.local/lib/python3.8/site-packages/airflow/example_dags/example_dynamic_task_mapping_with_no_taskflow_operators.py for tasks to queue
[2026-01-21T10:19:52.864+0000] {logging_mixin.py:188} INFO - [2026-01-21T10:19:52.863+0000] {dagbag.py:538} INFO - Filling up the DagBag from /home/airflow/.local/lib/python3.8/site-packages/airflow/example_dags/example_dynamic_task_mapping_with_no_taskflow_operators.py
[2026-01-21T10:19:52.874+0000] {processor.py:840} INFO - DAG(s) 'example_dynamic_task_mapping_with_no_taskflow_operators' retrieved from /home/airflow/.local/lib/python3.8/site-packages/airflow/example_dags/example_dynamic_task_mapping_with_no_taskflow_operators.py
[2026-01-21T10:19:52.908+0000] {logging_mixin.py:188} INFO - [2026-01-21T10:19:52.907+0000] {dag.py:3036} INFO - Sync 1 DAGs
[2026-01-21T10:19:52.954+0000] {logging_mixin.py:188} INFO - [2026-01-21T10:19:52.954+0000] {dag.py:3823} INFO - Setting next_dagrun for example_dynamic_task_mapping_with_no_taskflow_operators to 2026-01-20 00:00:00+00:00, run_after=2026-01-21 00:00:00+00:00
[2026-01-21T10:19:52.983+0000] {processor.py:183} INFO - Processing /home/airflow/.local/lib/python3.8/site-packages/airflow/example_dags/example_dynamic_task_mapping_with_no_taskflow_operators.py took 0.130 seconds
[2026-01-21T10:20:23.461+0000] {processor.py:161} INFO - Started process (PID=7791) to work on /home/airflow/.local/lib/python3.8/site-packages/airflow/example_dags/example_dynamic_task_mapping_with_no_taskflow_operators.py
[2026-01-21T10:20:23.463+0000] {processor.py:830} INFO - Processing file /home/airflow/.local/lib/python3.8/site-packages/airflow/example_dags/example_dynamic_task_mapping_with_no_taskflow_operators.py for tasks to queue
[2026-01-21T10:20:23.466+0000] {logging_mixin.py:188} INFO - [2026-01-21T10:20:23.466+0000] {dagbag.py:538} INFO - Filling up the DagBag from /home/airflow/.local/lib/python3.8/site-packages/airflow/example_dags/example_dynamic_task_mapping_with_no_taskflow_operators.py
[2026-01-21T10:20:23.477+0000] {processor.py:840} INFO - DAG(s) 'example_dynamic_task_mapping_with_no_taskflow_operators' retrieved from /home/airflow/.local/lib/python3.8/site-packages/airflow/example_dags/example_dynamic_task_mapping_with_no_taskflow_operators.py
[2026-01-21T10:20:23.528+0000] {logging_mixin.py:188} INFO - [2026-01-21T10:20:23.528+0000] {dag.py:3036} INFO - Sync 1 DAGs
[2026-01-21T10:20:23.583+0000] {logging_mixin.py:188} INFO - [2026-01-21T10:20:23.582+0000] {dag.py:3823} INFO - Setting next_dagrun for example_dynamic_task_mapping_with_no_taskflow_operators to 2026-01-20 00:00:00+00:00, run_after=2026-01-21 00:00:00+00:00
[2026-01-21T10:20:23.616+0000] {processor.py:183} INFO - Processing /home/airflow/.local/lib/python3.8/site-packages/airflow/example_dags/example_dynamic_task_mapping_with_no_taskflow_operators.py took 0.163 seconds
[2026-01-21T10:20:53.735+0000] {processor.py:161} INFO - Started process (PID=7857) to work on /home/airflow/.local/lib/python3.8/site-packages/airflow/example_dags/example_dynamic_task_mapping_with_no_taskflow_operators.py
[2026-01-21T10:20:53.736+0000] {processor.py:830} INFO - Processing file /home/airflow/.local/lib/python3.8/site-packages/airflow/example_dags/example_dynamic_task_mapping_with_no_taskflow_operators.py for tasks to queue
[2026-01-21T10:20:53.739+0000] {logging_mixin.py:188} INFO - [2026-01-21T10:20:53.738+0000] {dagbag.py:538} INFO - Filling up the DagBag from /home/airflow/.local/lib/python3.8/site-packages/airflow/example_dags/example_dynamic_task_mapping_with_no_taskflow_operators.py
[2026-01-21T10:20:53.747+0000] {processor.py:840} INFO - DAG(s) 'example_dynamic_task_mapping_with_no_taskflow_operators' retrieved from /home/airflow/.local/lib/python3.8/site-packages/airflow/example_dags/example_dynamic_task_mapping_with_no_taskflow_operators.py
[2026-01-21T10:20:53.776+0000] {logging_mixin.py:188} INFO - [2026-01-21T10:20:53.776+0000] {dag.py:3036} INFO - Sync 1 DAGs
[2026-01-21T10:20:53.816+0000] {logging_mixin.py:188} INFO - [2026-01-21T10:20:53.815+0000] {dag.py:3823} INFO - Setting next_dagrun for example_dynamic_task_mapping_with_no_taskflow_operators to 2026-01-20 00:00:00+00:00, run_after=2026-01-21 00:00:00+00:00
[2026-01-21T10:20:53.843+0000] {processor.py:183} INFO - Processing /home/airflow/.local/lib/python3.8/site-packages/airflow/example_dags/example_dynamic_task_mapping_with_no_taskflow_operators.py took 0.114 seconds
[2026-01-21T10:21:23.935+0000] {processor.py:161} INFO - Started process (PID=7924) to work on /home/airflow/.local/lib/python3.8/site-packages/airflow/example_dags/example_dynamic_task_mapping_with_no_taskflow_operators.py
[2026-01-21T10:21:23.938+0000] {processor.py:830} INFO - Processing file /home/airflow/.local/lib/python3.8/site-packages/airflow/example_dags/example_dynamic_task_mapping_with_no_taskflow_operators.py for tasks to queue
[2026-01-21T10:21:23.940+0000] {logging_mixin.py:188} INFO - [2026-01-21T10:21:23.940+0000] {dagbag.py:538} INFO - Filling up the DagBag from /home/airflow/.local/lib/python3.8/site-packages/airflow/example_dags/example_dynamic_task_mapping_with_no_taskflow_operators.py
[2026-01-21T10:21:23.951+0000] {processor.py:840} INFO - DAG(s) 'example_dynamic_task_mapping_with_no_taskflow_operators' retrieved from /home/airflow/.local/lib/python3.8/site-packages/airflow/example_dags/example_dynamic_task_mapping_with_no_taskflow_operators.py
[2026-01-21T10:21:23.981+0000] {logging_mixin.py:188} INFO - [2026-01-21T10:21:23.980+0000] {dag.py:3036} INFO - Sync 1 DAGs
[2026-01-21T10:21:24.012+0000] {logging_mixin.py:188} INFO - [2026-01-21T10:21:24.012+0000] {dag.py:3823} INFO - Setting next_dagrun for example_dynamic_task_mapping_with_no_taskflow_operators to 2026-01-20 00:00:00+00:00, run_after=2026-01-21 00:00:00+00:00
[2026-01-21T10:21:24.037+0000] {processor.py:183} INFO - Processing /home/airflow/.local/lib/python3.8/site-packages/airflow/example_dags/example_dynamic_task_mapping_with_no_taskflow_operators.py took 0.107 seconds
[2026-01-21T10:21:54.381+0000] {processor.py:161} INFO - Started process (PID=7990) to work on /home/airflow/.local/lib/python3.8/site-packages/airflow/example_dags/example_dynamic_task_mapping_with_no_taskflow_operators.py
[2026-01-21T10:21:54.382+0000] {processor.py:830} INFO - Processing file /home/airflow/.local/lib/python3.8/site-packages/airflow/example_dags/example_dynamic_task_mapping_with_no_taskflow_operators.py for tasks to queue
[2026-01-21T10:21:54.384+0000] {logging_mixin.py:188} INFO - [2026-01-21T10:21:54.384+0000] {dagbag.py:538} INFO - Filling up the DagBag from /home/airflow/.local/lib/python3.8/site-packages/airflow/example_dags/example_dynamic_task_mapping_with_no_taskflow_operators.py
[2026-01-21T10:21:54.393+0000] {processor.py:840} INFO - DAG(s) 'example_dynamic_task_mapping_with_no_taskflow_operators' retrieved from /home/airflow/.local/lib/python3.8/site-packages/airflow/example_dags/example_dynamic_task_mapping_with_no_taskflow_operators.py
[2026-01-21T10:21:54.421+0000] {logging_mixin.py:188} INFO - [2026-01-21T10:21:54.420+0000] {dag.py:3036} INFO - Sync 1 DAGs
[2026-01-21T10:21:54.454+0000] {logging_mixin.py:188} INFO - [2026-01-21T10:21:54.453+0000] {dag.py:3823} INFO - Setting next_dagrun for example_dynamic_task_mapping_with_no_taskflow_operators to 2026-01-20 00:00:00+00:00, run_after=2026-01-21 00:00:00+00:00
[2026-01-21T10:21:54.479+0000] {processor.py:183} INFO - Processing /home/airflow/.local/lib/python3.8/site-packages/airflow/example_dags/example_dynamic_task_mapping_with_no_taskflow_operators.py took 0.103 seconds
[2026-01-21T10:22:24.890+0000] {processor.py:161} INFO - Started process (PID=8055) to work on /home/airflow/.local/lib/python3.8/site-packages/airflow/example_dags/example_dynamic_task_mapping_with_no_taskflow_operators.py
[2026-01-21T10:22:24.892+0000] {processor.py:830} INFO - Processing file /home/airflow/.local/lib/python3.8/site-packages/airflow/example_dags/example_dynamic_task_mapping_with_no_taskflow_operators.py for tasks to queue
[2026-01-21T10:22:24.895+0000] {logging_mixin.py:188} INFO - [2026-01-21T10:22:24.894+0000] {dagbag.py:538} INFO - Filling up the DagBag from /home/airflow/.local/lib/python3.8/site-packages/airflow/example_dags/example_dynamic_task_mapping_with_no_taskflow_operators.py
[2026-01-21T10:22:24.905+0000] {processor.py:840} INFO - DAG(s) 'example_dynamic_task_mapping_with_no_taskflow_operators' retrieved from /home/airflow/.local/lib/python3.8/site-packages/airflow/example_dags/example_dynamic_task_mapping_with_no_taskflow_operators.py
[2026-01-21T10:22:24.935+0000] {logging_mixin.py:188} INFO - [2026-01-21T10:22:24.935+0000] {dag.py:3036} INFO - Sync 1 DAGs
[2026-01-21T10:22:24.969+0000] {logging_mixin.py:188} INFO - [2026-01-21T10:22:24.969+0000] {dag.py:3823} INFO - Setting next_dagrun for example_dynamic_task_mapping_with_no_taskflow_operators to 2026-01-20 00:00:00+00:00, run_after=2026-01-21 00:00:00+00:00
[2026-01-21T10:22:24.995+0000] {processor.py:183} INFO - Processing /home/airflow/.local/lib/python3.8/site-packages/airflow/example_dags/example_dynamic_task_mapping_with_no_taskflow_operators.py took 0.111 seconds
[2026-01-21T10:22:55.097+0000] {processor.py:161} INFO - Started process (PID=8120) to work on /home/airflow/.local/lib/python3.8/site-packages/airflow/example_dags/example_dynamic_task_mapping_with_no_taskflow_operators.py
[2026-01-21T10:22:55.099+0000] {processor.py:830} INFO - Processing file /home/airflow/.local/lib/python3.8/site-packages/airflow/example_dags/example_dynamic_task_mapping_with_no_taskflow_operators.py for tasks to queue
[2026-01-21T10:22:55.101+0000] {logging_mixin.py:188} INFO - [2026-01-21T10:22:55.101+0000] {dagbag.py:538} INFO - Filling up the DagBag from /home/airflow/.local/lib/python3.8/site-packages/airflow/example_dags/example_dynamic_task_mapping_with_no_taskflow_operators.py
[2026-01-21T10:22:55.110+0000] {processor.py:840} INFO - DAG(s) 'example_dynamic_task_mapping_with_no_taskflow_operators' retrieved from /home/airflow/.local/lib/python3.8/site-packages/airflow/example_dags/example_dynamic_task_mapping_with_no_taskflow_operators.py
[2026-01-21T10:22:55.138+0000] {logging_mixin.py:188} INFO - [2026-01-21T10:22:55.138+0000] {dag.py:3036} INFO - Sync 1 DAGs
[2026-01-21T10:22:55.177+0000] {logging_mixin.py:188} INFO - [2026-01-21T10:22:55.177+0000] {dag.py:3823} INFO - Setting next_dagrun for example_dynamic_task_mapping_with_no_taskflow_operators to 2026-01-20 00:00:00+00:00, run_after=2026-01-21 00:00:00+00:00
[2026-01-21T10:22:55.205+0000] {processor.py:183} INFO - Processing /home/airflow/.local/lib/python3.8/site-packages/airflow/example_dags/example_dynamic_task_mapping_with_no_taskflow_operators.py took 0.112 seconds
[2026-01-21T10:23:25.656+0000] {processor.py:161} INFO - Started process (PID=8193) to work on /home/airflow/.local/lib/python3.8/site-packages/airflow/example_dags/example_dynamic_task_mapping_with_no_taskflow_operators.py
[2026-01-21T10:23:25.658+0000] {processor.py:830} INFO - Processing file /home/airflow/.local/lib/python3.8/site-packages/airflow/example_dags/example_dynamic_task_mapping_with_no_taskflow_operators.py for tasks to queue
[2026-01-21T10:23:25.661+0000] {logging_mixin.py:188} INFO - [2026-01-21T10:23:25.661+0000] {dagbag.py:538} INFO - Filling up the DagBag from /home/airflow/.local/lib/python3.8/site-packages/airflow/example_dags/example_dynamic_task_mapping_with_no_taskflow_operators.py
[2026-01-21T10:23:25.672+0000] {processor.py:840} INFO - DAG(s) 'example_dynamic_task_mapping_with_no_taskflow_operators' retrieved from /home/airflow/.local/lib/python3.8/site-packages/airflow/example_dags/example_dynamic_task_mapping_with_no_taskflow_operators.py
[2026-01-21T10:23:25.707+0000] {logging_mixin.py:188} INFO - [2026-01-21T10:23:25.706+0000] {dag.py:3036} INFO - Sync 1 DAGs
[2026-01-21T10:23:25.751+0000] {logging_mixin.py:188} INFO - [2026-01-21T10:23:25.751+0000] {dag.py:3823} INFO - Setting next_dagrun for example_dynamic_task_mapping_with_no_taskflow_operators to 2026-01-20 00:00:00+00:00, run_after=2026-01-21 00:00:00+00:00
[2026-01-21T10:23:25.779+0000] {processor.py:183} INFO - Processing /home/airflow/.local/lib/python3.8/site-packages/airflow/example_dags/example_dynamic_task_mapping_with_no_taskflow_operators.py took 0.129 seconds
[2026-01-21T10:23:56.189+0000] {processor.py:161} INFO - Started process (PID=8258) to work on /home/airflow/.local/lib/python3.8/site-packages/airflow/example_dags/example_dynamic_task_mapping_with_no_taskflow_operators.py
[2026-01-21T10:23:56.191+0000] {processor.py:830} INFO - Processing file /home/airflow/.local/lib/python3.8/site-packages/airflow/example_dags/example_dynamic_task_mapping_with_no_taskflow_operators.py for tasks to queue
[2026-01-21T10:23:56.194+0000] {logging_mixin.py:188} INFO - [2026-01-21T10:23:56.193+0000] {dagbag.py:538} INFO - Filling up the DagBag from /home/airflow/.local/lib/python3.8/site-packages/airflow/example_dags/example_dynamic_task_mapping_with_no_taskflow_operators.py
[2026-01-21T10:23:56.205+0000] {processor.py:840} INFO - DAG(s) 'example_dynamic_task_mapping_with_no_taskflow_operators' retrieved from /home/airflow/.local/lib/python3.8/site-packages/airflow/example_dags/example_dynamic_task_mapping_with_no_taskflow_operators.py
[2026-01-21T10:23:56.247+0000] {logging_mixin.py:188} INFO - [2026-01-21T10:23:56.247+0000] {dag.py:3036} INFO - Sync 1 DAGs
[2026-01-21T10:23:56.290+0000] {logging_mixin.py:188} INFO - [2026-01-21T10:23:56.289+0000] {dag.py:3823} INFO - Setting next_dagrun for example_dynamic_task_mapping_with_no_taskflow_operators to 2026-01-20 00:00:00+00:00, run_after=2026-01-21 00:00:00+00:00
[2026-01-21T10:23:56.322+0000] {processor.py:183} INFO - Processing /home/airflow/.local/lib/python3.8/site-packages/airflow/example_dags/example_dynamic_task_mapping_with_no_taskflow_operators.py took 0.139 seconds
[2026-01-21T10:24:26.561+0000] {processor.py:161} INFO - Started process (PID=8323) to work on /home/airflow/.local/lib/python3.8/site-packages/airflow/example_dags/example_dynamic_task_mapping_with_no_taskflow_operators.py
[2026-01-21T10:24:26.563+0000] {processor.py:830} INFO - Processing file /home/airflow/.local/lib/python3.8/site-packages/airflow/example_dags/example_dynamic_task_mapping_with_no_taskflow_operators.py for tasks to queue
[2026-01-21T10:24:26.566+0000] {logging_mixin.py:188} INFO - [2026-01-21T10:24:26.566+0000] {dagbag.py:538} INFO - Filling up the DagBag from /home/airflow/.local/lib/python3.8/site-packages/airflow/example_dags/example_dynamic_task_mapping_with_no_taskflow_operators.py
[2026-01-21T10:24:26.576+0000] {processor.py:840} INFO - DAG(s) 'example_dynamic_task_mapping_with_no_taskflow_operators' retrieved from /home/airflow/.local/lib/python3.8/site-packages/airflow/example_dags/example_dynamic_task_mapping_with_no_taskflow_operators.py
[2026-01-21T10:24:26.609+0000] {logging_mixin.py:188} INFO - [2026-01-21T10:24:26.608+0000] {dag.py:3036} INFO - Sync 1 DAGs
[2026-01-21T10:24:26.645+0000] {logging_mixin.py:188} INFO - [2026-01-21T10:24:26.645+0000] {dag.py:3823} INFO - Setting next_dagrun for example_dynamic_task_mapping_with_no_taskflow_operators to 2026-01-20 00:00:00+00:00, run_after=2026-01-21 00:00:00+00:00
[2026-01-21T10:24:26.669+0000] {processor.py:183} INFO - Processing /home/airflow/.local/lib/python3.8/site-packages/airflow/example_dags/example_dynamic_task_mapping_with_no_taskflow_operators.py took 0.114 seconds
[2026-01-21T10:24:56.799+0000] {processor.py:161} INFO - Started process (PID=8389) to work on /home/airflow/.local/lib/python3.8/site-packages/airflow/example_dags/example_dynamic_task_mapping_with_no_taskflow_operators.py
[2026-01-21T10:24:56.800+0000] {processor.py:830} INFO - Processing file /home/airflow/.local/lib/python3.8/site-packages/airflow/example_dags/example_dynamic_task_mapping_with_no_taskflow_operators.py for tasks to queue
[2026-01-21T10:24:56.803+0000] {logging_mixin.py:188} INFO - [2026-01-21T10:24:56.802+0000] {dagbag.py:538} INFO - Filling up the DagBag from /home/airflow/.local/lib/python3.8/site-packages/airflow/example_dags/example_dynamic_task_mapping_with_no_taskflow_operators.py
[2026-01-21T10:24:56.813+0000] {processor.py:840} INFO - DAG(s) 'example_dynamic_task_mapping_with_no_taskflow_operators' retrieved from /home/airflow/.local/lib/python3.8/site-packages/airflow/example_dags/example_dynamic_task_mapping_with_no_taskflow_operators.py
[2026-01-21T10:24:56.847+0000] {logging_mixin.py:188} INFO - [2026-01-21T10:24:56.847+0000] {dag.py:3036} INFO - Sync 1 DAGs
[2026-01-21T10:24:56.891+0000] {logging_mixin.py:188} INFO - [2026-01-21T10:24:56.891+0000] {dag.py:3823} INFO - Setting next_dagrun for example_dynamic_task_mapping_with_no_taskflow_operators to 2026-01-20 00:00:00+00:00, run_after=2026-01-21 00:00:00+00:00
[2026-01-21T10:24:56.923+0000] {processor.py:183} INFO - Processing /home/airflow/.local/lib/python3.8/site-packages/airflow/example_dags/example_dynamic_task_mapping_with_no_taskflow_operators.py took 0.130 seconds
[2026-01-21T10:25:27.060+0000] {processor.py:161} INFO - Started process (PID=8454) to work on /home/airflow/.local/lib/python3.8/site-packages/airflow/example_dags/example_dynamic_task_mapping_with_no_taskflow_operators.py
[2026-01-21T10:25:27.062+0000] {processor.py:830} INFO - Processing file /home/airflow/.local/lib/python3.8/site-packages/airflow/example_dags/example_dynamic_task_mapping_with_no_taskflow_operators.py for tasks to queue
[2026-01-21T10:25:27.064+0000] {logging_mixin.py:188} INFO - [2026-01-21T10:25:27.063+0000] {dagbag.py:538} INFO - Filling up the DagBag from /home/airflow/.local/lib/python3.8/site-packages/airflow/example_dags/example_dynamic_task_mapping_with_no_taskflow_operators.py
[2026-01-21T10:25:27.079+0000] {processor.py:840} INFO - DAG(s) 'example_dynamic_task_mapping_with_no_taskflow_operators' retrieved from /home/airflow/.local/lib/python3.8/site-packages/airflow/example_dags/example_dynamic_task_mapping_with_no_taskflow_operators.py
[2026-01-21T10:25:27.106+0000] {logging_mixin.py:188} INFO - [2026-01-21T10:25:27.105+0000] {dag.py:3036} INFO - Sync 1 DAGs
[2026-01-21T10:25:27.137+0000] {logging_mixin.py:188} INFO - [2026-01-21T10:25:27.137+0000] {dag.py:3823} INFO - Setting next_dagrun for example_dynamic_task_mapping_with_no_taskflow_operators to 2026-01-20 00:00:00+00:00, run_after=2026-01-21 00:00:00+00:00
[2026-01-21T10:25:27.181+0000] {processor.py:183} INFO - Processing /home/airflow/.local/lib/python3.8/site-packages/airflow/example_dags/example_dynamic_task_mapping_with_no_taskflow_operators.py took 0.125 seconds
[2026-01-21T10:25:57.917+0000] {processor.py:161} INFO - Started process (PID=8518) to work on /home/airflow/.local/lib/python3.8/site-packages/airflow/example_dags/example_dynamic_task_mapping_with_no_taskflow_operators.py
[2026-01-21T10:25:57.918+0000] {processor.py:830} INFO - Processing file /home/airflow/.local/lib/python3.8/site-packages/airflow/example_dags/example_dynamic_task_mapping_with_no_taskflow_operators.py for tasks to queue
[2026-01-21T10:25:57.921+0000] {logging_mixin.py:188} INFO - [2026-01-21T10:25:57.921+0000] {dagbag.py:538} INFO - Filling up the DagBag from /home/airflow/.local/lib/python3.8/site-packages/airflow/example_dags/example_dynamic_task_mapping_with_no_taskflow_operators.py
[2026-01-21T10:25:57.933+0000] {processor.py:840} INFO - DAG(s) 'example_dynamic_task_mapping_with_no_taskflow_operators' retrieved from /home/airflow/.local/lib/python3.8/site-packages/airflow/example_dags/example_dynamic_task_mapping_with_no_taskflow_operators.py
[2026-01-21T10:25:57.973+0000] {logging_mixin.py:188} INFO - [2026-01-21T10:25:57.973+0000] {dag.py:3036} INFO - Sync 1 DAGs
[2026-01-21T10:25:58.015+0000] {logging_mixin.py:188} INFO - [2026-01-21T10:25:58.015+0000] {dag.py:3823} INFO - Setting next_dagrun for example_dynamic_task_mapping_with_no_taskflow_operators to 2026-01-20 00:00:00+00:00, run_after=2026-01-21 00:00:00+00:00
[2026-01-21T10:25:58.045+0000] {processor.py:183} INFO - Processing /home/airflow/.local/lib/python3.8/site-packages/airflow/example_dags/example_dynamic_task_mapping_with_no_taskflow_operators.py took 0.134 seconds
[2026-01-21T10:26:28.155+0000] {processor.py:161} INFO - Started process (PID=8582) to work on /home/airflow/.local/lib/python3.8/site-packages/airflow/example_dags/example_dynamic_task_mapping_with_no_taskflow_operators.py
[2026-01-21T10:26:28.157+0000] {processor.py:830} INFO - Processing file /home/airflow/.local/lib/python3.8/site-packages/airflow/example_dags/example_dynamic_task_mapping_with_no_taskflow_operators.py for tasks to queue
[2026-01-21T10:26:28.160+0000] {logging_mixin.py:188} INFO - [2026-01-21T10:26:28.160+0000] {dagbag.py:538} INFO - Filling up the DagBag from /home/airflow/.local/lib/python3.8/site-packages/airflow/example_dags/example_dynamic_task_mapping_with_no_taskflow_operators.py
[2026-01-21T10:26:28.171+0000] {processor.py:840} INFO - DAG(s) 'example_dynamic_task_mapping_with_no_taskflow_operators' retrieved from /home/airflow/.local/lib/python3.8/site-packages/airflow/example_dags/example_dynamic_task_mapping_with_no_taskflow_operators.py
[2026-01-21T10:26:28.207+0000] {logging_mixin.py:188} INFO - [2026-01-21T10:26:28.206+0000] {dag.py:3036} INFO - Sync 1 DAGs
[2026-01-21T10:26:28.245+0000] {logging_mixin.py:188} INFO - [2026-01-21T10:26:28.245+0000] {dag.py:3823} INFO - Setting next_dagrun for example_dynamic_task_mapping_with_no_taskflow_operators to 2026-01-20 00:00:00+00:00, run_after=2026-01-21 00:00:00+00:00
[2026-01-21T10:26:28.276+0000] {processor.py:183} INFO - Processing /home/airflow/.local/lib/python3.8/site-packages/airflow/example_dags/example_dynamic_task_mapping_with_no_taskflow_operators.py took 0.131 seconds
[2026-01-21T10:26:58.819+0000] {processor.py:161} INFO - Started process (PID=8656) to work on /home/airflow/.local/lib/python3.8/site-packages/airflow/example_dags/example_dynamic_task_mapping_with_no_taskflow_operators.py
[2026-01-21T10:26:58.821+0000] {processor.py:830} INFO - Processing file /home/airflow/.local/lib/python3.8/site-packages/airflow/example_dags/example_dynamic_task_mapping_with_no_taskflow_operators.py for tasks to queue
[2026-01-21T10:26:58.824+0000] {logging_mixin.py:188} INFO - [2026-01-21T10:26:58.823+0000] {dagbag.py:538} INFO - Filling up the DagBag from /home/airflow/.local/lib/python3.8/site-packages/airflow/example_dags/example_dynamic_task_mapping_with_no_taskflow_operators.py
[2026-01-21T10:26:58.835+0000] {processor.py:840} INFO - DAG(s) 'example_dynamic_task_mapping_with_no_taskflow_operators' retrieved from /home/airflow/.local/lib/python3.8/site-packages/airflow/example_dags/example_dynamic_task_mapping_with_no_taskflow_operators.py
[2026-01-21T10:26:58.871+0000] {logging_mixin.py:188} INFO - [2026-01-21T10:26:58.870+0000] {dag.py:3036} INFO - Sync 1 DAGs
[2026-01-21T10:26:58.915+0000] {logging_mixin.py:188} INFO - [2026-01-21T10:26:58.914+0000] {dag.py:3823} INFO - Setting next_dagrun for example_dynamic_task_mapping_with_no_taskflow_operators to 2026-01-20 00:00:00+00:00, run_after=2026-01-21 00:00:00+00:00
[2026-01-21T10:26:58.948+0000] {processor.py:183} INFO - Processing /home/airflow/.local/lib/python3.8/site-packages/airflow/example_dags/example_dynamic_task_mapping_with_no_taskflow_operators.py took 0.135 seconds
[2026-01-21T10:27:29.185+0000] {processor.py:161} INFO - Started process (PID=8721) to work on /home/airflow/.local/lib/python3.8/site-packages/airflow/example_dags/example_dynamic_task_mapping_with_no_taskflow_operators.py
[2026-01-21T10:27:29.187+0000] {processor.py:830} INFO - Processing file /home/airflow/.local/lib/python3.8/site-packages/airflow/example_dags/example_dynamic_task_mapping_with_no_taskflow_operators.py for tasks to queue
[2026-01-21T10:27:29.190+0000] {logging_mixin.py:188} INFO - [2026-01-21T10:27:29.189+0000] {dagbag.py:538} INFO - Filling up the DagBag from /home/airflow/.local/lib/python3.8/site-packages/airflow/example_dags/example_dynamic_task_mapping_with_no_taskflow_operators.py
[2026-01-21T10:27:29.198+0000] {processor.py:840} INFO - DAG(s) 'example_dynamic_task_mapping_with_no_taskflow_operators' retrieved from /home/airflow/.local/lib/python3.8/site-packages/airflow/example_dags/example_dynamic_task_mapping_with_no_taskflow_operators.py
[2026-01-21T10:27:29.229+0000] {logging_mixin.py:188} INFO - [2026-01-21T10:27:29.228+0000] {dag.py:3036} INFO - Sync 1 DAGs
[2026-01-21T10:27:29.262+0000] {logging_mixin.py:188} INFO - [2026-01-21T10:27:29.261+0000] {dag.py:3823} INFO - Setting next_dagrun for example_dynamic_task_mapping_with_no_taskflow_operators to 2026-01-20 00:00:00+00:00, run_after=2026-01-21 00:00:00+00:00
[2026-01-21T10:27:29.285+0000] {processor.py:183} INFO - Processing /home/airflow/.local/lib/python3.8/site-packages/airflow/example_dags/example_dynamic_task_mapping_with_no_taskflow_operators.py took 0.105 seconds
[2026-01-21T10:27:59.869+0000] {processor.py:161} INFO - Started process (PID=8784) to work on /home/airflow/.local/lib/python3.8/site-packages/airflow/example_dags/example_dynamic_task_mapping_with_no_taskflow_operators.py
[2026-01-21T10:27:59.870+0000] {processor.py:830} INFO - Processing file /home/airflow/.local/lib/python3.8/site-packages/airflow/example_dags/example_dynamic_task_mapping_with_no_taskflow_operators.py for tasks to queue
[2026-01-21T10:27:59.872+0000] {logging_mixin.py:188} INFO - [2026-01-21T10:27:59.872+0000] {dagbag.py:538} INFO - Filling up the DagBag from /home/airflow/.local/lib/python3.8/site-packages/airflow/example_dags/example_dynamic_task_mapping_with_no_taskflow_operators.py
[2026-01-21T10:27:59.880+0000] {processor.py:840} INFO - DAG(s) 'example_dynamic_task_mapping_with_no_taskflow_operators' retrieved from /home/airflow/.local/lib/python3.8/site-packages/airflow/example_dags/example_dynamic_task_mapping_with_no_taskflow_operators.py
[2026-01-21T10:27:59.907+0000] {logging_mixin.py:188} INFO - [2026-01-21T10:27:59.907+0000] {dag.py:3036} INFO - Sync 1 DAGs
[2026-01-21T10:27:59.939+0000] {logging_mixin.py:188} INFO - [2026-01-21T10:27:59.939+0000] {dag.py:3823} INFO - Setting next_dagrun for example_dynamic_task_mapping_with_no_taskflow_operators to 2026-01-20 00:00:00+00:00, run_after=2026-01-21 00:00:00+00:00
[2026-01-21T10:27:59.962+0000] {processor.py:183} INFO - Processing /home/airflow/.local/lib/python3.8/site-packages/airflow/example_dags/example_dynamic_task_mapping_with_no_taskflow_operators.py took 0.098 seconds
[2026-01-21T10:28:30.140+0000] {processor.py:161} INFO - Started process (PID=8847) to work on /home/airflow/.local/lib/python3.8/site-packages/airflow/example_dags/example_dynamic_task_mapping_with_no_taskflow_operators.py
[2026-01-21T10:28:30.142+0000] {processor.py:830} INFO - Processing file /home/airflow/.local/lib/python3.8/site-packages/airflow/example_dags/example_dynamic_task_mapping_with_no_taskflow_operators.py for tasks to queue
[2026-01-21T10:28:30.144+0000] {logging_mixin.py:188} INFO - [2026-01-21T10:28:30.144+0000] {dagbag.py:538} INFO - Filling up the DagBag from /home/airflow/.local/lib/python3.8/site-packages/airflow/example_dags/example_dynamic_task_mapping_with_no_taskflow_operators.py
[2026-01-21T10:28:30.153+0000] {processor.py:840} INFO - DAG(s) 'example_dynamic_task_mapping_with_no_taskflow_operators' retrieved from /home/airflow/.local/lib/python3.8/site-packages/airflow/example_dags/example_dynamic_task_mapping_with_no_taskflow_operators.py
[2026-01-21T10:28:30.182+0000] {logging_mixin.py:188} INFO - [2026-01-21T10:28:30.181+0000] {dag.py:3036} INFO - Sync 1 DAGs
[2026-01-21T10:28:30.220+0000] {logging_mixin.py:188} INFO - [2026-01-21T10:28:30.219+0000] {dag.py:3823} INFO - Setting next_dagrun for example_dynamic_task_mapping_with_no_taskflow_operators to 2026-01-20 00:00:00+00:00, run_after=2026-01-21 00:00:00+00:00
[2026-01-21T10:28:30.256+0000] {processor.py:183} INFO - Processing /home/airflow/.local/lib/python3.8/site-packages/airflow/example_dags/example_dynamic_task_mapping_with_no_taskflow_operators.py took 0.121 seconds
[2026-01-21T10:29:00.562+0000] {processor.py:161} INFO - Started process (PID=8912) to work on /home/airflow/.local/lib/python3.8/site-packages/airflow/example_dags/example_dynamic_task_mapping_with_no_taskflow_operators.py
[2026-01-21T10:29:00.563+0000] {processor.py:830} INFO - Processing file /home/airflow/.local/lib/python3.8/site-packages/airflow/example_dags/example_dynamic_task_mapping_with_no_taskflow_operators.py for tasks to queue
[2026-01-21T10:29:00.565+0000] {logging_mixin.py:188} INFO - [2026-01-21T10:29:00.565+0000] {dagbag.py:538} INFO - Filling up the DagBag from /home/airflow/.local/lib/python3.8/site-packages/airflow/example_dags/example_dynamic_task_mapping_with_no_taskflow_operators.py
[2026-01-21T10:29:00.574+0000] {processor.py:840} INFO - DAG(s) 'example_dynamic_task_mapping_with_no_taskflow_operators' retrieved from /home/airflow/.local/lib/python3.8/site-packages/airflow/example_dags/example_dynamic_task_mapping_with_no_taskflow_operators.py
[2026-01-21T10:29:00.603+0000] {logging_mixin.py:188} INFO - [2026-01-21T10:29:00.602+0000] {dag.py:3036} INFO - Sync 1 DAGs
[2026-01-21T10:29:00.635+0000] {logging_mixin.py:188} INFO - [2026-01-21T10:29:00.635+0000] {dag.py:3823} INFO - Setting next_dagrun for example_dynamic_task_mapping_with_no_taskflow_operators to 2026-01-20 00:00:00+00:00, run_after=2026-01-21 00:00:00+00:00
[2026-01-21T10:29:00.660+0000] {processor.py:183} INFO - Processing /home/airflow/.local/lib/python3.8/site-packages/airflow/example_dags/example_dynamic_task_mapping_with_no_taskflow_operators.py took 0.103 seconds
[2026-01-21T10:29:30.995+0000] {processor.py:161} INFO - Started process (PID=8977) to work on /home/airflow/.local/lib/python3.8/site-packages/airflow/example_dags/example_dynamic_task_mapping_with_no_taskflow_operators.py
[2026-01-21T10:29:30.996+0000] {processor.py:830} INFO - Processing file /home/airflow/.local/lib/python3.8/site-packages/airflow/example_dags/example_dynamic_task_mapping_with_no_taskflow_operators.py for tasks to queue
[2026-01-21T10:29:30.998+0000] {logging_mixin.py:188} INFO - [2026-01-21T10:29:30.998+0000] {dagbag.py:538} INFO - Filling up the DagBag from /home/airflow/.local/lib/python3.8/site-packages/airflow/example_dags/example_dynamic_task_mapping_with_no_taskflow_operators.py
[2026-01-21T10:29:31.007+0000] {processor.py:840} INFO - DAG(s) 'example_dynamic_task_mapping_with_no_taskflow_operators' retrieved from /home/airflow/.local/lib/python3.8/site-packages/airflow/example_dags/example_dynamic_task_mapping_with_no_taskflow_operators.py
[2026-01-21T10:29:31.038+0000] {logging_mixin.py:188} INFO - [2026-01-21T10:29:31.037+0000] {dag.py:3036} INFO - Sync 1 DAGs
[2026-01-21T10:29:31.076+0000] {logging_mixin.py:188} INFO - [2026-01-21T10:29:31.076+0000] {dag.py:3823} INFO - Setting next_dagrun for example_dynamic_task_mapping_with_no_taskflow_operators to 2026-01-20 00:00:00+00:00, run_after=2026-01-21 00:00:00+00:00
[2026-01-21T10:29:31.102+0000] {processor.py:183} INFO - Processing /home/airflow/.local/lib/python3.8/site-packages/airflow/example_dags/example_dynamic_task_mapping_with_no_taskflow_operators.py took 0.112 seconds
[2026-01-21T10:30:01.246+0000] {processor.py:161} INFO - Started process (PID=9049) to work on /home/airflow/.local/lib/python3.8/site-packages/airflow/example_dags/example_dynamic_task_mapping_with_no_taskflow_operators.py
[2026-01-21T10:30:01.248+0000] {processor.py:830} INFO - Processing file /home/airflow/.local/lib/python3.8/site-packages/airflow/example_dags/example_dynamic_task_mapping_with_no_taskflow_operators.py for tasks to queue
[2026-01-21T10:30:01.250+0000] {logging_mixin.py:188} INFO - [2026-01-21T10:30:01.250+0000] {dagbag.py:538} INFO - Filling up the DagBag from /home/airflow/.local/lib/python3.8/site-packages/airflow/example_dags/example_dynamic_task_mapping_with_no_taskflow_operators.py
[2026-01-21T10:30:01.261+0000] {processor.py:840} INFO - DAG(s) 'example_dynamic_task_mapping_with_no_taskflow_operators' retrieved from /home/airflow/.local/lib/python3.8/site-packages/airflow/example_dags/example_dynamic_task_mapping_with_no_taskflow_operators.py
[2026-01-21T10:30:01.299+0000] {logging_mixin.py:188} INFO - [2026-01-21T10:30:01.299+0000] {dag.py:3036} INFO - Sync 1 DAGs
[2026-01-21T10:30:01.341+0000] {logging_mixin.py:188} INFO - [2026-01-21T10:30:01.341+0000] {dag.py:3823} INFO - Setting next_dagrun for example_dynamic_task_mapping_with_no_taskflow_operators to 2026-01-20 00:00:00+00:00, run_after=2026-01-21 00:00:00+00:00
[2026-01-21T10:30:01.369+0000] {processor.py:183} INFO - Processing /home/airflow/.local/lib/python3.8/site-packages/airflow/example_dags/example_dynamic_task_mapping_with_no_taskflow_operators.py took 0.128 seconds
[2026-01-21T10:30:31.541+0000] {processor.py:161} INFO - Started process (PID=9114) to work on /home/airflow/.local/lib/python3.8/site-packages/airflow/example_dags/example_dynamic_task_mapping_with_no_taskflow_operators.py
[2026-01-21T10:30:31.543+0000] {processor.py:830} INFO - Processing file /home/airflow/.local/lib/python3.8/site-packages/airflow/example_dags/example_dynamic_task_mapping_with_no_taskflow_operators.py for tasks to queue
[2026-01-21T10:30:31.546+0000] {logging_mixin.py:188} INFO - [2026-01-21T10:30:31.545+0000] {dagbag.py:538} INFO - Filling up the DagBag from /home/airflow/.local/lib/python3.8/site-packages/airflow/example_dags/example_dynamic_task_mapping_with_no_taskflow_operators.py
[2026-01-21T10:30:31.556+0000] {processor.py:840} INFO - DAG(s) 'example_dynamic_task_mapping_with_no_taskflow_operators' retrieved from /home/airflow/.local/lib/python3.8/site-packages/airflow/example_dags/example_dynamic_task_mapping_with_no_taskflow_operators.py
[2026-01-21T10:30:31.590+0000] {logging_mixin.py:188} INFO - [2026-01-21T10:30:31.590+0000] {dag.py:3036} INFO - Sync 1 DAGs
[2026-01-21T10:30:31.631+0000] {logging_mixin.py:188} INFO - [2026-01-21T10:30:31.631+0000] {dag.py:3823} INFO - Setting next_dagrun for example_dynamic_task_mapping_with_no_taskflow_operators to 2026-01-20 00:00:00+00:00, run_after=2026-01-21 00:00:00+00:00
[2026-01-21T10:30:31.661+0000] {processor.py:183} INFO - Processing /home/airflow/.local/lib/python3.8/site-packages/airflow/example_dags/example_dynamic_task_mapping_with_no_taskflow_operators.py took 0.125 seconds
[2026-01-21T10:31:01.891+0000] {processor.py:161} INFO - Started process (PID=9178) to work on /home/airflow/.local/lib/python3.8/site-packages/airflow/example_dags/example_dynamic_task_mapping_with_no_taskflow_operators.py
[2026-01-21T10:31:01.892+0000] {processor.py:830} INFO - Processing file /home/airflow/.local/lib/python3.8/site-packages/airflow/example_dags/example_dynamic_task_mapping_with_no_taskflow_operators.py for tasks to queue
[2026-01-21T10:31:01.895+0000] {logging_mixin.py:188} INFO - [2026-01-21T10:31:01.894+0000] {dagbag.py:538} INFO - Filling up the DagBag from /home/airflow/.local/lib/python3.8/site-packages/airflow/example_dags/example_dynamic_task_mapping_with_no_taskflow_operators.py
[2026-01-21T10:31:01.903+0000] {processor.py:840} INFO - DAG(s) 'example_dynamic_task_mapping_with_no_taskflow_operators' retrieved from /home/airflow/.local/lib/python3.8/site-packages/airflow/example_dags/example_dynamic_task_mapping_with_no_taskflow_operators.py
[2026-01-21T10:31:01.932+0000] {logging_mixin.py:188} INFO - [2026-01-21T10:31:01.931+0000] {dag.py:3036} INFO - Sync 1 DAGs
[2026-01-21T10:31:01.974+0000] {logging_mixin.py:188} INFO - [2026-01-21T10:31:01.973+0000] {dag.py:3823} INFO - Setting next_dagrun for example_dynamic_task_mapping_with_no_taskflow_operators to 2026-01-20 00:00:00+00:00, run_after=2026-01-21 00:00:00+00:00
[2026-01-21T10:31:02.011+0000] {processor.py:183} INFO - Processing /home/airflow/.local/lib/python3.8/site-packages/airflow/example_dags/example_dynamic_task_mapping_with_no_taskflow_operators.py took 0.125 seconds
[2026-01-21T10:31:32.238+0000] {processor.py:161} INFO - Started process (PID=9243) to work on /home/airflow/.local/lib/python3.8/site-packages/airflow/example_dags/example_dynamic_task_mapping_with_no_taskflow_operators.py
[2026-01-21T10:31:32.240+0000] {processor.py:830} INFO - Processing file /home/airflow/.local/lib/python3.8/site-packages/airflow/example_dags/example_dynamic_task_mapping_with_no_taskflow_operators.py for tasks to queue
[2026-01-21T10:31:32.243+0000] {logging_mixin.py:188} INFO - [2026-01-21T10:31:32.243+0000] {dagbag.py:538} INFO - Filling up the DagBag from /home/airflow/.local/lib/python3.8/site-packages/airflow/example_dags/example_dynamic_task_mapping_with_no_taskflow_operators.py
[2026-01-21T10:31:32.253+0000] {processor.py:840} INFO - DAG(s) 'example_dynamic_task_mapping_with_no_taskflow_operators' retrieved from /home/airflow/.local/lib/python3.8/site-packages/airflow/example_dags/example_dynamic_task_mapping_with_no_taskflow_operators.py
[2026-01-21T10:31:32.282+0000] {logging_mixin.py:188} INFO - [2026-01-21T10:31:32.282+0000] {dag.py:3036} INFO - Sync 1 DAGs
[2026-01-21T10:31:32.314+0000] {logging_mixin.py:188} INFO - [2026-01-21T10:31:32.314+0000] {dag.py:3823} INFO - Setting next_dagrun for example_dynamic_task_mapping_with_no_taskflow_operators to 2026-01-20 00:00:00+00:00, run_after=2026-01-21 00:00:00+00:00
[2026-01-21T10:31:32.339+0000] {processor.py:183} INFO - Processing /home/airflow/.local/lib/python3.8/site-packages/airflow/example_dags/example_dynamic_task_mapping_with_no_taskflow_operators.py took 0.107 seconds
[2026-01-21T10:32:02.710+0000] {processor.py:161} INFO - Started process (PID=9309) to work on /home/airflow/.local/lib/python3.8/site-packages/airflow/example_dags/example_dynamic_task_mapping_with_no_taskflow_operators.py
[2026-01-21T10:32:02.711+0000] {processor.py:830} INFO - Processing file /home/airflow/.local/lib/python3.8/site-packages/airflow/example_dags/example_dynamic_task_mapping_with_no_taskflow_operators.py for tasks to queue
[2026-01-21T10:32:02.713+0000] {logging_mixin.py:188} INFO - [2026-01-21T10:32:02.713+0000] {dagbag.py:538} INFO - Filling up the DagBag from /home/airflow/.local/lib/python3.8/site-packages/airflow/example_dags/example_dynamic_task_mapping_with_no_taskflow_operators.py
[2026-01-21T10:32:02.722+0000] {processor.py:840} INFO - DAG(s) 'example_dynamic_task_mapping_with_no_taskflow_operators' retrieved from /home/airflow/.local/lib/python3.8/site-packages/airflow/example_dags/example_dynamic_task_mapping_with_no_taskflow_operators.py
[2026-01-21T10:32:02.752+0000] {logging_mixin.py:188} INFO - [2026-01-21T10:32:02.752+0000] {dag.py:3036} INFO - Sync 1 DAGs
[2026-01-21T10:32:02.790+0000] {logging_mixin.py:188} INFO - [2026-01-21T10:32:02.790+0000] {dag.py:3823} INFO - Setting next_dagrun for example_dynamic_task_mapping_with_no_taskflow_operators to 2026-01-20 00:00:00+00:00, run_after=2026-01-21 00:00:00+00:00
[2026-01-21T10:32:02.818+0000] {processor.py:183} INFO - Processing /home/airflow/.local/lib/python3.8/site-packages/airflow/example_dags/example_dynamic_task_mapping_with_no_taskflow_operators.py took 0.113 seconds
[2026-01-21T10:32:33.230+0000] {processor.py:161} INFO - Started process (PID=9373) to work on /home/airflow/.local/lib/python3.8/site-packages/airflow/example_dags/example_dynamic_task_mapping_with_no_taskflow_operators.py
[2026-01-21T10:32:33.232+0000] {processor.py:830} INFO - Processing file /home/airflow/.local/lib/python3.8/site-packages/airflow/example_dags/example_dynamic_task_mapping_with_no_taskflow_operators.py for tasks to queue
[2026-01-21T10:32:33.234+0000] {logging_mixin.py:188} INFO - [2026-01-21T10:32:33.234+0000] {dagbag.py:538} INFO - Filling up the DagBag from /home/airflow/.local/lib/python3.8/site-packages/airflow/example_dags/example_dynamic_task_mapping_with_no_taskflow_operators.py
[2026-01-21T10:32:33.243+0000] {processor.py:840} INFO - DAG(s) 'example_dynamic_task_mapping_with_no_taskflow_operators' retrieved from /home/airflow/.local/lib/python3.8/site-packages/airflow/example_dags/example_dynamic_task_mapping_with_no_taskflow_operators.py
[2026-01-21T10:32:33.271+0000] {logging_mixin.py:188} INFO - [2026-01-21T10:32:33.271+0000] {dag.py:3036} INFO - Sync 1 DAGs
[2026-01-21T10:32:33.304+0000] {logging_mixin.py:188} INFO - [2026-01-21T10:32:33.304+0000] {dag.py:3823} INFO - Setting next_dagrun for example_dynamic_task_mapping_with_no_taskflow_operators to 2026-01-20 00:00:00+00:00, run_after=2026-01-21 00:00:00+00:00
[2026-01-21T10:32:33.328+0000] {processor.py:183} INFO - Processing /home/airflow/.local/lib/python3.8/site-packages/airflow/example_dags/example_dynamic_task_mapping_with_no_taskflow_operators.py took 0.102 seconds
[2026-01-21T10:33:03.716+0000] {processor.py:161} INFO - Started process (PID=9438) to work on /home/airflow/.local/lib/python3.8/site-packages/airflow/example_dags/example_dynamic_task_mapping_with_no_taskflow_operators.py
[2026-01-21T10:33:03.717+0000] {processor.py:830} INFO - Processing file /home/airflow/.local/lib/python3.8/site-packages/airflow/example_dags/example_dynamic_task_mapping_with_no_taskflow_operators.py for tasks to queue
[2026-01-21T10:33:03.720+0000] {logging_mixin.py:188} INFO - [2026-01-21T10:33:03.719+0000] {dagbag.py:538} INFO - Filling up the DagBag from /home/airflow/.local/lib/python3.8/site-packages/airflow/example_dags/example_dynamic_task_mapping_with_no_taskflow_operators.py
[2026-01-21T10:33:03.729+0000] {processor.py:840} INFO - DAG(s) 'example_dynamic_task_mapping_with_no_taskflow_operators' retrieved from /home/airflow/.local/lib/python3.8/site-packages/airflow/example_dags/example_dynamic_task_mapping_with_no_taskflow_operators.py
[2026-01-21T10:33:03.757+0000] {logging_mixin.py:188} INFO - [2026-01-21T10:33:03.757+0000] {dag.py:3036} INFO - Sync 1 DAGs
[2026-01-21T10:33:03.792+0000] {logging_mixin.py:188} INFO - [2026-01-21T10:33:03.791+0000] {dag.py:3823} INFO - Setting next_dagrun for example_dynamic_task_mapping_with_no_taskflow_operators to 2026-01-20 00:00:00+00:00, run_after=2026-01-21 00:00:00+00:00
[2026-01-21T10:33:03.821+0000] {processor.py:183} INFO - Processing /home/airflow/.local/lib/python3.8/site-packages/airflow/example_dags/example_dynamic_task_mapping_with_no_taskflow_operators.py took 0.111 seconds
[2026-01-21T10:33:34.487+0000] {processor.py:161} INFO - Started process (PID=9503) to work on /home/airflow/.local/lib/python3.8/site-packages/airflow/example_dags/example_dynamic_task_mapping_with_no_taskflow_operators.py
[2026-01-21T10:33:34.488+0000] {processor.py:830} INFO - Processing file /home/airflow/.local/lib/python3.8/site-packages/airflow/example_dags/example_dynamic_task_mapping_with_no_taskflow_operators.py for tasks to queue
[2026-01-21T10:33:34.491+0000] {logging_mixin.py:188} INFO - [2026-01-21T10:33:34.490+0000] {dagbag.py:538} INFO - Filling up the DagBag from /home/airflow/.local/lib/python3.8/site-packages/airflow/example_dags/example_dynamic_task_mapping_with_no_taskflow_operators.py
[2026-01-21T10:33:34.499+0000] {processor.py:840} INFO - DAG(s) 'example_dynamic_task_mapping_with_no_taskflow_operators' retrieved from /home/airflow/.local/lib/python3.8/site-packages/airflow/example_dags/example_dynamic_task_mapping_with_no_taskflow_operators.py
[2026-01-21T10:33:34.526+0000] {logging_mixin.py:188} INFO - [2026-01-21T10:33:34.525+0000] {dag.py:3036} INFO - Sync 1 DAGs
[2026-01-21T10:33:34.559+0000] {logging_mixin.py:188} INFO - [2026-01-21T10:33:34.559+0000] {dag.py:3823} INFO - Setting next_dagrun for example_dynamic_task_mapping_with_no_taskflow_operators to 2026-01-20 00:00:00+00:00, run_after=2026-01-21 00:00:00+00:00
[2026-01-21T10:33:34.585+0000] {processor.py:183} INFO - Processing /home/airflow/.local/lib/python3.8/site-packages/airflow/example_dags/example_dynamic_task_mapping_with_no_taskflow_operators.py took 0.103 seconds
[2026-01-21T10:34:05.069+0000] {processor.py:161} INFO - Started process (PID=9576) to work on /home/airflow/.local/lib/python3.8/site-packages/airflow/example_dags/example_dynamic_task_mapping_with_no_taskflow_operators.py
[2026-01-21T10:34:05.070+0000] {processor.py:830} INFO - Processing file /home/airflow/.local/lib/python3.8/site-packages/airflow/example_dags/example_dynamic_task_mapping_with_no_taskflow_operators.py for tasks to queue
[2026-01-21T10:34:05.072+0000] {logging_mixin.py:188} INFO - [2026-01-21T10:34:05.072+0000] {dagbag.py:538} INFO - Filling up the DagBag from /home/airflow/.local/lib/python3.8/site-packages/airflow/example_dags/example_dynamic_task_mapping_with_no_taskflow_operators.py
[2026-01-21T10:34:05.081+0000] {processor.py:840} INFO - DAG(s) 'example_dynamic_task_mapping_with_no_taskflow_operators' retrieved from /home/airflow/.local/lib/python3.8/site-packages/airflow/example_dags/example_dynamic_task_mapping_with_no_taskflow_operators.py
[2026-01-21T10:34:05.130+0000] {logging_mixin.py:188} INFO - [2026-01-21T10:34:05.130+0000] {dag.py:3036} INFO - Sync 1 DAGs
[2026-01-21T10:34:05.182+0000] {logging_mixin.py:188} INFO - [2026-01-21T10:34:05.182+0000] {dag.py:3823} INFO - Setting next_dagrun for example_dynamic_task_mapping_with_no_taskflow_operators to 2026-01-20 00:00:00+00:00, run_after=2026-01-21 00:00:00+00:00
[2026-01-21T10:34:05.206+0000] {processor.py:183} INFO - Processing /home/airflow/.local/lib/python3.8/site-packages/airflow/example_dags/example_dynamic_task_mapping_with_no_taskflow_operators.py took 0.142 seconds
[2026-01-21T10:34:35.465+0000] {processor.py:161} INFO - Started process (PID=9642) to work on /home/airflow/.local/lib/python3.8/site-packages/airflow/example_dags/example_dynamic_task_mapping_with_no_taskflow_operators.py
[2026-01-21T10:34:35.466+0000] {processor.py:830} INFO - Processing file /home/airflow/.local/lib/python3.8/site-packages/airflow/example_dags/example_dynamic_task_mapping_with_no_taskflow_operators.py for tasks to queue
[2026-01-21T10:34:35.469+0000] {logging_mixin.py:188} INFO - [2026-01-21T10:34:35.469+0000] {dagbag.py:538} INFO - Filling up the DagBag from /home/airflow/.local/lib/python3.8/site-packages/airflow/example_dags/example_dynamic_task_mapping_with_no_taskflow_operators.py
[2026-01-21T10:34:35.480+0000] {processor.py:840} INFO - DAG(s) 'example_dynamic_task_mapping_with_no_taskflow_operators' retrieved from /home/airflow/.local/lib/python3.8/site-packages/airflow/example_dags/example_dynamic_task_mapping_with_no_taskflow_operators.py
[2026-01-21T10:34:35.531+0000] {logging_mixin.py:188} INFO - [2026-01-21T10:34:35.530+0000] {dag.py:3036} INFO - Sync 1 DAGs
[2026-01-21T10:34:35.591+0000] {logging_mixin.py:188} INFO - [2026-01-21T10:34:35.590+0000] {dag.py:3823} INFO - Setting next_dagrun for example_dynamic_task_mapping_with_no_taskflow_operators to 2026-01-20 00:00:00+00:00, run_after=2026-01-21 00:00:00+00:00
[2026-01-21T10:34:35.636+0000] {processor.py:183} INFO - Processing /home/airflow/.local/lib/python3.8/site-packages/airflow/example_dags/example_dynamic_task_mapping_with_no_taskflow_operators.py took 0.177 seconds
[2026-01-21T10:35:06.118+0000] {processor.py:161} INFO - Started process (PID=9708) to work on /home/airflow/.local/lib/python3.8/site-packages/airflow/example_dags/example_dynamic_task_mapping_with_no_taskflow_operators.py
[2026-01-21T10:35:06.120+0000] {processor.py:830} INFO - Processing file /home/airflow/.local/lib/python3.8/site-packages/airflow/example_dags/example_dynamic_task_mapping_with_no_taskflow_operators.py for tasks to queue
[2026-01-21T10:35:06.123+0000] {logging_mixin.py:188} INFO - [2026-01-21T10:35:06.122+0000] {dagbag.py:538} INFO - Filling up the DagBag from /home/airflow/.local/lib/python3.8/site-packages/airflow/example_dags/example_dynamic_task_mapping_with_no_taskflow_operators.py
[2026-01-21T10:35:06.136+0000] {processor.py:840} INFO - DAG(s) 'example_dynamic_task_mapping_with_no_taskflow_operators' retrieved from /home/airflow/.local/lib/python3.8/site-packages/airflow/example_dags/example_dynamic_task_mapping_with_no_taskflow_operators.py
[2026-01-21T10:35:06.170+0000] {logging_mixin.py:188} INFO - [2026-01-21T10:35:06.170+0000] {dag.py:3036} INFO - Sync 1 DAGs
[2026-01-21T10:35:06.203+0000] {logging_mixin.py:188} INFO - [2026-01-21T10:35:06.202+0000] {dag.py:3823} INFO - Setting next_dagrun for example_dynamic_task_mapping_with_no_taskflow_operators to 2026-01-20 00:00:00+00:00, run_after=2026-01-21 00:00:00+00:00
[2026-01-21T10:35:06.225+0000] {processor.py:183} INFO - Processing /home/airflow/.local/lib/python3.8/site-packages/airflow/example_dags/example_dynamic_task_mapping_with_no_taskflow_operators.py took 0.111 seconds
[2026-01-21T10:35:36.541+0000] {processor.py:161} INFO - Started process (PID=9772) to work on /home/airflow/.local/lib/python3.8/site-packages/airflow/example_dags/example_dynamic_task_mapping_with_no_taskflow_operators.py
[2026-01-21T10:35:36.542+0000] {processor.py:830} INFO - Processing file /home/airflow/.local/lib/python3.8/site-packages/airflow/example_dags/example_dynamic_task_mapping_with_no_taskflow_operators.py for tasks to queue
[2026-01-21T10:35:36.544+0000] {logging_mixin.py:188} INFO - [2026-01-21T10:35:36.543+0000] {dagbag.py:538} INFO - Filling up the DagBag from /home/airflow/.local/lib/python3.8/site-packages/airflow/example_dags/example_dynamic_task_mapping_with_no_taskflow_operators.py
[2026-01-21T10:35:36.553+0000] {processor.py:840} INFO - DAG(s) 'example_dynamic_task_mapping_with_no_taskflow_operators' retrieved from /home/airflow/.local/lib/python3.8/site-packages/airflow/example_dags/example_dynamic_task_mapping_with_no_taskflow_operators.py
[2026-01-21T10:35:36.583+0000] {logging_mixin.py:188} INFO - [2026-01-21T10:35:36.583+0000] {dag.py:3036} INFO - Sync 1 DAGs
[2026-01-21T10:35:36.615+0000] {logging_mixin.py:188} INFO - [2026-01-21T10:35:36.615+0000] {dag.py:3823} INFO - Setting next_dagrun for example_dynamic_task_mapping_with_no_taskflow_operators to 2026-01-20 00:00:00+00:00, run_after=2026-01-21 00:00:00+00:00
[2026-01-21T10:35:36.640+0000] {processor.py:183} INFO - Processing /home/airflow/.local/lib/python3.8/site-packages/airflow/example_dags/example_dynamic_task_mapping_with_no_taskflow_operators.py took 0.105 seconds
[2026-01-21T10:36:07.203+0000] {processor.py:161} INFO - Started process (PID=9837) to work on /home/airflow/.local/lib/python3.8/site-packages/airflow/example_dags/example_dynamic_task_mapping_with_no_taskflow_operators.py
[2026-01-21T10:36:07.205+0000] {processor.py:830} INFO - Processing file /home/airflow/.local/lib/python3.8/site-packages/airflow/example_dags/example_dynamic_task_mapping_with_no_taskflow_operators.py for tasks to queue
[2026-01-21T10:36:07.207+0000] {logging_mixin.py:188} INFO - [2026-01-21T10:36:07.206+0000] {dagbag.py:538} INFO - Filling up the DagBag from /home/airflow/.local/lib/python3.8/site-packages/airflow/example_dags/example_dynamic_task_mapping_with_no_taskflow_operators.py
[2026-01-21T10:36:07.215+0000] {processor.py:840} INFO - DAG(s) 'example_dynamic_task_mapping_with_no_taskflow_operators' retrieved from /home/airflow/.local/lib/python3.8/site-packages/airflow/example_dags/example_dynamic_task_mapping_with_no_taskflow_operators.py
[2026-01-21T10:36:07.243+0000] {logging_mixin.py:188} INFO - [2026-01-21T10:36:07.242+0000] {dag.py:3036} INFO - Sync 1 DAGs
[2026-01-21T10:36:07.275+0000] {logging_mixin.py:188} INFO - [2026-01-21T10:36:07.275+0000] {dag.py:3823} INFO - Setting next_dagrun for example_dynamic_task_mapping_with_no_taskflow_operators to 2026-01-20 00:00:00+00:00, run_after=2026-01-21 00:00:00+00:00
[2026-01-21T10:36:07.301+0000] {processor.py:183} INFO - Processing /home/airflow/.local/lib/python3.8/site-packages/airflow/example_dags/example_dynamic_task_mapping_with_no_taskflow_operators.py took 0.103 seconds
[2026-01-21T10:36:37.770+0000] {processor.py:161} INFO - Started process (PID=9903) to work on /home/airflow/.local/lib/python3.8/site-packages/airflow/example_dags/example_dynamic_task_mapping_with_no_taskflow_operators.py
[2026-01-21T10:36:37.772+0000] {processor.py:830} INFO - Processing file /home/airflow/.local/lib/python3.8/site-packages/airflow/example_dags/example_dynamic_task_mapping_with_no_taskflow_operators.py for tasks to queue
[2026-01-21T10:36:37.774+0000] {logging_mixin.py:188} INFO - [2026-01-21T10:36:37.774+0000] {dagbag.py:538} INFO - Filling up the DagBag from /home/airflow/.local/lib/python3.8/site-packages/airflow/example_dags/example_dynamic_task_mapping_with_no_taskflow_operators.py
[2026-01-21T10:36:37.786+0000] {processor.py:840} INFO - DAG(s) 'example_dynamic_task_mapping_with_no_taskflow_operators' retrieved from /home/airflow/.local/lib/python3.8/site-packages/airflow/example_dags/example_dynamic_task_mapping_with_no_taskflow_operators.py
[2026-01-21T10:36:37.820+0000] {logging_mixin.py:188} INFO - [2026-01-21T10:36:37.820+0000] {dag.py:3036} INFO - Sync 1 DAGs
[2026-01-21T10:36:37.870+0000] {logging_mixin.py:188} INFO - [2026-01-21T10:36:37.870+0000] {dag.py:3823} INFO - Setting next_dagrun for example_dynamic_task_mapping_with_no_taskflow_operators to 2026-01-20 00:00:00+00:00, run_after=2026-01-21 00:00:00+00:00
[2026-01-21T10:36:37.899+0000] {processor.py:183} INFO - Processing /home/airflow/.local/lib/python3.8/site-packages/airflow/example_dags/example_dynamic_task_mapping_with_no_taskflow_operators.py took 0.135 seconds
[2026-01-21T10:37:08.520+0000] {processor.py:161} INFO - Started process (PID=9974) to work on /home/airflow/.local/lib/python3.8/site-packages/airflow/example_dags/example_dynamic_task_mapping_with_no_taskflow_operators.py
[2026-01-21T10:37:08.533+0000] {processor.py:830} INFO - Processing file /home/airflow/.local/lib/python3.8/site-packages/airflow/example_dags/example_dynamic_task_mapping_with_no_taskflow_operators.py for tasks to queue
[2026-01-21T10:37:08.537+0000] {logging_mixin.py:188} INFO - [2026-01-21T10:37:08.536+0000] {dagbag.py:538} INFO - Filling up the DagBag from /home/airflow/.local/lib/python3.8/site-packages/airflow/example_dags/example_dynamic_task_mapping_with_no_taskflow_operators.py
[2026-01-21T10:37:08.552+0000] {processor.py:840} INFO - DAG(s) 'example_dynamic_task_mapping_with_no_taskflow_operators' retrieved from /home/airflow/.local/lib/python3.8/site-packages/airflow/example_dags/example_dynamic_task_mapping_with_no_taskflow_operators.py
[2026-01-21T10:37:08.609+0000] {logging_mixin.py:188} INFO - [2026-01-21T10:37:08.607+0000] {dag.py:3036} INFO - Sync 1 DAGs
[2026-01-21T10:37:08.660+0000] {logging_mixin.py:188} INFO - [2026-01-21T10:37:08.659+0000] {dag.py:3823} INFO - Setting next_dagrun for example_dynamic_task_mapping_with_no_taskflow_operators to 2026-01-20 00:00:00+00:00, run_after=2026-01-21 00:00:00+00:00
[2026-01-21T10:37:08.704+0000] {processor.py:183} INFO - Processing /home/airflow/.local/lib/python3.8/site-packages/airflow/example_dags/example_dynamic_task_mapping_with_no_taskflow_operators.py took 0.206 seconds
[2026-01-21T10:37:39.169+0000] {processor.py:161} INFO - Started process (PID=10040) to work on /home/airflow/.local/lib/python3.8/site-packages/airflow/example_dags/example_dynamic_task_mapping_with_no_taskflow_operators.py
[2026-01-21T10:37:39.170+0000] {processor.py:830} INFO - Processing file /home/airflow/.local/lib/python3.8/site-packages/airflow/example_dags/example_dynamic_task_mapping_with_no_taskflow_operators.py for tasks to queue
[2026-01-21T10:37:39.173+0000] {logging_mixin.py:188} INFO - [2026-01-21T10:37:39.172+0000] {dagbag.py:538} INFO - Filling up the DagBag from /home/airflow/.local/lib/python3.8/site-packages/airflow/example_dags/example_dynamic_task_mapping_with_no_taskflow_operators.py
[2026-01-21T10:37:39.184+0000] {processor.py:840} INFO - DAG(s) 'example_dynamic_task_mapping_with_no_taskflow_operators' retrieved from /home/airflow/.local/lib/python3.8/site-packages/airflow/example_dags/example_dynamic_task_mapping_with_no_taskflow_operators.py
[2026-01-21T10:37:39.218+0000] {logging_mixin.py:188} INFO - [2026-01-21T10:37:39.218+0000] {dag.py:3036} INFO - Sync 1 DAGs
[2026-01-21T10:37:39.262+0000] {logging_mixin.py:188} INFO - [2026-01-21T10:37:39.262+0000] {dag.py:3823} INFO - Setting next_dagrun for example_dynamic_task_mapping_with_no_taskflow_operators to 2026-01-20 00:00:00+00:00, run_after=2026-01-21 00:00:00+00:00
[2026-01-21T10:37:39.292+0000] {processor.py:183} INFO - Processing /home/airflow/.local/lib/python3.8/site-packages/airflow/example_dags/example_dynamic_task_mapping_with_no_taskflow_operators.py took 0.129 seconds
[2026-01-21T10:38:09.908+0000] {processor.py:161} INFO - Started process (PID=10105) to work on /home/airflow/.local/lib/python3.8/site-packages/airflow/example_dags/example_dynamic_task_mapping_with_no_taskflow_operators.py
[2026-01-21T10:38:09.909+0000] {processor.py:830} INFO - Processing file /home/airflow/.local/lib/python3.8/site-packages/airflow/example_dags/example_dynamic_task_mapping_with_no_taskflow_operators.py for tasks to queue
[2026-01-21T10:38:09.912+0000] {logging_mixin.py:188} INFO - [2026-01-21T10:38:09.911+0000] {dagbag.py:538} INFO - Filling up the DagBag from /home/airflow/.local/lib/python3.8/site-packages/airflow/example_dags/example_dynamic_task_mapping_with_no_taskflow_operators.py
[2026-01-21T10:38:09.920+0000] {processor.py:840} INFO - DAG(s) 'example_dynamic_task_mapping_with_no_taskflow_operators' retrieved from /home/airflow/.local/lib/python3.8/site-packages/airflow/example_dags/example_dynamic_task_mapping_with_no_taskflow_operators.py
[2026-01-21T10:38:09.955+0000] {logging_mixin.py:188} INFO - [2026-01-21T10:38:09.954+0000] {dag.py:3036} INFO - Sync 1 DAGs
[2026-01-21T10:38:09.996+0000] {logging_mixin.py:188} INFO - [2026-01-21T10:38:09.996+0000] {dag.py:3823} INFO - Setting next_dagrun for example_dynamic_task_mapping_with_no_taskflow_operators to 2026-01-20 00:00:00+00:00, run_after=2026-01-21 00:00:00+00:00
[2026-01-21T10:38:10.035+0000] {processor.py:183} INFO - Processing /home/airflow/.local/lib/python3.8/site-packages/airflow/example_dags/example_dynamic_task_mapping_with_no_taskflow_operators.py took 0.132 seconds
[2026-01-21T10:38:40.504+0000] {processor.py:161} INFO - Started process (PID=10170) to work on /home/airflow/.local/lib/python3.8/site-packages/airflow/example_dags/example_dynamic_task_mapping_with_no_taskflow_operators.py
[2026-01-21T10:38:40.505+0000] {processor.py:830} INFO - Processing file /home/airflow/.local/lib/python3.8/site-packages/airflow/example_dags/example_dynamic_task_mapping_with_no_taskflow_operators.py for tasks to queue
[2026-01-21T10:38:40.508+0000] {logging_mixin.py:188} INFO - [2026-01-21T10:38:40.507+0000] {dagbag.py:538} INFO - Filling up the DagBag from /home/airflow/.local/lib/python3.8/site-packages/airflow/example_dags/example_dynamic_task_mapping_with_no_taskflow_operators.py
[2026-01-21T10:38:40.517+0000] {processor.py:840} INFO - DAG(s) 'example_dynamic_task_mapping_with_no_taskflow_operators' retrieved from /home/airflow/.local/lib/python3.8/site-packages/airflow/example_dags/example_dynamic_task_mapping_with_no_taskflow_operators.py
[2026-01-21T10:38:40.550+0000] {logging_mixin.py:188} INFO - [2026-01-21T10:38:40.549+0000] {dag.py:3036} INFO - Sync 1 DAGs
[2026-01-21T10:38:40.585+0000] {logging_mixin.py:188} INFO - [2026-01-21T10:38:40.584+0000] {dag.py:3823} INFO - Setting next_dagrun for example_dynamic_task_mapping_with_no_taskflow_operators to 2026-01-20 00:00:00+00:00, run_after=2026-01-21 00:00:00+00:00
[2026-01-21T10:38:40.610+0000] {processor.py:183} INFO - Processing /home/airflow/.local/lib/python3.8/site-packages/airflow/example_dags/example_dynamic_task_mapping_with_no_taskflow_operators.py took 0.110 seconds
[2026-01-21T10:39:11.397+0000] {processor.py:161} INFO - Started process (PID=10235) to work on /home/airflow/.local/lib/python3.8/site-packages/airflow/example_dags/example_dynamic_task_mapping_with_no_taskflow_operators.py
[2026-01-21T10:39:11.399+0000] {processor.py:830} INFO - Processing file /home/airflow/.local/lib/python3.8/site-packages/airflow/example_dags/example_dynamic_task_mapping_with_no_taskflow_operators.py for tasks to queue
[2026-01-21T10:39:11.402+0000] {logging_mixin.py:188} INFO - [2026-01-21T10:39:11.401+0000] {dagbag.py:538} INFO - Filling up the DagBag from /home/airflow/.local/lib/python3.8/site-packages/airflow/example_dags/example_dynamic_task_mapping_with_no_taskflow_operators.py
[2026-01-21T10:39:11.413+0000] {processor.py:840} INFO - DAG(s) 'example_dynamic_task_mapping_with_no_taskflow_operators' retrieved from /home/airflow/.local/lib/python3.8/site-packages/airflow/example_dags/example_dynamic_task_mapping_with_no_taskflow_operators.py
[2026-01-21T10:39:11.447+0000] {logging_mixin.py:188} INFO - [2026-01-21T10:39:11.446+0000] {dag.py:3036} INFO - Sync 1 DAGs
[2026-01-21T10:39:11.486+0000] {logging_mixin.py:188} INFO - [2026-01-21T10:39:11.486+0000] {dag.py:3823} INFO - Setting next_dagrun for example_dynamic_task_mapping_with_no_taskflow_operators to 2026-01-20 00:00:00+00:00, run_after=2026-01-21 00:00:00+00:00
[2026-01-21T10:39:11.520+0000] {processor.py:183} INFO - Processing /home/airflow/.local/lib/python3.8/site-packages/airflow/example_dags/example_dynamic_task_mapping_with_no_taskflow_operators.py took 0.129 seconds
[2026-01-21T10:39:41.580+0000] {processor.py:161} INFO - Started process (PID=10300) to work on /home/airflow/.local/lib/python3.8/site-packages/airflow/example_dags/example_dynamic_task_mapping_with_no_taskflow_operators.py
[2026-01-21T10:39:41.581+0000] {processor.py:830} INFO - Processing file /home/airflow/.local/lib/python3.8/site-packages/airflow/example_dags/example_dynamic_task_mapping_with_no_taskflow_operators.py for tasks to queue
[2026-01-21T10:39:41.584+0000] {logging_mixin.py:188} INFO - [2026-01-21T10:39:41.584+0000] {dagbag.py:538} INFO - Filling up the DagBag from /home/airflow/.local/lib/python3.8/site-packages/airflow/example_dags/example_dynamic_task_mapping_with_no_taskflow_operators.py
[2026-01-21T10:39:41.594+0000] {processor.py:840} INFO - DAG(s) 'example_dynamic_task_mapping_with_no_taskflow_operators' retrieved from /home/airflow/.local/lib/python3.8/site-packages/airflow/example_dags/example_dynamic_task_mapping_with_no_taskflow_operators.py
[2026-01-21T10:39:41.628+0000] {logging_mixin.py:188} INFO - [2026-01-21T10:39:41.627+0000] {dag.py:3036} INFO - Sync 1 DAGs
[2026-01-21T10:39:41.669+0000] {logging_mixin.py:188} INFO - [2026-01-21T10:39:41.669+0000] {dag.py:3823} INFO - Setting next_dagrun for example_dynamic_task_mapping_with_no_taskflow_operators to 2026-01-20 00:00:00+00:00, run_after=2026-01-21 00:00:00+00:00
[2026-01-21T10:39:41.717+0000] {processor.py:183} INFO - Processing /home/airflow/.local/lib/python3.8/site-packages/airflow/example_dags/example_dynamic_task_mapping_with_no_taskflow_operators.py took 0.143 seconds
[2026-01-21T10:40:11.906+0000] {processor.py:161} INFO - Started process (PID=10372) to work on /home/airflow/.local/lib/python3.8/site-packages/airflow/example_dags/example_dynamic_task_mapping_with_no_taskflow_operators.py
[2026-01-21T10:40:11.908+0000] {processor.py:830} INFO - Processing file /home/airflow/.local/lib/python3.8/site-packages/airflow/example_dags/example_dynamic_task_mapping_with_no_taskflow_operators.py for tasks to queue
[2026-01-21T10:40:11.911+0000] {logging_mixin.py:188} INFO - [2026-01-21T10:40:11.910+0000] {dagbag.py:538} INFO - Filling up the DagBag from /home/airflow/.local/lib/python3.8/site-packages/airflow/example_dags/example_dynamic_task_mapping_with_no_taskflow_operators.py
[2026-01-21T10:40:11.922+0000] {processor.py:840} INFO - DAG(s) 'example_dynamic_task_mapping_with_no_taskflow_operators' retrieved from /home/airflow/.local/lib/python3.8/site-packages/airflow/example_dags/example_dynamic_task_mapping_with_no_taskflow_operators.py
[2026-01-21T10:40:11.958+0000] {logging_mixin.py:188} INFO - [2026-01-21T10:40:11.957+0000] {dag.py:3036} INFO - Sync 1 DAGs
[2026-01-21T10:40:12.001+0000] {logging_mixin.py:188} INFO - [2026-01-21T10:40:12.000+0000] {dag.py:3823} INFO - Setting next_dagrun for example_dynamic_task_mapping_with_no_taskflow_operators to 2026-01-20 00:00:00+00:00, run_after=2026-01-21 00:00:00+00:00
[2026-01-21T10:40:12.031+0000] {processor.py:183} INFO - Processing /home/airflow/.local/lib/python3.8/site-packages/airflow/example_dags/example_dynamic_task_mapping_with_no_taskflow_operators.py took 0.131 seconds
[2026-01-21T10:40:42.482+0000] {processor.py:161} INFO - Started process (PID=10438) to work on /home/airflow/.local/lib/python3.8/site-packages/airflow/example_dags/example_dynamic_task_mapping_with_no_taskflow_operators.py
[2026-01-21T10:40:42.483+0000] {processor.py:830} INFO - Processing file /home/airflow/.local/lib/python3.8/site-packages/airflow/example_dags/example_dynamic_task_mapping_with_no_taskflow_operators.py for tasks to queue
[2026-01-21T10:40:42.486+0000] {logging_mixin.py:188} INFO - [2026-01-21T10:40:42.486+0000] {dagbag.py:538} INFO - Filling up the DagBag from /home/airflow/.local/lib/python3.8/site-packages/airflow/example_dags/example_dynamic_task_mapping_with_no_taskflow_operators.py
[2026-01-21T10:40:42.497+0000] {processor.py:840} INFO - DAG(s) 'example_dynamic_task_mapping_with_no_taskflow_operators' retrieved from /home/airflow/.local/lib/python3.8/site-packages/airflow/example_dags/example_dynamic_task_mapping_with_no_taskflow_operators.py
[2026-01-21T10:40:42.525+0000] {logging_mixin.py:188} INFO - [2026-01-21T10:40:42.525+0000] {dag.py:3036} INFO - Sync 1 DAGs
[2026-01-21T10:40:42.567+0000] {logging_mixin.py:188} INFO - [2026-01-21T10:40:42.567+0000] {dag.py:3823} INFO - Setting next_dagrun for example_dynamic_task_mapping_with_no_taskflow_operators to 2026-01-20 00:00:00+00:00, run_after=2026-01-21 00:00:00+00:00
[2026-01-21T10:40:42.622+0000] {processor.py:183} INFO - Processing /home/airflow/.local/lib/python3.8/site-packages/airflow/example_dags/example_dynamic_task_mapping_with_no_taskflow_operators.py took 0.146 seconds
[2026-01-21T10:41:12.783+0000] {processor.py:161} INFO - Started process (PID=10505) to work on /home/airflow/.local/lib/python3.8/site-packages/airflow/example_dags/example_dynamic_task_mapping_with_no_taskflow_operators.py
[2026-01-21T10:41:12.785+0000] {processor.py:830} INFO - Processing file /home/airflow/.local/lib/python3.8/site-packages/airflow/example_dags/example_dynamic_task_mapping_with_no_taskflow_operators.py for tasks to queue
[2026-01-21T10:41:12.787+0000] {logging_mixin.py:188} INFO - [2026-01-21T10:41:12.787+0000] {dagbag.py:538} INFO - Filling up the DagBag from /home/airflow/.local/lib/python3.8/site-packages/airflow/example_dags/example_dynamic_task_mapping_with_no_taskflow_operators.py
[2026-01-21T10:41:12.795+0000] {processor.py:840} INFO - DAG(s) 'example_dynamic_task_mapping_with_no_taskflow_operators' retrieved from /home/airflow/.local/lib/python3.8/site-packages/airflow/example_dags/example_dynamic_task_mapping_with_no_taskflow_operators.py
[2026-01-21T10:41:12.826+0000] {logging_mixin.py:188} INFO - [2026-01-21T10:41:12.826+0000] {dag.py:3036} INFO - Sync 1 DAGs
[2026-01-21T10:41:12.861+0000] {logging_mixin.py:188} INFO - [2026-01-21T10:41:12.860+0000] {dag.py:3823} INFO - Setting next_dagrun for example_dynamic_task_mapping_with_no_taskflow_operators to 2026-01-20 00:00:00+00:00, run_after=2026-01-21 00:00:00+00:00
[2026-01-21T10:41:12.887+0000] {processor.py:183} INFO - Processing /home/airflow/.local/lib/python3.8/site-packages/airflow/example_dags/example_dynamic_task_mapping_with_no_taskflow_operators.py took 0.109 seconds
[2026-01-21T10:41:43.358+0000] {processor.py:161} INFO - Started process (PID=10572) to work on /home/airflow/.local/lib/python3.8/site-packages/airflow/example_dags/example_dynamic_task_mapping_with_no_taskflow_operators.py
[2026-01-21T10:41:43.360+0000] {processor.py:830} INFO - Processing file /home/airflow/.local/lib/python3.8/site-packages/airflow/example_dags/example_dynamic_task_mapping_with_no_taskflow_operators.py for tasks to queue
[2026-01-21T10:41:43.362+0000] {logging_mixin.py:188} INFO - [2026-01-21T10:41:43.362+0000] {dagbag.py:538} INFO - Filling up the DagBag from /home/airflow/.local/lib/python3.8/site-packages/airflow/example_dags/example_dynamic_task_mapping_with_no_taskflow_operators.py
[2026-01-21T10:41:43.373+0000] {processor.py:840} INFO - DAG(s) 'example_dynamic_task_mapping_with_no_taskflow_operators' retrieved from /home/airflow/.local/lib/python3.8/site-packages/airflow/example_dags/example_dynamic_task_mapping_with_no_taskflow_operators.py
[2026-01-21T10:41:43.406+0000] {logging_mixin.py:188} INFO - [2026-01-21T10:41:43.406+0000] {dag.py:3036} INFO - Sync 1 DAGs
[2026-01-21T10:41:43.451+0000] {logging_mixin.py:188} INFO - [2026-01-21T10:41:43.451+0000] {dag.py:3823} INFO - Setting next_dagrun for example_dynamic_task_mapping_with_no_taskflow_operators to 2026-01-20 00:00:00+00:00, run_after=2026-01-21 00:00:00+00:00
[2026-01-21T10:41:43.482+0000] {processor.py:183} INFO - Processing /home/airflow/.local/lib/python3.8/site-packages/airflow/example_dags/example_dynamic_task_mapping_with_no_taskflow_operators.py took 0.130 seconds
[2026-01-21T10:42:14.065+0000] {processor.py:161} INFO - Started process (PID=10638) to work on /home/airflow/.local/lib/python3.8/site-packages/airflow/example_dags/example_dynamic_task_mapping_with_no_taskflow_operators.py
[2026-01-21T10:42:14.066+0000] {processor.py:830} INFO - Processing file /home/airflow/.local/lib/python3.8/site-packages/airflow/example_dags/example_dynamic_task_mapping_with_no_taskflow_operators.py for tasks to queue
[2026-01-21T10:42:14.069+0000] {logging_mixin.py:188} INFO - [2026-01-21T10:42:14.068+0000] {dagbag.py:538} INFO - Filling up the DagBag from /home/airflow/.local/lib/python3.8/site-packages/airflow/example_dags/example_dynamic_task_mapping_with_no_taskflow_operators.py
[2026-01-21T10:42:14.077+0000] {processor.py:840} INFO - DAG(s) 'example_dynamic_task_mapping_with_no_taskflow_operators' retrieved from /home/airflow/.local/lib/python3.8/site-packages/airflow/example_dags/example_dynamic_task_mapping_with_no_taskflow_operators.py
[2026-01-21T10:42:14.104+0000] {logging_mixin.py:188} INFO - [2026-01-21T10:42:14.104+0000] {dag.py:3036} INFO - Sync 1 DAGs
[2026-01-21T10:42:14.138+0000] {logging_mixin.py:188} INFO - [2026-01-21T10:42:14.138+0000] {dag.py:3823} INFO - Setting next_dagrun for example_dynamic_task_mapping_with_no_taskflow_operators to 2026-01-20 00:00:00+00:00, run_after=2026-01-21 00:00:00+00:00
[2026-01-21T10:42:14.163+0000] {processor.py:183} INFO - Processing /home/airflow/.local/lib/python3.8/site-packages/airflow/example_dags/example_dynamic_task_mapping_with_no_taskflow_operators.py took 0.103 seconds
[2026-01-21T10:42:44.853+0000] {processor.py:161} INFO - Started process (PID=10703) to work on /home/airflow/.local/lib/python3.8/site-packages/airflow/example_dags/example_dynamic_task_mapping_with_no_taskflow_operators.py
[2026-01-21T10:42:44.854+0000] {processor.py:830} INFO - Processing file /home/airflow/.local/lib/python3.8/site-packages/airflow/example_dags/example_dynamic_task_mapping_with_no_taskflow_operators.py for tasks to queue
[2026-01-21T10:42:44.856+0000] {logging_mixin.py:188} INFO - [2026-01-21T10:42:44.856+0000] {dagbag.py:538} INFO - Filling up the DagBag from /home/airflow/.local/lib/python3.8/site-packages/airflow/example_dags/example_dynamic_task_mapping_with_no_taskflow_operators.py
[2026-01-21T10:42:44.865+0000] {processor.py:840} INFO - DAG(s) 'example_dynamic_task_mapping_with_no_taskflow_operators' retrieved from /home/airflow/.local/lib/python3.8/site-packages/airflow/example_dags/example_dynamic_task_mapping_with_no_taskflow_operators.py
[2026-01-21T10:42:44.894+0000] {logging_mixin.py:188} INFO - [2026-01-21T10:42:44.894+0000] {dag.py:3036} INFO - Sync 1 DAGs
[2026-01-21T10:42:44.931+0000] {logging_mixin.py:188} INFO - [2026-01-21T10:42:44.930+0000] {dag.py:3823} INFO - Setting next_dagrun for example_dynamic_task_mapping_with_no_taskflow_operators to 2026-01-20 00:00:00+00:00, run_after=2026-01-21 00:00:00+00:00
[2026-01-21T10:42:44.958+0000] {processor.py:183} INFO - Processing /home/airflow/.local/lib/python3.8/site-packages/airflow/example_dags/example_dynamic_task_mapping_with_no_taskflow_operators.py took 0.111 seconds
[2026-01-21T10:43:15.413+0000] {processor.py:161} INFO - Started process (PID=10776) to work on /home/airflow/.local/lib/python3.8/site-packages/airflow/example_dags/example_dynamic_task_mapping_with_no_taskflow_operators.py
[2026-01-21T10:43:15.415+0000] {processor.py:830} INFO - Processing file /home/airflow/.local/lib/python3.8/site-packages/airflow/example_dags/example_dynamic_task_mapping_with_no_taskflow_operators.py for tasks to queue
[2026-01-21T10:43:15.417+0000] {logging_mixin.py:188} INFO - [2026-01-21T10:43:15.416+0000] {dagbag.py:538} INFO - Filling up the DagBag from /home/airflow/.local/lib/python3.8/site-packages/airflow/example_dags/example_dynamic_task_mapping_with_no_taskflow_operators.py
[2026-01-21T10:43:15.425+0000] {processor.py:840} INFO - DAG(s) 'example_dynamic_task_mapping_with_no_taskflow_operators' retrieved from /home/airflow/.local/lib/python3.8/site-packages/airflow/example_dags/example_dynamic_task_mapping_with_no_taskflow_operators.py
[2026-01-21T10:43:15.453+0000] {logging_mixin.py:188} INFO - [2026-01-21T10:43:15.453+0000] {dag.py:3036} INFO - Sync 1 DAGs
[2026-01-21T10:43:15.490+0000] {logging_mixin.py:188} INFO - [2026-01-21T10:43:15.490+0000] {dag.py:3823} INFO - Setting next_dagrun for example_dynamic_task_mapping_with_no_taskflow_operators to 2026-01-20 00:00:00+00:00, run_after=2026-01-21 00:00:00+00:00
[2026-01-21T10:43:15.516+0000] {processor.py:183} INFO - Processing /home/airflow/.local/lib/python3.8/site-packages/airflow/example_dags/example_dynamic_task_mapping_with_no_taskflow_operators.py took 0.108 seconds
[2026-01-21T10:43:45.962+0000] {processor.py:161} INFO - Started process (PID=10843) to work on /home/airflow/.local/lib/python3.8/site-packages/airflow/example_dags/example_dynamic_task_mapping_with_no_taskflow_operators.py
[2026-01-21T10:43:45.964+0000] {processor.py:830} INFO - Processing file /home/airflow/.local/lib/python3.8/site-packages/airflow/example_dags/example_dynamic_task_mapping_with_no_taskflow_operators.py for tasks to queue
[2026-01-21T10:43:45.966+0000] {logging_mixin.py:188} INFO - [2026-01-21T10:43:45.966+0000] {dagbag.py:538} INFO - Filling up the DagBag from /home/airflow/.local/lib/python3.8/site-packages/airflow/example_dags/example_dynamic_task_mapping_with_no_taskflow_operators.py
[2026-01-21T10:43:45.977+0000] {processor.py:840} INFO - DAG(s) 'example_dynamic_task_mapping_with_no_taskflow_operators' retrieved from /home/airflow/.local/lib/python3.8/site-packages/airflow/example_dags/example_dynamic_task_mapping_with_no_taskflow_operators.py
[2026-01-21T10:43:46.005+0000] {logging_mixin.py:188} INFO - [2026-01-21T10:43:46.005+0000] {dag.py:3036} INFO - Sync 1 DAGs
[2026-01-21T10:43:46.042+0000] {logging_mixin.py:188} INFO - [2026-01-21T10:43:46.041+0000] {dag.py:3823} INFO - Setting next_dagrun for example_dynamic_task_mapping_with_no_taskflow_operators to 2026-01-20 00:00:00+00:00, run_after=2026-01-21 00:00:00+00:00
[2026-01-21T10:43:46.070+0000] {processor.py:183} INFO - Processing /home/airflow/.local/lib/python3.8/site-packages/airflow/example_dags/example_dynamic_task_mapping_with_no_taskflow_operators.py took 0.114 seconds
[2026-01-21T10:44:16.623+0000] {processor.py:161} INFO - Started process (PID=10909) to work on /home/airflow/.local/lib/python3.8/site-packages/airflow/example_dags/example_dynamic_task_mapping_with_no_taskflow_operators.py
[2026-01-21T10:44:16.625+0000] {processor.py:830} INFO - Processing file /home/airflow/.local/lib/python3.8/site-packages/airflow/example_dags/example_dynamic_task_mapping_with_no_taskflow_operators.py for tasks to queue
[2026-01-21T10:44:16.627+0000] {logging_mixin.py:188} INFO - [2026-01-21T10:44:16.627+0000] {dagbag.py:538} INFO - Filling up the DagBag from /home/airflow/.local/lib/python3.8/site-packages/airflow/example_dags/example_dynamic_task_mapping_with_no_taskflow_operators.py
[2026-01-21T10:44:16.638+0000] {processor.py:840} INFO - DAG(s) 'example_dynamic_task_mapping_with_no_taskflow_operators' retrieved from /home/airflow/.local/lib/python3.8/site-packages/airflow/example_dags/example_dynamic_task_mapping_with_no_taskflow_operators.py
[2026-01-21T10:44:16.673+0000] {logging_mixin.py:188} INFO - [2026-01-21T10:44:16.673+0000] {dag.py:3036} INFO - Sync 1 DAGs
[2026-01-21T10:44:16.715+0000] {logging_mixin.py:188} INFO - [2026-01-21T10:44:16.715+0000] {dag.py:3823} INFO - Setting next_dagrun for example_dynamic_task_mapping_with_no_taskflow_operators to 2026-01-20 00:00:00+00:00, run_after=2026-01-21 00:00:00+00:00
[2026-01-21T10:44:16.748+0000] {processor.py:183} INFO - Processing /home/airflow/.local/lib/python3.8/site-packages/airflow/example_dags/example_dynamic_task_mapping_with_no_taskflow_operators.py took 0.131 seconds
[2026-01-21T10:44:47.211+0000] {processor.py:161} INFO - Started process (PID=10973) to work on /home/airflow/.local/lib/python3.8/site-packages/airflow/example_dags/example_dynamic_task_mapping_with_no_taskflow_operators.py
[2026-01-21T10:44:47.213+0000] {processor.py:830} INFO - Processing file /home/airflow/.local/lib/python3.8/site-packages/airflow/example_dags/example_dynamic_task_mapping_with_no_taskflow_operators.py for tasks to queue
[2026-01-21T10:44:47.215+0000] {logging_mixin.py:188} INFO - [2026-01-21T10:44:47.215+0000] {dagbag.py:538} INFO - Filling up the DagBag from /home/airflow/.local/lib/python3.8/site-packages/airflow/example_dags/example_dynamic_task_mapping_with_no_taskflow_operators.py
[2026-01-21T10:44:47.223+0000] {processor.py:840} INFO - DAG(s) 'example_dynamic_task_mapping_with_no_taskflow_operators' retrieved from /home/airflow/.local/lib/python3.8/site-packages/airflow/example_dags/example_dynamic_task_mapping_with_no_taskflow_operators.py
[2026-01-21T10:44:47.251+0000] {logging_mixin.py:188} INFO - [2026-01-21T10:44:47.251+0000] {dag.py:3036} INFO - Sync 1 DAGs
[2026-01-21T10:44:47.284+0000] {logging_mixin.py:188} INFO - [2026-01-21T10:44:47.284+0000] {dag.py:3823} INFO - Setting next_dagrun for example_dynamic_task_mapping_with_no_taskflow_operators to 2026-01-20 00:00:00+00:00, run_after=2026-01-21 00:00:00+00:00
[2026-01-21T10:44:47.309+0000] {processor.py:183} INFO - Processing /home/airflow/.local/lib/python3.8/site-packages/airflow/example_dags/example_dynamic_task_mapping_with_no_taskflow_operators.py took 0.103 seconds
[2026-01-21T10:45:17.480+0000] {processor.py:161} INFO - Started process (PID=11038) to work on /home/airflow/.local/lib/python3.8/site-packages/airflow/example_dags/example_dynamic_task_mapping_with_no_taskflow_operators.py
[2026-01-21T10:45:17.481+0000] {processor.py:830} INFO - Processing file /home/airflow/.local/lib/python3.8/site-packages/airflow/example_dags/example_dynamic_task_mapping_with_no_taskflow_operators.py for tasks to queue
[2026-01-21T10:45:17.485+0000] {logging_mixin.py:188} INFO - [2026-01-21T10:45:17.484+0000] {dagbag.py:538} INFO - Filling up the DagBag from /home/airflow/.local/lib/python3.8/site-packages/airflow/example_dags/example_dynamic_task_mapping_with_no_taskflow_operators.py
[2026-01-21T10:45:17.496+0000] {processor.py:840} INFO - DAG(s) 'example_dynamic_task_mapping_with_no_taskflow_operators' retrieved from /home/airflow/.local/lib/python3.8/site-packages/airflow/example_dags/example_dynamic_task_mapping_with_no_taskflow_operators.py
[2026-01-21T10:45:17.533+0000] {logging_mixin.py:188} INFO - [2026-01-21T10:45:17.532+0000] {dag.py:3036} INFO - Sync 1 DAGs
[2026-01-21T10:45:17.572+0000] {logging_mixin.py:188} INFO - [2026-01-21T10:45:17.571+0000] {dag.py:3823} INFO - Setting next_dagrun for example_dynamic_task_mapping_with_no_taskflow_operators to 2026-01-20 00:00:00+00:00, run_after=2026-01-21 00:00:00+00:00
[2026-01-21T10:45:17.604+0000] {processor.py:183} INFO - Processing /home/airflow/.local/lib/python3.8/site-packages/airflow/example_dags/example_dynamic_task_mapping_with_no_taskflow_operators.py took 0.129 seconds
[2026-01-21T10:45:47.737+0000] {processor.py:161} INFO - Started process (PID=11103) to work on /home/airflow/.local/lib/python3.8/site-packages/airflow/example_dags/example_dynamic_task_mapping_with_no_taskflow_operators.py
[2026-01-21T10:45:47.740+0000] {processor.py:830} INFO - Processing file /home/airflow/.local/lib/python3.8/site-packages/airflow/example_dags/example_dynamic_task_mapping_with_no_taskflow_operators.py for tasks to queue
[2026-01-21T10:45:47.743+0000] {logging_mixin.py:188} INFO - [2026-01-21T10:45:47.742+0000] {dagbag.py:538} INFO - Filling up the DagBag from /home/airflow/.local/lib/python3.8/site-packages/airflow/example_dags/example_dynamic_task_mapping_with_no_taskflow_operators.py
[2026-01-21T10:45:47.754+0000] {processor.py:840} INFO - DAG(s) 'example_dynamic_task_mapping_with_no_taskflow_operators' retrieved from /home/airflow/.local/lib/python3.8/site-packages/airflow/example_dags/example_dynamic_task_mapping_with_no_taskflow_operators.py
[2026-01-21T10:45:47.790+0000] {logging_mixin.py:188} INFO - [2026-01-21T10:45:47.789+0000] {dag.py:3036} INFO - Sync 1 DAGs
[2026-01-21T10:45:47.834+0000] {logging_mixin.py:188} INFO - [2026-01-21T10:45:47.834+0000] {dag.py:3823} INFO - Setting next_dagrun for example_dynamic_task_mapping_with_no_taskflow_operators to 2026-01-20 00:00:00+00:00, run_after=2026-01-21 00:00:00+00:00
[2026-01-21T10:45:47.873+0000] {processor.py:183} INFO - Processing /home/airflow/.local/lib/python3.8/site-packages/airflow/example_dags/example_dynamic_task_mapping_with_no_taskflow_operators.py took 0.142 seconds
[2026-01-21T10:46:18.757+0000] {processor.py:161} INFO - Started process (PID=11169) to work on /home/airflow/.local/lib/python3.8/site-packages/airflow/example_dags/example_dynamic_task_mapping_with_no_taskflow_operators.py
[2026-01-21T10:46:18.759+0000] {processor.py:830} INFO - Processing file /home/airflow/.local/lib/python3.8/site-packages/airflow/example_dags/example_dynamic_task_mapping_with_no_taskflow_operators.py for tasks to queue
[2026-01-21T10:46:18.762+0000] {logging_mixin.py:188} INFO - [2026-01-21T10:46:18.761+0000] {dagbag.py:538} INFO - Filling up the DagBag from /home/airflow/.local/lib/python3.8/site-packages/airflow/example_dags/example_dynamic_task_mapping_with_no_taskflow_operators.py
[2026-01-21T10:46:18.772+0000] {processor.py:840} INFO - DAG(s) 'example_dynamic_task_mapping_with_no_taskflow_operators' retrieved from /home/airflow/.local/lib/python3.8/site-packages/airflow/example_dags/example_dynamic_task_mapping_with_no_taskflow_operators.py
[2026-01-21T10:46:18.807+0000] {logging_mixin.py:188} INFO - [2026-01-21T10:46:18.806+0000] {dag.py:3036} INFO - Sync 1 DAGs
[2026-01-21T10:46:18.848+0000] {logging_mixin.py:188} INFO - [2026-01-21T10:46:18.847+0000] {dag.py:3823} INFO - Setting next_dagrun for example_dynamic_task_mapping_with_no_taskflow_operators to 2026-01-20 00:00:00+00:00, run_after=2026-01-21 00:00:00+00:00
[2026-01-21T10:46:18.873+0000] {processor.py:183} INFO - Processing /home/airflow/.local/lib/python3.8/site-packages/airflow/example_dags/example_dynamic_task_mapping_with_no_taskflow_operators.py took 0.122 seconds
[2026-01-21T10:46:49.012+0000] {processor.py:161} INFO - Started process (PID=11241) to work on /home/airflow/.local/lib/python3.8/site-packages/airflow/example_dags/example_dynamic_task_mapping_with_no_taskflow_operators.py
[2026-01-21T10:46:49.029+0000] {processor.py:830} INFO - Processing file /home/airflow/.local/lib/python3.8/site-packages/airflow/example_dags/example_dynamic_task_mapping_with_no_taskflow_operators.py for tasks to queue
[2026-01-21T10:46:49.032+0000] {logging_mixin.py:188} INFO - [2026-01-21T10:46:49.031+0000] {dagbag.py:538} INFO - Filling up the DagBag from /home/airflow/.local/lib/python3.8/site-packages/airflow/example_dags/example_dynamic_task_mapping_with_no_taskflow_operators.py
[2026-01-21T10:46:49.055+0000] {processor.py:840} INFO - DAG(s) 'example_dynamic_task_mapping_with_no_taskflow_operators' retrieved from /home/airflow/.local/lib/python3.8/site-packages/airflow/example_dags/example_dynamic_task_mapping_with_no_taskflow_operators.py
[2026-01-21T10:46:49.099+0000] {logging_mixin.py:188} INFO - [2026-01-21T10:46:49.098+0000] {dag.py:3036} INFO - Sync 1 DAGs
[2026-01-21T10:46:49.141+0000] {logging_mixin.py:188} INFO - [2026-01-21T10:46:49.141+0000] {dag.py:3823} INFO - Setting next_dagrun for example_dynamic_task_mapping_with_no_taskflow_operators to 2026-01-20 00:00:00+00:00, run_after=2026-01-21 00:00:00+00:00
[2026-01-21T10:46:49.184+0000] {processor.py:183} INFO - Processing /home/airflow/.local/lib/python3.8/site-packages/airflow/example_dags/example_dynamic_task_mapping_with_no_taskflow_operators.py took 0.178 seconds
[2026-01-21T10:47:19.539+0000] {processor.py:161} INFO - Started process (PID=11309) to work on /home/airflow/.local/lib/python3.8/site-packages/airflow/example_dags/example_dynamic_task_mapping_with_no_taskflow_operators.py
[2026-01-21T10:47:19.555+0000] {processor.py:830} INFO - Processing file /home/airflow/.local/lib/python3.8/site-packages/airflow/example_dags/example_dynamic_task_mapping_with_no_taskflow_operators.py for tasks to queue
[2026-01-21T10:47:19.558+0000] {logging_mixin.py:188} INFO - [2026-01-21T10:47:19.557+0000] {dagbag.py:538} INFO - Filling up the DagBag from /home/airflow/.local/lib/python3.8/site-packages/airflow/example_dags/example_dynamic_task_mapping_with_no_taskflow_operators.py
[2026-01-21T10:47:19.568+0000] {processor.py:840} INFO - DAG(s) 'example_dynamic_task_mapping_with_no_taskflow_operators' retrieved from /home/airflow/.local/lib/python3.8/site-packages/airflow/example_dags/example_dynamic_task_mapping_with_no_taskflow_operators.py
[2026-01-21T10:47:19.623+0000] {logging_mixin.py:188} INFO - [2026-01-21T10:47:19.622+0000] {dag.py:3036} INFO - Sync 1 DAGs
[2026-01-21T10:47:19.668+0000] {logging_mixin.py:188} INFO - [2026-01-21T10:47:19.667+0000] {dag.py:3823} INFO - Setting next_dagrun for example_dynamic_task_mapping_with_no_taskflow_operators to 2026-01-20 00:00:00+00:00, run_after=2026-01-21 00:00:00+00:00
[2026-01-21T10:47:19.713+0000] {processor.py:183} INFO - Processing /home/airflow/.local/lib/python3.8/site-packages/airflow/example_dags/example_dynamic_task_mapping_with_no_taskflow_operators.py took 0.179 seconds
[2026-01-21T10:47:50.187+0000] {processor.py:161} INFO - Started process (PID=11375) to work on /home/airflow/.local/lib/python3.8/site-packages/airflow/example_dags/example_dynamic_task_mapping_with_no_taskflow_operators.py
[2026-01-21T10:47:50.188+0000] {processor.py:830} INFO - Processing file /home/airflow/.local/lib/python3.8/site-packages/airflow/example_dags/example_dynamic_task_mapping_with_no_taskflow_operators.py for tasks to queue
[2026-01-21T10:47:50.191+0000] {logging_mixin.py:188} INFO - [2026-01-21T10:47:50.190+0000] {dagbag.py:538} INFO - Filling up the DagBag from /home/airflow/.local/lib/python3.8/site-packages/airflow/example_dags/example_dynamic_task_mapping_with_no_taskflow_operators.py
[2026-01-21T10:47:50.203+0000] {processor.py:840} INFO - DAG(s) 'example_dynamic_task_mapping_with_no_taskflow_operators' retrieved from /home/airflow/.local/lib/python3.8/site-packages/airflow/example_dags/example_dynamic_task_mapping_with_no_taskflow_operators.py
[2026-01-21T10:47:50.239+0000] {logging_mixin.py:188} INFO - [2026-01-21T10:47:50.239+0000] {dag.py:3036} INFO - Sync 1 DAGs
[2026-01-21T10:47:50.283+0000] {logging_mixin.py:188} INFO - [2026-01-21T10:47:50.282+0000] {dag.py:3823} INFO - Setting next_dagrun for example_dynamic_task_mapping_with_no_taskflow_operators to 2026-01-20 00:00:00+00:00, run_after=2026-01-21 00:00:00+00:00
[2026-01-21T10:47:50.322+0000] {processor.py:183} INFO - Processing /home/airflow/.local/lib/python3.8/site-packages/airflow/example_dags/example_dynamic_task_mapping_with_no_taskflow_operators.py took 0.141 seconds
[2026-01-21T10:48:20.499+0000] {processor.py:161} INFO - Started process (PID=11441) to work on /home/airflow/.local/lib/python3.8/site-packages/airflow/example_dags/example_dynamic_task_mapping_with_no_taskflow_operators.py
[2026-01-21T10:48:20.502+0000] {processor.py:830} INFO - Processing file /home/airflow/.local/lib/python3.8/site-packages/airflow/example_dags/example_dynamic_task_mapping_with_no_taskflow_operators.py for tasks to queue
[2026-01-21T10:48:20.504+0000] {logging_mixin.py:188} INFO - [2026-01-21T10:48:20.504+0000] {dagbag.py:538} INFO - Filling up the DagBag from /home/airflow/.local/lib/python3.8/site-packages/airflow/example_dags/example_dynamic_task_mapping_with_no_taskflow_operators.py
[2026-01-21T10:48:20.516+0000] {processor.py:840} INFO - DAG(s) 'example_dynamic_task_mapping_with_no_taskflow_operators' retrieved from /home/airflow/.local/lib/python3.8/site-packages/airflow/example_dags/example_dynamic_task_mapping_with_no_taskflow_operators.py
[2026-01-21T10:48:20.547+0000] {logging_mixin.py:188} INFO - [2026-01-21T10:48:20.547+0000] {dag.py:3036} INFO - Sync 1 DAGs
[2026-01-21T10:48:20.585+0000] {logging_mixin.py:188} INFO - [2026-01-21T10:48:20.585+0000] {dag.py:3823} INFO - Setting next_dagrun for example_dynamic_task_mapping_with_no_taskflow_operators to 2026-01-20 00:00:00+00:00, run_after=2026-01-21 00:00:00+00:00
[2026-01-21T10:48:20.615+0000] {processor.py:183} INFO - Processing /home/airflow/.local/lib/python3.8/site-packages/airflow/example_dags/example_dynamic_task_mapping_with_no_taskflow_operators.py took 0.122 seconds
[2026-01-21T10:48:50.809+0000] {processor.py:161} INFO - Started process (PID=11508) to work on /home/airflow/.local/lib/python3.8/site-packages/airflow/example_dags/example_dynamic_task_mapping_with_no_taskflow_operators.py
[2026-01-21T10:48:50.810+0000] {processor.py:830} INFO - Processing file /home/airflow/.local/lib/python3.8/site-packages/airflow/example_dags/example_dynamic_task_mapping_with_no_taskflow_operators.py for tasks to queue
[2026-01-21T10:48:50.813+0000] {logging_mixin.py:188} INFO - [2026-01-21T10:48:50.812+0000] {dagbag.py:538} INFO - Filling up the DagBag from /home/airflow/.local/lib/python3.8/site-packages/airflow/example_dags/example_dynamic_task_mapping_with_no_taskflow_operators.py
[2026-01-21T10:48:50.821+0000] {processor.py:840} INFO - DAG(s) 'example_dynamic_task_mapping_with_no_taskflow_operators' retrieved from /home/airflow/.local/lib/python3.8/site-packages/airflow/example_dags/example_dynamic_task_mapping_with_no_taskflow_operators.py
[2026-01-21T10:48:50.848+0000] {logging_mixin.py:188} INFO - [2026-01-21T10:48:50.848+0000] {dag.py:3036} INFO - Sync 1 DAGs
[2026-01-21T10:48:50.891+0000] {logging_mixin.py:188} INFO - [2026-01-21T10:48:50.891+0000] {dag.py:3823} INFO - Setting next_dagrun for example_dynamic_task_mapping_with_no_taskflow_operators to 2026-01-20 00:00:00+00:00, run_after=2026-01-21 00:00:00+00:00
[2026-01-21T10:48:50.925+0000] {processor.py:183} INFO - Processing /home/airflow/.local/lib/python3.8/site-packages/airflow/example_dags/example_dynamic_task_mapping_with_no_taskflow_operators.py took 0.120 seconds
[2026-01-21T10:49:21.083+0000] {processor.py:161} INFO - Started process (PID=11572) to work on /home/airflow/.local/lib/python3.8/site-packages/airflow/example_dags/example_dynamic_task_mapping_with_no_taskflow_operators.py
[2026-01-21T10:49:21.085+0000] {processor.py:830} INFO - Processing file /home/airflow/.local/lib/python3.8/site-packages/airflow/example_dags/example_dynamic_task_mapping_with_no_taskflow_operators.py for tasks to queue
[2026-01-21T10:49:21.087+0000] {logging_mixin.py:188} INFO - [2026-01-21T10:49:21.087+0000] {dagbag.py:538} INFO - Filling up the DagBag from /home/airflow/.local/lib/python3.8/site-packages/airflow/example_dags/example_dynamic_task_mapping_with_no_taskflow_operators.py
[2026-01-21T10:49:21.095+0000] {processor.py:840} INFO - DAG(s) 'example_dynamic_task_mapping_with_no_taskflow_operators' retrieved from /home/airflow/.local/lib/python3.8/site-packages/airflow/example_dags/example_dynamic_task_mapping_with_no_taskflow_operators.py
[2026-01-21T10:49:21.127+0000] {logging_mixin.py:188} INFO - [2026-01-21T10:49:21.127+0000] {dag.py:3036} INFO - Sync 1 DAGs
[2026-01-21T10:49:21.165+0000] {logging_mixin.py:188} INFO - [2026-01-21T10:49:21.164+0000] {dag.py:3823} INFO - Setting next_dagrun for example_dynamic_task_mapping_with_no_taskflow_operators to 2026-01-20 00:00:00+00:00, run_after=2026-01-21 00:00:00+00:00
[2026-01-21T10:49:21.197+0000] {processor.py:183} INFO - Processing /home/airflow/.local/lib/python3.8/site-packages/airflow/example_dags/example_dynamic_task_mapping_with_no_taskflow_operators.py took 0.119 seconds
[2026-01-21T10:49:51.617+0000] {processor.py:161} INFO - Started process (PID=11638) to work on /home/airflow/.local/lib/python3.8/site-packages/airflow/example_dags/example_dynamic_task_mapping_with_no_taskflow_operators.py
[2026-01-21T10:49:51.619+0000] {processor.py:830} INFO - Processing file /home/airflow/.local/lib/python3.8/site-packages/airflow/example_dags/example_dynamic_task_mapping_with_no_taskflow_operators.py for tasks to queue
[2026-01-21T10:49:51.622+0000] {logging_mixin.py:188} INFO - [2026-01-21T10:49:51.621+0000] {dagbag.py:538} INFO - Filling up the DagBag from /home/airflow/.local/lib/python3.8/site-packages/airflow/example_dags/example_dynamic_task_mapping_with_no_taskflow_operators.py
[2026-01-21T10:49:51.634+0000] {processor.py:840} INFO - DAG(s) 'example_dynamic_task_mapping_with_no_taskflow_operators' retrieved from /home/airflow/.local/lib/python3.8/site-packages/airflow/example_dags/example_dynamic_task_mapping_with_no_taskflow_operators.py
[2026-01-21T10:49:51.670+0000] {logging_mixin.py:188} INFO - [2026-01-21T10:49:51.669+0000] {dag.py:3036} INFO - Sync 1 DAGs
[2026-01-21T10:49:51.720+0000] {logging_mixin.py:188} INFO - [2026-01-21T10:49:51.720+0000] {dag.py:3823} INFO - Setting next_dagrun for example_dynamic_task_mapping_with_no_taskflow_operators to 2026-01-20 00:00:00+00:00, run_after=2026-01-21 00:00:00+00:00
[2026-01-21T10:49:51.750+0000] {processor.py:183} INFO - Processing /home/airflow/.local/lib/python3.8/site-packages/airflow/example_dags/example_dynamic_task_mapping_with_no_taskflow_operators.py took 0.140 seconds
[2026-01-21T10:50:21.928+0000] {processor.py:161} INFO - Started process (PID=11704) to work on /home/airflow/.local/lib/python3.8/site-packages/airflow/example_dags/example_dynamic_task_mapping_with_no_taskflow_operators.py
[2026-01-21T10:50:21.930+0000] {processor.py:830} INFO - Processing file /home/airflow/.local/lib/python3.8/site-packages/airflow/example_dags/example_dynamic_task_mapping_with_no_taskflow_operators.py for tasks to queue
[2026-01-21T10:50:21.933+0000] {logging_mixin.py:188} INFO - [2026-01-21T10:50:21.932+0000] {dagbag.py:538} INFO - Filling up the DagBag from /home/airflow/.local/lib/python3.8/site-packages/airflow/example_dags/example_dynamic_task_mapping_with_no_taskflow_operators.py
[2026-01-21T10:50:21.941+0000] {processor.py:840} INFO - DAG(s) 'example_dynamic_task_mapping_with_no_taskflow_operators' retrieved from /home/airflow/.local/lib/python3.8/site-packages/airflow/example_dags/example_dynamic_task_mapping_with_no_taskflow_operators.py
[2026-01-21T10:50:21.969+0000] {logging_mixin.py:188} INFO - [2026-01-21T10:50:21.968+0000] {dag.py:3036} INFO - Sync 1 DAGs
[2026-01-21T10:50:22.000+0000] {logging_mixin.py:188} INFO - [2026-01-21T10:50:22.000+0000] {dag.py:3823} INFO - Setting next_dagrun for example_dynamic_task_mapping_with_no_taskflow_operators to 2026-01-20 00:00:00+00:00, run_after=2026-01-21 00:00:00+00:00
[2026-01-21T10:50:22.025+0000] {processor.py:183} INFO - Processing /home/airflow/.local/lib/python3.8/site-packages/airflow/example_dags/example_dynamic_task_mapping_with_no_taskflow_operators.py took 0.102 seconds
[2026-01-21T10:50:52.133+0000] {processor.py:161} INFO - Started process (PID=11776) to work on /home/airflow/.local/lib/python3.8/site-packages/airflow/example_dags/example_dynamic_task_mapping_with_no_taskflow_operators.py
[2026-01-21T10:50:52.135+0000] {processor.py:830} INFO - Processing file /home/airflow/.local/lib/python3.8/site-packages/airflow/example_dags/example_dynamic_task_mapping_with_no_taskflow_operators.py for tasks to queue
[2026-01-21T10:50:52.138+0000] {logging_mixin.py:188} INFO - [2026-01-21T10:50:52.138+0000] {dagbag.py:538} INFO - Filling up the DagBag from /home/airflow/.local/lib/python3.8/site-packages/airflow/example_dags/example_dynamic_task_mapping_with_no_taskflow_operators.py
[2026-01-21T10:50:52.148+0000] {processor.py:840} INFO - DAG(s) 'example_dynamic_task_mapping_with_no_taskflow_operators' retrieved from /home/airflow/.local/lib/python3.8/site-packages/airflow/example_dags/example_dynamic_task_mapping_with_no_taskflow_operators.py
[2026-01-21T10:50:52.176+0000] {logging_mixin.py:188} INFO - [2026-01-21T10:50:52.176+0000] {dag.py:3036} INFO - Sync 1 DAGs
[2026-01-21T10:50:52.403+0000] {logging_mixin.py:188} INFO - [2026-01-21T10:50:52.402+0000] {dag.py:3823} INFO - Setting next_dagrun for example_dynamic_task_mapping_with_no_taskflow_operators to 2026-01-20 00:00:00+00:00, run_after=2026-01-21 00:00:00+00:00
[2026-01-21T10:50:52.439+0000] {processor.py:183} INFO - Processing /home/airflow/.local/lib/python3.8/site-packages/airflow/example_dags/example_dynamic_task_mapping_with_no_taskflow_operators.py took 0.311 seconds
[2026-01-21T10:51:22.956+0000] {processor.py:161} INFO - Started process (PID=11840) to work on /home/airflow/.local/lib/python3.8/site-packages/airflow/example_dags/example_dynamic_task_mapping_with_no_taskflow_operators.py
[2026-01-21T10:51:22.957+0000] {processor.py:830} INFO - Processing file /home/airflow/.local/lib/python3.8/site-packages/airflow/example_dags/example_dynamic_task_mapping_with_no_taskflow_operators.py for tasks to queue
[2026-01-21T10:51:22.959+0000] {logging_mixin.py:188} INFO - [2026-01-21T10:51:22.959+0000] {dagbag.py:538} INFO - Filling up the DagBag from /home/airflow/.local/lib/python3.8/site-packages/airflow/example_dags/example_dynamic_task_mapping_with_no_taskflow_operators.py
[2026-01-21T10:51:22.969+0000] {processor.py:840} INFO - DAG(s) 'example_dynamic_task_mapping_with_no_taskflow_operators' retrieved from /home/airflow/.local/lib/python3.8/site-packages/airflow/example_dags/example_dynamic_task_mapping_with_no_taskflow_operators.py
[2026-01-21T10:51:22.999+0000] {logging_mixin.py:188} INFO - [2026-01-21T10:51:22.998+0000] {dag.py:3036} INFO - Sync 1 DAGs
[2026-01-21T10:51:23.033+0000] {logging_mixin.py:188} INFO - [2026-01-21T10:51:23.033+0000] {dag.py:3823} INFO - Setting next_dagrun for example_dynamic_task_mapping_with_no_taskflow_operators to 2026-01-20 00:00:00+00:00, run_after=2026-01-21 00:00:00+00:00
[2026-01-21T10:51:23.232+0000] {processor.py:183} INFO - Processing /home/airflow/.local/lib/python3.8/site-packages/airflow/example_dags/example_dynamic_task_mapping_with_no_taskflow_operators.py took 0.282 seconds
[2026-01-21T10:51:54.170+0000] {processor.py:161} INFO - Started process (PID=11907) to work on /home/airflow/.local/lib/python3.8/site-packages/airflow/example_dags/example_dynamic_task_mapping_with_no_taskflow_operators.py
[2026-01-21T10:51:54.172+0000] {processor.py:830} INFO - Processing file /home/airflow/.local/lib/python3.8/site-packages/airflow/example_dags/example_dynamic_task_mapping_with_no_taskflow_operators.py for tasks to queue
[2026-01-21T10:51:54.174+0000] {logging_mixin.py:188} INFO - [2026-01-21T10:51:54.174+0000] {dagbag.py:538} INFO - Filling up the DagBag from /home/airflow/.local/lib/python3.8/site-packages/airflow/example_dags/example_dynamic_task_mapping_with_no_taskflow_operators.py
[2026-01-21T10:51:54.183+0000] {processor.py:840} INFO - DAG(s) 'example_dynamic_task_mapping_with_no_taskflow_operators' retrieved from /home/airflow/.local/lib/python3.8/site-packages/airflow/example_dags/example_dynamic_task_mapping_with_no_taskflow_operators.py
[2026-01-21T10:51:54.213+0000] {logging_mixin.py:188} INFO - [2026-01-21T10:51:54.213+0000] {dag.py:3036} INFO - Sync 1 DAGs
[2026-01-21T10:51:54.247+0000] {logging_mixin.py:188} INFO - [2026-01-21T10:51:54.247+0000] {dag.py:3823} INFO - Setting next_dagrun for example_dynamic_task_mapping_with_no_taskflow_operators to 2026-01-20 00:00:00+00:00, run_after=2026-01-21 00:00:00+00:00
[2026-01-21T10:51:54.273+0000] {processor.py:183} INFO - Processing /home/airflow/.local/lib/python3.8/site-packages/airflow/example_dags/example_dynamic_task_mapping_with_no_taskflow_operators.py took 0.108 seconds
[2026-01-21T10:52:24.650+0000] {processor.py:161} INFO - Started process (PID=11973) to work on /home/airflow/.local/lib/python3.8/site-packages/airflow/example_dags/example_dynamic_task_mapping_with_no_taskflow_operators.py
[2026-01-21T10:52:24.652+0000] {processor.py:830} INFO - Processing file /home/airflow/.local/lib/python3.8/site-packages/airflow/example_dags/example_dynamic_task_mapping_with_no_taskflow_operators.py for tasks to queue
[2026-01-21T10:52:24.654+0000] {logging_mixin.py:188} INFO - [2026-01-21T10:52:24.653+0000] {dagbag.py:538} INFO - Filling up the DagBag from /home/airflow/.local/lib/python3.8/site-packages/airflow/example_dags/example_dynamic_task_mapping_with_no_taskflow_operators.py
[2026-01-21T10:52:24.662+0000] {processor.py:840} INFO - DAG(s) 'example_dynamic_task_mapping_with_no_taskflow_operators' retrieved from /home/airflow/.local/lib/python3.8/site-packages/airflow/example_dags/example_dynamic_task_mapping_with_no_taskflow_operators.py
[2026-01-21T10:52:24.697+0000] {logging_mixin.py:188} INFO - [2026-01-21T10:52:24.697+0000] {dag.py:3036} INFO - Sync 1 DAGs
[2026-01-21T10:52:24.736+0000] {logging_mixin.py:188} INFO - [2026-01-21T10:52:24.736+0000] {dag.py:3823} INFO - Setting next_dagrun for example_dynamic_task_mapping_with_no_taskflow_operators to 2026-01-20 00:00:00+00:00, run_after=2026-01-21 00:00:00+00:00
[2026-01-21T10:52:24.766+0000] {processor.py:183} INFO - Processing /home/airflow/.local/lib/python3.8/site-packages/airflow/example_dags/example_dynamic_task_mapping_with_no_taskflow_operators.py took 0.121 seconds
[2026-01-21T10:52:55.485+0000] {processor.py:161} INFO - Started process (PID=12038) to work on /home/airflow/.local/lib/python3.8/site-packages/airflow/example_dags/example_dynamic_task_mapping_with_no_taskflow_operators.py
[2026-01-21T10:52:55.487+0000] {processor.py:830} INFO - Processing file /home/airflow/.local/lib/python3.8/site-packages/airflow/example_dags/example_dynamic_task_mapping_with_no_taskflow_operators.py for tasks to queue
[2026-01-21T10:52:55.489+0000] {logging_mixin.py:188} INFO - [2026-01-21T10:52:55.489+0000] {dagbag.py:538} INFO - Filling up the DagBag from /home/airflow/.local/lib/python3.8/site-packages/airflow/example_dags/example_dynamic_task_mapping_with_no_taskflow_operators.py
[2026-01-21T10:52:55.497+0000] {processor.py:840} INFO - DAG(s) 'example_dynamic_task_mapping_with_no_taskflow_operators' retrieved from /home/airflow/.local/lib/python3.8/site-packages/airflow/example_dags/example_dynamic_task_mapping_with_no_taskflow_operators.py
[2026-01-21T10:52:55.533+0000] {logging_mixin.py:188} INFO - [2026-01-21T10:52:55.533+0000] {dag.py:3036} INFO - Sync 1 DAGs
[2026-01-21T10:52:55.730+0000] {logging_mixin.py:188} INFO - [2026-01-21T10:52:55.730+0000] {dag.py:3823} INFO - Setting next_dagrun for example_dynamic_task_mapping_with_no_taskflow_operators to 2026-01-20 00:00:00+00:00, run_after=2026-01-21 00:00:00+00:00
[2026-01-21T10:52:55.758+0000] {processor.py:183} INFO - Processing /home/airflow/.local/lib/python3.8/site-packages/airflow/example_dags/example_dynamic_task_mapping_with_no_taskflow_operators.py took 0.277 seconds
[2026-01-21T10:53:25.995+0000] {processor.py:161} INFO - Started process (PID=12103) to work on /home/airflow/.local/lib/python3.8/site-packages/airflow/example_dags/example_dynamic_task_mapping_with_no_taskflow_operators.py
[2026-01-21T10:53:25.996+0000] {processor.py:830} INFO - Processing file /home/airflow/.local/lib/python3.8/site-packages/airflow/example_dags/example_dynamic_task_mapping_with_no_taskflow_operators.py for tasks to queue
[2026-01-21T10:53:25.998+0000] {logging_mixin.py:188} INFO - [2026-01-21T10:53:25.998+0000] {dagbag.py:538} INFO - Filling up the DagBag from /home/airflow/.local/lib/python3.8/site-packages/airflow/example_dags/example_dynamic_task_mapping_with_no_taskflow_operators.py
[2026-01-21T10:53:26.007+0000] {processor.py:840} INFO - DAG(s) 'example_dynamic_task_mapping_with_no_taskflow_operators' retrieved from /home/airflow/.local/lib/python3.8/site-packages/airflow/example_dags/example_dynamic_task_mapping_with_no_taskflow_operators.py
[2026-01-21T10:53:26.035+0000] {logging_mixin.py:188} INFO - [2026-01-21T10:53:26.035+0000] {dag.py:3036} INFO - Sync 1 DAGs
[2026-01-21T10:53:26.258+0000] {logging_mixin.py:188} INFO - [2026-01-21T10:53:26.258+0000] {dag.py:3823} INFO - Setting next_dagrun for example_dynamic_task_mapping_with_no_taskflow_operators to 2026-01-20 00:00:00+00:00, run_after=2026-01-21 00:00:00+00:00
[2026-01-21T10:53:26.295+0000] {processor.py:183} INFO - Processing /home/airflow/.local/lib/python3.8/site-packages/airflow/example_dags/example_dynamic_task_mapping_with_no_taskflow_operators.py took 0.304 seconds
[2026-01-21T10:53:57.166+0000] {processor.py:161} INFO - Started process (PID=12178) to work on /home/airflow/.local/lib/python3.8/site-packages/airflow/example_dags/example_dynamic_task_mapping_with_no_taskflow_operators.py
[2026-01-21T10:53:57.168+0000] {processor.py:830} INFO - Processing file /home/airflow/.local/lib/python3.8/site-packages/airflow/example_dags/example_dynamic_task_mapping_with_no_taskflow_operators.py for tasks to queue
[2026-01-21T10:53:57.170+0000] {logging_mixin.py:188} INFO - [2026-01-21T10:53:57.170+0000] {dagbag.py:538} INFO - Filling up the DagBag from /home/airflow/.local/lib/python3.8/site-packages/airflow/example_dags/example_dynamic_task_mapping_with_no_taskflow_operators.py
[2026-01-21T10:53:57.180+0000] {processor.py:840} INFO - DAG(s) 'example_dynamic_task_mapping_with_no_taskflow_operators' retrieved from /home/airflow/.local/lib/python3.8/site-packages/airflow/example_dags/example_dynamic_task_mapping_with_no_taskflow_operators.py
[2026-01-21T10:53:57.214+0000] {logging_mixin.py:188} INFO - [2026-01-21T10:53:57.214+0000] {dag.py:3036} INFO - Sync 1 DAGs
[2026-01-21T10:53:57.258+0000] {logging_mixin.py:188} INFO - [2026-01-21T10:53:57.258+0000] {dag.py:3823} INFO - Setting next_dagrun for example_dynamic_task_mapping_with_no_taskflow_operators to 2026-01-20 00:00:00+00:00, run_after=2026-01-21 00:00:00+00:00
[2026-01-21T10:53:57.300+0000] {processor.py:183} INFO - Processing /home/airflow/.local/lib/python3.8/site-packages/airflow/example_dags/example_dynamic_task_mapping_with_no_taskflow_operators.py took 0.139 seconds
[2026-01-21T10:54:27.389+0000] {processor.py:161} INFO - Started process (PID=12244) to work on /home/airflow/.local/lib/python3.8/site-packages/airflow/example_dags/example_dynamic_task_mapping_with_no_taskflow_operators.py
[2026-01-21T10:54:27.391+0000] {processor.py:830} INFO - Processing file /home/airflow/.local/lib/python3.8/site-packages/airflow/example_dags/example_dynamic_task_mapping_with_no_taskflow_operators.py for tasks to queue
[2026-01-21T10:54:27.393+0000] {logging_mixin.py:188} INFO - [2026-01-21T10:54:27.392+0000] {dagbag.py:538} INFO - Filling up the DagBag from /home/airflow/.local/lib/python3.8/site-packages/airflow/example_dags/example_dynamic_task_mapping_with_no_taskflow_operators.py
[2026-01-21T10:54:27.401+0000] {processor.py:840} INFO - DAG(s) 'example_dynamic_task_mapping_with_no_taskflow_operators' retrieved from /home/airflow/.local/lib/python3.8/site-packages/airflow/example_dags/example_dynamic_task_mapping_with_no_taskflow_operators.py
[2026-01-21T10:54:27.431+0000] {logging_mixin.py:188} INFO - [2026-01-21T10:54:27.431+0000] {dag.py:3036} INFO - Sync 1 DAGs
[2026-01-21T10:54:27.471+0000] {logging_mixin.py:188} INFO - [2026-01-21T10:54:27.471+0000] {dag.py:3823} INFO - Setting next_dagrun for example_dynamic_task_mapping_with_no_taskflow_operators to 2026-01-20 00:00:00+00:00, run_after=2026-01-21 00:00:00+00:00
[2026-01-21T10:54:27.502+0000] {processor.py:183} INFO - Processing /home/airflow/.local/lib/python3.8/site-packages/airflow/example_dags/example_dynamic_task_mapping_with_no_taskflow_operators.py took 0.117 seconds
[2026-01-21T10:54:57.814+0000] {processor.py:161} INFO - Started process (PID=12310) to work on /home/airflow/.local/lib/python3.8/site-packages/airflow/example_dags/example_dynamic_task_mapping_with_no_taskflow_operators.py
[2026-01-21T10:54:57.816+0000] {processor.py:830} INFO - Processing file /home/airflow/.local/lib/python3.8/site-packages/airflow/example_dags/example_dynamic_task_mapping_with_no_taskflow_operators.py for tasks to queue
[2026-01-21T10:54:57.819+0000] {logging_mixin.py:188} INFO - [2026-01-21T10:54:57.819+0000] {dagbag.py:538} INFO - Filling up the DagBag from /home/airflow/.local/lib/python3.8/site-packages/airflow/example_dags/example_dynamic_task_mapping_with_no_taskflow_operators.py
[2026-01-21T10:54:57.839+0000] {processor.py:840} INFO - DAG(s) 'example_dynamic_task_mapping_with_no_taskflow_operators' retrieved from /home/airflow/.local/lib/python3.8/site-packages/airflow/example_dags/example_dynamic_task_mapping_with_no_taskflow_operators.py
[2026-01-21T10:54:57.873+0000] {logging_mixin.py:188} INFO - [2026-01-21T10:54:57.872+0000] {dag.py:3036} INFO - Sync 1 DAGs
[2026-01-21T10:54:57.916+0000] {logging_mixin.py:188} INFO - [2026-01-21T10:54:57.915+0000] {dag.py:3823} INFO - Setting next_dagrun for example_dynamic_task_mapping_with_no_taskflow_operators to 2026-01-20 00:00:00+00:00, run_after=2026-01-21 00:00:00+00:00
[2026-01-21T10:54:57.948+0000] {processor.py:183} INFO - Processing /home/airflow/.local/lib/python3.8/site-packages/airflow/example_dags/example_dynamic_task_mapping_with_no_taskflow_operators.py took 0.140 seconds
[2026-01-21T10:55:28.296+0000] {processor.py:161} INFO - Started process (PID=12377) to work on /home/airflow/.local/lib/python3.8/site-packages/airflow/example_dags/example_dynamic_task_mapping_with_no_taskflow_operators.py
[2026-01-21T10:55:28.297+0000] {processor.py:830} INFO - Processing file /home/airflow/.local/lib/python3.8/site-packages/airflow/example_dags/example_dynamic_task_mapping_with_no_taskflow_operators.py for tasks to queue
[2026-01-21T10:55:28.299+0000] {logging_mixin.py:188} INFO - [2026-01-21T10:55:28.299+0000] {dagbag.py:538} INFO - Filling up the DagBag from /home/airflow/.local/lib/python3.8/site-packages/airflow/example_dags/example_dynamic_task_mapping_with_no_taskflow_operators.py
[2026-01-21T10:55:28.308+0000] {processor.py:840} INFO - DAG(s) 'example_dynamic_task_mapping_with_no_taskflow_operators' retrieved from /home/airflow/.local/lib/python3.8/site-packages/airflow/example_dags/example_dynamic_task_mapping_with_no_taskflow_operators.py
[2026-01-21T10:55:28.335+0000] {logging_mixin.py:188} INFO - [2026-01-21T10:55:28.335+0000] {dag.py:3036} INFO - Sync 1 DAGs
[2026-01-21T10:55:28.369+0000] {logging_mixin.py:188} INFO - [2026-01-21T10:55:28.368+0000] {dag.py:3823} INFO - Setting next_dagrun for example_dynamic_task_mapping_with_no_taskflow_operators to 2026-01-20 00:00:00+00:00, run_after=2026-01-21 00:00:00+00:00
[2026-01-21T10:55:28.393+0000] {processor.py:183} INFO - Processing /home/airflow/.local/lib/python3.8/site-packages/airflow/example_dags/example_dynamic_task_mapping_with_no_taskflow_operators.py took 0.101 seconds
[2026-01-21T10:55:58.694+0000] {processor.py:161} INFO - Started process (PID=12443) to work on /home/airflow/.local/lib/python3.8/site-packages/airflow/example_dags/example_dynamic_task_mapping_with_no_taskflow_operators.py
[2026-01-21T10:55:58.695+0000] {processor.py:830} INFO - Processing file /home/airflow/.local/lib/python3.8/site-packages/airflow/example_dags/example_dynamic_task_mapping_with_no_taskflow_operators.py for tasks to queue
[2026-01-21T10:55:58.698+0000] {logging_mixin.py:188} INFO - [2026-01-21T10:55:58.697+0000] {dagbag.py:538} INFO - Filling up the DagBag from /home/airflow/.local/lib/python3.8/site-packages/airflow/example_dags/example_dynamic_task_mapping_with_no_taskflow_operators.py
[2026-01-21T10:55:58.706+0000] {processor.py:840} INFO - DAG(s) 'example_dynamic_task_mapping_with_no_taskflow_operators' retrieved from /home/airflow/.local/lib/python3.8/site-packages/airflow/example_dags/example_dynamic_task_mapping_with_no_taskflow_operators.py
[2026-01-21T10:55:58.733+0000] {logging_mixin.py:188} INFO - [2026-01-21T10:55:58.733+0000] {dag.py:3036} INFO - Sync 1 DAGs
[2026-01-21T10:55:58.766+0000] {logging_mixin.py:188} INFO - [2026-01-21T10:55:58.765+0000] {dag.py:3823} INFO - Setting next_dagrun for example_dynamic_task_mapping_with_no_taskflow_operators to 2026-01-20 00:00:00+00:00, run_after=2026-01-21 00:00:00+00:00
[2026-01-21T10:55:58.790+0000] {processor.py:183} INFO - Processing /home/airflow/.local/lib/python3.8/site-packages/airflow/example_dags/example_dynamic_task_mapping_with_no_taskflow_operators.py took 0.101 seconds
[2026-01-21T10:56:28.883+0000] {processor.py:161} INFO - Started process (PID=12509) to work on /home/airflow/.local/lib/python3.8/site-packages/airflow/example_dags/example_dynamic_task_mapping_with_no_taskflow_operators.py
[2026-01-21T10:56:28.884+0000] {processor.py:830} INFO - Processing file /home/airflow/.local/lib/python3.8/site-packages/airflow/example_dags/example_dynamic_task_mapping_with_no_taskflow_operators.py for tasks to queue
[2026-01-21T10:56:28.886+0000] {logging_mixin.py:188} INFO - [2026-01-21T10:56:28.885+0000] {dagbag.py:538} INFO - Filling up the DagBag from /home/airflow/.local/lib/python3.8/site-packages/airflow/example_dags/example_dynamic_task_mapping_with_no_taskflow_operators.py
[2026-01-21T10:56:28.894+0000] {processor.py:840} INFO - DAG(s) 'example_dynamic_task_mapping_with_no_taskflow_operators' retrieved from /home/airflow/.local/lib/python3.8/site-packages/airflow/example_dags/example_dynamic_task_mapping_with_no_taskflow_operators.py
[2026-01-21T10:56:28.921+0000] {logging_mixin.py:188} INFO - [2026-01-21T10:56:28.920+0000] {dag.py:3036} INFO - Sync 1 DAGs
[2026-01-21T10:56:28.952+0000] {logging_mixin.py:188} INFO - [2026-01-21T10:56:28.951+0000] {dag.py:3823} INFO - Setting next_dagrun for example_dynamic_task_mapping_with_no_taskflow_operators to 2026-01-20 00:00:00+00:00, run_after=2026-01-21 00:00:00+00:00
[2026-01-21T10:56:28.974+0000] {processor.py:183} INFO - Processing /home/airflow/.local/lib/python3.8/site-packages/airflow/example_dags/example_dynamic_task_mapping_with_no_taskflow_operators.py took 0.096 seconds
[2026-01-21T10:56:59.067+0000] {processor.py:161} INFO - Started process (PID=12575) to work on /home/airflow/.local/lib/python3.8/site-packages/airflow/example_dags/example_dynamic_task_mapping_with_no_taskflow_operators.py
[2026-01-21T10:56:59.069+0000] {processor.py:830} INFO - Processing file /home/airflow/.local/lib/python3.8/site-packages/airflow/example_dags/example_dynamic_task_mapping_with_no_taskflow_operators.py for tasks to queue
[2026-01-21T10:56:59.071+0000] {logging_mixin.py:188} INFO - [2026-01-21T10:56:59.071+0000] {dagbag.py:538} INFO - Filling up the DagBag from /home/airflow/.local/lib/python3.8/site-packages/airflow/example_dags/example_dynamic_task_mapping_with_no_taskflow_operators.py
[2026-01-21T10:56:59.080+0000] {processor.py:840} INFO - DAG(s) 'example_dynamic_task_mapping_with_no_taskflow_operators' retrieved from /home/airflow/.local/lib/python3.8/site-packages/airflow/example_dags/example_dynamic_task_mapping_with_no_taskflow_operators.py
[2026-01-21T10:56:59.109+0000] {logging_mixin.py:188} INFO - [2026-01-21T10:56:59.109+0000] {dag.py:3036} INFO - Sync 1 DAGs
[2026-01-21T10:56:59.142+0000] {logging_mixin.py:188} INFO - [2026-01-21T10:56:59.141+0000] {dag.py:3823} INFO - Setting next_dagrun for example_dynamic_task_mapping_with_no_taskflow_operators to 2026-01-20 00:00:00+00:00, run_after=2026-01-21 00:00:00+00:00
[2026-01-21T10:56:59.172+0000] {processor.py:183} INFO - Processing /home/airflow/.local/lib/python3.8/site-packages/airflow/example_dags/example_dynamic_task_mapping_with_no_taskflow_operators.py took 0.110 seconds
[2026-01-21T10:57:29.462+0000] {processor.py:161} INFO - Started process (PID=12648) to work on /home/airflow/.local/lib/python3.8/site-packages/airflow/example_dags/example_dynamic_task_mapping_with_no_taskflow_operators.py
[2026-01-21T10:57:29.464+0000] {processor.py:830} INFO - Processing file /home/airflow/.local/lib/python3.8/site-packages/airflow/example_dags/example_dynamic_task_mapping_with_no_taskflow_operators.py for tasks to queue
[2026-01-21T10:57:29.466+0000] {logging_mixin.py:188} INFO - [2026-01-21T10:57:29.466+0000] {dagbag.py:538} INFO - Filling up the DagBag from /home/airflow/.local/lib/python3.8/site-packages/airflow/example_dags/example_dynamic_task_mapping_with_no_taskflow_operators.py
[2026-01-21T10:57:29.477+0000] {processor.py:840} INFO - DAG(s) 'example_dynamic_task_mapping_with_no_taskflow_operators' retrieved from /home/airflow/.local/lib/python3.8/site-packages/airflow/example_dags/example_dynamic_task_mapping_with_no_taskflow_operators.py
[2026-01-21T10:57:29.510+0000] {logging_mixin.py:188} INFO - [2026-01-21T10:57:29.510+0000] {dag.py:3036} INFO - Sync 1 DAGs
[2026-01-21T10:57:29.558+0000] {logging_mixin.py:188} INFO - [2026-01-21T10:57:29.557+0000] {dag.py:3823} INFO - Setting next_dagrun for example_dynamic_task_mapping_with_no_taskflow_operators to 2026-01-20 00:00:00+00:00, run_after=2026-01-21 00:00:00+00:00
[2026-01-21T10:57:29.593+0000] {processor.py:183} INFO - Processing /home/airflow/.local/lib/python3.8/site-packages/airflow/example_dags/example_dynamic_task_mapping_with_no_taskflow_operators.py took 0.137 seconds
[2026-01-21T10:58:00.077+0000] {processor.py:161} INFO - Started process (PID=12714) to work on /home/airflow/.local/lib/python3.8/site-packages/airflow/example_dags/example_dynamic_task_mapping_with_no_taskflow_operators.py
[2026-01-21T10:58:00.079+0000] {processor.py:830} INFO - Processing file /home/airflow/.local/lib/python3.8/site-packages/airflow/example_dags/example_dynamic_task_mapping_with_no_taskflow_operators.py for tasks to queue
[2026-01-21T10:58:00.082+0000] {logging_mixin.py:188} INFO - [2026-01-21T10:58:00.081+0000] {dagbag.py:538} INFO - Filling up the DagBag from /home/airflow/.local/lib/python3.8/site-packages/airflow/example_dags/example_dynamic_task_mapping_with_no_taskflow_operators.py
[2026-01-21T10:58:00.093+0000] {processor.py:840} INFO - DAG(s) 'example_dynamic_task_mapping_with_no_taskflow_operators' retrieved from /home/airflow/.local/lib/python3.8/site-packages/airflow/example_dags/example_dynamic_task_mapping_with_no_taskflow_operators.py
[2026-01-21T10:58:00.158+0000] {logging_mixin.py:188} INFO - [2026-01-21T10:58:00.158+0000] {dag.py:3036} INFO - Sync 1 DAGs
[2026-01-21T10:58:00.219+0000] {logging_mixin.py:188} INFO - [2026-01-21T10:58:00.219+0000] {dag.py:3823} INFO - Setting next_dagrun for example_dynamic_task_mapping_with_no_taskflow_operators to 2026-01-20 00:00:00+00:00, run_after=2026-01-21 00:00:00+00:00
[2026-01-21T10:58:00.255+0000] {processor.py:183} INFO - Processing /home/airflow/.local/lib/python3.8/site-packages/airflow/example_dags/example_dynamic_task_mapping_with_no_taskflow_operators.py took 0.183 seconds
[2026-01-21T10:58:30.335+0000] {processor.py:161} INFO - Started process (PID=12780) to work on /home/airflow/.local/lib/python3.8/site-packages/airflow/example_dags/example_dynamic_task_mapping_with_no_taskflow_operators.py
[2026-01-21T10:58:30.337+0000] {processor.py:830} INFO - Processing file /home/airflow/.local/lib/python3.8/site-packages/airflow/example_dags/example_dynamic_task_mapping_with_no_taskflow_operators.py for tasks to queue
[2026-01-21T10:58:30.340+0000] {logging_mixin.py:188} INFO - [2026-01-21T10:58:30.339+0000] {dagbag.py:538} INFO - Filling up the DagBag from /home/airflow/.local/lib/python3.8/site-packages/airflow/example_dags/example_dynamic_task_mapping_with_no_taskflow_operators.py
[2026-01-21T10:58:30.350+0000] {processor.py:840} INFO - DAG(s) 'example_dynamic_task_mapping_with_no_taskflow_operators' retrieved from /home/airflow/.local/lib/python3.8/site-packages/airflow/example_dags/example_dynamic_task_mapping_with_no_taskflow_operators.py
[2026-01-21T10:58:30.385+0000] {logging_mixin.py:188} INFO - [2026-01-21T10:58:30.385+0000] {dag.py:3036} INFO - Sync 1 DAGs
[2026-01-21T10:58:30.428+0000] {logging_mixin.py:188} INFO - [2026-01-21T10:58:30.428+0000] {dag.py:3823} INFO - Setting next_dagrun for example_dynamic_task_mapping_with_no_taskflow_operators to 2026-01-20 00:00:00+00:00, run_after=2026-01-21 00:00:00+00:00
[2026-01-21T10:58:30.465+0000] {processor.py:183} INFO - Processing /home/airflow/.local/lib/python3.8/site-packages/airflow/example_dags/example_dynamic_task_mapping_with_no_taskflow_operators.py took 0.135 seconds
[2026-01-21T10:59:00.815+0000] {processor.py:161} INFO - Started process (PID=12845) to work on /home/airflow/.local/lib/python3.8/site-packages/airflow/example_dags/example_dynamic_task_mapping_with_no_taskflow_operators.py
[2026-01-21T10:59:00.816+0000] {processor.py:830} INFO - Processing file /home/airflow/.local/lib/python3.8/site-packages/airflow/example_dags/example_dynamic_task_mapping_with_no_taskflow_operators.py for tasks to queue
[2026-01-21T10:59:00.819+0000] {logging_mixin.py:188} INFO - [2026-01-21T10:59:00.818+0000] {dagbag.py:538} INFO - Filling up the DagBag from /home/airflow/.local/lib/python3.8/site-packages/airflow/example_dags/example_dynamic_task_mapping_with_no_taskflow_operators.py
[2026-01-21T10:59:00.827+0000] {processor.py:840} INFO - DAG(s) 'example_dynamic_task_mapping_with_no_taskflow_operators' retrieved from /home/airflow/.local/lib/python3.8/site-packages/airflow/example_dags/example_dynamic_task_mapping_with_no_taskflow_operators.py
[2026-01-21T10:59:00.855+0000] {logging_mixin.py:188} INFO - [2026-01-21T10:59:00.855+0000] {dag.py:3036} INFO - Sync 1 DAGs
[2026-01-21T10:59:00.888+0000] {logging_mixin.py:188} INFO - [2026-01-21T10:59:00.888+0000] {dag.py:3823} INFO - Setting next_dagrun for example_dynamic_task_mapping_with_no_taskflow_operators to 2026-01-20 00:00:00+00:00, run_after=2026-01-21 00:00:00+00:00
[2026-01-21T10:59:00.912+0000] {processor.py:183} INFO - Processing /home/airflow/.local/lib/python3.8/site-packages/airflow/example_dags/example_dynamic_task_mapping_with_no_taskflow_operators.py took 0.101 seconds
[2026-01-21T10:59:31.462+0000] {processor.py:161} INFO - Started process (PID=12911) to work on /home/airflow/.local/lib/python3.8/site-packages/airflow/example_dags/example_dynamic_task_mapping_with_no_taskflow_operators.py
[2026-01-21T10:59:31.463+0000] {processor.py:830} INFO - Processing file /home/airflow/.local/lib/python3.8/site-packages/airflow/example_dags/example_dynamic_task_mapping_with_no_taskflow_operators.py for tasks to queue
[2026-01-21T10:59:31.466+0000] {logging_mixin.py:188} INFO - [2026-01-21T10:59:31.465+0000] {dagbag.py:538} INFO - Filling up the DagBag from /home/airflow/.local/lib/python3.8/site-packages/airflow/example_dags/example_dynamic_task_mapping_with_no_taskflow_operators.py
[2026-01-21T10:59:31.474+0000] {processor.py:840} INFO - DAG(s) 'example_dynamic_task_mapping_with_no_taskflow_operators' retrieved from /home/airflow/.local/lib/python3.8/site-packages/airflow/example_dags/example_dynamic_task_mapping_with_no_taskflow_operators.py
[2026-01-21T10:59:31.501+0000] {logging_mixin.py:188} INFO - [2026-01-21T10:59:31.501+0000] {dag.py:3036} INFO - Sync 1 DAGs
[2026-01-21T10:59:31.533+0000] {logging_mixin.py:188} INFO - [2026-01-21T10:59:31.532+0000] {dag.py:3823} INFO - Setting next_dagrun for example_dynamic_task_mapping_with_no_taskflow_operators to 2026-01-20 00:00:00+00:00, run_after=2026-01-21 00:00:00+00:00
[2026-01-21T10:59:31.559+0000] {processor.py:183} INFO - Processing /home/airflow/.local/lib/python3.8/site-packages/airflow/example_dags/example_dynamic_task_mapping_with_no_taskflow_operators.py took 0.102 seconds
[2026-01-21T11:00:02.133+0000] {processor.py:161} INFO - Started process (PID=12977) to work on /home/airflow/.local/lib/python3.8/site-packages/airflow/example_dags/example_dynamic_task_mapping_with_no_taskflow_operators.py
[2026-01-21T11:00:02.135+0000] {processor.py:830} INFO - Processing file /home/airflow/.local/lib/python3.8/site-packages/airflow/example_dags/example_dynamic_task_mapping_with_no_taskflow_operators.py for tasks to queue
[2026-01-21T11:00:02.137+0000] {logging_mixin.py:188} INFO - [2026-01-21T11:00:02.137+0000] {dagbag.py:538} INFO - Filling up the DagBag from /home/airflow/.local/lib/python3.8/site-packages/airflow/example_dags/example_dynamic_task_mapping_with_no_taskflow_operators.py
[2026-01-21T11:00:02.147+0000] {processor.py:840} INFO - DAG(s) 'example_dynamic_task_mapping_with_no_taskflow_operators' retrieved from /home/airflow/.local/lib/python3.8/site-packages/airflow/example_dags/example_dynamic_task_mapping_with_no_taskflow_operators.py
[2026-01-21T11:00:02.176+0000] {logging_mixin.py:188} INFO - [2026-01-21T11:00:02.175+0000] {dag.py:3036} INFO - Sync 1 DAGs
[2026-01-21T11:00:02.214+0000] {logging_mixin.py:188} INFO - [2026-01-21T11:00:02.213+0000] {dag.py:3823} INFO - Setting next_dagrun for example_dynamic_task_mapping_with_no_taskflow_operators to 2026-01-20 00:00:00+00:00, run_after=2026-01-21 00:00:00+00:00
[2026-01-21T11:00:02.244+0000] {processor.py:183} INFO - Processing /home/airflow/.local/lib/python3.8/site-packages/airflow/example_dags/example_dynamic_task_mapping_with_no_taskflow_operators.py took 0.117 seconds
[2026-01-21T11:00:32.670+0000] {processor.py:161} INFO - Started process (PID=13043) to work on /home/airflow/.local/lib/python3.8/site-packages/airflow/example_dags/example_dynamic_task_mapping_with_no_taskflow_operators.py
[2026-01-21T11:00:32.671+0000] {processor.py:830} INFO - Processing file /home/airflow/.local/lib/python3.8/site-packages/airflow/example_dags/example_dynamic_task_mapping_with_no_taskflow_operators.py for tasks to queue
[2026-01-21T11:00:32.673+0000] {logging_mixin.py:188} INFO - [2026-01-21T11:00:32.673+0000] {dagbag.py:538} INFO - Filling up the DagBag from /home/airflow/.local/lib/python3.8/site-packages/airflow/example_dags/example_dynamic_task_mapping_with_no_taskflow_operators.py
[2026-01-21T11:00:32.684+0000] {processor.py:840} INFO - DAG(s) 'example_dynamic_task_mapping_with_no_taskflow_operators' retrieved from /home/airflow/.local/lib/python3.8/site-packages/airflow/example_dags/example_dynamic_task_mapping_with_no_taskflow_operators.py
[2026-01-21T11:00:32.717+0000] {logging_mixin.py:188} INFO - [2026-01-21T11:00:32.717+0000] {dag.py:3036} INFO - Sync 1 DAGs
[2026-01-21T11:00:32.792+0000] {logging_mixin.py:188} INFO - [2026-01-21T11:00:32.792+0000] {dag.py:3823} INFO - Setting next_dagrun for example_dynamic_task_mapping_with_no_taskflow_operators to 2026-01-20 00:00:00+00:00, run_after=2026-01-21 00:00:00+00:00
[2026-01-21T11:00:32.822+0000] {processor.py:183} INFO - Processing /home/airflow/.local/lib/python3.8/site-packages/airflow/example_dags/example_dynamic_task_mapping_with_no_taskflow_operators.py took 0.157 seconds
[2026-01-21T11:01:02.879+0000] {processor.py:161} INFO - Started process (PID=13110) to work on /home/airflow/.local/lib/python3.8/site-packages/airflow/example_dags/example_dynamic_task_mapping_with_no_taskflow_operators.py
[2026-01-21T11:01:02.881+0000] {processor.py:830} INFO - Processing file /home/airflow/.local/lib/python3.8/site-packages/airflow/example_dags/example_dynamic_task_mapping_with_no_taskflow_operators.py for tasks to queue
[2026-01-21T11:01:02.884+0000] {logging_mixin.py:188} INFO - [2026-01-21T11:01:02.883+0000] {dagbag.py:538} INFO - Filling up the DagBag from /home/airflow/.local/lib/python3.8/site-packages/airflow/example_dags/example_dynamic_task_mapping_with_no_taskflow_operators.py
[2026-01-21T11:01:02.894+0000] {processor.py:840} INFO - DAG(s) 'example_dynamic_task_mapping_with_no_taskflow_operators' retrieved from /home/airflow/.local/lib/python3.8/site-packages/airflow/example_dags/example_dynamic_task_mapping_with_no_taskflow_operators.py
[2026-01-21T11:01:02.955+0000] {logging_mixin.py:188} INFO - [2026-01-21T11:01:02.955+0000] {dag.py:3036} INFO - Sync 1 DAGs
[2026-01-21T11:01:03.077+0000] {logging_mixin.py:188} INFO - [2026-01-21T11:01:03.077+0000] {dag.py:3823} INFO - Setting next_dagrun for example_dynamic_task_mapping_with_no_taskflow_operators to 2026-01-20 00:00:00+00:00, run_after=2026-01-21 00:00:00+00:00
[2026-01-21T11:01:03.129+0000] {processor.py:183} INFO - Processing /home/airflow/.local/lib/python3.8/site-packages/airflow/example_dags/example_dynamic_task_mapping_with_no_taskflow_operators.py took 0.256 seconds
[2026-01-21T11:01:33.274+0000] {processor.py:161} INFO - Started process (PID=13184) to work on /home/airflow/.local/lib/python3.8/site-packages/airflow/example_dags/example_dynamic_task_mapping_with_no_taskflow_operators.py
[2026-01-21T11:01:33.275+0000] {processor.py:830} INFO - Processing file /home/airflow/.local/lib/python3.8/site-packages/airflow/example_dags/example_dynamic_task_mapping_with_no_taskflow_operators.py for tasks to queue
[2026-01-21T11:01:33.277+0000] {logging_mixin.py:188} INFO - [2026-01-21T11:01:33.277+0000] {dagbag.py:538} INFO - Filling up the DagBag from /home/airflow/.local/lib/python3.8/site-packages/airflow/example_dags/example_dynamic_task_mapping_with_no_taskflow_operators.py
[2026-01-21T11:01:33.285+0000] {processor.py:840} INFO - DAG(s) 'example_dynamic_task_mapping_with_no_taskflow_operators' retrieved from /home/airflow/.local/lib/python3.8/site-packages/airflow/example_dags/example_dynamic_task_mapping_with_no_taskflow_operators.py
[2026-01-21T11:01:33.312+0000] {logging_mixin.py:188} INFO - [2026-01-21T11:01:33.312+0000] {dag.py:3036} INFO - Sync 1 DAGs
[2026-01-21T11:01:33.345+0000] {logging_mixin.py:188} INFO - [2026-01-21T11:01:33.345+0000] {dag.py:3823} INFO - Setting next_dagrun for example_dynamic_task_mapping_with_no_taskflow_operators to 2026-01-20 00:00:00+00:00, run_after=2026-01-21 00:00:00+00:00
[2026-01-21T11:01:33.369+0000] {processor.py:183} INFO - Processing /home/airflow/.local/lib/python3.8/site-packages/airflow/example_dags/example_dynamic_task_mapping_with_no_taskflow_operators.py took 0.099 seconds
[2026-01-21T11:02:03.537+0000] {processor.py:161} INFO - Started process (PID=13249) to work on /home/airflow/.local/lib/python3.8/site-packages/airflow/example_dags/example_dynamic_task_mapping_with_no_taskflow_operators.py
[2026-01-21T11:02:03.538+0000] {processor.py:830} INFO - Processing file /home/airflow/.local/lib/python3.8/site-packages/airflow/example_dags/example_dynamic_task_mapping_with_no_taskflow_operators.py for tasks to queue
[2026-01-21T11:02:03.541+0000] {logging_mixin.py:188} INFO - [2026-01-21T11:02:03.540+0000] {dagbag.py:538} INFO - Filling up the DagBag from /home/airflow/.local/lib/python3.8/site-packages/airflow/example_dags/example_dynamic_task_mapping_with_no_taskflow_operators.py
[2026-01-21T11:02:03.549+0000] {processor.py:840} INFO - DAG(s) 'example_dynamic_task_mapping_with_no_taskflow_operators' retrieved from /home/airflow/.local/lib/python3.8/site-packages/airflow/example_dags/example_dynamic_task_mapping_with_no_taskflow_operators.py
[2026-01-21T11:02:03.578+0000] {logging_mixin.py:188} INFO - [2026-01-21T11:02:03.578+0000] {dag.py:3036} INFO - Sync 1 DAGs
[2026-01-21T11:02:03.610+0000] {logging_mixin.py:188} INFO - [2026-01-21T11:02:03.609+0000] {dag.py:3823} INFO - Setting next_dagrun for example_dynamic_task_mapping_with_no_taskflow_operators to 2026-01-20 00:00:00+00:00, run_after=2026-01-21 00:00:00+00:00
[2026-01-21T11:02:03.640+0000] {processor.py:183} INFO - Processing /home/airflow/.local/lib/python3.8/site-packages/airflow/example_dags/example_dynamic_task_mapping_with_no_taskflow_operators.py took 0.108 seconds
[2026-01-21T11:02:33.765+0000] {processor.py:161} INFO - Started process (PID=13315) to work on /home/airflow/.local/lib/python3.8/site-packages/airflow/example_dags/example_dynamic_task_mapping_with_no_taskflow_operators.py
[2026-01-21T11:02:33.766+0000] {processor.py:830} INFO - Processing file /home/airflow/.local/lib/python3.8/site-packages/airflow/example_dags/example_dynamic_task_mapping_with_no_taskflow_operators.py for tasks to queue
[2026-01-21T11:02:33.769+0000] {logging_mixin.py:188} INFO - [2026-01-21T11:02:33.769+0000] {dagbag.py:538} INFO - Filling up the DagBag from /home/airflow/.local/lib/python3.8/site-packages/airflow/example_dags/example_dynamic_task_mapping_with_no_taskflow_operators.py
[2026-01-21T11:02:33.778+0000] {processor.py:840} INFO - DAG(s) 'example_dynamic_task_mapping_with_no_taskflow_operators' retrieved from /home/airflow/.local/lib/python3.8/site-packages/airflow/example_dags/example_dynamic_task_mapping_with_no_taskflow_operators.py
[2026-01-21T11:02:33.808+0000] {logging_mixin.py:188} INFO - [2026-01-21T11:02:33.808+0000] {dag.py:3036} INFO - Sync 1 DAGs
[2026-01-21T11:02:33.841+0000] {logging_mixin.py:188} INFO - [2026-01-21T11:02:33.841+0000] {dag.py:3823} INFO - Setting next_dagrun for example_dynamic_task_mapping_with_no_taskflow_operators to 2026-01-20 00:00:00+00:00, run_after=2026-01-21 00:00:00+00:00
[2026-01-21T11:02:33.865+0000] {processor.py:183} INFO - Processing /home/airflow/.local/lib/python3.8/site-packages/airflow/example_dags/example_dynamic_task_mapping_with_no_taskflow_operators.py took 0.106 seconds
[2026-01-21T11:03:04.119+0000] {processor.py:161} INFO - Started process (PID=13381) to work on /home/airflow/.local/lib/python3.8/site-packages/airflow/example_dags/example_dynamic_task_mapping_with_no_taskflow_operators.py
[2026-01-21T11:03:04.121+0000] {processor.py:830} INFO - Processing file /home/airflow/.local/lib/python3.8/site-packages/airflow/example_dags/example_dynamic_task_mapping_with_no_taskflow_operators.py for tasks to queue
[2026-01-21T11:03:04.123+0000] {logging_mixin.py:188} INFO - [2026-01-21T11:03:04.122+0000] {dagbag.py:538} INFO - Filling up the DagBag from /home/airflow/.local/lib/python3.8/site-packages/airflow/example_dags/example_dynamic_task_mapping_with_no_taskflow_operators.py
[2026-01-21T11:03:04.131+0000] {processor.py:840} INFO - DAG(s) 'example_dynamic_task_mapping_with_no_taskflow_operators' retrieved from /home/airflow/.local/lib/python3.8/site-packages/airflow/example_dags/example_dynamic_task_mapping_with_no_taskflow_operators.py
[2026-01-21T11:03:04.157+0000] {logging_mixin.py:188} INFO - [2026-01-21T11:03:04.157+0000] {dag.py:3036} INFO - Sync 1 DAGs
[2026-01-21T11:03:04.192+0000] {logging_mixin.py:188} INFO - [2026-01-21T11:03:04.192+0000] {dag.py:3823} INFO - Setting next_dagrun for example_dynamic_task_mapping_with_no_taskflow_operators to 2026-01-20 00:00:00+00:00, run_after=2026-01-21 00:00:00+00:00
[2026-01-21T11:03:04.217+0000] {processor.py:183} INFO - Processing /home/airflow/.local/lib/python3.8/site-packages/airflow/example_dags/example_dynamic_task_mapping_with_no_taskflow_operators.py took 0.103 seconds
[2026-01-21T11:03:34.395+0000] {processor.py:161} INFO - Started process (PID=13447) to work on /home/airflow/.local/lib/python3.8/site-packages/airflow/example_dags/example_dynamic_task_mapping_with_no_taskflow_operators.py
[2026-01-21T11:03:34.396+0000] {processor.py:830} INFO - Processing file /home/airflow/.local/lib/python3.8/site-packages/airflow/example_dags/example_dynamic_task_mapping_with_no_taskflow_operators.py for tasks to queue
[2026-01-21T11:03:34.398+0000] {logging_mixin.py:188} INFO - [2026-01-21T11:03:34.398+0000] {dagbag.py:538} INFO - Filling up the DagBag from /home/airflow/.local/lib/python3.8/site-packages/airflow/example_dags/example_dynamic_task_mapping_with_no_taskflow_operators.py
[2026-01-21T11:03:34.407+0000] {processor.py:840} INFO - DAG(s) 'example_dynamic_task_mapping_with_no_taskflow_operators' retrieved from /home/airflow/.local/lib/python3.8/site-packages/airflow/example_dags/example_dynamic_task_mapping_with_no_taskflow_operators.py
[2026-01-21T11:03:34.434+0000] {logging_mixin.py:188} INFO - [2026-01-21T11:03:34.434+0000] {dag.py:3036} INFO - Sync 1 DAGs
[2026-01-21T11:03:34.469+0000] {logging_mixin.py:188} INFO - [2026-01-21T11:03:34.468+0000] {dag.py:3823} INFO - Setting next_dagrun for example_dynamic_task_mapping_with_no_taskflow_operators to 2026-01-20 00:00:00+00:00, run_after=2026-01-21 00:00:00+00:00
[2026-01-21T11:03:34.499+0000] {processor.py:183} INFO - Processing /home/airflow/.local/lib/python3.8/site-packages/airflow/example_dags/example_dynamic_task_mapping_with_no_taskflow_operators.py took 0.109 seconds
[2026-01-21T11:04:04.631+0000] {processor.py:161} INFO - Started process (PID=13514) to work on /home/airflow/.local/lib/python3.8/site-packages/airflow/example_dags/example_dynamic_task_mapping_with_no_taskflow_operators.py
[2026-01-21T11:04:04.633+0000] {processor.py:830} INFO - Processing file /home/airflow/.local/lib/python3.8/site-packages/airflow/example_dags/example_dynamic_task_mapping_with_no_taskflow_operators.py for tasks to queue
[2026-01-21T11:04:04.636+0000] {logging_mixin.py:188} INFO - [2026-01-21T11:04:04.635+0000] {dagbag.py:538} INFO - Filling up the DagBag from /home/airflow/.local/lib/python3.8/site-packages/airflow/example_dags/example_dynamic_task_mapping_with_no_taskflow_operators.py
[2026-01-21T11:04:04.644+0000] {processor.py:840} INFO - DAG(s) 'example_dynamic_task_mapping_with_no_taskflow_operators' retrieved from /home/airflow/.local/lib/python3.8/site-packages/airflow/example_dags/example_dynamic_task_mapping_with_no_taskflow_operators.py
[2026-01-21T11:04:04.673+0000] {logging_mixin.py:188} INFO - [2026-01-21T11:04:04.672+0000] {dag.py:3036} INFO - Sync 1 DAGs
[2026-01-21T11:04:04.706+0000] {logging_mixin.py:188} INFO - [2026-01-21T11:04:04.706+0000] {dag.py:3823} INFO - Setting next_dagrun for example_dynamic_task_mapping_with_no_taskflow_operators to 2026-01-20 00:00:00+00:00, run_after=2026-01-21 00:00:00+00:00
[2026-01-21T11:04:04.731+0000] {processor.py:183} INFO - Processing /home/airflow/.local/lib/python3.8/site-packages/airflow/example_dags/example_dynamic_task_mapping_with_no_taskflow_operators.py took 0.105 seconds
[2026-01-21T11:04:35.255+0000] {processor.py:161} INFO - Started process (PID=13585) to work on /home/airflow/.local/lib/python3.8/site-packages/airflow/example_dags/example_dynamic_task_mapping_with_no_taskflow_operators.py
[2026-01-21T11:04:35.257+0000] {processor.py:830} INFO - Processing file /home/airflow/.local/lib/python3.8/site-packages/airflow/example_dags/example_dynamic_task_mapping_with_no_taskflow_operators.py for tasks to queue
[2026-01-21T11:04:35.259+0000] {logging_mixin.py:188} INFO - [2026-01-21T11:04:35.259+0000] {dagbag.py:538} INFO - Filling up the DagBag from /home/airflow/.local/lib/python3.8/site-packages/airflow/example_dags/example_dynamic_task_mapping_with_no_taskflow_operators.py
[2026-01-21T11:04:35.268+0000] {processor.py:840} INFO - DAG(s) 'example_dynamic_task_mapping_with_no_taskflow_operators' retrieved from /home/airflow/.local/lib/python3.8/site-packages/airflow/example_dags/example_dynamic_task_mapping_with_no_taskflow_operators.py
[2026-01-21T11:04:35.306+0000] {logging_mixin.py:188} INFO - [2026-01-21T11:04:35.306+0000] {dag.py:3036} INFO - Sync 1 DAGs
[2026-01-21T11:04:35.346+0000] {logging_mixin.py:188} INFO - [2026-01-21T11:04:35.346+0000] {dag.py:3823} INFO - Setting next_dagrun for example_dynamic_task_mapping_with_no_taskflow_operators to 2026-01-20 00:00:00+00:00, run_after=2026-01-21 00:00:00+00:00
[2026-01-21T11:04:35.379+0000] {processor.py:183} INFO - Processing /home/airflow/.local/lib/python3.8/site-packages/airflow/example_dags/example_dynamic_task_mapping_with_no_taskflow_operators.py took 0.128 seconds
[2026-01-21T11:05:05.618+0000] {processor.py:161} INFO - Started process (PID=13652) to work on /home/airflow/.local/lib/python3.8/site-packages/airflow/example_dags/example_dynamic_task_mapping_with_no_taskflow_operators.py
[2026-01-21T11:05:05.620+0000] {processor.py:830} INFO - Processing file /home/airflow/.local/lib/python3.8/site-packages/airflow/example_dags/example_dynamic_task_mapping_with_no_taskflow_operators.py for tasks to queue
[2026-01-21T11:05:05.622+0000] {logging_mixin.py:188} INFO - [2026-01-21T11:05:05.622+0000] {dagbag.py:538} INFO - Filling up the DagBag from /home/airflow/.local/lib/python3.8/site-packages/airflow/example_dags/example_dynamic_task_mapping_with_no_taskflow_operators.py
[2026-01-21T11:05:05.631+0000] {processor.py:840} INFO - DAG(s) 'example_dynamic_task_mapping_with_no_taskflow_operators' retrieved from /home/airflow/.local/lib/python3.8/site-packages/airflow/example_dags/example_dynamic_task_mapping_with_no_taskflow_operators.py
[2026-01-21T11:05:05.658+0000] {logging_mixin.py:188} INFO - [2026-01-21T11:05:05.658+0000] {dag.py:3036} INFO - Sync 1 DAGs
[2026-01-21T11:05:05.689+0000] {logging_mixin.py:188} INFO - [2026-01-21T11:05:05.689+0000] {dag.py:3823} INFO - Setting next_dagrun for example_dynamic_task_mapping_with_no_taskflow_operators to 2026-01-20 00:00:00+00:00, run_after=2026-01-21 00:00:00+00:00
[2026-01-21T11:05:05.712+0000] {processor.py:183} INFO - Processing /home/airflow/.local/lib/python3.8/site-packages/airflow/example_dags/example_dynamic_task_mapping_with_no_taskflow_operators.py took 0.098 seconds
[2026-01-21T11:05:36.556+0000] {processor.py:161} INFO - Started process (PID=13718) to work on /home/airflow/.local/lib/python3.8/site-packages/airflow/example_dags/example_dynamic_task_mapping_with_no_taskflow_operators.py
[2026-01-21T11:05:36.558+0000] {processor.py:830} INFO - Processing file /home/airflow/.local/lib/python3.8/site-packages/airflow/example_dags/example_dynamic_task_mapping_with_no_taskflow_operators.py for tasks to queue
[2026-01-21T11:05:36.560+0000] {logging_mixin.py:188} INFO - [2026-01-21T11:05:36.560+0000] {dagbag.py:538} INFO - Filling up the DagBag from /home/airflow/.local/lib/python3.8/site-packages/airflow/example_dags/example_dynamic_task_mapping_with_no_taskflow_operators.py
[2026-01-21T11:05:36.568+0000] {processor.py:840} INFO - DAG(s) 'example_dynamic_task_mapping_with_no_taskflow_operators' retrieved from /home/airflow/.local/lib/python3.8/site-packages/airflow/example_dags/example_dynamic_task_mapping_with_no_taskflow_operators.py
[2026-01-21T11:05:36.598+0000] {logging_mixin.py:188} INFO - [2026-01-21T11:05:36.598+0000] {dag.py:3036} INFO - Sync 1 DAGs
[2026-01-21T11:05:36.630+0000] {logging_mixin.py:188} INFO - [2026-01-21T11:05:36.630+0000] {dag.py:3823} INFO - Setting next_dagrun for example_dynamic_task_mapping_with_no_taskflow_operators to 2026-01-20 00:00:00+00:00, run_after=2026-01-21 00:00:00+00:00
[2026-01-21T11:05:36.654+0000] {processor.py:183} INFO - Processing /home/airflow/.local/lib/python3.8/site-packages/airflow/example_dags/example_dynamic_task_mapping_with_no_taskflow_operators.py took 0.102 seconds
[2026-01-21T11:06:07.057+0000] {processor.py:161} INFO - Started process (PID=13784) to work on /home/airflow/.local/lib/python3.8/site-packages/airflow/example_dags/example_dynamic_task_mapping_with_no_taskflow_operators.py
[2026-01-21T11:06:07.059+0000] {processor.py:830} INFO - Processing file /home/airflow/.local/lib/python3.8/site-packages/airflow/example_dags/example_dynamic_task_mapping_with_no_taskflow_operators.py for tasks to queue
[2026-01-21T11:06:07.062+0000] {logging_mixin.py:188} INFO - [2026-01-21T11:06:07.061+0000] {dagbag.py:538} INFO - Filling up the DagBag from /home/airflow/.local/lib/python3.8/site-packages/airflow/example_dags/example_dynamic_task_mapping_with_no_taskflow_operators.py
[2026-01-21T11:06:07.072+0000] {processor.py:840} INFO - DAG(s) 'example_dynamic_task_mapping_with_no_taskflow_operators' retrieved from /home/airflow/.local/lib/python3.8/site-packages/airflow/example_dags/example_dynamic_task_mapping_with_no_taskflow_operators.py
[2026-01-21T11:06:07.107+0000] {logging_mixin.py:188} INFO - [2026-01-21T11:06:07.107+0000] {dag.py:3036} INFO - Sync 1 DAGs
[2026-01-21T11:06:07.149+0000] {logging_mixin.py:188} INFO - [2026-01-21T11:06:07.149+0000] {dag.py:3823} INFO - Setting next_dagrun for example_dynamic_task_mapping_with_no_taskflow_operators to 2026-01-20 00:00:00+00:00, run_after=2026-01-21 00:00:00+00:00
[2026-01-21T11:06:07.180+0000] {processor.py:183} INFO - Processing /home/airflow/.local/lib/python3.8/site-packages/airflow/example_dags/example_dynamic_task_mapping_with_no_taskflow_operators.py took 0.129 seconds
[2026-01-21T11:06:37.301+0000] {processor.py:161} INFO - Started process (PID=13849) to work on /home/airflow/.local/lib/python3.8/site-packages/airflow/example_dags/example_dynamic_task_mapping_with_no_taskflow_operators.py
[2026-01-21T11:06:37.302+0000] {processor.py:830} INFO - Processing file /home/airflow/.local/lib/python3.8/site-packages/airflow/example_dags/example_dynamic_task_mapping_with_no_taskflow_operators.py for tasks to queue
[2026-01-21T11:06:37.304+0000] {logging_mixin.py:188} INFO - [2026-01-21T11:06:37.304+0000] {dagbag.py:538} INFO - Filling up the DagBag from /home/airflow/.local/lib/python3.8/site-packages/airflow/example_dags/example_dynamic_task_mapping_with_no_taskflow_operators.py
[2026-01-21T11:06:37.312+0000] {processor.py:840} INFO - DAG(s) 'example_dynamic_task_mapping_with_no_taskflow_operators' retrieved from /home/airflow/.local/lib/python3.8/site-packages/airflow/example_dags/example_dynamic_task_mapping_with_no_taskflow_operators.py
[2026-01-21T11:06:37.339+0000] {logging_mixin.py:188} INFO - [2026-01-21T11:06:37.339+0000] {dag.py:3036} INFO - Sync 1 DAGs
[2026-01-21T11:06:37.376+0000] {logging_mixin.py:188} INFO - [2026-01-21T11:06:37.375+0000] {dag.py:3823} INFO - Setting next_dagrun for example_dynamic_task_mapping_with_no_taskflow_operators to 2026-01-20 00:00:00+00:00, run_after=2026-01-21 00:00:00+00:00
[2026-01-21T11:06:37.399+0000] {processor.py:183} INFO - Processing /home/airflow/.local/lib/python3.8/site-packages/airflow/example_dags/example_dynamic_task_mapping_with_no_taskflow_operators.py took 0.103 seconds
[2026-01-21T11:07:07.455+0000] {processor.py:161} INFO - Started process (PID=13915) to work on /home/airflow/.local/lib/python3.8/site-packages/airflow/example_dags/example_dynamic_task_mapping_with_no_taskflow_operators.py
[2026-01-21T11:07:07.456+0000] {processor.py:830} INFO - Processing file /home/airflow/.local/lib/python3.8/site-packages/airflow/example_dags/example_dynamic_task_mapping_with_no_taskflow_operators.py for tasks to queue
[2026-01-21T11:07:07.458+0000] {logging_mixin.py:188} INFO - [2026-01-21T11:07:07.458+0000] {dagbag.py:538} INFO - Filling up the DagBag from /home/airflow/.local/lib/python3.8/site-packages/airflow/example_dags/example_dynamic_task_mapping_with_no_taskflow_operators.py
[2026-01-21T11:07:07.466+0000] {processor.py:840} INFO - DAG(s) 'example_dynamic_task_mapping_with_no_taskflow_operators' retrieved from /home/airflow/.local/lib/python3.8/site-packages/airflow/example_dags/example_dynamic_task_mapping_with_no_taskflow_operators.py
[2026-01-21T11:07:07.494+0000] {logging_mixin.py:188} INFO - [2026-01-21T11:07:07.494+0000] {dag.py:3036} INFO - Sync 1 DAGs
[2026-01-21T11:07:07.526+0000] {logging_mixin.py:188} INFO - [2026-01-21T11:07:07.526+0000] {dag.py:3823} INFO - Setting next_dagrun for example_dynamic_task_mapping_with_no_taskflow_operators to 2026-01-20 00:00:00+00:00, run_after=2026-01-21 00:00:00+00:00
[2026-01-21T11:07:07.550+0000] {processor.py:183} INFO - Processing /home/airflow/.local/lib/python3.8/site-packages/airflow/example_dags/example_dynamic_task_mapping_with_no_taskflow_operators.py took 0.100 seconds
[2026-01-21T11:07:37.790+0000] {processor.py:161} INFO - Started process (PID=13982) to work on /home/airflow/.local/lib/python3.8/site-packages/airflow/example_dags/example_dynamic_task_mapping_with_no_taskflow_operators.py
[2026-01-21T11:07:37.792+0000] {processor.py:830} INFO - Processing file /home/airflow/.local/lib/python3.8/site-packages/airflow/example_dags/example_dynamic_task_mapping_with_no_taskflow_operators.py for tasks to queue
[2026-01-21T11:07:37.794+0000] {logging_mixin.py:188} INFO - [2026-01-21T11:07:37.794+0000] {dagbag.py:538} INFO - Filling up the DagBag from /home/airflow/.local/lib/python3.8/site-packages/airflow/example_dags/example_dynamic_task_mapping_with_no_taskflow_operators.py
[2026-01-21T11:07:37.803+0000] {processor.py:840} INFO - DAG(s) 'example_dynamic_task_mapping_with_no_taskflow_operators' retrieved from /home/airflow/.local/lib/python3.8/site-packages/airflow/example_dags/example_dynamic_task_mapping_with_no_taskflow_operators.py
[2026-01-21T11:07:37.833+0000] {logging_mixin.py:188} INFO - [2026-01-21T11:07:37.832+0000] {dag.py:3036} INFO - Sync 1 DAGs
[2026-01-21T11:07:37.865+0000] {logging_mixin.py:188} INFO - [2026-01-21T11:07:37.865+0000] {dag.py:3823} INFO - Setting next_dagrun for example_dynamic_task_mapping_with_no_taskflow_operators to 2026-01-20 00:00:00+00:00, run_after=2026-01-21 00:00:00+00:00
[2026-01-21T11:07:37.888+0000] {processor.py:183} INFO - Processing /home/airflow/.local/lib/python3.8/site-packages/airflow/example_dags/example_dynamic_task_mapping_with_no_taskflow_operators.py took 0.103 seconds
[2026-01-21T11:08:08.123+0000] {processor.py:161} INFO - Started process (PID=14056) to work on /home/airflow/.local/lib/python3.8/site-packages/airflow/example_dags/example_dynamic_task_mapping_with_no_taskflow_operators.py
[2026-01-21T11:08:08.125+0000] {processor.py:830} INFO - Processing file /home/airflow/.local/lib/python3.8/site-packages/airflow/example_dags/example_dynamic_task_mapping_with_no_taskflow_operators.py for tasks to queue
[2026-01-21T11:08:08.127+0000] {logging_mixin.py:188} INFO - [2026-01-21T11:08:08.127+0000] {dagbag.py:538} INFO - Filling up the DagBag from /home/airflow/.local/lib/python3.8/site-packages/airflow/example_dags/example_dynamic_task_mapping_with_no_taskflow_operators.py
[2026-01-21T11:08:08.138+0000] {processor.py:840} INFO - DAG(s) 'example_dynamic_task_mapping_with_no_taskflow_operators' retrieved from /home/airflow/.local/lib/python3.8/site-packages/airflow/example_dags/example_dynamic_task_mapping_with_no_taskflow_operators.py
[2026-01-21T11:08:08.176+0000] {logging_mixin.py:188} INFO - [2026-01-21T11:08:08.176+0000] {dag.py:3036} INFO - Sync 1 DAGs
[2026-01-21T11:08:08.218+0000] {logging_mixin.py:188} INFO - [2026-01-21T11:08:08.217+0000] {dag.py:3823} INFO - Setting next_dagrun for example_dynamic_task_mapping_with_no_taskflow_operators to 2026-01-20 00:00:00+00:00, run_after=2026-01-21 00:00:00+00:00
[2026-01-21T11:08:08.248+0000] {processor.py:183} INFO - Processing /home/airflow/.local/lib/python3.8/site-packages/airflow/example_dags/example_dynamic_task_mapping_with_no_taskflow_operators.py took 0.132 seconds
[2026-01-21T11:08:38.463+0000] {processor.py:161} INFO - Started process (PID=14121) to work on /home/airflow/.local/lib/python3.8/site-packages/airflow/example_dags/example_dynamic_task_mapping_with_no_taskflow_operators.py
[2026-01-21T11:08:38.465+0000] {processor.py:830} INFO - Processing file /home/airflow/.local/lib/python3.8/site-packages/airflow/example_dags/example_dynamic_task_mapping_with_no_taskflow_operators.py for tasks to queue
[2026-01-21T11:08:38.468+0000] {logging_mixin.py:188} INFO - [2026-01-21T11:08:38.467+0000] {dagbag.py:538} INFO - Filling up the DagBag from /home/airflow/.local/lib/python3.8/site-packages/airflow/example_dags/example_dynamic_task_mapping_with_no_taskflow_operators.py
[2026-01-21T11:08:38.478+0000] {processor.py:840} INFO - DAG(s) 'example_dynamic_task_mapping_with_no_taskflow_operators' retrieved from /home/airflow/.local/lib/python3.8/site-packages/airflow/example_dags/example_dynamic_task_mapping_with_no_taskflow_operators.py
[2026-01-21T11:08:38.513+0000] {logging_mixin.py:188} INFO - [2026-01-21T11:08:38.512+0000] {dag.py:3036} INFO - Sync 1 DAGs
[2026-01-21T11:08:38.556+0000] {logging_mixin.py:188} INFO - [2026-01-21T11:08:38.556+0000] {dag.py:3823} INFO - Setting next_dagrun for example_dynamic_task_mapping_with_no_taskflow_operators to 2026-01-20 00:00:00+00:00, run_after=2026-01-21 00:00:00+00:00
[2026-01-21T11:08:38.586+0000] {processor.py:183} INFO - Processing /home/airflow/.local/lib/python3.8/site-packages/airflow/example_dags/example_dynamic_task_mapping_with_no_taskflow_operators.py took 0.128 seconds
[2026-01-21T11:09:08.803+0000] {processor.py:161} INFO - Started process (PID=14187) to work on /home/airflow/.local/lib/python3.8/site-packages/airflow/example_dags/example_dynamic_task_mapping_with_no_taskflow_operators.py
[2026-01-21T11:09:08.806+0000] {processor.py:830} INFO - Processing file /home/airflow/.local/lib/python3.8/site-packages/airflow/example_dags/example_dynamic_task_mapping_with_no_taskflow_operators.py for tasks to queue
[2026-01-21T11:09:08.809+0000] {logging_mixin.py:188} INFO - [2026-01-21T11:09:08.808+0000] {dagbag.py:538} INFO - Filling up the DagBag from /home/airflow/.local/lib/python3.8/site-packages/airflow/example_dags/example_dynamic_task_mapping_with_no_taskflow_operators.py
[2026-01-21T11:09:08.819+0000] {processor.py:840} INFO - DAG(s) 'example_dynamic_task_mapping_with_no_taskflow_operators' retrieved from /home/airflow/.local/lib/python3.8/site-packages/airflow/example_dags/example_dynamic_task_mapping_with_no_taskflow_operators.py
[2026-01-21T11:09:08.855+0000] {logging_mixin.py:188} INFO - [2026-01-21T11:09:08.854+0000] {dag.py:3036} INFO - Sync 1 DAGs
[2026-01-21T11:09:08.896+0000] {logging_mixin.py:188} INFO - [2026-01-21T11:09:08.896+0000] {dag.py:3823} INFO - Setting next_dagrun for example_dynamic_task_mapping_with_no_taskflow_operators to 2026-01-20 00:00:00+00:00, run_after=2026-01-21 00:00:00+00:00
[2026-01-21T11:09:08.923+0000] {processor.py:183} INFO - Processing /home/airflow/.local/lib/python3.8/site-packages/airflow/example_dags/example_dynamic_task_mapping_with_no_taskflow_operators.py took 0.126 seconds
[2026-01-21T11:09:39.199+0000] {processor.py:161} INFO - Started process (PID=14252) to work on /home/airflow/.local/lib/python3.8/site-packages/airflow/example_dags/example_dynamic_task_mapping_with_no_taskflow_operators.py
[2026-01-21T11:09:39.201+0000] {processor.py:830} INFO - Processing file /home/airflow/.local/lib/python3.8/site-packages/airflow/example_dags/example_dynamic_task_mapping_with_no_taskflow_operators.py for tasks to queue
[2026-01-21T11:09:39.203+0000] {logging_mixin.py:188} INFO - [2026-01-21T11:09:39.202+0000] {dagbag.py:538} INFO - Filling up the DagBag from /home/airflow/.local/lib/python3.8/site-packages/airflow/example_dags/example_dynamic_task_mapping_with_no_taskflow_operators.py
[2026-01-21T11:09:39.211+0000] {processor.py:840} INFO - DAG(s) 'example_dynamic_task_mapping_with_no_taskflow_operators' retrieved from /home/airflow/.local/lib/python3.8/site-packages/airflow/example_dags/example_dynamic_task_mapping_with_no_taskflow_operators.py
[2026-01-21T11:09:39.240+0000] {logging_mixin.py:188} INFO - [2026-01-21T11:09:39.240+0000] {dag.py:3036} INFO - Sync 1 DAGs
[2026-01-21T11:09:39.274+0000] {logging_mixin.py:188} INFO - [2026-01-21T11:09:39.274+0000] {dag.py:3823} INFO - Setting next_dagrun for example_dynamic_task_mapping_with_no_taskflow_operators to 2026-01-20 00:00:00+00:00, run_after=2026-01-21 00:00:00+00:00
[2026-01-21T11:09:39.301+0000] {processor.py:183} INFO - Processing /home/airflow/.local/lib/python3.8/site-packages/airflow/example_dags/example_dynamic_task_mapping_with_no_taskflow_operators.py took 0.106 seconds
[2026-01-21T11:10:09.395+0000] {processor.py:161} INFO - Started process (PID=14317) to work on /home/airflow/.local/lib/python3.8/site-packages/airflow/example_dags/example_dynamic_task_mapping_with_no_taskflow_operators.py
[2026-01-21T11:10:09.397+0000] {processor.py:830} INFO - Processing file /home/airflow/.local/lib/python3.8/site-packages/airflow/example_dags/example_dynamic_task_mapping_with_no_taskflow_operators.py for tasks to queue
[2026-01-21T11:10:09.399+0000] {logging_mixin.py:188} INFO - [2026-01-21T11:10:09.399+0000] {dagbag.py:538} INFO - Filling up the DagBag from /home/airflow/.local/lib/python3.8/site-packages/airflow/example_dags/example_dynamic_task_mapping_with_no_taskflow_operators.py
[2026-01-21T11:10:09.408+0000] {processor.py:840} INFO - DAG(s) 'example_dynamic_task_mapping_with_no_taskflow_operators' retrieved from /home/airflow/.local/lib/python3.8/site-packages/airflow/example_dags/example_dynamic_task_mapping_with_no_taskflow_operators.py
[2026-01-21T11:10:09.442+0000] {logging_mixin.py:188} INFO - [2026-01-21T11:10:09.442+0000] {dag.py:3036} INFO - Sync 1 DAGs
[2026-01-21T11:10:09.475+0000] {logging_mixin.py:188} INFO - [2026-01-21T11:10:09.475+0000] {dag.py:3823} INFO - Setting next_dagrun for example_dynamic_task_mapping_with_no_taskflow_operators to 2026-01-20 00:00:00+00:00, run_after=2026-01-21 00:00:00+00:00
[2026-01-21T11:10:09.502+0000] {processor.py:183} INFO - Processing /home/airflow/.local/lib/python3.8/site-packages/airflow/example_dags/example_dynamic_task_mapping_with_no_taskflow_operators.py took 0.112 seconds
[2026-01-21T11:10:39.772+0000] {processor.py:161} INFO - Started process (PID=14384) to work on /home/airflow/.local/lib/python3.8/site-packages/airflow/example_dags/example_dynamic_task_mapping_with_no_taskflow_operators.py
[2026-01-21T11:10:39.773+0000] {processor.py:830} INFO - Processing file /home/airflow/.local/lib/python3.8/site-packages/airflow/example_dags/example_dynamic_task_mapping_with_no_taskflow_operators.py for tasks to queue
[2026-01-21T11:10:39.776+0000] {logging_mixin.py:188} INFO - [2026-01-21T11:10:39.775+0000] {dagbag.py:538} INFO - Filling up the DagBag from /home/airflow/.local/lib/python3.8/site-packages/airflow/example_dags/example_dynamic_task_mapping_with_no_taskflow_operators.py
[2026-01-21T11:10:39.785+0000] {processor.py:840} INFO - DAG(s) 'example_dynamic_task_mapping_with_no_taskflow_operators' retrieved from /home/airflow/.local/lib/python3.8/site-packages/airflow/example_dags/example_dynamic_task_mapping_with_no_taskflow_operators.py
[2026-01-21T11:10:39.816+0000] {logging_mixin.py:188} INFO - [2026-01-21T11:10:39.815+0000] {dag.py:3036} INFO - Sync 1 DAGs
[2026-01-21T11:10:39.849+0000] {logging_mixin.py:188} INFO - [2026-01-21T11:10:39.849+0000] {dag.py:3823} INFO - Setting next_dagrun for example_dynamic_task_mapping_with_no_taskflow_operators to 2026-01-20 00:00:00+00:00, run_after=2026-01-21 00:00:00+00:00
[2026-01-21T11:10:39.879+0000] {processor.py:183} INFO - Processing /home/airflow/.local/lib/python3.8/site-packages/airflow/example_dags/example_dynamic_task_mapping_with_no_taskflow_operators.py took 0.112 seconds
[2026-01-21T11:11:10.127+0000] {processor.py:161} INFO - Started process (PID=14451) to work on /home/airflow/.local/lib/python3.8/site-packages/airflow/example_dags/example_dynamic_task_mapping_with_no_taskflow_operators.py
[2026-01-21T11:11:10.129+0000] {processor.py:830} INFO - Processing file /home/airflow/.local/lib/python3.8/site-packages/airflow/example_dags/example_dynamic_task_mapping_with_no_taskflow_operators.py for tasks to queue
[2026-01-21T11:11:10.132+0000] {logging_mixin.py:188} INFO - [2026-01-21T11:11:10.131+0000] {dagbag.py:538} INFO - Filling up the DagBag from /home/airflow/.local/lib/python3.8/site-packages/airflow/example_dags/example_dynamic_task_mapping_with_no_taskflow_operators.py
[2026-01-21T11:11:10.140+0000] {processor.py:840} INFO - DAG(s) 'example_dynamic_task_mapping_with_no_taskflow_operators' retrieved from /home/airflow/.local/lib/python3.8/site-packages/airflow/example_dags/example_dynamic_task_mapping_with_no_taskflow_operators.py
[2026-01-21T11:11:10.167+0000] {logging_mixin.py:188} INFO - [2026-01-21T11:11:10.167+0000] {dag.py:3036} INFO - Sync 1 DAGs
[2026-01-21T11:11:10.198+0000] {logging_mixin.py:188} INFO - [2026-01-21T11:11:10.198+0000] {dag.py:3823} INFO - Setting next_dagrun for example_dynamic_task_mapping_with_no_taskflow_operators to 2026-01-20 00:00:00+00:00, run_after=2026-01-21 00:00:00+00:00
[2026-01-21T11:11:10.220+0000] {processor.py:183} INFO - Processing /home/airflow/.local/lib/python3.8/site-packages/airflow/example_dags/example_dynamic_task_mapping_with_no_taskflow_operators.py took 0.098 seconds
[2026-01-21T11:11:40.559+0000] {processor.py:161} INFO - Started process (PID=14517) to work on /home/airflow/.local/lib/python3.8/site-packages/airflow/example_dags/example_dynamic_task_mapping_with_no_taskflow_operators.py
[2026-01-21T11:11:40.560+0000] {processor.py:830} INFO - Processing file /home/airflow/.local/lib/python3.8/site-packages/airflow/example_dags/example_dynamic_task_mapping_with_no_taskflow_operators.py for tasks to queue
[2026-01-21T11:11:40.563+0000] {logging_mixin.py:188} INFO - [2026-01-21T11:11:40.562+0000] {dagbag.py:538} INFO - Filling up the DagBag from /home/airflow/.local/lib/python3.8/site-packages/airflow/example_dags/example_dynamic_task_mapping_with_no_taskflow_operators.py
[2026-01-21T11:11:40.573+0000] {processor.py:840} INFO - DAG(s) 'example_dynamic_task_mapping_with_no_taskflow_operators' retrieved from /home/airflow/.local/lib/python3.8/site-packages/airflow/example_dags/example_dynamic_task_mapping_with_no_taskflow_operators.py
[2026-01-21T11:11:40.601+0000] {logging_mixin.py:188} INFO - [2026-01-21T11:11:40.601+0000] {dag.py:3036} INFO - Sync 1 DAGs
[2026-01-21T11:11:40.633+0000] {logging_mixin.py:188} INFO - [2026-01-21T11:11:40.633+0000] {dag.py:3823} INFO - Setting next_dagrun for example_dynamic_task_mapping_with_no_taskflow_operators to 2026-01-20 00:00:00+00:00, run_after=2026-01-21 00:00:00+00:00
[2026-01-21T11:11:40.659+0000] {processor.py:183} INFO - Processing /home/airflow/.local/lib/python3.8/site-packages/airflow/example_dags/example_dynamic_task_mapping_with_no_taskflow_operators.py took 0.106 seconds
[2026-01-21T11:12:10.831+0000] {processor.py:161} INFO - Started process (PID=14583) to work on /home/airflow/.local/lib/python3.8/site-packages/airflow/example_dags/example_dynamic_task_mapping_with_no_taskflow_operators.py
[2026-01-21T11:12:10.833+0000] {processor.py:830} INFO - Processing file /home/airflow/.local/lib/python3.8/site-packages/airflow/example_dags/example_dynamic_task_mapping_with_no_taskflow_operators.py for tasks to queue
[2026-01-21T11:12:10.836+0000] {logging_mixin.py:188} INFO - [2026-01-21T11:12:10.835+0000] {dagbag.py:538} INFO - Filling up the DagBag from /home/airflow/.local/lib/python3.8/site-packages/airflow/example_dags/example_dynamic_task_mapping_with_no_taskflow_operators.py
[2026-01-21T11:12:10.846+0000] {processor.py:840} INFO - DAG(s) 'example_dynamic_task_mapping_with_no_taskflow_operators' retrieved from /home/airflow/.local/lib/python3.8/site-packages/airflow/example_dags/example_dynamic_task_mapping_with_no_taskflow_operators.py
[2026-01-21T11:12:10.873+0000] {logging_mixin.py:188} INFO - [2026-01-21T11:12:10.872+0000] {dag.py:3036} INFO - Sync 1 DAGs
[2026-01-21T11:12:10.905+0000] {logging_mixin.py:188} INFO - [2026-01-21T11:12:10.905+0000] {dag.py:3823} INFO - Setting next_dagrun for example_dynamic_task_mapping_with_no_taskflow_operators to 2026-01-20 00:00:00+00:00, run_after=2026-01-21 00:00:00+00:00
[2026-01-21T11:12:10.928+0000] {processor.py:183} INFO - Processing /home/airflow/.local/lib/python3.8/site-packages/airflow/example_dags/example_dynamic_task_mapping_with_no_taskflow_operators.py took 0.102 seconds
[2026-01-21T11:12:41.061+0000] {processor.py:161} INFO - Started process (PID=14659) to work on /home/airflow/.local/lib/python3.8/site-packages/airflow/example_dags/example_dynamic_task_mapping_with_no_taskflow_operators.py
[2026-01-21T11:12:41.063+0000] {processor.py:830} INFO - Processing file /home/airflow/.local/lib/python3.8/site-packages/airflow/example_dags/example_dynamic_task_mapping_with_no_taskflow_operators.py for tasks to queue
[2026-01-21T11:12:41.066+0000] {logging_mixin.py:188} INFO - [2026-01-21T11:12:41.066+0000] {dagbag.py:538} INFO - Filling up the DagBag from /home/airflow/.local/lib/python3.8/site-packages/airflow/example_dags/example_dynamic_task_mapping_with_no_taskflow_operators.py
[2026-01-21T11:12:41.076+0000] {processor.py:840} INFO - DAG(s) 'example_dynamic_task_mapping_with_no_taskflow_operators' retrieved from /home/airflow/.local/lib/python3.8/site-packages/airflow/example_dags/example_dynamic_task_mapping_with_no_taskflow_operators.py
[2026-01-21T11:12:41.104+0000] {logging_mixin.py:188} INFO - [2026-01-21T11:12:41.104+0000] {dag.py:3036} INFO - Sync 1 DAGs
[2026-01-21T11:12:41.136+0000] {logging_mixin.py:188} INFO - [2026-01-21T11:12:41.136+0000] {dag.py:3823} INFO - Setting next_dagrun for example_dynamic_task_mapping_with_no_taskflow_operators to 2026-01-20 00:00:00+00:00, run_after=2026-01-21 00:00:00+00:00
[2026-01-21T11:12:41.161+0000] {processor.py:183} INFO - Processing /home/airflow/.local/lib/python3.8/site-packages/airflow/example_dags/example_dynamic_task_mapping_with_no_taskflow_operators.py took 0.105 seconds
[2026-01-21T11:13:11.487+0000] {processor.py:161} INFO - Started process (PID=14725) to work on /home/airflow/.local/lib/python3.8/site-packages/airflow/example_dags/example_dynamic_task_mapping_with_no_taskflow_operators.py
[2026-01-21T11:13:11.489+0000] {processor.py:830} INFO - Processing file /home/airflow/.local/lib/python3.8/site-packages/airflow/example_dags/example_dynamic_task_mapping_with_no_taskflow_operators.py for tasks to queue
[2026-01-21T11:13:11.491+0000] {logging_mixin.py:188} INFO - [2026-01-21T11:13:11.491+0000] {dagbag.py:538} INFO - Filling up the DagBag from /home/airflow/.local/lib/python3.8/site-packages/airflow/example_dags/example_dynamic_task_mapping_with_no_taskflow_operators.py
[2026-01-21T11:13:11.502+0000] {processor.py:840} INFO - DAG(s) 'example_dynamic_task_mapping_with_no_taskflow_operators' retrieved from /home/airflow/.local/lib/python3.8/site-packages/airflow/example_dags/example_dynamic_task_mapping_with_no_taskflow_operators.py
[2026-01-21T11:13:11.553+0000] {logging_mixin.py:188} INFO - [2026-01-21T11:13:11.553+0000] {dag.py:3036} INFO - Sync 1 DAGs
[2026-01-21T11:13:11.612+0000] {logging_mixin.py:188} INFO - [2026-01-21T11:13:11.612+0000] {dag.py:3823} INFO - Setting next_dagrun for example_dynamic_task_mapping_with_no_taskflow_operators to 2026-01-20 00:00:00+00:00, run_after=2026-01-21 00:00:00+00:00
[2026-01-21T11:13:11.663+0000] {processor.py:183} INFO - Processing /home/airflow/.local/lib/python3.8/site-packages/airflow/example_dags/example_dynamic_task_mapping_with_no_taskflow_operators.py took 0.180 seconds
[2026-01-21T11:13:42.574+0000] {processor.py:161} INFO - Started process (PID=14791) to work on /home/airflow/.local/lib/python3.8/site-packages/airflow/example_dags/example_dynamic_task_mapping_with_no_taskflow_operators.py
[2026-01-21T11:13:42.576+0000] {processor.py:830} INFO - Processing file /home/airflow/.local/lib/python3.8/site-packages/airflow/example_dags/example_dynamic_task_mapping_with_no_taskflow_operators.py for tasks to queue
[2026-01-21T11:13:42.579+0000] {logging_mixin.py:188} INFO - [2026-01-21T11:13:42.578+0000] {dagbag.py:538} INFO - Filling up the DagBag from /home/airflow/.local/lib/python3.8/site-packages/airflow/example_dags/example_dynamic_task_mapping_with_no_taskflow_operators.py
[2026-01-21T11:13:42.588+0000] {processor.py:840} INFO - DAG(s) 'example_dynamic_task_mapping_with_no_taskflow_operators' retrieved from /home/airflow/.local/lib/python3.8/site-packages/airflow/example_dags/example_dynamic_task_mapping_with_no_taskflow_operators.py
[2026-01-21T11:13:42.622+0000] {logging_mixin.py:188} INFO - [2026-01-21T11:13:42.621+0000] {dag.py:3036} INFO - Sync 1 DAGs
[2026-01-21T11:13:42.659+0000] {logging_mixin.py:188} INFO - [2026-01-21T11:13:42.659+0000] {dag.py:3823} INFO - Setting next_dagrun for example_dynamic_task_mapping_with_no_taskflow_operators to 2026-01-20 00:00:00+00:00, run_after=2026-01-21 00:00:00+00:00
[2026-01-21T11:13:42.683+0000] {processor.py:183} INFO - Processing /home/airflow/.local/lib/python3.8/site-packages/airflow/example_dags/example_dynamic_task_mapping_with_no_taskflow_operators.py took 0.116 seconds
[2026-01-21T11:14:12.879+0000] {processor.py:161} INFO - Started process (PID=14857) to work on /home/airflow/.local/lib/python3.8/site-packages/airflow/example_dags/example_dynamic_task_mapping_with_no_taskflow_operators.py
[2026-01-21T11:14:12.880+0000] {processor.py:830} INFO - Processing file /home/airflow/.local/lib/python3.8/site-packages/airflow/example_dags/example_dynamic_task_mapping_with_no_taskflow_operators.py for tasks to queue
[2026-01-21T11:14:12.882+0000] {logging_mixin.py:188} INFO - [2026-01-21T11:14:12.882+0000] {dagbag.py:538} INFO - Filling up the DagBag from /home/airflow/.local/lib/python3.8/site-packages/airflow/example_dags/example_dynamic_task_mapping_with_no_taskflow_operators.py
[2026-01-21T11:14:12.890+0000] {processor.py:840} INFO - DAG(s) 'example_dynamic_task_mapping_with_no_taskflow_operators' retrieved from /home/airflow/.local/lib/python3.8/site-packages/airflow/example_dags/example_dynamic_task_mapping_with_no_taskflow_operators.py
[2026-01-21T11:14:12.917+0000] {logging_mixin.py:188} INFO - [2026-01-21T11:14:12.917+0000] {dag.py:3036} INFO - Sync 1 DAGs
[2026-01-21T11:14:12.974+0000] {logging_mixin.py:188} INFO - [2026-01-21T11:14:12.973+0000] {dag.py:3823} INFO - Setting next_dagrun for example_dynamic_task_mapping_with_no_taskflow_operators to 2026-01-20 00:00:00+00:00, run_after=2026-01-21 00:00:00+00:00
[2026-01-21T11:14:13.025+0000] {processor.py:183} INFO - Processing /home/airflow/.local/lib/python3.8/site-packages/airflow/example_dags/example_dynamic_task_mapping_with_no_taskflow_operators.py took 0.151 seconds
[2026-01-21T11:14:43.926+0000] {processor.py:161} INFO - Started process (PID=14924) to work on /home/airflow/.local/lib/python3.8/site-packages/airflow/example_dags/example_dynamic_task_mapping_with_no_taskflow_operators.py
[2026-01-21T11:14:43.928+0000] {processor.py:830} INFO - Processing file /home/airflow/.local/lib/python3.8/site-packages/airflow/example_dags/example_dynamic_task_mapping_with_no_taskflow_operators.py for tasks to queue
[2026-01-21T11:14:43.930+0000] {logging_mixin.py:188} INFO - [2026-01-21T11:14:43.930+0000] {dagbag.py:538} INFO - Filling up the DagBag from /home/airflow/.local/lib/python3.8/site-packages/airflow/example_dags/example_dynamic_task_mapping_with_no_taskflow_operators.py
[2026-01-21T11:14:43.941+0000] {processor.py:840} INFO - DAG(s) 'example_dynamic_task_mapping_with_no_taskflow_operators' retrieved from /home/airflow/.local/lib/python3.8/site-packages/airflow/example_dags/example_dynamic_task_mapping_with_no_taskflow_operators.py
[2026-01-21T11:14:43.977+0000] {logging_mixin.py:188} INFO - [2026-01-21T11:14:43.976+0000] {dag.py:3036} INFO - Sync 1 DAGs
[2026-01-21T11:14:44.021+0000] {logging_mixin.py:188} INFO - [2026-01-21T11:14:44.020+0000] {dag.py:3823} INFO - Setting next_dagrun for example_dynamic_task_mapping_with_no_taskflow_operators to 2026-01-20 00:00:00+00:00, run_after=2026-01-21 00:00:00+00:00
[2026-01-21T11:14:44.050+0000] {processor.py:183} INFO - Processing /home/airflow/.local/lib/python3.8/site-packages/airflow/example_dags/example_dynamic_task_mapping_with_no_taskflow_operators.py took 0.130 seconds
[2026-01-21T11:15:14.274+0000] {processor.py:161} INFO - Started process (PID=14997) to work on /home/airflow/.local/lib/python3.8/site-packages/airflow/example_dags/example_dynamic_task_mapping_with_no_taskflow_operators.py
[2026-01-21T11:15:14.276+0000] {processor.py:830} INFO - Processing file /home/airflow/.local/lib/python3.8/site-packages/airflow/example_dags/example_dynamic_task_mapping_with_no_taskflow_operators.py for tasks to queue
[2026-01-21T11:15:14.278+0000] {logging_mixin.py:188} INFO - [2026-01-21T11:15:14.278+0000] {dagbag.py:538} INFO - Filling up the DagBag from /home/airflow/.local/lib/python3.8/site-packages/airflow/example_dags/example_dynamic_task_mapping_with_no_taskflow_operators.py
[2026-01-21T11:15:14.286+0000] {processor.py:840} INFO - DAG(s) 'example_dynamic_task_mapping_with_no_taskflow_operators' retrieved from /home/airflow/.local/lib/python3.8/site-packages/airflow/example_dags/example_dynamic_task_mapping_with_no_taskflow_operators.py
[2026-01-21T11:15:14.314+0000] {logging_mixin.py:188} INFO - [2026-01-21T11:15:14.313+0000] {dag.py:3036} INFO - Sync 1 DAGs
[2026-01-21T11:15:14.349+0000] {logging_mixin.py:188} INFO - [2026-01-21T11:15:14.348+0000] {dag.py:3823} INFO - Setting next_dagrun for example_dynamic_task_mapping_with_no_taskflow_operators to 2026-01-20 00:00:00+00:00, run_after=2026-01-21 00:00:00+00:00
[2026-01-21T11:15:14.372+0000] {processor.py:183} INFO - Processing /home/airflow/.local/lib/python3.8/site-packages/airflow/example_dags/example_dynamic_task_mapping_with_no_taskflow_operators.py took 0.103 seconds
[2026-01-21T11:15:45.053+0000] {processor.py:161} INFO - Started process (PID=15061) to work on /home/airflow/.local/lib/python3.8/site-packages/airflow/example_dags/example_dynamic_task_mapping_with_no_taskflow_operators.py
[2026-01-21T11:15:45.054+0000] {processor.py:830} INFO - Processing file /home/airflow/.local/lib/python3.8/site-packages/airflow/example_dags/example_dynamic_task_mapping_with_no_taskflow_operators.py for tasks to queue
[2026-01-21T11:15:45.056+0000] {logging_mixin.py:188} INFO - [2026-01-21T11:15:45.056+0000] {dagbag.py:538} INFO - Filling up the DagBag from /home/airflow/.local/lib/python3.8/site-packages/airflow/example_dags/example_dynamic_task_mapping_with_no_taskflow_operators.py
[2026-01-21T11:15:45.064+0000] {processor.py:840} INFO - DAG(s) 'example_dynamic_task_mapping_with_no_taskflow_operators' retrieved from /home/airflow/.local/lib/python3.8/site-packages/airflow/example_dags/example_dynamic_task_mapping_with_no_taskflow_operators.py
[2026-01-21T11:15:45.092+0000] {logging_mixin.py:188} INFO - [2026-01-21T11:15:45.092+0000] {dag.py:3036} INFO - Sync 1 DAGs
[2026-01-21T11:15:45.127+0000] {logging_mixin.py:188} INFO - [2026-01-21T11:15:45.127+0000] {dag.py:3823} INFO - Setting next_dagrun for example_dynamic_task_mapping_with_no_taskflow_operators to 2026-01-20 00:00:00+00:00, run_after=2026-01-21 00:00:00+00:00
[2026-01-21T11:15:45.155+0000] {processor.py:183} INFO - Processing /home/airflow/.local/lib/python3.8/site-packages/airflow/example_dags/example_dynamic_task_mapping_with_no_taskflow_operators.py took 0.108 seconds
[2026-01-21T11:16:15.295+0000] {processor.py:161} INFO - Started process (PID=15127) to work on /home/airflow/.local/lib/python3.8/site-packages/airflow/example_dags/example_dynamic_task_mapping_with_no_taskflow_operators.py
[2026-01-21T11:16:15.297+0000] {processor.py:830} INFO - Processing file /home/airflow/.local/lib/python3.8/site-packages/airflow/example_dags/example_dynamic_task_mapping_with_no_taskflow_operators.py for tasks to queue
[2026-01-21T11:16:15.299+0000] {logging_mixin.py:188} INFO - [2026-01-21T11:16:15.298+0000] {dagbag.py:538} INFO - Filling up the DagBag from /home/airflow/.local/lib/python3.8/site-packages/airflow/example_dags/example_dynamic_task_mapping_with_no_taskflow_operators.py
[2026-01-21T11:16:15.307+0000] {processor.py:840} INFO - DAG(s) 'example_dynamic_task_mapping_with_no_taskflow_operators' retrieved from /home/airflow/.local/lib/python3.8/site-packages/airflow/example_dags/example_dynamic_task_mapping_with_no_taskflow_operators.py
[2026-01-21T11:16:15.334+0000] {logging_mixin.py:188} INFO - [2026-01-21T11:16:15.334+0000] {dag.py:3036} INFO - Sync 1 DAGs
[2026-01-21T11:16:15.365+0000] {logging_mixin.py:188} INFO - [2026-01-21T11:16:15.365+0000] {dag.py:3823} INFO - Setting next_dagrun for example_dynamic_task_mapping_with_no_taskflow_operators to 2026-01-20 00:00:00+00:00, run_after=2026-01-21 00:00:00+00:00
[2026-01-21T11:16:15.391+0000] {processor.py:183} INFO - Processing /home/airflow/.local/lib/python3.8/site-packages/airflow/example_dags/example_dynamic_task_mapping_with_no_taskflow_operators.py took 0.101 seconds
[2026-01-21T11:16:45.631+0000] {processor.py:161} INFO - Started process (PID=15192) to work on /home/airflow/.local/lib/python3.8/site-packages/airflow/example_dags/example_dynamic_task_mapping_with_no_taskflow_operators.py
[2026-01-21T11:16:45.632+0000] {processor.py:830} INFO - Processing file /home/airflow/.local/lib/python3.8/site-packages/airflow/example_dags/example_dynamic_task_mapping_with_no_taskflow_operators.py for tasks to queue
[2026-01-21T11:16:45.635+0000] {logging_mixin.py:188} INFO - [2026-01-21T11:16:45.634+0000] {dagbag.py:538} INFO - Filling up the DagBag from /home/airflow/.local/lib/python3.8/site-packages/airflow/example_dags/example_dynamic_task_mapping_with_no_taskflow_operators.py
[2026-01-21T11:16:45.644+0000] {processor.py:840} INFO - DAG(s) 'example_dynamic_task_mapping_with_no_taskflow_operators' retrieved from /home/airflow/.local/lib/python3.8/site-packages/airflow/example_dags/example_dynamic_task_mapping_with_no_taskflow_operators.py
[2026-01-21T11:16:45.679+0000] {logging_mixin.py:188} INFO - [2026-01-21T11:16:45.679+0000] {dag.py:3036} INFO - Sync 1 DAGs
[2026-01-21T11:16:45.723+0000] {logging_mixin.py:188} INFO - [2026-01-21T11:16:45.722+0000] {dag.py:3823} INFO - Setting next_dagrun for example_dynamic_task_mapping_with_no_taskflow_operators to 2026-01-20 00:00:00+00:00, run_after=2026-01-21 00:00:00+00:00
[2026-01-21T11:16:45.755+0000] {processor.py:183} INFO - Processing /home/airflow/.local/lib/python3.8/site-packages/airflow/example_dags/example_dynamic_task_mapping_with_no_taskflow_operators.py took 0.128 seconds
[2026-01-21T11:17:16.079+0000] {processor.py:161} INFO - Started process (PID=15258) to work on /home/airflow/.local/lib/python3.8/site-packages/airflow/example_dags/example_dynamic_task_mapping_with_no_taskflow_operators.py
[2026-01-21T11:17:16.081+0000] {processor.py:830} INFO - Processing file /home/airflow/.local/lib/python3.8/site-packages/airflow/example_dags/example_dynamic_task_mapping_with_no_taskflow_operators.py for tasks to queue
[2026-01-21T11:17:16.083+0000] {logging_mixin.py:188} INFO - [2026-01-21T11:17:16.083+0000] {dagbag.py:538} INFO - Filling up the DagBag from /home/airflow/.local/lib/python3.8/site-packages/airflow/example_dags/example_dynamic_task_mapping_with_no_taskflow_operators.py
[2026-01-21T11:17:16.092+0000] {processor.py:840} INFO - DAG(s) 'example_dynamic_task_mapping_with_no_taskflow_operators' retrieved from /home/airflow/.local/lib/python3.8/site-packages/airflow/example_dags/example_dynamic_task_mapping_with_no_taskflow_operators.py
[2026-01-21T11:17:16.124+0000] {logging_mixin.py:188} INFO - [2026-01-21T11:17:16.123+0000] {dag.py:3036} INFO - Sync 1 DAGs
[2026-01-21T11:17:16.175+0000] {logging_mixin.py:188} INFO - [2026-01-21T11:17:16.174+0000] {dag.py:3823} INFO - Setting next_dagrun for example_dynamic_task_mapping_with_no_taskflow_operators to 2026-01-20 00:00:00+00:00, run_after=2026-01-21 00:00:00+00:00
[2026-01-21T11:17:16.207+0000] {processor.py:183} INFO - Processing /home/airflow/.local/lib/python3.8/site-packages/airflow/example_dags/example_dynamic_task_mapping_with_no_taskflow_operators.py took 0.133 seconds
[2026-01-21T11:17:46.391+0000] {processor.py:161} INFO - Started process (PID=15324) to work on /home/airflow/.local/lib/python3.8/site-packages/airflow/example_dags/example_dynamic_task_mapping_with_no_taskflow_operators.py
[2026-01-21T11:17:46.392+0000] {processor.py:830} INFO - Processing file /home/airflow/.local/lib/python3.8/site-packages/airflow/example_dags/example_dynamic_task_mapping_with_no_taskflow_operators.py for tasks to queue
[2026-01-21T11:17:46.394+0000] {logging_mixin.py:188} INFO - [2026-01-21T11:17:46.394+0000] {dagbag.py:538} INFO - Filling up the DagBag from /home/airflow/.local/lib/python3.8/site-packages/airflow/example_dags/example_dynamic_task_mapping_with_no_taskflow_operators.py
[2026-01-21T11:17:46.402+0000] {processor.py:840} INFO - DAG(s) 'example_dynamic_task_mapping_with_no_taskflow_operators' retrieved from /home/airflow/.local/lib/python3.8/site-packages/airflow/example_dags/example_dynamic_task_mapping_with_no_taskflow_operators.py
[2026-01-21T11:17:46.432+0000] {logging_mixin.py:188} INFO - [2026-01-21T11:17:46.431+0000] {dag.py:3036} INFO - Sync 1 DAGs
[2026-01-21T11:17:46.471+0000] {logging_mixin.py:188} INFO - [2026-01-21T11:17:46.471+0000] {dag.py:3823} INFO - Setting next_dagrun for example_dynamic_task_mapping_with_no_taskflow_operators to 2026-01-20 00:00:00+00:00, run_after=2026-01-21 00:00:00+00:00
[2026-01-21T11:17:46.500+0000] {processor.py:183} INFO - Processing /home/airflow/.local/lib/python3.8/site-packages/airflow/example_dags/example_dynamic_task_mapping_with_no_taskflow_operators.py took 0.113 seconds
[2026-01-21T11:18:16.662+0000] {processor.py:161} INFO - Started process (PID=15391) to work on /home/airflow/.local/lib/python3.8/site-packages/airflow/example_dags/example_dynamic_task_mapping_with_no_taskflow_operators.py
[2026-01-21T11:18:16.664+0000] {processor.py:830} INFO - Processing file /home/airflow/.local/lib/python3.8/site-packages/airflow/example_dags/example_dynamic_task_mapping_with_no_taskflow_operators.py for tasks to queue
[2026-01-21T11:18:16.666+0000] {logging_mixin.py:188} INFO - [2026-01-21T11:18:16.666+0000] {dagbag.py:538} INFO - Filling up the DagBag from /home/airflow/.local/lib/python3.8/site-packages/airflow/example_dags/example_dynamic_task_mapping_with_no_taskflow_operators.py
[2026-01-21T11:18:16.674+0000] {processor.py:840} INFO - DAG(s) 'example_dynamic_task_mapping_with_no_taskflow_operators' retrieved from /home/airflow/.local/lib/python3.8/site-packages/airflow/example_dags/example_dynamic_task_mapping_with_no_taskflow_operators.py
[2026-01-21T11:18:16.702+0000] {logging_mixin.py:188} INFO - [2026-01-21T11:18:16.702+0000] {dag.py:3036} INFO - Sync 1 DAGs
[2026-01-21T11:18:16.736+0000] {logging_mixin.py:188} INFO - [2026-01-21T11:18:16.735+0000] {dag.py:3823} INFO - Setting next_dagrun for example_dynamic_task_mapping_with_no_taskflow_operators to 2026-01-20 00:00:00+00:00, run_after=2026-01-21 00:00:00+00:00
[2026-01-21T11:18:16.761+0000] {processor.py:183} INFO - Processing /home/airflow/.local/lib/python3.8/site-packages/airflow/example_dags/example_dynamic_task_mapping_with_no_taskflow_operators.py took 0.103 seconds
[2026-01-21T11:18:47.159+0000] {processor.py:161} INFO - Started process (PID=15465) to work on /home/airflow/.local/lib/python3.8/site-packages/airflow/example_dags/example_dynamic_task_mapping_with_no_taskflow_operators.py
[2026-01-21T11:18:47.160+0000] {processor.py:830} INFO - Processing file /home/airflow/.local/lib/python3.8/site-packages/airflow/example_dags/example_dynamic_task_mapping_with_no_taskflow_operators.py for tasks to queue
[2026-01-21T11:18:47.163+0000] {logging_mixin.py:188} INFO - [2026-01-21T11:18:47.162+0000] {dagbag.py:538} INFO - Filling up the DagBag from /home/airflow/.local/lib/python3.8/site-packages/airflow/example_dags/example_dynamic_task_mapping_with_no_taskflow_operators.py
[2026-01-21T11:18:47.171+0000] {processor.py:840} INFO - DAG(s) 'example_dynamic_task_mapping_with_no_taskflow_operators' retrieved from /home/airflow/.local/lib/python3.8/site-packages/airflow/example_dags/example_dynamic_task_mapping_with_no_taskflow_operators.py
[2026-01-21T11:18:47.199+0000] {logging_mixin.py:188} INFO - [2026-01-21T11:18:47.198+0000] {dag.py:3036} INFO - Sync 1 DAGs
[2026-01-21T11:18:47.233+0000] {logging_mixin.py:188} INFO - [2026-01-21T11:18:47.232+0000] {dag.py:3823} INFO - Setting next_dagrun for example_dynamic_task_mapping_with_no_taskflow_operators to 2026-01-20 00:00:00+00:00, run_after=2026-01-21 00:00:00+00:00
[2026-01-21T11:18:47.257+0000] {processor.py:183} INFO - Processing /home/airflow/.local/lib/python3.8/site-packages/airflow/example_dags/example_dynamic_task_mapping_with_no_taskflow_operators.py took 0.102 seconds
[2026-01-21T11:19:17.317+0000] {processor.py:161} INFO - Started process (PID=15530) to work on /home/airflow/.local/lib/python3.8/site-packages/airflow/example_dags/example_dynamic_task_mapping_with_no_taskflow_operators.py
[2026-01-21T11:19:17.319+0000] {processor.py:830} INFO - Processing file /home/airflow/.local/lib/python3.8/site-packages/airflow/example_dags/example_dynamic_task_mapping_with_no_taskflow_operators.py for tasks to queue
[2026-01-21T11:19:17.322+0000] {logging_mixin.py:188} INFO - [2026-01-21T11:19:17.322+0000] {dagbag.py:538} INFO - Filling up the DagBag from /home/airflow/.local/lib/python3.8/site-packages/airflow/example_dags/example_dynamic_task_mapping_with_no_taskflow_operators.py
[2026-01-21T11:19:17.341+0000] {processor.py:840} INFO - DAG(s) 'example_dynamic_task_mapping_with_no_taskflow_operators' retrieved from /home/airflow/.local/lib/python3.8/site-packages/airflow/example_dags/example_dynamic_task_mapping_with_no_taskflow_operators.py
[2026-01-21T11:19:17.379+0000] {logging_mixin.py:188} INFO - [2026-01-21T11:19:17.378+0000] {dag.py:3036} INFO - Sync 1 DAGs
[2026-01-21T11:19:17.427+0000] {logging_mixin.py:188} INFO - [2026-01-21T11:19:17.426+0000] {dag.py:3823} INFO - Setting next_dagrun for example_dynamic_task_mapping_with_no_taskflow_operators to 2026-01-20 00:00:00+00:00, run_after=2026-01-21 00:00:00+00:00
[2026-01-21T11:19:17.461+0000] {processor.py:183} INFO - Processing /home/airflow/.local/lib/python3.8/site-packages/airflow/example_dags/example_dynamic_task_mapping_with_no_taskflow_operators.py took 0.151 seconds
[2026-01-21T11:19:47.702+0000] {processor.py:161} INFO - Started process (PID=15595) to work on /home/airflow/.local/lib/python3.8/site-packages/airflow/example_dags/example_dynamic_task_mapping_with_no_taskflow_operators.py
[2026-01-21T11:19:47.703+0000] {processor.py:830} INFO - Processing file /home/airflow/.local/lib/python3.8/site-packages/airflow/example_dags/example_dynamic_task_mapping_with_no_taskflow_operators.py for tasks to queue
[2026-01-21T11:19:47.705+0000] {logging_mixin.py:188} INFO - [2026-01-21T11:19:47.705+0000] {dagbag.py:538} INFO - Filling up the DagBag from /home/airflow/.local/lib/python3.8/site-packages/airflow/example_dags/example_dynamic_task_mapping_with_no_taskflow_operators.py
[2026-01-21T11:19:47.713+0000] {processor.py:840} INFO - DAG(s) 'example_dynamic_task_mapping_with_no_taskflow_operators' retrieved from /home/airflow/.local/lib/python3.8/site-packages/airflow/example_dags/example_dynamic_task_mapping_with_no_taskflow_operators.py
[2026-01-21T11:19:47.740+0000] {logging_mixin.py:188} INFO - [2026-01-21T11:19:47.739+0000] {dag.py:3036} INFO - Sync 1 DAGs
[2026-01-21T11:19:47.772+0000] {logging_mixin.py:188} INFO - [2026-01-21T11:19:47.772+0000] {dag.py:3823} INFO - Setting next_dagrun for example_dynamic_task_mapping_with_no_taskflow_operators to 2026-01-20 00:00:00+00:00, run_after=2026-01-21 00:00:00+00:00
[2026-01-21T11:19:47.796+0000] {processor.py:183} INFO - Processing /home/airflow/.local/lib/python3.8/site-packages/airflow/example_dags/example_dynamic_task_mapping_with_no_taskflow_operators.py took 0.099 seconds
[2026-01-21T11:20:17.968+0000] {processor.py:161} INFO - Started process (PID=15661) to work on /home/airflow/.local/lib/python3.8/site-packages/airflow/example_dags/example_dynamic_task_mapping_with_no_taskflow_operators.py
[2026-01-21T11:20:17.970+0000] {processor.py:830} INFO - Processing file /home/airflow/.local/lib/python3.8/site-packages/airflow/example_dags/example_dynamic_task_mapping_with_no_taskflow_operators.py for tasks to queue
[2026-01-21T11:20:17.972+0000] {logging_mixin.py:188} INFO - [2026-01-21T11:20:17.972+0000] {dagbag.py:538} INFO - Filling up the DagBag from /home/airflow/.local/lib/python3.8/site-packages/airflow/example_dags/example_dynamic_task_mapping_with_no_taskflow_operators.py
[2026-01-21T11:20:17.980+0000] {processor.py:840} INFO - DAG(s) 'example_dynamic_task_mapping_with_no_taskflow_operators' retrieved from /home/airflow/.local/lib/python3.8/site-packages/airflow/example_dags/example_dynamic_task_mapping_with_no_taskflow_operators.py
[2026-01-21T11:20:18.008+0000] {logging_mixin.py:188} INFO - [2026-01-21T11:20:18.008+0000] {dag.py:3036} INFO - Sync 1 DAGs
[2026-01-21T11:20:18.040+0000] {logging_mixin.py:188} INFO - [2026-01-21T11:20:18.039+0000] {dag.py:3823} INFO - Setting next_dagrun for example_dynamic_task_mapping_with_no_taskflow_operators to 2026-01-20 00:00:00+00:00, run_after=2026-01-21 00:00:00+00:00
[2026-01-21T11:20:18.064+0000] {processor.py:183} INFO - Processing /home/airflow/.local/lib/python3.8/site-packages/airflow/example_dags/example_dynamic_task_mapping_with_no_taskflow_operators.py took 0.100 seconds
[2026-01-21T11:20:48.366+0000] {processor.py:161} INFO - Started process (PID=15726) to work on /home/airflow/.local/lib/python3.8/site-packages/airflow/example_dags/example_dynamic_task_mapping_with_no_taskflow_operators.py
[2026-01-21T11:20:48.367+0000] {processor.py:830} INFO - Processing file /home/airflow/.local/lib/python3.8/site-packages/airflow/example_dags/example_dynamic_task_mapping_with_no_taskflow_operators.py for tasks to queue
[2026-01-21T11:20:48.369+0000] {logging_mixin.py:188} INFO - [2026-01-21T11:20:48.369+0000] {dagbag.py:538} INFO - Filling up the DagBag from /home/airflow/.local/lib/python3.8/site-packages/airflow/example_dags/example_dynamic_task_mapping_with_no_taskflow_operators.py
[2026-01-21T11:20:48.377+0000] {processor.py:840} INFO - DAG(s) 'example_dynamic_task_mapping_with_no_taskflow_operators' retrieved from /home/airflow/.local/lib/python3.8/site-packages/airflow/example_dags/example_dynamic_task_mapping_with_no_taskflow_operators.py
[2026-01-21T11:20:48.405+0000] {logging_mixin.py:188} INFO - [2026-01-21T11:20:48.404+0000] {dag.py:3036} INFO - Sync 1 DAGs
[2026-01-21T11:20:48.436+0000] {logging_mixin.py:188} INFO - [2026-01-21T11:20:48.436+0000] {dag.py:3823} INFO - Setting next_dagrun for example_dynamic_task_mapping_with_no_taskflow_operators to 2026-01-20 00:00:00+00:00, run_after=2026-01-21 00:00:00+00:00
[2026-01-21T11:20:48.461+0000] {processor.py:183} INFO - Processing /home/airflow/.local/lib/python3.8/site-packages/airflow/example_dags/example_dynamic_task_mapping_with_no_taskflow_operators.py took 0.100 seconds
[2026-01-21T11:21:18.723+0000] {processor.py:161} INFO - Started process (PID=15792) to work on /home/airflow/.local/lib/python3.8/site-packages/airflow/example_dags/example_dynamic_task_mapping_with_no_taskflow_operators.py
[2026-01-21T11:21:18.725+0000] {processor.py:830} INFO - Processing file /home/airflow/.local/lib/python3.8/site-packages/airflow/example_dags/example_dynamic_task_mapping_with_no_taskflow_operators.py for tasks to queue
[2026-01-21T11:21:18.727+0000] {logging_mixin.py:188} INFO - [2026-01-21T11:21:18.727+0000] {dagbag.py:538} INFO - Filling up the DagBag from /home/airflow/.local/lib/python3.8/site-packages/airflow/example_dags/example_dynamic_task_mapping_with_no_taskflow_operators.py
[2026-01-21T11:21:18.736+0000] {processor.py:840} INFO - DAG(s) 'example_dynamic_task_mapping_with_no_taskflow_operators' retrieved from /home/airflow/.local/lib/python3.8/site-packages/airflow/example_dags/example_dynamic_task_mapping_with_no_taskflow_operators.py
[2026-01-21T11:21:18.765+0000] {logging_mixin.py:188} INFO - [2026-01-21T11:21:18.765+0000] {dag.py:3036} INFO - Sync 1 DAGs
[2026-01-21T11:21:18.799+0000] {logging_mixin.py:188} INFO - [2026-01-21T11:21:18.798+0000] {dag.py:3823} INFO - Setting next_dagrun for example_dynamic_task_mapping_with_no_taskflow_operators to 2026-01-20 00:00:00+00:00, run_after=2026-01-21 00:00:00+00:00
[2026-01-21T11:21:18.822+0000] {processor.py:183} INFO - Processing /home/airflow/.local/lib/python3.8/site-packages/airflow/example_dags/example_dynamic_task_mapping_with_no_taskflow_operators.py took 0.103 seconds
[2026-01-21T11:21:49.127+0000] {processor.py:161} INFO - Started process (PID=15858) to work on /home/airflow/.local/lib/python3.8/site-packages/airflow/example_dags/example_dynamic_task_mapping_with_no_taskflow_operators.py
[2026-01-21T11:21:49.128+0000] {processor.py:830} INFO - Processing file /home/airflow/.local/lib/python3.8/site-packages/airflow/example_dags/example_dynamic_task_mapping_with_no_taskflow_operators.py for tasks to queue
[2026-01-21T11:21:49.130+0000] {logging_mixin.py:188} INFO - [2026-01-21T11:21:49.130+0000] {dagbag.py:538} INFO - Filling up the DagBag from /home/airflow/.local/lib/python3.8/site-packages/airflow/example_dags/example_dynamic_task_mapping_with_no_taskflow_operators.py
[2026-01-21T11:21:49.138+0000] {processor.py:840} INFO - DAG(s) 'example_dynamic_task_mapping_with_no_taskflow_operators' retrieved from /home/airflow/.local/lib/python3.8/site-packages/airflow/example_dags/example_dynamic_task_mapping_with_no_taskflow_operators.py
[2026-01-21T11:21:49.167+0000] {logging_mixin.py:188} INFO - [2026-01-21T11:21:49.167+0000] {dag.py:3036} INFO - Sync 1 DAGs
[2026-01-21T11:21:49.206+0000] {logging_mixin.py:188} INFO - [2026-01-21T11:21:49.205+0000] {dag.py:3823} INFO - Setting next_dagrun for example_dynamic_task_mapping_with_no_taskflow_operators to 2026-01-20 00:00:00+00:00, run_after=2026-01-21 00:00:00+00:00
[2026-01-21T11:21:49.234+0000] {processor.py:183} INFO - Processing /home/airflow/.local/lib/python3.8/site-packages/airflow/example_dags/example_dynamic_task_mapping_with_no_taskflow_operators.py took 0.112 seconds
[2026-01-21T11:22:19.441+0000] {processor.py:161} INFO - Started process (PID=15924) to work on /home/airflow/.local/lib/python3.8/site-packages/airflow/example_dags/example_dynamic_task_mapping_with_no_taskflow_operators.py
[2026-01-21T11:22:19.443+0000] {processor.py:830} INFO - Processing file /home/airflow/.local/lib/python3.8/site-packages/airflow/example_dags/example_dynamic_task_mapping_with_no_taskflow_operators.py for tasks to queue
[2026-01-21T11:22:19.445+0000] {logging_mixin.py:188} INFO - [2026-01-21T11:22:19.445+0000] {dagbag.py:538} INFO - Filling up the DagBag from /home/airflow/.local/lib/python3.8/site-packages/airflow/example_dags/example_dynamic_task_mapping_with_no_taskflow_operators.py
[2026-01-21T11:22:19.453+0000] {processor.py:840} INFO - DAG(s) 'example_dynamic_task_mapping_with_no_taskflow_operators' retrieved from /home/airflow/.local/lib/python3.8/site-packages/airflow/example_dags/example_dynamic_task_mapping_with_no_taskflow_operators.py
[2026-01-21T11:22:19.485+0000] {logging_mixin.py:188} INFO - [2026-01-21T11:22:19.485+0000] {dag.py:3036} INFO - Sync 1 DAGs
[2026-01-21T11:22:19.519+0000] {logging_mixin.py:188} INFO - [2026-01-21T11:22:19.519+0000] {dag.py:3823} INFO - Setting next_dagrun for example_dynamic_task_mapping_with_no_taskflow_operators to 2026-01-20 00:00:00+00:00, run_after=2026-01-21 00:00:00+00:00
[2026-01-21T11:22:19.545+0000] {processor.py:183} INFO - Processing /home/airflow/.local/lib/python3.8/site-packages/airflow/example_dags/example_dynamic_task_mapping_with_no_taskflow_operators.py took 0.110 seconds
[2026-01-21T11:22:49.936+0000] {processor.py:161} INFO - Started process (PID=15998) to work on /home/airflow/.local/lib/python3.8/site-packages/airflow/example_dags/example_dynamic_task_mapping_with_no_taskflow_operators.py
[2026-01-21T11:22:49.938+0000] {processor.py:830} INFO - Processing file /home/airflow/.local/lib/python3.8/site-packages/airflow/example_dags/example_dynamic_task_mapping_with_no_taskflow_operators.py for tasks to queue
[2026-01-21T11:22:49.940+0000] {logging_mixin.py:188} INFO - [2026-01-21T11:22:49.940+0000] {dagbag.py:538} INFO - Filling up the DagBag from /home/airflow/.local/lib/python3.8/site-packages/airflow/example_dags/example_dynamic_task_mapping_with_no_taskflow_operators.py
[2026-01-21T11:22:49.952+0000] {processor.py:840} INFO - DAG(s) 'example_dynamic_task_mapping_with_no_taskflow_operators' retrieved from /home/airflow/.local/lib/python3.8/site-packages/airflow/example_dags/example_dynamic_task_mapping_with_no_taskflow_operators.py
[2026-01-21T11:22:50.024+0000] {logging_mixin.py:188} INFO - [2026-01-21T11:22:50.023+0000] {dag.py:3036} INFO - Sync 1 DAGs
[2026-01-21T11:22:50.085+0000] {logging_mixin.py:188} INFO - [2026-01-21T11:22:50.074+0000] {dag.py:3823} INFO - Setting next_dagrun for example_dynamic_task_mapping_with_no_taskflow_operators to 2026-01-20 00:00:00+00:00, run_after=2026-01-21 00:00:00+00:00
[2026-01-21T11:22:50.181+0000] {processor.py:183} INFO - Processing /home/airflow/.local/lib/python3.8/site-packages/airflow/example_dags/example_dynamic_task_mapping_with_no_taskflow_operators.py took 0.250 seconds
[2026-01-21T11:23:20.249+0000] {processor.py:161} INFO - Started process (PID=16064) to work on /home/airflow/.local/lib/python3.8/site-packages/airflow/example_dags/example_dynamic_task_mapping_with_no_taskflow_operators.py
[2026-01-21T11:23:20.251+0000] {processor.py:830} INFO - Processing file /home/airflow/.local/lib/python3.8/site-packages/airflow/example_dags/example_dynamic_task_mapping_with_no_taskflow_operators.py for tasks to queue
[2026-01-21T11:23:20.254+0000] {logging_mixin.py:188} INFO - [2026-01-21T11:23:20.254+0000] {dagbag.py:538} INFO - Filling up the DagBag from /home/airflow/.local/lib/python3.8/site-packages/airflow/example_dags/example_dynamic_task_mapping_with_no_taskflow_operators.py
[2026-01-21T11:23:20.265+0000] {processor.py:840} INFO - DAG(s) 'example_dynamic_task_mapping_with_no_taskflow_operators' retrieved from /home/airflow/.local/lib/python3.8/site-packages/airflow/example_dags/example_dynamic_task_mapping_with_no_taskflow_operators.py
[2026-01-21T11:23:20.301+0000] {logging_mixin.py:188} INFO - [2026-01-21T11:23:20.300+0000] {dag.py:3036} INFO - Sync 1 DAGs
[2026-01-21T11:23:20.345+0000] {logging_mixin.py:188} INFO - [2026-01-21T11:23:20.345+0000] {dag.py:3823} INFO - Setting next_dagrun for example_dynamic_task_mapping_with_no_taskflow_operators to 2026-01-20 00:00:00+00:00, run_after=2026-01-21 00:00:00+00:00
[2026-01-21T11:23:20.378+0000] {processor.py:183} INFO - Processing /home/airflow/.local/lib/python3.8/site-packages/airflow/example_dags/example_dynamic_task_mapping_with_no_taskflow_operators.py took 0.135 seconds
[2026-01-21T11:23:50.950+0000] {processor.py:161} INFO - Started process (PID=16130) to work on /home/airflow/.local/lib/python3.8/site-packages/airflow/example_dags/example_dynamic_task_mapping_with_no_taskflow_operators.py
[2026-01-21T11:23:50.952+0000] {processor.py:830} INFO - Processing file /home/airflow/.local/lib/python3.8/site-packages/airflow/example_dags/example_dynamic_task_mapping_with_no_taskflow_operators.py for tasks to queue
[2026-01-21T11:23:50.954+0000] {logging_mixin.py:188} INFO - [2026-01-21T11:23:50.953+0000] {dagbag.py:538} INFO - Filling up the DagBag from /home/airflow/.local/lib/python3.8/site-packages/airflow/example_dags/example_dynamic_task_mapping_with_no_taskflow_operators.py
[2026-01-21T11:23:50.962+0000] {processor.py:840} INFO - DAG(s) 'example_dynamic_task_mapping_with_no_taskflow_operators' retrieved from /home/airflow/.local/lib/python3.8/site-packages/airflow/example_dags/example_dynamic_task_mapping_with_no_taskflow_operators.py
[2026-01-21T11:23:50.992+0000] {logging_mixin.py:188} INFO - [2026-01-21T11:23:50.991+0000] {dag.py:3036} INFO - Sync 1 DAGs
[2026-01-21T11:23:51.029+0000] {logging_mixin.py:188} INFO - [2026-01-21T11:23:51.029+0000] {dag.py:3823} INFO - Setting next_dagrun for example_dynamic_task_mapping_with_no_taskflow_operators to 2026-01-20 00:00:00+00:00, run_after=2026-01-21 00:00:00+00:00
[2026-01-21T11:23:51.059+0000] {processor.py:183} INFO - Processing /home/airflow/.local/lib/python3.8/site-packages/airflow/example_dags/example_dynamic_task_mapping_with_no_taskflow_operators.py took 0.114 seconds
[2026-01-21T11:24:21.549+0000] {processor.py:161} INFO - Started process (PID=16196) to work on /home/airflow/.local/lib/python3.8/site-packages/airflow/example_dags/example_dynamic_task_mapping_with_no_taskflow_operators.py
[2026-01-21T11:24:21.550+0000] {processor.py:830} INFO - Processing file /home/airflow/.local/lib/python3.8/site-packages/airflow/example_dags/example_dynamic_task_mapping_with_no_taskflow_operators.py for tasks to queue
[2026-01-21T11:24:21.553+0000] {logging_mixin.py:188} INFO - [2026-01-21T11:24:21.552+0000] {dagbag.py:538} INFO - Filling up the DagBag from /home/airflow/.local/lib/python3.8/site-packages/airflow/example_dags/example_dynamic_task_mapping_with_no_taskflow_operators.py
[2026-01-21T11:24:21.560+0000] {processor.py:840} INFO - DAG(s) 'example_dynamic_task_mapping_with_no_taskflow_operators' retrieved from /home/airflow/.local/lib/python3.8/site-packages/airflow/example_dags/example_dynamic_task_mapping_with_no_taskflow_operators.py
[2026-01-21T11:24:21.589+0000] {logging_mixin.py:188} INFO - [2026-01-21T11:24:21.589+0000] {dag.py:3036} INFO - Sync 1 DAGs
[2026-01-21T11:24:21.629+0000] {logging_mixin.py:188} INFO - [2026-01-21T11:24:21.628+0000] {dag.py:3823} INFO - Setting next_dagrun for example_dynamic_task_mapping_with_no_taskflow_operators to 2026-01-20 00:00:00+00:00, run_after=2026-01-21 00:00:00+00:00
[2026-01-21T11:24:21.657+0000] {processor.py:183} INFO - Processing /home/airflow/.local/lib/python3.8/site-packages/airflow/example_dags/example_dynamic_task_mapping_with_no_taskflow_operators.py took 0.112 seconds
[2026-01-21T11:24:52.036+0000] {processor.py:161} INFO - Started process (PID=16262) to work on /home/airflow/.local/lib/python3.8/site-packages/airflow/example_dags/example_dynamic_task_mapping_with_no_taskflow_operators.py
[2026-01-21T11:24:52.038+0000] {processor.py:830} INFO - Processing file /home/airflow/.local/lib/python3.8/site-packages/airflow/example_dags/example_dynamic_task_mapping_with_no_taskflow_operators.py for tasks to queue
[2026-01-21T11:24:52.040+0000] {logging_mixin.py:188} INFO - [2026-01-21T11:24:52.040+0000] {dagbag.py:538} INFO - Filling up the DagBag from /home/airflow/.local/lib/python3.8/site-packages/airflow/example_dags/example_dynamic_task_mapping_with_no_taskflow_operators.py
[2026-01-21T11:24:52.048+0000] {processor.py:840} INFO - DAG(s) 'example_dynamic_task_mapping_with_no_taskflow_operators' retrieved from /home/airflow/.local/lib/python3.8/site-packages/airflow/example_dags/example_dynamic_task_mapping_with_no_taskflow_operators.py
[2026-01-21T11:24:52.078+0000] {logging_mixin.py:188} INFO - [2026-01-21T11:24:52.077+0000] {dag.py:3036} INFO - Sync 1 DAGs
[2026-01-21T11:24:52.111+0000] {logging_mixin.py:188} INFO - [2026-01-21T11:24:52.111+0000] {dag.py:3823} INFO - Setting next_dagrun for example_dynamic_task_mapping_with_no_taskflow_operators to 2026-01-20 00:00:00+00:00, run_after=2026-01-21 00:00:00+00:00
[2026-01-21T11:24:52.137+0000] {processor.py:183} INFO - Processing /home/airflow/.local/lib/python3.8/site-packages/airflow/example_dags/example_dynamic_task_mapping_with_no_taskflow_operators.py took 0.106 seconds
[2026-01-21T11:25:22.592+0000] {processor.py:161} INFO - Started process (PID=16328) to work on /home/airflow/.local/lib/python3.8/site-packages/airflow/example_dags/example_dynamic_task_mapping_with_no_taskflow_operators.py
[2026-01-21T11:25:22.594+0000] {processor.py:830} INFO - Processing file /home/airflow/.local/lib/python3.8/site-packages/airflow/example_dags/example_dynamic_task_mapping_with_no_taskflow_operators.py for tasks to queue
[2026-01-21T11:25:22.596+0000] {logging_mixin.py:188} INFO - [2026-01-21T11:25:22.596+0000] {dagbag.py:538} INFO - Filling up the DagBag from /home/airflow/.local/lib/python3.8/site-packages/airflow/example_dags/example_dynamic_task_mapping_with_no_taskflow_operators.py
[2026-01-21T11:25:22.606+0000] {processor.py:840} INFO - DAG(s) 'example_dynamic_task_mapping_with_no_taskflow_operators' retrieved from /home/airflow/.local/lib/python3.8/site-packages/airflow/example_dags/example_dynamic_task_mapping_with_no_taskflow_operators.py
[2026-01-21T11:25:22.641+0000] {logging_mixin.py:188} INFO - [2026-01-21T11:25:22.641+0000] {dag.py:3036} INFO - Sync 1 DAGs
[2026-01-21T11:25:22.684+0000] {logging_mixin.py:188} INFO - [2026-01-21T11:25:22.684+0000] {dag.py:3823} INFO - Setting next_dagrun for example_dynamic_task_mapping_with_no_taskflow_operators to 2026-01-20 00:00:00+00:00, run_after=2026-01-21 00:00:00+00:00
[2026-01-21T11:25:22.713+0000] {processor.py:183} INFO - Processing /home/airflow/.local/lib/python3.8/site-packages/airflow/example_dags/example_dynamic_task_mapping_with_no_taskflow_operators.py took 0.126 seconds
[2026-01-21T11:25:53.233+0000] {processor.py:161} INFO - Started process (PID=16393) to work on /home/airflow/.local/lib/python3.8/site-packages/airflow/example_dags/example_dynamic_task_mapping_with_no_taskflow_operators.py
[2026-01-21T11:25:53.235+0000] {processor.py:830} INFO - Processing file /home/airflow/.local/lib/python3.8/site-packages/airflow/example_dags/example_dynamic_task_mapping_with_no_taskflow_operators.py for tasks to queue
[2026-01-21T11:25:53.237+0000] {logging_mixin.py:188} INFO - [2026-01-21T11:25:53.237+0000] {dagbag.py:538} INFO - Filling up the DagBag from /home/airflow/.local/lib/python3.8/site-packages/airflow/example_dags/example_dynamic_task_mapping_with_no_taskflow_operators.py
[2026-01-21T11:25:53.247+0000] {processor.py:840} INFO - DAG(s) 'example_dynamic_task_mapping_with_no_taskflow_operators' retrieved from /home/airflow/.local/lib/python3.8/site-packages/airflow/example_dags/example_dynamic_task_mapping_with_no_taskflow_operators.py
[2026-01-21T11:25:53.283+0000] {logging_mixin.py:188} INFO - [2026-01-21T11:25:53.282+0000] {dag.py:3036} INFO - Sync 1 DAGs
[2026-01-21T11:25:53.325+0000] {logging_mixin.py:188} INFO - [2026-01-21T11:25:53.325+0000] {dag.py:3823} INFO - Setting next_dagrun for example_dynamic_task_mapping_with_no_taskflow_operators to 2026-01-20 00:00:00+00:00, run_after=2026-01-21 00:00:00+00:00
[2026-01-21T11:25:53.361+0000] {processor.py:183} INFO - Processing /home/airflow/.local/lib/python3.8/site-packages/airflow/example_dags/example_dynamic_task_mapping_with_no_taskflow_operators.py took 0.134 seconds
[2026-01-21T11:26:23.582+0000] {processor.py:161} INFO - Started process (PID=16467) to work on /home/airflow/.local/lib/python3.8/site-packages/airflow/example_dags/example_dynamic_task_mapping_with_no_taskflow_operators.py
[2026-01-21T11:26:23.583+0000] {processor.py:830} INFO - Processing file /home/airflow/.local/lib/python3.8/site-packages/airflow/example_dags/example_dynamic_task_mapping_with_no_taskflow_operators.py for tasks to queue
[2026-01-21T11:26:23.587+0000] {logging_mixin.py:188} INFO - [2026-01-21T11:26:23.587+0000] {dagbag.py:538} INFO - Filling up the DagBag from /home/airflow/.local/lib/python3.8/site-packages/airflow/example_dags/example_dynamic_task_mapping_with_no_taskflow_operators.py
[2026-01-21T11:26:23.601+0000] {processor.py:840} INFO - DAG(s) 'example_dynamic_task_mapping_with_no_taskflow_operators' retrieved from /home/airflow/.local/lib/python3.8/site-packages/airflow/example_dags/example_dynamic_task_mapping_with_no_taskflow_operators.py
[2026-01-21T11:26:23.636+0000] {logging_mixin.py:188} INFO - [2026-01-21T11:26:23.636+0000] {dag.py:3036} INFO - Sync 1 DAGs
[2026-01-21T11:26:23.682+0000] {logging_mixin.py:188} INFO - [2026-01-21T11:26:23.681+0000] {dag.py:3823} INFO - Setting next_dagrun for example_dynamic_task_mapping_with_no_taskflow_operators to 2026-01-20 00:00:00+00:00, run_after=2026-01-21 00:00:00+00:00
[2026-01-21T11:26:23.716+0000] {processor.py:183} INFO - Processing /home/airflow/.local/lib/python3.8/site-packages/airflow/example_dags/example_dynamic_task_mapping_with_no_taskflow_operators.py took 0.141 seconds
[2026-01-21T11:26:53.931+0000] {processor.py:161} INFO - Started process (PID=16534) to work on /home/airflow/.local/lib/python3.8/site-packages/airflow/example_dags/example_dynamic_task_mapping_with_no_taskflow_operators.py
[2026-01-21T11:26:53.933+0000] {processor.py:830} INFO - Processing file /home/airflow/.local/lib/python3.8/site-packages/airflow/example_dags/example_dynamic_task_mapping_with_no_taskflow_operators.py for tasks to queue
[2026-01-21T11:26:53.936+0000] {logging_mixin.py:188} INFO - [2026-01-21T11:26:53.935+0000] {dagbag.py:538} INFO - Filling up the DagBag from /home/airflow/.local/lib/python3.8/site-packages/airflow/example_dags/example_dynamic_task_mapping_with_no_taskflow_operators.py
[2026-01-21T11:26:53.945+0000] {processor.py:840} INFO - DAG(s) 'example_dynamic_task_mapping_with_no_taskflow_operators' retrieved from /home/airflow/.local/lib/python3.8/site-packages/airflow/example_dags/example_dynamic_task_mapping_with_no_taskflow_operators.py
[2026-01-21T11:26:53.995+0000] {logging_mixin.py:188} INFO - [2026-01-21T11:26:53.995+0000] {dag.py:3036} INFO - Sync 1 DAGs
[2026-01-21T11:26:54.039+0000] {logging_mixin.py:188} INFO - [2026-01-21T11:26:54.039+0000] {dag.py:3823} INFO - Setting next_dagrun for example_dynamic_task_mapping_with_no_taskflow_operators to 2026-01-20 00:00:00+00:00, run_after=2026-01-21 00:00:00+00:00
[2026-01-21T11:26:54.070+0000] {processor.py:183} INFO - Processing /home/airflow/.local/lib/python3.8/site-packages/airflow/example_dags/example_dynamic_task_mapping_with_no_taskflow_operators.py took 0.144 seconds
[2026-01-21T11:27:24.223+0000] {processor.py:161} INFO - Started process (PID=16599) to work on /home/airflow/.local/lib/python3.8/site-packages/airflow/example_dags/example_dynamic_task_mapping_with_no_taskflow_operators.py
[2026-01-21T11:27:24.224+0000] {processor.py:830} INFO - Processing file /home/airflow/.local/lib/python3.8/site-packages/airflow/example_dags/example_dynamic_task_mapping_with_no_taskflow_operators.py for tasks to queue
[2026-01-21T11:27:24.227+0000] {logging_mixin.py:188} INFO - [2026-01-21T11:27:24.226+0000] {dagbag.py:538} INFO - Filling up the DagBag from /home/airflow/.local/lib/python3.8/site-packages/airflow/example_dags/example_dynamic_task_mapping_with_no_taskflow_operators.py
[2026-01-21T11:27:24.235+0000] {processor.py:840} INFO - DAG(s) 'example_dynamic_task_mapping_with_no_taskflow_operators' retrieved from /home/airflow/.local/lib/python3.8/site-packages/airflow/example_dags/example_dynamic_task_mapping_with_no_taskflow_operators.py
[2026-01-21T11:27:24.263+0000] {logging_mixin.py:188} INFO - [2026-01-21T11:27:24.262+0000] {dag.py:3036} INFO - Sync 1 DAGs
[2026-01-21T11:27:24.296+0000] {logging_mixin.py:188} INFO - [2026-01-21T11:27:24.296+0000] {dag.py:3823} INFO - Setting next_dagrun for example_dynamic_task_mapping_with_no_taskflow_operators to 2026-01-20 00:00:00+00:00, run_after=2026-01-21 00:00:00+00:00
[2026-01-21T11:27:24.322+0000] {processor.py:183} INFO - Processing /home/airflow/.local/lib/python3.8/site-packages/airflow/example_dags/example_dynamic_task_mapping_with_no_taskflow_operators.py took 0.103 seconds
[2026-01-21T11:27:54.443+0000] {processor.py:161} INFO - Started process (PID=16665) to work on /home/airflow/.local/lib/python3.8/site-packages/airflow/example_dags/example_dynamic_task_mapping_with_no_taskflow_operators.py
[2026-01-21T11:27:54.445+0000] {processor.py:830} INFO - Processing file /home/airflow/.local/lib/python3.8/site-packages/airflow/example_dags/example_dynamic_task_mapping_with_no_taskflow_operators.py for tasks to queue
[2026-01-21T11:27:54.447+0000] {logging_mixin.py:188} INFO - [2026-01-21T11:27:54.447+0000] {dagbag.py:538} INFO - Filling up the DagBag from /home/airflow/.local/lib/python3.8/site-packages/airflow/example_dags/example_dynamic_task_mapping_with_no_taskflow_operators.py
[2026-01-21T11:27:54.455+0000] {processor.py:840} INFO - DAG(s) 'example_dynamic_task_mapping_with_no_taskflow_operators' retrieved from /home/airflow/.local/lib/python3.8/site-packages/airflow/example_dags/example_dynamic_task_mapping_with_no_taskflow_operators.py
[2026-01-21T11:27:54.482+0000] {logging_mixin.py:188} INFO - [2026-01-21T11:27:54.482+0000] {dag.py:3036} INFO - Sync 1 DAGs
[2026-01-21T11:27:54.515+0000] {logging_mixin.py:188} INFO - [2026-01-21T11:27:54.514+0000] {dag.py:3823} INFO - Setting next_dagrun for example_dynamic_task_mapping_with_no_taskflow_operators to 2026-01-20 00:00:00+00:00, run_after=2026-01-21 00:00:00+00:00
[2026-01-21T11:27:54.539+0000] {processor.py:183} INFO - Processing /home/airflow/.local/lib/python3.8/site-packages/airflow/example_dags/example_dynamic_task_mapping_with_no_taskflow_operators.py took 0.100 seconds
[2026-01-21T11:28:24.746+0000] {processor.py:161} INFO - Started process (PID=16731) to work on /home/airflow/.local/lib/python3.8/site-packages/airflow/example_dags/example_dynamic_task_mapping_with_no_taskflow_operators.py
[2026-01-21T11:28:24.747+0000] {processor.py:830} INFO - Processing file /home/airflow/.local/lib/python3.8/site-packages/airflow/example_dags/example_dynamic_task_mapping_with_no_taskflow_operators.py for tasks to queue
[2026-01-21T11:28:24.750+0000] {logging_mixin.py:188} INFO - [2026-01-21T11:28:24.749+0000] {dagbag.py:538} INFO - Filling up the DagBag from /home/airflow/.local/lib/python3.8/site-packages/airflow/example_dags/example_dynamic_task_mapping_with_no_taskflow_operators.py
[2026-01-21T11:28:24.760+0000] {processor.py:840} INFO - DAG(s) 'example_dynamic_task_mapping_with_no_taskflow_operators' retrieved from /home/airflow/.local/lib/python3.8/site-packages/airflow/example_dags/example_dynamic_task_mapping_with_no_taskflow_operators.py
[2026-01-21T11:28:24.793+0000] {logging_mixin.py:188} INFO - [2026-01-21T11:28:24.793+0000] {dag.py:3036} INFO - Sync 1 DAGs
[2026-01-21T11:28:24.837+0000] {logging_mixin.py:188} INFO - [2026-01-21T11:28:24.836+0000] {dag.py:3823} INFO - Setting next_dagrun for example_dynamic_task_mapping_with_no_taskflow_operators to 2026-01-20 00:00:00+00:00, run_after=2026-01-21 00:00:00+00:00
[2026-01-21T11:28:24.867+0000] {processor.py:183} INFO - Processing /home/airflow/.local/lib/python3.8/site-packages/airflow/example_dags/example_dynamic_task_mapping_with_no_taskflow_operators.py took 0.127 seconds
[2026-01-21T11:28:55.229+0000] {processor.py:161} INFO - Started process (PID=16797) to work on /home/airflow/.local/lib/python3.8/site-packages/airflow/example_dags/example_dynamic_task_mapping_with_no_taskflow_operators.py
[2026-01-21T11:28:55.231+0000] {processor.py:830} INFO - Processing file /home/airflow/.local/lib/python3.8/site-packages/airflow/example_dags/example_dynamic_task_mapping_with_no_taskflow_operators.py for tasks to queue
[2026-01-21T11:28:55.234+0000] {logging_mixin.py:188} INFO - [2026-01-21T11:28:55.233+0000] {dagbag.py:538} INFO - Filling up the DagBag from /home/airflow/.local/lib/python3.8/site-packages/airflow/example_dags/example_dynamic_task_mapping_with_no_taskflow_operators.py
[2026-01-21T11:28:55.242+0000] {processor.py:840} INFO - DAG(s) 'example_dynamic_task_mapping_with_no_taskflow_operators' retrieved from /home/airflow/.local/lib/python3.8/site-packages/airflow/example_dags/example_dynamic_task_mapping_with_no_taskflow_operators.py
[2026-01-21T11:28:55.275+0000] {logging_mixin.py:188} INFO - [2026-01-21T11:28:55.274+0000] {dag.py:3036} INFO - Sync 1 DAGs
[2026-01-21T11:28:55.317+0000] {logging_mixin.py:188} INFO - [2026-01-21T11:28:55.316+0000] {dag.py:3823} INFO - Setting next_dagrun for example_dynamic_task_mapping_with_no_taskflow_operators to 2026-01-20 00:00:00+00:00, run_after=2026-01-21 00:00:00+00:00
[2026-01-21T11:28:55.346+0000] {processor.py:183} INFO - Processing /home/airflow/.local/lib/python3.8/site-packages/airflow/example_dags/example_dynamic_task_mapping_with_no_taskflow_operators.py took 0.123 seconds
[2026-01-21T11:29:25.735+0000] {processor.py:161} INFO - Started process (PID=16864) to work on /home/airflow/.local/lib/python3.8/site-packages/airflow/example_dags/example_dynamic_task_mapping_with_no_taskflow_operators.py
[2026-01-21T11:29:25.736+0000] {processor.py:830} INFO - Processing file /home/airflow/.local/lib/python3.8/site-packages/airflow/example_dags/example_dynamic_task_mapping_with_no_taskflow_operators.py for tasks to queue
[2026-01-21T11:29:25.740+0000] {logging_mixin.py:188} INFO - [2026-01-21T11:29:25.739+0000] {dagbag.py:538} INFO - Filling up the DagBag from /home/airflow/.local/lib/python3.8/site-packages/airflow/example_dags/example_dynamic_task_mapping_with_no_taskflow_operators.py
[2026-01-21T11:29:25.765+0000] {processor.py:840} INFO - DAG(s) 'example_dynamic_task_mapping_with_no_taskflow_operators' retrieved from /home/airflow/.local/lib/python3.8/site-packages/airflow/example_dags/example_dynamic_task_mapping_with_no_taskflow_operators.py
[2026-01-21T11:29:25.838+0000] {logging_mixin.py:188} INFO - [2026-01-21T11:29:25.837+0000] {dag.py:3036} INFO - Sync 1 DAGs
[2026-01-21T11:29:25.917+0000] {logging_mixin.py:188} INFO - [2026-01-21T11:29:25.917+0000] {dag.py:3823} INFO - Setting next_dagrun for example_dynamic_task_mapping_with_no_taskflow_operators to 2026-01-20 00:00:00+00:00, run_after=2026-01-21 00:00:00+00:00
[2026-01-21T11:29:25.949+0000] {processor.py:183} INFO - Processing /home/airflow/.local/lib/python3.8/site-packages/airflow/example_dags/example_dynamic_task_mapping_with_no_taskflow_operators.py took 0.221 seconds
[2026-01-21T11:29:56.214+0000] {processor.py:161} INFO - Started process (PID=16938) to work on /home/airflow/.local/lib/python3.8/site-packages/airflow/example_dags/example_dynamic_task_mapping_with_no_taskflow_operators.py
[2026-01-21T11:29:56.216+0000] {processor.py:830} INFO - Processing file /home/airflow/.local/lib/python3.8/site-packages/airflow/example_dags/example_dynamic_task_mapping_with_no_taskflow_operators.py for tasks to queue
[2026-01-21T11:29:56.218+0000] {logging_mixin.py:188} INFO - [2026-01-21T11:29:56.218+0000] {dagbag.py:538} INFO - Filling up the DagBag from /home/airflow/.local/lib/python3.8/site-packages/airflow/example_dags/example_dynamic_task_mapping_with_no_taskflow_operators.py
[2026-01-21T11:29:56.226+0000] {processor.py:840} INFO - DAG(s) 'example_dynamic_task_mapping_with_no_taskflow_operators' retrieved from /home/airflow/.local/lib/python3.8/site-packages/airflow/example_dags/example_dynamic_task_mapping_with_no_taskflow_operators.py
[2026-01-21T11:29:56.258+0000] {logging_mixin.py:188} INFO - [2026-01-21T11:29:56.258+0000] {dag.py:3036} INFO - Sync 1 DAGs
[2026-01-21T11:29:56.291+0000] {logging_mixin.py:188} INFO - [2026-01-21T11:29:56.290+0000] {dag.py:3823} INFO - Setting next_dagrun for example_dynamic_task_mapping_with_no_taskflow_operators to 2026-01-20 00:00:00+00:00, run_after=2026-01-21 00:00:00+00:00
[2026-01-21T11:29:56.316+0000] {processor.py:183} INFO - Processing /home/airflow/.local/lib/python3.8/site-packages/airflow/example_dags/example_dynamic_task_mapping_with_no_taskflow_operators.py took 0.107 seconds
[2026-01-21T11:30:26.800+0000] {processor.py:161} INFO - Started process (PID=17003) to work on /home/airflow/.local/lib/python3.8/site-packages/airflow/example_dags/example_dynamic_task_mapping_with_no_taskflow_operators.py
[2026-01-21T11:30:26.802+0000] {processor.py:830} INFO - Processing file /home/airflow/.local/lib/python3.8/site-packages/airflow/example_dags/example_dynamic_task_mapping_with_no_taskflow_operators.py for tasks to queue
[2026-01-21T11:30:26.805+0000] {logging_mixin.py:188} INFO - [2026-01-21T11:30:26.804+0000] {dagbag.py:538} INFO - Filling up the DagBag from /home/airflow/.local/lib/python3.8/site-packages/airflow/example_dags/example_dynamic_task_mapping_with_no_taskflow_operators.py
[2026-01-21T11:30:26.812+0000] {processor.py:840} INFO - DAG(s) 'example_dynamic_task_mapping_with_no_taskflow_operators' retrieved from /home/airflow/.local/lib/python3.8/site-packages/airflow/example_dags/example_dynamic_task_mapping_with_no_taskflow_operators.py
[2026-01-21T11:30:26.841+0000] {logging_mixin.py:188} INFO - [2026-01-21T11:30:26.841+0000] {dag.py:3036} INFO - Sync 1 DAGs
[2026-01-21T11:30:26.874+0000] {logging_mixin.py:188} INFO - [2026-01-21T11:30:26.874+0000] {dag.py:3823} INFO - Setting next_dagrun for example_dynamic_task_mapping_with_no_taskflow_operators to 2026-01-20 00:00:00+00:00, run_after=2026-01-21 00:00:00+00:00
[2026-01-21T11:30:26.897+0000] {processor.py:183} INFO - Processing /home/airflow/.local/lib/python3.8/site-packages/airflow/example_dags/example_dynamic_task_mapping_with_no_taskflow_operators.py took 0.102 seconds
[2026-01-21T11:30:57.073+0000] {processor.py:161} INFO - Started process (PID=17068) to work on /home/airflow/.local/lib/python3.8/site-packages/airflow/example_dags/example_dynamic_task_mapping_with_no_taskflow_operators.py
[2026-01-21T11:30:57.075+0000] {processor.py:830} INFO - Processing file /home/airflow/.local/lib/python3.8/site-packages/airflow/example_dags/example_dynamic_task_mapping_with_no_taskflow_operators.py for tasks to queue
[2026-01-21T11:30:57.077+0000] {logging_mixin.py:188} INFO - [2026-01-21T11:30:57.077+0000] {dagbag.py:538} INFO - Filling up the DagBag from /home/airflow/.local/lib/python3.8/site-packages/airflow/example_dags/example_dynamic_task_mapping_with_no_taskflow_operators.py
[2026-01-21T11:30:57.086+0000] {processor.py:840} INFO - DAG(s) 'example_dynamic_task_mapping_with_no_taskflow_operators' retrieved from /home/airflow/.local/lib/python3.8/site-packages/airflow/example_dags/example_dynamic_task_mapping_with_no_taskflow_operators.py
[2026-01-21T11:30:57.116+0000] {logging_mixin.py:188} INFO - [2026-01-21T11:30:57.115+0000] {dag.py:3036} INFO - Sync 1 DAGs
[2026-01-21T11:30:57.152+0000] {logging_mixin.py:188} INFO - [2026-01-21T11:30:57.152+0000] {dag.py:3823} INFO - Setting next_dagrun for example_dynamic_task_mapping_with_no_taskflow_operators to 2026-01-20 00:00:00+00:00, run_after=2026-01-21 00:00:00+00:00
[2026-01-21T11:30:57.183+0000] {processor.py:183} INFO - Processing /home/airflow/.local/lib/python3.8/site-packages/airflow/example_dags/example_dynamic_task_mapping_with_no_taskflow_operators.py took 0.115 seconds
[2026-01-21T11:31:27.346+0000] {processor.py:161} INFO - Started process (PID=17134) to work on /home/airflow/.local/lib/python3.8/site-packages/airflow/example_dags/example_dynamic_task_mapping_with_no_taskflow_operators.py
[2026-01-21T11:31:27.347+0000] {processor.py:830} INFO - Processing file /home/airflow/.local/lib/python3.8/site-packages/airflow/example_dags/example_dynamic_task_mapping_with_no_taskflow_operators.py for tasks to queue
[2026-01-21T11:31:27.349+0000] {logging_mixin.py:188} INFO - [2026-01-21T11:31:27.349+0000] {dagbag.py:538} INFO - Filling up the DagBag from /home/airflow/.local/lib/python3.8/site-packages/airflow/example_dags/example_dynamic_task_mapping_with_no_taskflow_operators.py
[2026-01-21T11:31:27.357+0000] {processor.py:840} INFO - DAG(s) 'example_dynamic_task_mapping_with_no_taskflow_operators' retrieved from /home/airflow/.local/lib/python3.8/site-packages/airflow/example_dags/example_dynamic_task_mapping_with_no_taskflow_operators.py
[2026-01-21T11:31:27.385+0000] {logging_mixin.py:188} INFO - [2026-01-21T11:31:27.385+0000] {dag.py:3036} INFO - Sync 1 DAGs
[2026-01-21T11:31:27.417+0000] {logging_mixin.py:188} INFO - [2026-01-21T11:31:27.417+0000] {dag.py:3823} INFO - Setting next_dagrun for example_dynamic_task_mapping_with_no_taskflow_operators to 2026-01-20 00:00:00+00:00, run_after=2026-01-21 00:00:00+00:00
[2026-01-21T11:31:27.440+0000] {processor.py:183} INFO - Processing /home/airflow/.local/lib/python3.8/site-packages/airflow/example_dags/example_dynamic_task_mapping_with_no_taskflow_operators.py took 0.099 seconds
[2026-01-21T11:31:57.599+0000] {processor.py:161} INFO - Started process (PID=17201) to work on /home/airflow/.local/lib/python3.8/site-packages/airflow/example_dags/example_dynamic_task_mapping_with_no_taskflow_operators.py
[2026-01-21T11:31:57.601+0000] {processor.py:830} INFO - Processing file /home/airflow/.local/lib/python3.8/site-packages/airflow/example_dags/example_dynamic_task_mapping_with_no_taskflow_operators.py for tasks to queue
[2026-01-21T11:31:57.603+0000] {logging_mixin.py:188} INFO - [2026-01-21T11:31:57.602+0000] {dagbag.py:538} INFO - Filling up the DagBag from /home/airflow/.local/lib/python3.8/site-packages/airflow/example_dags/example_dynamic_task_mapping_with_no_taskflow_operators.py
[2026-01-21T11:31:57.611+0000] {processor.py:840} INFO - DAG(s) 'example_dynamic_task_mapping_with_no_taskflow_operators' retrieved from /home/airflow/.local/lib/python3.8/site-packages/airflow/example_dags/example_dynamic_task_mapping_with_no_taskflow_operators.py
[2026-01-21T11:31:57.640+0000] {logging_mixin.py:188} INFO - [2026-01-21T11:31:57.640+0000] {dag.py:3036} INFO - Sync 1 DAGs
[2026-01-21T11:31:57.674+0000] {logging_mixin.py:188} INFO - [2026-01-21T11:31:57.674+0000] {dag.py:3823} INFO - Setting next_dagrun for example_dynamic_task_mapping_with_no_taskflow_operators to 2026-01-20 00:00:00+00:00, run_after=2026-01-21 00:00:00+00:00
[2026-01-21T11:31:57.701+0000] {processor.py:183} INFO - Processing /home/airflow/.local/lib/python3.8/site-packages/airflow/example_dags/example_dynamic_task_mapping_with_no_taskflow_operators.py took 0.107 seconds
[2026-01-21T11:32:28.084+0000] {processor.py:161} INFO - Started process (PID=17267) to work on /home/airflow/.local/lib/python3.8/site-packages/airflow/example_dags/example_dynamic_task_mapping_with_no_taskflow_operators.py
[2026-01-21T11:32:28.085+0000] {processor.py:830} INFO - Processing file /home/airflow/.local/lib/python3.8/site-packages/airflow/example_dags/example_dynamic_task_mapping_with_no_taskflow_operators.py for tasks to queue
[2026-01-21T11:32:28.088+0000] {logging_mixin.py:188} INFO - [2026-01-21T11:32:28.087+0000] {dagbag.py:538} INFO - Filling up the DagBag from /home/airflow/.local/lib/python3.8/site-packages/airflow/example_dags/example_dynamic_task_mapping_with_no_taskflow_operators.py
[2026-01-21T11:32:28.098+0000] {processor.py:840} INFO - DAG(s) 'example_dynamic_task_mapping_with_no_taskflow_operators' retrieved from /home/airflow/.local/lib/python3.8/site-packages/airflow/example_dags/example_dynamic_task_mapping_with_no_taskflow_operators.py
[2026-01-21T11:32:28.126+0000] {logging_mixin.py:188} INFO - [2026-01-21T11:32:28.126+0000] {dag.py:3036} INFO - Sync 1 DAGs
[2026-01-21T11:32:28.166+0000] {logging_mixin.py:188} INFO - [2026-01-21T11:32:28.166+0000] {dag.py:3823} INFO - Setting next_dagrun for example_dynamic_task_mapping_with_no_taskflow_operators to 2026-01-20 00:00:00+00:00, run_after=2026-01-21 00:00:00+00:00
[2026-01-21T11:32:28.196+0000] {processor.py:183} INFO - Processing /home/airflow/.local/lib/python3.8/site-packages/airflow/example_dags/example_dynamic_task_mapping_with_no_taskflow_operators.py took 0.118 seconds
[2026-01-21T11:32:58.923+0000] {processor.py:161} INFO - Started process (PID=17341) to work on /home/airflow/.local/lib/python3.8/site-packages/airflow/example_dags/example_dynamic_task_mapping_with_no_taskflow_operators.py
[2026-01-21T11:32:58.925+0000] {processor.py:830} INFO - Processing file /home/airflow/.local/lib/python3.8/site-packages/airflow/example_dags/example_dynamic_task_mapping_with_no_taskflow_operators.py for tasks to queue
[2026-01-21T11:32:58.927+0000] {logging_mixin.py:188} INFO - [2026-01-21T11:32:58.927+0000] {dagbag.py:538} INFO - Filling up the DagBag from /home/airflow/.local/lib/python3.8/site-packages/airflow/example_dags/example_dynamic_task_mapping_with_no_taskflow_operators.py
[2026-01-21T11:32:58.935+0000] {processor.py:840} INFO - DAG(s) 'example_dynamic_task_mapping_with_no_taskflow_operators' retrieved from /home/airflow/.local/lib/python3.8/site-packages/airflow/example_dags/example_dynamic_task_mapping_with_no_taskflow_operators.py
[2026-01-21T11:32:58.962+0000] {logging_mixin.py:188} INFO - [2026-01-21T11:32:58.962+0000] {dag.py:3036} INFO - Sync 1 DAGs
[2026-01-21T11:32:58.994+0000] {logging_mixin.py:188} INFO - [2026-01-21T11:32:58.994+0000] {dag.py:3823} INFO - Setting next_dagrun for example_dynamic_task_mapping_with_no_taskflow_operators to 2026-01-20 00:00:00+00:00, run_after=2026-01-21 00:00:00+00:00
[2026-01-21T11:32:59.018+0000] {processor.py:183} INFO - Processing /home/airflow/.local/lib/python3.8/site-packages/airflow/example_dags/example_dynamic_task_mapping_with_no_taskflow_operators.py took 0.100 seconds
[2026-01-21T11:33:29.199+0000] {processor.py:161} INFO - Started process (PID=17406) to work on /home/airflow/.local/lib/python3.8/site-packages/airflow/example_dags/example_dynamic_task_mapping_with_no_taskflow_operators.py
[2026-01-21T11:33:29.200+0000] {processor.py:830} INFO - Processing file /home/airflow/.local/lib/python3.8/site-packages/airflow/example_dags/example_dynamic_task_mapping_with_no_taskflow_operators.py for tasks to queue
[2026-01-21T11:33:29.202+0000] {logging_mixin.py:188} INFO - [2026-01-21T11:33:29.202+0000] {dagbag.py:538} INFO - Filling up the DagBag from /home/airflow/.local/lib/python3.8/site-packages/airflow/example_dags/example_dynamic_task_mapping_with_no_taskflow_operators.py
[2026-01-21T11:33:29.210+0000] {processor.py:840} INFO - DAG(s) 'example_dynamic_task_mapping_with_no_taskflow_operators' retrieved from /home/airflow/.local/lib/python3.8/site-packages/airflow/example_dags/example_dynamic_task_mapping_with_no_taskflow_operators.py
[2026-01-21T11:33:29.241+0000] {logging_mixin.py:188} INFO - [2026-01-21T11:33:29.241+0000] {dag.py:3036} INFO - Sync 1 DAGs
[2026-01-21T11:33:29.275+0000] {logging_mixin.py:188} INFO - [2026-01-21T11:33:29.275+0000] {dag.py:3823} INFO - Setting next_dagrun for example_dynamic_task_mapping_with_no_taskflow_operators to 2026-01-20 00:00:00+00:00, run_after=2026-01-21 00:00:00+00:00
[2026-01-21T11:33:29.300+0000] {processor.py:183} INFO - Processing /home/airflow/.local/lib/python3.8/site-packages/airflow/example_dags/example_dynamic_task_mapping_with_no_taskflow_operators.py took 0.105 seconds
[2026-01-21T11:33:59.464+0000] {processor.py:161} INFO - Started process (PID=17472) to work on /home/airflow/.local/lib/python3.8/site-packages/airflow/example_dags/example_dynamic_task_mapping_with_no_taskflow_operators.py
[2026-01-21T11:33:59.466+0000] {processor.py:830} INFO - Processing file /home/airflow/.local/lib/python3.8/site-packages/airflow/example_dags/example_dynamic_task_mapping_with_no_taskflow_operators.py for tasks to queue
[2026-01-21T11:33:59.469+0000] {logging_mixin.py:188} INFO - [2026-01-21T11:33:59.468+0000] {dagbag.py:538} INFO - Filling up the DagBag from /home/airflow/.local/lib/python3.8/site-packages/airflow/example_dags/example_dynamic_task_mapping_with_no_taskflow_operators.py
[2026-01-21T11:33:59.477+0000] {processor.py:840} INFO - DAG(s) 'example_dynamic_task_mapping_with_no_taskflow_operators' retrieved from /home/airflow/.local/lib/python3.8/site-packages/airflow/example_dags/example_dynamic_task_mapping_with_no_taskflow_operators.py
[2026-01-21T11:33:59.505+0000] {logging_mixin.py:188} INFO - [2026-01-21T11:33:59.504+0000] {dag.py:3036} INFO - Sync 1 DAGs
[2026-01-21T11:33:59.535+0000] {logging_mixin.py:188} INFO - [2026-01-21T11:33:59.535+0000] {dag.py:3823} INFO - Setting next_dagrun for example_dynamic_task_mapping_with_no_taskflow_operators to 2026-01-20 00:00:00+00:00, run_after=2026-01-21 00:00:00+00:00
[2026-01-21T11:33:59.559+0000] {processor.py:183} INFO - Processing /home/airflow/.local/lib/python3.8/site-packages/airflow/example_dags/example_dynamic_task_mapping_with_no_taskflow_operators.py took 0.100 seconds
[2026-01-21T11:34:29.780+0000] {processor.py:161} INFO - Started process (PID=17538) to work on /home/airflow/.local/lib/python3.8/site-packages/airflow/example_dags/example_dynamic_task_mapping_with_no_taskflow_operators.py
[2026-01-21T11:34:29.781+0000] {processor.py:830} INFO - Processing file /home/airflow/.local/lib/python3.8/site-packages/airflow/example_dags/example_dynamic_task_mapping_with_no_taskflow_operators.py for tasks to queue
[2026-01-21T11:34:29.783+0000] {logging_mixin.py:188} INFO - [2026-01-21T11:34:29.783+0000] {dagbag.py:538} INFO - Filling up the DagBag from /home/airflow/.local/lib/python3.8/site-packages/airflow/example_dags/example_dynamic_task_mapping_with_no_taskflow_operators.py
[2026-01-21T11:34:29.791+0000] {processor.py:840} INFO - DAG(s) 'example_dynamic_task_mapping_with_no_taskflow_operators' retrieved from /home/airflow/.local/lib/python3.8/site-packages/airflow/example_dags/example_dynamic_task_mapping_with_no_taskflow_operators.py
[2026-01-21T11:34:29.820+0000] {logging_mixin.py:188} INFO - [2026-01-21T11:34:29.819+0000] {dag.py:3036} INFO - Sync 1 DAGs
[2026-01-21T11:34:29.855+0000] {logging_mixin.py:188} INFO - [2026-01-21T11:34:29.855+0000] {dag.py:3823} INFO - Setting next_dagrun for example_dynamic_task_mapping_with_no_taskflow_operators to 2026-01-20 00:00:00+00:00, run_after=2026-01-21 00:00:00+00:00
[2026-01-21T11:34:29.884+0000] {processor.py:183} INFO - Processing /home/airflow/.local/lib/python3.8/site-packages/airflow/example_dags/example_dynamic_task_mapping_with_no_taskflow_operators.py took 0.109 seconds
[2026-01-21T11:35:00.462+0000] {processor.py:161} INFO - Started process (PID=17605) to work on /home/airflow/.local/lib/python3.8/site-packages/airflow/example_dags/example_dynamic_task_mapping_with_no_taskflow_operators.py
[2026-01-21T11:35:00.464+0000] {processor.py:830} INFO - Processing file /home/airflow/.local/lib/python3.8/site-packages/airflow/example_dags/example_dynamic_task_mapping_with_no_taskflow_operators.py for tasks to queue
[2026-01-21T11:35:00.466+0000] {logging_mixin.py:188} INFO - [2026-01-21T11:35:00.465+0000] {dagbag.py:538} INFO - Filling up the DagBag from /home/airflow/.local/lib/python3.8/site-packages/airflow/example_dags/example_dynamic_task_mapping_with_no_taskflow_operators.py
[2026-01-21T11:35:00.474+0000] {processor.py:840} INFO - DAG(s) 'example_dynamic_task_mapping_with_no_taskflow_operators' retrieved from /home/airflow/.local/lib/python3.8/site-packages/airflow/example_dags/example_dynamic_task_mapping_with_no_taskflow_operators.py
[2026-01-21T11:35:00.502+0000] {logging_mixin.py:188} INFO - [2026-01-21T11:35:00.502+0000] {dag.py:3036} INFO - Sync 1 DAGs
[2026-01-21T11:35:00.535+0000] {logging_mixin.py:188} INFO - [2026-01-21T11:35:00.534+0000] {dag.py:3823} INFO - Setting next_dagrun for example_dynamic_task_mapping_with_no_taskflow_operators to 2026-01-20 00:00:00+00:00, run_after=2026-01-21 00:00:00+00:00
[2026-01-21T11:35:00.559+0000] {processor.py:183} INFO - Processing /home/airflow/.local/lib/python3.8/site-packages/airflow/example_dags/example_dynamic_task_mapping_with_no_taskflow_operators.py took 0.102 seconds
[2026-01-21T11:35:31.185+0000] {processor.py:161} INFO - Started process (PID=17671) to work on /home/airflow/.local/lib/python3.8/site-packages/airflow/example_dags/example_dynamic_task_mapping_with_no_taskflow_operators.py
[2026-01-21T11:35:31.186+0000] {processor.py:830} INFO - Processing file /home/airflow/.local/lib/python3.8/site-packages/airflow/example_dags/example_dynamic_task_mapping_with_no_taskflow_operators.py for tasks to queue
[2026-01-21T11:35:31.189+0000] {logging_mixin.py:188} INFO - [2026-01-21T11:35:31.188+0000] {dagbag.py:538} INFO - Filling up the DagBag from /home/airflow/.local/lib/python3.8/site-packages/airflow/example_dags/example_dynamic_task_mapping_with_no_taskflow_operators.py
[2026-01-21T11:35:31.197+0000] {processor.py:840} INFO - DAG(s) 'example_dynamic_task_mapping_with_no_taskflow_operators' retrieved from /home/airflow/.local/lib/python3.8/site-packages/airflow/example_dags/example_dynamic_task_mapping_with_no_taskflow_operators.py
[2026-01-21T11:35:31.227+0000] {logging_mixin.py:188} INFO - [2026-01-21T11:35:31.226+0000] {dag.py:3036} INFO - Sync 1 DAGs
[2026-01-21T11:35:31.262+0000] {logging_mixin.py:188} INFO - [2026-01-21T11:35:31.261+0000] {dag.py:3823} INFO - Setting next_dagrun for example_dynamic_task_mapping_with_no_taskflow_operators to 2026-01-20 00:00:00+00:00, run_after=2026-01-21 00:00:00+00:00
[2026-01-21T11:35:31.289+0000] {processor.py:183} INFO - Processing /home/airflow/.local/lib/python3.8/site-packages/airflow/example_dags/example_dynamic_task_mapping_with_no_taskflow_operators.py took 0.109 seconds
[2026-01-21T11:36:02.059+0000] {processor.py:161} INFO - Started process (PID=17736) to work on /home/airflow/.local/lib/python3.8/site-packages/airflow/example_dags/example_dynamic_task_mapping_with_no_taskflow_operators.py
[2026-01-21T11:36:02.061+0000] {processor.py:830} INFO - Processing file /home/airflow/.local/lib/python3.8/site-packages/airflow/example_dags/example_dynamic_task_mapping_with_no_taskflow_operators.py for tasks to queue
[2026-01-21T11:36:02.063+0000] {logging_mixin.py:188} INFO - [2026-01-21T11:36:02.063+0000] {dagbag.py:538} INFO - Filling up the DagBag from /home/airflow/.local/lib/python3.8/site-packages/airflow/example_dags/example_dynamic_task_mapping_with_no_taskflow_operators.py
[2026-01-21T11:36:02.071+0000] {processor.py:840} INFO - DAG(s) 'example_dynamic_task_mapping_with_no_taskflow_operators' retrieved from /home/airflow/.local/lib/python3.8/site-packages/airflow/example_dags/example_dynamic_task_mapping_with_no_taskflow_operators.py
[2026-01-21T11:36:02.103+0000] {logging_mixin.py:188} INFO - [2026-01-21T11:36:02.103+0000] {dag.py:3036} INFO - Sync 1 DAGs
[2026-01-21T11:36:02.138+0000] {logging_mixin.py:188} INFO - [2026-01-21T11:36:02.138+0000] {dag.py:3823} INFO - Setting next_dagrun for example_dynamic_task_mapping_with_no_taskflow_operators to 2026-01-20 00:00:00+00:00, run_after=2026-01-21 00:00:00+00:00
[2026-01-21T11:36:02.163+0000] {processor.py:183} INFO - Processing /home/airflow/.local/lib/python3.8/site-packages/airflow/example_dags/example_dynamic_task_mapping_with_no_taskflow_operators.py took 0.109 seconds
[2026-01-21T11:36:32.620+0000] {processor.py:161} INFO - Started process (PID=17812) to work on /home/airflow/.local/lib/python3.8/site-packages/airflow/example_dags/example_dynamic_task_mapping_with_no_taskflow_operators.py
[2026-01-21T11:36:32.621+0000] {processor.py:830} INFO - Processing file /home/airflow/.local/lib/python3.8/site-packages/airflow/example_dags/example_dynamic_task_mapping_with_no_taskflow_operators.py for tasks to queue
[2026-01-21T11:36:32.624+0000] {logging_mixin.py:188} INFO - [2026-01-21T11:36:32.623+0000] {dagbag.py:538} INFO - Filling up the DagBag from /home/airflow/.local/lib/python3.8/site-packages/airflow/example_dags/example_dynamic_task_mapping_with_no_taskflow_operators.py
[2026-01-21T11:36:32.634+0000] {processor.py:840} INFO - DAG(s) 'example_dynamic_task_mapping_with_no_taskflow_operators' retrieved from /home/airflow/.local/lib/python3.8/site-packages/airflow/example_dags/example_dynamic_task_mapping_with_no_taskflow_operators.py
[2026-01-21T11:36:32.669+0000] {logging_mixin.py:188} INFO - [2026-01-21T11:36:32.668+0000] {dag.py:3036} INFO - Sync 1 DAGs
[2026-01-21T11:36:32.711+0000] {logging_mixin.py:188} INFO - [2026-01-21T11:36:32.710+0000] {dag.py:3823} INFO - Setting next_dagrun for example_dynamic_task_mapping_with_no_taskflow_operators to 2026-01-20 00:00:00+00:00, run_after=2026-01-21 00:00:00+00:00
[2026-01-21T11:36:32.747+0000] {processor.py:183} INFO - Processing /home/airflow/.local/lib/python3.8/site-packages/airflow/example_dags/example_dynamic_task_mapping_with_no_taskflow_operators.py took 0.133 seconds
[2026-01-21T11:37:03.089+0000] {processor.py:161} INFO - Started process (PID=17878) to work on /home/airflow/.local/lib/python3.8/site-packages/airflow/example_dags/example_dynamic_task_mapping_with_no_taskflow_operators.py
[2026-01-21T11:37:03.090+0000] {processor.py:830} INFO - Processing file /home/airflow/.local/lib/python3.8/site-packages/airflow/example_dags/example_dynamic_task_mapping_with_no_taskflow_operators.py for tasks to queue
[2026-01-21T11:37:03.093+0000] {logging_mixin.py:188} INFO - [2026-01-21T11:37:03.093+0000] {dagbag.py:538} INFO - Filling up the DagBag from /home/airflow/.local/lib/python3.8/site-packages/airflow/example_dags/example_dynamic_task_mapping_with_no_taskflow_operators.py
[2026-01-21T11:37:03.101+0000] {processor.py:840} INFO - DAG(s) 'example_dynamic_task_mapping_with_no_taskflow_operators' retrieved from /home/airflow/.local/lib/python3.8/site-packages/airflow/example_dags/example_dynamic_task_mapping_with_no_taskflow_operators.py
[2026-01-21T11:37:03.130+0000] {logging_mixin.py:188} INFO - [2026-01-21T11:37:03.130+0000] {dag.py:3036} INFO - Sync 1 DAGs
[2026-01-21T11:37:03.172+0000] {logging_mixin.py:188} INFO - [2026-01-21T11:37:03.172+0000] {dag.py:3823} INFO - Setting next_dagrun for example_dynamic_task_mapping_with_no_taskflow_operators to 2026-01-20 00:00:00+00:00, run_after=2026-01-21 00:00:00+00:00
[2026-01-21T11:37:03.202+0000] {processor.py:183} INFO - Processing /home/airflow/.local/lib/python3.8/site-packages/airflow/example_dags/example_dynamic_task_mapping_with_no_taskflow_operators.py took 0.119 seconds
[2026-01-21T11:37:33.674+0000] {processor.py:161} INFO - Started process (PID=17944) to work on /home/airflow/.local/lib/python3.8/site-packages/airflow/example_dags/example_dynamic_task_mapping_with_no_taskflow_operators.py
[2026-01-21T11:37:33.675+0000] {processor.py:830} INFO - Processing file /home/airflow/.local/lib/python3.8/site-packages/airflow/example_dags/example_dynamic_task_mapping_with_no_taskflow_operators.py for tasks to queue
[2026-01-21T11:37:33.677+0000] {logging_mixin.py:188} INFO - [2026-01-21T11:37:33.677+0000] {dagbag.py:538} INFO - Filling up the DagBag from /home/airflow/.local/lib/python3.8/site-packages/airflow/example_dags/example_dynamic_task_mapping_with_no_taskflow_operators.py
[2026-01-21T11:37:33.685+0000] {processor.py:840} INFO - DAG(s) 'example_dynamic_task_mapping_with_no_taskflow_operators' retrieved from /home/airflow/.local/lib/python3.8/site-packages/airflow/example_dags/example_dynamic_task_mapping_with_no_taskflow_operators.py
[2026-01-21T11:37:33.714+0000] {logging_mixin.py:188} INFO - [2026-01-21T11:37:33.714+0000] {dag.py:3036} INFO - Sync 1 DAGs
[2026-01-21T11:37:33.747+0000] {logging_mixin.py:188} INFO - [2026-01-21T11:37:33.746+0000] {dag.py:3823} INFO - Setting next_dagrun for example_dynamic_task_mapping_with_no_taskflow_operators to 2026-01-20 00:00:00+00:00, run_after=2026-01-21 00:00:00+00:00
[2026-01-21T11:37:33.777+0000] {processor.py:183} INFO - Processing /home/airflow/.local/lib/python3.8/site-packages/airflow/example_dags/example_dynamic_task_mapping_with_no_taskflow_operators.py took 0.108 seconds
[2026-01-21T11:38:03.944+0000] {processor.py:161} INFO - Started process (PID=18009) to work on /home/airflow/.local/lib/python3.8/site-packages/airflow/example_dags/example_dynamic_task_mapping_with_no_taskflow_operators.py
[2026-01-21T11:38:03.946+0000] {processor.py:830} INFO - Processing file /home/airflow/.local/lib/python3.8/site-packages/airflow/example_dags/example_dynamic_task_mapping_with_no_taskflow_operators.py for tasks to queue
[2026-01-21T11:38:03.948+0000] {logging_mixin.py:188} INFO - [2026-01-21T11:38:03.948+0000] {dagbag.py:538} INFO - Filling up the DagBag from /home/airflow/.local/lib/python3.8/site-packages/airflow/example_dags/example_dynamic_task_mapping_with_no_taskflow_operators.py
[2026-01-21T11:38:03.956+0000] {processor.py:840} INFO - DAG(s) 'example_dynamic_task_mapping_with_no_taskflow_operators' retrieved from /home/airflow/.local/lib/python3.8/site-packages/airflow/example_dags/example_dynamic_task_mapping_with_no_taskflow_operators.py
[2026-01-21T11:38:03.988+0000] {logging_mixin.py:188} INFO - [2026-01-21T11:38:03.987+0000] {dag.py:3036} INFO - Sync 1 DAGs
[2026-01-21T11:38:04.026+0000] {logging_mixin.py:188} INFO - [2026-01-21T11:38:04.025+0000] {dag.py:3823} INFO - Setting next_dagrun for example_dynamic_task_mapping_with_no_taskflow_operators to 2026-01-20 00:00:00+00:00, run_after=2026-01-21 00:00:00+00:00
[2026-01-21T11:38:04.054+0000] {processor.py:183} INFO - Processing /home/airflow/.local/lib/python3.8/site-packages/airflow/example_dags/example_dynamic_task_mapping_with_no_taskflow_operators.py took 0.115 seconds
[2026-01-21T11:38:34.295+0000] {processor.py:161} INFO - Started process (PID=18073) to work on /home/airflow/.local/lib/python3.8/site-packages/airflow/example_dags/example_dynamic_task_mapping_with_no_taskflow_operators.py
[2026-01-21T11:38:34.296+0000] {processor.py:830} INFO - Processing file /home/airflow/.local/lib/python3.8/site-packages/airflow/example_dags/example_dynamic_task_mapping_with_no_taskflow_operators.py for tasks to queue
[2026-01-21T11:38:34.298+0000] {logging_mixin.py:188} INFO - [2026-01-21T11:38:34.298+0000] {dagbag.py:538} INFO - Filling up the DagBag from /home/airflow/.local/lib/python3.8/site-packages/airflow/example_dags/example_dynamic_task_mapping_with_no_taskflow_operators.py
[2026-01-21T11:38:34.306+0000] {processor.py:840} INFO - DAG(s) 'example_dynamic_task_mapping_with_no_taskflow_operators' retrieved from /home/airflow/.local/lib/python3.8/site-packages/airflow/example_dags/example_dynamic_task_mapping_with_no_taskflow_operators.py
[2026-01-21T11:38:34.333+0000] {logging_mixin.py:188} INFO - [2026-01-21T11:38:34.333+0000] {dag.py:3036} INFO - Sync 1 DAGs
[2026-01-21T11:38:34.366+0000] {logging_mixin.py:188} INFO - [2026-01-21T11:38:34.366+0000] {dag.py:3823} INFO - Setting next_dagrun for example_dynamic_task_mapping_with_no_taskflow_operators to 2026-01-20 00:00:00+00:00, run_after=2026-01-21 00:00:00+00:00
[2026-01-21T11:38:34.388+0000] {processor.py:183} INFO - Processing /home/airflow/.local/lib/python3.8/site-packages/airflow/example_dags/example_dynamic_task_mapping_with_no_taskflow_operators.py took 0.098 seconds
[2026-01-21T11:39:05.131+0000] {processor.py:161} INFO - Started process (PID=18137) to work on /home/airflow/.local/lib/python3.8/site-packages/airflow/example_dags/example_dynamic_task_mapping_with_no_taskflow_operators.py
[2026-01-21T11:39:05.145+0000] {processor.py:830} INFO - Processing file /home/airflow/.local/lib/python3.8/site-packages/airflow/example_dags/example_dynamic_task_mapping_with_no_taskflow_operators.py for tasks to queue
[2026-01-21T11:39:05.148+0000] {logging_mixin.py:188} INFO - [2026-01-21T11:39:05.147+0000] {dagbag.py:538} INFO - Filling up the DagBag from /home/airflow/.local/lib/python3.8/site-packages/airflow/example_dags/example_dynamic_task_mapping_with_no_taskflow_operators.py
[2026-01-21T11:39:05.184+0000] {processor.py:840} INFO - DAG(s) 'example_dynamic_task_mapping_with_no_taskflow_operators' retrieved from /home/airflow/.local/lib/python3.8/site-packages/airflow/example_dags/example_dynamic_task_mapping_with_no_taskflow_operators.py
[2026-01-21T11:39:05.232+0000] {logging_mixin.py:188} INFO - [2026-01-21T11:39:05.231+0000] {dag.py:3036} INFO - Sync 1 DAGs
[2026-01-21T11:39:05.275+0000] {logging_mixin.py:188} INFO - [2026-01-21T11:39:05.274+0000] {dag.py:3823} INFO - Setting next_dagrun for example_dynamic_task_mapping_with_no_taskflow_operators to 2026-01-20 00:00:00+00:00, run_after=2026-01-21 00:00:00+00:00
[2026-01-21T11:39:05.305+0000] {processor.py:183} INFO - Processing /home/airflow/.local/lib/python3.8/site-packages/airflow/example_dags/example_dynamic_task_mapping_with_no_taskflow_operators.py took 0.179 seconds
[2026-01-21T11:39:35.519+0000] {processor.py:161} INFO - Started process (PID=18210) to work on /home/airflow/.local/lib/python3.8/site-packages/airflow/example_dags/example_dynamic_task_mapping_with_no_taskflow_operators.py
[2026-01-21T11:39:35.531+0000] {processor.py:830} INFO - Processing file /home/airflow/.local/lib/python3.8/site-packages/airflow/example_dags/example_dynamic_task_mapping_with_no_taskflow_operators.py for tasks to queue
[2026-01-21T11:39:35.534+0000] {logging_mixin.py:188} INFO - [2026-01-21T11:39:35.534+0000] {dagbag.py:538} INFO - Filling up the DagBag from /home/airflow/.local/lib/python3.8/site-packages/airflow/example_dags/example_dynamic_task_mapping_with_no_taskflow_operators.py
[2026-01-21T11:39:35.549+0000] {processor.py:840} INFO - DAG(s) 'example_dynamic_task_mapping_with_no_taskflow_operators' retrieved from /home/airflow/.local/lib/python3.8/site-packages/airflow/example_dags/example_dynamic_task_mapping_with_no_taskflow_operators.py
[2026-01-21T11:39:35.589+0000] {logging_mixin.py:188} INFO - [2026-01-21T11:39:35.589+0000] {dag.py:3036} INFO - Sync 1 DAGs
[2026-01-21T11:39:35.631+0000] {logging_mixin.py:188} INFO - [2026-01-21T11:39:35.631+0000] {dag.py:3823} INFO - Setting next_dagrun for example_dynamic_task_mapping_with_no_taskflow_operators to 2026-01-20 00:00:00+00:00, run_after=2026-01-21 00:00:00+00:00
[2026-01-21T11:39:35.709+0000] {processor.py:183} INFO - Processing /home/airflow/.local/lib/python3.8/site-packages/airflow/example_dags/example_dynamic_task_mapping_with_no_taskflow_operators.py took 0.196 seconds
[2026-01-21T11:40:05.918+0000] {processor.py:161} INFO - Started process (PID=18277) to work on /home/airflow/.local/lib/python3.8/site-packages/airflow/example_dags/example_dynamic_task_mapping_with_no_taskflow_operators.py
[2026-01-21T11:40:05.919+0000] {processor.py:830} INFO - Processing file /home/airflow/.local/lib/python3.8/site-packages/airflow/example_dags/example_dynamic_task_mapping_with_no_taskflow_operators.py for tasks to queue
[2026-01-21T11:40:05.921+0000] {logging_mixin.py:188} INFO - [2026-01-21T11:40:05.921+0000] {dagbag.py:538} INFO - Filling up the DagBag from /home/airflow/.local/lib/python3.8/site-packages/airflow/example_dags/example_dynamic_task_mapping_with_no_taskflow_operators.py
[2026-01-21T11:40:05.929+0000] {processor.py:840} INFO - DAG(s) 'example_dynamic_task_mapping_with_no_taskflow_operators' retrieved from /home/airflow/.local/lib/python3.8/site-packages/airflow/example_dags/example_dynamic_task_mapping_with_no_taskflow_operators.py
[2026-01-21T11:40:05.959+0000] {logging_mixin.py:188} INFO - [2026-01-21T11:40:05.958+0000] {dag.py:3036} INFO - Sync 1 DAGs
[2026-01-21T11:40:06.000+0000] {logging_mixin.py:188} INFO - [2026-01-21T11:40:05.999+0000] {dag.py:3823} INFO - Setting next_dagrun for example_dynamic_task_mapping_with_no_taskflow_operators to 2026-01-20 00:00:00+00:00, run_after=2026-01-21 00:00:00+00:00
[2026-01-21T11:40:06.031+0000] {processor.py:183} INFO - Processing /home/airflow/.local/lib/python3.8/site-packages/airflow/example_dags/example_dynamic_task_mapping_with_no_taskflow_operators.py took 0.117 seconds
[2026-01-21T11:40:36.862+0000] {processor.py:161} INFO - Started process (PID=18343) to work on /home/airflow/.local/lib/python3.8/site-packages/airflow/example_dags/example_dynamic_task_mapping_with_no_taskflow_operators.py
[2026-01-21T11:40:36.864+0000] {processor.py:830} INFO - Processing file /home/airflow/.local/lib/python3.8/site-packages/airflow/example_dags/example_dynamic_task_mapping_with_no_taskflow_operators.py for tasks to queue
[2026-01-21T11:40:36.867+0000] {logging_mixin.py:188} INFO - [2026-01-21T11:40:36.867+0000] {dagbag.py:538} INFO - Filling up the DagBag from /home/airflow/.local/lib/python3.8/site-packages/airflow/example_dags/example_dynamic_task_mapping_with_no_taskflow_operators.py
[2026-01-21T11:40:36.877+0000] {processor.py:840} INFO - DAG(s) 'example_dynamic_task_mapping_with_no_taskflow_operators' retrieved from /home/airflow/.local/lib/python3.8/site-packages/airflow/example_dags/example_dynamic_task_mapping_with_no_taskflow_operators.py
[2026-01-21T11:40:36.914+0000] {logging_mixin.py:188} INFO - [2026-01-21T11:40:36.914+0000] {dag.py:3036} INFO - Sync 1 DAGs
[2026-01-21T11:40:36.955+0000] {logging_mixin.py:188} INFO - [2026-01-21T11:40:36.954+0000] {dag.py:3823} INFO - Setting next_dagrun for example_dynamic_task_mapping_with_no_taskflow_operators to 2026-01-20 00:00:00+00:00, run_after=2026-01-21 00:00:00+00:00
[2026-01-21T11:40:36.983+0000] {processor.py:183} INFO - Processing /home/airflow/.local/lib/python3.8/site-packages/airflow/example_dags/example_dynamic_task_mapping_with_no_taskflow_operators.py took 0.126 seconds
[2026-01-21T11:41:07.469+0000] {processor.py:161} INFO - Started process (PID=18410) to work on /home/airflow/.local/lib/python3.8/site-packages/airflow/example_dags/example_dynamic_task_mapping_with_no_taskflow_operators.py
[2026-01-21T11:41:07.470+0000] {processor.py:830} INFO - Processing file /home/airflow/.local/lib/python3.8/site-packages/airflow/example_dags/example_dynamic_task_mapping_with_no_taskflow_operators.py for tasks to queue
[2026-01-21T11:41:07.473+0000] {logging_mixin.py:188} INFO - [2026-01-21T11:41:07.472+0000] {dagbag.py:538} INFO - Filling up the DagBag from /home/airflow/.local/lib/python3.8/site-packages/airflow/example_dags/example_dynamic_task_mapping_with_no_taskflow_operators.py
[2026-01-21T11:41:07.481+0000] {processor.py:840} INFO - DAG(s) 'example_dynamic_task_mapping_with_no_taskflow_operators' retrieved from /home/airflow/.local/lib/python3.8/site-packages/airflow/example_dags/example_dynamic_task_mapping_with_no_taskflow_operators.py
[2026-01-21T11:41:07.511+0000] {logging_mixin.py:188} INFO - [2026-01-21T11:41:07.510+0000] {dag.py:3036} INFO - Sync 1 DAGs
[2026-01-21T11:41:07.544+0000] {logging_mixin.py:188} INFO - [2026-01-21T11:41:07.544+0000] {dag.py:3823} INFO - Setting next_dagrun for example_dynamic_task_mapping_with_no_taskflow_operators to 2026-01-20 00:00:00+00:00, run_after=2026-01-21 00:00:00+00:00
[2026-01-21T11:41:07.568+0000] {processor.py:183} INFO - Processing /home/airflow/.local/lib/python3.8/site-packages/airflow/example_dags/example_dynamic_task_mapping_with_no_taskflow_operators.py took 0.104 seconds
[2026-01-21T11:41:37.855+0000] {processor.py:161} INFO - Started process (PID=18475) to work on /home/airflow/.local/lib/python3.8/site-packages/airflow/example_dags/example_dynamic_task_mapping_with_no_taskflow_operators.py
[2026-01-21T11:41:37.857+0000] {processor.py:830} INFO - Processing file /home/airflow/.local/lib/python3.8/site-packages/airflow/example_dags/example_dynamic_task_mapping_with_no_taskflow_operators.py for tasks to queue
[2026-01-21T11:41:37.859+0000] {logging_mixin.py:188} INFO - [2026-01-21T11:41:37.859+0000] {dagbag.py:538} INFO - Filling up the DagBag from /home/airflow/.local/lib/python3.8/site-packages/airflow/example_dags/example_dynamic_task_mapping_with_no_taskflow_operators.py
[2026-01-21T11:41:37.868+0000] {processor.py:840} INFO - DAG(s) 'example_dynamic_task_mapping_with_no_taskflow_operators' retrieved from /home/airflow/.local/lib/python3.8/site-packages/airflow/example_dags/example_dynamic_task_mapping_with_no_taskflow_operators.py
[2026-01-21T11:41:37.898+0000] {logging_mixin.py:188} INFO - [2026-01-21T11:41:37.897+0000] {dag.py:3036} INFO - Sync 1 DAGs
[2026-01-21T11:41:37.934+0000] {logging_mixin.py:188} INFO - [2026-01-21T11:41:37.933+0000] {dag.py:3823} INFO - Setting next_dagrun for example_dynamic_task_mapping_with_no_taskflow_operators to 2026-01-20 00:00:00+00:00, run_after=2026-01-21 00:00:00+00:00
[2026-01-21T11:41:37.964+0000] {processor.py:183} INFO - Processing /home/airflow/.local/lib/python3.8/site-packages/airflow/example_dags/example_dynamic_task_mapping_with_no_taskflow_operators.py took 0.114 seconds
[2026-01-21T11:42:08.597+0000] {processor.py:161} INFO - Started process (PID=18541) to work on /home/airflow/.local/lib/python3.8/site-packages/airflow/example_dags/example_dynamic_task_mapping_with_no_taskflow_operators.py
[2026-01-21T11:42:08.599+0000] {processor.py:830} INFO - Processing file /home/airflow/.local/lib/python3.8/site-packages/airflow/example_dags/example_dynamic_task_mapping_with_no_taskflow_operators.py for tasks to queue
[2026-01-21T11:42:08.602+0000] {logging_mixin.py:188} INFO - [2026-01-21T11:42:08.602+0000] {dagbag.py:538} INFO - Filling up the DagBag from /home/airflow/.local/lib/python3.8/site-packages/airflow/example_dags/example_dynamic_task_mapping_with_no_taskflow_operators.py
[2026-01-21T11:42:08.613+0000] {processor.py:840} INFO - DAG(s) 'example_dynamic_task_mapping_with_no_taskflow_operators' retrieved from /home/airflow/.local/lib/python3.8/site-packages/airflow/example_dags/example_dynamic_task_mapping_with_no_taskflow_operators.py
[2026-01-21T11:42:08.649+0000] {logging_mixin.py:188} INFO - [2026-01-21T11:42:08.649+0000] {dag.py:3036} INFO - Sync 1 DAGs
[2026-01-21T11:42:08.695+0000] {logging_mixin.py:188} INFO - [2026-01-21T11:42:08.695+0000] {dag.py:3823} INFO - Setting next_dagrun for example_dynamic_task_mapping_with_no_taskflow_operators to 2026-01-20 00:00:00+00:00, run_after=2026-01-21 00:00:00+00:00
[2026-01-21T11:42:08.727+0000] {processor.py:183} INFO - Processing /home/airflow/.local/lib/python3.8/site-packages/airflow/example_dags/example_dynamic_task_mapping_with_no_taskflow_operators.py took 0.136 seconds
[2026-01-21T11:42:39.047+0000] {processor.py:161} INFO - Started process (PID=18607) to work on /home/airflow/.local/lib/python3.8/site-packages/airflow/example_dags/example_dynamic_task_mapping_with_no_taskflow_operators.py
[2026-01-21T11:42:39.049+0000] {processor.py:830} INFO - Processing file /home/airflow/.local/lib/python3.8/site-packages/airflow/example_dags/example_dynamic_task_mapping_with_no_taskflow_operators.py for tasks to queue
[2026-01-21T11:42:39.051+0000] {logging_mixin.py:188} INFO - [2026-01-21T11:42:39.051+0000] {dagbag.py:538} INFO - Filling up the DagBag from /home/airflow/.local/lib/python3.8/site-packages/airflow/example_dags/example_dynamic_task_mapping_with_no_taskflow_operators.py
[2026-01-21T11:42:39.059+0000] {processor.py:840} INFO - DAG(s) 'example_dynamic_task_mapping_with_no_taskflow_operators' retrieved from /home/airflow/.local/lib/python3.8/site-packages/airflow/example_dags/example_dynamic_task_mapping_with_no_taskflow_operators.py
[2026-01-21T11:42:39.087+0000] {logging_mixin.py:188} INFO - [2026-01-21T11:42:39.087+0000] {dag.py:3036} INFO - Sync 1 DAGs
[2026-01-21T11:42:39.120+0000] {logging_mixin.py:188} INFO - [2026-01-21T11:42:39.119+0000] {dag.py:3823} INFO - Setting next_dagrun for example_dynamic_task_mapping_with_no_taskflow_operators to 2026-01-20 00:00:00+00:00, run_after=2026-01-21 00:00:00+00:00
[2026-01-21T11:42:39.143+0000] {processor.py:183} INFO - Processing /home/airflow/.local/lib/python3.8/site-packages/airflow/example_dags/example_dynamic_task_mapping_with_no_taskflow_operators.py took 0.101 seconds
[2026-01-21T11:43:09.326+0000] {processor.py:161} INFO - Started process (PID=18679) to work on /home/airflow/.local/lib/python3.8/site-packages/airflow/example_dags/example_dynamic_task_mapping_with_no_taskflow_operators.py
[2026-01-21T11:43:09.327+0000] {processor.py:830} INFO - Processing file /home/airflow/.local/lib/python3.8/site-packages/airflow/example_dags/example_dynamic_task_mapping_with_no_taskflow_operators.py for tasks to queue
[2026-01-21T11:43:09.329+0000] {logging_mixin.py:188} INFO - [2026-01-21T11:43:09.329+0000] {dagbag.py:538} INFO - Filling up the DagBag from /home/airflow/.local/lib/python3.8/site-packages/airflow/example_dags/example_dynamic_task_mapping_with_no_taskflow_operators.py
[2026-01-21T11:43:09.337+0000] {processor.py:840} INFO - DAG(s) 'example_dynamic_task_mapping_with_no_taskflow_operators' retrieved from /home/airflow/.local/lib/python3.8/site-packages/airflow/example_dags/example_dynamic_task_mapping_with_no_taskflow_operators.py
[2026-01-21T11:43:09.365+0000] {logging_mixin.py:188} INFO - [2026-01-21T11:43:09.365+0000] {dag.py:3036} INFO - Sync 1 DAGs
[2026-01-21T11:43:09.397+0000] {logging_mixin.py:188} INFO - [2026-01-21T11:43:09.397+0000] {dag.py:3823} INFO - Setting next_dagrun for example_dynamic_task_mapping_with_no_taskflow_operators to 2026-01-20 00:00:00+00:00, run_after=2026-01-21 00:00:00+00:00
[2026-01-21T11:43:09.422+0000] {processor.py:183} INFO - Processing /home/airflow/.local/lib/python3.8/site-packages/airflow/example_dags/example_dynamic_task_mapping_with_no_taskflow_operators.py took 0.100 seconds
[2026-01-21T11:43:39.840+0000] {processor.py:161} INFO - Started process (PID=18745) to work on /home/airflow/.local/lib/python3.8/site-packages/airflow/example_dags/example_dynamic_task_mapping_with_no_taskflow_operators.py
[2026-01-21T11:43:39.842+0000] {processor.py:830} INFO - Processing file /home/airflow/.local/lib/python3.8/site-packages/airflow/example_dags/example_dynamic_task_mapping_with_no_taskflow_operators.py for tasks to queue
[2026-01-21T11:43:39.845+0000] {logging_mixin.py:188} INFO - [2026-01-21T11:43:39.844+0000] {dagbag.py:538} INFO - Filling up the DagBag from /home/airflow/.local/lib/python3.8/site-packages/airflow/example_dags/example_dynamic_task_mapping_with_no_taskflow_operators.py
[2026-01-21T11:43:39.854+0000] {processor.py:840} INFO - DAG(s) 'example_dynamic_task_mapping_with_no_taskflow_operators' retrieved from /home/airflow/.local/lib/python3.8/site-packages/airflow/example_dags/example_dynamic_task_mapping_with_no_taskflow_operators.py
[2026-01-21T11:43:39.882+0000] {logging_mixin.py:188} INFO - [2026-01-21T11:43:39.882+0000] {dag.py:3036} INFO - Sync 1 DAGs
[2026-01-21T11:43:39.917+0000] {logging_mixin.py:188} INFO - [2026-01-21T11:43:39.916+0000] {dag.py:3823} INFO - Setting next_dagrun for example_dynamic_task_mapping_with_no_taskflow_operators to 2026-01-20 00:00:00+00:00, run_after=2026-01-21 00:00:00+00:00
[2026-01-21T11:43:39.943+0000] {processor.py:183} INFO - Processing /home/airflow/.local/lib/python3.8/site-packages/airflow/example_dags/example_dynamic_task_mapping_with_no_taskflow_operators.py took 0.108 seconds
[2026-01-21T11:44:10.010+0000] {processor.py:161} INFO - Started process (PID=18811) to work on /home/airflow/.local/lib/python3.8/site-packages/airflow/example_dags/example_dynamic_task_mapping_with_no_taskflow_operators.py
[2026-01-21T11:44:10.012+0000] {processor.py:830} INFO - Processing file /home/airflow/.local/lib/python3.8/site-packages/airflow/example_dags/example_dynamic_task_mapping_with_no_taskflow_operators.py for tasks to queue
[2026-01-21T11:44:10.014+0000] {logging_mixin.py:188} INFO - [2026-01-21T11:44:10.014+0000] {dagbag.py:538} INFO - Filling up the DagBag from /home/airflow/.local/lib/python3.8/site-packages/airflow/example_dags/example_dynamic_task_mapping_with_no_taskflow_operators.py
[2026-01-21T11:44:10.024+0000] {processor.py:840} INFO - DAG(s) 'example_dynamic_task_mapping_with_no_taskflow_operators' retrieved from /home/airflow/.local/lib/python3.8/site-packages/airflow/example_dags/example_dynamic_task_mapping_with_no_taskflow_operators.py
[2026-01-21T11:44:10.052+0000] {logging_mixin.py:188} INFO - [2026-01-21T11:44:10.051+0000] {dag.py:3036} INFO - Sync 1 DAGs
[2026-01-21T11:44:10.085+0000] {logging_mixin.py:188} INFO - [2026-01-21T11:44:10.085+0000] {dag.py:3823} INFO - Setting next_dagrun for example_dynamic_task_mapping_with_no_taskflow_operators to 2026-01-20 00:00:00+00:00, run_after=2026-01-21 00:00:00+00:00
[2026-01-21T11:44:10.112+0000] {processor.py:183} INFO - Processing /home/airflow/.local/lib/python3.8/site-packages/airflow/example_dags/example_dynamic_task_mapping_with_no_taskflow_operators.py took 0.108 seconds
[2026-01-21T11:44:40.693+0000] {processor.py:161} INFO - Started process (PID=18876) to work on /home/airflow/.local/lib/python3.8/site-packages/airflow/example_dags/example_dynamic_task_mapping_with_no_taskflow_operators.py
[2026-01-21T11:44:40.695+0000] {processor.py:830} INFO - Processing file /home/airflow/.local/lib/python3.8/site-packages/airflow/example_dags/example_dynamic_task_mapping_with_no_taskflow_operators.py for tasks to queue
[2026-01-21T11:44:40.698+0000] {logging_mixin.py:188} INFO - [2026-01-21T11:44:40.697+0000] {dagbag.py:538} INFO - Filling up the DagBag from /home/airflow/.local/lib/python3.8/site-packages/airflow/example_dags/example_dynamic_task_mapping_with_no_taskflow_operators.py
[2026-01-21T11:44:40.706+0000] {processor.py:840} INFO - DAG(s) 'example_dynamic_task_mapping_with_no_taskflow_operators' retrieved from /home/airflow/.local/lib/python3.8/site-packages/airflow/example_dags/example_dynamic_task_mapping_with_no_taskflow_operators.py
[2026-01-21T11:44:40.737+0000] {logging_mixin.py:188} INFO - [2026-01-21T11:44:40.737+0000] {dag.py:3036} INFO - Sync 1 DAGs
[2026-01-21T11:44:40.771+0000] {logging_mixin.py:188} INFO - [2026-01-21T11:44:40.771+0000] {dag.py:3823} INFO - Setting next_dagrun for example_dynamic_task_mapping_with_no_taskflow_operators to 2026-01-20 00:00:00+00:00, run_after=2026-01-21 00:00:00+00:00
[2026-01-21T11:44:40.799+0000] {processor.py:183} INFO - Processing /home/airflow/.local/lib/python3.8/site-packages/airflow/example_dags/example_dynamic_task_mapping_with_no_taskflow_operators.py took 0.111 seconds
[2026-01-21T11:45:11.081+0000] {processor.py:161} INFO - Started process (PID=18943) to work on /home/airflow/.local/lib/python3.8/site-packages/airflow/example_dags/example_dynamic_task_mapping_with_no_taskflow_operators.py
[2026-01-21T11:45:11.082+0000] {processor.py:830} INFO - Processing file /home/airflow/.local/lib/python3.8/site-packages/airflow/example_dags/example_dynamic_task_mapping_with_no_taskflow_operators.py for tasks to queue
[2026-01-21T11:45:11.084+0000] {logging_mixin.py:188} INFO - [2026-01-21T11:45:11.084+0000] {dagbag.py:538} INFO - Filling up the DagBag from /home/airflow/.local/lib/python3.8/site-packages/airflow/example_dags/example_dynamic_task_mapping_with_no_taskflow_operators.py
[2026-01-21T11:45:11.092+0000] {processor.py:840} INFO - DAG(s) 'example_dynamic_task_mapping_with_no_taskflow_operators' retrieved from /home/airflow/.local/lib/python3.8/site-packages/airflow/example_dags/example_dynamic_task_mapping_with_no_taskflow_operators.py
[2026-01-21T11:45:11.120+0000] {logging_mixin.py:188} INFO - [2026-01-21T11:45:11.120+0000] {dag.py:3036} INFO - Sync 1 DAGs
[2026-01-21T11:45:11.152+0000] {logging_mixin.py:188} INFO - [2026-01-21T11:45:11.152+0000] {dag.py:3823} INFO - Setting next_dagrun for example_dynamic_task_mapping_with_no_taskflow_operators to 2026-01-20 00:00:00+00:00, run_after=2026-01-21 00:00:00+00:00
[2026-01-21T11:45:11.176+0000] {processor.py:183} INFO - Processing /home/airflow/.local/lib/python3.8/site-packages/airflow/example_dags/example_dynamic_task_mapping_with_no_taskflow_operators.py took 0.099 seconds
[2026-01-21T11:45:41.345+0000] {processor.py:161} INFO - Started process (PID=19007) to work on /home/airflow/.local/lib/python3.8/site-packages/airflow/example_dags/example_dynamic_task_mapping_with_no_taskflow_operators.py
[2026-01-21T11:45:41.347+0000] {processor.py:830} INFO - Processing file /home/airflow/.local/lib/python3.8/site-packages/airflow/example_dags/example_dynamic_task_mapping_with_no_taskflow_operators.py for tasks to queue
[2026-01-21T11:45:41.350+0000] {logging_mixin.py:188} INFO - [2026-01-21T11:45:41.349+0000] {dagbag.py:538} INFO - Filling up the DagBag from /home/airflow/.local/lib/python3.8/site-packages/airflow/example_dags/example_dynamic_task_mapping_with_no_taskflow_operators.py
[2026-01-21T11:45:41.358+0000] {processor.py:840} INFO - DAG(s) 'example_dynamic_task_mapping_with_no_taskflow_operators' retrieved from /home/airflow/.local/lib/python3.8/site-packages/airflow/example_dags/example_dynamic_task_mapping_with_no_taskflow_operators.py
[2026-01-21T11:45:41.387+0000] {logging_mixin.py:188} INFO - [2026-01-21T11:45:41.387+0000] {dag.py:3036} INFO - Sync 1 DAGs
[2026-01-21T11:45:41.421+0000] {logging_mixin.py:188} INFO - [2026-01-21T11:45:41.421+0000] {dag.py:3823} INFO - Setting next_dagrun for example_dynamic_task_mapping_with_no_taskflow_operators to 2026-01-20 00:00:00+00:00, run_after=2026-01-21 00:00:00+00:00
[2026-01-21T11:45:41.447+0000] {processor.py:183} INFO - Processing /home/airflow/.local/lib/python3.8/site-packages/airflow/example_dags/example_dynamic_task_mapping_with_no_taskflow_operators.py took 0.107 seconds
[2026-01-21T11:46:11.893+0000] {processor.py:161} INFO - Started process (PID=19073) to work on /home/airflow/.local/lib/python3.8/site-packages/airflow/example_dags/example_dynamic_task_mapping_with_no_taskflow_operators.py
[2026-01-21T11:46:11.894+0000] {processor.py:830} INFO - Processing file /home/airflow/.local/lib/python3.8/site-packages/airflow/example_dags/example_dynamic_task_mapping_with_no_taskflow_operators.py for tasks to queue
[2026-01-21T11:46:11.896+0000] {logging_mixin.py:188} INFO - [2026-01-21T11:46:11.896+0000] {dagbag.py:538} INFO - Filling up the DagBag from /home/airflow/.local/lib/python3.8/site-packages/airflow/example_dags/example_dynamic_task_mapping_with_no_taskflow_operators.py
[2026-01-21T11:46:11.905+0000] {processor.py:840} INFO - DAG(s) 'example_dynamic_task_mapping_with_no_taskflow_operators' retrieved from /home/airflow/.local/lib/python3.8/site-packages/airflow/example_dags/example_dynamic_task_mapping_with_no_taskflow_operators.py
[2026-01-21T11:46:11.937+0000] {logging_mixin.py:188} INFO - [2026-01-21T11:46:11.937+0000] {dag.py:3036} INFO - Sync 1 DAGs
[2026-01-21T11:46:11.977+0000] {logging_mixin.py:188} INFO - [2026-01-21T11:46:11.977+0000] {dag.py:3823} INFO - Setting next_dagrun for example_dynamic_task_mapping_with_no_taskflow_operators to 2026-01-20 00:00:00+00:00, run_after=2026-01-21 00:00:00+00:00
[2026-01-21T11:46:12.002+0000] {processor.py:183} INFO - Processing /home/airflow/.local/lib/python3.8/site-packages/airflow/example_dags/example_dynamic_task_mapping_with_no_taskflow_operators.py took 0.114 seconds
[2026-01-21T11:46:42.887+0000] {processor.py:161} INFO - Started process (PID=19145) to work on /home/airflow/.local/lib/python3.8/site-packages/airflow/example_dags/example_dynamic_task_mapping_with_no_taskflow_operators.py
[2026-01-21T11:46:42.889+0000] {processor.py:830} INFO - Processing file /home/airflow/.local/lib/python3.8/site-packages/airflow/example_dags/example_dynamic_task_mapping_with_no_taskflow_operators.py for tasks to queue
[2026-01-21T11:46:42.892+0000] {logging_mixin.py:188} INFO - [2026-01-21T11:46:42.891+0000] {dagbag.py:538} INFO - Filling up the DagBag from /home/airflow/.local/lib/python3.8/site-packages/airflow/example_dags/example_dynamic_task_mapping_with_no_taskflow_operators.py
[2026-01-21T11:46:42.900+0000] {processor.py:840} INFO - DAG(s) 'example_dynamic_task_mapping_with_no_taskflow_operators' retrieved from /home/airflow/.local/lib/python3.8/site-packages/airflow/example_dags/example_dynamic_task_mapping_with_no_taskflow_operators.py
[2026-01-21T11:46:42.931+0000] {logging_mixin.py:188} INFO - [2026-01-21T11:46:42.931+0000] {dag.py:3036} INFO - Sync 1 DAGs
[2026-01-21T11:46:42.974+0000] {logging_mixin.py:188} INFO - [2026-01-21T11:46:42.973+0000] {dag.py:3823} INFO - Setting next_dagrun for example_dynamic_task_mapping_with_no_taskflow_operators to 2026-01-20 00:00:00+00:00, run_after=2026-01-21 00:00:00+00:00
[2026-01-21T11:46:43.009+0000] {processor.py:183} INFO - Processing /home/airflow/.local/lib/python3.8/site-packages/airflow/example_dags/example_dynamic_task_mapping_with_no_taskflow_operators.py took 0.127 seconds
[2026-01-21T11:47:13.100+0000] {processor.py:161} INFO - Started process (PID=19211) to work on /home/airflow/.local/lib/python3.8/site-packages/airflow/example_dags/example_dynamic_task_mapping_with_no_taskflow_operators.py
[2026-01-21T11:47:13.102+0000] {processor.py:830} INFO - Processing file /home/airflow/.local/lib/python3.8/site-packages/airflow/example_dags/example_dynamic_task_mapping_with_no_taskflow_operators.py for tasks to queue
[2026-01-21T11:47:13.104+0000] {logging_mixin.py:188} INFO - [2026-01-21T11:47:13.104+0000] {dagbag.py:538} INFO - Filling up the DagBag from /home/airflow/.local/lib/python3.8/site-packages/airflow/example_dags/example_dynamic_task_mapping_with_no_taskflow_operators.py
[2026-01-21T11:47:13.114+0000] {processor.py:840} INFO - DAG(s) 'example_dynamic_task_mapping_with_no_taskflow_operators' retrieved from /home/airflow/.local/lib/python3.8/site-packages/airflow/example_dags/example_dynamic_task_mapping_with_no_taskflow_operators.py
[2026-01-21T11:47:13.148+0000] {logging_mixin.py:188} INFO - [2026-01-21T11:47:13.147+0000] {dag.py:3036} INFO - Sync 1 DAGs
[2026-01-21T11:47:13.193+0000] {logging_mixin.py:188} INFO - [2026-01-21T11:47:13.192+0000] {dag.py:3823} INFO - Setting next_dagrun for example_dynamic_task_mapping_with_no_taskflow_operators to 2026-01-20 00:00:00+00:00, run_after=2026-01-21 00:00:00+00:00
[2026-01-21T11:47:13.222+0000] {processor.py:183} INFO - Processing /home/airflow/.local/lib/python3.8/site-packages/airflow/example_dags/example_dynamic_task_mapping_with_no_taskflow_operators.py took 0.127 seconds
[2026-01-21T11:47:43.716+0000] {processor.py:161} INFO - Started process (PID=19277) to work on /home/airflow/.local/lib/python3.8/site-packages/airflow/example_dags/example_dynamic_task_mapping_with_no_taskflow_operators.py
[2026-01-21T11:47:43.718+0000] {processor.py:830} INFO - Processing file /home/airflow/.local/lib/python3.8/site-packages/airflow/example_dags/example_dynamic_task_mapping_with_no_taskflow_operators.py for tasks to queue
[2026-01-21T11:47:43.720+0000] {logging_mixin.py:188} INFO - [2026-01-21T11:47:43.719+0000] {dagbag.py:538} INFO - Filling up the DagBag from /home/airflow/.local/lib/python3.8/site-packages/airflow/example_dags/example_dynamic_task_mapping_with_no_taskflow_operators.py
[2026-01-21T11:47:43.728+0000] {processor.py:840} INFO - DAG(s) 'example_dynamic_task_mapping_with_no_taskflow_operators' retrieved from /home/airflow/.local/lib/python3.8/site-packages/airflow/example_dags/example_dynamic_task_mapping_with_no_taskflow_operators.py
[2026-01-21T11:47:43.760+0000] {logging_mixin.py:188} INFO - [2026-01-21T11:47:43.760+0000] {dag.py:3036} INFO - Sync 1 DAGs
[2026-01-21T11:47:43.802+0000] {logging_mixin.py:188} INFO - [2026-01-21T11:47:43.802+0000] {dag.py:3823} INFO - Setting next_dagrun for example_dynamic_task_mapping_with_no_taskflow_operators to 2026-01-20 00:00:00+00:00, run_after=2026-01-21 00:00:00+00:00
[2026-01-21T11:47:43.829+0000] {processor.py:183} INFO - Processing /home/airflow/.local/lib/python3.8/site-packages/airflow/example_dags/example_dynamic_task_mapping_with_no_taskflow_operators.py took 0.118 seconds
[2026-01-21T11:48:14.034+0000] {processor.py:161} INFO - Started process (PID=19343) to work on /home/airflow/.local/lib/python3.8/site-packages/airflow/example_dags/example_dynamic_task_mapping_with_no_taskflow_operators.py
[2026-01-21T11:48:14.035+0000] {processor.py:830} INFO - Processing file /home/airflow/.local/lib/python3.8/site-packages/airflow/example_dags/example_dynamic_task_mapping_with_no_taskflow_operators.py for tasks to queue
[2026-01-21T11:48:14.038+0000] {logging_mixin.py:188} INFO - [2026-01-21T11:48:14.037+0000] {dagbag.py:538} INFO - Filling up the DagBag from /home/airflow/.local/lib/python3.8/site-packages/airflow/example_dags/example_dynamic_task_mapping_with_no_taskflow_operators.py
[2026-01-21T11:48:14.047+0000] {processor.py:840} INFO - DAG(s) 'example_dynamic_task_mapping_with_no_taskflow_operators' retrieved from /home/airflow/.local/lib/python3.8/site-packages/airflow/example_dags/example_dynamic_task_mapping_with_no_taskflow_operators.py
[2026-01-21T11:48:14.080+0000] {logging_mixin.py:188} INFO - [2026-01-21T11:48:14.079+0000] {dag.py:3036} INFO - Sync 1 DAGs
[2026-01-21T11:48:14.115+0000] {logging_mixin.py:188} INFO - [2026-01-21T11:48:14.115+0000] {dag.py:3823} INFO - Setting next_dagrun for example_dynamic_task_mapping_with_no_taskflow_operators to 2026-01-20 00:00:00+00:00, run_after=2026-01-21 00:00:00+00:00
[2026-01-21T11:48:14.143+0000] {processor.py:183} INFO - Processing /home/airflow/.local/lib/python3.8/site-packages/airflow/example_dags/example_dynamic_task_mapping_with_no_taskflow_operators.py took 0.113 seconds
[2026-01-21T11:48:44.282+0000] {processor.py:161} INFO - Started process (PID=19411) to work on /home/airflow/.local/lib/python3.8/site-packages/airflow/example_dags/example_dynamic_task_mapping_with_no_taskflow_operators.py
[2026-01-21T11:48:44.284+0000] {processor.py:830} INFO - Processing file /home/airflow/.local/lib/python3.8/site-packages/airflow/example_dags/example_dynamic_task_mapping_with_no_taskflow_operators.py for tasks to queue
[2026-01-21T11:48:44.286+0000] {logging_mixin.py:188} INFO - [2026-01-21T11:48:44.286+0000] {dagbag.py:538} INFO - Filling up the DagBag from /home/airflow/.local/lib/python3.8/site-packages/airflow/example_dags/example_dynamic_task_mapping_with_no_taskflow_operators.py
[2026-01-21T11:48:44.294+0000] {processor.py:840} INFO - DAG(s) 'example_dynamic_task_mapping_with_no_taskflow_operators' retrieved from /home/airflow/.local/lib/python3.8/site-packages/airflow/example_dags/example_dynamic_task_mapping_with_no_taskflow_operators.py
[2026-01-21T11:48:44.326+0000] {logging_mixin.py:188} INFO - [2026-01-21T11:48:44.326+0000] {dag.py:3036} INFO - Sync 1 DAGs
[2026-01-21T11:48:44.366+0000] {logging_mixin.py:188} INFO - [2026-01-21T11:48:44.366+0000] {dag.py:3823} INFO - Setting next_dagrun for example_dynamic_task_mapping_with_no_taskflow_operators to 2026-01-20 00:00:00+00:00, run_after=2026-01-21 00:00:00+00:00
[2026-01-21T11:48:44.396+0000] {processor.py:183} INFO - Processing /home/airflow/.local/lib/python3.8/site-packages/airflow/example_dags/example_dynamic_task_mapping_with_no_taskflow_operators.py took 0.119 seconds
[2026-01-21T11:49:14.481+0000] {processor.py:161} INFO - Started process (PID=19477) to work on /home/airflow/.local/lib/python3.8/site-packages/airflow/example_dags/example_dynamic_task_mapping_with_no_taskflow_operators.py
[2026-01-21T11:49:14.482+0000] {processor.py:830} INFO - Processing file /home/airflow/.local/lib/python3.8/site-packages/airflow/example_dags/example_dynamic_task_mapping_with_no_taskflow_operators.py for tasks to queue
[2026-01-21T11:49:14.484+0000] {logging_mixin.py:188} INFO - [2026-01-21T11:49:14.484+0000] {dagbag.py:538} INFO - Filling up the DagBag from /home/airflow/.local/lib/python3.8/site-packages/airflow/example_dags/example_dynamic_task_mapping_with_no_taskflow_operators.py
[2026-01-21T11:49:14.492+0000] {processor.py:840} INFO - DAG(s) 'example_dynamic_task_mapping_with_no_taskflow_operators' retrieved from /home/airflow/.local/lib/python3.8/site-packages/airflow/example_dags/example_dynamic_task_mapping_with_no_taskflow_operators.py
[2026-01-21T11:49:14.520+0000] {logging_mixin.py:188} INFO - [2026-01-21T11:49:14.519+0000] {dag.py:3036} INFO - Sync 1 DAGs
[2026-01-21T11:49:14.554+0000] {logging_mixin.py:188} INFO - [2026-01-21T11:49:14.553+0000] {dag.py:3823} INFO - Setting next_dagrun for example_dynamic_task_mapping_with_no_taskflow_operators to 2026-01-20 00:00:00+00:00, run_after=2026-01-21 00:00:00+00:00
[2026-01-21T11:49:14.580+0000] {processor.py:183} INFO - Processing /home/airflow/.local/lib/python3.8/site-packages/airflow/example_dags/example_dynamic_task_mapping_with_no_taskflow_operators.py took 0.104 seconds
[2026-01-21T11:49:45.248+0000] {processor.py:161} INFO - Started process (PID=19542) to work on /home/airflow/.local/lib/python3.8/site-packages/airflow/example_dags/example_dynamic_task_mapping_with_no_taskflow_operators.py
[2026-01-21T11:49:45.250+0000] {processor.py:830} INFO - Processing file /home/airflow/.local/lib/python3.8/site-packages/airflow/example_dags/example_dynamic_task_mapping_with_no_taskflow_operators.py for tasks to queue
[2026-01-21T11:49:45.252+0000] {logging_mixin.py:188} INFO - [2026-01-21T11:49:45.252+0000] {dagbag.py:538} INFO - Filling up the DagBag from /home/airflow/.local/lib/python3.8/site-packages/airflow/example_dags/example_dynamic_task_mapping_with_no_taskflow_operators.py
[2026-01-21T11:49:45.260+0000] {processor.py:840} INFO - DAG(s) 'example_dynamic_task_mapping_with_no_taskflow_operators' retrieved from /home/airflow/.local/lib/python3.8/site-packages/airflow/example_dags/example_dynamic_task_mapping_with_no_taskflow_operators.py
[2026-01-21T11:49:45.289+0000] {logging_mixin.py:188} INFO - [2026-01-21T11:49:45.288+0000] {dag.py:3036} INFO - Sync 1 DAGs
[2026-01-21T11:49:45.322+0000] {logging_mixin.py:188} INFO - [2026-01-21T11:49:45.322+0000] {dag.py:3823} INFO - Setting next_dagrun for example_dynamic_task_mapping_with_no_taskflow_operators to 2026-01-20 00:00:00+00:00, run_after=2026-01-21 00:00:00+00:00
[2026-01-21T11:49:45.346+0000] {processor.py:183} INFO - Processing /home/airflow/.local/lib/python3.8/site-packages/airflow/example_dags/example_dynamic_task_mapping_with_no_taskflow_operators.py took 0.103 seconds
[2026-01-21T11:50:15.719+0000] {processor.py:161} INFO - Started process (PID=19608) to work on /home/airflow/.local/lib/python3.8/site-packages/airflow/example_dags/example_dynamic_task_mapping_with_no_taskflow_operators.py
[2026-01-21T11:50:15.720+0000] {processor.py:830} INFO - Processing file /home/airflow/.local/lib/python3.8/site-packages/airflow/example_dags/example_dynamic_task_mapping_with_no_taskflow_operators.py for tasks to queue
[2026-01-21T11:50:15.723+0000] {logging_mixin.py:188} INFO - [2026-01-21T11:50:15.722+0000] {dagbag.py:538} INFO - Filling up the DagBag from /home/airflow/.local/lib/python3.8/site-packages/airflow/example_dags/example_dynamic_task_mapping_with_no_taskflow_operators.py
[2026-01-21T11:50:15.732+0000] {processor.py:840} INFO - DAG(s) 'example_dynamic_task_mapping_with_no_taskflow_operators' retrieved from /home/airflow/.local/lib/python3.8/site-packages/airflow/example_dags/example_dynamic_task_mapping_with_no_taskflow_operators.py
[2026-01-21T11:50:15.762+0000] {logging_mixin.py:188} INFO - [2026-01-21T11:50:15.761+0000] {dag.py:3036} INFO - Sync 1 DAGs
[2026-01-21T11:50:15.797+0000] {logging_mixin.py:188} INFO - [2026-01-21T11:50:15.797+0000] {dag.py:3823} INFO - Setting next_dagrun for example_dynamic_task_mapping_with_no_taskflow_operators to 2026-01-20 00:00:00+00:00, run_after=2026-01-21 00:00:00+00:00
[2026-01-21T11:50:15.824+0000] {processor.py:183} INFO - Processing /home/airflow/.local/lib/python3.8/site-packages/airflow/example_dags/example_dynamic_task_mapping_with_no_taskflow_operators.py took 0.110 seconds
[2026-01-21T11:50:46.075+0000] {processor.py:161} INFO - Started process (PID=19683) to work on /home/airflow/.local/lib/python3.8/site-packages/airflow/example_dags/example_dynamic_task_mapping_with_no_taskflow_operators.py
[2026-01-21T11:50:46.077+0000] {processor.py:830} INFO - Processing file /home/airflow/.local/lib/python3.8/site-packages/airflow/example_dags/example_dynamic_task_mapping_with_no_taskflow_operators.py for tasks to queue
[2026-01-21T11:50:46.081+0000] {logging_mixin.py:188} INFO - [2026-01-21T11:50:46.081+0000] {dagbag.py:538} INFO - Filling up the DagBag from /home/airflow/.local/lib/python3.8/site-packages/airflow/example_dags/example_dynamic_task_mapping_with_no_taskflow_operators.py
[2026-01-21T11:50:46.091+0000] {processor.py:840} INFO - DAG(s) 'example_dynamic_task_mapping_with_no_taskflow_operators' retrieved from /home/airflow/.local/lib/python3.8/site-packages/airflow/example_dags/example_dynamic_task_mapping_with_no_taskflow_operators.py
[2026-01-21T11:50:46.130+0000] {logging_mixin.py:188} INFO - [2026-01-21T11:50:46.130+0000] {dag.py:3036} INFO - Sync 1 DAGs
[2026-01-21T11:50:46.177+0000] {logging_mixin.py:188} INFO - [2026-01-21T11:50:46.176+0000] {dag.py:3823} INFO - Setting next_dagrun for example_dynamic_task_mapping_with_no_taskflow_operators to 2026-01-20 00:00:00+00:00, run_after=2026-01-21 00:00:00+00:00
[2026-01-21T11:50:46.211+0000] {processor.py:183} INFO - Processing /home/airflow/.local/lib/python3.8/site-packages/airflow/example_dags/example_dynamic_task_mapping_with_no_taskflow_operators.py took 0.157 seconds
[2026-01-21T11:51:16.618+0000] {processor.py:161} INFO - Started process (PID=19750) to work on /home/airflow/.local/lib/python3.8/site-packages/airflow/example_dags/example_dynamic_task_mapping_with_no_taskflow_operators.py
[2026-01-21T11:51:16.620+0000] {processor.py:830} INFO - Processing file /home/airflow/.local/lib/python3.8/site-packages/airflow/example_dags/example_dynamic_task_mapping_with_no_taskflow_operators.py for tasks to queue
[2026-01-21T11:51:16.623+0000] {logging_mixin.py:188} INFO - [2026-01-21T11:51:16.622+0000] {dagbag.py:538} INFO - Filling up the DagBag from /home/airflow/.local/lib/python3.8/site-packages/airflow/example_dags/example_dynamic_task_mapping_with_no_taskflow_operators.py
[2026-01-21T11:51:16.631+0000] {processor.py:840} INFO - DAG(s) 'example_dynamic_task_mapping_with_no_taskflow_operators' retrieved from /home/airflow/.local/lib/python3.8/site-packages/airflow/example_dags/example_dynamic_task_mapping_with_no_taskflow_operators.py
[2026-01-21T11:51:16.666+0000] {logging_mixin.py:188} INFO - [2026-01-21T11:51:16.665+0000] {dag.py:3036} INFO - Sync 1 DAGs
[2026-01-21T11:51:16.710+0000] {logging_mixin.py:188} INFO - [2026-01-21T11:51:16.709+0000] {dag.py:3823} INFO - Setting next_dagrun for example_dynamic_task_mapping_with_no_taskflow_operators to 2026-01-20 00:00:00+00:00, run_after=2026-01-21 00:00:00+00:00
[2026-01-21T11:51:16.741+0000] {processor.py:183} INFO - Processing /home/airflow/.local/lib/python3.8/site-packages/airflow/example_dags/example_dynamic_task_mapping_with_no_taskflow_operators.py took 0.129 seconds
[2026-01-21T11:51:47.051+0000] {processor.py:161} INFO - Started process (PID=19816) to work on /home/airflow/.local/lib/python3.8/site-packages/airflow/example_dags/example_dynamic_task_mapping_with_no_taskflow_operators.py
[2026-01-21T11:51:47.053+0000] {processor.py:830} INFO - Processing file /home/airflow/.local/lib/python3.8/site-packages/airflow/example_dags/example_dynamic_task_mapping_with_no_taskflow_operators.py for tasks to queue
[2026-01-21T11:51:47.055+0000] {logging_mixin.py:188} INFO - [2026-01-21T11:51:47.054+0000] {dagbag.py:538} INFO - Filling up the DagBag from /home/airflow/.local/lib/python3.8/site-packages/airflow/example_dags/example_dynamic_task_mapping_with_no_taskflow_operators.py
[2026-01-21T11:51:47.063+0000] {processor.py:840} INFO - DAG(s) 'example_dynamic_task_mapping_with_no_taskflow_operators' retrieved from /home/airflow/.local/lib/python3.8/site-packages/airflow/example_dags/example_dynamic_task_mapping_with_no_taskflow_operators.py
[2026-01-21T11:51:47.091+0000] {logging_mixin.py:188} INFO - [2026-01-21T11:51:47.090+0000] {dag.py:3036} INFO - Sync 1 DAGs
[2026-01-21T11:51:47.123+0000] {logging_mixin.py:188} INFO - [2026-01-21T11:51:47.123+0000] {dag.py:3823} INFO - Setting next_dagrun for example_dynamic_task_mapping_with_no_taskflow_operators to 2026-01-20 00:00:00+00:00, run_after=2026-01-21 00:00:00+00:00
[2026-01-21T11:51:47.146+0000] {processor.py:183} INFO - Processing /home/airflow/.local/lib/python3.8/site-packages/airflow/example_dags/example_dynamic_task_mapping_with_no_taskflow_operators.py took 0.099 seconds
[2026-01-21T11:52:17.606+0000] {processor.py:161} INFO - Started process (PID=19881) to work on /home/airflow/.local/lib/python3.8/site-packages/airflow/example_dags/example_dynamic_task_mapping_with_no_taskflow_operators.py
[2026-01-21T11:52:17.607+0000] {processor.py:830} INFO - Processing file /home/airflow/.local/lib/python3.8/site-packages/airflow/example_dags/example_dynamic_task_mapping_with_no_taskflow_operators.py for tasks to queue
[2026-01-21T11:52:17.610+0000] {logging_mixin.py:188} INFO - [2026-01-21T11:52:17.610+0000] {dagbag.py:538} INFO - Filling up the DagBag from /home/airflow/.local/lib/python3.8/site-packages/airflow/example_dags/example_dynamic_task_mapping_with_no_taskflow_operators.py
[2026-01-21T11:52:17.618+0000] {processor.py:840} INFO - DAG(s) 'example_dynamic_task_mapping_with_no_taskflow_operators' retrieved from /home/airflow/.local/lib/python3.8/site-packages/airflow/example_dags/example_dynamic_task_mapping_with_no_taskflow_operators.py
[2026-01-21T11:52:17.647+0000] {logging_mixin.py:188} INFO - [2026-01-21T11:52:17.646+0000] {dag.py:3036} INFO - Sync 1 DAGs
[2026-01-21T11:52:17.679+0000] {logging_mixin.py:188} INFO - [2026-01-21T11:52:17.679+0000] {dag.py:3823} INFO - Setting next_dagrun for example_dynamic_task_mapping_with_no_taskflow_operators to 2026-01-20 00:00:00+00:00, run_after=2026-01-21 00:00:00+00:00
[2026-01-21T11:52:17.702+0000] {processor.py:183} INFO - Processing /home/airflow/.local/lib/python3.8/site-packages/airflow/example_dags/example_dynamic_task_mapping_with_no_taskflow_operators.py took 0.102 seconds
[2026-01-21T11:52:48.422+0000] {processor.py:161} INFO - Started process (PID=19946) to work on /home/airflow/.local/lib/python3.8/site-packages/airflow/example_dags/example_dynamic_task_mapping_with_no_taskflow_operators.py
[2026-01-21T11:52:48.433+0000] {processor.py:830} INFO - Processing file /home/airflow/.local/lib/python3.8/site-packages/airflow/example_dags/example_dynamic_task_mapping_with_no_taskflow_operators.py for tasks to queue
[2026-01-21T11:52:48.436+0000] {logging_mixin.py:188} INFO - [2026-01-21T11:52:48.435+0000] {dagbag.py:538} INFO - Filling up the DagBag from /home/airflow/.local/lib/python3.8/site-packages/airflow/example_dags/example_dynamic_task_mapping_with_no_taskflow_operators.py
[2026-01-21T11:52:48.478+0000] {processor.py:840} INFO - DAG(s) 'example_dynamic_task_mapping_with_no_taskflow_operators' retrieved from /home/airflow/.local/lib/python3.8/site-packages/airflow/example_dags/example_dynamic_task_mapping_with_no_taskflow_operators.py
[2026-01-21T11:52:48.518+0000] {logging_mixin.py:188} INFO - [2026-01-21T11:52:48.517+0000] {dag.py:3036} INFO - Sync 1 DAGs
[2026-01-21T11:52:48.785+0000] {logging_mixin.py:188} INFO - [2026-01-21T11:52:48.784+0000] {dag.py:3823} INFO - Setting next_dagrun for example_dynamic_task_mapping_with_no_taskflow_operators to 2026-01-20 00:00:00+00:00, run_after=2026-01-21 00:00:00+00:00
[2026-01-21T11:52:48.815+0000] {processor.py:183} INFO - Processing /home/airflow/.local/lib/python3.8/site-packages/airflow/example_dags/example_dynamic_task_mapping_with_no_taskflow_operators.py took 0.399 seconds
[2026-01-21T11:53:19.015+0000] {processor.py:161} INFO - Started process (PID=20011) to work on /home/airflow/.local/lib/python3.8/site-packages/airflow/example_dags/example_dynamic_task_mapping_with_no_taskflow_operators.py
[2026-01-21T11:53:19.016+0000] {processor.py:830} INFO - Processing file /home/airflow/.local/lib/python3.8/site-packages/airflow/example_dags/example_dynamic_task_mapping_with_no_taskflow_operators.py for tasks to queue
[2026-01-21T11:53:19.018+0000] {logging_mixin.py:188} INFO - [2026-01-21T11:53:19.018+0000] {dagbag.py:538} INFO - Filling up the DagBag from /home/airflow/.local/lib/python3.8/site-packages/airflow/example_dags/example_dynamic_task_mapping_with_no_taskflow_operators.py
[2026-01-21T11:53:19.028+0000] {processor.py:840} INFO - DAG(s) 'example_dynamic_task_mapping_with_no_taskflow_operators' retrieved from /home/airflow/.local/lib/python3.8/site-packages/airflow/example_dags/example_dynamic_task_mapping_with_no_taskflow_operators.py
[2026-01-21T11:53:19.056+0000] {logging_mixin.py:188} INFO - [2026-01-21T11:53:19.056+0000] {dag.py:3036} INFO - Sync 1 DAGs
[2026-01-21T11:53:19.259+0000] {logging_mixin.py:188} INFO - [2026-01-21T11:53:19.259+0000] {dag.py:3823} INFO - Setting next_dagrun for example_dynamic_task_mapping_with_no_taskflow_operators to 2026-01-20 00:00:00+00:00, run_after=2026-01-21 00:00:00+00:00
[2026-01-21T11:53:19.280+0000] {processor.py:183} INFO - Processing /home/airflow/.local/lib/python3.8/site-packages/airflow/example_dags/example_dynamic_task_mapping_with_no_taskflow_operators.py took 0.270 seconds
[2026-01-21T11:53:49.842+0000] {processor.py:161} INFO - Started process (PID=20084) to work on /home/airflow/.local/lib/python3.8/site-packages/airflow/example_dags/example_dynamic_task_mapping_with_no_taskflow_operators.py
[2026-01-21T11:53:49.844+0000] {processor.py:830} INFO - Processing file /home/airflow/.local/lib/python3.8/site-packages/airflow/example_dags/example_dynamic_task_mapping_with_no_taskflow_operators.py for tasks to queue
[2026-01-21T11:53:49.846+0000] {logging_mixin.py:188} INFO - [2026-01-21T11:53:49.846+0000] {dagbag.py:538} INFO - Filling up the DagBag from /home/airflow/.local/lib/python3.8/site-packages/airflow/example_dags/example_dynamic_task_mapping_with_no_taskflow_operators.py
[2026-01-21T11:53:49.854+0000] {processor.py:840} INFO - DAG(s) 'example_dynamic_task_mapping_with_no_taskflow_operators' retrieved from /home/airflow/.local/lib/python3.8/site-packages/airflow/example_dags/example_dynamic_task_mapping_with_no_taskflow_operators.py
[2026-01-21T11:53:49.883+0000] {logging_mixin.py:188} INFO - [2026-01-21T11:53:49.883+0000] {dag.py:3036} INFO - Sync 1 DAGs
[2026-01-21T11:53:50.079+0000] {logging_mixin.py:188} INFO - [2026-01-21T11:53:50.079+0000] {dag.py:3823} INFO - Setting next_dagrun for example_dynamic_task_mapping_with_no_taskflow_operators to 2026-01-20 00:00:00+00:00, run_after=2026-01-21 00:00:00+00:00
[2026-01-21T11:53:50.101+0000] {processor.py:183} INFO - Processing /home/airflow/.local/lib/python3.8/site-packages/airflow/example_dags/example_dynamic_task_mapping_with_no_taskflow_operators.py took 0.265 seconds
[2026-01-21T11:54:20.314+0000] {processor.py:161} INFO - Started process (PID=20151) to work on /home/airflow/.local/lib/python3.8/site-packages/airflow/example_dags/example_dynamic_task_mapping_with_no_taskflow_operators.py
[2026-01-21T11:54:20.315+0000] {processor.py:830} INFO - Processing file /home/airflow/.local/lib/python3.8/site-packages/airflow/example_dags/example_dynamic_task_mapping_with_no_taskflow_operators.py for tasks to queue
[2026-01-21T11:54:20.318+0000] {logging_mixin.py:188} INFO - [2026-01-21T11:54:20.317+0000] {dagbag.py:538} INFO - Filling up the DagBag from /home/airflow/.local/lib/python3.8/site-packages/airflow/example_dags/example_dynamic_task_mapping_with_no_taskflow_operators.py
[2026-01-21T11:54:20.326+0000] {processor.py:840} INFO - DAG(s) 'example_dynamic_task_mapping_with_no_taskflow_operators' retrieved from /home/airflow/.local/lib/python3.8/site-packages/airflow/example_dags/example_dynamic_task_mapping_with_no_taskflow_operators.py
[2026-01-21T11:54:20.362+0000] {logging_mixin.py:188} INFO - [2026-01-21T11:54:20.362+0000] {dag.py:3036} INFO - Sync 1 DAGs
[2026-01-21T11:54:20.407+0000] {logging_mixin.py:188} INFO - [2026-01-21T11:54:20.407+0000] {dag.py:3823} INFO - Setting next_dagrun for example_dynamic_task_mapping_with_no_taskflow_operators to 2026-01-20 00:00:00+00:00, run_after=2026-01-21 00:00:00+00:00
[2026-01-21T11:54:20.440+0000] {processor.py:183} INFO - Processing /home/airflow/.local/lib/python3.8/site-packages/airflow/example_dags/example_dynamic_task_mapping_with_no_taskflow_operators.py took 0.131 seconds
[2026-01-21T11:54:50.603+0000] {processor.py:161} INFO - Started process (PID=20217) to work on /home/airflow/.local/lib/python3.8/site-packages/airflow/example_dags/example_dynamic_task_mapping_with_no_taskflow_operators.py
[2026-01-21T11:54:50.605+0000] {processor.py:830} INFO - Processing file /home/airflow/.local/lib/python3.8/site-packages/airflow/example_dags/example_dynamic_task_mapping_with_no_taskflow_operators.py for tasks to queue
[2026-01-21T11:54:50.607+0000] {logging_mixin.py:188} INFO - [2026-01-21T11:54:50.606+0000] {dagbag.py:538} INFO - Filling up the DagBag from /home/airflow/.local/lib/python3.8/site-packages/airflow/example_dags/example_dynamic_task_mapping_with_no_taskflow_operators.py
[2026-01-21T11:54:50.615+0000] {processor.py:840} INFO - DAG(s) 'example_dynamic_task_mapping_with_no_taskflow_operators' retrieved from /home/airflow/.local/lib/python3.8/site-packages/airflow/example_dags/example_dynamic_task_mapping_with_no_taskflow_operators.py
[2026-01-21T11:54:50.644+0000] {logging_mixin.py:188} INFO - [2026-01-21T11:54:50.644+0000] {dag.py:3036} INFO - Sync 1 DAGs
[2026-01-21T11:54:50.680+0000] {logging_mixin.py:188} INFO - [2026-01-21T11:54:50.680+0000] {dag.py:3823} INFO - Setting next_dagrun for example_dynamic_task_mapping_with_no_taskflow_operators to 2026-01-20 00:00:00+00:00, run_after=2026-01-21 00:00:00+00:00
[2026-01-21T11:54:50.707+0000] {processor.py:183} INFO - Processing /home/airflow/.local/lib/python3.8/site-packages/airflow/example_dags/example_dynamic_task_mapping_with_no_taskflow_operators.py took 0.109 seconds
[2026-01-21T11:55:21.560+0000] {processor.py:161} INFO - Started process (PID=20282) to work on /home/airflow/.local/lib/python3.8/site-packages/airflow/example_dags/example_dynamic_task_mapping_with_no_taskflow_operators.py
[2026-01-21T11:55:21.562+0000] {processor.py:830} INFO - Processing file /home/airflow/.local/lib/python3.8/site-packages/airflow/example_dags/example_dynamic_task_mapping_with_no_taskflow_operators.py for tasks to queue
[2026-01-21T11:55:21.564+0000] {logging_mixin.py:188} INFO - [2026-01-21T11:55:21.564+0000] {dagbag.py:538} INFO - Filling up the DagBag from /home/airflow/.local/lib/python3.8/site-packages/airflow/example_dags/example_dynamic_task_mapping_with_no_taskflow_operators.py
[2026-01-21T11:55:21.573+0000] {processor.py:840} INFO - DAG(s) 'example_dynamic_task_mapping_with_no_taskflow_operators' retrieved from /home/airflow/.local/lib/python3.8/site-packages/airflow/example_dags/example_dynamic_task_mapping_with_no_taskflow_operators.py
[2026-01-21T11:55:21.621+0000] {logging_mixin.py:188} INFO - [2026-01-21T11:55:21.621+0000] {dag.py:3036} INFO - Sync 1 DAGs
[2026-01-21T11:55:21.665+0000] {logging_mixin.py:188} INFO - [2026-01-21T11:55:21.664+0000] {dag.py:3823} INFO - Setting next_dagrun for example_dynamic_task_mapping_with_no_taskflow_operators to 2026-01-20 00:00:00+00:00, run_after=2026-01-21 00:00:00+00:00
[2026-01-21T11:55:21.701+0000] {processor.py:183} INFO - Processing /home/airflow/.local/lib/python3.8/site-packages/airflow/example_dags/example_dynamic_task_mapping_with_no_taskflow_operators.py took 0.147 seconds
[2026-01-21T11:55:51.793+0000] {processor.py:161} INFO - Started process (PID=20346) to work on /home/airflow/.local/lib/python3.8/site-packages/airflow/example_dags/example_dynamic_task_mapping_with_no_taskflow_operators.py
[2026-01-21T11:55:51.794+0000] {processor.py:830} INFO - Processing file /home/airflow/.local/lib/python3.8/site-packages/airflow/example_dags/example_dynamic_task_mapping_with_no_taskflow_operators.py for tasks to queue
[2026-01-21T11:55:51.796+0000] {logging_mixin.py:188} INFO - [2026-01-21T11:55:51.796+0000] {dagbag.py:538} INFO - Filling up the DagBag from /home/airflow/.local/lib/python3.8/site-packages/airflow/example_dags/example_dynamic_task_mapping_with_no_taskflow_operators.py
[2026-01-21T11:55:51.805+0000] {processor.py:840} INFO - DAG(s) 'example_dynamic_task_mapping_with_no_taskflow_operators' retrieved from /home/airflow/.local/lib/python3.8/site-packages/airflow/example_dags/example_dynamic_task_mapping_with_no_taskflow_operators.py
[2026-01-21T11:55:51.833+0000] {logging_mixin.py:188} INFO - [2026-01-21T11:55:51.832+0000] {dag.py:3036} INFO - Sync 1 DAGs
[2026-01-21T11:55:51.863+0000] {logging_mixin.py:188} INFO - [2026-01-21T11:55:51.863+0000] {dag.py:3823} INFO - Setting next_dagrun for example_dynamic_task_mapping_with_no_taskflow_operators to 2026-01-20 00:00:00+00:00, run_after=2026-01-21 00:00:00+00:00
[2026-01-21T11:55:51.887+0000] {processor.py:183} INFO - Processing /home/airflow/.local/lib/python3.8/site-packages/airflow/example_dags/example_dynamic_task_mapping_with_no_taskflow_operators.py took 0.098 seconds
[2026-01-21T11:56:22.224+0000] {processor.py:161} INFO - Started process (PID=20412) to work on /home/airflow/.local/lib/python3.8/site-packages/airflow/example_dags/example_dynamic_task_mapping_with_no_taskflow_operators.py
[2026-01-21T11:56:22.226+0000] {processor.py:830} INFO - Processing file /home/airflow/.local/lib/python3.8/site-packages/airflow/example_dags/example_dynamic_task_mapping_with_no_taskflow_operators.py for tasks to queue
[2026-01-21T11:56:22.228+0000] {logging_mixin.py:188} INFO - [2026-01-21T11:56:22.228+0000] {dagbag.py:538} INFO - Filling up the DagBag from /home/airflow/.local/lib/python3.8/site-packages/airflow/example_dags/example_dynamic_task_mapping_with_no_taskflow_operators.py
[2026-01-21T11:56:22.236+0000] {processor.py:840} INFO - DAG(s) 'example_dynamic_task_mapping_with_no_taskflow_operators' retrieved from /home/airflow/.local/lib/python3.8/site-packages/airflow/example_dags/example_dynamic_task_mapping_with_no_taskflow_operators.py
[2026-01-21T11:56:22.265+0000] {logging_mixin.py:188} INFO - [2026-01-21T11:56:22.264+0000] {dag.py:3036} INFO - Sync 1 DAGs
[2026-01-21T11:56:22.296+0000] {logging_mixin.py:188} INFO - [2026-01-21T11:56:22.296+0000] {dag.py:3823} INFO - Setting next_dagrun for example_dynamic_task_mapping_with_no_taskflow_operators to 2026-01-20 00:00:00+00:00, run_after=2026-01-21 00:00:00+00:00
[2026-01-21T11:56:22.322+0000] {processor.py:183} INFO - Processing /home/airflow/.local/lib/python3.8/site-packages/airflow/example_dags/example_dynamic_task_mapping_with_no_taskflow_operators.py took 0.102 seconds
[2026-01-21T11:56:52.857+0000] {processor.py:161} INFO - Started process (PID=20484) to work on /home/airflow/.local/lib/python3.8/site-packages/airflow/example_dags/example_dynamic_task_mapping_with_no_taskflow_operators.py
[2026-01-21T11:56:52.858+0000] {processor.py:830} INFO - Processing file /home/airflow/.local/lib/python3.8/site-packages/airflow/example_dags/example_dynamic_task_mapping_with_no_taskflow_operators.py for tasks to queue
[2026-01-21T11:56:52.860+0000] {logging_mixin.py:188} INFO - [2026-01-21T11:56:52.860+0000] {dagbag.py:538} INFO - Filling up the DagBag from /home/airflow/.local/lib/python3.8/site-packages/airflow/example_dags/example_dynamic_task_mapping_with_no_taskflow_operators.py
[2026-01-21T11:56:52.871+0000] {processor.py:840} INFO - DAG(s) 'example_dynamic_task_mapping_with_no_taskflow_operators' retrieved from /home/airflow/.local/lib/python3.8/site-packages/airflow/example_dags/example_dynamic_task_mapping_with_no_taskflow_operators.py
[2026-01-21T11:56:52.906+0000] {logging_mixin.py:188} INFO - [2026-01-21T11:56:52.906+0000] {dag.py:3036} INFO - Sync 1 DAGs
[2026-01-21T11:56:52.944+0000] {logging_mixin.py:188} INFO - [2026-01-21T11:56:52.943+0000] {dag.py:3823} INFO - Setting next_dagrun for example_dynamic_task_mapping_with_no_taskflow_operators to 2026-01-20 00:00:00+00:00, run_after=2026-01-21 00:00:00+00:00
[2026-01-21T11:56:52.971+0000] {processor.py:183} INFO - Processing /home/airflow/.local/lib/python3.8/site-packages/airflow/example_dags/example_dynamic_task_mapping_with_no_taskflow_operators.py took 0.119 seconds
[2026-01-21T11:57:23.589+0000] {processor.py:161} INFO - Started process (PID=20551) to work on /home/airflow/.local/lib/python3.8/site-packages/airflow/example_dags/example_dynamic_task_mapping_with_no_taskflow_operators.py
[2026-01-21T11:57:23.591+0000] {processor.py:830} INFO - Processing file /home/airflow/.local/lib/python3.8/site-packages/airflow/example_dags/example_dynamic_task_mapping_with_no_taskflow_operators.py for tasks to queue
[2026-01-21T11:57:23.594+0000] {logging_mixin.py:188} INFO - [2026-01-21T11:57:23.594+0000] {dagbag.py:538} INFO - Filling up the DagBag from /home/airflow/.local/lib/python3.8/site-packages/airflow/example_dags/example_dynamic_task_mapping_with_no_taskflow_operators.py
[2026-01-21T11:57:23.604+0000] {processor.py:840} INFO - DAG(s) 'example_dynamic_task_mapping_with_no_taskflow_operators' retrieved from /home/airflow/.local/lib/python3.8/site-packages/airflow/example_dags/example_dynamic_task_mapping_with_no_taskflow_operators.py
[2026-01-21T11:57:23.640+0000] {logging_mixin.py:188} INFO - [2026-01-21T11:57:23.639+0000] {dag.py:3036} INFO - Sync 1 DAGs
[2026-01-21T11:57:23.683+0000] {logging_mixin.py:188} INFO - [2026-01-21T11:57:23.682+0000] {dag.py:3823} INFO - Setting next_dagrun for example_dynamic_task_mapping_with_no_taskflow_operators to 2026-01-20 00:00:00+00:00, run_after=2026-01-21 00:00:00+00:00
[2026-01-21T11:57:23.714+0000] {processor.py:183} INFO - Processing /home/airflow/.local/lib/python3.8/site-packages/airflow/example_dags/example_dynamic_task_mapping_with_no_taskflow_operators.py took 0.130 seconds
[2026-01-21T11:57:54.028+0000] {processor.py:161} INFO - Started process (PID=20616) to work on /home/airflow/.local/lib/python3.8/site-packages/airflow/example_dags/example_dynamic_task_mapping_with_no_taskflow_operators.py
[2026-01-21T11:57:54.029+0000] {processor.py:830} INFO - Processing file /home/airflow/.local/lib/python3.8/site-packages/airflow/example_dags/example_dynamic_task_mapping_with_no_taskflow_operators.py for tasks to queue
[2026-01-21T11:57:54.031+0000] {logging_mixin.py:188} INFO - [2026-01-21T11:57:54.031+0000] {dagbag.py:538} INFO - Filling up the DagBag from /home/airflow/.local/lib/python3.8/site-packages/airflow/example_dags/example_dynamic_task_mapping_with_no_taskflow_operators.py
[2026-01-21T11:57:54.040+0000] {processor.py:840} INFO - DAG(s) 'example_dynamic_task_mapping_with_no_taskflow_operators' retrieved from /home/airflow/.local/lib/python3.8/site-packages/airflow/example_dags/example_dynamic_task_mapping_with_no_taskflow_operators.py
[2026-01-21T11:57:54.069+0000] {logging_mixin.py:188} INFO - [2026-01-21T11:57:54.069+0000] {dag.py:3036} INFO - Sync 1 DAGs
[2026-01-21T11:57:54.105+0000] {logging_mixin.py:188} INFO - [2026-01-21T11:57:54.104+0000] {dag.py:3823} INFO - Setting next_dagrun for example_dynamic_task_mapping_with_no_taskflow_operators to 2026-01-20 00:00:00+00:00, run_after=2026-01-21 00:00:00+00:00
[2026-01-21T11:57:54.130+0000] {processor.py:183} INFO - Processing /home/airflow/.local/lib/python3.8/site-packages/airflow/example_dags/example_dynamic_task_mapping_with_no_taskflow_operators.py took 0.108 seconds
[2026-01-21T11:58:24.628+0000] {processor.py:161} INFO - Started process (PID=20680) to work on /home/airflow/.local/lib/python3.8/site-packages/airflow/example_dags/example_dynamic_task_mapping_with_no_taskflow_operators.py
[2026-01-21T11:58:24.630+0000] {processor.py:830} INFO - Processing file /home/airflow/.local/lib/python3.8/site-packages/airflow/example_dags/example_dynamic_task_mapping_with_no_taskflow_operators.py for tasks to queue
[2026-01-21T11:58:24.632+0000] {logging_mixin.py:188} INFO - [2026-01-21T11:58:24.632+0000] {dagbag.py:538} INFO - Filling up the DagBag from /home/airflow/.local/lib/python3.8/site-packages/airflow/example_dags/example_dynamic_task_mapping_with_no_taskflow_operators.py
[2026-01-21T11:58:24.640+0000] {processor.py:840} INFO - DAG(s) 'example_dynamic_task_mapping_with_no_taskflow_operators' retrieved from /home/airflow/.local/lib/python3.8/site-packages/airflow/example_dags/example_dynamic_task_mapping_with_no_taskflow_operators.py
[2026-01-21T11:58:24.672+0000] {logging_mixin.py:188} INFO - [2026-01-21T11:58:24.672+0000] {dag.py:3036} INFO - Sync 1 DAGs
[2026-01-21T11:58:24.713+0000] {logging_mixin.py:188} INFO - [2026-01-21T11:58:24.713+0000] {dag.py:3823} INFO - Setting next_dagrun for example_dynamic_task_mapping_with_no_taskflow_operators to 2026-01-20 00:00:00+00:00, run_after=2026-01-21 00:00:00+00:00
[2026-01-21T11:58:24.746+0000] {processor.py:183} INFO - Processing /home/airflow/.local/lib/python3.8/site-packages/airflow/example_dags/example_dynamic_task_mapping_with_no_taskflow_operators.py took 0.122 seconds
[2026-01-21T11:58:55.469+0000] {processor.py:161} INFO - Started process (PID=20746) to work on /home/airflow/.local/lib/python3.8/site-packages/airflow/example_dags/example_dynamic_task_mapping_with_no_taskflow_operators.py
[2026-01-21T11:58:55.470+0000] {processor.py:830} INFO - Processing file /home/airflow/.local/lib/python3.8/site-packages/airflow/example_dags/example_dynamic_task_mapping_with_no_taskflow_operators.py for tasks to queue
[2026-01-21T11:58:55.472+0000] {logging_mixin.py:188} INFO - [2026-01-21T11:58:55.472+0000] {dagbag.py:538} INFO - Filling up the DagBag from /home/airflow/.local/lib/python3.8/site-packages/airflow/example_dags/example_dynamic_task_mapping_with_no_taskflow_operators.py
[2026-01-21T11:58:55.480+0000] {processor.py:840} INFO - DAG(s) 'example_dynamic_task_mapping_with_no_taskflow_operators' retrieved from /home/airflow/.local/lib/python3.8/site-packages/airflow/example_dags/example_dynamic_task_mapping_with_no_taskflow_operators.py
[2026-01-21T11:58:55.512+0000] {logging_mixin.py:188} INFO - [2026-01-21T11:58:55.511+0000] {dag.py:3036} INFO - Sync 1 DAGs
[2026-01-21T11:58:55.546+0000] {logging_mixin.py:188} INFO - [2026-01-21T11:58:55.545+0000] {dag.py:3823} INFO - Setting next_dagrun for example_dynamic_task_mapping_with_no_taskflow_operators to 2026-01-20 00:00:00+00:00, run_after=2026-01-21 00:00:00+00:00
[2026-01-21T11:58:55.572+0000] {processor.py:183} INFO - Processing /home/airflow/.local/lib/python3.8/site-packages/airflow/example_dags/example_dynamic_task_mapping_with_no_taskflow_operators.py took 0.108 seconds
[2026-01-21T11:59:25.839+0000] {processor.py:161} INFO - Started process (PID=20811) to work on /home/airflow/.local/lib/python3.8/site-packages/airflow/example_dags/example_dynamic_task_mapping_with_no_taskflow_operators.py
[2026-01-21T11:59:25.841+0000] {processor.py:830} INFO - Processing file /home/airflow/.local/lib/python3.8/site-packages/airflow/example_dags/example_dynamic_task_mapping_with_no_taskflow_operators.py for tasks to queue
[2026-01-21T11:59:25.843+0000] {logging_mixin.py:188} INFO - [2026-01-21T11:59:25.843+0000] {dagbag.py:538} INFO - Filling up the DagBag from /home/airflow/.local/lib/python3.8/site-packages/airflow/example_dags/example_dynamic_task_mapping_with_no_taskflow_operators.py
[2026-01-21T11:59:25.851+0000] {processor.py:840} INFO - DAG(s) 'example_dynamic_task_mapping_with_no_taskflow_operators' retrieved from /home/airflow/.local/lib/python3.8/site-packages/airflow/example_dags/example_dynamic_task_mapping_with_no_taskflow_operators.py
[2026-01-21T11:59:25.881+0000] {logging_mixin.py:188} INFO - [2026-01-21T11:59:25.880+0000] {dag.py:3036} INFO - Sync 1 DAGs
[2026-01-21T11:59:25.920+0000] {logging_mixin.py:188} INFO - [2026-01-21T11:59:25.920+0000] {dag.py:3823} INFO - Setting next_dagrun for example_dynamic_task_mapping_with_no_taskflow_operators to 2026-01-20 00:00:00+00:00, run_after=2026-01-21 00:00:00+00:00
[2026-01-21T11:59:25.947+0000] {processor.py:183} INFO - Processing /home/airflow/.local/lib/python3.8/site-packages/airflow/example_dags/example_dynamic_task_mapping_with_no_taskflow_operators.py took 0.113 seconds
[2026-01-21T11:59:56.033+0000] {processor.py:161} INFO - Started process (PID=20878) to work on /home/airflow/.local/lib/python3.8/site-packages/airflow/example_dags/example_dynamic_task_mapping_with_no_taskflow_operators.py
[2026-01-21T11:59:56.034+0000] {processor.py:830} INFO - Processing file /home/airflow/.local/lib/python3.8/site-packages/airflow/example_dags/example_dynamic_task_mapping_with_no_taskflow_operators.py for tasks to queue
[2026-01-21T11:59:56.036+0000] {logging_mixin.py:188} INFO - [2026-01-21T11:59:56.036+0000] {dagbag.py:538} INFO - Filling up the DagBag from /home/airflow/.local/lib/python3.8/site-packages/airflow/example_dags/example_dynamic_task_mapping_with_no_taskflow_operators.py
[2026-01-21T11:59:56.044+0000] {processor.py:840} INFO - DAG(s) 'example_dynamic_task_mapping_with_no_taskflow_operators' retrieved from /home/airflow/.local/lib/python3.8/site-packages/airflow/example_dags/example_dynamic_task_mapping_with_no_taskflow_operators.py
[2026-01-21T11:59:56.070+0000] {logging_mixin.py:188} INFO - [2026-01-21T11:59:56.070+0000] {dag.py:3036} INFO - Sync 1 DAGs
[2026-01-21T11:59:56.101+0000] {logging_mixin.py:188} INFO - [2026-01-21T11:59:56.101+0000] {dag.py:3823} INFO - Setting next_dagrun for example_dynamic_task_mapping_with_no_taskflow_operators to 2026-01-20 00:00:00+00:00, run_after=2026-01-21 00:00:00+00:00
[2026-01-21T11:59:56.125+0000] {processor.py:183} INFO - Processing /home/airflow/.local/lib/python3.8/site-packages/airflow/example_dags/example_dynamic_task_mapping_with_no_taskflow_operators.py took 0.096 seconds
[2026-01-21T12:00:26.549+0000] {processor.py:161} INFO - Started process (PID=20944) to work on /home/airflow/.local/lib/python3.8/site-packages/airflow/example_dags/example_dynamic_task_mapping_with_no_taskflow_operators.py
[2026-01-21T12:00:26.551+0000] {processor.py:830} INFO - Processing file /home/airflow/.local/lib/python3.8/site-packages/airflow/example_dags/example_dynamic_task_mapping_with_no_taskflow_operators.py for tasks to queue
[2026-01-21T12:00:26.553+0000] {logging_mixin.py:188} INFO - [2026-01-21T12:00:26.553+0000] {dagbag.py:538} INFO - Filling up the DagBag from /home/airflow/.local/lib/python3.8/site-packages/airflow/example_dags/example_dynamic_task_mapping_with_no_taskflow_operators.py
[2026-01-21T12:00:26.562+0000] {processor.py:840} INFO - DAG(s) 'example_dynamic_task_mapping_with_no_taskflow_operators' retrieved from /home/airflow/.local/lib/python3.8/site-packages/airflow/example_dags/example_dynamic_task_mapping_with_no_taskflow_operators.py
[2026-01-21T12:00:26.592+0000] {logging_mixin.py:188} INFO - [2026-01-21T12:00:26.591+0000] {dag.py:3036} INFO - Sync 1 DAGs
[2026-01-21T12:00:26.626+0000] {logging_mixin.py:188} INFO - [2026-01-21T12:00:26.625+0000] {dag.py:3823} INFO - Setting next_dagrun for example_dynamic_task_mapping_with_no_taskflow_operators to 2026-01-20 00:00:00+00:00, run_after=2026-01-21 00:00:00+00:00
[2026-01-21T12:00:26.652+0000] {processor.py:183} INFO - Processing /home/airflow/.local/lib/python3.8/site-packages/airflow/example_dags/example_dynamic_task_mapping_with_no_taskflow_operators.py took 0.108 seconds
[2026-01-21T12:00:56.899+0000] {processor.py:161} INFO - Started process (PID=21010) to work on /home/airflow/.local/lib/python3.8/site-packages/airflow/example_dags/example_dynamic_task_mapping_with_no_taskflow_operators.py
[2026-01-21T12:00:56.901+0000] {processor.py:830} INFO - Processing file /home/airflow/.local/lib/python3.8/site-packages/airflow/example_dags/example_dynamic_task_mapping_with_no_taskflow_operators.py for tasks to queue
[2026-01-21T12:00:56.903+0000] {logging_mixin.py:188} INFO - [2026-01-21T12:00:56.903+0000] {dagbag.py:538} INFO - Filling up the DagBag from /home/airflow/.local/lib/python3.8/site-packages/airflow/example_dags/example_dynamic_task_mapping_with_no_taskflow_operators.py
[2026-01-21T12:00:56.913+0000] {processor.py:840} INFO - DAG(s) 'example_dynamic_task_mapping_with_no_taskflow_operators' retrieved from /home/airflow/.local/lib/python3.8/site-packages/airflow/example_dags/example_dynamic_task_mapping_with_no_taskflow_operators.py
[2026-01-21T12:00:56.947+0000] {logging_mixin.py:188} INFO - [2026-01-21T12:00:56.947+0000] {dag.py:3036} INFO - Sync 1 DAGs
[2026-01-21T12:00:56.989+0000] {logging_mixin.py:188} INFO - [2026-01-21T12:00:56.989+0000] {dag.py:3823} INFO - Setting next_dagrun for example_dynamic_task_mapping_with_no_taskflow_operators to 2026-01-20 00:00:00+00:00, run_after=2026-01-21 00:00:00+00:00
[2026-01-21T12:00:57.019+0000] {processor.py:183} INFO - Processing /home/airflow/.local/lib/python3.8/site-packages/airflow/example_dags/example_dynamic_task_mapping_with_no_taskflow_operators.py took 0.124 seconds
[2026-01-21T12:01:27.429+0000] {processor.py:161} INFO - Started process (PID=21084) to work on /home/airflow/.local/lib/python3.8/site-packages/airflow/example_dags/example_dynamic_task_mapping_with_no_taskflow_operators.py
[2026-01-21T12:01:27.431+0000] {processor.py:830} INFO - Processing file /home/airflow/.local/lib/python3.8/site-packages/airflow/example_dags/example_dynamic_task_mapping_with_no_taskflow_operators.py for tasks to queue
[2026-01-21T12:01:27.434+0000] {logging_mixin.py:188} INFO - [2026-01-21T12:01:27.433+0000] {dagbag.py:538} INFO - Filling up the DagBag from /home/airflow/.local/lib/python3.8/site-packages/airflow/example_dags/example_dynamic_task_mapping_with_no_taskflow_operators.py
[2026-01-21T12:01:27.442+0000] {processor.py:840} INFO - DAG(s) 'example_dynamic_task_mapping_with_no_taskflow_operators' retrieved from /home/airflow/.local/lib/python3.8/site-packages/airflow/example_dags/example_dynamic_task_mapping_with_no_taskflow_operators.py
[2026-01-21T12:01:27.476+0000] {logging_mixin.py:188} INFO - [2026-01-21T12:01:27.475+0000] {dag.py:3036} INFO - Sync 1 DAGs
[2026-01-21T12:01:27.518+0000] {logging_mixin.py:188} INFO - [2026-01-21T12:01:27.518+0000] {dag.py:3823} INFO - Setting next_dagrun for example_dynamic_task_mapping_with_no_taskflow_operators to 2026-01-20 00:00:00+00:00, run_after=2026-01-21 00:00:00+00:00
[2026-01-21T12:01:27.548+0000] {processor.py:183} INFO - Processing /home/airflow/.local/lib/python3.8/site-packages/airflow/example_dags/example_dynamic_task_mapping_with_no_taskflow_operators.py took 0.124 seconds
[2026-01-21T12:01:58.175+0000] {processor.py:161} INFO - Started process (PID=21148) to work on /home/airflow/.local/lib/python3.8/site-packages/airflow/example_dags/example_dynamic_task_mapping_with_no_taskflow_operators.py
[2026-01-21T12:01:58.176+0000] {processor.py:830} INFO - Processing file /home/airflow/.local/lib/python3.8/site-packages/airflow/example_dags/example_dynamic_task_mapping_with_no_taskflow_operators.py for tasks to queue
[2026-01-21T12:01:58.179+0000] {logging_mixin.py:188} INFO - [2026-01-21T12:01:58.178+0000] {dagbag.py:538} INFO - Filling up the DagBag from /home/airflow/.local/lib/python3.8/site-packages/airflow/example_dags/example_dynamic_task_mapping_with_no_taskflow_operators.py
[2026-01-21T12:01:58.187+0000] {processor.py:840} INFO - DAG(s) 'example_dynamic_task_mapping_with_no_taskflow_operators' retrieved from /home/airflow/.local/lib/python3.8/site-packages/airflow/example_dags/example_dynamic_task_mapping_with_no_taskflow_operators.py
[2026-01-21T12:01:58.215+0000] {logging_mixin.py:188} INFO - [2026-01-21T12:01:58.215+0000] {dag.py:3036} INFO - Sync 1 DAGs
[2026-01-21T12:01:58.248+0000] {logging_mixin.py:188} INFO - [2026-01-21T12:01:58.248+0000] {dag.py:3823} INFO - Setting next_dagrun for example_dynamic_task_mapping_with_no_taskflow_operators to 2026-01-20 00:00:00+00:00, run_after=2026-01-21 00:00:00+00:00
[2026-01-21T12:01:58.273+0000] {processor.py:183} INFO - Processing /home/airflow/.local/lib/python3.8/site-packages/airflow/example_dags/example_dynamic_task_mapping_with_no_taskflow_operators.py took 0.102 seconds
[2026-01-21T12:02:28.588+0000] {processor.py:161} INFO - Started process (PID=21213) to work on /home/airflow/.local/lib/python3.8/site-packages/airflow/example_dags/example_dynamic_task_mapping_with_no_taskflow_operators.py
[2026-01-21T12:02:28.590+0000] {processor.py:830} INFO - Processing file /home/airflow/.local/lib/python3.8/site-packages/airflow/example_dags/example_dynamic_task_mapping_with_no_taskflow_operators.py for tasks to queue
[2026-01-21T12:02:28.592+0000] {logging_mixin.py:188} INFO - [2026-01-21T12:02:28.592+0000] {dagbag.py:538} INFO - Filling up the DagBag from /home/airflow/.local/lib/python3.8/site-packages/airflow/example_dags/example_dynamic_task_mapping_with_no_taskflow_operators.py
[2026-01-21T12:02:28.600+0000] {processor.py:840} INFO - DAG(s) 'example_dynamic_task_mapping_with_no_taskflow_operators' retrieved from /home/airflow/.local/lib/python3.8/site-packages/airflow/example_dags/example_dynamic_task_mapping_with_no_taskflow_operators.py
[2026-01-21T12:02:28.632+0000] {logging_mixin.py:188} INFO - [2026-01-21T12:02:28.632+0000] {dag.py:3036} INFO - Sync 1 DAGs
[2026-01-21T12:02:28.679+0000] {logging_mixin.py:188} INFO - [2026-01-21T12:02:28.678+0000] {dag.py:3823} INFO - Setting next_dagrun for example_dynamic_task_mapping_with_no_taskflow_operators to 2026-01-20 00:00:00+00:00, run_after=2026-01-21 00:00:00+00:00
[2026-01-21T12:02:28.705+0000] {processor.py:183} INFO - Processing /home/airflow/.local/lib/python3.8/site-packages/airflow/example_dags/example_dynamic_task_mapping_with_no_taskflow_operators.py took 0.121 seconds
[2026-01-21T12:02:58.873+0000] {processor.py:161} INFO - Started process (PID=21279) to work on /home/airflow/.local/lib/python3.8/site-packages/airflow/example_dags/example_dynamic_task_mapping_with_no_taskflow_operators.py
[2026-01-21T12:02:58.875+0000] {processor.py:830} INFO - Processing file /home/airflow/.local/lib/python3.8/site-packages/airflow/example_dags/example_dynamic_task_mapping_with_no_taskflow_operators.py for tasks to queue
[2026-01-21T12:02:58.877+0000] {logging_mixin.py:188} INFO - [2026-01-21T12:02:58.877+0000] {dagbag.py:538} INFO - Filling up the DagBag from /home/airflow/.local/lib/python3.8/site-packages/airflow/example_dags/example_dynamic_task_mapping_with_no_taskflow_operators.py
[2026-01-21T12:02:58.886+0000] {processor.py:840} INFO - DAG(s) 'example_dynamic_task_mapping_with_no_taskflow_operators' retrieved from /home/airflow/.local/lib/python3.8/site-packages/airflow/example_dags/example_dynamic_task_mapping_with_no_taskflow_operators.py
[2026-01-21T12:02:58.914+0000] {logging_mixin.py:188} INFO - [2026-01-21T12:02:58.913+0000] {dag.py:3036} INFO - Sync 1 DAGs
[2026-01-21T12:02:58.945+0000] {logging_mixin.py:188} INFO - [2026-01-21T12:02:58.945+0000] {dag.py:3823} INFO - Setting next_dagrun for example_dynamic_task_mapping_with_no_taskflow_operators to 2026-01-20 00:00:00+00:00, run_after=2026-01-21 00:00:00+00:00
[2026-01-21T12:02:58.969+0000] {processor.py:183} INFO - Processing /home/airflow/.local/lib/python3.8/site-packages/airflow/example_dags/example_dynamic_task_mapping_with_no_taskflow_operators.py took 0.101 seconds
[2026-01-21T12:03:29.101+0000] {processor.py:161} INFO - Started process (PID=21344) to work on /home/airflow/.local/lib/python3.8/site-packages/airflow/example_dags/example_dynamic_task_mapping_with_no_taskflow_operators.py
[2026-01-21T12:03:29.103+0000] {processor.py:830} INFO - Processing file /home/airflow/.local/lib/python3.8/site-packages/airflow/example_dags/example_dynamic_task_mapping_with_no_taskflow_operators.py for tasks to queue
[2026-01-21T12:03:29.105+0000] {logging_mixin.py:188} INFO - [2026-01-21T12:03:29.105+0000] {dagbag.py:538} INFO - Filling up the DagBag from /home/airflow/.local/lib/python3.8/site-packages/airflow/example_dags/example_dynamic_task_mapping_with_no_taskflow_operators.py
[2026-01-21T12:03:29.113+0000] {processor.py:840} INFO - DAG(s) 'example_dynamic_task_mapping_with_no_taskflow_operators' retrieved from /home/airflow/.local/lib/python3.8/site-packages/airflow/example_dags/example_dynamic_task_mapping_with_no_taskflow_operators.py
[2026-01-21T12:03:29.144+0000] {logging_mixin.py:188} INFO - [2026-01-21T12:03:29.143+0000] {dag.py:3036} INFO - Sync 1 DAGs
[2026-01-21T12:03:29.179+0000] {logging_mixin.py:188} INFO - [2026-01-21T12:03:29.178+0000] {dag.py:3823} INFO - Setting next_dagrun for example_dynamic_task_mapping_with_no_taskflow_operators to 2026-01-20 00:00:00+00:00, run_after=2026-01-21 00:00:00+00:00
[2026-01-21T12:03:29.202+0000] {processor.py:183} INFO - Processing /home/airflow/.local/lib/python3.8/site-packages/airflow/example_dags/example_dynamic_task_mapping_with_no_taskflow_operators.py took 0.105 seconds
[2026-01-21T12:03:59.785+0000] {processor.py:161} INFO - Started process (PID=21411) to work on /home/airflow/.local/lib/python3.8/site-packages/airflow/example_dags/example_dynamic_task_mapping_with_no_taskflow_operators.py
[2026-01-21T12:03:59.787+0000] {processor.py:830} INFO - Processing file /home/airflow/.local/lib/python3.8/site-packages/airflow/example_dags/example_dynamic_task_mapping_with_no_taskflow_operators.py for tasks to queue
[2026-01-21T12:03:59.790+0000] {logging_mixin.py:188} INFO - [2026-01-21T12:03:59.789+0000] {dagbag.py:538} INFO - Filling up the DagBag from /home/airflow/.local/lib/python3.8/site-packages/airflow/example_dags/example_dynamic_task_mapping_with_no_taskflow_operators.py
[2026-01-21T12:03:59.798+0000] {processor.py:840} INFO - DAG(s) 'example_dynamic_task_mapping_with_no_taskflow_operators' retrieved from /home/airflow/.local/lib/python3.8/site-packages/airflow/example_dags/example_dynamic_task_mapping_with_no_taskflow_operators.py
[2026-01-21T12:03:59.830+0000] {logging_mixin.py:188} INFO - [2026-01-21T12:03:59.829+0000] {dag.py:3036} INFO - Sync 1 DAGs
[2026-01-21T12:03:59.866+0000] {logging_mixin.py:188} INFO - [2026-01-21T12:03:59.866+0000] {dag.py:3823} INFO - Setting next_dagrun for example_dynamic_task_mapping_with_no_taskflow_operators to 2026-01-20 00:00:00+00:00, run_after=2026-01-21 00:00:00+00:00
[2026-01-21T12:03:59.895+0000] {processor.py:183} INFO - Processing /home/airflow/.local/lib/python3.8/site-packages/airflow/example_dags/example_dynamic_task_mapping_with_no_taskflow_operators.py took 0.115 seconds
[2026-01-21T12:04:30.403+0000] {processor.py:161} INFO - Started process (PID=21484) to work on /home/airflow/.local/lib/python3.8/site-packages/airflow/example_dags/example_dynamic_task_mapping_with_no_taskflow_operators.py
[2026-01-21T12:04:30.405+0000] {processor.py:830} INFO - Processing file /home/airflow/.local/lib/python3.8/site-packages/airflow/example_dags/example_dynamic_task_mapping_with_no_taskflow_operators.py for tasks to queue
[2026-01-21T12:04:30.408+0000] {logging_mixin.py:188} INFO - [2026-01-21T12:04:30.407+0000] {dagbag.py:538} INFO - Filling up the DagBag from /home/airflow/.local/lib/python3.8/site-packages/airflow/example_dags/example_dynamic_task_mapping_with_no_taskflow_operators.py
[2026-01-21T12:04:30.418+0000] {processor.py:840} INFO - DAG(s) 'example_dynamic_task_mapping_with_no_taskflow_operators' retrieved from /home/airflow/.local/lib/python3.8/site-packages/airflow/example_dags/example_dynamic_task_mapping_with_no_taskflow_operators.py
[2026-01-21T12:04:30.453+0000] {logging_mixin.py:188} INFO - [2026-01-21T12:04:30.452+0000] {dag.py:3036} INFO - Sync 1 DAGs
[2026-01-21T12:04:30.495+0000] {logging_mixin.py:188} INFO - [2026-01-21T12:04:30.495+0000] {dag.py:3823} INFO - Setting next_dagrun for example_dynamic_task_mapping_with_no_taskflow_operators to 2026-01-20 00:00:00+00:00, run_after=2026-01-21 00:00:00+00:00
[2026-01-21T12:04:30.528+0000] {processor.py:183} INFO - Processing /home/airflow/.local/lib/python3.8/site-packages/airflow/example_dags/example_dynamic_task_mapping_with_no_taskflow_operators.py took 0.131 seconds
[2026-01-21T12:05:00.866+0000] {processor.py:161} INFO - Started process (PID=21550) to work on /home/airflow/.local/lib/python3.8/site-packages/airflow/example_dags/example_dynamic_task_mapping_with_no_taskflow_operators.py
[2026-01-21T12:05:00.867+0000] {processor.py:830} INFO - Processing file /home/airflow/.local/lib/python3.8/site-packages/airflow/example_dags/example_dynamic_task_mapping_with_no_taskflow_operators.py for tasks to queue
[2026-01-21T12:05:00.875+0000] {logging_mixin.py:188} INFO - [2026-01-21T12:05:00.874+0000] {dagbag.py:538} INFO - Filling up the DagBag from /home/airflow/.local/lib/python3.8/site-packages/airflow/example_dags/example_dynamic_task_mapping_with_no_taskflow_operators.py
[2026-01-21T12:05:00.884+0000] {processor.py:840} INFO - DAG(s) 'example_dynamic_task_mapping_with_no_taskflow_operators' retrieved from /home/airflow/.local/lib/python3.8/site-packages/airflow/example_dags/example_dynamic_task_mapping_with_no_taskflow_operators.py
[2026-01-21T12:05:00.920+0000] {logging_mixin.py:188} INFO - [2026-01-21T12:05:00.919+0000] {dag.py:3036} INFO - Sync 1 DAGs
[2026-01-21T12:05:00.960+0000] {logging_mixin.py:188} INFO - [2026-01-21T12:05:00.959+0000] {dag.py:3823} INFO - Setting next_dagrun for example_dynamic_task_mapping_with_no_taskflow_operators to 2026-01-20 00:00:00+00:00, run_after=2026-01-21 00:00:00+00:00
[2026-01-21T12:05:00.987+0000] {processor.py:183} INFO - Processing /home/airflow/.local/lib/python3.8/site-packages/airflow/example_dags/example_dynamic_task_mapping_with_no_taskflow_operators.py took 0.127 seconds
[2026-01-21T12:05:31.184+0000] {processor.py:161} INFO - Started process (PID=21616) to work on /home/airflow/.local/lib/python3.8/site-packages/airflow/example_dags/example_dynamic_task_mapping_with_no_taskflow_operators.py
[2026-01-21T12:05:31.186+0000] {processor.py:830} INFO - Processing file /home/airflow/.local/lib/python3.8/site-packages/airflow/example_dags/example_dynamic_task_mapping_with_no_taskflow_operators.py for tasks to queue
[2026-01-21T12:05:31.189+0000] {logging_mixin.py:188} INFO - [2026-01-21T12:05:31.189+0000] {dagbag.py:538} INFO - Filling up the DagBag from /home/airflow/.local/lib/python3.8/site-packages/airflow/example_dags/example_dynamic_task_mapping_with_no_taskflow_operators.py
[2026-01-21T12:05:31.199+0000] {processor.py:840} INFO - DAG(s) 'example_dynamic_task_mapping_with_no_taskflow_operators' retrieved from /home/airflow/.local/lib/python3.8/site-packages/airflow/example_dags/example_dynamic_task_mapping_with_no_taskflow_operators.py
[2026-01-21T12:05:31.234+0000] {logging_mixin.py:188} INFO - [2026-01-21T12:05:31.234+0000] {dag.py:3036} INFO - Sync 1 DAGs
[2026-01-21T12:05:31.276+0000] {logging_mixin.py:188} INFO - [2026-01-21T12:05:31.276+0000] {dag.py:3823} INFO - Setting next_dagrun for example_dynamic_task_mapping_with_no_taskflow_operators to 2026-01-20 00:00:00+00:00, run_after=2026-01-21 00:00:00+00:00
[2026-01-21T12:05:31.306+0000] {processor.py:183} INFO - Processing /home/airflow/.local/lib/python3.8/site-packages/airflow/example_dags/example_dynamic_task_mapping_with_no_taskflow_operators.py took 0.128 seconds
[2026-01-21T12:06:01.528+0000] {processor.py:161} INFO - Started process (PID=21682) to work on /home/airflow/.local/lib/python3.8/site-packages/airflow/example_dags/example_dynamic_task_mapping_with_no_taskflow_operators.py
[2026-01-21T12:06:01.530+0000] {processor.py:830} INFO - Processing file /home/airflow/.local/lib/python3.8/site-packages/airflow/example_dags/example_dynamic_task_mapping_with_no_taskflow_operators.py for tasks to queue
[2026-01-21T12:06:01.533+0000] {logging_mixin.py:188} INFO - [2026-01-21T12:06:01.532+0000] {dagbag.py:538} INFO - Filling up the DagBag from /home/airflow/.local/lib/python3.8/site-packages/airflow/example_dags/example_dynamic_task_mapping_with_no_taskflow_operators.py
[2026-01-21T12:06:01.543+0000] {processor.py:840} INFO - DAG(s) 'example_dynamic_task_mapping_with_no_taskflow_operators' retrieved from /home/airflow/.local/lib/python3.8/site-packages/airflow/example_dags/example_dynamic_task_mapping_with_no_taskflow_operators.py
[2026-01-21T12:06:01.578+0000] {logging_mixin.py:188} INFO - [2026-01-21T12:06:01.578+0000] {dag.py:3036} INFO - Sync 1 DAGs
[2026-01-21T12:06:01.620+0000] {logging_mixin.py:188} INFO - [2026-01-21T12:06:01.620+0000] {dag.py:3823} INFO - Setting next_dagrun for example_dynamic_task_mapping_with_no_taskflow_operators to 2026-01-20 00:00:00+00:00, run_after=2026-01-21 00:00:00+00:00
[2026-01-21T12:06:01.650+0000] {processor.py:183} INFO - Processing /home/airflow/.local/lib/python3.8/site-packages/airflow/example_dags/example_dynamic_task_mapping_with_no_taskflow_operators.py took 0.127 seconds
[2026-01-21T12:06:32.305+0000] {processor.py:161} INFO - Started process (PID=21748) to work on /home/airflow/.local/lib/python3.8/site-packages/airflow/example_dags/example_dynamic_task_mapping_with_no_taskflow_operators.py
[2026-01-21T12:06:32.307+0000] {processor.py:830} INFO - Processing file /home/airflow/.local/lib/python3.8/site-packages/airflow/example_dags/example_dynamic_task_mapping_with_no_taskflow_operators.py for tasks to queue
[2026-01-21T12:06:32.309+0000] {logging_mixin.py:188} INFO - [2026-01-21T12:06:32.309+0000] {dagbag.py:538} INFO - Filling up the DagBag from /home/airflow/.local/lib/python3.8/site-packages/airflow/example_dags/example_dynamic_task_mapping_with_no_taskflow_operators.py
[2026-01-21T12:06:32.317+0000] {processor.py:840} INFO - DAG(s) 'example_dynamic_task_mapping_with_no_taskflow_operators' retrieved from /home/airflow/.local/lib/python3.8/site-packages/airflow/example_dags/example_dynamic_task_mapping_with_no_taskflow_operators.py
[2026-01-21T12:06:32.344+0000] {logging_mixin.py:188} INFO - [2026-01-21T12:06:32.343+0000] {dag.py:3036} INFO - Sync 1 DAGs
[2026-01-21T12:06:32.375+0000] {logging_mixin.py:188} INFO - [2026-01-21T12:06:32.375+0000] {dag.py:3823} INFO - Setting next_dagrun for example_dynamic_task_mapping_with_no_taskflow_operators to 2026-01-20 00:00:00+00:00, run_after=2026-01-21 00:00:00+00:00
[2026-01-21T12:06:32.399+0000] {processor.py:183} INFO - Processing /home/airflow/.local/lib/python3.8/site-packages/airflow/example_dags/example_dynamic_task_mapping_with_no_taskflow_operators.py took 0.099 seconds
[2026-01-21T12:07:02.685+0000] {processor.py:161} INFO - Started process (PID=21814) to work on /home/airflow/.local/lib/python3.8/site-packages/airflow/example_dags/example_dynamic_task_mapping_with_no_taskflow_operators.py
[2026-01-21T12:07:02.686+0000] {processor.py:830} INFO - Processing file /home/airflow/.local/lib/python3.8/site-packages/airflow/example_dags/example_dynamic_task_mapping_with_no_taskflow_operators.py for tasks to queue
[2026-01-21T12:07:02.688+0000] {logging_mixin.py:188} INFO - [2026-01-21T12:07:02.688+0000] {dagbag.py:538} INFO - Filling up the DagBag from /home/airflow/.local/lib/python3.8/site-packages/airflow/example_dags/example_dynamic_task_mapping_with_no_taskflow_operators.py
[2026-01-21T12:07:02.697+0000] {processor.py:840} INFO - DAG(s) 'example_dynamic_task_mapping_with_no_taskflow_operators' retrieved from /home/airflow/.local/lib/python3.8/site-packages/airflow/example_dags/example_dynamic_task_mapping_with_no_taskflow_operators.py
[2026-01-21T12:07:02.725+0000] {logging_mixin.py:188} INFO - [2026-01-21T12:07:02.725+0000] {dag.py:3036} INFO - Sync 1 DAGs
[2026-01-21T12:07:02.758+0000] {logging_mixin.py:188} INFO - [2026-01-21T12:07:02.758+0000] {dag.py:3823} INFO - Setting next_dagrun for example_dynamic_task_mapping_with_no_taskflow_operators to 2026-01-20 00:00:00+00:00, run_after=2026-01-21 00:00:00+00:00
[2026-01-21T12:07:02.783+0000] {processor.py:183} INFO - Processing /home/airflow/.local/lib/python3.8/site-packages/airflow/example_dags/example_dynamic_task_mapping_with_no_taskflow_operators.py took 0.103 seconds
[2026-01-21T12:07:32.969+0000] {processor.py:161} INFO - Started process (PID=21888) to work on /home/airflow/.local/lib/python3.8/site-packages/airflow/example_dags/example_dynamic_task_mapping_with_no_taskflow_operators.py
[2026-01-21T12:07:32.970+0000] {processor.py:830} INFO - Processing file /home/airflow/.local/lib/python3.8/site-packages/airflow/example_dags/example_dynamic_task_mapping_with_no_taskflow_operators.py for tasks to queue
[2026-01-21T12:07:32.973+0000] {logging_mixin.py:188} INFO - [2026-01-21T12:07:32.972+0000] {dagbag.py:538} INFO - Filling up the DagBag from /home/airflow/.local/lib/python3.8/site-packages/airflow/example_dags/example_dynamic_task_mapping_with_no_taskflow_operators.py
[2026-01-21T12:07:32.981+0000] {processor.py:840} INFO - DAG(s) 'example_dynamic_task_mapping_with_no_taskflow_operators' retrieved from /home/airflow/.local/lib/python3.8/site-packages/airflow/example_dags/example_dynamic_task_mapping_with_no_taskflow_operators.py
[2026-01-21T12:07:33.009+0000] {logging_mixin.py:188} INFO - [2026-01-21T12:07:33.009+0000] {dag.py:3036} INFO - Sync 1 DAGs
[2026-01-21T12:07:33.044+0000] {logging_mixin.py:188} INFO - [2026-01-21T12:07:33.043+0000] {dag.py:3823} INFO - Setting next_dagrun for example_dynamic_task_mapping_with_no_taskflow_operators to 2026-01-20 00:00:00+00:00, run_after=2026-01-21 00:00:00+00:00
[2026-01-21T12:07:33.073+0000] {processor.py:183} INFO - Processing /home/airflow/.local/lib/python3.8/site-packages/airflow/example_dags/example_dynamic_task_mapping_with_no_taskflow_operators.py took 0.109 seconds
[2026-01-21T12:08:03.489+0000] {processor.py:161} INFO - Started process (PID=21953) to work on /home/airflow/.local/lib/python3.8/site-packages/airflow/example_dags/example_dynamic_task_mapping_with_no_taskflow_operators.py
[2026-01-21T12:08:03.491+0000] {processor.py:830} INFO - Processing file /home/airflow/.local/lib/python3.8/site-packages/airflow/example_dags/example_dynamic_task_mapping_with_no_taskflow_operators.py for tasks to queue
[2026-01-21T12:08:03.494+0000] {logging_mixin.py:188} INFO - [2026-01-21T12:08:03.493+0000] {dagbag.py:538} INFO - Filling up the DagBag from /home/airflow/.local/lib/python3.8/site-packages/airflow/example_dags/example_dynamic_task_mapping_with_no_taskflow_operators.py
[2026-01-21T12:08:03.504+0000] {processor.py:840} INFO - DAG(s) 'example_dynamic_task_mapping_with_no_taskflow_operators' retrieved from /home/airflow/.local/lib/python3.8/site-packages/airflow/example_dags/example_dynamic_task_mapping_with_no_taskflow_operators.py
[2026-01-21T12:08:03.541+0000] {logging_mixin.py:188} INFO - [2026-01-21T12:08:03.540+0000] {dag.py:3036} INFO - Sync 1 DAGs
[2026-01-21T12:08:03.586+0000] {logging_mixin.py:188} INFO - [2026-01-21T12:08:03.586+0000] {dag.py:3823} INFO - Setting next_dagrun for example_dynamic_task_mapping_with_no_taskflow_operators to 2026-01-20 00:00:00+00:00, run_after=2026-01-21 00:00:00+00:00
[2026-01-21T12:08:03.640+0000] {processor.py:183} INFO - Processing /home/airflow/.local/lib/python3.8/site-packages/airflow/example_dags/example_dynamic_task_mapping_with_no_taskflow_operators.py took 0.158 seconds
[2026-01-21T12:08:34.229+0000] {processor.py:161} INFO - Started process (PID=22018) to work on /home/airflow/.local/lib/python3.8/site-packages/airflow/example_dags/example_dynamic_task_mapping_with_no_taskflow_operators.py
[2026-01-21T12:08:34.231+0000] {processor.py:830} INFO - Processing file /home/airflow/.local/lib/python3.8/site-packages/airflow/example_dags/example_dynamic_task_mapping_with_no_taskflow_operators.py for tasks to queue
[2026-01-21T12:08:34.233+0000] {logging_mixin.py:188} INFO - [2026-01-21T12:08:34.233+0000] {dagbag.py:538} INFO - Filling up the DagBag from /home/airflow/.local/lib/python3.8/site-packages/airflow/example_dags/example_dynamic_task_mapping_with_no_taskflow_operators.py
[2026-01-21T12:08:34.241+0000] {processor.py:840} INFO - DAG(s) 'example_dynamic_task_mapping_with_no_taskflow_operators' retrieved from /home/airflow/.local/lib/python3.8/site-packages/airflow/example_dags/example_dynamic_task_mapping_with_no_taskflow_operators.py
[2026-01-21T12:08:34.268+0000] {logging_mixin.py:188} INFO - [2026-01-21T12:08:34.268+0000] {dag.py:3036} INFO - Sync 1 DAGs
[2026-01-21T12:08:34.301+0000] {logging_mixin.py:188} INFO - [2026-01-21T12:08:34.301+0000] {dag.py:3823} INFO - Setting next_dagrun for example_dynamic_task_mapping_with_no_taskflow_operators to 2026-01-20 00:00:00+00:00, run_after=2026-01-21 00:00:00+00:00
[2026-01-21T12:08:34.328+0000] {processor.py:183} INFO - Processing /home/airflow/.local/lib/python3.8/site-packages/airflow/example_dags/example_dynamic_task_mapping_with_no_taskflow_operators.py took 0.104 seconds
[2026-01-21T12:09:04.832+0000] {processor.py:161} INFO - Started process (PID=22084) to work on /home/airflow/.local/lib/python3.8/site-packages/airflow/example_dags/example_dynamic_task_mapping_with_no_taskflow_operators.py
[2026-01-21T12:09:04.833+0000] {processor.py:830} INFO - Processing file /home/airflow/.local/lib/python3.8/site-packages/airflow/example_dags/example_dynamic_task_mapping_with_no_taskflow_operators.py for tasks to queue
[2026-01-21T12:09:04.836+0000] {logging_mixin.py:188} INFO - [2026-01-21T12:09:04.836+0000] {dagbag.py:538} INFO - Filling up the DagBag from /home/airflow/.local/lib/python3.8/site-packages/airflow/example_dags/example_dynamic_task_mapping_with_no_taskflow_operators.py
[2026-01-21T12:09:04.845+0000] {processor.py:840} INFO - DAG(s) 'example_dynamic_task_mapping_with_no_taskflow_operators' retrieved from /home/airflow/.local/lib/python3.8/site-packages/airflow/example_dags/example_dynamic_task_mapping_with_no_taskflow_operators.py
[2026-01-21T12:09:04.878+0000] {logging_mixin.py:188} INFO - [2026-01-21T12:09:04.878+0000] {dag.py:3036} INFO - Sync 1 DAGs
[2026-01-21T12:09:04.918+0000] {logging_mixin.py:188} INFO - [2026-01-21T12:09:04.918+0000] {dag.py:3823} INFO - Setting next_dagrun for example_dynamic_task_mapping_with_no_taskflow_operators to 2026-01-20 00:00:00+00:00, run_after=2026-01-21 00:00:00+00:00
[2026-01-21T12:09:04.944+0000] {processor.py:183} INFO - Processing /home/airflow/.local/lib/python3.8/site-packages/airflow/example_dags/example_dynamic_task_mapping_with_no_taskflow_operators.py took 0.117 seconds
[2026-01-21T12:09:35.129+0000] {processor.py:161} INFO - Started process (PID=22150) to work on /home/airflow/.local/lib/python3.8/site-packages/airflow/example_dags/example_dynamic_task_mapping_with_no_taskflow_operators.py
[2026-01-21T12:09:35.131+0000] {processor.py:830} INFO - Processing file /home/airflow/.local/lib/python3.8/site-packages/airflow/example_dags/example_dynamic_task_mapping_with_no_taskflow_operators.py for tasks to queue
[2026-01-21T12:09:35.134+0000] {logging_mixin.py:188} INFO - [2026-01-21T12:09:35.133+0000] {dagbag.py:538} INFO - Filling up the DagBag from /home/airflow/.local/lib/python3.8/site-packages/airflow/example_dags/example_dynamic_task_mapping_with_no_taskflow_operators.py
[2026-01-21T12:09:35.142+0000] {processor.py:840} INFO - DAG(s) 'example_dynamic_task_mapping_with_no_taskflow_operators' retrieved from /home/airflow/.local/lib/python3.8/site-packages/airflow/example_dags/example_dynamic_task_mapping_with_no_taskflow_operators.py
[2026-01-21T12:09:35.175+0000] {logging_mixin.py:188} INFO - [2026-01-21T12:09:35.174+0000] {dag.py:3036} INFO - Sync 1 DAGs
[2026-01-21T12:09:35.210+0000] {logging_mixin.py:188} INFO - [2026-01-21T12:09:35.210+0000] {dag.py:3823} INFO - Setting next_dagrun for example_dynamic_task_mapping_with_no_taskflow_operators to 2026-01-20 00:00:00+00:00, run_after=2026-01-21 00:00:00+00:00
[2026-01-21T12:09:35.236+0000] {processor.py:183} INFO - Processing /home/airflow/.local/lib/python3.8/site-packages/airflow/example_dags/example_dynamic_task_mapping_with_no_taskflow_operators.py took 0.111 seconds
[2026-01-21T12:10:05.315+0000] {processor.py:161} INFO - Started process (PID=22216) to work on /home/airflow/.local/lib/python3.8/site-packages/airflow/example_dags/example_dynamic_task_mapping_with_no_taskflow_operators.py
[2026-01-21T12:10:05.316+0000] {processor.py:830} INFO - Processing file /home/airflow/.local/lib/python3.8/site-packages/airflow/example_dags/example_dynamic_task_mapping_with_no_taskflow_operators.py for tasks to queue
[2026-01-21T12:10:05.318+0000] {logging_mixin.py:188} INFO - [2026-01-21T12:10:05.318+0000] {dagbag.py:538} INFO - Filling up the DagBag from /home/airflow/.local/lib/python3.8/site-packages/airflow/example_dags/example_dynamic_task_mapping_with_no_taskflow_operators.py
[2026-01-21T12:10:05.326+0000] {processor.py:840} INFO - DAG(s) 'example_dynamic_task_mapping_with_no_taskflow_operators' retrieved from /home/airflow/.local/lib/python3.8/site-packages/airflow/example_dags/example_dynamic_task_mapping_with_no_taskflow_operators.py
[2026-01-21T12:10:05.353+0000] {logging_mixin.py:188} INFO - [2026-01-21T12:10:05.353+0000] {dag.py:3036} INFO - Sync 1 DAGs
[2026-01-21T12:10:05.385+0000] {logging_mixin.py:188} INFO - [2026-01-21T12:10:05.385+0000] {dag.py:3823} INFO - Setting next_dagrun for example_dynamic_task_mapping_with_no_taskflow_operators to 2026-01-20 00:00:00+00:00, run_after=2026-01-21 00:00:00+00:00
[2026-01-21T12:10:05.410+0000] {processor.py:183} INFO - Processing /home/airflow/.local/lib/python3.8/site-packages/airflow/example_dags/example_dynamic_task_mapping_with_no_taskflow_operators.py took 0.099 seconds
[2026-01-21T12:10:35.723+0000] {processor.py:161} INFO - Started process (PID=22282) to work on /home/airflow/.local/lib/python3.8/site-packages/airflow/example_dags/example_dynamic_task_mapping_with_no_taskflow_operators.py
[2026-01-21T12:10:35.725+0000] {processor.py:830} INFO - Processing file /home/airflow/.local/lib/python3.8/site-packages/airflow/example_dags/example_dynamic_task_mapping_with_no_taskflow_operators.py for tasks to queue
[2026-01-21T12:10:35.727+0000] {logging_mixin.py:188} INFO - [2026-01-21T12:10:35.727+0000] {dagbag.py:538} INFO - Filling up the DagBag from /home/airflow/.local/lib/python3.8/site-packages/airflow/example_dags/example_dynamic_task_mapping_with_no_taskflow_operators.py
[2026-01-21T12:10:35.737+0000] {processor.py:840} INFO - DAG(s) 'example_dynamic_task_mapping_with_no_taskflow_operators' retrieved from /home/airflow/.local/lib/python3.8/site-packages/airflow/example_dags/example_dynamic_task_mapping_with_no_taskflow_operators.py
[2026-01-21T12:10:35.766+0000] {logging_mixin.py:188} INFO - [2026-01-21T12:10:35.766+0000] {dag.py:3036} INFO - Sync 1 DAGs
[2026-01-21T12:10:35.798+0000] {logging_mixin.py:188} INFO - [2026-01-21T12:10:35.798+0000] {dag.py:3823} INFO - Setting next_dagrun for example_dynamic_task_mapping_with_no_taskflow_operators to 2026-01-20 00:00:00+00:00, run_after=2026-01-21 00:00:00+00:00
[2026-01-21T12:10:35.822+0000] {processor.py:183} INFO - Processing /home/airflow/.local/lib/python3.8/site-packages/airflow/example_dags/example_dynamic_task_mapping_with_no_taskflow_operators.py took 0.104 seconds
[2026-01-21T12:11:06.216+0000] {processor.py:161} INFO - Started process (PID=22356) to work on /home/airflow/.local/lib/python3.8/site-packages/airflow/example_dags/example_dynamic_task_mapping_with_no_taskflow_operators.py
[2026-01-21T12:11:06.218+0000] {processor.py:830} INFO - Processing file /home/airflow/.local/lib/python3.8/site-packages/airflow/example_dags/example_dynamic_task_mapping_with_no_taskflow_operators.py for tasks to queue
[2026-01-21T12:11:06.220+0000] {logging_mixin.py:188} INFO - [2026-01-21T12:11:06.220+0000] {dagbag.py:538} INFO - Filling up the DagBag from /home/airflow/.local/lib/python3.8/site-packages/airflow/example_dags/example_dynamic_task_mapping_with_no_taskflow_operators.py
[2026-01-21T12:11:06.229+0000] {processor.py:840} INFO - DAG(s) 'example_dynamic_task_mapping_with_no_taskflow_operators' retrieved from /home/airflow/.local/lib/python3.8/site-packages/airflow/example_dags/example_dynamic_task_mapping_with_no_taskflow_operators.py
[2026-01-21T12:11:06.263+0000] {logging_mixin.py:188} INFO - [2026-01-21T12:11:06.262+0000] {dag.py:3036} INFO - Sync 1 DAGs
[2026-01-21T12:11:06.305+0000] {logging_mixin.py:188} INFO - [2026-01-21T12:11:06.305+0000] {dag.py:3823} INFO - Setting next_dagrun for example_dynamic_task_mapping_with_no_taskflow_operators to 2026-01-20 00:00:00+00:00, run_after=2026-01-21 00:00:00+00:00
[2026-01-21T12:11:06.342+0000] {processor.py:183} INFO - Processing /home/airflow/.local/lib/python3.8/site-packages/airflow/example_dags/example_dynamic_task_mapping_with_no_taskflow_operators.py took 0.131 seconds
[2026-01-21T12:11:36.816+0000] {processor.py:161} INFO - Started process (PID=22421) to work on /home/airflow/.local/lib/python3.8/site-packages/airflow/example_dags/example_dynamic_task_mapping_with_no_taskflow_operators.py
[2026-01-21T12:11:36.818+0000] {processor.py:830} INFO - Processing file /home/airflow/.local/lib/python3.8/site-packages/airflow/example_dags/example_dynamic_task_mapping_with_no_taskflow_operators.py for tasks to queue
[2026-01-21T12:11:36.821+0000] {logging_mixin.py:188} INFO - [2026-01-21T12:11:36.820+0000] {dagbag.py:538} INFO - Filling up the DagBag from /home/airflow/.local/lib/python3.8/site-packages/airflow/example_dags/example_dynamic_task_mapping_with_no_taskflow_operators.py
[2026-01-21T12:11:36.831+0000] {processor.py:840} INFO - DAG(s) 'example_dynamic_task_mapping_with_no_taskflow_operators' retrieved from /home/airflow/.local/lib/python3.8/site-packages/airflow/example_dags/example_dynamic_task_mapping_with_no_taskflow_operators.py
[2026-01-21T12:11:36.865+0000] {logging_mixin.py:188} INFO - [2026-01-21T12:11:36.864+0000] {dag.py:3036} INFO - Sync 1 DAGs
[2026-01-21T12:11:36.915+0000] {logging_mixin.py:188} INFO - [2026-01-21T12:11:36.914+0000] {dag.py:3823} INFO - Setting next_dagrun for example_dynamic_task_mapping_with_no_taskflow_operators to 2026-01-20 00:00:00+00:00, run_after=2026-01-21 00:00:00+00:00
[2026-01-21T12:11:36.990+0000] {processor.py:183} INFO - Processing /home/airflow/.local/lib/python3.8/site-packages/airflow/example_dags/example_dynamic_task_mapping_with_no_taskflow_operators.py took 0.180 seconds
[2026-01-21T12:12:07.211+0000] {processor.py:161} INFO - Started process (PID=22486) to work on /home/airflow/.local/lib/python3.8/site-packages/airflow/example_dags/example_dynamic_task_mapping_with_no_taskflow_operators.py
[2026-01-21T12:12:07.213+0000] {processor.py:830} INFO - Processing file /home/airflow/.local/lib/python3.8/site-packages/airflow/example_dags/example_dynamic_task_mapping_with_no_taskflow_operators.py for tasks to queue
[2026-01-21T12:12:07.215+0000] {logging_mixin.py:188} INFO - [2026-01-21T12:12:07.214+0000] {dagbag.py:538} INFO - Filling up the DagBag from /home/airflow/.local/lib/python3.8/site-packages/airflow/example_dags/example_dynamic_task_mapping_with_no_taskflow_operators.py
[2026-01-21T12:12:07.223+0000] {processor.py:840} INFO - DAG(s) 'example_dynamic_task_mapping_with_no_taskflow_operators' retrieved from /home/airflow/.local/lib/python3.8/site-packages/airflow/example_dags/example_dynamic_task_mapping_with_no_taskflow_operators.py
[2026-01-21T12:12:07.254+0000] {logging_mixin.py:188} INFO - [2026-01-21T12:12:07.254+0000] {dag.py:3036} INFO - Sync 1 DAGs
[2026-01-21T12:12:07.293+0000] {logging_mixin.py:188} INFO - [2026-01-21T12:12:07.292+0000] {dag.py:3823} INFO - Setting next_dagrun for example_dynamic_task_mapping_with_no_taskflow_operators to 2026-01-20 00:00:00+00:00, run_after=2026-01-21 00:00:00+00:00
[2026-01-21T12:12:07.318+0000] {processor.py:183} INFO - Processing /home/airflow/.local/lib/python3.8/site-packages/airflow/example_dags/example_dynamic_task_mapping_with_no_taskflow_operators.py took 0.111 seconds
[2026-01-21T12:12:37.412+0000] {processor.py:161} INFO - Started process (PID=22553) to work on /home/airflow/.local/lib/python3.8/site-packages/airflow/example_dags/example_dynamic_task_mapping_with_no_taskflow_operators.py
[2026-01-21T12:12:37.414+0000] {processor.py:830} INFO - Processing file /home/airflow/.local/lib/python3.8/site-packages/airflow/example_dags/example_dynamic_task_mapping_with_no_taskflow_operators.py for tasks to queue
[2026-01-21T12:12:37.416+0000] {logging_mixin.py:188} INFO - [2026-01-21T12:12:37.416+0000] {dagbag.py:538} INFO - Filling up the DagBag from /home/airflow/.local/lib/python3.8/site-packages/airflow/example_dags/example_dynamic_task_mapping_with_no_taskflow_operators.py
[2026-01-21T12:12:37.424+0000] {processor.py:840} INFO - DAG(s) 'example_dynamic_task_mapping_with_no_taskflow_operators' retrieved from /home/airflow/.local/lib/python3.8/site-packages/airflow/example_dags/example_dynamic_task_mapping_with_no_taskflow_operators.py
[2026-01-21T12:12:37.451+0000] {logging_mixin.py:188} INFO - [2026-01-21T12:12:37.451+0000] {dag.py:3036} INFO - Sync 1 DAGs
[2026-01-21T12:12:37.483+0000] {logging_mixin.py:188} INFO - [2026-01-21T12:12:37.482+0000] {dag.py:3823} INFO - Setting next_dagrun for example_dynamic_task_mapping_with_no_taskflow_operators to 2026-01-20 00:00:00+00:00, run_after=2026-01-21 00:00:00+00:00
[2026-01-21T12:12:37.506+0000] {processor.py:183} INFO - Processing /home/airflow/.local/lib/python3.8/site-packages/airflow/example_dags/example_dynamic_task_mapping_with_no_taskflow_operators.py took 0.098 seconds
[2026-01-21T12:13:07.956+0000] {processor.py:161} INFO - Started process (PID=22621) to work on /home/airflow/.local/lib/python3.8/site-packages/airflow/example_dags/example_dynamic_task_mapping_with_no_taskflow_operators.py
[2026-01-21T12:13:07.957+0000] {processor.py:830} INFO - Processing file /home/airflow/.local/lib/python3.8/site-packages/airflow/example_dags/example_dynamic_task_mapping_with_no_taskflow_operators.py for tasks to queue
[2026-01-21T12:13:07.959+0000] {logging_mixin.py:188} INFO - [2026-01-21T12:13:07.959+0000] {dagbag.py:538} INFO - Filling up the DagBag from /home/airflow/.local/lib/python3.8/site-packages/airflow/example_dags/example_dynamic_task_mapping_with_no_taskflow_operators.py
[2026-01-21T12:13:07.968+0000] {processor.py:840} INFO - DAG(s) 'example_dynamic_task_mapping_with_no_taskflow_operators' retrieved from /home/airflow/.local/lib/python3.8/site-packages/airflow/example_dags/example_dynamic_task_mapping_with_no_taskflow_operators.py
[2026-01-21T12:13:07.997+0000] {logging_mixin.py:188} INFO - [2026-01-21T12:13:07.996+0000] {dag.py:3036} INFO - Sync 1 DAGs
[2026-01-21T12:13:08.037+0000] {logging_mixin.py:188} INFO - [2026-01-21T12:13:08.036+0000] {dag.py:3823} INFO - Setting next_dagrun for example_dynamic_task_mapping_with_no_taskflow_operators to 2026-01-20 00:00:00+00:00, run_after=2026-01-21 00:00:00+00:00
[2026-01-21T12:13:08.067+0000] {processor.py:183} INFO - Processing /home/airflow/.local/lib/python3.8/site-packages/airflow/example_dags/example_dynamic_task_mapping_with_no_taskflow_operators.py took 0.116 seconds
[2026-01-21T12:13:38.366+0000] {processor.py:161} INFO - Started process (PID=22686) to work on /home/airflow/.local/lib/python3.8/site-packages/airflow/example_dags/example_dynamic_task_mapping_with_no_taskflow_operators.py
[2026-01-21T12:13:38.368+0000] {processor.py:830} INFO - Processing file /home/airflow/.local/lib/python3.8/site-packages/airflow/example_dags/example_dynamic_task_mapping_with_no_taskflow_operators.py for tasks to queue
[2026-01-21T12:13:38.371+0000] {logging_mixin.py:188} INFO - [2026-01-21T12:13:38.370+0000] {dagbag.py:538} INFO - Filling up the DagBag from /home/airflow/.local/lib/python3.8/site-packages/airflow/example_dags/example_dynamic_task_mapping_with_no_taskflow_operators.py
[2026-01-21T12:13:38.379+0000] {processor.py:840} INFO - DAG(s) 'example_dynamic_task_mapping_with_no_taskflow_operators' retrieved from /home/airflow/.local/lib/python3.8/site-packages/airflow/example_dags/example_dynamic_task_mapping_with_no_taskflow_operators.py
[2026-01-21T12:13:38.410+0000] {logging_mixin.py:188} INFO - [2026-01-21T12:13:38.410+0000] {dag.py:3036} INFO - Sync 1 DAGs
[2026-01-21T12:13:38.447+0000] {logging_mixin.py:188} INFO - [2026-01-21T12:13:38.447+0000] {dag.py:3823} INFO - Setting next_dagrun for example_dynamic_task_mapping_with_no_taskflow_operators to 2026-01-20 00:00:00+00:00, run_after=2026-01-21 00:00:00+00:00
[2026-01-21T12:13:38.473+0000] {processor.py:183} INFO - Processing /home/airflow/.local/lib/python3.8/site-packages/airflow/example_dags/example_dynamic_task_mapping_with_no_taskflow_operators.py took 0.111 seconds
[2026-01-21T12:14:08.664+0000] {processor.py:161} INFO - Started process (PID=22752) to work on /home/airflow/.local/lib/python3.8/site-packages/airflow/example_dags/example_dynamic_task_mapping_with_no_taskflow_operators.py
[2026-01-21T12:14:08.666+0000] {processor.py:830} INFO - Processing file /home/airflow/.local/lib/python3.8/site-packages/airflow/example_dags/example_dynamic_task_mapping_with_no_taskflow_operators.py for tasks to queue
[2026-01-21T12:14:08.668+0000] {logging_mixin.py:188} INFO - [2026-01-21T12:14:08.668+0000] {dagbag.py:538} INFO - Filling up the DagBag from /home/airflow/.local/lib/python3.8/site-packages/airflow/example_dags/example_dynamic_task_mapping_with_no_taskflow_operators.py
[2026-01-21T12:14:08.676+0000] {processor.py:840} INFO - DAG(s) 'example_dynamic_task_mapping_with_no_taskflow_operators' retrieved from /home/airflow/.local/lib/python3.8/site-packages/airflow/example_dags/example_dynamic_task_mapping_with_no_taskflow_operators.py
[2026-01-21T12:14:08.705+0000] {logging_mixin.py:188} INFO - [2026-01-21T12:14:08.705+0000] {dag.py:3036} INFO - Sync 1 DAGs
[2026-01-21T12:14:08.740+0000] {logging_mixin.py:188} INFO - [2026-01-21T12:14:08.739+0000] {dag.py:3823} INFO - Setting next_dagrun for example_dynamic_task_mapping_with_no_taskflow_operators to 2026-01-20 00:00:00+00:00, run_after=2026-01-21 00:00:00+00:00
[2026-01-21T12:14:08.765+0000] {processor.py:183} INFO - Processing /home/airflow/.local/lib/python3.8/site-packages/airflow/example_dags/example_dynamic_task_mapping_with_no_taskflow_operators.py took 0.106 seconds
[2026-01-21T12:14:39.165+0000] {processor.py:161} INFO - Started process (PID=22817) to work on /home/airflow/.local/lib/python3.8/site-packages/airflow/example_dags/example_dynamic_task_mapping_with_no_taskflow_operators.py
[2026-01-21T12:14:39.166+0000] {processor.py:830} INFO - Processing file /home/airflow/.local/lib/python3.8/site-packages/airflow/example_dags/example_dynamic_task_mapping_with_no_taskflow_operators.py for tasks to queue
[2026-01-21T12:14:39.168+0000] {logging_mixin.py:188} INFO - [2026-01-21T12:14:39.168+0000] {dagbag.py:538} INFO - Filling up the DagBag from /home/airflow/.local/lib/python3.8/site-packages/airflow/example_dags/example_dynamic_task_mapping_with_no_taskflow_operators.py
[2026-01-21T12:14:39.177+0000] {processor.py:840} INFO - DAG(s) 'example_dynamic_task_mapping_with_no_taskflow_operators' retrieved from /home/airflow/.local/lib/python3.8/site-packages/airflow/example_dags/example_dynamic_task_mapping_with_no_taskflow_operators.py
[2026-01-21T12:14:39.205+0000] {logging_mixin.py:188} INFO - [2026-01-21T12:14:39.205+0000] {dag.py:3036} INFO - Sync 1 DAGs
[2026-01-21T12:14:39.245+0000] {logging_mixin.py:188} INFO - [2026-01-21T12:14:39.244+0000] {dag.py:3823} INFO - Setting next_dagrun for example_dynamic_task_mapping_with_no_taskflow_operators to 2026-01-20 00:00:00+00:00, run_after=2026-01-21 00:00:00+00:00
[2026-01-21T12:14:39.276+0000] {processor.py:183} INFO - Processing /home/airflow/.local/lib/python3.8/site-packages/airflow/example_dags/example_dynamic_task_mapping_with_no_taskflow_operators.py took 0.117 seconds
[2026-01-21T12:15:09.951+0000] {processor.py:161} INFO - Started process (PID=22889) to work on /home/airflow/.local/lib/python3.8/site-packages/airflow/example_dags/example_dynamic_task_mapping_with_no_taskflow_operators.py
[2026-01-21T12:15:09.953+0000] {processor.py:830} INFO - Processing file /home/airflow/.local/lib/python3.8/site-packages/airflow/example_dags/example_dynamic_task_mapping_with_no_taskflow_operators.py for tasks to queue
[2026-01-21T12:15:09.955+0000] {logging_mixin.py:188} INFO - [2026-01-21T12:15:09.955+0000] {dagbag.py:538} INFO - Filling up the DagBag from /home/airflow/.local/lib/python3.8/site-packages/airflow/example_dags/example_dynamic_task_mapping_with_no_taskflow_operators.py
[2026-01-21T12:15:09.964+0000] {processor.py:840} INFO - DAG(s) 'example_dynamic_task_mapping_with_no_taskflow_operators' retrieved from /home/airflow/.local/lib/python3.8/site-packages/airflow/example_dags/example_dynamic_task_mapping_with_no_taskflow_operators.py
[2026-01-21T12:15:09.995+0000] {logging_mixin.py:188} INFO - [2026-01-21T12:15:09.995+0000] {dag.py:3036} INFO - Sync 1 DAGs
[2026-01-21T12:15:10.031+0000] {logging_mixin.py:188} INFO - [2026-01-21T12:15:10.031+0000] {dag.py:3823} INFO - Setting next_dagrun for example_dynamic_task_mapping_with_no_taskflow_operators to 2026-01-20 00:00:00+00:00, run_after=2026-01-21 00:00:00+00:00
[2026-01-21T12:15:10.057+0000] {processor.py:183} INFO - Processing /home/airflow/.local/lib/python3.8/site-packages/airflow/example_dags/example_dynamic_task_mapping_with_no_taskflow_operators.py took 0.110 seconds
[2026-01-21T12:15:40.129+0000] {processor.py:161} INFO - Started process (PID=22955) to work on /home/airflow/.local/lib/python3.8/site-packages/airflow/example_dags/example_dynamic_task_mapping_with_no_taskflow_operators.py
[2026-01-21T12:15:40.130+0000] {processor.py:830} INFO - Processing file /home/airflow/.local/lib/python3.8/site-packages/airflow/example_dags/example_dynamic_task_mapping_with_no_taskflow_operators.py for tasks to queue
[2026-01-21T12:15:40.133+0000] {logging_mixin.py:188} INFO - [2026-01-21T12:15:40.132+0000] {dagbag.py:538} INFO - Filling up the DagBag from /home/airflow/.local/lib/python3.8/site-packages/airflow/example_dags/example_dynamic_task_mapping_with_no_taskflow_operators.py
[2026-01-21T12:15:40.141+0000] {processor.py:840} INFO - DAG(s) 'example_dynamic_task_mapping_with_no_taskflow_operators' retrieved from /home/airflow/.local/lib/python3.8/site-packages/airflow/example_dags/example_dynamic_task_mapping_with_no_taskflow_operators.py
[2026-01-21T12:15:40.173+0000] {logging_mixin.py:188} INFO - [2026-01-21T12:15:40.173+0000] {dag.py:3036} INFO - Sync 1 DAGs
[2026-01-21T12:15:40.215+0000] {logging_mixin.py:188} INFO - [2026-01-21T12:15:40.214+0000] {dag.py:3823} INFO - Setting next_dagrun for example_dynamic_task_mapping_with_no_taskflow_operators to 2026-01-20 00:00:00+00:00, run_after=2026-01-21 00:00:00+00:00
[2026-01-21T12:15:40.246+0000] {processor.py:183} INFO - Processing /home/airflow/.local/lib/python3.8/site-packages/airflow/example_dags/example_dynamic_task_mapping_with_no_taskflow_operators.py took 0.121 seconds
[2026-01-21T12:16:10.487+0000] {processor.py:161} INFO - Started process (PID=23021) to work on /home/airflow/.local/lib/python3.8/site-packages/airflow/example_dags/example_dynamic_task_mapping_with_no_taskflow_operators.py
[2026-01-21T12:16:10.489+0000] {processor.py:830} INFO - Processing file /home/airflow/.local/lib/python3.8/site-packages/airflow/example_dags/example_dynamic_task_mapping_with_no_taskflow_operators.py for tasks to queue
[2026-01-21T12:16:10.491+0000] {logging_mixin.py:188} INFO - [2026-01-21T12:16:10.491+0000] {dagbag.py:538} INFO - Filling up the DagBag from /home/airflow/.local/lib/python3.8/site-packages/airflow/example_dags/example_dynamic_task_mapping_with_no_taskflow_operators.py
[2026-01-21T12:16:10.499+0000] {processor.py:840} INFO - DAG(s) 'example_dynamic_task_mapping_with_no_taskflow_operators' retrieved from /home/airflow/.local/lib/python3.8/site-packages/airflow/example_dags/example_dynamic_task_mapping_with_no_taskflow_operators.py
[2026-01-21T12:16:10.527+0000] {logging_mixin.py:188} INFO - [2026-01-21T12:16:10.527+0000] {dag.py:3036} INFO - Sync 1 DAGs
[2026-01-21T12:16:10.561+0000] {logging_mixin.py:188} INFO - [2026-01-21T12:16:10.560+0000] {dag.py:3823} INFO - Setting next_dagrun for example_dynamic_task_mapping_with_no_taskflow_operators to 2026-01-20 00:00:00+00:00, run_after=2026-01-21 00:00:00+00:00
[2026-01-21T12:16:10.585+0000] {processor.py:183} INFO - Processing /home/airflow/.local/lib/python3.8/site-packages/airflow/example_dags/example_dynamic_task_mapping_with_no_taskflow_operators.py took 0.103 seconds
[2026-01-21T12:16:40.829+0000] {processor.py:161} INFO - Started process (PID=23086) to work on /home/airflow/.local/lib/python3.8/site-packages/airflow/example_dags/example_dynamic_task_mapping_with_no_taskflow_operators.py
[2026-01-21T12:16:40.830+0000] {processor.py:830} INFO - Processing file /home/airflow/.local/lib/python3.8/site-packages/airflow/example_dags/example_dynamic_task_mapping_with_no_taskflow_operators.py for tasks to queue
[2026-01-21T12:16:40.833+0000] {logging_mixin.py:188} INFO - [2026-01-21T12:16:40.832+0000] {dagbag.py:538} INFO - Filling up the DagBag from /home/airflow/.local/lib/python3.8/site-packages/airflow/example_dags/example_dynamic_task_mapping_with_no_taskflow_operators.py
[2026-01-21T12:16:40.843+0000] {processor.py:840} INFO - DAG(s) 'example_dynamic_task_mapping_with_no_taskflow_operators' retrieved from /home/airflow/.local/lib/python3.8/site-packages/airflow/example_dags/example_dynamic_task_mapping_with_no_taskflow_operators.py
[2026-01-21T12:16:40.880+0000] {logging_mixin.py:188} INFO - [2026-01-21T12:16:40.880+0000] {dag.py:3036} INFO - Sync 1 DAGs
[2026-01-21T12:16:40.924+0000] {logging_mixin.py:188} INFO - [2026-01-21T12:16:40.923+0000] {dag.py:3823} INFO - Setting next_dagrun for example_dynamic_task_mapping_with_no_taskflow_operators to 2026-01-20 00:00:00+00:00, run_after=2026-01-21 00:00:00+00:00
[2026-01-21T12:16:40.961+0000] {processor.py:183} INFO - Processing /home/airflow/.local/lib/python3.8/site-packages/airflow/example_dags/example_dynamic_task_mapping_with_no_taskflow_operators.py took 0.138 seconds
[2026-01-21T12:17:11.097+0000] {processor.py:161} INFO - Started process (PID=23152) to work on /home/airflow/.local/lib/python3.8/site-packages/airflow/example_dags/example_dynamic_task_mapping_with_no_taskflow_operators.py
[2026-01-21T12:17:11.099+0000] {processor.py:830} INFO - Processing file /home/airflow/.local/lib/python3.8/site-packages/airflow/example_dags/example_dynamic_task_mapping_with_no_taskflow_operators.py for tasks to queue
[2026-01-21T12:17:11.102+0000] {logging_mixin.py:188} INFO - [2026-01-21T12:17:11.101+0000] {dagbag.py:538} INFO - Filling up the DagBag from /home/airflow/.local/lib/python3.8/site-packages/airflow/example_dags/example_dynamic_task_mapping_with_no_taskflow_operators.py
[2026-01-21T12:17:11.112+0000] {processor.py:840} INFO - DAG(s) 'example_dynamic_task_mapping_with_no_taskflow_operators' retrieved from /home/airflow/.local/lib/python3.8/site-packages/airflow/example_dags/example_dynamic_task_mapping_with_no_taskflow_operators.py
[2026-01-21T12:17:11.147+0000] {logging_mixin.py:188} INFO - [2026-01-21T12:17:11.147+0000] {dag.py:3036} INFO - Sync 1 DAGs
[2026-01-21T12:17:11.190+0000] {logging_mixin.py:188} INFO - [2026-01-21T12:17:11.189+0000] {dag.py:3823} INFO - Setting next_dagrun for example_dynamic_task_mapping_with_no_taskflow_operators to 2026-01-20 00:00:00+00:00, run_after=2026-01-21 00:00:00+00:00
[2026-01-21T12:17:11.220+0000] {processor.py:183} INFO - Processing /home/airflow/.local/lib/python3.8/site-packages/airflow/example_dags/example_dynamic_task_mapping_with_no_taskflow_operators.py took 0.129 seconds
[2026-01-21T12:17:41.313+0000] {processor.py:161} INFO - Started process (PID=23216) to work on /home/airflow/.local/lib/python3.8/site-packages/airflow/example_dags/example_dynamic_task_mapping_with_no_taskflow_operators.py
[2026-01-21T12:17:41.314+0000] {processor.py:830} INFO - Processing file /home/airflow/.local/lib/python3.8/site-packages/airflow/example_dags/example_dynamic_task_mapping_with_no_taskflow_operators.py for tasks to queue
[2026-01-21T12:17:41.316+0000] {logging_mixin.py:188} INFO - [2026-01-21T12:17:41.316+0000] {dagbag.py:538} INFO - Filling up the DagBag from /home/airflow/.local/lib/python3.8/site-packages/airflow/example_dags/example_dynamic_task_mapping_with_no_taskflow_operators.py
[2026-01-21T12:17:41.324+0000] {processor.py:840} INFO - DAG(s) 'example_dynamic_task_mapping_with_no_taskflow_operators' retrieved from /home/airflow/.local/lib/python3.8/site-packages/airflow/example_dags/example_dynamic_task_mapping_with_no_taskflow_operators.py
[2026-01-21T12:17:41.354+0000] {logging_mixin.py:188} INFO - [2026-01-21T12:17:41.354+0000] {dag.py:3036} INFO - Sync 1 DAGs
[2026-01-21T12:17:41.387+0000] {logging_mixin.py:188} INFO - [2026-01-21T12:17:41.387+0000] {dag.py:3823} INFO - Setting next_dagrun for example_dynamic_task_mapping_with_no_taskflow_operators to 2026-01-20 00:00:00+00:00, run_after=2026-01-21 00:00:00+00:00
[2026-01-21T12:17:41.413+0000] {processor.py:183} INFO - Processing /home/airflow/.local/lib/python3.8/site-packages/airflow/example_dags/example_dynamic_task_mapping_with_no_taskflow_operators.py took 0.105 seconds
[2026-01-21T12:18:11.632+0000] {processor.py:161} INFO - Started process (PID=23290) to work on /home/airflow/.local/lib/python3.8/site-packages/airflow/example_dags/example_dynamic_task_mapping_with_no_taskflow_operators.py
[2026-01-21T12:18:11.634+0000] {processor.py:830} INFO - Processing file /home/airflow/.local/lib/python3.8/site-packages/airflow/example_dags/example_dynamic_task_mapping_with_no_taskflow_operators.py for tasks to queue
[2026-01-21T12:18:11.636+0000] {logging_mixin.py:188} INFO - [2026-01-21T12:18:11.635+0000] {dagbag.py:538} INFO - Filling up the DagBag from /home/airflow/.local/lib/python3.8/site-packages/airflow/example_dags/example_dynamic_task_mapping_with_no_taskflow_operators.py
[2026-01-21T12:18:11.644+0000] {processor.py:840} INFO - DAG(s) 'example_dynamic_task_mapping_with_no_taskflow_operators' retrieved from /home/airflow/.local/lib/python3.8/site-packages/airflow/example_dags/example_dynamic_task_mapping_with_no_taskflow_operators.py
[2026-01-21T12:18:11.672+0000] {logging_mixin.py:188} INFO - [2026-01-21T12:18:11.671+0000] {dag.py:3036} INFO - Sync 1 DAGs
[2026-01-21T12:18:11.714+0000] {logging_mixin.py:188} INFO - [2026-01-21T12:18:11.714+0000] {dag.py:3823} INFO - Setting next_dagrun for example_dynamic_task_mapping_with_no_taskflow_operators to 2026-01-20 00:00:00+00:00, run_after=2026-01-21 00:00:00+00:00
[2026-01-21T12:18:11.744+0000] {processor.py:183} INFO - Processing /home/airflow/.local/lib/python3.8/site-packages/airflow/example_dags/example_dynamic_task_mapping_with_no_taskflow_operators.py took 0.116 seconds
[2026-01-21T12:18:42.032+0000] {processor.py:161} INFO - Started process (PID=23358) to work on /home/airflow/.local/lib/python3.8/site-packages/airflow/example_dags/example_dynamic_task_mapping_with_no_taskflow_operators.py
[2026-01-21T12:18:42.033+0000] {processor.py:830} INFO - Processing file /home/airflow/.local/lib/python3.8/site-packages/airflow/example_dags/example_dynamic_task_mapping_with_no_taskflow_operators.py for tasks to queue
[2026-01-21T12:18:42.036+0000] {logging_mixin.py:188} INFO - [2026-01-21T12:18:42.035+0000] {dagbag.py:538} INFO - Filling up the DagBag from /home/airflow/.local/lib/python3.8/site-packages/airflow/example_dags/example_dynamic_task_mapping_with_no_taskflow_operators.py
[2026-01-21T12:18:42.046+0000] {processor.py:840} INFO - DAG(s) 'example_dynamic_task_mapping_with_no_taskflow_operators' retrieved from /home/airflow/.local/lib/python3.8/site-packages/airflow/example_dags/example_dynamic_task_mapping_with_no_taskflow_operators.py
[2026-01-21T12:18:42.081+0000] {logging_mixin.py:188} INFO - [2026-01-21T12:18:42.081+0000] {dag.py:3036} INFO - Sync 1 DAGs
[2026-01-21T12:18:42.131+0000] {logging_mixin.py:188} INFO - [2026-01-21T12:18:42.130+0000] {dag.py:3823} INFO - Setting next_dagrun for example_dynamic_task_mapping_with_no_taskflow_operators to 2026-01-20 00:00:00+00:00, run_after=2026-01-21 00:00:00+00:00
[2026-01-21T12:18:42.160+0000] {processor.py:183} INFO - Processing /home/airflow/.local/lib/python3.8/site-packages/airflow/example_dags/example_dynamic_task_mapping_with_no_taskflow_operators.py took 0.134 seconds
[2026-01-21T12:19:12.435+0000] {processor.py:161} INFO - Started process (PID=23424) to work on /home/airflow/.local/lib/python3.8/site-packages/airflow/example_dags/example_dynamic_task_mapping_with_no_taskflow_operators.py
[2026-01-21T12:19:12.438+0000] {processor.py:830} INFO - Processing file /home/airflow/.local/lib/python3.8/site-packages/airflow/example_dags/example_dynamic_task_mapping_with_no_taskflow_operators.py for tasks to queue
[2026-01-21T12:19:12.441+0000] {logging_mixin.py:188} INFO - [2026-01-21T12:19:12.440+0000] {dagbag.py:538} INFO - Filling up the DagBag from /home/airflow/.local/lib/python3.8/site-packages/airflow/example_dags/example_dynamic_task_mapping_with_no_taskflow_operators.py
[2026-01-21T12:19:12.452+0000] {processor.py:840} INFO - DAG(s) 'example_dynamic_task_mapping_with_no_taskflow_operators' retrieved from /home/airflow/.local/lib/python3.8/site-packages/airflow/example_dags/example_dynamic_task_mapping_with_no_taskflow_operators.py
[2026-01-21T12:19:12.490+0000] {logging_mixin.py:188} INFO - [2026-01-21T12:19:12.489+0000] {dag.py:3036} INFO - Sync 1 DAGs
[2026-01-21T12:19:12.534+0000] {logging_mixin.py:188} INFO - [2026-01-21T12:19:12.534+0000] {dag.py:3823} INFO - Setting next_dagrun for example_dynamic_task_mapping_with_no_taskflow_operators to 2026-01-20 00:00:00+00:00, run_after=2026-01-21 00:00:00+00:00
[2026-01-21T12:19:12.573+0000] {processor.py:183} INFO - Processing /home/airflow/.local/lib/python3.8/site-packages/airflow/example_dags/example_dynamic_task_mapping_with_no_taskflow_operators.py took 0.143 seconds
[2026-01-21T12:19:42.697+0000] {processor.py:161} INFO - Started process (PID=23490) to work on /home/airflow/.local/lib/python3.8/site-packages/airflow/example_dags/example_dynamic_task_mapping_with_no_taskflow_operators.py
[2026-01-21T12:19:42.699+0000] {processor.py:830} INFO - Processing file /home/airflow/.local/lib/python3.8/site-packages/airflow/example_dags/example_dynamic_task_mapping_with_no_taskflow_operators.py for tasks to queue
[2026-01-21T12:19:42.701+0000] {logging_mixin.py:188} INFO - [2026-01-21T12:19:42.701+0000] {dagbag.py:538} INFO - Filling up the DagBag from /home/airflow/.local/lib/python3.8/site-packages/airflow/example_dags/example_dynamic_task_mapping_with_no_taskflow_operators.py
[2026-01-21T12:19:42.711+0000] {processor.py:840} INFO - DAG(s) 'example_dynamic_task_mapping_with_no_taskflow_operators' retrieved from /home/airflow/.local/lib/python3.8/site-packages/airflow/example_dags/example_dynamic_task_mapping_with_no_taskflow_operators.py
[2026-01-21T12:19:42.744+0000] {logging_mixin.py:188} INFO - [2026-01-21T12:19:42.743+0000] {dag.py:3036} INFO - Sync 1 DAGs
[2026-01-21T12:19:42.787+0000] {logging_mixin.py:188} INFO - [2026-01-21T12:19:42.787+0000] {dag.py:3823} INFO - Setting next_dagrun for example_dynamic_task_mapping_with_no_taskflow_operators to 2026-01-20 00:00:00+00:00, run_after=2026-01-21 00:00:00+00:00
[2026-01-21T12:19:42.817+0000] {processor.py:183} INFO - Processing /home/airflow/.local/lib/python3.8/site-packages/airflow/example_dags/example_dynamic_task_mapping_with_no_taskflow_operators.py took 0.125 seconds
[2026-01-21T12:20:13.133+0000] {processor.py:161} INFO - Started process (PID=23555) to work on /home/airflow/.local/lib/python3.8/site-packages/airflow/example_dags/example_dynamic_task_mapping_with_no_taskflow_operators.py
[2026-01-21T12:20:13.134+0000] {processor.py:830} INFO - Processing file /home/airflow/.local/lib/python3.8/site-packages/airflow/example_dags/example_dynamic_task_mapping_with_no_taskflow_operators.py for tasks to queue
[2026-01-21T12:20:13.137+0000] {logging_mixin.py:188} INFO - [2026-01-21T12:20:13.136+0000] {dagbag.py:538} INFO - Filling up the DagBag from /home/airflow/.local/lib/python3.8/site-packages/airflow/example_dags/example_dynamic_task_mapping_with_no_taskflow_operators.py
[2026-01-21T12:20:13.145+0000] {processor.py:840} INFO - DAG(s) 'example_dynamic_task_mapping_with_no_taskflow_operators' retrieved from /home/airflow/.local/lib/python3.8/site-packages/airflow/example_dags/example_dynamic_task_mapping_with_no_taskflow_operators.py
[2026-01-21T12:20:13.173+0000] {logging_mixin.py:188} INFO - [2026-01-21T12:20:13.173+0000] {dag.py:3036} INFO - Sync 1 DAGs
[2026-01-21T12:20:13.206+0000] {logging_mixin.py:188} INFO - [2026-01-21T12:20:13.206+0000] {dag.py:3823} INFO - Setting next_dagrun for example_dynamic_task_mapping_with_no_taskflow_operators to 2026-01-20 00:00:00+00:00, run_after=2026-01-21 00:00:00+00:00
[2026-01-21T12:20:13.230+0000] {processor.py:183} INFO - Processing /home/airflow/.local/lib/python3.8/site-packages/airflow/example_dags/example_dynamic_task_mapping_with_no_taskflow_operators.py took 0.102 seconds
[2026-01-21T12:20:43.790+0000] {processor.py:161} INFO - Started process (PID=23619) to work on /home/airflow/.local/lib/python3.8/site-packages/airflow/example_dags/example_dynamic_task_mapping_with_no_taskflow_operators.py
[2026-01-21T12:20:43.792+0000] {processor.py:830} INFO - Processing file /home/airflow/.local/lib/python3.8/site-packages/airflow/example_dags/example_dynamic_task_mapping_with_no_taskflow_operators.py for tasks to queue
[2026-01-21T12:20:43.794+0000] {logging_mixin.py:188} INFO - [2026-01-21T12:20:43.794+0000] {dagbag.py:538} INFO - Filling up the DagBag from /home/airflow/.local/lib/python3.8/site-packages/airflow/example_dags/example_dynamic_task_mapping_with_no_taskflow_operators.py
[2026-01-21T12:20:43.802+0000] {processor.py:840} INFO - DAG(s) 'example_dynamic_task_mapping_with_no_taskflow_operators' retrieved from /home/airflow/.local/lib/python3.8/site-packages/airflow/example_dags/example_dynamic_task_mapping_with_no_taskflow_operators.py
[2026-01-21T12:20:43.831+0000] {logging_mixin.py:188} INFO - [2026-01-21T12:20:43.831+0000] {dag.py:3036} INFO - Sync 1 DAGs
[2026-01-21T12:20:43.863+0000] {logging_mixin.py:188} INFO - [2026-01-21T12:20:43.863+0000] {dag.py:3823} INFO - Setting next_dagrun for example_dynamic_task_mapping_with_no_taskflow_operators to 2026-01-20 00:00:00+00:00, run_after=2026-01-21 00:00:00+00:00
[2026-01-21T12:20:43.888+0000] {processor.py:183} INFO - Processing /home/airflow/.local/lib/python3.8/site-packages/airflow/example_dags/example_dynamic_task_mapping_with_no_taskflow_operators.py took 0.103 seconds
[2026-01-21T12:21:14.189+0000] {processor.py:161} INFO - Started process (PID=23686) to work on /home/airflow/.local/lib/python3.8/site-packages/airflow/example_dags/example_dynamic_task_mapping_with_no_taskflow_operators.py
[2026-01-21T12:21:14.190+0000] {processor.py:830} INFO - Processing file /home/airflow/.local/lib/python3.8/site-packages/airflow/example_dags/example_dynamic_task_mapping_with_no_taskflow_operators.py for tasks to queue
[2026-01-21T12:21:14.193+0000] {logging_mixin.py:188} INFO - [2026-01-21T12:21:14.192+0000] {dagbag.py:538} INFO - Filling up the DagBag from /home/airflow/.local/lib/python3.8/site-packages/airflow/example_dags/example_dynamic_task_mapping_with_no_taskflow_operators.py
[2026-01-21T12:21:14.201+0000] {processor.py:840} INFO - DAG(s) 'example_dynamic_task_mapping_with_no_taskflow_operators' retrieved from /home/airflow/.local/lib/python3.8/site-packages/airflow/example_dags/example_dynamic_task_mapping_with_no_taskflow_operators.py
[2026-01-21T12:21:14.228+0000] {logging_mixin.py:188} INFO - [2026-01-21T12:21:14.227+0000] {dag.py:3036} INFO - Sync 1 DAGs
[2026-01-21T12:21:14.260+0000] {logging_mixin.py:188} INFO - [2026-01-21T12:21:14.260+0000] {dag.py:3823} INFO - Setting next_dagrun for example_dynamic_task_mapping_with_no_taskflow_operators to 2026-01-20 00:00:00+00:00, run_after=2026-01-21 00:00:00+00:00
[2026-01-21T12:21:14.286+0000] {processor.py:183} INFO - Processing /home/airflow/.local/lib/python3.8/site-packages/airflow/example_dags/example_dynamic_task_mapping_with_no_taskflow_operators.py took 0.102 seconds
[2026-01-21T12:21:44.758+0000] {processor.py:161} INFO - Started process (PID=23760) to work on /home/airflow/.local/lib/python3.8/site-packages/airflow/example_dags/example_dynamic_task_mapping_with_no_taskflow_operators.py
[2026-01-21T12:21:44.759+0000] {processor.py:830} INFO - Processing file /home/airflow/.local/lib/python3.8/site-packages/airflow/example_dags/example_dynamic_task_mapping_with_no_taskflow_operators.py for tasks to queue
[2026-01-21T12:21:44.761+0000] {logging_mixin.py:188} INFO - [2026-01-21T12:21:44.761+0000] {dagbag.py:538} INFO - Filling up the DagBag from /home/airflow/.local/lib/python3.8/site-packages/airflow/example_dags/example_dynamic_task_mapping_with_no_taskflow_operators.py
[2026-01-21T12:21:44.769+0000] {processor.py:840} INFO - DAG(s) 'example_dynamic_task_mapping_with_no_taskflow_operators' retrieved from /home/airflow/.local/lib/python3.8/site-packages/airflow/example_dags/example_dynamic_task_mapping_with_no_taskflow_operators.py
[2026-01-21T12:21:44.796+0000] {logging_mixin.py:188} INFO - [2026-01-21T12:21:44.796+0000] {dag.py:3036} INFO - Sync 1 DAGs
[2026-01-21T12:21:44.829+0000] {logging_mixin.py:188} INFO - [2026-01-21T12:21:44.829+0000] {dag.py:3823} INFO - Setting next_dagrun for example_dynamic_task_mapping_with_no_taskflow_operators to 2026-01-20 00:00:00+00:00, run_after=2026-01-21 00:00:00+00:00
[2026-01-21T12:21:44.854+0000] {processor.py:183} INFO - Processing /home/airflow/.local/lib/python3.8/site-packages/airflow/example_dags/example_dynamic_task_mapping_with_no_taskflow_operators.py took 0.101 seconds
[2026-01-21T12:22:15.530+0000] {processor.py:161} INFO - Started process (PID=23826) to work on /home/airflow/.local/lib/python3.8/site-packages/airflow/example_dags/example_dynamic_task_mapping_with_no_taskflow_operators.py
[2026-01-21T12:22:15.532+0000] {processor.py:830} INFO - Processing file /home/airflow/.local/lib/python3.8/site-packages/airflow/example_dags/example_dynamic_task_mapping_with_no_taskflow_operators.py for tasks to queue
[2026-01-21T12:22:15.535+0000] {logging_mixin.py:188} INFO - [2026-01-21T12:22:15.534+0000] {dagbag.py:538} INFO - Filling up the DagBag from /home/airflow/.local/lib/python3.8/site-packages/airflow/example_dags/example_dynamic_task_mapping_with_no_taskflow_operators.py
[2026-01-21T12:22:15.545+0000] {processor.py:840} INFO - DAG(s) 'example_dynamic_task_mapping_with_no_taskflow_operators' retrieved from /home/airflow/.local/lib/python3.8/site-packages/airflow/example_dags/example_dynamic_task_mapping_with_no_taskflow_operators.py
[2026-01-21T12:22:15.579+0000] {logging_mixin.py:188} INFO - [2026-01-21T12:22:15.578+0000] {dag.py:3036} INFO - Sync 1 DAGs
[2026-01-21T12:22:15.643+0000] {logging_mixin.py:188} INFO - [2026-01-21T12:22:15.643+0000] {dag.py:3823} INFO - Setting next_dagrun for example_dynamic_task_mapping_with_no_taskflow_operators to 2026-01-20 00:00:00+00:00, run_after=2026-01-21 00:00:00+00:00
[2026-01-21T12:22:15.674+0000] {processor.py:183} INFO - Processing /home/airflow/.local/lib/python3.8/site-packages/airflow/example_dags/example_dynamic_task_mapping_with_no_taskflow_operators.py took 0.150 seconds
[2026-01-21T12:22:45.735+0000] {processor.py:161} INFO - Started process (PID=23891) to work on /home/airflow/.local/lib/python3.8/site-packages/airflow/example_dags/example_dynamic_task_mapping_with_no_taskflow_operators.py
[2026-01-21T12:22:45.737+0000] {processor.py:830} INFO - Processing file /home/airflow/.local/lib/python3.8/site-packages/airflow/example_dags/example_dynamic_task_mapping_with_no_taskflow_operators.py for tasks to queue
[2026-01-21T12:22:45.739+0000] {logging_mixin.py:188} INFO - [2026-01-21T12:22:45.739+0000] {dagbag.py:538} INFO - Filling up the DagBag from /home/airflow/.local/lib/python3.8/site-packages/airflow/example_dags/example_dynamic_task_mapping_with_no_taskflow_operators.py
[2026-01-21T12:22:45.748+0000] {processor.py:840} INFO - DAG(s) 'example_dynamic_task_mapping_with_no_taskflow_operators' retrieved from /home/airflow/.local/lib/python3.8/site-packages/airflow/example_dags/example_dynamic_task_mapping_with_no_taskflow_operators.py
[2026-01-21T12:22:45.775+0000] {logging_mixin.py:188} INFO - [2026-01-21T12:22:45.774+0000] {dag.py:3036} INFO - Sync 1 DAGs
[2026-01-21T12:22:45.813+0000] {logging_mixin.py:188} INFO - [2026-01-21T12:22:45.812+0000] {dag.py:3823} INFO - Setting next_dagrun for example_dynamic_task_mapping_with_no_taskflow_operators to 2026-01-20 00:00:00+00:00, run_after=2026-01-21 00:00:00+00:00
[2026-01-21T12:22:45.838+0000] {processor.py:183} INFO - Processing /home/airflow/.local/lib/python3.8/site-packages/airflow/example_dags/example_dynamic_task_mapping_with_no_taskflow_operators.py took 0.108 seconds
[2026-01-21T12:23:16.388+0000] {processor.py:161} INFO - Started process (PID=23956) to work on /home/airflow/.local/lib/python3.8/site-packages/airflow/example_dags/example_dynamic_task_mapping_with_no_taskflow_operators.py
[2026-01-21T12:23:16.390+0000] {processor.py:830} INFO - Processing file /home/airflow/.local/lib/python3.8/site-packages/airflow/example_dags/example_dynamic_task_mapping_with_no_taskflow_operators.py for tasks to queue
[2026-01-21T12:23:16.392+0000] {logging_mixin.py:188} INFO - [2026-01-21T12:23:16.391+0000] {dagbag.py:538} INFO - Filling up the DagBag from /home/airflow/.local/lib/python3.8/site-packages/airflow/example_dags/example_dynamic_task_mapping_with_no_taskflow_operators.py
[2026-01-21T12:23:16.400+0000] {processor.py:840} INFO - DAG(s) 'example_dynamic_task_mapping_with_no_taskflow_operators' retrieved from /home/airflow/.local/lib/python3.8/site-packages/airflow/example_dags/example_dynamic_task_mapping_with_no_taskflow_operators.py
[2026-01-21T12:23:16.427+0000] {logging_mixin.py:188} INFO - [2026-01-21T12:23:16.427+0000] {dag.py:3036} INFO - Sync 1 DAGs
[2026-01-21T12:23:16.458+0000] {logging_mixin.py:188} INFO - [2026-01-21T12:23:16.457+0000] {dag.py:3823} INFO - Setting next_dagrun for example_dynamic_task_mapping_with_no_taskflow_operators to 2026-01-20 00:00:00+00:00, run_after=2026-01-21 00:00:00+00:00
[2026-01-21T12:23:16.479+0000] {processor.py:183} INFO - Processing /home/airflow/.local/lib/python3.8/site-packages/airflow/example_dags/example_dynamic_task_mapping_with_no_taskflow_operators.py took 0.096 seconds
[2026-01-21T12:23:46.692+0000] {processor.py:161} INFO - Started process (PID=24022) to work on /home/airflow/.local/lib/python3.8/site-packages/airflow/example_dags/example_dynamic_task_mapping_with_no_taskflow_operators.py
[2026-01-21T12:23:46.693+0000] {processor.py:830} INFO - Processing file /home/airflow/.local/lib/python3.8/site-packages/airflow/example_dags/example_dynamic_task_mapping_with_no_taskflow_operators.py for tasks to queue
[2026-01-21T12:23:46.695+0000] {logging_mixin.py:188} INFO - [2026-01-21T12:23:46.695+0000] {dagbag.py:538} INFO - Filling up the DagBag from /home/airflow/.local/lib/python3.8/site-packages/airflow/example_dags/example_dynamic_task_mapping_with_no_taskflow_operators.py
[2026-01-21T12:23:46.704+0000] {processor.py:840} INFO - DAG(s) 'example_dynamic_task_mapping_with_no_taskflow_operators' retrieved from /home/airflow/.local/lib/python3.8/site-packages/airflow/example_dags/example_dynamic_task_mapping_with_no_taskflow_operators.py
[2026-01-21T12:23:46.731+0000] {logging_mixin.py:188} INFO - [2026-01-21T12:23:46.730+0000] {dag.py:3036} INFO - Sync 1 DAGs
[2026-01-21T12:23:46.763+0000] {logging_mixin.py:188} INFO - [2026-01-21T12:23:46.763+0000] {dag.py:3823} INFO - Setting next_dagrun for example_dynamic_task_mapping_with_no_taskflow_operators to 2026-01-20 00:00:00+00:00, run_after=2026-01-21 00:00:00+00:00
[2026-01-21T12:23:46.786+0000] {processor.py:183} INFO - Processing /home/airflow/.local/lib/python3.8/site-packages/airflow/example_dags/example_dynamic_task_mapping_with_no_taskflow_operators.py took 0.098 seconds
[2026-01-21T12:24:17.038+0000] {processor.py:161} INFO - Started process (PID=24088) to work on /home/airflow/.local/lib/python3.8/site-packages/airflow/example_dags/example_dynamic_task_mapping_with_no_taskflow_operators.py
[2026-01-21T12:24:17.040+0000] {processor.py:830} INFO - Processing file /home/airflow/.local/lib/python3.8/site-packages/airflow/example_dags/example_dynamic_task_mapping_with_no_taskflow_operators.py for tasks to queue
[2026-01-21T12:24:17.042+0000] {logging_mixin.py:188} INFO - [2026-01-21T12:24:17.042+0000] {dagbag.py:538} INFO - Filling up the DagBag from /home/airflow/.local/lib/python3.8/site-packages/airflow/example_dags/example_dynamic_task_mapping_with_no_taskflow_operators.py
[2026-01-21T12:24:17.050+0000] {processor.py:840} INFO - DAG(s) 'example_dynamic_task_mapping_with_no_taskflow_operators' retrieved from /home/airflow/.local/lib/python3.8/site-packages/airflow/example_dags/example_dynamic_task_mapping_with_no_taskflow_operators.py
[2026-01-21T12:24:17.077+0000] {logging_mixin.py:188} INFO - [2026-01-21T12:24:17.077+0000] {dag.py:3036} INFO - Sync 1 DAGs
[2026-01-21T12:24:17.109+0000] {logging_mixin.py:188} INFO - [2026-01-21T12:24:17.108+0000] {dag.py:3823} INFO - Setting next_dagrun for example_dynamic_task_mapping_with_no_taskflow_operators to 2026-01-20 00:00:00+00:00, run_after=2026-01-21 00:00:00+00:00
[2026-01-21T12:24:17.130+0000] {processor.py:183} INFO - Processing /home/airflow/.local/lib/python3.8/site-packages/airflow/example_dags/example_dynamic_task_mapping_with_no_taskflow_operators.py took 0.097 seconds
[2026-01-21T12:24:47.691+0000] {processor.py:161} INFO - Started process (PID=24154) to work on /home/airflow/.local/lib/python3.8/site-packages/airflow/example_dags/example_dynamic_task_mapping_with_no_taskflow_operators.py
[2026-01-21T12:24:47.692+0000] {processor.py:830} INFO - Processing file /home/airflow/.local/lib/python3.8/site-packages/airflow/example_dags/example_dynamic_task_mapping_with_no_taskflow_operators.py for tasks to queue
[2026-01-21T12:24:47.694+0000] {logging_mixin.py:188} INFO - [2026-01-21T12:24:47.693+0000] {dagbag.py:538} INFO - Filling up the DagBag from /home/airflow/.local/lib/python3.8/site-packages/airflow/example_dags/example_dynamic_task_mapping_with_no_taskflow_operators.py
[2026-01-21T12:24:47.702+0000] {processor.py:840} INFO - DAG(s) 'example_dynamic_task_mapping_with_no_taskflow_operators' retrieved from /home/airflow/.local/lib/python3.8/site-packages/airflow/example_dags/example_dynamic_task_mapping_with_no_taskflow_operators.py
[2026-01-21T12:24:47.729+0000] {logging_mixin.py:188} INFO - [2026-01-21T12:24:47.729+0000] {dag.py:3036} INFO - Sync 1 DAGs
[2026-01-21T12:24:47.762+0000] {logging_mixin.py:188} INFO - [2026-01-21T12:24:47.762+0000] {dag.py:3823} INFO - Setting next_dagrun for example_dynamic_task_mapping_with_no_taskflow_operators to 2026-01-20 00:00:00+00:00, run_after=2026-01-21 00:00:00+00:00
[2026-01-21T12:24:47.785+0000] {processor.py:183} INFO - Processing /home/airflow/.local/lib/python3.8/site-packages/airflow/example_dags/example_dynamic_task_mapping_with_no_taskflow_operators.py took 0.099 seconds
[2026-01-21T12:25:17.837+0000] {processor.py:161} INFO - Started process (PID=24220) to work on /home/airflow/.local/lib/python3.8/site-packages/airflow/example_dags/example_dynamic_task_mapping_with_no_taskflow_operators.py
[2026-01-21T12:25:17.839+0000] {processor.py:830} INFO - Processing file /home/airflow/.local/lib/python3.8/site-packages/airflow/example_dags/example_dynamic_task_mapping_with_no_taskflow_operators.py for tasks to queue
[2026-01-21T12:25:17.841+0000] {logging_mixin.py:188} INFO - [2026-01-21T12:25:17.841+0000] {dagbag.py:538} INFO - Filling up the DagBag from /home/airflow/.local/lib/python3.8/site-packages/airflow/example_dags/example_dynamic_task_mapping_with_no_taskflow_operators.py
[2026-01-21T12:25:17.850+0000] {processor.py:840} INFO - DAG(s) 'example_dynamic_task_mapping_with_no_taskflow_operators' retrieved from /home/airflow/.local/lib/python3.8/site-packages/airflow/example_dags/example_dynamic_task_mapping_with_no_taskflow_operators.py
[2026-01-21T12:25:17.879+0000] {logging_mixin.py:188} INFO - [2026-01-21T12:25:17.878+0000] {dag.py:3036} INFO - Sync 1 DAGs
[2026-01-21T12:25:17.913+0000] {logging_mixin.py:188} INFO - [2026-01-21T12:25:17.912+0000] {dag.py:3823} INFO - Setting next_dagrun for example_dynamic_task_mapping_with_no_taskflow_operators to 2026-01-20 00:00:00+00:00, run_after=2026-01-21 00:00:00+00:00
[2026-01-21T12:25:17.940+0000] {processor.py:183} INFO - Processing /home/airflow/.local/lib/python3.8/site-packages/airflow/example_dags/example_dynamic_task_mapping_with_no_taskflow_operators.py took 0.108 seconds
[2026-01-21T12:25:48.397+0000] {processor.py:161} INFO - Started process (PID=24294) to work on /home/airflow/.local/lib/python3.8/site-packages/airflow/example_dags/example_dynamic_task_mapping_with_no_taskflow_operators.py
[2026-01-21T12:25:48.398+0000] {processor.py:830} INFO - Processing file /home/airflow/.local/lib/python3.8/site-packages/airflow/example_dags/example_dynamic_task_mapping_with_no_taskflow_operators.py for tasks to queue
[2026-01-21T12:25:48.402+0000] {logging_mixin.py:188} INFO - [2026-01-21T12:25:48.401+0000] {dagbag.py:538} INFO - Filling up the DagBag from /home/airflow/.local/lib/python3.8/site-packages/airflow/example_dags/example_dynamic_task_mapping_with_no_taskflow_operators.py
[2026-01-21T12:25:48.419+0000] {processor.py:840} INFO - DAG(s) 'example_dynamic_task_mapping_with_no_taskflow_operators' retrieved from /home/airflow/.local/lib/python3.8/site-packages/airflow/example_dags/example_dynamic_task_mapping_with_no_taskflow_operators.py
[2026-01-21T12:25:48.467+0000] {logging_mixin.py:188} INFO - [2026-01-21T12:25:48.466+0000] {dag.py:3036} INFO - Sync 1 DAGs
[2026-01-21T12:25:48.512+0000] {logging_mixin.py:188} INFO - [2026-01-21T12:25:48.511+0000] {dag.py:3823} INFO - Setting next_dagrun for example_dynamic_task_mapping_with_no_taskflow_operators to 2026-01-20 00:00:00+00:00, run_after=2026-01-21 00:00:00+00:00
[2026-01-21T12:25:48.545+0000] {processor.py:183} INFO - Processing /home/airflow/.local/lib/python3.8/site-packages/airflow/example_dags/example_dynamic_task_mapping_with_no_taskflow_operators.py took 0.154 seconds
[2026-01-21T12:26:19.052+0000] {processor.py:161} INFO - Started process (PID=24360) to work on /home/airflow/.local/lib/python3.8/site-packages/airflow/example_dags/example_dynamic_task_mapping_with_no_taskflow_operators.py
[2026-01-21T12:26:19.054+0000] {processor.py:830} INFO - Processing file /home/airflow/.local/lib/python3.8/site-packages/airflow/example_dags/example_dynamic_task_mapping_with_no_taskflow_operators.py for tasks to queue
[2026-01-21T12:26:19.056+0000] {logging_mixin.py:188} INFO - [2026-01-21T12:26:19.056+0000] {dagbag.py:538} INFO - Filling up the DagBag from /home/airflow/.local/lib/python3.8/site-packages/airflow/example_dags/example_dynamic_task_mapping_with_no_taskflow_operators.py
[2026-01-21T12:26:19.064+0000] {processor.py:840} INFO - DAG(s) 'example_dynamic_task_mapping_with_no_taskflow_operators' retrieved from /home/airflow/.local/lib/python3.8/site-packages/airflow/example_dags/example_dynamic_task_mapping_with_no_taskflow_operators.py
[2026-01-21T12:26:19.093+0000] {logging_mixin.py:188} INFO - [2026-01-21T12:26:19.093+0000] {dag.py:3036} INFO - Sync 1 DAGs
[2026-01-21T12:26:19.127+0000] {logging_mixin.py:188} INFO - [2026-01-21T12:26:19.126+0000] {dag.py:3823} INFO - Setting next_dagrun for example_dynamic_task_mapping_with_no_taskflow_operators to 2026-01-20 00:00:00+00:00, run_after=2026-01-21 00:00:00+00:00
[2026-01-21T12:26:19.156+0000] {processor.py:183} INFO - Processing /home/airflow/.local/lib/python3.8/site-packages/airflow/example_dags/example_dynamic_task_mapping_with_no_taskflow_operators.py took 0.109 seconds
[2026-01-21T12:26:49.674+0000] {processor.py:161} INFO - Started process (PID=24427) to work on /home/airflow/.local/lib/python3.8/site-packages/airflow/example_dags/example_dynamic_task_mapping_with_no_taskflow_operators.py
[2026-01-21T12:26:49.675+0000] {processor.py:830} INFO - Processing file /home/airflow/.local/lib/python3.8/site-packages/airflow/example_dags/example_dynamic_task_mapping_with_no_taskflow_operators.py for tasks to queue
[2026-01-21T12:26:49.678+0000] {logging_mixin.py:188} INFO - [2026-01-21T12:26:49.677+0000] {dagbag.py:538} INFO - Filling up the DagBag from /home/airflow/.local/lib/python3.8/site-packages/airflow/example_dags/example_dynamic_task_mapping_with_no_taskflow_operators.py
[2026-01-21T12:26:49.686+0000] {processor.py:840} INFO - DAG(s) 'example_dynamic_task_mapping_with_no_taskflow_operators' retrieved from /home/airflow/.local/lib/python3.8/site-packages/airflow/example_dags/example_dynamic_task_mapping_with_no_taskflow_operators.py
[2026-01-21T12:26:49.713+0000] {logging_mixin.py:188} INFO - [2026-01-21T12:26:49.712+0000] {dag.py:3036} INFO - Sync 1 DAGs
[2026-01-21T12:26:49.744+0000] {logging_mixin.py:188} INFO - [2026-01-21T12:26:49.743+0000] {dag.py:3823} INFO - Setting next_dagrun for example_dynamic_task_mapping_with_no_taskflow_operators to 2026-01-20 00:00:00+00:00, run_after=2026-01-21 00:00:00+00:00
[2026-01-21T12:26:49.767+0000] {processor.py:183} INFO - Processing /home/airflow/.local/lib/python3.8/site-packages/airflow/example_dags/example_dynamic_task_mapping_with_no_taskflow_operators.py took 0.097 seconds
[2026-01-21T12:27:19.857+0000] {processor.py:161} INFO - Started process (PID=24493) to work on /home/airflow/.local/lib/python3.8/site-packages/airflow/example_dags/example_dynamic_task_mapping_with_no_taskflow_operators.py
[2026-01-21T12:27:19.859+0000] {processor.py:830} INFO - Processing file /home/airflow/.local/lib/python3.8/site-packages/airflow/example_dags/example_dynamic_task_mapping_with_no_taskflow_operators.py for tasks to queue
[2026-01-21T12:27:19.861+0000] {logging_mixin.py:188} INFO - [2026-01-21T12:27:19.861+0000] {dagbag.py:538} INFO - Filling up the DagBag from /home/airflow/.local/lib/python3.8/site-packages/airflow/example_dags/example_dynamic_task_mapping_with_no_taskflow_operators.py
[2026-01-21T12:27:19.869+0000] {processor.py:840} INFO - DAG(s) 'example_dynamic_task_mapping_with_no_taskflow_operators' retrieved from /home/airflow/.local/lib/python3.8/site-packages/airflow/example_dags/example_dynamic_task_mapping_with_no_taskflow_operators.py
[2026-01-21T12:27:19.899+0000] {logging_mixin.py:188} INFO - [2026-01-21T12:27:19.899+0000] {dag.py:3036} INFO - Sync 1 DAGs
[2026-01-21T12:27:19.931+0000] {logging_mixin.py:188} INFO - [2026-01-21T12:27:19.930+0000] {dag.py:3823} INFO - Setting next_dagrun for example_dynamic_task_mapping_with_no_taskflow_operators to 2026-01-20 00:00:00+00:00, run_after=2026-01-21 00:00:00+00:00
[2026-01-21T12:27:19.954+0000] {processor.py:183} INFO - Processing /home/airflow/.local/lib/python3.8/site-packages/airflow/example_dags/example_dynamic_task_mapping_with_no_taskflow_operators.py took 0.101 seconds
[2026-01-21T12:27:50.746+0000] {processor.py:161} INFO - Started process (PID=24556) to work on /home/airflow/.local/lib/python3.8/site-packages/airflow/example_dags/example_dynamic_task_mapping_with_no_taskflow_operators.py
[2026-01-21T12:27:50.747+0000] {processor.py:830} INFO - Processing file /home/airflow/.local/lib/python3.8/site-packages/airflow/example_dags/example_dynamic_task_mapping_with_no_taskflow_operators.py for tasks to queue
[2026-01-21T12:27:50.750+0000] {logging_mixin.py:188} INFO - [2026-01-21T12:27:50.749+0000] {dagbag.py:538} INFO - Filling up the DagBag from /home/airflow/.local/lib/python3.8/site-packages/airflow/example_dags/example_dynamic_task_mapping_with_no_taskflow_operators.py
[2026-01-21T12:27:50.759+0000] {processor.py:840} INFO - DAG(s) 'example_dynamic_task_mapping_with_no_taskflow_operators' retrieved from /home/airflow/.local/lib/python3.8/site-packages/airflow/example_dags/example_dynamic_task_mapping_with_no_taskflow_operators.py
[2026-01-21T12:27:50.788+0000] {logging_mixin.py:188} INFO - [2026-01-21T12:27:50.788+0000] {dag.py:3036} INFO - Sync 1 DAGs
[2026-01-21T12:27:50.821+0000] {logging_mixin.py:188} INFO - [2026-01-21T12:27:50.821+0000] {dag.py:3823} INFO - Setting next_dagrun for example_dynamic_task_mapping_with_no_taskflow_operators to 2026-01-20 00:00:00+00:00, run_after=2026-01-21 00:00:00+00:00
[2026-01-21T12:27:50.868+0000] {processor.py:183} INFO - Processing /home/airflow/.local/lib/python3.8/site-packages/airflow/example_dags/example_dynamic_task_mapping_with_no_taskflow_operators.py took 0.127 seconds
[2026-01-21T12:28:21.112+0000] {processor.py:161} INFO - Started process (PID=24622) to work on /home/airflow/.local/lib/python3.8/site-packages/airflow/example_dags/example_dynamic_task_mapping_with_no_taskflow_operators.py
[2026-01-21T12:28:21.114+0000] {processor.py:830} INFO - Processing file /home/airflow/.local/lib/python3.8/site-packages/airflow/example_dags/example_dynamic_task_mapping_with_no_taskflow_operators.py for tasks to queue
[2026-01-21T12:28:21.116+0000] {logging_mixin.py:188} INFO - [2026-01-21T12:28:21.115+0000] {dagbag.py:538} INFO - Filling up the DagBag from /home/airflow/.local/lib/python3.8/site-packages/airflow/example_dags/example_dynamic_task_mapping_with_no_taskflow_operators.py
[2026-01-21T12:28:21.124+0000] {processor.py:840} INFO - DAG(s) 'example_dynamic_task_mapping_with_no_taskflow_operators' retrieved from /home/airflow/.local/lib/python3.8/site-packages/airflow/example_dags/example_dynamic_task_mapping_with_no_taskflow_operators.py
[2026-01-21T12:28:21.151+0000] {logging_mixin.py:188} INFO - [2026-01-21T12:28:21.150+0000] {dag.py:3036} INFO - Sync 1 DAGs
[2026-01-21T12:28:21.182+0000] {logging_mixin.py:188} INFO - [2026-01-21T12:28:21.182+0000] {dag.py:3823} INFO - Setting next_dagrun for example_dynamic_task_mapping_with_no_taskflow_operators to 2026-01-20 00:00:00+00:00, run_after=2026-01-21 00:00:00+00:00
[2026-01-21T12:28:21.205+0000] {processor.py:183} INFO - Processing /home/airflow/.local/lib/python3.8/site-packages/airflow/example_dags/example_dynamic_task_mapping_with_no_taskflow_operators.py took 0.098 seconds
[2026-01-21T12:28:51.508+0000] {processor.py:161} INFO - Started process (PID=24694) to work on /home/airflow/.local/lib/python3.8/site-packages/airflow/example_dags/example_dynamic_task_mapping_with_no_taskflow_operators.py
[2026-01-21T12:28:51.509+0000] {processor.py:830} INFO - Processing file /home/airflow/.local/lib/python3.8/site-packages/airflow/example_dags/example_dynamic_task_mapping_with_no_taskflow_operators.py for tasks to queue
[2026-01-21T12:28:51.512+0000] {logging_mixin.py:188} INFO - [2026-01-21T12:28:51.511+0000] {dagbag.py:538} INFO - Filling up the DagBag from /home/airflow/.local/lib/python3.8/site-packages/airflow/example_dags/example_dynamic_task_mapping_with_no_taskflow_operators.py
[2026-01-21T12:28:51.522+0000] {processor.py:840} INFO - DAG(s) 'example_dynamic_task_mapping_with_no_taskflow_operators' retrieved from /home/airflow/.local/lib/python3.8/site-packages/airflow/example_dags/example_dynamic_task_mapping_with_no_taskflow_operators.py
[2026-01-21T12:28:51.553+0000] {logging_mixin.py:188} INFO - [2026-01-21T12:28:51.553+0000] {dag.py:3036} INFO - Sync 1 DAGs
[2026-01-21T12:28:51.600+0000] {logging_mixin.py:188} INFO - [2026-01-21T12:28:51.600+0000] {dag.py:3823} INFO - Setting next_dagrun for example_dynamic_task_mapping_with_no_taskflow_operators to 2026-01-20 00:00:00+00:00, run_after=2026-01-21 00:00:00+00:00
[2026-01-21T12:28:51.631+0000] {processor.py:183} INFO - Processing /home/airflow/.local/lib/python3.8/site-packages/airflow/example_dags/example_dynamic_task_mapping_with_no_taskflow_operators.py took 0.129 seconds
[2026-01-21T12:29:21.845+0000] {processor.py:161} INFO - Started process (PID=24758) to work on /home/airflow/.local/lib/python3.8/site-packages/airflow/example_dags/example_dynamic_task_mapping_with_no_taskflow_operators.py
[2026-01-21T12:29:21.846+0000] {processor.py:830} INFO - Processing file /home/airflow/.local/lib/python3.8/site-packages/airflow/example_dags/example_dynamic_task_mapping_with_no_taskflow_operators.py for tasks to queue
[2026-01-21T12:29:21.849+0000] {logging_mixin.py:188} INFO - [2026-01-21T12:29:21.849+0000] {dagbag.py:538} INFO - Filling up the DagBag from /home/airflow/.local/lib/python3.8/site-packages/airflow/example_dags/example_dynamic_task_mapping_with_no_taskflow_operators.py
[2026-01-21T12:29:21.859+0000] {processor.py:840} INFO - DAG(s) 'example_dynamic_task_mapping_with_no_taskflow_operators' retrieved from /home/airflow/.local/lib/python3.8/site-packages/airflow/example_dags/example_dynamic_task_mapping_with_no_taskflow_operators.py
[2026-01-21T12:29:21.888+0000] {logging_mixin.py:188} INFO - [2026-01-21T12:29:21.887+0000] {dag.py:3036} INFO - Sync 1 DAGs
[2026-01-21T12:29:21.922+0000] {logging_mixin.py:188} INFO - [2026-01-21T12:29:21.922+0000] {dag.py:3823} INFO - Setting next_dagrun for example_dynamic_task_mapping_with_no_taskflow_operators to 2026-01-20 00:00:00+00:00, run_after=2026-01-21 00:00:00+00:00
[2026-01-21T12:29:21.949+0000] {processor.py:183} INFO - Processing /home/airflow/.local/lib/python3.8/site-packages/airflow/example_dags/example_dynamic_task_mapping_with_no_taskflow_operators.py took 0.110 seconds
[2026-01-21T12:29:52.103+0000] {processor.py:161} INFO - Started process (PID=24824) to work on /home/airflow/.local/lib/python3.8/site-packages/airflow/example_dags/example_dynamic_task_mapping_with_no_taskflow_operators.py
[2026-01-21T12:29:52.105+0000] {processor.py:830} INFO - Processing file /home/airflow/.local/lib/python3.8/site-packages/airflow/example_dags/example_dynamic_task_mapping_with_no_taskflow_operators.py for tasks to queue
[2026-01-21T12:29:52.107+0000] {logging_mixin.py:188} INFO - [2026-01-21T12:29:52.107+0000] {dagbag.py:538} INFO - Filling up the DagBag from /home/airflow/.local/lib/python3.8/site-packages/airflow/example_dags/example_dynamic_task_mapping_with_no_taskflow_operators.py
[2026-01-21T12:29:52.117+0000] {processor.py:840} INFO - DAG(s) 'example_dynamic_task_mapping_with_no_taskflow_operators' retrieved from /home/airflow/.local/lib/python3.8/site-packages/airflow/example_dags/example_dynamic_task_mapping_with_no_taskflow_operators.py
[2026-01-21T12:29:52.147+0000] {logging_mixin.py:188} INFO - [2026-01-21T12:29:52.146+0000] {dag.py:3036} INFO - Sync 1 DAGs
[2026-01-21T12:29:52.180+0000] {logging_mixin.py:188} INFO - [2026-01-21T12:29:52.180+0000] {dag.py:3823} INFO - Setting next_dagrun for example_dynamic_task_mapping_with_no_taskflow_operators to 2026-01-20 00:00:00+00:00, run_after=2026-01-21 00:00:00+00:00
[2026-01-21T12:29:52.205+0000] {processor.py:183} INFO - Processing /home/airflow/.local/lib/python3.8/site-packages/airflow/example_dags/example_dynamic_task_mapping_with_no_taskflow_operators.py took 0.107 seconds
[2026-01-21T12:30:22.464+0000] {processor.py:161} INFO - Started process (PID=24890) to work on /home/airflow/.local/lib/python3.8/site-packages/airflow/example_dags/example_dynamic_task_mapping_with_no_taskflow_operators.py
[2026-01-21T12:30:22.467+0000] {processor.py:830} INFO - Processing file /home/airflow/.local/lib/python3.8/site-packages/airflow/example_dags/example_dynamic_task_mapping_with_no_taskflow_operators.py for tasks to queue
[2026-01-21T12:30:22.469+0000] {logging_mixin.py:188} INFO - [2026-01-21T12:30:22.469+0000] {dagbag.py:538} INFO - Filling up the DagBag from /home/airflow/.local/lib/python3.8/site-packages/airflow/example_dags/example_dynamic_task_mapping_with_no_taskflow_operators.py
[2026-01-21T12:30:22.480+0000] {processor.py:840} INFO - DAG(s) 'example_dynamic_task_mapping_with_no_taskflow_operators' retrieved from /home/airflow/.local/lib/python3.8/site-packages/airflow/example_dags/example_dynamic_task_mapping_with_no_taskflow_operators.py
[2026-01-21T12:30:22.512+0000] {logging_mixin.py:188} INFO - [2026-01-21T12:30:22.512+0000] {dag.py:3036} INFO - Sync 1 DAGs
[2026-01-21T12:30:22.552+0000] {logging_mixin.py:188} INFO - [2026-01-21T12:30:22.552+0000] {dag.py:3823} INFO - Setting next_dagrun for example_dynamic_task_mapping_with_no_taskflow_operators to 2026-01-20 00:00:00+00:00, run_after=2026-01-21 00:00:00+00:00
[2026-01-21T12:30:22.582+0000] {processor.py:183} INFO - Processing /home/airflow/.local/lib/python3.8/site-packages/airflow/example_dags/example_dynamic_task_mapping_with_no_taskflow_operators.py took 0.124 seconds
[2026-01-21T12:30:52.775+0000] {processor.py:161} INFO - Started process (PID=24955) to work on /home/airflow/.local/lib/python3.8/site-packages/airflow/example_dags/example_dynamic_task_mapping_with_no_taskflow_operators.py
[2026-01-21T12:30:52.776+0000] {processor.py:830} INFO - Processing file /home/airflow/.local/lib/python3.8/site-packages/airflow/example_dags/example_dynamic_task_mapping_with_no_taskflow_operators.py for tasks to queue
[2026-01-21T12:30:52.778+0000] {logging_mixin.py:188} INFO - [2026-01-21T12:30:52.778+0000] {dagbag.py:538} INFO - Filling up the DagBag from /home/airflow/.local/lib/python3.8/site-packages/airflow/example_dags/example_dynamic_task_mapping_with_no_taskflow_operators.py
[2026-01-21T12:30:52.786+0000] {processor.py:840} INFO - DAG(s) 'example_dynamic_task_mapping_with_no_taskflow_operators' retrieved from /home/airflow/.local/lib/python3.8/site-packages/airflow/example_dags/example_dynamic_task_mapping_with_no_taskflow_operators.py
[2026-01-21T12:30:52.818+0000] {logging_mixin.py:188} INFO - [2026-01-21T12:30:52.818+0000] {dag.py:3036} INFO - Sync 1 DAGs
[2026-01-21T12:30:52.860+0000] {logging_mixin.py:188} INFO - [2026-01-21T12:30:52.860+0000] {dag.py:3823} INFO - Setting next_dagrun for example_dynamic_task_mapping_with_no_taskflow_operators to 2026-01-20 00:00:00+00:00, run_after=2026-01-21 00:00:00+00:00
[2026-01-21T12:30:52.889+0000] {processor.py:183} INFO - Processing /home/airflow/.local/lib/python3.8/site-packages/airflow/example_dags/example_dynamic_task_mapping_with_no_taskflow_operators.py took 0.118 seconds
[2026-01-21T12:31:23.416+0000] {processor.py:161} INFO - Started process (PID=25021) to work on /home/airflow/.local/lib/python3.8/site-packages/airflow/example_dags/example_dynamic_task_mapping_with_no_taskflow_operators.py
[2026-01-21T12:31:23.417+0000] {processor.py:830} INFO - Processing file /home/airflow/.local/lib/python3.8/site-packages/airflow/example_dags/example_dynamic_task_mapping_with_no_taskflow_operators.py for tasks to queue
[2026-01-21T12:31:23.420+0000] {logging_mixin.py:188} INFO - [2026-01-21T12:31:23.420+0000] {dagbag.py:538} INFO - Filling up the DagBag from /home/airflow/.local/lib/python3.8/site-packages/airflow/example_dags/example_dynamic_task_mapping_with_no_taskflow_operators.py
[2026-01-21T12:31:23.430+0000] {processor.py:840} INFO - DAG(s) 'example_dynamic_task_mapping_with_no_taskflow_operators' retrieved from /home/airflow/.local/lib/python3.8/site-packages/airflow/example_dags/example_dynamic_task_mapping_with_no_taskflow_operators.py
[2026-01-21T12:31:23.458+0000] {logging_mixin.py:188} INFO - [2026-01-21T12:31:23.458+0000] {dag.py:3036} INFO - Sync 1 DAGs
[2026-01-21T12:31:23.490+0000] {logging_mixin.py:188} INFO - [2026-01-21T12:31:23.490+0000] {dag.py:3823} INFO - Setting next_dagrun for example_dynamic_task_mapping_with_no_taskflow_operators to 2026-01-20 00:00:00+00:00, run_after=2026-01-21 00:00:00+00:00
[2026-01-21T12:31:23.512+0000] {processor.py:183} INFO - Processing /home/airflow/.local/lib/python3.8/site-packages/airflow/example_dags/example_dynamic_task_mapping_with_no_taskflow_operators.py took 0.102 seconds
[2026-01-21T12:31:54.117+0000] {processor.py:161} INFO - Started process (PID=25094) to work on /home/airflow/.local/lib/python3.8/site-packages/airflow/example_dags/example_dynamic_task_mapping_with_no_taskflow_operators.py
[2026-01-21T12:31:54.119+0000] {processor.py:830} INFO - Processing file /home/airflow/.local/lib/python3.8/site-packages/airflow/example_dags/example_dynamic_task_mapping_with_no_taskflow_operators.py for tasks to queue
[2026-01-21T12:31:54.122+0000] {logging_mixin.py:188} INFO - [2026-01-21T12:31:54.121+0000] {dagbag.py:538} INFO - Filling up the DagBag from /home/airflow/.local/lib/python3.8/site-packages/airflow/example_dags/example_dynamic_task_mapping_with_no_taskflow_operators.py
[2026-01-21T12:31:54.132+0000] {processor.py:840} INFO - DAG(s) 'example_dynamic_task_mapping_with_no_taskflow_operators' retrieved from /home/airflow/.local/lib/python3.8/site-packages/airflow/example_dags/example_dynamic_task_mapping_with_no_taskflow_operators.py
[2026-01-21T12:31:54.162+0000] {logging_mixin.py:188} INFO - [2026-01-21T12:31:54.162+0000] {dag.py:3036} INFO - Sync 1 DAGs
[2026-01-21T12:31:54.197+0000] {logging_mixin.py:188} INFO - [2026-01-21T12:31:54.197+0000] {dag.py:3823} INFO - Setting next_dagrun for example_dynamic_task_mapping_with_no_taskflow_operators to 2026-01-20 00:00:00+00:00, run_after=2026-01-21 00:00:00+00:00
[2026-01-21T12:31:54.222+0000] {processor.py:183} INFO - Processing /home/airflow/.local/lib/python3.8/site-packages/airflow/example_dags/example_dynamic_task_mapping_with_no_taskflow_operators.py took 0.111 seconds
[2026-01-21T12:32:24.284+0000] {processor.py:161} INFO - Started process (PID=25160) to work on /home/airflow/.local/lib/python3.8/site-packages/airflow/example_dags/example_dynamic_task_mapping_with_no_taskflow_operators.py
[2026-01-21T12:32:24.285+0000] {processor.py:830} INFO - Processing file /home/airflow/.local/lib/python3.8/site-packages/airflow/example_dags/example_dynamic_task_mapping_with_no_taskflow_operators.py for tasks to queue
[2026-01-21T12:32:24.287+0000] {logging_mixin.py:188} INFO - [2026-01-21T12:32:24.287+0000] {dagbag.py:538} INFO - Filling up the DagBag from /home/airflow/.local/lib/python3.8/site-packages/airflow/example_dags/example_dynamic_task_mapping_with_no_taskflow_operators.py
[2026-01-21T12:32:24.295+0000] {processor.py:840} INFO - DAG(s) 'example_dynamic_task_mapping_with_no_taskflow_operators' retrieved from /home/airflow/.local/lib/python3.8/site-packages/airflow/example_dags/example_dynamic_task_mapping_with_no_taskflow_operators.py
[2026-01-21T12:32:24.326+0000] {logging_mixin.py:188} INFO - [2026-01-21T12:32:24.325+0000] {dag.py:3036} INFO - Sync 1 DAGs
[2026-01-21T12:32:24.359+0000] {logging_mixin.py:188} INFO - [2026-01-21T12:32:24.359+0000] {dag.py:3823} INFO - Setting next_dagrun for example_dynamic_task_mapping_with_no_taskflow_operators to 2026-01-20 00:00:00+00:00, run_after=2026-01-21 00:00:00+00:00
[2026-01-21T12:32:24.385+0000] {processor.py:183} INFO - Processing /home/airflow/.local/lib/python3.8/site-packages/airflow/example_dags/example_dynamic_task_mapping_with_no_taskflow_operators.py took 0.106 seconds
[2026-01-21T12:32:54.807+0000] {processor.py:161} INFO - Started process (PID=25226) to work on /home/airflow/.local/lib/python3.8/site-packages/airflow/example_dags/example_dynamic_task_mapping_with_no_taskflow_operators.py
[2026-01-21T12:32:54.809+0000] {processor.py:830} INFO - Processing file /home/airflow/.local/lib/python3.8/site-packages/airflow/example_dags/example_dynamic_task_mapping_with_no_taskflow_operators.py for tasks to queue
[2026-01-21T12:32:54.812+0000] {logging_mixin.py:188} INFO - [2026-01-21T12:32:54.812+0000] {dagbag.py:538} INFO - Filling up the DagBag from /home/airflow/.local/lib/python3.8/site-packages/airflow/example_dags/example_dynamic_task_mapping_with_no_taskflow_operators.py
[2026-01-21T12:32:54.822+0000] {processor.py:840} INFO - DAG(s) 'example_dynamic_task_mapping_with_no_taskflow_operators' retrieved from /home/airflow/.local/lib/python3.8/site-packages/airflow/example_dags/example_dynamic_task_mapping_with_no_taskflow_operators.py
[2026-01-21T12:32:54.856+0000] {logging_mixin.py:188} INFO - [2026-01-21T12:32:54.856+0000] {dag.py:3036} INFO - Sync 1 DAGs
[2026-01-21T12:32:54.893+0000] {logging_mixin.py:188} INFO - [2026-01-21T12:32:54.893+0000] {dag.py:3823} INFO - Setting next_dagrun for example_dynamic_task_mapping_with_no_taskflow_operators to 2026-01-20 00:00:00+00:00, run_after=2026-01-21 00:00:00+00:00
[2026-01-21T12:32:54.918+0000] {processor.py:183} INFO - Processing /home/airflow/.local/lib/python3.8/site-packages/airflow/example_dags/example_dynamic_task_mapping_with_no_taskflow_operators.py took 0.116 seconds
[2026-01-21T12:33:25.509+0000] {processor.py:161} INFO - Started process (PID=25292) to work on /home/airflow/.local/lib/python3.8/site-packages/airflow/example_dags/example_dynamic_task_mapping_with_no_taskflow_operators.py
[2026-01-21T12:33:25.511+0000] {processor.py:830} INFO - Processing file /home/airflow/.local/lib/python3.8/site-packages/airflow/example_dags/example_dynamic_task_mapping_with_no_taskflow_operators.py for tasks to queue
[2026-01-21T12:33:25.514+0000] {logging_mixin.py:188} INFO - [2026-01-21T12:33:25.513+0000] {dagbag.py:538} INFO - Filling up the DagBag from /home/airflow/.local/lib/python3.8/site-packages/airflow/example_dags/example_dynamic_task_mapping_with_no_taskflow_operators.py
[2026-01-21T12:33:25.524+0000] {processor.py:840} INFO - DAG(s) 'example_dynamic_task_mapping_with_no_taskflow_operators' retrieved from /home/airflow/.local/lib/python3.8/site-packages/airflow/example_dags/example_dynamic_task_mapping_with_no_taskflow_operators.py
[2026-01-21T12:33:25.556+0000] {logging_mixin.py:188} INFO - [2026-01-21T12:33:25.556+0000] {dag.py:3036} INFO - Sync 1 DAGs
[2026-01-21T12:33:25.591+0000] {logging_mixin.py:188} INFO - [2026-01-21T12:33:25.591+0000] {dag.py:3823} INFO - Setting next_dagrun for example_dynamic_task_mapping_with_no_taskflow_operators to 2026-01-20 00:00:00+00:00, run_after=2026-01-21 00:00:00+00:00
[2026-01-21T12:33:25.620+0000] {processor.py:183} INFO - Processing /home/airflow/.local/lib/python3.8/site-packages/airflow/example_dags/example_dynamic_task_mapping_with_no_taskflow_operators.py took 0.117 seconds
[2026-01-21T12:33:56.223+0000] {processor.py:161} INFO - Started process (PID=25357) to work on /home/airflow/.local/lib/python3.8/site-packages/airflow/example_dags/example_dynamic_task_mapping_with_no_taskflow_operators.py
[2026-01-21T12:33:56.226+0000] {processor.py:830} INFO - Processing file /home/airflow/.local/lib/python3.8/site-packages/airflow/example_dags/example_dynamic_task_mapping_with_no_taskflow_operators.py for tasks to queue
[2026-01-21T12:33:56.228+0000] {logging_mixin.py:188} INFO - [2026-01-21T12:33:56.228+0000] {dagbag.py:538} INFO - Filling up the DagBag from /home/airflow/.local/lib/python3.8/site-packages/airflow/example_dags/example_dynamic_task_mapping_with_no_taskflow_operators.py
[2026-01-21T12:33:56.238+0000] {processor.py:840} INFO - DAG(s) 'example_dynamic_task_mapping_with_no_taskflow_operators' retrieved from /home/airflow/.local/lib/python3.8/site-packages/airflow/example_dags/example_dynamic_task_mapping_with_no_taskflow_operators.py
[2026-01-21T12:33:56.265+0000] {logging_mixin.py:188} INFO - [2026-01-21T12:33:56.265+0000] {dag.py:3036} INFO - Sync 1 DAGs
[2026-01-21T12:33:56.297+0000] {logging_mixin.py:188} INFO - [2026-01-21T12:33:56.296+0000] {dag.py:3823} INFO - Setting next_dagrun for example_dynamic_task_mapping_with_no_taskflow_operators to 2026-01-20 00:00:00+00:00, run_after=2026-01-21 00:00:00+00:00
[2026-01-21T12:33:56.320+0000] {processor.py:183} INFO - Processing /home/airflow/.local/lib/python3.8/site-packages/airflow/example_dags/example_dynamic_task_mapping_with_no_taskflow_operators.py took 0.102 seconds
[2026-01-21T12:34:26.969+0000] {processor.py:161} INFO - Started process (PID=25422) to work on /home/airflow/.local/lib/python3.8/site-packages/airflow/example_dags/example_dynamic_task_mapping_with_no_taskflow_operators.py
[2026-01-21T12:34:26.971+0000] {processor.py:830} INFO - Processing file /home/airflow/.local/lib/python3.8/site-packages/airflow/example_dags/example_dynamic_task_mapping_with_no_taskflow_operators.py for tasks to queue
[2026-01-21T12:34:26.973+0000] {logging_mixin.py:188} INFO - [2026-01-21T12:34:26.973+0000] {dagbag.py:538} INFO - Filling up the DagBag from /home/airflow/.local/lib/python3.8/site-packages/airflow/example_dags/example_dynamic_task_mapping_with_no_taskflow_operators.py
[2026-01-21T12:34:26.981+0000] {processor.py:840} INFO - DAG(s) 'example_dynamic_task_mapping_with_no_taskflow_operators' retrieved from /home/airflow/.local/lib/python3.8/site-packages/airflow/example_dags/example_dynamic_task_mapping_with_no_taskflow_operators.py
[2026-01-21T12:34:27.008+0000] {logging_mixin.py:188} INFO - [2026-01-21T12:34:27.008+0000] {dag.py:3036} INFO - Sync 1 DAGs
[2026-01-21T12:34:27.040+0000] {logging_mixin.py:188} INFO - [2026-01-21T12:34:27.040+0000] {dag.py:3823} INFO - Setting next_dagrun for example_dynamic_task_mapping_with_no_taskflow_operators to 2026-01-20 00:00:00+00:00, run_after=2026-01-21 00:00:00+00:00
[2026-01-21T12:34:27.062+0000] {processor.py:183} INFO - Processing /home/airflow/.local/lib/python3.8/site-packages/airflow/example_dags/example_dynamic_task_mapping_with_no_taskflow_operators.py took 0.097 seconds
[2026-01-21T12:34:57.516+0000] {processor.py:161} INFO - Started process (PID=25487) to work on /home/airflow/.local/lib/python3.8/site-packages/airflow/example_dags/example_dynamic_task_mapping_with_no_taskflow_operators.py
[2026-01-21T12:34:57.517+0000] {processor.py:830} INFO - Processing file /home/airflow/.local/lib/python3.8/site-packages/airflow/example_dags/example_dynamic_task_mapping_with_no_taskflow_operators.py for tasks to queue
[2026-01-21T12:34:57.519+0000] {logging_mixin.py:188} INFO - [2026-01-21T12:34:57.519+0000] {dagbag.py:538} INFO - Filling up the DagBag from /home/airflow/.local/lib/python3.8/site-packages/airflow/example_dags/example_dynamic_task_mapping_with_no_taskflow_operators.py
[2026-01-21T12:34:57.528+0000] {processor.py:840} INFO - DAG(s) 'example_dynamic_task_mapping_with_no_taskflow_operators' retrieved from /home/airflow/.local/lib/python3.8/site-packages/airflow/example_dags/example_dynamic_task_mapping_with_no_taskflow_operators.py
[2026-01-21T12:34:57.556+0000] {logging_mixin.py:188} INFO - [2026-01-21T12:34:57.555+0000] {dag.py:3036} INFO - Sync 1 DAGs
[2026-01-21T12:34:57.588+0000] {logging_mixin.py:188} INFO - [2026-01-21T12:34:57.588+0000] {dag.py:3823} INFO - Setting next_dagrun for example_dynamic_task_mapping_with_no_taskflow_operators to 2026-01-20 00:00:00+00:00, run_after=2026-01-21 00:00:00+00:00
[2026-01-21T12:34:57.612+0000] {processor.py:183} INFO - Processing /home/airflow/.local/lib/python3.8/site-packages/airflow/example_dags/example_dynamic_task_mapping_with_no_taskflow_operators.py took 0.116 seconds
[2026-01-21T12:35:28.024+0000] {processor.py:161} INFO - Started process (PID=25560) to work on /home/airflow/.local/lib/python3.8/site-packages/airflow/example_dags/example_dynamic_task_mapping_with_no_taskflow_operators.py
[2026-01-21T12:35:28.026+0000] {processor.py:830} INFO - Processing file /home/airflow/.local/lib/python3.8/site-packages/airflow/example_dags/example_dynamic_task_mapping_with_no_taskflow_operators.py for tasks to queue
[2026-01-21T12:35:28.029+0000] {logging_mixin.py:188} INFO - [2026-01-21T12:35:28.029+0000] {dagbag.py:538} INFO - Filling up the DagBag from /home/airflow/.local/lib/python3.8/site-packages/airflow/example_dags/example_dynamic_task_mapping_with_no_taskflow_operators.py
[2026-01-21T12:35:28.039+0000] {processor.py:840} INFO - DAG(s) 'example_dynamic_task_mapping_with_no_taskflow_operators' retrieved from /home/airflow/.local/lib/python3.8/site-packages/airflow/example_dags/example_dynamic_task_mapping_with_no_taskflow_operators.py
[2026-01-21T12:35:28.067+0000] {logging_mixin.py:188} INFO - [2026-01-21T12:35:28.067+0000] {dag.py:3036} INFO - Sync 1 DAGs
[2026-01-21T12:35:28.103+0000] {logging_mixin.py:188} INFO - [2026-01-21T12:35:28.102+0000] {dag.py:3823} INFO - Setting next_dagrun for example_dynamic_task_mapping_with_no_taskflow_operators to 2026-01-20 00:00:00+00:00, run_after=2026-01-21 00:00:00+00:00
[2026-01-21T12:35:28.127+0000] {processor.py:183} INFO - Processing /home/airflow/.local/lib/python3.8/site-packages/airflow/example_dags/example_dynamic_task_mapping_with_no_taskflow_operators.py took 0.109 seconds
[2026-01-21T12:35:58.741+0000] {processor.py:161} INFO - Started process (PID=25627) to work on /home/airflow/.local/lib/python3.8/site-packages/airflow/example_dags/example_dynamic_task_mapping_with_no_taskflow_operators.py
[2026-01-21T12:35:58.742+0000] {processor.py:830} INFO - Processing file /home/airflow/.local/lib/python3.8/site-packages/airflow/example_dags/example_dynamic_task_mapping_with_no_taskflow_operators.py for tasks to queue
[2026-01-21T12:35:58.745+0000] {logging_mixin.py:188} INFO - [2026-01-21T12:35:58.745+0000] {dagbag.py:538} INFO - Filling up the DagBag from /home/airflow/.local/lib/python3.8/site-packages/airflow/example_dags/example_dynamic_task_mapping_with_no_taskflow_operators.py
[2026-01-21T12:35:58.755+0000] {processor.py:840} INFO - DAG(s) 'example_dynamic_task_mapping_with_no_taskflow_operators' retrieved from /home/airflow/.local/lib/python3.8/site-packages/airflow/example_dags/example_dynamic_task_mapping_with_no_taskflow_operators.py
[2026-01-21T12:35:58.789+0000] {logging_mixin.py:188} INFO - [2026-01-21T12:35:58.789+0000] {dag.py:3036} INFO - Sync 1 DAGs
[2026-01-21T12:35:58.834+0000] {logging_mixin.py:188} INFO - [2026-01-21T12:35:58.833+0000] {dag.py:3823} INFO - Setting next_dagrun for example_dynamic_task_mapping_with_no_taskflow_operators to 2026-01-20 00:00:00+00:00, run_after=2026-01-21 00:00:00+00:00
[2026-01-21T12:35:58.864+0000] {processor.py:183} INFO - Processing /home/airflow/.local/lib/python3.8/site-packages/airflow/example_dags/example_dynamic_task_mapping_with_no_taskflow_operators.py took 0.129 seconds
[2026-01-21T12:36:29.194+0000] {processor.py:161} INFO - Started process (PID=25693) to work on /home/airflow/.local/lib/python3.8/site-packages/airflow/example_dags/example_dynamic_task_mapping_with_no_taskflow_operators.py
[2026-01-21T12:36:29.196+0000] {processor.py:830} INFO - Processing file /home/airflow/.local/lib/python3.8/site-packages/airflow/example_dags/example_dynamic_task_mapping_with_no_taskflow_operators.py for tasks to queue
[2026-01-21T12:36:29.198+0000] {logging_mixin.py:188} INFO - [2026-01-21T12:36:29.198+0000] {dagbag.py:538} INFO - Filling up the DagBag from /home/airflow/.local/lib/python3.8/site-packages/airflow/example_dags/example_dynamic_task_mapping_with_no_taskflow_operators.py
[2026-01-21T12:36:29.206+0000] {processor.py:840} INFO - DAG(s) 'example_dynamic_task_mapping_with_no_taskflow_operators' retrieved from /home/airflow/.local/lib/python3.8/site-packages/airflow/example_dags/example_dynamic_task_mapping_with_no_taskflow_operators.py
[2026-01-21T12:36:29.233+0000] {logging_mixin.py:188} INFO - [2026-01-21T12:36:29.233+0000] {dag.py:3036} INFO - Sync 1 DAGs
[2026-01-21T12:36:29.265+0000] {logging_mixin.py:188} INFO - [2026-01-21T12:36:29.265+0000] {dag.py:3823} INFO - Setting next_dagrun for example_dynamic_task_mapping_with_no_taskflow_operators to 2026-01-20 00:00:00+00:00, run_after=2026-01-21 00:00:00+00:00
[2026-01-21T12:36:29.290+0000] {processor.py:183} INFO - Processing /home/airflow/.local/lib/python3.8/site-packages/airflow/example_dags/example_dynamic_task_mapping_with_no_taskflow_operators.py took 0.101 seconds
[2026-01-21T12:36:59.455+0000] {processor.py:161} INFO - Started process (PID=25760) to work on /home/airflow/.local/lib/python3.8/site-packages/airflow/example_dags/example_dynamic_task_mapping_with_no_taskflow_operators.py
[2026-01-21T12:36:59.456+0000] {processor.py:830} INFO - Processing file /home/airflow/.local/lib/python3.8/site-packages/airflow/example_dags/example_dynamic_task_mapping_with_no_taskflow_operators.py for tasks to queue
[2026-01-21T12:36:59.459+0000] {logging_mixin.py:188} INFO - [2026-01-21T12:36:59.458+0000] {dagbag.py:538} INFO - Filling up the DagBag from /home/airflow/.local/lib/python3.8/site-packages/airflow/example_dags/example_dynamic_task_mapping_with_no_taskflow_operators.py
[2026-01-21T12:36:59.467+0000] {processor.py:840} INFO - DAG(s) 'example_dynamic_task_mapping_with_no_taskflow_operators' retrieved from /home/airflow/.local/lib/python3.8/site-packages/airflow/example_dags/example_dynamic_task_mapping_with_no_taskflow_operators.py
[2026-01-21T12:36:59.494+0000] {logging_mixin.py:188} INFO - [2026-01-21T12:36:59.493+0000] {dag.py:3036} INFO - Sync 1 DAGs
[2026-01-21T12:36:59.525+0000] {logging_mixin.py:188} INFO - [2026-01-21T12:36:59.525+0000] {dag.py:3823} INFO - Setting next_dagrun for example_dynamic_task_mapping_with_no_taskflow_operators to 2026-01-20 00:00:00+00:00, run_after=2026-01-21 00:00:00+00:00
[2026-01-21T12:36:59.550+0000] {processor.py:183} INFO - Processing /home/airflow/.local/lib/python3.8/site-packages/airflow/example_dags/example_dynamic_task_mapping_with_no_taskflow_operators.py took 0.100 seconds
[2026-01-21T12:37:29.920+0000] {processor.py:161} INFO - Started process (PID=25827) to work on /home/airflow/.local/lib/python3.8/site-packages/airflow/example_dags/example_dynamic_task_mapping_with_no_taskflow_operators.py
[2026-01-21T12:37:29.922+0000] {processor.py:830} INFO - Processing file /home/airflow/.local/lib/python3.8/site-packages/airflow/example_dags/example_dynamic_task_mapping_with_no_taskflow_operators.py for tasks to queue
[2026-01-21T12:37:29.926+0000] {logging_mixin.py:188} INFO - [2026-01-21T12:37:29.925+0000] {dagbag.py:538} INFO - Filling up the DagBag from /home/airflow/.local/lib/python3.8/site-packages/airflow/example_dags/example_dynamic_task_mapping_with_no_taskflow_operators.py
[2026-01-21T12:37:29.935+0000] {processor.py:840} INFO - DAG(s) 'example_dynamic_task_mapping_with_no_taskflow_operators' retrieved from /home/airflow/.local/lib/python3.8/site-packages/airflow/example_dags/example_dynamic_task_mapping_with_no_taskflow_operators.py
[2026-01-21T12:37:29.962+0000] {logging_mixin.py:188} INFO - [2026-01-21T12:37:29.962+0000] {dag.py:3036} INFO - Sync 1 DAGs
[2026-01-21T12:37:29.994+0000] {logging_mixin.py:188} INFO - [2026-01-21T12:37:29.994+0000] {dag.py:3823} INFO - Setting next_dagrun for example_dynamic_task_mapping_with_no_taskflow_operators to 2026-01-20 00:00:00+00:00, run_after=2026-01-21 00:00:00+00:00
[2026-01-21T12:37:30.018+0000] {processor.py:183} INFO - Processing /home/airflow/.local/lib/python3.8/site-packages/airflow/example_dags/example_dynamic_task_mapping_with_no_taskflow_operators.py took 0.104 seconds
[2026-01-21T12:38:00.573+0000] {processor.py:161} INFO - Started process (PID=25892) to work on /home/airflow/.local/lib/python3.8/site-packages/airflow/example_dags/example_dynamic_task_mapping_with_no_taskflow_operators.py
[2026-01-21T12:38:00.575+0000] {processor.py:830} INFO - Processing file /home/airflow/.local/lib/python3.8/site-packages/airflow/example_dags/example_dynamic_task_mapping_with_no_taskflow_operators.py for tasks to queue
[2026-01-21T12:38:00.577+0000] {logging_mixin.py:188} INFO - [2026-01-21T12:38:00.577+0000] {dagbag.py:538} INFO - Filling up the DagBag from /home/airflow/.local/lib/python3.8/site-packages/airflow/example_dags/example_dynamic_task_mapping_with_no_taskflow_operators.py
[2026-01-21T12:38:00.586+0000] {processor.py:840} INFO - DAG(s) 'example_dynamic_task_mapping_with_no_taskflow_operators' retrieved from /home/airflow/.local/lib/python3.8/site-packages/airflow/example_dags/example_dynamic_task_mapping_with_no_taskflow_operators.py
[2026-01-21T12:38:00.613+0000] {logging_mixin.py:188} INFO - [2026-01-21T12:38:00.613+0000] {dag.py:3036} INFO - Sync 1 DAGs
[2026-01-21T12:38:00.646+0000] {logging_mixin.py:188} INFO - [2026-01-21T12:38:00.645+0000] {dag.py:3823} INFO - Setting next_dagrun for example_dynamic_task_mapping_with_no_taskflow_operators to 2026-01-20 00:00:00+00:00, run_after=2026-01-21 00:00:00+00:00
[2026-01-21T12:38:00.673+0000] {processor.py:183} INFO - Processing /home/airflow/.local/lib/python3.8/site-packages/airflow/example_dags/example_dynamic_task_mapping_with_no_taskflow_operators.py took 0.104 seconds
[2026-01-21T12:38:30.744+0000] {processor.py:161} INFO - Started process (PID=25957) to work on /home/airflow/.local/lib/python3.8/site-packages/airflow/example_dags/example_dynamic_task_mapping_with_no_taskflow_operators.py
[2026-01-21T12:38:30.746+0000] {processor.py:830} INFO - Processing file /home/airflow/.local/lib/python3.8/site-packages/airflow/example_dags/example_dynamic_task_mapping_with_no_taskflow_operators.py for tasks to queue
[2026-01-21T12:38:30.749+0000] {logging_mixin.py:188} INFO - [2026-01-21T12:38:30.748+0000] {dagbag.py:538} INFO - Filling up the DagBag from /home/airflow/.local/lib/python3.8/site-packages/airflow/example_dags/example_dynamic_task_mapping_with_no_taskflow_operators.py
[2026-01-21T12:38:30.757+0000] {processor.py:840} INFO - DAG(s) 'example_dynamic_task_mapping_with_no_taskflow_operators' retrieved from /home/airflow/.local/lib/python3.8/site-packages/airflow/example_dags/example_dynamic_task_mapping_with_no_taskflow_operators.py
[2026-01-21T12:38:30.786+0000] {logging_mixin.py:188} INFO - [2026-01-21T12:38:30.785+0000] {dag.py:3036} INFO - Sync 1 DAGs
[2026-01-21T12:38:30.819+0000] {logging_mixin.py:188} INFO - [2026-01-21T12:38:30.819+0000] {dag.py:3823} INFO - Setting next_dagrun for example_dynamic_task_mapping_with_no_taskflow_operators to 2026-01-20 00:00:00+00:00, run_after=2026-01-21 00:00:00+00:00
[2026-01-21T12:38:30.845+0000] {processor.py:183} INFO - Processing /home/airflow/.local/lib/python3.8/site-packages/airflow/example_dags/example_dynamic_task_mapping_with_no_taskflow_operators.py took 0.106 seconds
[2026-01-21T12:39:01.104+0000] {processor.py:161} INFO - Started process (PID=26023) to work on /home/airflow/.local/lib/python3.8/site-packages/airflow/example_dags/example_dynamic_task_mapping_with_no_taskflow_operators.py
[2026-01-21T12:39:01.105+0000] {processor.py:830} INFO - Processing file /home/airflow/.local/lib/python3.8/site-packages/airflow/example_dags/example_dynamic_task_mapping_with_no_taskflow_operators.py for tasks to queue
[2026-01-21T12:39:01.108+0000] {logging_mixin.py:188} INFO - [2026-01-21T12:39:01.107+0000] {dagbag.py:538} INFO - Filling up the DagBag from /home/airflow/.local/lib/python3.8/site-packages/airflow/example_dags/example_dynamic_task_mapping_with_no_taskflow_operators.py
[2026-01-21T12:39:01.117+0000] {processor.py:840} INFO - DAG(s) 'example_dynamic_task_mapping_with_no_taskflow_operators' retrieved from /home/airflow/.local/lib/python3.8/site-packages/airflow/example_dags/example_dynamic_task_mapping_with_no_taskflow_operators.py
[2026-01-21T12:39:01.147+0000] {logging_mixin.py:188} INFO - [2026-01-21T12:39:01.147+0000] {dag.py:3036} INFO - Sync 1 DAGs
[2026-01-21T12:39:01.181+0000] {logging_mixin.py:188} INFO - [2026-01-21T12:39:01.180+0000] {dag.py:3823} INFO - Setting next_dagrun for example_dynamic_task_mapping_with_no_taskflow_operators to 2026-01-20 00:00:00+00:00, run_after=2026-01-21 00:00:00+00:00
[2026-01-21T12:39:01.205+0000] {processor.py:183} INFO - Processing /home/airflow/.local/lib/python3.8/site-packages/airflow/example_dags/example_dynamic_task_mapping_with_no_taskflow_operators.py took 0.107 seconds
[2026-01-21T12:39:32.013+0000] {processor.py:161} INFO - Started process (PID=26098) to work on /home/airflow/.local/lib/python3.8/site-packages/airflow/example_dags/example_dynamic_task_mapping_with_no_taskflow_operators.py
[2026-01-21T12:39:32.015+0000] {processor.py:830} INFO - Processing file /home/airflow/.local/lib/python3.8/site-packages/airflow/example_dags/example_dynamic_task_mapping_with_no_taskflow_operators.py for tasks to queue
[2026-01-21T12:39:32.018+0000] {logging_mixin.py:188} INFO - [2026-01-21T12:39:32.018+0000] {dagbag.py:538} INFO - Filling up the DagBag from /home/airflow/.local/lib/python3.8/site-packages/airflow/example_dags/example_dynamic_task_mapping_with_no_taskflow_operators.py
[2026-01-21T12:39:32.026+0000] {processor.py:840} INFO - DAG(s) 'example_dynamic_task_mapping_with_no_taskflow_operators' retrieved from /home/airflow/.local/lib/python3.8/site-packages/airflow/example_dags/example_dynamic_task_mapping_with_no_taskflow_operators.py
[2026-01-21T12:39:32.055+0000] {logging_mixin.py:188} INFO - [2026-01-21T12:39:32.055+0000] {dag.py:3036} INFO - Sync 1 DAGs
[2026-01-21T12:39:32.091+0000] {logging_mixin.py:188} INFO - [2026-01-21T12:39:32.091+0000] {dag.py:3823} INFO - Setting next_dagrun for example_dynamic_task_mapping_with_no_taskflow_operators to 2026-01-20 00:00:00+00:00, run_after=2026-01-21 00:00:00+00:00
[2026-01-21T12:39:32.115+0000] {processor.py:183} INFO - Processing /home/airflow/.local/lib/python3.8/site-packages/airflow/example_dags/example_dynamic_task_mapping_with_no_taskflow_operators.py took 0.106 seconds
[2026-01-21T12:40:02.982+0000] {processor.py:161} INFO - Started process (PID=26164) to work on /home/airflow/.local/lib/python3.8/site-packages/airflow/example_dags/example_dynamic_task_mapping_with_no_taskflow_operators.py
[2026-01-21T12:40:02.983+0000] {processor.py:830} INFO - Processing file /home/airflow/.local/lib/python3.8/site-packages/airflow/example_dags/example_dynamic_task_mapping_with_no_taskflow_operators.py for tasks to queue
[2026-01-21T12:40:02.985+0000] {logging_mixin.py:188} INFO - [2026-01-21T12:40:02.985+0000] {dagbag.py:538} INFO - Filling up the DagBag from /home/airflow/.local/lib/python3.8/site-packages/airflow/example_dags/example_dynamic_task_mapping_with_no_taskflow_operators.py
[2026-01-21T12:40:02.994+0000] {processor.py:840} INFO - DAG(s) 'example_dynamic_task_mapping_with_no_taskflow_operators' retrieved from /home/airflow/.local/lib/python3.8/site-packages/airflow/example_dags/example_dynamic_task_mapping_with_no_taskflow_operators.py
[2026-01-21T12:40:03.023+0000] {logging_mixin.py:188} INFO - [2026-01-21T12:40:03.023+0000] {dag.py:3036} INFO - Sync 1 DAGs
[2026-01-21T12:40:03.056+0000] {logging_mixin.py:188} INFO - [2026-01-21T12:40:03.056+0000] {dag.py:3823} INFO - Setting next_dagrun for example_dynamic_task_mapping_with_no_taskflow_operators to 2026-01-20 00:00:00+00:00, run_after=2026-01-21 00:00:00+00:00
[2026-01-21T12:40:03.082+0000] {processor.py:183} INFO - Processing /home/airflow/.local/lib/python3.8/site-packages/airflow/example_dags/example_dynamic_task_mapping_with_no_taskflow_operators.py took 0.105 seconds
[2026-01-21T12:40:33.393+0000] {processor.py:161} INFO - Started process (PID=26230) to work on /home/airflow/.local/lib/python3.8/site-packages/airflow/example_dags/example_dynamic_task_mapping_with_no_taskflow_operators.py
[2026-01-21T12:40:33.395+0000] {processor.py:830} INFO - Processing file /home/airflow/.local/lib/python3.8/site-packages/airflow/example_dags/example_dynamic_task_mapping_with_no_taskflow_operators.py for tasks to queue
[2026-01-21T12:40:33.397+0000] {logging_mixin.py:188} INFO - [2026-01-21T12:40:33.397+0000] {dagbag.py:538} INFO - Filling up the DagBag from /home/airflow/.local/lib/python3.8/site-packages/airflow/example_dags/example_dynamic_task_mapping_with_no_taskflow_operators.py
[2026-01-21T12:40:33.406+0000] {processor.py:840} INFO - DAG(s) 'example_dynamic_task_mapping_with_no_taskflow_operators' retrieved from /home/airflow/.local/lib/python3.8/site-packages/airflow/example_dags/example_dynamic_task_mapping_with_no_taskflow_operators.py
[2026-01-21T12:40:33.439+0000] {logging_mixin.py:188} INFO - [2026-01-21T12:40:33.439+0000] {dag.py:3036} INFO - Sync 1 DAGs
[2026-01-21T12:40:33.476+0000] {logging_mixin.py:188} INFO - [2026-01-21T12:40:33.476+0000] {dag.py:3823} INFO - Setting next_dagrun for example_dynamic_task_mapping_with_no_taskflow_operators to 2026-01-20 00:00:00+00:00, run_after=2026-01-21 00:00:00+00:00
[2026-01-21T12:40:33.502+0000] {processor.py:183} INFO - Processing /home/airflow/.local/lib/python3.8/site-packages/airflow/example_dags/example_dynamic_task_mapping_with_no_taskflow_operators.py took 0.113 seconds
[2026-01-21T12:41:03.958+0000] {processor.py:161} INFO - Started process (PID=26297) to work on /home/airflow/.local/lib/python3.8/site-packages/airflow/example_dags/example_dynamic_task_mapping_with_no_taskflow_operators.py
[2026-01-21T12:41:03.960+0000] {processor.py:830} INFO - Processing file /home/airflow/.local/lib/python3.8/site-packages/airflow/example_dags/example_dynamic_task_mapping_with_no_taskflow_operators.py for tasks to queue
[2026-01-21T12:41:03.963+0000] {logging_mixin.py:188} INFO - [2026-01-21T12:41:03.962+0000] {dagbag.py:538} INFO - Filling up the DagBag from /home/airflow/.local/lib/python3.8/site-packages/airflow/example_dags/example_dynamic_task_mapping_with_no_taskflow_operators.py
[2026-01-21T12:41:03.973+0000] {processor.py:840} INFO - DAG(s) 'example_dynamic_task_mapping_with_no_taskflow_operators' retrieved from /home/airflow/.local/lib/python3.8/site-packages/airflow/example_dags/example_dynamic_task_mapping_with_no_taskflow_operators.py
[2026-01-21T12:41:04.002+0000] {logging_mixin.py:188} INFO - [2026-01-21T12:41:04.001+0000] {dag.py:3036} INFO - Sync 1 DAGs
[2026-01-21T12:41:04.035+0000] {logging_mixin.py:188} INFO - [2026-01-21T12:41:04.035+0000] {dag.py:3823} INFO - Setting next_dagrun for example_dynamic_task_mapping_with_no_taskflow_operators to 2026-01-20 00:00:00+00:00, run_after=2026-01-21 00:00:00+00:00
[2026-01-21T12:41:04.060+0000] {processor.py:183} INFO - Processing /home/airflow/.local/lib/python3.8/site-packages/airflow/example_dags/example_dynamic_task_mapping_with_no_taskflow_operators.py took 0.108 seconds
[2026-01-21T12:41:34.911+0000] {processor.py:161} INFO - Started process (PID=26363) to work on /home/airflow/.local/lib/python3.8/site-packages/airflow/example_dags/example_dynamic_task_mapping_with_no_taskflow_operators.py
[2026-01-21T12:41:34.912+0000] {processor.py:830} INFO - Processing file /home/airflow/.local/lib/python3.8/site-packages/airflow/example_dags/example_dynamic_task_mapping_with_no_taskflow_operators.py for tasks to queue
[2026-01-21T12:41:34.914+0000] {logging_mixin.py:188} INFO - [2026-01-21T12:41:34.914+0000] {dagbag.py:538} INFO - Filling up the DagBag from /home/airflow/.local/lib/python3.8/site-packages/airflow/example_dags/example_dynamic_task_mapping_with_no_taskflow_operators.py
[2026-01-21T12:41:34.923+0000] {processor.py:840} INFO - DAG(s) 'example_dynamic_task_mapping_with_no_taskflow_operators' retrieved from /home/airflow/.local/lib/python3.8/site-packages/airflow/example_dags/example_dynamic_task_mapping_with_no_taskflow_operators.py
[2026-01-21T12:41:34.955+0000] {logging_mixin.py:188} INFO - [2026-01-21T12:41:34.955+0000] {dag.py:3036} INFO - Sync 1 DAGs
[2026-01-21T12:41:34.996+0000] {logging_mixin.py:188} INFO - [2026-01-21T12:41:34.996+0000] {dag.py:3823} INFO - Setting next_dagrun for example_dynamic_task_mapping_with_no_taskflow_operators to 2026-01-20 00:00:00+00:00, run_after=2026-01-21 00:00:00+00:00
[2026-01-21T12:41:35.025+0000] {processor.py:183} INFO - Processing /home/airflow/.local/lib/python3.8/site-packages/airflow/example_dags/example_dynamic_task_mapping_with_no_taskflow_operators.py took 0.118 seconds
[2026-01-21T12:42:05.684+0000] {processor.py:161} INFO - Started process (PID=26436) to work on /home/airflow/.local/lib/python3.8/site-packages/airflow/example_dags/example_dynamic_task_mapping_with_no_taskflow_operators.py
[2026-01-21T12:42:05.686+0000] {processor.py:830} INFO - Processing file /home/airflow/.local/lib/python3.8/site-packages/airflow/example_dags/example_dynamic_task_mapping_with_no_taskflow_operators.py for tasks to queue
[2026-01-21T12:42:05.689+0000] {logging_mixin.py:188} INFO - [2026-01-21T12:42:05.689+0000] {dagbag.py:538} INFO - Filling up the DagBag from /home/airflow/.local/lib/python3.8/site-packages/airflow/example_dags/example_dynamic_task_mapping_with_no_taskflow_operators.py
[2026-01-21T12:42:05.697+0000] {processor.py:840} INFO - DAG(s) 'example_dynamic_task_mapping_with_no_taskflow_operators' retrieved from /home/airflow/.local/lib/python3.8/site-packages/airflow/example_dags/example_dynamic_task_mapping_with_no_taskflow_operators.py
[2026-01-21T12:42:05.728+0000] {logging_mixin.py:188} INFO - [2026-01-21T12:42:05.728+0000] {dag.py:3036} INFO - Sync 1 DAGs
[2026-01-21T12:42:05.763+0000] {logging_mixin.py:188} INFO - [2026-01-21T12:42:05.763+0000] {dag.py:3823} INFO - Setting next_dagrun for example_dynamic_task_mapping_with_no_taskflow_operators to 2026-01-20 00:00:00+00:00, run_after=2026-01-21 00:00:00+00:00
[2026-01-21T12:42:05.787+0000] {processor.py:183} INFO - Processing /home/airflow/.local/lib/python3.8/site-packages/airflow/example_dags/example_dynamic_task_mapping_with_no_taskflow_operators.py took 0.108 seconds
[2026-01-21T12:42:35.974+0000] {processor.py:161} INFO - Started process (PID=26503) to work on /home/airflow/.local/lib/python3.8/site-packages/airflow/example_dags/example_dynamic_task_mapping_with_no_taskflow_operators.py
[2026-01-21T12:42:35.975+0000] {processor.py:830} INFO - Processing file /home/airflow/.local/lib/python3.8/site-packages/airflow/example_dags/example_dynamic_task_mapping_with_no_taskflow_operators.py for tasks to queue
[2026-01-21T12:42:35.977+0000] {logging_mixin.py:188} INFO - [2026-01-21T12:42:35.977+0000] {dagbag.py:538} INFO - Filling up the DagBag from /home/airflow/.local/lib/python3.8/site-packages/airflow/example_dags/example_dynamic_task_mapping_with_no_taskflow_operators.py
[2026-01-21T12:42:35.986+0000] {processor.py:840} INFO - DAG(s) 'example_dynamic_task_mapping_with_no_taskflow_operators' retrieved from /home/airflow/.local/lib/python3.8/site-packages/airflow/example_dags/example_dynamic_task_mapping_with_no_taskflow_operators.py
[2026-01-21T12:42:36.015+0000] {logging_mixin.py:188} INFO - [2026-01-21T12:42:36.014+0000] {dag.py:3036} INFO - Sync 1 DAGs
[2026-01-21T12:42:36.049+0000] {logging_mixin.py:188} INFO - [2026-01-21T12:42:36.049+0000] {dag.py:3823} INFO - Setting next_dagrun for example_dynamic_task_mapping_with_no_taskflow_operators to 2026-01-20 00:00:00+00:00, run_after=2026-01-21 00:00:00+00:00
[2026-01-21T12:42:36.076+0000] {processor.py:183} INFO - Processing /home/airflow/.local/lib/python3.8/site-packages/airflow/example_dags/example_dynamic_task_mapping_with_no_taskflow_operators.py took 0.107 seconds
[2026-01-21T12:43:06.223+0000] {processor.py:161} INFO - Started process (PID=26569) to work on /home/airflow/.local/lib/python3.8/site-packages/airflow/example_dags/example_dynamic_task_mapping_with_no_taskflow_operators.py
[2026-01-21T12:43:06.225+0000] {processor.py:830} INFO - Processing file /home/airflow/.local/lib/python3.8/site-packages/airflow/example_dags/example_dynamic_task_mapping_with_no_taskflow_operators.py for tasks to queue
[2026-01-21T12:43:06.227+0000] {logging_mixin.py:188} INFO - [2026-01-21T12:43:06.227+0000] {dagbag.py:538} INFO - Filling up the DagBag from /home/airflow/.local/lib/python3.8/site-packages/airflow/example_dags/example_dynamic_task_mapping_with_no_taskflow_operators.py
[2026-01-21T12:43:06.235+0000] {processor.py:840} INFO - DAG(s) 'example_dynamic_task_mapping_with_no_taskflow_operators' retrieved from /home/airflow/.local/lib/python3.8/site-packages/airflow/example_dags/example_dynamic_task_mapping_with_no_taskflow_operators.py
[2026-01-21T12:43:06.262+0000] {logging_mixin.py:188} INFO - [2026-01-21T12:43:06.262+0000] {dag.py:3036} INFO - Sync 1 DAGs
[2026-01-21T12:43:06.300+0000] {logging_mixin.py:188} INFO - [2026-01-21T12:43:06.300+0000] {dag.py:3823} INFO - Setting next_dagrun for example_dynamic_task_mapping_with_no_taskflow_operators to 2026-01-20 00:00:00+00:00, run_after=2026-01-21 00:00:00+00:00
[2026-01-21T12:43:06.329+0000] {processor.py:183} INFO - Processing /home/airflow/.local/lib/python3.8/site-packages/airflow/example_dags/example_dynamic_task_mapping_with_no_taskflow_operators.py took 0.110 seconds
[2026-01-21T12:43:36.491+0000] {processor.py:161} INFO - Started process (PID=26635) to work on /home/airflow/.local/lib/python3.8/site-packages/airflow/example_dags/example_dynamic_task_mapping_with_no_taskflow_operators.py
[2026-01-21T12:43:36.492+0000] {processor.py:830} INFO - Processing file /home/airflow/.local/lib/python3.8/site-packages/airflow/example_dags/example_dynamic_task_mapping_with_no_taskflow_operators.py for tasks to queue
[2026-01-21T12:43:36.494+0000] {logging_mixin.py:188} INFO - [2026-01-21T12:43:36.494+0000] {dagbag.py:538} INFO - Filling up the DagBag from /home/airflow/.local/lib/python3.8/site-packages/airflow/example_dags/example_dynamic_task_mapping_with_no_taskflow_operators.py
[2026-01-21T12:43:36.503+0000] {processor.py:840} INFO - DAG(s) 'example_dynamic_task_mapping_with_no_taskflow_operators' retrieved from /home/airflow/.local/lib/python3.8/site-packages/airflow/example_dags/example_dynamic_task_mapping_with_no_taskflow_operators.py
[2026-01-21T12:43:36.534+0000] {logging_mixin.py:188} INFO - [2026-01-21T12:43:36.533+0000] {dag.py:3036} INFO - Sync 1 DAGs
[2026-01-21T12:43:36.568+0000] {logging_mixin.py:188} INFO - [2026-01-21T12:43:36.567+0000] {dag.py:3823} INFO - Setting next_dagrun for example_dynamic_task_mapping_with_no_taskflow_operators to 2026-01-20 00:00:00+00:00, run_after=2026-01-21 00:00:00+00:00
[2026-01-21T12:43:36.592+0000] {processor.py:183} INFO - Processing /home/airflow/.local/lib/python3.8/site-packages/airflow/example_dags/example_dynamic_task_mapping_with_no_taskflow_operators.py took 0.106 seconds
[2026-01-21T12:44:06.753+0000] {processor.py:161} INFO - Started process (PID=26701) to work on /home/airflow/.local/lib/python3.8/site-packages/airflow/example_dags/example_dynamic_task_mapping_with_no_taskflow_operators.py
[2026-01-21T12:44:06.754+0000] {processor.py:830} INFO - Processing file /home/airflow/.local/lib/python3.8/site-packages/airflow/example_dags/example_dynamic_task_mapping_with_no_taskflow_operators.py for tasks to queue
[2026-01-21T12:44:06.757+0000] {logging_mixin.py:188} INFO - [2026-01-21T12:44:06.757+0000] {dagbag.py:538} INFO - Filling up the DagBag from /home/airflow/.local/lib/python3.8/site-packages/airflow/example_dags/example_dynamic_task_mapping_with_no_taskflow_operators.py
[2026-01-21T12:44:06.765+0000] {processor.py:840} INFO - DAG(s) 'example_dynamic_task_mapping_with_no_taskflow_operators' retrieved from /home/airflow/.local/lib/python3.8/site-packages/airflow/example_dags/example_dynamic_task_mapping_with_no_taskflow_operators.py
[2026-01-21T12:44:06.792+0000] {logging_mixin.py:188} INFO - [2026-01-21T12:44:06.792+0000] {dag.py:3036} INFO - Sync 1 DAGs
[2026-01-21T12:44:06.824+0000] {logging_mixin.py:188} INFO - [2026-01-21T12:44:06.823+0000] {dag.py:3823} INFO - Setting next_dagrun for example_dynamic_task_mapping_with_no_taskflow_operators to 2026-01-20 00:00:00+00:00, run_after=2026-01-21 00:00:00+00:00
[2026-01-21T12:44:06.847+0000] {processor.py:183} INFO - Processing /home/airflow/.local/lib/python3.8/site-packages/airflow/example_dags/example_dynamic_task_mapping_with_no_taskflow_operators.py took 0.099 seconds
[2026-01-21T12:44:37.544+0000] {processor.py:161} INFO - Started process (PID=26767) to work on /home/airflow/.local/lib/python3.8/site-packages/airflow/example_dags/example_dynamic_task_mapping_with_no_taskflow_operators.py
[2026-01-21T12:44:37.546+0000] {processor.py:830} INFO - Processing file /home/airflow/.local/lib/python3.8/site-packages/airflow/example_dags/example_dynamic_task_mapping_with_no_taskflow_operators.py for tasks to queue
[2026-01-21T12:44:37.549+0000] {logging_mixin.py:188} INFO - [2026-01-21T12:44:37.548+0000] {dagbag.py:538} INFO - Filling up the DagBag from /home/airflow/.local/lib/python3.8/site-packages/airflow/example_dags/example_dynamic_task_mapping_with_no_taskflow_operators.py
[2026-01-21T12:44:37.556+0000] {processor.py:840} INFO - DAG(s) 'example_dynamic_task_mapping_with_no_taskflow_operators' retrieved from /home/airflow/.local/lib/python3.8/site-packages/airflow/example_dags/example_dynamic_task_mapping_with_no_taskflow_operators.py
[2026-01-21T12:44:37.591+0000] {logging_mixin.py:188} INFO - [2026-01-21T12:44:37.590+0000] {dag.py:3036} INFO - Sync 1 DAGs
[2026-01-21T12:44:37.627+0000] {logging_mixin.py:188} INFO - [2026-01-21T12:44:37.626+0000] {dag.py:3823} INFO - Setting next_dagrun for example_dynamic_task_mapping_with_no_taskflow_operators to 2026-01-20 00:00:00+00:00, run_after=2026-01-21 00:00:00+00:00
[2026-01-21T12:44:37.653+0000] {processor.py:183} INFO - Processing /home/airflow/.local/lib/python3.8/site-packages/airflow/example_dags/example_dynamic_task_mapping_with_no_taskflow_operators.py took 0.114 seconds
[2026-01-21T12:45:07.778+0000] {processor.py:161} INFO - Started process (PID=26834) to work on /home/airflow/.local/lib/python3.8/site-packages/airflow/example_dags/example_dynamic_task_mapping_with_no_taskflow_operators.py
[2026-01-21T12:45:07.779+0000] {processor.py:830} INFO - Processing file /home/airflow/.local/lib/python3.8/site-packages/airflow/example_dags/example_dynamic_task_mapping_with_no_taskflow_operators.py for tasks to queue
[2026-01-21T12:45:07.782+0000] {logging_mixin.py:188} INFO - [2026-01-21T12:45:07.782+0000] {dagbag.py:538} INFO - Filling up the DagBag from /home/airflow/.local/lib/python3.8/site-packages/airflow/example_dags/example_dynamic_task_mapping_with_no_taskflow_operators.py
[2026-01-21T12:45:07.790+0000] {processor.py:840} INFO - DAG(s) 'example_dynamic_task_mapping_with_no_taskflow_operators' retrieved from /home/airflow/.local/lib/python3.8/site-packages/airflow/example_dags/example_dynamic_task_mapping_with_no_taskflow_operators.py
[2026-01-21T12:45:07.817+0000] {logging_mixin.py:188} INFO - [2026-01-21T12:45:07.817+0000] {dag.py:3036} INFO - Sync 1 DAGs
[2026-01-21T12:45:07.849+0000] {logging_mixin.py:188} INFO - [2026-01-21T12:45:07.849+0000] {dag.py:3823} INFO - Setting next_dagrun for example_dynamic_task_mapping_with_no_taskflow_operators to 2026-01-20 00:00:00+00:00, run_after=2026-01-21 00:00:00+00:00
[2026-01-21T12:45:07.872+0000] {processor.py:183} INFO - Processing /home/airflow/.local/lib/python3.8/site-packages/airflow/example_dags/example_dynamic_task_mapping_with_no_taskflow_operators.py took 0.099 seconds
[2026-01-21T12:45:38.176+0000] {processor.py:161} INFO - Started process (PID=26899) to work on /home/airflow/.local/lib/python3.8/site-packages/airflow/example_dags/example_dynamic_task_mapping_with_no_taskflow_operators.py
[2026-01-21T12:45:38.178+0000] {processor.py:830} INFO - Processing file /home/airflow/.local/lib/python3.8/site-packages/airflow/example_dags/example_dynamic_task_mapping_with_no_taskflow_operators.py for tasks to queue
[2026-01-21T12:45:38.181+0000] {logging_mixin.py:188} INFO - [2026-01-21T12:45:38.180+0000] {dagbag.py:538} INFO - Filling up the DagBag from /home/airflow/.local/lib/python3.8/site-packages/airflow/example_dags/example_dynamic_task_mapping_with_no_taskflow_operators.py
[2026-01-21T12:45:38.189+0000] {processor.py:840} INFO - DAG(s) 'example_dynamic_task_mapping_with_no_taskflow_operators' retrieved from /home/airflow/.local/lib/python3.8/site-packages/airflow/example_dags/example_dynamic_task_mapping_with_no_taskflow_operators.py
[2026-01-21T12:45:38.227+0000] {logging_mixin.py:188} INFO - [2026-01-21T12:45:38.226+0000] {dag.py:3036} INFO - Sync 1 DAGs
[2026-01-21T12:45:38.262+0000] {logging_mixin.py:188} INFO - [2026-01-21T12:45:38.262+0000] {dag.py:3823} INFO - Setting next_dagrun for example_dynamic_task_mapping_with_no_taskflow_operators to 2026-01-20 00:00:00+00:00, run_after=2026-01-21 00:00:00+00:00
[2026-01-21T12:45:38.286+0000] {processor.py:183} INFO - Processing /home/airflow/.local/lib/python3.8/site-packages/airflow/example_dags/example_dynamic_task_mapping_with_no_taskflow_operators.py took 0.115 seconds
[2026-01-21T12:46:08.629+0000] {processor.py:161} INFO - Started process (PID=26973) to work on /home/airflow/.local/lib/python3.8/site-packages/airflow/example_dags/example_dynamic_task_mapping_with_no_taskflow_operators.py
[2026-01-21T12:46:08.630+0000] {processor.py:830} INFO - Processing file /home/airflow/.local/lib/python3.8/site-packages/airflow/example_dags/example_dynamic_task_mapping_with_no_taskflow_operators.py for tasks to queue
[2026-01-21T12:46:08.633+0000] {logging_mixin.py:188} INFO - [2026-01-21T12:46:08.633+0000] {dagbag.py:538} INFO - Filling up the DagBag from /home/airflow/.local/lib/python3.8/site-packages/airflow/example_dags/example_dynamic_task_mapping_with_no_taskflow_operators.py
[2026-01-21T12:46:08.644+0000] {processor.py:840} INFO - DAG(s) 'example_dynamic_task_mapping_with_no_taskflow_operators' retrieved from /home/airflow/.local/lib/python3.8/site-packages/airflow/example_dags/example_dynamic_task_mapping_with_no_taskflow_operators.py
[2026-01-21T12:46:08.679+0000] {logging_mixin.py:188} INFO - [2026-01-21T12:46:08.679+0000] {dag.py:3036} INFO - Sync 1 DAGs
[2026-01-21T12:46:08.724+0000] {logging_mixin.py:188} INFO - [2026-01-21T12:46:08.723+0000] {dag.py:3823} INFO - Setting next_dagrun for example_dynamic_task_mapping_with_no_taskflow_operators to 2026-01-20 00:00:00+00:00, run_after=2026-01-21 00:00:00+00:00
[2026-01-21T12:46:08.754+0000] {processor.py:183} INFO - Processing /home/airflow/.local/lib/python3.8/site-packages/airflow/example_dags/example_dynamic_task_mapping_with_no_taskflow_operators.py took 0.130 seconds
[2026-01-21T12:46:38.972+0000] {processor.py:161} INFO - Started process (PID=27038) to work on /home/airflow/.local/lib/python3.8/site-packages/airflow/example_dags/example_dynamic_task_mapping_with_no_taskflow_operators.py
[2026-01-21T12:46:38.974+0000] {processor.py:830} INFO - Processing file /home/airflow/.local/lib/python3.8/site-packages/airflow/example_dags/example_dynamic_task_mapping_with_no_taskflow_operators.py for tasks to queue
[2026-01-21T12:46:38.976+0000] {logging_mixin.py:188} INFO - [2026-01-21T12:46:38.976+0000] {dagbag.py:538} INFO - Filling up the DagBag from /home/airflow/.local/lib/python3.8/site-packages/airflow/example_dags/example_dynamic_task_mapping_with_no_taskflow_operators.py
[2026-01-21T12:46:38.985+0000] {processor.py:840} INFO - DAG(s) 'example_dynamic_task_mapping_with_no_taskflow_operators' retrieved from /home/airflow/.local/lib/python3.8/site-packages/airflow/example_dags/example_dynamic_task_mapping_with_no_taskflow_operators.py
[2026-01-21T12:46:39.016+0000] {logging_mixin.py:188} INFO - [2026-01-21T12:46:39.016+0000] {dag.py:3036} INFO - Sync 1 DAGs
[2026-01-21T12:46:39.048+0000] {logging_mixin.py:188} INFO - [2026-01-21T12:46:39.047+0000] {dag.py:3823} INFO - Setting next_dagrun for example_dynamic_task_mapping_with_no_taskflow_operators to 2026-01-20 00:00:00+00:00, run_after=2026-01-21 00:00:00+00:00
[2026-01-21T12:46:39.070+0000] {processor.py:183} INFO - Processing /home/airflow/.local/lib/python3.8/site-packages/airflow/example_dags/example_dynamic_task_mapping_with_no_taskflow_operators.py took 0.103 seconds
[2026-01-21T12:47:09.372+0000] {processor.py:161} INFO - Started process (PID=27103) to work on /home/airflow/.local/lib/python3.8/site-packages/airflow/example_dags/example_dynamic_task_mapping_with_no_taskflow_operators.py
[2026-01-21T12:47:09.373+0000] {processor.py:830} INFO - Processing file /home/airflow/.local/lib/python3.8/site-packages/airflow/example_dags/example_dynamic_task_mapping_with_no_taskflow_operators.py for tasks to queue
[2026-01-21T12:47:09.375+0000] {logging_mixin.py:188} INFO - [2026-01-21T12:47:09.375+0000] {dagbag.py:538} INFO - Filling up the DagBag from /home/airflow/.local/lib/python3.8/site-packages/airflow/example_dags/example_dynamic_task_mapping_with_no_taskflow_operators.py
[2026-01-21T12:47:09.383+0000] {processor.py:840} INFO - DAG(s) 'example_dynamic_task_mapping_with_no_taskflow_operators' retrieved from /home/airflow/.local/lib/python3.8/site-packages/airflow/example_dags/example_dynamic_task_mapping_with_no_taskflow_operators.py
[2026-01-21T12:47:09.410+0000] {logging_mixin.py:188} INFO - [2026-01-21T12:47:09.410+0000] {dag.py:3036} INFO - Sync 1 DAGs
[2026-01-21T12:47:09.443+0000] {logging_mixin.py:188} INFO - [2026-01-21T12:47:09.443+0000] {dag.py:3823} INFO - Setting next_dagrun for example_dynamic_task_mapping_with_no_taskflow_operators to 2026-01-20 00:00:00+00:00, run_after=2026-01-21 00:00:00+00:00
[2026-01-21T12:47:09.466+0000] {processor.py:183} INFO - Processing /home/airflow/.local/lib/python3.8/site-packages/airflow/example_dags/example_dynamic_task_mapping_with_no_taskflow_operators.py took 0.099 seconds
[2026-01-21T12:47:39.513+0000] {processor.py:161} INFO - Started process (PID=27170) to work on /home/airflow/.local/lib/python3.8/site-packages/airflow/example_dags/example_dynamic_task_mapping_with_no_taskflow_operators.py
[2026-01-21T12:47:39.515+0000] {processor.py:830} INFO - Processing file /home/airflow/.local/lib/python3.8/site-packages/airflow/example_dags/example_dynamic_task_mapping_with_no_taskflow_operators.py for tasks to queue
[2026-01-21T12:47:39.517+0000] {logging_mixin.py:188} INFO - [2026-01-21T12:47:39.516+0000] {dagbag.py:538} INFO - Filling up the DagBag from /home/airflow/.local/lib/python3.8/site-packages/airflow/example_dags/example_dynamic_task_mapping_with_no_taskflow_operators.py
[2026-01-21T12:47:39.525+0000] {processor.py:840} INFO - DAG(s) 'example_dynamic_task_mapping_with_no_taskflow_operators' retrieved from /home/airflow/.local/lib/python3.8/site-packages/airflow/example_dags/example_dynamic_task_mapping_with_no_taskflow_operators.py
[2026-01-21T12:47:39.552+0000] {logging_mixin.py:188} INFO - [2026-01-21T12:47:39.551+0000] {dag.py:3036} INFO - Sync 1 DAGs
[2026-01-21T12:47:39.584+0000] {logging_mixin.py:188} INFO - [2026-01-21T12:47:39.584+0000] {dag.py:3823} INFO - Setting next_dagrun for example_dynamic_task_mapping_with_no_taskflow_operators to 2026-01-20 00:00:00+00:00, run_after=2026-01-21 00:00:00+00:00
[2026-01-21T12:47:39.607+0000] {processor.py:183} INFO - Processing /home/airflow/.local/lib/python3.8/site-packages/airflow/example_dags/example_dynamic_task_mapping_with_no_taskflow_operators.py took 0.099 seconds
[2026-01-21T12:48:09.709+0000] {processor.py:161} INFO - Started process (PID=27236) to work on /home/airflow/.local/lib/python3.8/site-packages/airflow/example_dags/example_dynamic_task_mapping_with_no_taskflow_operators.py
[2026-01-21T12:48:09.710+0000] {processor.py:830} INFO - Processing file /home/airflow/.local/lib/python3.8/site-packages/airflow/example_dags/example_dynamic_task_mapping_with_no_taskflow_operators.py for tasks to queue
[2026-01-21T12:48:09.712+0000] {logging_mixin.py:188} INFO - [2026-01-21T12:48:09.712+0000] {dagbag.py:538} INFO - Filling up the DagBag from /home/airflow/.local/lib/python3.8/site-packages/airflow/example_dags/example_dynamic_task_mapping_with_no_taskflow_operators.py
[2026-01-21T12:48:09.720+0000] {processor.py:840} INFO - DAG(s) 'example_dynamic_task_mapping_with_no_taskflow_operators' retrieved from /home/airflow/.local/lib/python3.8/site-packages/airflow/example_dags/example_dynamic_task_mapping_with_no_taskflow_operators.py
[2026-01-21T12:48:09.747+0000] {logging_mixin.py:188} INFO - [2026-01-21T12:48:09.746+0000] {dag.py:3036} INFO - Sync 1 DAGs
[2026-01-21T12:48:09.778+0000] {logging_mixin.py:188} INFO - [2026-01-21T12:48:09.778+0000] {dag.py:3823} INFO - Setting next_dagrun for example_dynamic_task_mapping_with_no_taskflow_operators to 2026-01-20 00:00:00+00:00, run_after=2026-01-21 00:00:00+00:00
[2026-01-21T12:48:09.967+0000] {processor.py:183} INFO - Processing /home/airflow/.local/lib/python3.8/site-packages/airflow/example_dags/example_dynamic_task_mapping_with_no_taskflow_operators.py took 0.263 seconds
[2026-01-21T12:48:40.090+0000] {processor.py:161} INFO - Started process (PID=27301) to work on /home/airflow/.local/lib/python3.8/site-packages/airflow/example_dags/example_dynamic_task_mapping_with_no_taskflow_operators.py
[2026-01-21T12:48:40.092+0000] {processor.py:830} INFO - Processing file /home/airflow/.local/lib/python3.8/site-packages/airflow/example_dags/example_dynamic_task_mapping_with_no_taskflow_operators.py for tasks to queue
[2026-01-21T12:48:40.094+0000] {logging_mixin.py:188} INFO - [2026-01-21T12:48:40.094+0000] {dagbag.py:538} INFO - Filling up the DagBag from /home/airflow/.local/lib/python3.8/site-packages/airflow/example_dags/example_dynamic_task_mapping_with_no_taskflow_operators.py
[2026-01-21T12:48:40.103+0000] {processor.py:840} INFO - DAG(s) 'example_dynamic_task_mapping_with_no_taskflow_operators' retrieved from /home/airflow/.local/lib/python3.8/site-packages/airflow/example_dags/example_dynamic_task_mapping_with_no_taskflow_operators.py
[2026-01-21T12:48:40.129+0000] {logging_mixin.py:188} INFO - [2026-01-21T12:48:40.129+0000] {dag.py:3036} INFO - Sync 1 DAGs
[2026-01-21T12:48:40.161+0000] {logging_mixin.py:188} INFO - [2026-01-21T12:48:40.161+0000] {dag.py:3823} INFO - Setting next_dagrun for example_dynamic_task_mapping_with_no_taskflow_operators to 2026-01-20 00:00:00+00:00, run_after=2026-01-21 00:00:00+00:00
[2026-01-21T12:48:40.186+0000] {processor.py:183} INFO - Processing /home/airflow/.local/lib/python3.8/site-packages/airflow/example_dags/example_dynamic_task_mapping_with_no_taskflow_operators.py took 0.101 seconds
[2026-01-21T12:49:10.752+0000] {processor.py:161} INFO - Started process (PID=27366) to work on /home/airflow/.local/lib/python3.8/site-packages/airflow/example_dags/example_dynamic_task_mapping_with_no_taskflow_operators.py
[2026-01-21T12:49:10.753+0000] {processor.py:830} INFO - Processing file /home/airflow/.local/lib/python3.8/site-packages/airflow/example_dags/example_dynamic_task_mapping_with_no_taskflow_operators.py for tasks to queue
[2026-01-21T12:49:10.756+0000] {logging_mixin.py:188} INFO - [2026-01-21T12:49:10.756+0000] {dagbag.py:538} INFO - Filling up the DagBag from /home/airflow/.local/lib/python3.8/site-packages/airflow/example_dags/example_dynamic_task_mapping_with_no_taskflow_operators.py
[2026-01-21T12:49:10.764+0000] {processor.py:840} INFO - DAG(s) 'example_dynamic_task_mapping_with_no_taskflow_operators' retrieved from /home/airflow/.local/lib/python3.8/site-packages/airflow/example_dags/example_dynamic_task_mapping_with_no_taskflow_operators.py
[2026-01-21T12:49:10.794+0000] {logging_mixin.py:188} INFO - [2026-01-21T12:49:10.793+0000] {dag.py:3036} INFO - Sync 1 DAGs
[2026-01-21T12:49:10.826+0000] {logging_mixin.py:188} INFO - [2026-01-21T12:49:10.826+0000] {dag.py:3823} INFO - Setting next_dagrun for example_dynamic_task_mapping_with_no_taskflow_operators to 2026-01-20 00:00:00+00:00, run_after=2026-01-21 00:00:00+00:00
[2026-01-21T12:49:10.850+0000] {processor.py:183} INFO - Processing /home/airflow/.local/lib/python3.8/site-packages/airflow/example_dags/example_dynamic_task_mapping_with_no_taskflow_operators.py took 0.102 seconds
[2026-01-21T12:49:41.202+0000] {processor.py:161} INFO - Started process (PID=27433) to work on /home/airflow/.local/lib/python3.8/site-packages/airflow/example_dags/example_dynamic_task_mapping_with_no_taskflow_operators.py
[2026-01-21T12:49:41.204+0000] {processor.py:830} INFO - Processing file /home/airflow/.local/lib/python3.8/site-packages/airflow/example_dags/example_dynamic_task_mapping_with_no_taskflow_operators.py for tasks to queue
[2026-01-21T12:49:41.207+0000] {logging_mixin.py:188} INFO - [2026-01-21T12:49:41.206+0000] {dagbag.py:538} INFO - Filling up the DagBag from /home/airflow/.local/lib/python3.8/site-packages/airflow/example_dags/example_dynamic_task_mapping_with_no_taskflow_operators.py
[2026-01-21T12:49:41.215+0000] {processor.py:840} INFO - DAG(s) 'example_dynamic_task_mapping_with_no_taskflow_operators' retrieved from /home/airflow/.local/lib/python3.8/site-packages/airflow/example_dags/example_dynamic_task_mapping_with_no_taskflow_operators.py
[2026-01-21T12:49:41.248+0000] {logging_mixin.py:188} INFO - [2026-01-21T12:49:41.248+0000] {dag.py:3036} INFO - Sync 1 DAGs
[2026-01-21T12:49:41.282+0000] {logging_mixin.py:188} INFO - [2026-01-21T12:49:41.282+0000] {dag.py:3823} INFO - Setting next_dagrun for example_dynamic_task_mapping_with_no_taskflow_operators to 2026-01-20 00:00:00+00:00, run_after=2026-01-21 00:00:00+00:00
[2026-01-21T12:49:41.311+0000] {processor.py:183} INFO - Processing /home/airflow/.local/lib/python3.8/site-packages/airflow/example_dags/example_dynamic_task_mapping_with_no_taskflow_operators.py took 0.113 seconds
[2026-01-21T12:50:11.693+0000] {processor.py:161} INFO - Started process (PID=27506) to work on /home/airflow/.local/lib/python3.8/site-packages/airflow/example_dags/example_dynamic_task_mapping_with_no_taskflow_operators.py
[2026-01-21T12:50:11.694+0000] {processor.py:830} INFO - Processing file /home/airflow/.local/lib/python3.8/site-packages/airflow/example_dags/example_dynamic_task_mapping_with_no_taskflow_operators.py for tasks to queue
[2026-01-21T12:50:11.696+0000] {logging_mixin.py:188} INFO - [2026-01-21T12:50:11.696+0000] {dagbag.py:538} INFO - Filling up the DagBag from /home/airflow/.local/lib/python3.8/site-packages/airflow/example_dags/example_dynamic_task_mapping_with_no_taskflow_operators.py
[2026-01-21T12:50:11.704+0000] {processor.py:840} INFO - DAG(s) 'example_dynamic_task_mapping_with_no_taskflow_operators' retrieved from /home/airflow/.local/lib/python3.8/site-packages/airflow/example_dags/example_dynamic_task_mapping_with_no_taskflow_operators.py
[2026-01-21T12:50:11.734+0000] {logging_mixin.py:188} INFO - [2026-01-21T12:50:11.734+0000] {dag.py:3036} INFO - Sync 1 DAGs
[2026-01-21T12:50:11.769+0000] {logging_mixin.py:188} INFO - [2026-01-21T12:50:11.768+0000] {dag.py:3823} INFO - Setting next_dagrun for example_dynamic_task_mapping_with_no_taskflow_operators to 2026-01-20 00:00:00+00:00, run_after=2026-01-21 00:00:00+00:00
[2026-01-21T12:50:11.794+0000] {processor.py:183} INFO - Processing /home/airflow/.local/lib/python3.8/site-packages/airflow/example_dags/example_dynamic_task_mapping_with_no_taskflow_operators.py took 0.105 seconds
[2026-01-21T12:50:42.069+0000] {processor.py:161} INFO - Started process (PID=27573) to work on /home/airflow/.local/lib/python3.8/site-packages/airflow/example_dags/example_dynamic_task_mapping_with_no_taskflow_operators.py
[2026-01-21T12:50:42.071+0000] {processor.py:830} INFO - Processing file /home/airflow/.local/lib/python3.8/site-packages/airflow/example_dags/example_dynamic_task_mapping_with_no_taskflow_operators.py for tasks to queue
[2026-01-21T12:50:42.073+0000] {logging_mixin.py:188} INFO - [2026-01-21T12:50:42.073+0000] {dagbag.py:538} INFO - Filling up the DagBag from /home/airflow/.local/lib/python3.8/site-packages/airflow/example_dags/example_dynamic_task_mapping_with_no_taskflow_operators.py
[2026-01-21T12:50:42.081+0000] {processor.py:840} INFO - DAG(s) 'example_dynamic_task_mapping_with_no_taskflow_operators' retrieved from /home/airflow/.local/lib/python3.8/site-packages/airflow/example_dags/example_dynamic_task_mapping_with_no_taskflow_operators.py
[2026-01-21T12:50:42.110+0000] {logging_mixin.py:188} INFO - [2026-01-21T12:50:42.110+0000] {dag.py:3036} INFO - Sync 1 DAGs
[2026-01-21T12:50:42.142+0000] {logging_mixin.py:188} INFO - [2026-01-21T12:50:42.142+0000] {dag.py:3823} INFO - Setting next_dagrun for example_dynamic_task_mapping_with_no_taskflow_operators to 2026-01-20 00:00:00+00:00, run_after=2026-01-21 00:00:00+00:00
[2026-01-21T12:50:42.166+0000] {processor.py:183} INFO - Processing /home/airflow/.local/lib/python3.8/site-packages/airflow/example_dags/example_dynamic_task_mapping_with_no_taskflow_operators.py took 0.102 seconds
[2026-01-21T12:51:12.237+0000] {processor.py:161} INFO - Started process (PID=27639) to work on /home/airflow/.local/lib/python3.8/site-packages/airflow/example_dags/example_dynamic_task_mapping_with_no_taskflow_operators.py
[2026-01-21T12:51:12.239+0000] {processor.py:830} INFO - Processing file /home/airflow/.local/lib/python3.8/site-packages/airflow/example_dags/example_dynamic_task_mapping_with_no_taskflow_operators.py for tasks to queue
[2026-01-21T12:51:12.241+0000] {logging_mixin.py:188} INFO - [2026-01-21T12:51:12.241+0000] {dagbag.py:538} INFO - Filling up the DagBag from /home/airflow/.local/lib/python3.8/site-packages/airflow/example_dags/example_dynamic_task_mapping_with_no_taskflow_operators.py
[2026-01-21T12:51:12.250+0000] {processor.py:840} INFO - DAG(s) 'example_dynamic_task_mapping_with_no_taskflow_operators' retrieved from /home/airflow/.local/lib/python3.8/site-packages/airflow/example_dags/example_dynamic_task_mapping_with_no_taskflow_operators.py
[2026-01-21T12:51:12.279+0000] {logging_mixin.py:188} INFO - [2026-01-21T12:51:12.279+0000] {dag.py:3036} INFO - Sync 1 DAGs
[2026-01-21T12:51:12.482+0000] {logging_mixin.py:188} INFO - [2026-01-21T12:51:12.481+0000] {dag.py:3823} INFO - Setting next_dagrun for example_dynamic_task_mapping_with_no_taskflow_operators to 2026-01-20 00:00:00+00:00, run_after=2026-01-21 00:00:00+00:00
[2026-01-21T12:51:12.506+0000] {processor.py:183} INFO - Processing /home/airflow/.local/lib/python3.8/site-packages/airflow/example_dags/example_dynamic_task_mapping_with_no_taskflow_operators.py took 0.274 seconds
[2026-01-21T12:51:43.209+0000] {processor.py:161} INFO - Started process (PID=27706) to work on /home/airflow/.local/lib/python3.8/site-packages/airflow/example_dags/example_dynamic_task_mapping_with_no_taskflow_operators.py
[2026-01-21T12:51:43.210+0000] {processor.py:830} INFO - Processing file /home/airflow/.local/lib/python3.8/site-packages/airflow/example_dags/example_dynamic_task_mapping_with_no_taskflow_operators.py for tasks to queue
[2026-01-21T12:51:43.213+0000] {logging_mixin.py:188} INFO - [2026-01-21T12:51:43.212+0000] {dagbag.py:538} INFO - Filling up the DagBag from /home/airflow/.local/lib/python3.8/site-packages/airflow/example_dags/example_dynamic_task_mapping_with_no_taskflow_operators.py
[2026-01-21T12:51:43.221+0000] {processor.py:840} INFO - DAG(s) 'example_dynamic_task_mapping_with_no_taskflow_operators' retrieved from /home/airflow/.local/lib/python3.8/site-packages/airflow/example_dags/example_dynamic_task_mapping_with_no_taskflow_operators.py
[2026-01-21T12:51:43.250+0000] {logging_mixin.py:188} INFO - [2026-01-21T12:51:43.250+0000] {dag.py:3036} INFO - Sync 1 DAGs
[2026-01-21T12:51:43.286+0000] {logging_mixin.py:188} INFO - [2026-01-21T12:51:43.285+0000] {dag.py:3823} INFO - Setting next_dagrun for example_dynamic_task_mapping_with_no_taskflow_operators to 2026-01-20 00:00:00+00:00, run_after=2026-01-21 00:00:00+00:00
[2026-01-21T12:51:43.474+0000] {processor.py:183} INFO - Processing /home/airflow/.local/lib/python3.8/site-packages/airflow/example_dags/example_dynamic_task_mapping_with_no_taskflow_operators.py took 0.270 seconds
[2026-01-21T12:52:13.849+0000] {processor.py:161} INFO - Started process (PID=27771) to work on /home/airflow/.local/lib/python3.8/site-packages/airflow/example_dags/example_dynamic_task_mapping_with_no_taskflow_operators.py
[2026-01-21T12:52:13.851+0000] {processor.py:830} INFO - Processing file /home/airflow/.local/lib/python3.8/site-packages/airflow/example_dags/example_dynamic_task_mapping_with_no_taskflow_operators.py for tasks to queue
[2026-01-21T12:52:13.853+0000] {logging_mixin.py:188} INFO - [2026-01-21T12:52:13.853+0000] {dagbag.py:538} INFO - Filling up the DagBag from /home/airflow/.local/lib/python3.8/site-packages/airflow/example_dags/example_dynamic_task_mapping_with_no_taskflow_operators.py
[2026-01-21T12:52:13.861+0000] {processor.py:840} INFO - DAG(s) 'example_dynamic_task_mapping_with_no_taskflow_operators' retrieved from /home/airflow/.local/lib/python3.8/site-packages/airflow/example_dags/example_dynamic_task_mapping_with_no_taskflow_operators.py
[2026-01-21T12:52:13.891+0000] {logging_mixin.py:188} INFO - [2026-01-21T12:52:13.891+0000] {dag.py:3036} INFO - Sync 1 DAGs
[2026-01-21T12:52:13.926+0000] {logging_mixin.py:188} INFO - [2026-01-21T12:52:13.925+0000] {dag.py:3823} INFO - Setting next_dagrun for example_dynamic_task_mapping_with_no_taskflow_operators to 2026-01-20 00:00:00+00:00, run_after=2026-01-21 00:00:00+00:00
[2026-01-21T12:52:14.113+0000] {processor.py:183} INFO - Processing /home/airflow/.local/lib/python3.8/site-packages/airflow/example_dags/example_dynamic_task_mapping_with_no_taskflow_operators.py took 0.268 seconds
[2026-01-21T12:52:44.462+0000] {processor.py:161} INFO - Started process (PID=27837) to work on /home/airflow/.local/lib/python3.8/site-packages/airflow/example_dags/example_dynamic_task_mapping_with_no_taskflow_operators.py
[2026-01-21T12:52:44.464+0000] {processor.py:830} INFO - Processing file /home/airflow/.local/lib/python3.8/site-packages/airflow/example_dags/example_dynamic_task_mapping_with_no_taskflow_operators.py for tasks to queue
[2026-01-21T12:52:44.466+0000] {logging_mixin.py:188} INFO - [2026-01-21T12:52:44.466+0000] {dagbag.py:538} INFO - Filling up the DagBag from /home/airflow/.local/lib/python3.8/site-packages/airflow/example_dags/example_dynamic_task_mapping_with_no_taskflow_operators.py
[2026-01-21T12:52:44.474+0000] {processor.py:840} INFO - DAG(s) 'example_dynamic_task_mapping_with_no_taskflow_operators' retrieved from /home/airflow/.local/lib/python3.8/site-packages/airflow/example_dags/example_dynamic_task_mapping_with_no_taskflow_operators.py
[2026-01-21T12:52:44.501+0000] {logging_mixin.py:188} INFO - [2026-01-21T12:52:44.501+0000] {dag.py:3036} INFO - Sync 1 DAGs
[2026-01-21T12:52:44.533+0000] {logging_mixin.py:188} INFO - [2026-01-21T12:52:44.532+0000] {dag.py:3823} INFO - Setting next_dagrun for example_dynamic_task_mapping_with_no_taskflow_operators to 2026-01-20 00:00:00+00:00, run_after=2026-01-21 00:00:00+00:00
[2026-01-21T12:52:44.555+0000] {processor.py:183} INFO - Processing /home/airflow/.local/lib/python3.8/site-packages/airflow/example_dags/example_dynamic_task_mapping_with_no_taskflow_operators.py took 0.098 seconds
[2026-01-21T12:53:14.792+0000] {processor.py:161} INFO - Started process (PID=27911) to work on /home/airflow/.local/lib/python3.8/site-packages/airflow/example_dags/example_dynamic_task_mapping_with_no_taskflow_operators.py
[2026-01-21T12:53:14.793+0000] {processor.py:830} INFO - Processing file /home/airflow/.local/lib/python3.8/site-packages/airflow/example_dags/example_dynamic_task_mapping_with_no_taskflow_operators.py for tasks to queue
[2026-01-21T12:53:14.795+0000] {logging_mixin.py:188} INFO - [2026-01-21T12:53:14.795+0000] {dagbag.py:538} INFO - Filling up the DagBag from /home/airflow/.local/lib/python3.8/site-packages/airflow/example_dags/example_dynamic_task_mapping_with_no_taskflow_operators.py
[2026-01-21T12:53:14.806+0000] {processor.py:840} INFO - DAG(s) 'example_dynamic_task_mapping_with_no_taskflow_operators' retrieved from /home/airflow/.local/lib/python3.8/site-packages/airflow/example_dags/example_dynamic_task_mapping_with_no_taskflow_operators.py
[2026-01-21T12:53:14.836+0000] {logging_mixin.py:188} INFO - [2026-01-21T12:53:14.836+0000] {dag.py:3036} INFO - Sync 1 DAGs
[2026-01-21T12:53:14.869+0000] {logging_mixin.py:188} INFO - [2026-01-21T12:53:14.869+0000] {dag.py:3823} INFO - Setting next_dagrun for example_dynamic_task_mapping_with_no_taskflow_operators to 2026-01-20 00:00:00+00:00, run_after=2026-01-21 00:00:00+00:00
[2026-01-21T12:53:14.893+0000] {processor.py:183} INFO - Processing /home/airflow/.local/lib/python3.8/site-packages/airflow/example_dags/example_dynamic_task_mapping_with_no_taskflow_operators.py took 0.106 seconds
[2026-01-21T12:53:45.270+0000] {processor.py:161} INFO - Started process (PID=27978) to work on /home/airflow/.local/lib/python3.8/site-packages/airflow/example_dags/example_dynamic_task_mapping_with_no_taskflow_operators.py
[2026-01-21T12:53:45.272+0000] {processor.py:830} INFO - Processing file /home/airflow/.local/lib/python3.8/site-packages/airflow/example_dags/example_dynamic_task_mapping_with_no_taskflow_operators.py for tasks to queue
[2026-01-21T12:53:45.274+0000] {logging_mixin.py:188} INFO - [2026-01-21T12:53:45.274+0000] {dagbag.py:538} INFO - Filling up the DagBag from /home/airflow/.local/lib/python3.8/site-packages/airflow/example_dags/example_dynamic_task_mapping_with_no_taskflow_operators.py
[2026-01-21T12:53:45.282+0000] {processor.py:840} INFO - DAG(s) 'example_dynamic_task_mapping_with_no_taskflow_operators' retrieved from /home/airflow/.local/lib/python3.8/site-packages/airflow/example_dags/example_dynamic_task_mapping_with_no_taskflow_operators.py
[2026-01-21T12:53:45.311+0000] {logging_mixin.py:188} INFO - [2026-01-21T12:53:45.311+0000] {dag.py:3036} INFO - Sync 1 DAGs
[2026-01-21T12:53:45.505+0000] {logging_mixin.py:188} INFO - [2026-01-21T12:53:45.505+0000] {dag.py:3823} INFO - Setting next_dagrun for example_dynamic_task_mapping_with_no_taskflow_operators to 2026-01-20 00:00:00+00:00, run_after=2026-01-21 00:00:00+00:00
[2026-01-21T12:53:45.529+0000] {processor.py:183} INFO - Processing /home/airflow/.local/lib/python3.8/site-packages/airflow/example_dags/example_dynamic_task_mapping_with_no_taskflow_operators.py took 0.264 seconds
[2026-01-21T12:54:15.746+0000] {processor.py:161} INFO - Started process (PID=28043) to work on /home/airflow/.local/lib/python3.8/site-packages/airflow/example_dags/example_dynamic_task_mapping_with_no_taskflow_operators.py
[2026-01-21T12:54:15.747+0000] {processor.py:830} INFO - Processing file /home/airflow/.local/lib/python3.8/site-packages/airflow/example_dags/example_dynamic_task_mapping_with_no_taskflow_operators.py for tasks to queue
[2026-01-21T12:54:15.750+0000] {logging_mixin.py:188} INFO - [2026-01-21T12:54:15.750+0000] {dagbag.py:538} INFO - Filling up the DagBag from /home/airflow/.local/lib/python3.8/site-packages/airflow/example_dags/example_dynamic_task_mapping_with_no_taskflow_operators.py
[2026-01-21T12:54:15.760+0000] {processor.py:840} INFO - DAG(s) 'example_dynamic_task_mapping_with_no_taskflow_operators' retrieved from /home/airflow/.local/lib/python3.8/site-packages/airflow/example_dags/example_dynamic_task_mapping_with_no_taskflow_operators.py
[2026-01-21T12:54:15.795+0000] {logging_mixin.py:188} INFO - [2026-01-21T12:54:15.795+0000] {dag.py:3036} INFO - Sync 1 DAGs
[2026-01-21T12:54:15.839+0000] {logging_mixin.py:188} INFO - [2026-01-21T12:54:15.839+0000] {dag.py:3823} INFO - Setting next_dagrun for example_dynamic_task_mapping_with_no_taskflow_operators to 2026-01-20 00:00:00+00:00, run_after=2026-01-21 00:00:00+00:00
[2026-01-21T12:54:15.870+0000] {processor.py:183} INFO - Processing /home/airflow/.local/lib/python3.8/site-packages/airflow/example_dags/example_dynamic_task_mapping_with_no_taskflow_operators.py took 0.131 seconds
[2026-01-21T12:54:45.955+0000] {processor.py:161} INFO - Started process (PID=28109) to work on /home/airflow/.local/lib/python3.8/site-packages/airflow/example_dags/example_dynamic_task_mapping_with_no_taskflow_operators.py
[2026-01-21T12:54:45.957+0000] {processor.py:830} INFO - Processing file /home/airflow/.local/lib/python3.8/site-packages/airflow/example_dags/example_dynamic_task_mapping_with_no_taskflow_operators.py for tasks to queue
[2026-01-21T12:54:45.959+0000] {logging_mixin.py:188} INFO - [2026-01-21T12:54:45.959+0000] {dagbag.py:538} INFO - Filling up the DagBag from /home/airflow/.local/lib/python3.8/site-packages/airflow/example_dags/example_dynamic_task_mapping_with_no_taskflow_operators.py
[2026-01-21T12:54:45.970+0000] {processor.py:840} INFO - DAG(s) 'example_dynamic_task_mapping_with_no_taskflow_operators' retrieved from /home/airflow/.local/lib/python3.8/site-packages/airflow/example_dags/example_dynamic_task_mapping_with_no_taskflow_operators.py
[2026-01-21T12:54:46.002+0000] {logging_mixin.py:188} INFO - [2026-01-21T12:54:46.002+0000] {dag.py:3036} INFO - Sync 1 DAGs
[2026-01-21T12:54:46.045+0000] {logging_mixin.py:188} INFO - [2026-01-21T12:54:46.045+0000] {dag.py:3823} INFO - Setting next_dagrun for example_dynamic_task_mapping_with_no_taskflow_operators to 2026-01-20 00:00:00+00:00, run_after=2026-01-21 00:00:00+00:00
[2026-01-21T12:54:46.076+0000] {processor.py:183} INFO - Processing /home/airflow/.local/lib/python3.8/site-packages/airflow/example_dags/example_dynamic_task_mapping_with_no_taskflow_operators.py took 0.127 seconds
[2026-01-21T12:55:16.244+0000] {processor.py:161} INFO - Started process (PID=28175) to work on /home/airflow/.local/lib/python3.8/site-packages/airflow/example_dags/example_dynamic_task_mapping_with_no_taskflow_operators.py
[2026-01-21T12:55:16.245+0000] {processor.py:830} INFO - Processing file /home/airflow/.local/lib/python3.8/site-packages/airflow/example_dags/example_dynamic_task_mapping_with_no_taskflow_operators.py for tasks to queue
[2026-01-21T12:55:16.247+0000] {logging_mixin.py:188} INFO - [2026-01-21T12:55:16.247+0000] {dagbag.py:538} INFO - Filling up the DagBag from /home/airflow/.local/lib/python3.8/site-packages/airflow/example_dags/example_dynamic_task_mapping_with_no_taskflow_operators.py
[2026-01-21T12:55:16.255+0000] {processor.py:840} INFO - DAG(s) 'example_dynamic_task_mapping_with_no_taskflow_operators' retrieved from /home/airflow/.local/lib/python3.8/site-packages/airflow/example_dags/example_dynamic_task_mapping_with_no_taskflow_operators.py
[2026-01-21T12:55:16.283+0000] {logging_mixin.py:188} INFO - [2026-01-21T12:55:16.282+0000] {dag.py:3036} INFO - Sync 1 DAGs
[2026-01-21T12:55:16.324+0000] {logging_mixin.py:188} INFO - [2026-01-21T12:55:16.323+0000] {dag.py:3823} INFO - Setting next_dagrun for example_dynamic_task_mapping_with_no_taskflow_operators to 2026-01-20 00:00:00+00:00, run_after=2026-01-21 00:00:00+00:00
[2026-01-21T12:55:16.351+0000] {processor.py:183} INFO - Processing /home/airflow/.local/lib/python3.8/site-packages/airflow/example_dags/example_dynamic_task_mapping_with_no_taskflow_operators.py took 0.112 seconds
[2026-01-21T12:55:46.655+0000] {processor.py:161} INFO - Started process (PID=28241) to work on /home/airflow/.local/lib/python3.8/site-packages/airflow/example_dags/example_dynamic_task_mapping_with_no_taskflow_operators.py
[2026-01-21T12:55:46.657+0000] {processor.py:830} INFO - Processing file /home/airflow/.local/lib/python3.8/site-packages/airflow/example_dags/example_dynamic_task_mapping_with_no_taskflow_operators.py for tasks to queue
[2026-01-21T12:55:46.659+0000] {logging_mixin.py:188} INFO - [2026-01-21T12:55:46.659+0000] {dagbag.py:538} INFO - Filling up the DagBag from /home/airflow/.local/lib/python3.8/site-packages/airflow/example_dags/example_dynamic_task_mapping_with_no_taskflow_operators.py
[2026-01-21T12:55:46.668+0000] {processor.py:840} INFO - DAG(s) 'example_dynamic_task_mapping_with_no_taskflow_operators' retrieved from /home/airflow/.local/lib/python3.8/site-packages/airflow/example_dags/example_dynamic_task_mapping_with_no_taskflow_operators.py
[2026-01-21T12:55:46.694+0000] {logging_mixin.py:188} INFO - [2026-01-21T12:55:46.694+0000] {dag.py:3036} INFO - Sync 1 DAGs
[2026-01-21T12:55:46.725+0000] {logging_mixin.py:188} INFO - [2026-01-21T12:55:46.725+0000] {dag.py:3823} INFO - Setting next_dagrun for example_dynamic_task_mapping_with_no_taskflow_operators to 2026-01-20 00:00:00+00:00, run_after=2026-01-21 00:00:00+00:00
[2026-01-21T12:55:46.748+0000] {processor.py:183} INFO - Processing /home/airflow/.local/lib/python3.8/site-packages/airflow/example_dags/example_dynamic_task_mapping_with_no_taskflow_operators.py took 0.097 seconds
[2026-01-21T12:56:17.468+0000] {processor.py:161} INFO - Started process (PID=28308) to work on /home/airflow/.local/lib/python3.8/site-packages/airflow/example_dags/example_dynamic_task_mapping_with_no_taskflow_operators.py
[2026-01-21T12:56:17.469+0000] {processor.py:830} INFO - Processing file /home/airflow/.local/lib/python3.8/site-packages/airflow/example_dags/example_dynamic_task_mapping_with_no_taskflow_operators.py for tasks to queue
[2026-01-21T12:56:17.471+0000] {logging_mixin.py:188} INFO - [2026-01-21T12:56:17.471+0000] {dagbag.py:538} INFO - Filling up the DagBag from /home/airflow/.local/lib/python3.8/site-packages/airflow/example_dags/example_dynamic_task_mapping_with_no_taskflow_operators.py
[2026-01-21T12:56:17.479+0000] {processor.py:840} INFO - DAG(s) 'example_dynamic_task_mapping_with_no_taskflow_operators' retrieved from /home/airflow/.local/lib/python3.8/site-packages/airflow/example_dags/example_dynamic_task_mapping_with_no_taskflow_operators.py
[2026-01-21T12:56:17.505+0000] {logging_mixin.py:188} INFO - [2026-01-21T12:56:17.504+0000] {dag.py:3036} INFO - Sync 1 DAGs
[2026-01-21T12:56:17.536+0000] {logging_mixin.py:188} INFO - [2026-01-21T12:56:17.536+0000] {dag.py:3823} INFO - Setting next_dagrun for example_dynamic_task_mapping_with_no_taskflow_operators to 2026-01-20 00:00:00+00:00, run_after=2026-01-21 00:00:00+00:00
[2026-01-21T12:56:17.560+0000] {processor.py:183} INFO - Processing /home/airflow/.local/lib/python3.8/site-packages/airflow/example_dags/example_dynamic_task_mapping_with_no_taskflow_operators.py took 0.097 seconds
[2026-01-21T12:56:47.779+0000] {processor.py:161} INFO - Started process (PID=28383) to work on /home/airflow/.local/lib/python3.8/site-packages/airflow/example_dags/example_dynamic_task_mapping_with_no_taskflow_operators.py
[2026-01-21T12:56:47.781+0000] {processor.py:830} INFO - Processing file /home/airflow/.local/lib/python3.8/site-packages/airflow/example_dags/example_dynamic_task_mapping_with_no_taskflow_operators.py for tasks to queue
[2026-01-21T12:56:47.783+0000] {logging_mixin.py:188} INFO - [2026-01-21T12:56:47.783+0000] {dagbag.py:538} INFO - Filling up the DagBag from /home/airflow/.local/lib/python3.8/site-packages/airflow/example_dags/example_dynamic_task_mapping_with_no_taskflow_operators.py
[2026-01-21T12:56:47.791+0000] {processor.py:840} INFO - DAG(s) 'example_dynamic_task_mapping_with_no_taskflow_operators' retrieved from /home/airflow/.local/lib/python3.8/site-packages/airflow/example_dags/example_dynamic_task_mapping_with_no_taskflow_operators.py
[2026-01-21T12:56:47.820+0000] {logging_mixin.py:188} INFO - [2026-01-21T12:56:47.820+0000] {dag.py:3036} INFO - Sync 1 DAGs
[2026-01-21T12:56:47.854+0000] {logging_mixin.py:188} INFO - [2026-01-21T12:56:47.854+0000] {dag.py:3823} INFO - Setting next_dagrun for example_dynamic_task_mapping_with_no_taskflow_operators to 2026-01-20 00:00:00+00:00, run_after=2026-01-21 00:00:00+00:00
[2026-01-21T12:56:47.879+0000] {processor.py:183} INFO - Processing /home/airflow/.local/lib/python3.8/site-packages/airflow/example_dags/example_dynamic_task_mapping_with_no_taskflow_operators.py took 0.104 seconds
[2026-01-21T12:57:18.083+0000] {processor.py:161} INFO - Started process (PID=28449) to work on /home/airflow/.local/lib/python3.8/site-packages/airflow/example_dags/example_dynamic_task_mapping_with_no_taskflow_operators.py
[2026-01-21T12:57:18.084+0000] {processor.py:830} INFO - Processing file /home/airflow/.local/lib/python3.8/site-packages/airflow/example_dags/example_dynamic_task_mapping_with_no_taskflow_operators.py for tasks to queue
[2026-01-21T12:57:18.087+0000] {logging_mixin.py:188} INFO - [2026-01-21T12:57:18.087+0000] {dagbag.py:538} INFO - Filling up the DagBag from /home/airflow/.local/lib/python3.8/site-packages/airflow/example_dags/example_dynamic_task_mapping_with_no_taskflow_operators.py
[2026-01-21T12:57:18.099+0000] {processor.py:840} INFO - DAG(s) 'example_dynamic_task_mapping_with_no_taskflow_operators' retrieved from /home/airflow/.local/lib/python3.8/site-packages/airflow/example_dags/example_dynamic_task_mapping_with_no_taskflow_operators.py
[2026-01-21T12:57:18.145+0000] {logging_mixin.py:188} INFO - [2026-01-21T12:57:18.144+0000] {dag.py:3036} INFO - Sync 1 DAGs
[2026-01-21T12:57:18.208+0000] {logging_mixin.py:188} INFO - [2026-01-21T12:57:18.208+0000] {dag.py:3823} INFO - Setting next_dagrun for example_dynamic_task_mapping_with_no_taskflow_operators to 2026-01-20 00:00:00+00:00, run_after=2026-01-21 00:00:00+00:00
[2026-01-21T12:57:18.253+0000] {processor.py:183} INFO - Processing /home/airflow/.local/lib/python3.8/site-packages/airflow/example_dags/example_dynamic_task_mapping_with_no_taskflow_operators.py took 0.176 seconds
[2026-01-21T12:57:48.902+0000] {processor.py:161} INFO - Started process (PID=28515) to work on /home/airflow/.local/lib/python3.8/site-packages/airflow/example_dags/example_dynamic_task_mapping_with_no_taskflow_operators.py
[2026-01-21T12:57:48.903+0000] {processor.py:830} INFO - Processing file /home/airflow/.local/lib/python3.8/site-packages/airflow/example_dags/example_dynamic_task_mapping_with_no_taskflow_operators.py for tasks to queue
[2026-01-21T12:57:48.905+0000] {logging_mixin.py:188} INFO - [2026-01-21T12:57:48.905+0000] {dagbag.py:538} INFO - Filling up the DagBag from /home/airflow/.local/lib/python3.8/site-packages/airflow/example_dags/example_dynamic_task_mapping_with_no_taskflow_operators.py
[2026-01-21T12:57:48.914+0000] {processor.py:840} INFO - DAG(s) 'example_dynamic_task_mapping_with_no_taskflow_operators' retrieved from /home/airflow/.local/lib/python3.8/site-packages/airflow/example_dags/example_dynamic_task_mapping_with_no_taskflow_operators.py
[2026-01-21T12:57:48.939+0000] {logging_mixin.py:188} INFO - [2026-01-21T12:57:48.939+0000] {dag.py:3036} INFO - Sync 1 DAGs
[2026-01-21T12:57:48.970+0000] {logging_mixin.py:188} INFO - [2026-01-21T12:57:48.970+0000] {dag.py:3823} INFO - Setting next_dagrun for example_dynamic_task_mapping_with_no_taskflow_operators to 2026-01-20 00:00:00+00:00, run_after=2026-01-21 00:00:00+00:00
[2026-01-21T12:57:48.993+0000] {processor.py:183} INFO - Processing /home/airflow/.local/lib/python3.8/site-packages/airflow/example_dags/example_dynamic_task_mapping_with_no_taskflow_operators.py took 0.096 seconds
[2026-01-21T12:58:19.544+0000] {processor.py:161} INFO - Started process (PID=28581) to work on /home/airflow/.local/lib/python3.8/site-packages/airflow/example_dags/example_dynamic_task_mapping_with_no_taskflow_operators.py
[2026-01-21T12:58:19.545+0000] {processor.py:830} INFO - Processing file /home/airflow/.local/lib/python3.8/site-packages/airflow/example_dags/example_dynamic_task_mapping_with_no_taskflow_operators.py for tasks to queue
[2026-01-21T12:58:19.547+0000] {logging_mixin.py:188} INFO - [2026-01-21T12:58:19.547+0000] {dagbag.py:538} INFO - Filling up the DagBag from /home/airflow/.local/lib/python3.8/site-packages/airflow/example_dags/example_dynamic_task_mapping_with_no_taskflow_operators.py
[2026-01-21T12:58:19.555+0000] {processor.py:840} INFO - DAG(s) 'example_dynamic_task_mapping_with_no_taskflow_operators' retrieved from /home/airflow/.local/lib/python3.8/site-packages/airflow/example_dags/example_dynamic_task_mapping_with_no_taskflow_operators.py
[2026-01-21T12:58:19.582+0000] {logging_mixin.py:188} INFO - [2026-01-21T12:58:19.582+0000] {dag.py:3036} INFO - Sync 1 DAGs
[2026-01-21T12:58:19.613+0000] {logging_mixin.py:188} INFO - [2026-01-21T12:58:19.613+0000] {dag.py:3823} INFO - Setting next_dagrun for example_dynamic_task_mapping_with_no_taskflow_operators to 2026-01-20 00:00:00+00:00, run_after=2026-01-21 00:00:00+00:00
[2026-01-21T12:58:19.637+0000] {processor.py:183} INFO - Processing /home/airflow/.local/lib/python3.8/site-packages/airflow/example_dags/example_dynamic_task_mapping_with_no_taskflow_operators.py took 0.097 seconds
[2026-01-21T12:58:49.877+0000] {processor.py:161} INFO - Started process (PID=28647) to work on /home/airflow/.local/lib/python3.8/site-packages/airflow/example_dags/example_dynamic_task_mapping_with_no_taskflow_operators.py
[2026-01-21T12:58:49.879+0000] {processor.py:830} INFO - Processing file /home/airflow/.local/lib/python3.8/site-packages/airflow/example_dags/example_dynamic_task_mapping_with_no_taskflow_operators.py for tasks to queue
[2026-01-21T12:58:49.881+0000] {logging_mixin.py:188} INFO - [2026-01-21T12:58:49.881+0000] {dagbag.py:538} INFO - Filling up the DagBag from /home/airflow/.local/lib/python3.8/site-packages/airflow/example_dags/example_dynamic_task_mapping_with_no_taskflow_operators.py
[2026-01-21T12:58:49.889+0000] {processor.py:840} INFO - DAG(s) 'example_dynamic_task_mapping_with_no_taskflow_operators' retrieved from /home/airflow/.local/lib/python3.8/site-packages/airflow/example_dags/example_dynamic_task_mapping_with_no_taskflow_operators.py
[2026-01-21T12:58:49.915+0000] {logging_mixin.py:188} INFO - [2026-01-21T12:58:49.915+0000] {dag.py:3036} INFO - Sync 1 DAGs
[2026-01-21T12:58:49.947+0000] {logging_mixin.py:188} INFO - [2026-01-21T12:58:49.947+0000] {dag.py:3823} INFO - Setting next_dagrun for example_dynamic_task_mapping_with_no_taskflow_operators to 2026-01-20 00:00:00+00:00, run_after=2026-01-21 00:00:00+00:00
[2026-01-21T12:58:49.970+0000] {processor.py:183} INFO - Processing /home/airflow/.local/lib/python3.8/site-packages/airflow/example_dags/example_dynamic_task_mapping_with_no_taskflow_operators.py took 0.097 seconds
[2026-01-21T12:59:20.243+0000] {processor.py:161} INFO - Started process (PID=28713) to work on /home/airflow/.local/lib/python3.8/site-packages/airflow/example_dags/example_dynamic_task_mapping_with_no_taskflow_operators.py
[2026-01-21T12:59:20.244+0000] {processor.py:830} INFO - Processing file /home/airflow/.local/lib/python3.8/site-packages/airflow/example_dags/example_dynamic_task_mapping_with_no_taskflow_operators.py for tasks to queue
[2026-01-21T12:59:20.246+0000] {logging_mixin.py:188} INFO - [2026-01-21T12:59:20.246+0000] {dagbag.py:538} INFO - Filling up the DagBag from /home/airflow/.local/lib/python3.8/site-packages/airflow/example_dags/example_dynamic_task_mapping_with_no_taskflow_operators.py
[2026-01-21T12:59:20.254+0000] {processor.py:840} INFO - DAG(s) 'example_dynamic_task_mapping_with_no_taskflow_operators' retrieved from /home/airflow/.local/lib/python3.8/site-packages/airflow/example_dags/example_dynamic_task_mapping_with_no_taskflow_operators.py
[2026-01-21T12:59:20.280+0000] {logging_mixin.py:188} INFO - [2026-01-21T12:59:20.280+0000] {dag.py:3036} INFO - Sync 1 DAGs
[2026-01-21T12:59:20.312+0000] {logging_mixin.py:188} INFO - [2026-01-21T12:59:20.311+0000] {dag.py:3823} INFO - Setting next_dagrun for example_dynamic_task_mapping_with_no_taskflow_operators to 2026-01-20 00:00:00+00:00, run_after=2026-01-21 00:00:00+00:00
[2026-01-21T12:59:20.335+0000] {processor.py:183} INFO - Processing /home/airflow/.local/lib/python3.8/site-packages/airflow/example_dags/example_dynamic_task_mapping_with_no_taskflow_operators.py took 0.096 seconds
[2026-01-21T12:59:51.209+0000] {processor.py:161} INFO - Started process (PID=28779) to work on /home/airflow/.local/lib/python3.8/site-packages/airflow/example_dags/example_dynamic_task_mapping_with_no_taskflow_operators.py
[2026-01-21T12:59:51.211+0000] {processor.py:830} INFO - Processing file /home/airflow/.local/lib/python3.8/site-packages/airflow/example_dags/example_dynamic_task_mapping_with_no_taskflow_operators.py for tasks to queue
[2026-01-21T12:59:51.214+0000] {logging_mixin.py:188} INFO - [2026-01-21T12:59:51.214+0000] {dagbag.py:538} INFO - Filling up the DagBag from /home/airflow/.local/lib/python3.8/site-packages/airflow/example_dags/example_dynamic_task_mapping_with_no_taskflow_operators.py
[2026-01-21T12:59:51.221+0000] {processor.py:840} INFO - DAG(s) 'example_dynamic_task_mapping_with_no_taskflow_operators' retrieved from /home/airflow/.local/lib/python3.8/site-packages/airflow/example_dags/example_dynamic_task_mapping_with_no_taskflow_operators.py
[2026-01-21T12:59:51.247+0000] {logging_mixin.py:188} INFO - [2026-01-21T12:59:51.247+0000] {dag.py:3036} INFO - Sync 1 DAGs
[2026-01-21T12:59:51.278+0000] {logging_mixin.py:188} INFO - [2026-01-21T12:59:51.278+0000] {dag.py:3823} INFO - Setting next_dagrun for example_dynamic_task_mapping_with_no_taskflow_operators to 2026-01-20 00:00:00+00:00, run_after=2026-01-21 00:00:00+00:00
[2026-01-21T12:59:51.300+0000] {processor.py:183} INFO - Processing /home/airflow/.local/lib/python3.8/site-packages/airflow/example_dags/example_dynamic_task_mapping_with_no_taskflow_operators.py took 0.095 seconds
[2026-01-21T13:00:21.584+0000] {processor.py:161} INFO - Started process (PID=28844) to work on /home/airflow/.local/lib/python3.8/site-packages/airflow/example_dags/example_dynamic_task_mapping_with_no_taskflow_operators.py
[2026-01-21T13:00:21.585+0000] {processor.py:830} INFO - Processing file /home/airflow/.local/lib/python3.8/site-packages/airflow/example_dags/example_dynamic_task_mapping_with_no_taskflow_operators.py for tasks to queue
[2026-01-21T13:00:21.587+0000] {logging_mixin.py:188} INFO - [2026-01-21T13:00:21.587+0000] {dagbag.py:538} INFO - Filling up the DagBag from /home/airflow/.local/lib/python3.8/site-packages/airflow/example_dags/example_dynamic_task_mapping_with_no_taskflow_operators.py
[2026-01-21T13:00:21.596+0000] {processor.py:840} INFO - DAG(s) 'example_dynamic_task_mapping_with_no_taskflow_operators' retrieved from /home/airflow/.local/lib/python3.8/site-packages/airflow/example_dags/example_dynamic_task_mapping_with_no_taskflow_operators.py
[2026-01-21T13:00:21.625+0000] {logging_mixin.py:188} INFO - [2026-01-21T13:00:21.624+0000] {dag.py:3036} INFO - Sync 1 DAGs
[2026-01-21T13:00:21.659+0000] {logging_mixin.py:188} INFO - [2026-01-21T13:00:21.659+0000] {dag.py:3823} INFO - Setting next_dagrun for example_dynamic_task_mapping_with_no_taskflow_operators to 2026-01-20 00:00:00+00:00, run_after=2026-01-21 00:00:00+00:00
[2026-01-21T13:00:21.686+0000] {processor.py:183} INFO - Processing /home/airflow/.local/lib/python3.8/site-packages/airflow/example_dags/example_dynamic_task_mapping_with_no_taskflow_operators.py took 0.107 seconds
[2026-01-21T13:00:51.806+0000] {processor.py:161} INFO - Started process (PID=28918) to work on /home/airflow/.local/lib/python3.8/site-packages/airflow/example_dags/example_dynamic_task_mapping_with_no_taskflow_operators.py
[2026-01-21T13:00:51.807+0000] {processor.py:830} INFO - Processing file /home/airflow/.local/lib/python3.8/site-packages/airflow/example_dags/example_dynamic_task_mapping_with_no_taskflow_operators.py for tasks to queue
[2026-01-21T13:00:51.810+0000] {logging_mixin.py:188} INFO - [2026-01-21T13:00:51.809+0000] {dagbag.py:538} INFO - Filling up the DagBag from /home/airflow/.local/lib/python3.8/site-packages/airflow/example_dags/example_dynamic_task_mapping_with_no_taskflow_operators.py
[2026-01-21T13:00:51.818+0000] {processor.py:840} INFO - DAG(s) 'example_dynamic_task_mapping_with_no_taskflow_operators' retrieved from /home/airflow/.local/lib/python3.8/site-packages/airflow/example_dags/example_dynamic_task_mapping_with_no_taskflow_operators.py
[2026-01-21T13:00:51.850+0000] {logging_mixin.py:188} INFO - [2026-01-21T13:00:51.850+0000] {dag.py:3036} INFO - Sync 1 DAGs
[2026-01-21T13:00:51.891+0000] {logging_mixin.py:188} INFO - [2026-01-21T13:00:51.891+0000] {dag.py:3823} INFO - Setting next_dagrun for example_dynamic_task_mapping_with_no_taskflow_operators to 2026-01-20 00:00:00+00:00, run_after=2026-01-21 00:00:00+00:00
[2026-01-21T13:00:51.918+0000] {processor.py:183} INFO - Processing /home/airflow/.local/lib/python3.8/site-packages/airflow/example_dags/example_dynamic_task_mapping_with_no_taskflow_operators.py took 0.117 seconds
[2026-01-21T13:01:22.409+0000] {processor.py:161} INFO - Started process (PID=28984) to work on /home/airflow/.local/lib/python3.8/site-packages/airflow/example_dags/example_dynamic_task_mapping_with_no_taskflow_operators.py
[2026-01-21T13:01:22.410+0000] {processor.py:830} INFO - Processing file /home/airflow/.local/lib/python3.8/site-packages/airflow/example_dags/example_dynamic_task_mapping_with_no_taskflow_operators.py for tasks to queue
[2026-01-21T13:01:22.412+0000] {logging_mixin.py:188} INFO - [2026-01-21T13:01:22.412+0000] {dagbag.py:538} INFO - Filling up the DagBag from /home/airflow/.local/lib/python3.8/site-packages/airflow/example_dags/example_dynamic_task_mapping_with_no_taskflow_operators.py
[2026-01-21T13:01:22.421+0000] {processor.py:840} INFO - DAG(s) 'example_dynamic_task_mapping_with_no_taskflow_operators' retrieved from /home/airflow/.local/lib/python3.8/site-packages/airflow/example_dags/example_dynamic_task_mapping_with_no_taskflow_operators.py
[2026-01-21T13:01:22.450+0000] {logging_mixin.py:188} INFO - [2026-01-21T13:01:22.449+0000] {dag.py:3036} INFO - Sync 1 DAGs
[2026-01-21T13:01:22.484+0000] {logging_mixin.py:188} INFO - [2026-01-21T13:01:22.483+0000] {dag.py:3823} INFO - Setting next_dagrun for example_dynamic_task_mapping_with_no_taskflow_operators to 2026-01-20 00:00:00+00:00, run_after=2026-01-21 00:00:00+00:00
[2026-01-21T13:01:22.507+0000] {processor.py:183} INFO - Processing /home/airflow/.local/lib/python3.8/site-packages/airflow/example_dags/example_dynamic_task_mapping_with_no_taskflow_operators.py took 0.103 seconds
[2026-01-21T13:01:52.625+0000] {processor.py:161} INFO - Started process (PID=29051) to work on /home/airflow/.local/lib/python3.8/site-packages/airflow/example_dags/example_dynamic_task_mapping_with_no_taskflow_operators.py
[2026-01-21T13:01:52.627+0000] {processor.py:830} INFO - Processing file /home/airflow/.local/lib/python3.8/site-packages/airflow/example_dags/example_dynamic_task_mapping_with_no_taskflow_operators.py for tasks to queue
[2026-01-21T13:01:52.629+0000] {logging_mixin.py:188} INFO - [2026-01-21T13:01:52.629+0000] {dagbag.py:538} INFO - Filling up the DagBag from /home/airflow/.local/lib/python3.8/site-packages/airflow/example_dags/example_dynamic_task_mapping_with_no_taskflow_operators.py
[2026-01-21T13:01:52.638+0000] {processor.py:840} INFO - DAG(s) 'example_dynamic_task_mapping_with_no_taskflow_operators' retrieved from /home/airflow/.local/lib/python3.8/site-packages/airflow/example_dags/example_dynamic_task_mapping_with_no_taskflow_operators.py
[2026-01-21T13:01:52.666+0000] {logging_mixin.py:188} INFO - [2026-01-21T13:01:52.665+0000] {dag.py:3036} INFO - Sync 1 DAGs
[2026-01-21T13:01:52.697+0000] {logging_mixin.py:188} INFO - [2026-01-21T13:01:52.696+0000] {dag.py:3823} INFO - Setting next_dagrun for example_dynamic_task_mapping_with_no_taskflow_operators to 2026-01-20 00:00:00+00:00, run_after=2026-01-21 00:00:00+00:00
[2026-01-21T13:01:52.719+0000] {processor.py:183} INFO - Processing /home/airflow/.local/lib/python3.8/site-packages/airflow/example_dags/example_dynamic_task_mapping_with_no_taskflow_operators.py took 0.099 seconds
[2026-01-21T13:02:22.850+0000] {processor.py:161} INFO - Started process (PID=29117) to work on /home/airflow/.local/lib/python3.8/site-packages/airflow/example_dags/example_dynamic_task_mapping_with_no_taskflow_operators.py
[2026-01-21T13:02:22.851+0000] {processor.py:830} INFO - Processing file /home/airflow/.local/lib/python3.8/site-packages/airflow/example_dags/example_dynamic_task_mapping_with_no_taskflow_operators.py for tasks to queue
[2026-01-21T13:02:22.853+0000] {logging_mixin.py:188} INFO - [2026-01-21T13:02:22.853+0000] {dagbag.py:538} INFO - Filling up the DagBag from /home/airflow/.local/lib/python3.8/site-packages/airflow/example_dags/example_dynamic_task_mapping_with_no_taskflow_operators.py
[2026-01-21T13:02:22.861+0000] {processor.py:840} INFO - DAG(s) 'example_dynamic_task_mapping_with_no_taskflow_operators' retrieved from /home/airflow/.local/lib/python3.8/site-packages/airflow/example_dags/example_dynamic_task_mapping_with_no_taskflow_operators.py
[2026-01-21T13:02:22.888+0000] {logging_mixin.py:188} INFO - [2026-01-21T13:02:22.888+0000] {dag.py:3036} INFO - Sync 1 DAGs
[2026-01-21T13:02:22.920+0000] {logging_mixin.py:188} INFO - [2026-01-21T13:02:22.919+0000] {dag.py:3823} INFO - Setting next_dagrun for example_dynamic_task_mapping_with_no_taskflow_operators to 2026-01-20 00:00:00+00:00, run_after=2026-01-21 00:00:00+00:00
[2026-01-21T13:02:22.942+0000] {processor.py:183} INFO - Processing /home/airflow/.local/lib/python3.8/site-packages/airflow/example_dags/example_dynamic_task_mapping_with_no_taskflow_operators.py took 0.097 seconds
[2026-01-21T13:02:53.490+0000] {processor.py:161} INFO - Started process (PID=29183) to work on /home/airflow/.local/lib/python3.8/site-packages/airflow/example_dags/example_dynamic_task_mapping_with_no_taskflow_operators.py
[2026-01-21T13:02:53.491+0000] {processor.py:830} INFO - Processing file /home/airflow/.local/lib/python3.8/site-packages/airflow/example_dags/example_dynamic_task_mapping_with_no_taskflow_operators.py for tasks to queue
[2026-01-21T13:02:53.493+0000] {logging_mixin.py:188} INFO - [2026-01-21T13:02:53.493+0000] {dagbag.py:538} INFO - Filling up the DagBag from /home/airflow/.local/lib/python3.8/site-packages/airflow/example_dags/example_dynamic_task_mapping_with_no_taskflow_operators.py
[2026-01-21T13:02:53.502+0000] {processor.py:840} INFO - DAG(s) 'example_dynamic_task_mapping_with_no_taskflow_operators' retrieved from /home/airflow/.local/lib/python3.8/site-packages/airflow/example_dags/example_dynamic_task_mapping_with_no_taskflow_operators.py
[2026-01-21T13:02:53.529+0000] {logging_mixin.py:188} INFO - [2026-01-21T13:02:53.529+0000] {dag.py:3036} INFO - Sync 1 DAGs
[2026-01-21T13:02:53.563+0000] {logging_mixin.py:188} INFO - [2026-01-21T13:02:53.563+0000] {dag.py:3823} INFO - Setting next_dagrun for example_dynamic_task_mapping_with_no_taskflow_operators to 2026-01-20 00:00:00+00:00, run_after=2026-01-21 00:00:00+00:00
[2026-01-21T13:02:53.589+0000] {processor.py:183} INFO - Processing /home/airflow/.local/lib/python3.8/site-packages/airflow/example_dags/example_dynamic_task_mapping_with_no_taskflow_operators.py took 0.104 seconds
[2026-01-21T13:03:23.909+0000] {processor.py:161} INFO - Started process (PID=29248) to work on /home/airflow/.local/lib/python3.8/site-packages/airflow/example_dags/example_dynamic_task_mapping_with_no_taskflow_operators.py
[2026-01-21T13:03:23.910+0000] {processor.py:830} INFO - Processing file /home/airflow/.local/lib/python3.8/site-packages/airflow/example_dags/example_dynamic_task_mapping_with_no_taskflow_operators.py for tasks to queue
[2026-01-21T13:03:23.913+0000] {logging_mixin.py:188} INFO - [2026-01-21T13:03:23.912+0000] {dagbag.py:538} INFO - Filling up the DagBag from /home/airflow/.local/lib/python3.8/site-packages/airflow/example_dags/example_dynamic_task_mapping_with_no_taskflow_operators.py
[2026-01-21T13:03:23.921+0000] {processor.py:840} INFO - DAG(s) 'example_dynamic_task_mapping_with_no_taskflow_operators' retrieved from /home/airflow/.local/lib/python3.8/site-packages/airflow/example_dags/example_dynamic_task_mapping_with_no_taskflow_operators.py
[2026-01-21T13:03:23.948+0000] {logging_mixin.py:188} INFO - [2026-01-21T13:03:23.947+0000] {dag.py:3036} INFO - Sync 1 DAGs
[2026-01-21T13:03:23.984+0000] {logging_mixin.py:188} INFO - [2026-01-21T13:03:23.983+0000] {dag.py:3823} INFO - Setting next_dagrun for example_dynamic_task_mapping_with_no_taskflow_operators to 2026-01-20 00:00:00+00:00, run_after=2026-01-21 00:00:00+00:00
[2026-01-21T13:03:24.008+0000] {processor.py:183} INFO - Processing /home/airflow/.local/lib/python3.8/site-packages/airflow/example_dags/example_dynamic_task_mapping_with_no_taskflow_operators.py took 0.104 seconds
[2026-01-21T13:03:54.469+0000] {processor.py:161} INFO - Started process (PID=29314) to work on /home/airflow/.local/lib/python3.8/site-packages/airflow/example_dags/example_dynamic_task_mapping_with_no_taskflow_operators.py
[2026-01-21T13:03:54.470+0000] {processor.py:830} INFO - Processing file /home/airflow/.local/lib/python3.8/site-packages/airflow/example_dags/example_dynamic_task_mapping_with_no_taskflow_operators.py for tasks to queue
[2026-01-21T13:03:54.472+0000] {logging_mixin.py:188} INFO - [2026-01-21T13:03:54.472+0000] {dagbag.py:538} INFO - Filling up the DagBag from /home/airflow/.local/lib/python3.8/site-packages/airflow/example_dags/example_dynamic_task_mapping_with_no_taskflow_operators.py
[2026-01-21T13:03:54.481+0000] {processor.py:840} INFO - DAG(s) 'example_dynamic_task_mapping_with_no_taskflow_operators' retrieved from /home/airflow/.local/lib/python3.8/site-packages/airflow/example_dags/example_dynamic_task_mapping_with_no_taskflow_operators.py
[2026-01-21T13:03:54.508+0000] {logging_mixin.py:188} INFO - [2026-01-21T13:03:54.508+0000] {dag.py:3036} INFO - Sync 1 DAGs
[2026-01-21T13:03:54.541+0000] {logging_mixin.py:188} INFO - [2026-01-21T13:03:54.541+0000] {dag.py:3823} INFO - Setting next_dagrun for example_dynamic_task_mapping_with_no_taskflow_operators to 2026-01-20 00:00:00+00:00, run_after=2026-01-21 00:00:00+00:00
[2026-01-21T13:03:54.565+0000] {processor.py:183} INFO - Processing /home/airflow/.local/lib/python3.8/site-packages/airflow/example_dags/example_dynamic_task_mapping_with_no_taskflow_operators.py took 0.101 seconds
[2026-01-21T13:04:25.150+0000] {processor.py:161} INFO - Started process (PID=29388) to work on /home/airflow/.local/lib/python3.8/site-packages/airflow/example_dags/example_dynamic_task_mapping_with_no_taskflow_operators.py
[2026-01-21T13:04:25.151+0000] {processor.py:830} INFO - Processing file /home/airflow/.local/lib/python3.8/site-packages/airflow/example_dags/example_dynamic_task_mapping_with_no_taskflow_operators.py for tasks to queue
[2026-01-21T13:04:25.154+0000] {logging_mixin.py:188} INFO - [2026-01-21T13:04:25.153+0000] {dagbag.py:538} INFO - Filling up the DagBag from /home/airflow/.local/lib/python3.8/site-packages/airflow/example_dags/example_dynamic_task_mapping_with_no_taskflow_operators.py
[2026-01-21T13:04:25.162+0000] {processor.py:840} INFO - DAG(s) 'example_dynamic_task_mapping_with_no_taskflow_operators' retrieved from /home/airflow/.local/lib/python3.8/site-packages/airflow/example_dags/example_dynamic_task_mapping_with_no_taskflow_operators.py
[2026-01-21T13:04:25.188+0000] {logging_mixin.py:188} INFO - [2026-01-21T13:04:25.188+0000] {dag.py:3036} INFO - Sync 1 DAGs
[2026-01-21T13:04:25.219+0000] {logging_mixin.py:188} INFO - [2026-01-21T13:04:25.219+0000] {dag.py:3823} INFO - Setting next_dagrun for example_dynamic_task_mapping_with_no_taskflow_operators to 2026-01-20 00:00:00+00:00, run_after=2026-01-21 00:00:00+00:00
[2026-01-21T13:04:25.244+0000] {processor.py:183} INFO - Processing /home/airflow/.local/lib/python3.8/site-packages/airflow/example_dags/example_dynamic_task_mapping_with_no_taskflow_operators.py took 0.099 seconds
[2026-01-21T13:04:55.788+0000] {processor.py:161} INFO - Started process (PID=29454) to work on /home/airflow/.local/lib/python3.8/site-packages/airflow/example_dags/example_dynamic_task_mapping_with_no_taskflow_operators.py
[2026-01-21T13:04:55.790+0000] {processor.py:830} INFO - Processing file /home/airflow/.local/lib/python3.8/site-packages/airflow/example_dags/example_dynamic_task_mapping_with_no_taskflow_operators.py for tasks to queue
[2026-01-21T13:04:55.792+0000] {logging_mixin.py:188} INFO - [2026-01-21T13:04:55.792+0000] {dagbag.py:538} INFO - Filling up the DagBag from /home/airflow/.local/lib/python3.8/site-packages/airflow/example_dags/example_dynamic_task_mapping_with_no_taskflow_operators.py
[2026-01-21T13:04:55.801+0000] {processor.py:840} INFO - DAG(s) 'example_dynamic_task_mapping_with_no_taskflow_operators' retrieved from /home/airflow/.local/lib/python3.8/site-packages/airflow/example_dags/example_dynamic_task_mapping_with_no_taskflow_operators.py
[2026-01-21T13:04:55.828+0000] {logging_mixin.py:188} INFO - [2026-01-21T13:04:55.828+0000] {dag.py:3036} INFO - Sync 1 DAGs
[2026-01-21T13:04:55.861+0000] {logging_mixin.py:188} INFO - [2026-01-21T13:04:55.860+0000] {dag.py:3823} INFO - Setting next_dagrun for example_dynamic_task_mapping_with_no_taskflow_operators to 2026-01-20 00:00:00+00:00, run_after=2026-01-21 00:00:00+00:00
[2026-01-21T13:04:55.887+0000] {processor.py:183} INFO - Processing /home/airflow/.local/lib/python3.8/site-packages/airflow/example_dags/example_dynamic_task_mapping_with_no_taskflow_operators.py took 0.104 seconds
[2026-01-21T13:05:25.944+0000] {processor.py:161} INFO - Started process (PID=29520) to work on /home/airflow/.local/lib/python3.8/site-packages/airflow/example_dags/example_dynamic_task_mapping_with_no_taskflow_operators.py
[2026-01-21T13:05:25.946+0000] {processor.py:830} INFO - Processing file /home/airflow/.local/lib/python3.8/site-packages/airflow/example_dags/example_dynamic_task_mapping_with_no_taskflow_operators.py for tasks to queue
[2026-01-21T13:05:25.948+0000] {logging_mixin.py:188} INFO - [2026-01-21T13:05:25.948+0000] {dagbag.py:538} INFO - Filling up the DagBag from /home/airflow/.local/lib/python3.8/site-packages/airflow/example_dags/example_dynamic_task_mapping_with_no_taskflow_operators.py
[2026-01-21T13:05:25.956+0000] {processor.py:840} INFO - DAG(s) 'example_dynamic_task_mapping_with_no_taskflow_operators' retrieved from /home/airflow/.local/lib/python3.8/site-packages/airflow/example_dags/example_dynamic_task_mapping_with_no_taskflow_operators.py
[2026-01-21T13:05:25.984+0000] {logging_mixin.py:188} INFO - [2026-01-21T13:05:25.983+0000] {dag.py:3036} INFO - Sync 1 DAGs
[2026-01-21T13:05:26.018+0000] {logging_mixin.py:188} INFO - [2026-01-21T13:05:26.017+0000] {dag.py:3823} INFO - Setting next_dagrun for example_dynamic_task_mapping_with_no_taskflow_operators to 2026-01-20 00:00:00+00:00, run_after=2026-01-21 00:00:00+00:00
[2026-01-21T13:05:26.043+0000] {processor.py:183} INFO - Processing /home/airflow/.local/lib/python3.8/site-packages/airflow/example_dags/example_dynamic_task_mapping_with_no_taskflow_operators.py took 0.104 seconds
[2026-01-21T13:05:56.296+0000] {processor.py:161} INFO - Started process (PID=29586) to work on /home/airflow/.local/lib/python3.8/site-packages/airflow/example_dags/example_dynamic_task_mapping_with_no_taskflow_operators.py
[2026-01-21T13:05:56.297+0000] {processor.py:830} INFO - Processing file /home/airflow/.local/lib/python3.8/site-packages/airflow/example_dags/example_dynamic_task_mapping_with_no_taskflow_operators.py for tasks to queue
[2026-01-21T13:05:56.300+0000] {logging_mixin.py:188} INFO - [2026-01-21T13:05:56.300+0000] {dagbag.py:538} INFO - Filling up the DagBag from /home/airflow/.local/lib/python3.8/site-packages/airflow/example_dags/example_dynamic_task_mapping_with_no_taskflow_operators.py
[2026-01-21T13:05:56.311+0000] {processor.py:840} INFO - DAG(s) 'example_dynamic_task_mapping_with_no_taskflow_operators' retrieved from /home/airflow/.local/lib/python3.8/site-packages/airflow/example_dags/example_dynamic_task_mapping_with_no_taskflow_operators.py
[2026-01-21T13:05:56.339+0000] {logging_mixin.py:188} INFO - [2026-01-21T13:05:56.339+0000] {dag.py:3036} INFO - Sync 1 DAGs
[2026-01-21T13:05:56.372+0000] {logging_mixin.py:188} INFO - [2026-01-21T13:05:56.371+0000] {dag.py:3823} INFO - Setting next_dagrun for example_dynamic_task_mapping_with_no_taskflow_operators to 2026-01-20 00:00:00+00:00, run_after=2026-01-21 00:00:00+00:00
[2026-01-21T13:05:56.396+0000] {processor.py:183} INFO - Processing /home/airflow/.local/lib/python3.8/site-packages/airflow/example_dags/example_dynamic_task_mapping_with_no_taskflow_operators.py took 0.105 seconds
[2026-01-21T13:06:26.741+0000] {processor.py:161} INFO - Started process (PID=29651) to work on /home/airflow/.local/lib/python3.8/site-packages/airflow/example_dags/example_dynamic_task_mapping_with_no_taskflow_operators.py
[2026-01-21T13:06:26.743+0000] {processor.py:830} INFO - Processing file /home/airflow/.local/lib/python3.8/site-packages/airflow/example_dags/example_dynamic_task_mapping_with_no_taskflow_operators.py for tasks to queue
[2026-01-21T13:06:26.745+0000] {logging_mixin.py:188} INFO - [2026-01-21T13:06:26.745+0000] {dagbag.py:538} INFO - Filling up the DagBag from /home/airflow/.local/lib/python3.8/site-packages/airflow/example_dags/example_dynamic_task_mapping_with_no_taskflow_operators.py
[2026-01-21T13:06:26.754+0000] {processor.py:840} INFO - DAG(s) 'example_dynamic_task_mapping_with_no_taskflow_operators' retrieved from /home/airflow/.local/lib/python3.8/site-packages/airflow/example_dags/example_dynamic_task_mapping_with_no_taskflow_operators.py
[2026-01-21T13:06:26.782+0000] {logging_mixin.py:188} INFO - [2026-01-21T13:06:26.781+0000] {dag.py:3036} INFO - Sync 1 DAGs
[2026-01-21T13:06:26.814+0000] {logging_mixin.py:188} INFO - [2026-01-21T13:06:26.814+0000] {dag.py:3823} INFO - Setting next_dagrun for example_dynamic_task_mapping_with_no_taskflow_operators to 2026-01-20 00:00:00+00:00, run_after=2026-01-21 00:00:00+00:00
[2026-01-21T13:06:26.838+0000] {processor.py:183} INFO - Processing /home/airflow/.local/lib/python3.8/site-packages/airflow/example_dags/example_dynamic_task_mapping_with_no_taskflow_operators.py took 0.101 seconds
[2026-01-21T13:06:57.238+0000] {processor.py:161} INFO - Started process (PID=29723) to work on /home/airflow/.local/lib/python3.8/site-packages/airflow/example_dags/example_dynamic_task_mapping_with_no_taskflow_operators.py
[2026-01-21T13:06:57.239+0000] {processor.py:830} INFO - Processing file /home/airflow/.local/lib/python3.8/site-packages/airflow/example_dags/example_dynamic_task_mapping_with_no_taskflow_operators.py for tasks to queue
[2026-01-21T13:06:57.242+0000] {logging_mixin.py:188} INFO - [2026-01-21T13:06:57.241+0000] {dagbag.py:538} INFO - Filling up the DagBag from /home/airflow/.local/lib/python3.8/site-packages/airflow/example_dags/example_dynamic_task_mapping_with_no_taskflow_operators.py
[2026-01-21T13:06:57.250+0000] {processor.py:840} INFO - DAG(s) 'example_dynamic_task_mapping_with_no_taskflow_operators' retrieved from /home/airflow/.local/lib/python3.8/site-packages/airflow/example_dags/example_dynamic_task_mapping_with_no_taskflow_operators.py
[2026-01-21T13:06:57.278+0000] {logging_mixin.py:188} INFO - [2026-01-21T13:06:57.277+0000] {dag.py:3036} INFO - Sync 1 DAGs
[2026-01-21T13:06:57.317+0000] {logging_mixin.py:188} INFO - [2026-01-21T13:06:57.317+0000] {dag.py:3823} INFO - Setting next_dagrun for example_dynamic_task_mapping_with_no_taskflow_operators to 2026-01-20 00:00:00+00:00, run_after=2026-01-21 00:00:00+00:00
[2026-01-21T13:06:57.342+0000] {processor.py:183} INFO - Processing /home/airflow/.local/lib/python3.8/site-packages/airflow/example_dags/example_dynamic_task_mapping_with_no_taskflow_operators.py took 0.108 seconds
[2026-01-21T13:07:27.630+0000] {processor.py:161} INFO - Started process (PID=29791) to work on /home/airflow/.local/lib/python3.8/site-packages/airflow/example_dags/example_dynamic_task_mapping_with_no_taskflow_operators.py
[2026-01-21T13:07:27.632+0000] {processor.py:830} INFO - Processing file /home/airflow/.local/lib/python3.8/site-packages/airflow/example_dags/example_dynamic_task_mapping_with_no_taskflow_operators.py for tasks to queue
[2026-01-21T13:07:27.635+0000] {logging_mixin.py:188} INFO - [2026-01-21T13:07:27.634+0000] {dagbag.py:538} INFO - Filling up the DagBag from /home/airflow/.local/lib/python3.8/site-packages/airflow/example_dags/example_dynamic_task_mapping_with_no_taskflow_operators.py
[2026-01-21T13:07:27.644+0000] {processor.py:840} INFO - DAG(s) 'example_dynamic_task_mapping_with_no_taskflow_operators' retrieved from /home/airflow/.local/lib/python3.8/site-packages/airflow/example_dags/example_dynamic_task_mapping_with_no_taskflow_operators.py
[2026-01-21T13:07:27.676+0000] {logging_mixin.py:188} INFO - [2026-01-21T13:07:27.675+0000] {dag.py:3036} INFO - Sync 1 DAGs
[2026-01-21T13:07:27.717+0000] {logging_mixin.py:188} INFO - [2026-01-21T13:07:27.716+0000] {dag.py:3823} INFO - Setting next_dagrun for example_dynamic_task_mapping_with_no_taskflow_operators to 2026-01-20 00:00:00+00:00, run_after=2026-01-21 00:00:00+00:00
[2026-01-21T13:07:27.746+0000] {processor.py:183} INFO - Processing /home/airflow/.local/lib/python3.8/site-packages/airflow/example_dags/example_dynamic_task_mapping_with_no_taskflow_operators.py took 0.121 seconds
[2026-01-21T13:07:57.918+0000] {processor.py:161} INFO - Started process (PID=29857) to work on /home/airflow/.local/lib/python3.8/site-packages/airflow/example_dags/example_dynamic_task_mapping_with_no_taskflow_operators.py
[2026-01-21T13:07:57.919+0000] {processor.py:830} INFO - Processing file /home/airflow/.local/lib/python3.8/site-packages/airflow/example_dags/example_dynamic_task_mapping_with_no_taskflow_operators.py for tasks to queue
[2026-01-21T13:07:57.922+0000] {logging_mixin.py:188} INFO - [2026-01-21T13:07:57.922+0000] {dagbag.py:538} INFO - Filling up the DagBag from /home/airflow/.local/lib/python3.8/site-packages/airflow/example_dags/example_dynamic_task_mapping_with_no_taskflow_operators.py
[2026-01-21T13:07:57.930+0000] {processor.py:840} INFO - DAG(s) 'example_dynamic_task_mapping_with_no_taskflow_operators' retrieved from /home/airflow/.local/lib/python3.8/site-packages/airflow/example_dags/example_dynamic_task_mapping_with_no_taskflow_operators.py
[2026-01-21T13:07:57.957+0000] {logging_mixin.py:188} INFO - [2026-01-21T13:07:57.956+0000] {dag.py:3036} INFO - Sync 1 DAGs
[2026-01-21T13:07:57.988+0000] {logging_mixin.py:188} INFO - [2026-01-21T13:07:57.988+0000] {dag.py:3823} INFO - Setting next_dagrun for example_dynamic_task_mapping_with_no_taskflow_operators to 2026-01-20 00:00:00+00:00, run_after=2026-01-21 00:00:00+00:00
[2026-01-21T13:07:58.011+0000] {processor.py:183} INFO - Processing /home/airflow/.local/lib/python3.8/site-packages/airflow/example_dags/example_dynamic_task_mapping_with_no_taskflow_operators.py took 0.097 seconds
[2026-01-21T13:08:28.103+0000] {processor.py:161} INFO - Started process (PID=29922) to work on /home/airflow/.local/lib/python3.8/site-packages/airflow/example_dags/example_dynamic_task_mapping_with_no_taskflow_operators.py
[2026-01-21T13:08:28.105+0000] {processor.py:830} INFO - Processing file /home/airflow/.local/lib/python3.8/site-packages/airflow/example_dags/example_dynamic_task_mapping_with_no_taskflow_operators.py for tasks to queue
[2026-01-21T13:08:28.108+0000] {logging_mixin.py:188} INFO - [2026-01-21T13:08:28.108+0000] {dagbag.py:538} INFO - Filling up the DagBag from /home/airflow/.local/lib/python3.8/site-packages/airflow/example_dags/example_dynamic_task_mapping_with_no_taskflow_operators.py
[2026-01-21T13:08:28.115+0000] {processor.py:840} INFO - DAG(s) 'example_dynamic_task_mapping_with_no_taskflow_operators' retrieved from /home/airflow/.local/lib/python3.8/site-packages/airflow/example_dags/example_dynamic_task_mapping_with_no_taskflow_operators.py
[2026-01-21T13:08:28.143+0000] {logging_mixin.py:188} INFO - [2026-01-21T13:08:28.143+0000] {dag.py:3036} INFO - Sync 1 DAGs
[2026-01-21T13:08:28.174+0000] {logging_mixin.py:188} INFO - [2026-01-21T13:08:28.173+0000] {dag.py:3823} INFO - Setting next_dagrun for example_dynamic_task_mapping_with_no_taskflow_operators to 2026-01-20 00:00:00+00:00, run_after=2026-01-21 00:00:00+00:00
[2026-01-21T13:08:28.199+0000] {processor.py:183} INFO - Processing /home/airflow/.local/lib/python3.8/site-packages/airflow/example_dags/example_dynamic_task_mapping_with_no_taskflow_operators.py took 0.101 seconds
[2026-01-21T13:08:58.660+0000] {processor.py:161} INFO - Started process (PID=29988) to work on /home/airflow/.local/lib/python3.8/site-packages/airflow/example_dags/example_dynamic_task_mapping_with_no_taskflow_operators.py
[2026-01-21T13:08:58.661+0000] {processor.py:830} INFO - Processing file /home/airflow/.local/lib/python3.8/site-packages/airflow/example_dags/example_dynamic_task_mapping_with_no_taskflow_operators.py for tasks to queue
[2026-01-21T13:08:58.664+0000] {logging_mixin.py:188} INFO - [2026-01-21T13:08:58.664+0000] {dagbag.py:538} INFO - Filling up the DagBag from /home/airflow/.local/lib/python3.8/site-packages/airflow/example_dags/example_dynamic_task_mapping_with_no_taskflow_operators.py
[2026-01-21T13:08:58.671+0000] {processor.py:840} INFO - DAG(s) 'example_dynamic_task_mapping_with_no_taskflow_operators' retrieved from /home/airflow/.local/lib/python3.8/site-packages/airflow/example_dags/example_dynamic_task_mapping_with_no_taskflow_operators.py
[2026-01-21T13:08:58.697+0000] {logging_mixin.py:188} INFO - [2026-01-21T13:08:58.697+0000] {dag.py:3036} INFO - Sync 1 DAGs
[2026-01-21T13:08:58.729+0000] {logging_mixin.py:188} INFO - [2026-01-21T13:08:58.729+0000] {dag.py:3823} INFO - Setting next_dagrun for example_dynamic_task_mapping_with_no_taskflow_operators to 2026-01-20 00:00:00+00:00, run_after=2026-01-21 00:00:00+00:00
[2026-01-21T13:08:58.752+0000] {processor.py:183} INFO - Processing /home/airflow/.local/lib/python3.8/site-packages/airflow/example_dags/example_dynamic_task_mapping_with_no_taskflow_operators.py took 0.096 seconds
[2026-01-21T13:09:29.020+0000] {processor.py:161} INFO - Started process (PID=30054) to work on /home/airflow/.local/lib/python3.8/site-packages/airflow/example_dags/example_dynamic_task_mapping_with_no_taskflow_operators.py
[2026-01-21T13:09:29.022+0000] {processor.py:830} INFO - Processing file /home/airflow/.local/lib/python3.8/site-packages/airflow/example_dags/example_dynamic_task_mapping_with_no_taskflow_operators.py for tasks to queue
[2026-01-21T13:09:29.025+0000] {logging_mixin.py:188} INFO - [2026-01-21T13:09:29.025+0000] {dagbag.py:538} INFO - Filling up the DagBag from /home/airflow/.local/lib/python3.8/site-packages/airflow/example_dags/example_dynamic_task_mapping_with_no_taskflow_operators.py
[2026-01-21T13:09:29.034+0000] {processor.py:840} INFO - DAG(s) 'example_dynamic_task_mapping_with_no_taskflow_operators' retrieved from /home/airflow/.local/lib/python3.8/site-packages/airflow/example_dags/example_dynamic_task_mapping_with_no_taskflow_operators.py
[2026-01-21T13:09:29.067+0000] {logging_mixin.py:188} INFO - [2026-01-21T13:09:29.067+0000] {dag.py:3036} INFO - Sync 1 DAGs
[2026-01-21T13:09:29.112+0000] {logging_mixin.py:188} INFO - [2026-01-21T13:09:29.111+0000] {dag.py:3823} INFO - Setting next_dagrun for example_dynamic_task_mapping_with_no_taskflow_operators to 2026-01-20 00:00:00+00:00, run_after=2026-01-21 00:00:00+00:00
[2026-01-21T13:09:29.140+0000] {processor.py:183} INFO - Processing /home/airflow/.local/lib/python3.8/site-packages/airflow/example_dags/example_dynamic_task_mapping_with_no_taskflow_operators.py took 0.125 seconds
[2026-01-21T13:09:59.678+0000] {processor.py:161} INFO - Started process (PID=30120) to work on /home/airflow/.local/lib/python3.8/site-packages/airflow/example_dags/example_dynamic_task_mapping_with_no_taskflow_operators.py
[2026-01-21T13:09:59.679+0000] {processor.py:830} INFO - Processing file /home/airflow/.local/lib/python3.8/site-packages/airflow/example_dags/example_dynamic_task_mapping_with_no_taskflow_operators.py for tasks to queue
[2026-01-21T13:09:59.681+0000] {logging_mixin.py:188} INFO - [2026-01-21T13:09:59.680+0000] {dagbag.py:538} INFO - Filling up the DagBag from /home/airflow/.local/lib/python3.8/site-packages/airflow/example_dags/example_dynamic_task_mapping_with_no_taskflow_operators.py
[2026-01-21T13:09:59.689+0000] {processor.py:840} INFO - DAG(s) 'example_dynamic_task_mapping_with_no_taskflow_operators' retrieved from /home/airflow/.local/lib/python3.8/site-packages/airflow/example_dags/example_dynamic_task_mapping_with_no_taskflow_operators.py
[2026-01-21T13:09:59.715+0000] {logging_mixin.py:188} INFO - [2026-01-21T13:09:59.715+0000] {dag.py:3036} INFO - Sync 1 DAGs
[2026-01-21T13:09:59.747+0000] {logging_mixin.py:188} INFO - [2026-01-21T13:09:59.747+0000] {dag.py:3823} INFO - Setting next_dagrun for example_dynamic_task_mapping_with_no_taskflow_operators to 2026-01-20 00:00:00+00:00, run_after=2026-01-21 00:00:00+00:00
[2026-01-21T13:09:59.771+0000] {processor.py:183} INFO - Processing /home/airflow/.local/lib/python3.8/site-packages/airflow/example_dags/example_dynamic_task_mapping_with_no_taskflow_operators.py took 0.097 seconds
[2026-01-21T13:10:30.216+0000] {processor.py:161} INFO - Started process (PID=30186) to work on /home/airflow/.local/lib/python3.8/site-packages/airflow/example_dags/example_dynamic_task_mapping_with_no_taskflow_operators.py
[2026-01-21T13:10:30.217+0000] {processor.py:830} INFO - Processing file /home/airflow/.local/lib/python3.8/site-packages/airflow/example_dags/example_dynamic_task_mapping_with_no_taskflow_operators.py for tasks to queue
[2026-01-21T13:10:30.220+0000] {logging_mixin.py:188} INFO - [2026-01-21T13:10:30.219+0000] {dagbag.py:538} INFO - Filling up the DagBag from /home/airflow/.local/lib/python3.8/site-packages/airflow/example_dags/example_dynamic_task_mapping_with_no_taskflow_operators.py
[2026-01-21T13:10:30.228+0000] {processor.py:840} INFO - DAG(s) 'example_dynamic_task_mapping_with_no_taskflow_operators' retrieved from /home/airflow/.local/lib/python3.8/site-packages/airflow/example_dags/example_dynamic_task_mapping_with_no_taskflow_operators.py
[2026-01-21T13:10:30.254+0000] {logging_mixin.py:188} INFO - [2026-01-21T13:10:30.254+0000] {dag.py:3036} INFO - Sync 1 DAGs
[2026-01-21T13:10:30.286+0000] {logging_mixin.py:188} INFO - [2026-01-21T13:10:30.286+0000] {dag.py:3823} INFO - Setting next_dagrun for example_dynamic_task_mapping_with_no_taskflow_operators to 2026-01-20 00:00:00+00:00, run_after=2026-01-21 00:00:00+00:00
[2026-01-21T13:10:30.313+0000] {processor.py:183} INFO - Processing /home/airflow/.local/lib/python3.8/site-packages/airflow/example_dags/example_dynamic_task_mapping_with_no_taskflow_operators.py took 0.102 seconds
[2026-01-21T13:11:00.627+0000] {processor.py:161} INFO - Started process (PID=30258) to work on /home/airflow/.local/lib/python3.8/site-packages/airflow/example_dags/example_dynamic_task_mapping_with_no_taskflow_operators.py
[2026-01-21T13:11:00.628+0000] {processor.py:830} INFO - Processing file /home/airflow/.local/lib/python3.8/site-packages/airflow/example_dags/example_dynamic_task_mapping_with_no_taskflow_operators.py for tasks to queue
[2026-01-21T13:11:00.631+0000] {logging_mixin.py:188} INFO - [2026-01-21T13:11:00.630+0000] {dagbag.py:538} INFO - Filling up the DagBag from /home/airflow/.local/lib/python3.8/site-packages/airflow/example_dags/example_dynamic_task_mapping_with_no_taskflow_operators.py
[2026-01-21T13:11:00.650+0000] {processor.py:840} INFO - DAG(s) 'example_dynamic_task_mapping_with_no_taskflow_operators' retrieved from /home/airflow/.local/lib/python3.8/site-packages/airflow/example_dags/example_dynamic_task_mapping_with_no_taskflow_operators.py
[2026-01-21T13:11:00.698+0000] {logging_mixin.py:188} INFO - [2026-01-21T13:11:00.698+0000] {dag.py:3036} INFO - Sync 1 DAGs
[2026-01-21T13:11:00.767+0000] {logging_mixin.py:188} INFO - [2026-01-21T13:11:00.766+0000] {dag.py:3823} INFO - Setting next_dagrun for example_dynamic_task_mapping_with_no_taskflow_operators to 2026-01-20 00:00:00+00:00, run_after=2026-01-21 00:00:00+00:00
[2026-01-21T13:11:00.826+0000] {processor.py:183} INFO - Processing /home/airflow/.local/lib/python3.8/site-packages/airflow/example_dags/example_dynamic_task_mapping_with_no_taskflow_operators.py took 0.216 seconds
[2026-01-21T13:11:31.006+0000] {processor.py:161} INFO - Started process (PID=30325) to work on /home/airflow/.local/lib/python3.8/site-packages/airflow/example_dags/example_dynamic_task_mapping_with_no_taskflow_operators.py
[2026-01-21T13:11:31.007+0000] {processor.py:830} INFO - Processing file /home/airflow/.local/lib/python3.8/site-packages/airflow/example_dags/example_dynamic_task_mapping_with_no_taskflow_operators.py for tasks to queue
[2026-01-21T13:11:31.010+0000] {logging_mixin.py:188} INFO - [2026-01-21T13:11:31.010+0000] {dagbag.py:538} INFO - Filling up the DagBag from /home/airflow/.local/lib/python3.8/site-packages/airflow/example_dags/example_dynamic_task_mapping_with_no_taskflow_operators.py
[2026-01-21T13:11:31.021+0000] {processor.py:840} INFO - DAG(s) 'example_dynamic_task_mapping_with_no_taskflow_operators' retrieved from /home/airflow/.local/lib/python3.8/site-packages/airflow/example_dags/example_dynamic_task_mapping_with_no_taskflow_operators.py
[2026-01-21T13:11:31.050+0000] {logging_mixin.py:188} INFO - [2026-01-21T13:11:31.050+0000] {dag.py:3036} INFO - Sync 1 DAGs
[2026-01-21T13:11:31.087+0000] {logging_mixin.py:188} INFO - [2026-01-21T13:11:31.087+0000] {dag.py:3823} INFO - Setting next_dagrun for example_dynamic_task_mapping_with_no_taskflow_operators to 2026-01-20 00:00:00+00:00, run_after=2026-01-21 00:00:00+00:00
[2026-01-21T13:11:31.119+0000] {processor.py:183} INFO - Processing /home/airflow/.local/lib/python3.8/site-packages/airflow/example_dags/example_dynamic_task_mapping_with_no_taskflow_operators.py took 0.119 seconds
[2026-01-21T13:12:01.376+0000] {processor.py:161} INFO - Started process (PID=30392) to work on /home/airflow/.local/lib/python3.8/site-packages/airflow/example_dags/example_dynamic_task_mapping_with_no_taskflow_operators.py
[2026-01-21T13:12:01.378+0000] {processor.py:830} INFO - Processing file /home/airflow/.local/lib/python3.8/site-packages/airflow/example_dags/example_dynamic_task_mapping_with_no_taskflow_operators.py for tasks to queue
[2026-01-21T13:12:01.380+0000] {logging_mixin.py:188} INFO - [2026-01-21T13:12:01.379+0000] {dagbag.py:538} INFO - Filling up the DagBag from /home/airflow/.local/lib/python3.8/site-packages/airflow/example_dags/example_dynamic_task_mapping_with_no_taskflow_operators.py
[2026-01-21T13:12:01.389+0000] {processor.py:840} INFO - DAG(s) 'example_dynamic_task_mapping_with_no_taskflow_operators' retrieved from /home/airflow/.local/lib/python3.8/site-packages/airflow/example_dags/example_dynamic_task_mapping_with_no_taskflow_operators.py
[2026-01-21T13:12:01.437+0000] {logging_mixin.py:188} INFO - [2026-01-21T13:12:01.436+0000] {dag.py:3036} INFO - Sync 1 DAGs
[2026-01-21T13:12:01.490+0000] {logging_mixin.py:188} INFO - [2026-01-21T13:12:01.490+0000] {dag.py:3823} INFO - Setting next_dagrun for example_dynamic_task_mapping_with_no_taskflow_operators to 2026-01-20 00:00:00+00:00, run_after=2026-01-21 00:00:00+00:00
[2026-01-21T13:12:01.530+0000] {processor.py:183} INFO - Processing /home/airflow/.local/lib/python3.8/site-packages/airflow/example_dags/example_dynamic_task_mapping_with_no_taskflow_operators.py took 0.158 seconds
[2026-01-21T13:12:31.638+0000] {processor.py:161} INFO - Started process (PID=30458) to work on /home/airflow/.local/lib/python3.8/site-packages/airflow/example_dags/example_dynamic_task_mapping_with_no_taskflow_operators.py
[2026-01-21T13:12:31.640+0000] {processor.py:830} INFO - Processing file /home/airflow/.local/lib/python3.8/site-packages/airflow/example_dags/example_dynamic_task_mapping_with_no_taskflow_operators.py for tasks to queue
[2026-01-21T13:12:31.642+0000] {logging_mixin.py:188} INFO - [2026-01-21T13:12:31.642+0000] {dagbag.py:538} INFO - Filling up the DagBag from /home/airflow/.local/lib/python3.8/site-packages/airflow/example_dags/example_dynamic_task_mapping_with_no_taskflow_operators.py
[2026-01-21T13:12:31.650+0000] {processor.py:840} INFO - DAG(s) 'example_dynamic_task_mapping_with_no_taskflow_operators' retrieved from /home/airflow/.local/lib/python3.8/site-packages/airflow/example_dags/example_dynamic_task_mapping_with_no_taskflow_operators.py
[2026-01-21T13:12:31.686+0000] {logging_mixin.py:188} INFO - [2026-01-21T13:12:31.685+0000] {dag.py:3036} INFO - Sync 1 DAGs
[2026-01-21T13:12:31.728+0000] {logging_mixin.py:188} INFO - [2026-01-21T13:12:31.728+0000] {dag.py:3823} INFO - Setting next_dagrun for example_dynamic_task_mapping_with_no_taskflow_operators to 2026-01-20 00:00:00+00:00, run_after=2026-01-21 00:00:00+00:00
[2026-01-21T13:12:31.758+0000] {processor.py:183} INFO - Processing /home/airflow/.local/lib/python3.8/site-packages/airflow/example_dags/example_dynamic_task_mapping_with_no_taskflow_operators.py took 0.125 seconds
[2026-01-21T13:13:01.886+0000] {processor.py:161} INFO - Started process (PID=30524) to work on /home/airflow/.local/lib/python3.8/site-packages/airflow/example_dags/example_dynamic_task_mapping_with_no_taskflow_operators.py
[2026-01-21T13:13:01.887+0000] {processor.py:830} INFO - Processing file /home/airflow/.local/lib/python3.8/site-packages/airflow/example_dags/example_dynamic_task_mapping_with_no_taskflow_operators.py for tasks to queue
[2026-01-21T13:13:01.889+0000] {logging_mixin.py:188} INFO - [2026-01-21T13:13:01.889+0000] {dagbag.py:538} INFO - Filling up the DagBag from /home/airflow/.local/lib/python3.8/site-packages/airflow/example_dags/example_dynamic_task_mapping_with_no_taskflow_operators.py
[2026-01-21T13:13:01.897+0000] {processor.py:840} INFO - DAG(s) 'example_dynamic_task_mapping_with_no_taskflow_operators' retrieved from /home/airflow/.local/lib/python3.8/site-packages/airflow/example_dags/example_dynamic_task_mapping_with_no_taskflow_operators.py
[2026-01-21T13:13:01.925+0000] {logging_mixin.py:188} INFO - [2026-01-21T13:13:01.924+0000] {dag.py:3036} INFO - Sync 1 DAGs
[2026-01-21T13:13:01.959+0000] {logging_mixin.py:188} INFO - [2026-01-21T13:13:01.958+0000] {dag.py:3823} INFO - Setting next_dagrun for example_dynamic_task_mapping_with_no_taskflow_operators to 2026-01-20 00:00:00+00:00, run_after=2026-01-21 00:00:00+00:00
[2026-01-21T13:13:01.985+0000] {processor.py:183} INFO - Processing /home/airflow/.local/lib/python3.8/site-packages/airflow/example_dags/example_dynamic_task_mapping_with_no_taskflow_operators.py took 0.104 seconds
[2026-01-21T13:13:32.128+0000] {processor.py:161} INFO - Started process (PID=30590) to work on /home/airflow/.local/lib/python3.8/site-packages/airflow/example_dags/example_dynamic_task_mapping_with_no_taskflow_operators.py
[2026-01-21T13:13:32.129+0000] {processor.py:830} INFO - Processing file /home/airflow/.local/lib/python3.8/site-packages/airflow/example_dags/example_dynamic_task_mapping_with_no_taskflow_operators.py for tasks to queue
[2026-01-21T13:13:32.132+0000] {logging_mixin.py:188} INFO - [2026-01-21T13:13:32.131+0000] {dagbag.py:538} INFO - Filling up the DagBag from /home/airflow/.local/lib/python3.8/site-packages/airflow/example_dags/example_dynamic_task_mapping_with_no_taskflow_operators.py
[2026-01-21T13:13:32.140+0000] {processor.py:840} INFO - DAG(s) 'example_dynamic_task_mapping_with_no_taskflow_operators' retrieved from /home/airflow/.local/lib/python3.8/site-packages/airflow/example_dags/example_dynamic_task_mapping_with_no_taskflow_operators.py
[2026-01-21T13:13:32.169+0000] {logging_mixin.py:188} INFO - [2026-01-21T13:13:32.168+0000] {dag.py:3036} INFO - Sync 1 DAGs
[2026-01-21T13:13:32.202+0000] {logging_mixin.py:188} INFO - [2026-01-21T13:13:32.201+0000] {dag.py:3823} INFO - Setting next_dagrun for example_dynamic_task_mapping_with_no_taskflow_operators to 2026-01-20 00:00:00+00:00, run_after=2026-01-21 00:00:00+00:00
[2026-01-21T13:13:32.228+0000] {processor.py:183} INFO - Processing /home/airflow/.local/lib/python3.8/site-packages/airflow/example_dags/example_dynamic_task_mapping_with_no_taskflow_operators.py took 0.104 seconds
[2026-01-21T13:14:02.982+0000] {processor.py:161} INFO - Started process (PID=30655) to work on /home/airflow/.local/lib/python3.8/site-packages/airflow/example_dags/example_dynamic_task_mapping_with_no_taskflow_operators.py
[2026-01-21T13:14:02.984+0000] {processor.py:830} INFO - Processing file /home/airflow/.local/lib/python3.8/site-packages/airflow/example_dags/example_dynamic_task_mapping_with_no_taskflow_operators.py for tasks to queue
[2026-01-21T13:14:02.989+0000] {logging_mixin.py:188} INFO - [2026-01-21T13:14:02.988+0000] {dagbag.py:538} INFO - Filling up the DagBag from /home/airflow/.local/lib/python3.8/site-packages/airflow/example_dags/example_dynamic_task_mapping_with_no_taskflow_operators.py
[2026-01-21T13:14:03.000+0000] {processor.py:840} INFO - DAG(s) 'example_dynamic_task_mapping_with_no_taskflow_operators' retrieved from /home/airflow/.local/lib/python3.8/site-packages/airflow/example_dags/example_dynamic_task_mapping_with_no_taskflow_operators.py
[2026-01-21T13:14:03.033+0000] {logging_mixin.py:188} INFO - [2026-01-21T13:14:03.033+0000] {dag.py:3036} INFO - Sync 1 DAGs
[2026-01-21T13:14:03.078+0000] {logging_mixin.py:188} INFO - [2026-01-21T13:14:03.078+0000] {dag.py:3823} INFO - Setting next_dagrun for example_dynamic_task_mapping_with_no_taskflow_operators to 2026-01-20 00:00:00+00:00, run_after=2026-01-21 00:00:00+00:00
[2026-01-21T13:14:03.110+0000] {processor.py:183} INFO - Processing /home/airflow/.local/lib/python3.8/site-packages/airflow/example_dags/example_dynamic_task_mapping_with_no_taskflow_operators.py took 0.133 seconds
[2026-01-21T13:14:33.335+0000] {processor.py:161} INFO - Started process (PID=30720) to work on /home/airflow/.local/lib/python3.8/site-packages/airflow/example_dags/example_dynamic_task_mapping_with_no_taskflow_operators.py
[2026-01-21T13:14:33.336+0000] {processor.py:830} INFO - Processing file /home/airflow/.local/lib/python3.8/site-packages/airflow/example_dags/example_dynamic_task_mapping_with_no_taskflow_operators.py for tasks to queue
[2026-01-21T13:14:33.338+0000] {logging_mixin.py:188} INFO - [2026-01-21T13:14:33.337+0000] {dagbag.py:538} INFO - Filling up the DagBag from /home/airflow/.local/lib/python3.8/site-packages/airflow/example_dags/example_dynamic_task_mapping_with_no_taskflow_operators.py
[2026-01-21T13:14:33.346+0000] {processor.py:840} INFO - DAG(s) 'example_dynamic_task_mapping_with_no_taskflow_operators' retrieved from /home/airflow/.local/lib/python3.8/site-packages/airflow/example_dags/example_dynamic_task_mapping_with_no_taskflow_operators.py
[2026-01-21T13:14:33.374+0000] {logging_mixin.py:188} INFO - [2026-01-21T13:14:33.373+0000] {dag.py:3036} INFO - Sync 1 DAGs
[2026-01-21T13:14:33.408+0000] {logging_mixin.py:188} INFO - [2026-01-21T13:14:33.407+0000] {dag.py:3823} INFO - Setting next_dagrun for example_dynamic_task_mapping_with_no_taskflow_operators to 2026-01-20 00:00:00+00:00, run_after=2026-01-21 00:00:00+00:00
[2026-01-21T13:14:33.432+0000] {processor.py:183} INFO - Processing /home/airflow/.local/lib/python3.8/site-packages/airflow/example_dags/example_dynamic_task_mapping_with_no_taskflow_operators.py took 0.101 seconds
[2026-01-21T13:15:03.896+0000] {processor.py:161} INFO - Started process (PID=30791) to work on /home/airflow/.local/lib/python3.8/site-packages/airflow/example_dags/example_dynamic_task_mapping_with_no_taskflow_operators.py
[2026-01-21T13:15:03.898+0000] {processor.py:830} INFO - Processing file /home/airflow/.local/lib/python3.8/site-packages/airflow/example_dags/example_dynamic_task_mapping_with_no_taskflow_operators.py for tasks to queue
[2026-01-21T13:15:03.900+0000] {logging_mixin.py:188} INFO - [2026-01-21T13:15:03.900+0000] {dagbag.py:538} INFO - Filling up the DagBag from /home/airflow/.local/lib/python3.8/site-packages/airflow/example_dags/example_dynamic_task_mapping_with_no_taskflow_operators.py
[2026-01-21T13:15:03.909+0000] {processor.py:840} INFO - DAG(s) 'example_dynamic_task_mapping_with_no_taskflow_operators' retrieved from /home/airflow/.local/lib/python3.8/site-packages/airflow/example_dags/example_dynamic_task_mapping_with_no_taskflow_operators.py
[2026-01-21T13:15:03.935+0000] {logging_mixin.py:188} INFO - [2026-01-21T13:15:03.935+0000] {dag.py:3036} INFO - Sync 1 DAGs
[2026-01-21T13:15:03.967+0000] {logging_mixin.py:188} INFO - [2026-01-21T13:15:03.967+0000] {dag.py:3823} INFO - Setting next_dagrun for example_dynamic_task_mapping_with_no_taskflow_operators to 2026-01-20 00:00:00+00:00, run_after=2026-01-21 00:00:00+00:00
[2026-01-21T13:15:03.991+0000] {processor.py:183} INFO - Processing /home/airflow/.local/lib/python3.8/site-packages/airflow/example_dags/example_dynamic_task_mapping_with_no_taskflow_operators.py took 0.099 seconds
[2026-01-21T13:15:34.154+0000] {processor.py:161} INFO - Started process (PID=30859) to work on /home/airflow/.local/lib/python3.8/site-packages/airflow/example_dags/example_dynamic_task_mapping_with_no_taskflow_operators.py
[2026-01-21T13:15:34.155+0000] {processor.py:830} INFO - Processing file /home/airflow/.local/lib/python3.8/site-packages/airflow/example_dags/example_dynamic_task_mapping_with_no_taskflow_operators.py for tasks to queue
[2026-01-21T13:15:34.157+0000] {logging_mixin.py:188} INFO - [2026-01-21T13:15:34.157+0000] {dagbag.py:538} INFO - Filling up the DagBag from /home/airflow/.local/lib/python3.8/site-packages/airflow/example_dags/example_dynamic_task_mapping_with_no_taskflow_operators.py
[2026-01-21T13:15:34.167+0000] {processor.py:840} INFO - DAG(s) 'example_dynamic_task_mapping_with_no_taskflow_operators' retrieved from /home/airflow/.local/lib/python3.8/site-packages/airflow/example_dags/example_dynamic_task_mapping_with_no_taskflow_operators.py
[2026-01-21T13:15:34.205+0000] {logging_mixin.py:188} INFO - [2026-01-21T13:15:34.205+0000] {dag.py:3036} INFO - Sync 1 DAGs
[2026-01-21T13:15:34.248+0000] {logging_mixin.py:188} INFO - [2026-01-21T13:15:34.248+0000] {dag.py:3823} INFO - Setting next_dagrun for example_dynamic_task_mapping_with_no_taskflow_operators to 2026-01-20 00:00:00+00:00, run_after=2026-01-21 00:00:00+00:00
[2026-01-21T13:15:34.279+0000] {processor.py:183} INFO - Processing /home/airflow/.local/lib/python3.8/site-packages/airflow/example_dags/example_dynamic_task_mapping_with_no_taskflow_operators.py took 0.131 seconds
[2026-01-21T13:16:04.909+0000] {processor.py:161} INFO - Started process (PID=30925) to work on /home/airflow/.local/lib/python3.8/site-packages/airflow/example_dags/example_dynamic_task_mapping_with_no_taskflow_operators.py
[2026-01-21T13:16:04.911+0000] {processor.py:830} INFO - Processing file /home/airflow/.local/lib/python3.8/site-packages/airflow/example_dags/example_dynamic_task_mapping_with_no_taskflow_operators.py for tasks to queue
[2026-01-21T13:16:04.914+0000] {logging_mixin.py:188} INFO - [2026-01-21T13:16:04.913+0000] {dagbag.py:538} INFO - Filling up the DagBag from /home/airflow/.local/lib/python3.8/site-packages/airflow/example_dags/example_dynamic_task_mapping_with_no_taskflow_operators.py
[2026-01-21T13:16:04.923+0000] {processor.py:840} INFO - DAG(s) 'example_dynamic_task_mapping_with_no_taskflow_operators' retrieved from /home/airflow/.local/lib/python3.8/site-packages/airflow/example_dags/example_dynamic_task_mapping_with_no_taskflow_operators.py
[2026-01-21T13:16:04.950+0000] {logging_mixin.py:188} INFO - [2026-01-21T13:16:04.950+0000] {dag.py:3036} INFO - Sync 1 DAGs
[2026-01-21T13:16:04.983+0000] {logging_mixin.py:188} INFO - [2026-01-21T13:16:04.983+0000] {dag.py:3823} INFO - Setting next_dagrun for example_dynamic_task_mapping_with_no_taskflow_operators to 2026-01-20 00:00:00+00:00, run_after=2026-01-21 00:00:00+00:00
[2026-01-21T13:16:05.007+0000] {processor.py:183} INFO - Processing /home/airflow/.local/lib/python3.8/site-packages/airflow/example_dags/example_dynamic_task_mapping_with_no_taskflow_operators.py took 0.102 seconds
[2026-01-21T13:16:35.250+0000] {processor.py:161} INFO - Started process (PID=30991) to work on /home/airflow/.local/lib/python3.8/site-packages/airflow/example_dags/example_dynamic_task_mapping_with_no_taskflow_operators.py
[2026-01-21T13:16:35.251+0000] {processor.py:830} INFO - Processing file /home/airflow/.local/lib/python3.8/site-packages/airflow/example_dags/example_dynamic_task_mapping_with_no_taskflow_operators.py for tasks to queue
[2026-01-21T13:16:35.253+0000] {logging_mixin.py:188} INFO - [2026-01-21T13:16:35.253+0000] {dagbag.py:538} INFO - Filling up the DagBag from /home/airflow/.local/lib/python3.8/site-packages/airflow/example_dags/example_dynamic_task_mapping_with_no_taskflow_operators.py
[2026-01-21T13:16:35.261+0000] {processor.py:840} INFO - DAG(s) 'example_dynamic_task_mapping_with_no_taskflow_operators' retrieved from /home/airflow/.local/lib/python3.8/site-packages/airflow/example_dags/example_dynamic_task_mapping_with_no_taskflow_operators.py
[2026-01-21T13:16:35.290+0000] {logging_mixin.py:188} INFO - [2026-01-21T13:16:35.290+0000] {dag.py:3036} INFO - Sync 1 DAGs
[2026-01-21T13:16:35.333+0000] {logging_mixin.py:188} INFO - [2026-01-21T13:16:35.332+0000] {dag.py:3823} INFO - Setting next_dagrun for example_dynamic_task_mapping_with_no_taskflow_operators to 2026-01-20 00:00:00+00:00, run_after=2026-01-21 00:00:00+00:00
[2026-01-21T13:16:35.362+0000] {processor.py:183} INFO - Processing /home/airflow/.local/lib/python3.8/site-packages/airflow/example_dags/example_dynamic_task_mapping_with_no_taskflow_operators.py took 0.118 seconds
[2026-01-21T13:17:06.198+0000] {processor.py:161} INFO - Started process (PID=31056) to work on /home/airflow/.local/lib/python3.8/site-packages/airflow/example_dags/example_dynamic_task_mapping_with_no_taskflow_operators.py
[2026-01-21T13:17:06.199+0000] {processor.py:830} INFO - Processing file /home/airflow/.local/lib/python3.8/site-packages/airflow/example_dags/example_dynamic_task_mapping_with_no_taskflow_operators.py for tasks to queue
[2026-01-21T13:17:06.201+0000] {logging_mixin.py:188} INFO - [2026-01-21T13:17:06.201+0000] {dagbag.py:538} INFO - Filling up the DagBag from /home/airflow/.local/lib/python3.8/site-packages/airflow/example_dags/example_dynamic_task_mapping_with_no_taskflow_operators.py
[2026-01-21T13:17:06.210+0000] {processor.py:840} INFO - DAG(s) 'example_dynamic_task_mapping_with_no_taskflow_operators' retrieved from /home/airflow/.local/lib/python3.8/site-packages/airflow/example_dags/example_dynamic_task_mapping_with_no_taskflow_operators.py
[2026-01-21T13:17:06.237+0000] {logging_mixin.py:188} INFO - [2026-01-21T13:17:06.236+0000] {dag.py:3036} INFO - Sync 1 DAGs
[2026-01-21T13:17:06.270+0000] {logging_mixin.py:188} INFO - [2026-01-21T13:17:06.270+0000] {dag.py:3823} INFO - Setting next_dagrun for example_dynamic_task_mapping_with_no_taskflow_operators to 2026-01-20 00:00:00+00:00, run_after=2026-01-21 00:00:00+00:00
[2026-01-21T13:17:06.293+0000] {processor.py:183} INFO - Processing /home/airflow/.local/lib/python3.8/site-packages/airflow/example_dags/example_dynamic_task_mapping_with_no_taskflow_operators.py took 0.100 seconds
[2026-01-21T13:17:36.557+0000] {processor.py:161} INFO - Started process (PID=31122) to work on /home/airflow/.local/lib/python3.8/site-packages/airflow/example_dags/example_dynamic_task_mapping_with_no_taskflow_operators.py
[2026-01-21T13:17:36.558+0000] {processor.py:830} INFO - Processing file /home/airflow/.local/lib/python3.8/site-packages/airflow/example_dags/example_dynamic_task_mapping_with_no_taskflow_operators.py for tasks to queue
[2026-01-21T13:17:36.561+0000] {logging_mixin.py:188} INFO - [2026-01-21T13:17:36.560+0000] {dagbag.py:538} INFO - Filling up the DagBag from /home/airflow/.local/lib/python3.8/site-packages/airflow/example_dags/example_dynamic_task_mapping_with_no_taskflow_operators.py
[2026-01-21T13:17:36.569+0000] {processor.py:840} INFO - DAG(s) 'example_dynamic_task_mapping_with_no_taskflow_operators' retrieved from /home/airflow/.local/lib/python3.8/site-packages/airflow/example_dags/example_dynamic_task_mapping_with_no_taskflow_operators.py
[2026-01-21T13:17:36.595+0000] {logging_mixin.py:188} INFO - [2026-01-21T13:17:36.595+0000] {dag.py:3036} INFO - Sync 1 DAGs
[2026-01-21T13:17:36.627+0000] {logging_mixin.py:188} INFO - [2026-01-21T13:17:36.627+0000] {dag.py:3823} INFO - Setting next_dagrun for example_dynamic_task_mapping_with_no_taskflow_operators to 2026-01-20 00:00:00+00:00, run_after=2026-01-21 00:00:00+00:00
[2026-01-21T13:17:36.654+0000] {processor.py:183} INFO - Processing /home/airflow/.local/lib/python3.8/site-packages/airflow/example_dags/example_dynamic_task_mapping_with_no_taskflow_operators.py took 0.101 seconds
[2026-01-21T13:18:06.861+0000] {processor.py:161} INFO - Started process (PID=31187) to work on /home/airflow/.local/lib/python3.8/site-packages/airflow/example_dags/example_dynamic_task_mapping_with_no_taskflow_operators.py
[2026-01-21T13:18:06.863+0000] {processor.py:830} INFO - Processing file /home/airflow/.local/lib/python3.8/site-packages/airflow/example_dags/example_dynamic_task_mapping_with_no_taskflow_operators.py for tasks to queue
[2026-01-21T13:18:06.865+0000] {logging_mixin.py:188} INFO - [2026-01-21T13:18:06.865+0000] {dagbag.py:538} INFO - Filling up the DagBag from /home/airflow/.local/lib/python3.8/site-packages/airflow/example_dags/example_dynamic_task_mapping_with_no_taskflow_operators.py
[2026-01-21T13:18:06.873+0000] {processor.py:840} INFO - DAG(s) 'example_dynamic_task_mapping_with_no_taskflow_operators' retrieved from /home/airflow/.local/lib/python3.8/site-packages/airflow/example_dags/example_dynamic_task_mapping_with_no_taskflow_operators.py
[2026-01-21T13:18:06.901+0000] {logging_mixin.py:188} INFO - [2026-01-21T13:18:06.901+0000] {dag.py:3036} INFO - Sync 1 DAGs
[2026-01-21T13:18:06.933+0000] {logging_mixin.py:188} INFO - [2026-01-21T13:18:06.933+0000] {dag.py:3823} INFO - Setting next_dagrun for example_dynamic_task_mapping_with_no_taskflow_operators to 2026-01-20 00:00:00+00:00, run_after=2026-01-21 00:00:00+00:00
[2026-01-21T13:18:06.957+0000] {processor.py:183} INFO - Processing /home/airflow/.local/lib/python3.8/site-packages/airflow/example_dags/example_dynamic_task_mapping_with_no_taskflow_operators.py took 0.100 seconds
[2026-01-21T13:18:37.458+0000] {processor.py:161} INFO - Started process (PID=31260) to work on /home/airflow/.local/lib/python3.8/site-packages/airflow/example_dags/example_dynamic_task_mapping_with_no_taskflow_operators.py
[2026-01-21T13:18:37.459+0000] {processor.py:830} INFO - Processing file /home/airflow/.local/lib/python3.8/site-packages/airflow/example_dags/example_dynamic_task_mapping_with_no_taskflow_operators.py for tasks to queue
[2026-01-21T13:18:37.462+0000] {logging_mixin.py:188} INFO - [2026-01-21T13:18:37.461+0000] {dagbag.py:538} INFO - Filling up the DagBag from /home/airflow/.local/lib/python3.8/site-packages/airflow/example_dags/example_dynamic_task_mapping_with_no_taskflow_operators.py
[2026-01-21T13:18:37.470+0000] {processor.py:840} INFO - DAG(s) 'example_dynamic_task_mapping_with_no_taskflow_operators' retrieved from /home/airflow/.local/lib/python3.8/site-packages/airflow/example_dags/example_dynamic_task_mapping_with_no_taskflow_operators.py
[2026-01-21T13:18:37.496+0000] {logging_mixin.py:188} INFO - [2026-01-21T13:18:37.495+0000] {dag.py:3036} INFO - Sync 1 DAGs
[2026-01-21T13:18:37.528+0000] {logging_mixin.py:188} INFO - [2026-01-21T13:18:37.528+0000] {dag.py:3823} INFO - Setting next_dagrun for example_dynamic_task_mapping_with_no_taskflow_operators to 2026-01-20 00:00:00+00:00, run_after=2026-01-21 00:00:00+00:00
[2026-01-21T13:18:37.551+0000] {processor.py:183} INFO - Processing /home/airflow/.local/lib/python3.8/site-packages/airflow/example_dags/example_dynamic_task_mapping_with_no_taskflow_operators.py took 0.098 seconds
[2026-01-21T13:19:08.043+0000] {processor.py:161} INFO - Started process (PID=31326) to work on /home/airflow/.local/lib/python3.8/site-packages/airflow/example_dags/example_dynamic_task_mapping_with_no_taskflow_operators.py
[2026-01-21T13:19:08.045+0000] {processor.py:830} INFO - Processing file /home/airflow/.local/lib/python3.8/site-packages/airflow/example_dags/example_dynamic_task_mapping_with_no_taskflow_operators.py for tasks to queue
[2026-01-21T13:19:08.047+0000] {logging_mixin.py:188} INFO - [2026-01-21T13:19:08.047+0000] {dagbag.py:538} INFO - Filling up the DagBag from /home/airflow/.local/lib/python3.8/site-packages/airflow/example_dags/example_dynamic_task_mapping_with_no_taskflow_operators.py
[2026-01-21T13:19:08.058+0000] {processor.py:840} INFO - DAG(s) 'example_dynamic_task_mapping_with_no_taskflow_operators' retrieved from /home/airflow/.local/lib/python3.8/site-packages/airflow/example_dags/example_dynamic_task_mapping_with_no_taskflow_operators.py
[2026-01-21T13:19:08.090+0000] {logging_mixin.py:188} INFO - [2026-01-21T13:19:08.089+0000] {dag.py:3036} INFO - Sync 1 DAGs
[2026-01-21T13:19:08.133+0000] {logging_mixin.py:188} INFO - [2026-01-21T13:19:08.132+0000] {dag.py:3823} INFO - Setting next_dagrun for example_dynamic_task_mapping_with_no_taskflow_operators to 2026-01-20 00:00:00+00:00, run_after=2026-01-21 00:00:00+00:00
[2026-01-21T13:19:08.163+0000] {processor.py:183} INFO - Processing /home/airflow/.local/lib/python3.8/site-packages/airflow/example_dags/example_dynamic_task_mapping_with_no_taskflow_operators.py took 0.125 seconds
[2026-01-21T13:19:38.370+0000] {processor.py:161} INFO - Started process (PID=31392) to work on /home/airflow/.local/lib/python3.8/site-packages/airflow/example_dags/example_dynamic_task_mapping_with_no_taskflow_operators.py
[2026-01-21T13:19:38.371+0000] {processor.py:830} INFO - Processing file /home/airflow/.local/lib/python3.8/site-packages/airflow/example_dags/example_dynamic_task_mapping_with_no_taskflow_operators.py for tasks to queue
[2026-01-21T13:19:38.373+0000] {logging_mixin.py:188} INFO - [2026-01-21T13:19:38.373+0000] {dagbag.py:538} INFO - Filling up the DagBag from /home/airflow/.local/lib/python3.8/site-packages/airflow/example_dags/example_dynamic_task_mapping_with_no_taskflow_operators.py
[2026-01-21T13:19:38.381+0000] {processor.py:840} INFO - DAG(s) 'example_dynamic_task_mapping_with_no_taskflow_operators' retrieved from /home/airflow/.local/lib/python3.8/site-packages/airflow/example_dags/example_dynamic_task_mapping_with_no_taskflow_operators.py
[2026-01-21T13:19:38.412+0000] {logging_mixin.py:188} INFO - [2026-01-21T13:19:38.412+0000] {dag.py:3036} INFO - Sync 1 DAGs
[2026-01-21T13:19:38.454+0000] {logging_mixin.py:188} INFO - [2026-01-21T13:19:38.453+0000] {dag.py:3823} INFO - Setting next_dagrun for example_dynamic_task_mapping_with_no_taskflow_operators to 2026-01-20 00:00:00+00:00, run_after=2026-01-21 00:00:00+00:00
[2026-01-21T13:19:38.481+0000] {processor.py:183} INFO - Processing /home/airflow/.local/lib/python3.8/site-packages/airflow/example_dags/example_dynamic_task_mapping_with_no_taskflow_operators.py took 0.117 seconds
[2026-01-21T13:20:08.910+0000] {processor.py:161} INFO - Started process (PID=31457) to work on /home/airflow/.local/lib/python3.8/site-packages/airflow/example_dags/example_dynamic_task_mapping_with_no_taskflow_operators.py
[2026-01-21T13:20:08.911+0000] {processor.py:830} INFO - Processing file /home/airflow/.local/lib/python3.8/site-packages/airflow/example_dags/example_dynamic_task_mapping_with_no_taskflow_operators.py for tasks to queue
[2026-01-21T13:20:08.913+0000] {logging_mixin.py:188} INFO - [2026-01-21T13:20:08.913+0000] {dagbag.py:538} INFO - Filling up the DagBag from /home/airflow/.local/lib/python3.8/site-packages/airflow/example_dags/example_dynamic_task_mapping_with_no_taskflow_operators.py
[2026-01-21T13:20:08.922+0000] {processor.py:840} INFO - DAG(s) 'example_dynamic_task_mapping_with_no_taskflow_operators' retrieved from /home/airflow/.local/lib/python3.8/site-packages/airflow/example_dags/example_dynamic_task_mapping_with_no_taskflow_operators.py
[2026-01-21T13:20:08.948+0000] {logging_mixin.py:188} INFO - [2026-01-21T13:20:08.948+0000] {dag.py:3036} INFO - Sync 1 DAGs
[2026-01-21T13:20:08.980+0000] {logging_mixin.py:188} INFO - [2026-01-21T13:20:08.980+0000] {dag.py:3823} INFO - Setting next_dagrun for example_dynamic_task_mapping_with_no_taskflow_operators to 2026-01-20 00:00:00+00:00, run_after=2026-01-21 00:00:00+00:00
[2026-01-21T13:20:09.007+0000] {processor.py:183} INFO - Processing /home/airflow/.local/lib/python3.8/site-packages/airflow/example_dags/example_dynamic_task_mapping_with_no_taskflow_operators.py took 0.101 seconds
[2026-01-21T13:20:39.684+0000] {processor.py:161} INFO - Started process (PID=31523) to work on /home/airflow/.local/lib/python3.8/site-packages/airflow/example_dags/example_dynamic_task_mapping_with_no_taskflow_operators.py
[2026-01-21T13:20:39.686+0000] {processor.py:830} INFO - Processing file /home/airflow/.local/lib/python3.8/site-packages/airflow/example_dags/example_dynamic_task_mapping_with_no_taskflow_operators.py for tasks to queue
[2026-01-21T13:20:39.688+0000] {logging_mixin.py:188} INFO - [2026-01-21T13:20:39.687+0000] {dagbag.py:538} INFO - Filling up the DagBag from /home/airflow/.local/lib/python3.8/site-packages/airflow/example_dags/example_dynamic_task_mapping_with_no_taskflow_operators.py
[2026-01-21T13:20:39.696+0000] {processor.py:840} INFO - DAG(s) 'example_dynamic_task_mapping_with_no_taskflow_operators' retrieved from /home/airflow/.local/lib/python3.8/site-packages/airflow/example_dags/example_dynamic_task_mapping_with_no_taskflow_operators.py
[2026-01-21T13:20:39.722+0000] {logging_mixin.py:188} INFO - [2026-01-21T13:20:39.721+0000] {dag.py:3036} INFO - Sync 1 DAGs
[2026-01-21T13:20:39.752+0000] {logging_mixin.py:188} INFO - [2026-01-21T13:20:39.752+0000] {dag.py:3823} INFO - Setting next_dagrun for example_dynamic_task_mapping_with_no_taskflow_operators to 2026-01-20 00:00:00+00:00, run_after=2026-01-21 00:00:00+00:00
[2026-01-21T13:20:39.776+0000] {processor.py:183} INFO - Processing /home/airflow/.local/lib/python3.8/site-packages/airflow/example_dags/example_dynamic_task_mapping_with_no_taskflow_operators.py took 0.097 seconds
[2026-01-21T13:21:10.521+0000] {processor.py:161} INFO - Started process (PID=31597) to work on /home/airflow/.local/lib/python3.8/site-packages/airflow/example_dags/example_dynamic_task_mapping_with_no_taskflow_operators.py
[2026-01-21T13:21:10.523+0000] {processor.py:830} INFO - Processing file /home/airflow/.local/lib/python3.8/site-packages/airflow/example_dags/example_dynamic_task_mapping_with_no_taskflow_operators.py for tasks to queue
[2026-01-21T13:21:10.525+0000] {logging_mixin.py:188} INFO - [2026-01-21T13:21:10.524+0000] {dagbag.py:538} INFO - Filling up the DagBag from /home/airflow/.local/lib/python3.8/site-packages/airflow/example_dags/example_dynamic_task_mapping_with_no_taskflow_operators.py
[2026-01-21T13:21:10.534+0000] {processor.py:840} INFO - DAG(s) 'example_dynamic_task_mapping_with_no_taskflow_operators' retrieved from /home/airflow/.local/lib/python3.8/site-packages/airflow/example_dags/example_dynamic_task_mapping_with_no_taskflow_operators.py
[2026-01-21T13:21:10.563+0000] {logging_mixin.py:188} INFO - [2026-01-21T13:21:10.562+0000] {dag.py:3036} INFO - Sync 1 DAGs
[2026-01-21T13:21:10.595+0000] {logging_mixin.py:188} INFO - [2026-01-21T13:21:10.595+0000] {dag.py:3823} INFO - Setting next_dagrun for example_dynamic_task_mapping_with_no_taskflow_operators to 2026-01-20 00:00:00+00:00, run_after=2026-01-21 00:00:00+00:00
[2026-01-21T13:21:10.622+0000] {processor.py:183} INFO - Processing /home/airflow/.local/lib/python3.8/site-packages/airflow/example_dags/example_dynamic_task_mapping_with_no_taskflow_operators.py took 0.105 seconds
[2026-01-21T13:21:40.907+0000] {processor.py:161} INFO - Started process (PID=31664) to work on /home/airflow/.local/lib/python3.8/site-packages/airflow/example_dags/example_dynamic_task_mapping_with_no_taskflow_operators.py
[2026-01-21T13:21:40.908+0000] {processor.py:830} INFO - Processing file /home/airflow/.local/lib/python3.8/site-packages/airflow/example_dags/example_dynamic_task_mapping_with_no_taskflow_operators.py for tasks to queue
[2026-01-21T13:21:40.911+0000] {logging_mixin.py:188} INFO - [2026-01-21T13:21:40.910+0000] {dagbag.py:538} INFO - Filling up the DagBag from /home/airflow/.local/lib/python3.8/site-packages/airflow/example_dags/example_dynamic_task_mapping_with_no_taskflow_operators.py
[2026-01-21T13:21:40.921+0000] {processor.py:840} INFO - DAG(s) 'example_dynamic_task_mapping_with_no_taskflow_operators' retrieved from /home/airflow/.local/lib/python3.8/site-packages/airflow/example_dags/example_dynamic_task_mapping_with_no_taskflow_operators.py
[2026-01-21T13:21:40.953+0000] {logging_mixin.py:188} INFO - [2026-01-21T13:21:40.952+0000] {dag.py:3036} INFO - Sync 1 DAGs
[2026-01-21T13:21:40.993+0000] {logging_mixin.py:188} INFO - [2026-01-21T13:21:40.993+0000] {dag.py:3823} INFO - Setting next_dagrun for example_dynamic_task_mapping_with_no_taskflow_operators to 2026-01-20 00:00:00+00:00, run_after=2026-01-21 00:00:00+00:00
[2026-01-21T13:21:41.022+0000] {processor.py:183} INFO - Processing /home/airflow/.local/lib/python3.8/site-packages/airflow/example_dags/example_dynamic_task_mapping_with_no_taskflow_operators.py took 0.120 seconds
[2026-01-21T13:22:11.526+0000] {processor.py:161} INFO - Started process (PID=31730) to work on /home/airflow/.local/lib/python3.8/site-packages/airflow/example_dags/example_dynamic_task_mapping_with_no_taskflow_operators.py
[2026-01-21T13:22:11.528+0000] {processor.py:830} INFO - Processing file /home/airflow/.local/lib/python3.8/site-packages/airflow/example_dags/example_dynamic_task_mapping_with_no_taskflow_operators.py for tasks to queue
[2026-01-21T13:22:11.531+0000] {logging_mixin.py:188} INFO - [2026-01-21T13:22:11.530+0000] {dagbag.py:538} INFO - Filling up the DagBag from /home/airflow/.local/lib/python3.8/site-packages/airflow/example_dags/example_dynamic_task_mapping_with_no_taskflow_operators.py
[2026-01-21T13:22:11.542+0000] {processor.py:840} INFO - DAG(s) 'example_dynamic_task_mapping_with_no_taskflow_operators' retrieved from /home/airflow/.local/lib/python3.8/site-packages/airflow/example_dags/example_dynamic_task_mapping_with_no_taskflow_operators.py
[2026-01-21T13:22:11.590+0000] {logging_mixin.py:188} INFO - [2026-01-21T13:22:11.589+0000] {dag.py:3036} INFO - Sync 1 DAGs
[2026-01-21T13:22:11.668+0000] {logging_mixin.py:188} INFO - [2026-01-21T13:22:11.667+0000] {dag.py:3823} INFO - Setting next_dagrun for example_dynamic_task_mapping_with_no_taskflow_operators to 2026-01-20 00:00:00+00:00, run_after=2026-01-21 00:00:00+00:00
[2026-01-21T13:22:11.703+0000] {processor.py:183} INFO - Processing /home/airflow/.local/lib/python3.8/site-packages/airflow/example_dags/example_dynamic_task_mapping_with_no_taskflow_operators.py took 0.183 seconds
[2026-01-21T13:22:42.225+0000] {processor.py:161} INFO - Started process (PID=31796) to work on /home/airflow/.local/lib/python3.8/site-packages/airflow/example_dags/example_dynamic_task_mapping_with_no_taskflow_operators.py
[2026-01-21T13:22:42.226+0000] {processor.py:830} INFO - Processing file /home/airflow/.local/lib/python3.8/site-packages/airflow/example_dags/example_dynamic_task_mapping_with_no_taskflow_operators.py for tasks to queue
[2026-01-21T13:22:42.228+0000] {logging_mixin.py:188} INFO - [2026-01-21T13:22:42.227+0000] {dagbag.py:538} INFO - Filling up the DagBag from /home/airflow/.local/lib/python3.8/site-packages/airflow/example_dags/example_dynamic_task_mapping_with_no_taskflow_operators.py
[2026-01-21T13:22:42.236+0000] {processor.py:840} INFO - DAG(s) 'example_dynamic_task_mapping_with_no_taskflow_operators' retrieved from /home/airflow/.local/lib/python3.8/site-packages/airflow/example_dags/example_dynamic_task_mapping_with_no_taskflow_operators.py
[2026-01-21T13:22:42.262+0000] {logging_mixin.py:188} INFO - [2026-01-21T13:22:42.261+0000] {dag.py:3036} INFO - Sync 1 DAGs
[2026-01-21T13:22:42.293+0000] {logging_mixin.py:188} INFO - [2026-01-21T13:22:42.293+0000] {dag.py:3823} INFO - Setting next_dagrun for example_dynamic_task_mapping_with_no_taskflow_operators to 2026-01-20 00:00:00+00:00, run_after=2026-01-21 00:00:00+00:00
[2026-01-21T13:22:42.315+0000] {processor.py:183} INFO - Processing /home/airflow/.local/lib/python3.8/site-packages/airflow/example_dags/example_dynamic_task_mapping_with_no_taskflow_operators.py took 0.095 seconds
[2026-01-21T13:23:12.812+0000] {processor.py:161} INFO - Started process (PID=31862) to work on /home/airflow/.local/lib/python3.8/site-packages/airflow/example_dags/example_dynamic_task_mapping_with_no_taskflow_operators.py
[2026-01-21T13:23:12.814+0000] {processor.py:830} INFO - Processing file /home/airflow/.local/lib/python3.8/site-packages/airflow/example_dags/example_dynamic_task_mapping_with_no_taskflow_operators.py for tasks to queue
[2026-01-21T13:23:12.816+0000] {logging_mixin.py:188} INFO - [2026-01-21T13:23:12.816+0000] {dagbag.py:538} INFO - Filling up the DagBag from /home/airflow/.local/lib/python3.8/site-packages/airflow/example_dags/example_dynamic_task_mapping_with_no_taskflow_operators.py
[2026-01-21T13:23:12.825+0000] {processor.py:840} INFO - DAG(s) 'example_dynamic_task_mapping_with_no_taskflow_operators' retrieved from /home/airflow/.local/lib/python3.8/site-packages/airflow/example_dags/example_dynamic_task_mapping_with_no_taskflow_operators.py
[2026-01-21T13:23:12.853+0000] {logging_mixin.py:188} INFO - [2026-01-21T13:23:12.852+0000] {dag.py:3036} INFO - Sync 1 DAGs
[2026-01-21T13:23:12.884+0000] {logging_mixin.py:188} INFO - [2026-01-21T13:23:12.884+0000] {dag.py:3823} INFO - Setting next_dagrun for example_dynamic_task_mapping_with_no_taskflow_operators to 2026-01-20 00:00:00+00:00, run_after=2026-01-21 00:00:00+00:00
[2026-01-21T13:23:12.907+0000] {processor.py:183} INFO - Processing /home/airflow/.local/lib/python3.8/site-packages/airflow/example_dags/example_dynamic_task_mapping_with_no_taskflow_operators.py took 0.100 seconds
[2026-01-21T13:23:43.269+0000] {processor.py:161} INFO - Started process (PID=31928) to work on /home/airflow/.local/lib/python3.8/site-packages/airflow/example_dags/example_dynamic_task_mapping_with_no_taskflow_operators.py
[2026-01-21T13:23:43.271+0000] {processor.py:830} INFO - Processing file /home/airflow/.local/lib/python3.8/site-packages/airflow/example_dags/example_dynamic_task_mapping_with_no_taskflow_operators.py for tasks to queue
[2026-01-21T13:23:43.273+0000] {logging_mixin.py:188} INFO - [2026-01-21T13:23:43.272+0000] {dagbag.py:538} INFO - Filling up the DagBag from /home/airflow/.local/lib/python3.8/site-packages/airflow/example_dags/example_dynamic_task_mapping_with_no_taskflow_operators.py
[2026-01-21T13:23:43.281+0000] {processor.py:840} INFO - DAG(s) 'example_dynamic_task_mapping_with_no_taskflow_operators' retrieved from /home/airflow/.local/lib/python3.8/site-packages/airflow/example_dags/example_dynamic_task_mapping_with_no_taskflow_operators.py
[2026-01-21T13:23:43.307+0000] {logging_mixin.py:188} INFO - [2026-01-21T13:23:43.307+0000] {dag.py:3036} INFO - Sync 1 DAGs
[2026-01-21T13:23:43.340+0000] {logging_mixin.py:188} INFO - [2026-01-21T13:23:43.340+0000] {dag.py:3823} INFO - Setting next_dagrun for example_dynamic_task_mapping_with_no_taskflow_operators to 2026-01-20 00:00:00+00:00, run_after=2026-01-21 00:00:00+00:00
[2026-01-21T13:23:43.370+0000] {processor.py:183} INFO - Processing /home/airflow/.local/lib/python3.8/site-packages/airflow/example_dags/example_dynamic_task_mapping_with_no_taskflow_operators.py took 0.105 seconds
[2026-01-21T13:24:14.134+0000] {processor.py:161} INFO - Started process (PID=31994) to work on /home/airflow/.local/lib/python3.8/site-packages/airflow/example_dags/example_dynamic_task_mapping_with_no_taskflow_operators.py
[2026-01-21T13:24:14.135+0000] {processor.py:830} INFO - Processing file /home/airflow/.local/lib/python3.8/site-packages/airflow/example_dags/example_dynamic_task_mapping_with_no_taskflow_operators.py for tasks to queue
[2026-01-21T13:24:14.138+0000] {logging_mixin.py:188} INFO - [2026-01-21T13:24:14.137+0000] {dagbag.py:538} INFO - Filling up the DagBag from /home/airflow/.local/lib/python3.8/site-packages/airflow/example_dags/example_dynamic_task_mapping_with_no_taskflow_operators.py
[2026-01-21T13:24:14.146+0000] {processor.py:840} INFO - DAG(s) 'example_dynamic_task_mapping_with_no_taskflow_operators' retrieved from /home/airflow/.local/lib/python3.8/site-packages/airflow/example_dags/example_dynamic_task_mapping_with_no_taskflow_operators.py
[2026-01-21T13:24:14.180+0000] {logging_mixin.py:188} INFO - [2026-01-21T13:24:14.180+0000] {dag.py:3036} INFO - Sync 1 DAGs
[2026-01-21T13:24:14.220+0000] {logging_mixin.py:188} INFO - [2026-01-21T13:24:14.218+0000] {dag.py:3823} INFO - Setting next_dagrun for example_dynamic_task_mapping_with_no_taskflow_operators to 2026-01-20 00:00:00+00:00, run_after=2026-01-21 00:00:00+00:00
[2026-01-21T13:24:14.249+0000] {processor.py:183} INFO - Processing /home/airflow/.local/lib/python3.8/site-packages/airflow/example_dags/example_dynamic_task_mapping_with_no_taskflow_operators.py took 0.122 seconds
[2026-01-21T13:24:44.719+0000] {processor.py:161} INFO - Started process (PID=32060) to work on /home/airflow/.local/lib/python3.8/site-packages/airflow/example_dags/example_dynamic_task_mapping_with_no_taskflow_operators.py
[2026-01-21T13:24:44.721+0000] {processor.py:830} INFO - Processing file /home/airflow/.local/lib/python3.8/site-packages/airflow/example_dags/example_dynamic_task_mapping_with_no_taskflow_operators.py for tasks to queue
[2026-01-21T13:24:44.723+0000] {logging_mixin.py:188} INFO - [2026-01-21T13:24:44.723+0000] {dagbag.py:538} INFO - Filling up the DagBag from /home/airflow/.local/lib/python3.8/site-packages/airflow/example_dags/example_dynamic_task_mapping_with_no_taskflow_operators.py
[2026-01-21T13:24:44.733+0000] {processor.py:840} INFO - DAG(s) 'example_dynamic_task_mapping_with_no_taskflow_operators' retrieved from /home/airflow/.local/lib/python3.8/site-packages/airflow/example_dags/example_dynamic_task_mapping_with_no_taskflow_operators.py
[2026-01-21T13:24:44.763+0000] {logging_mixin.py:188} INFO - [2026-01-21T13:24:44.763+0000] {dag.py:3036} INFO - Sync 1 DAGs
[2026-01-21T13:24:44.802+0000] {logging_mixin.py:188} INFO - [2026-01-21T13:24:44.801+0000] {dag.py:3823} INFO - Setting next_dagrun for example_dynamic_task_mapping_with_no_taskflow_operators to 2026-01-20 00:00:00+00:00, run_after=2026-01-21 00:00:00+00:00
[2026-01-21T13:24:44.831+0000] {processor.py:183} INFO - Processing /home/airflow/.local/lib/python3.8/site-packages/airflow/example_dags/example_dynamic_task_mapping_with_no_taskflow_operators.py took 0.116 seconds
[2026-01-21T13:25:15.128+0000] {processor.py:161} INFO - Started process (PID=32125) to work on /home/airflow/.local/lib/python3.8/site-packages/airflow/example_dags/example_dynamic_task_mapping_with_no_taskflow_operators.py
[2026-01-21T13:25:15.129+0000] {processor.py:830} INFO - Processing file /home/airflow/.local/lib/python3.8/site-packages/airflow/example_dags/example_dynamic_task_mapping_with_no_taskflow_operators.py for tasks to queue
[2026-01-21T13:25:15.131+0000] {logging_mixin.py:188} INFO - [2026-01-21T13:25:15.130+0000] {dagbag.py:538} INFO - Filling up the DagBag from /home/airflow/.local/lib/python3.8/site-packages/airflow/example_dags/example_dynamic_task_mapping_with_no_taskflow_operators.py
[2026-01-21T13:25:15.139+0000] {processor.py:840} INFO - DAG(s) 'example_dynamic_task_mapping_with_no_taskflow_operators' retrieved from /home/airflow/.local/lib/python3.8/site-packages/airflow/example_dags/example_dynamic_task_mapping_with_no_taskflow_operators.py
[2026-01-21T13:25:15.164+0000] {logging_mixin.py:188} INFO - [2026-01-21T13:25:15.164+0000] {dag.py:3036} INFO - Sync 1 DAGs
[2026-01-21T13:25:15.196+0000] {logging_mixin.py:188} INFO - [2026-01-21T13:25:15.196+0000] {dag.py:3823} INFO - Setting next_dagrun for example_dynamic_task_mapping_with_no_taskflow_operators to 2026-01-20 00:00:00+00:00, run_after=2026-01-21 00:00:00+00:00
[2026-01-21T13:25:15.219+0000] {processor.py:183} INFO - Processing /home/airflow/.local/lib/python3.8/site-packages/airflow/example_dags/example_dynamic_task_mapping_with_no_taskflow_operators.py took 0.095 seconds
[2026-01-21T13:25:45.887+0000] {processor.py:161} INFO - Started process (PID=32199) to work on /home/airflow/.local/lib/python3.8/site-packages/airflow/example_dags/example_dynamic_task_mapping_with_no_taskflow_operators.py
[2026-01-21T13:25:45.888+0000] {processor.py:830} INFO - Processing file /home/airflow/.local/lib/python3.8/site-packages/airflow/example_dags/example_dynamic_task_mapping_with_no_taskflow_operators.py for tasks to queue
[2026-01-21T13:25:45.891+0000] {logging_mixin.py:188} INFO - [2026-01-21T13:25:45.890+0000] {dagbag.py:538} INFO - Filling up the DagBag from /home/airflow/.local/lib/python3.8/site-packages/airflow/example_dags/example_dynamic_task_mapping_with_no_taskflow_operators.py
[2026-01-21T13:25:45.899+0000] {processor.py:840} INFO - DAG(s) 'example_dynamic_task_mapping_with_no_taskflow_operators' retrieved from /home/airflow/.local/lib/python3.8/site-packages/airflow/example_dags/example_dynamic_task_mapping_with_no_taskflow_operators.py
[2026-01-21T13:25:45.928+0000] {logging_mixin.py:188} INFO - [2026-01-21T13:25:45.928+0000] {dag.py:3036} INFO - Sync 1 DAGs
[2026-01-21T13:25:45.961+0000] {logging_mixin.py:188} INFO - [2026-01-21T13:25:45.960+0000] {dag.py:3823} INFO - Setting next_dagrun for example_dynamic_task_mapping_with_no_taskflow_operators to 2026-01-20 00:00:00+00:00, run_after=2026-01-21 00:00:00+00:00
[2026-01-21T13:25:45.986+0000] {processor.py:183} INFO - Processing /home/airflow/.local/lib/python3.8/site-packages/airflow/example_dags/example_dynamic_task_mapping_with_no_taskflow_operators.py took 0.103 seconds
[2026-01-21T13:26:16.411+0000] {processor.py:161} INFO - Started process (PID=32264) to work on /home/airflow/.local/lib/python3.8/site-packages/airflow/example_dags/example_dynamic_task_mapping_with_no_taskflow_operators.py
[2026-01-21T13:26:16.412+0000] {processor.py:830} INFO - Processing file /home/airflow/.local/lib/python3.8/site-packages/airflow/example_dags/example_dynamic_task_mapping_with_no_taskflow_operators.py for tasks to queue
[2026-01-21T13:26:16.415+0000] {logging_mixin.py:188} INFO - [2026-01-21T13:26:16.415+0000] {dagbag.py:538} INFO - Filling up the DagBag from /home/airflow/.local/lib/python3.8/site-packages/airflow/example_dags/example_dynamic_task_mapping_with_no_taskflow_operators.py
[2026-01-21T13:26:16.423+0000] {processor.py:840} INFO - DAG(s) 'example_dynamic_task_mapping_with_no_taskflow_operators' retrieved from /home/airflow/.local/lib/python3.8/site-packages/airflow/example_dags/example_dynamic_task_mapping_with_no_taskflow_operators.py
[2026-01-21T13:26:16.449+0000] {logging_mixin.py:188} INFO - [2026-01-21T13:26:16.449+0000] {dag.py:3036} INFO - Sync 1 DAGs
[2026-01-21T13:26:16.480+0000] {logging_mixin.py:188} INFO - [2026-01-21T13:26:16.480+0000] {dag.py:3823} INFO - Setting next_dagrun for example_dynamic_task_mapping_with_no_taskflow_operators to 2026-01-20 00:00:00+00:00, run_after=2026-01-21 00:00:00+00:00
[2026-01-21T13:26:16.504+0000] {processor.py:183} INFO - Processing /home/airflow/.local/lib/python3.8/site-packages/airflow/example_dags/example_dynamic_task_mapping_with_no_taskflow_operators.py took 0.097 seconds
[2026-01-21T13:26:47.036+0000] {processor.py:161} INFO - Started process (PID=32332) to work on /home/airflow/.local/lib/python3.8/site-packages/airflow/example_dags/example_dynamic_task_mapping_with_no_taskflow_operators.py
[2026-01-21T13:26:47.037+0000] {processor.py:830} INFO - Processing file /home/airflow/.local/lib/python3.8/site-packages/airflow/example_dags/example_dynamic_task_mapping_with_no_taskflow_operators.py for tasks to queue
[2026-01-21T13:26:47.039+0000] {logging_mixin.py:188} INFO - [2026-01-21T13:26:47.039+0000] {dagbag.py:538} INFO - Filling up the DagBag from /home/airflow/.local/lib/python3.8/site-packages/airflow/example_dags/example_dynamic_task_mapping_with_no_taskflow_operators.py
[2026-01-21T13:26:47.047+0000] {processor.py:840} INFO - DAG(s) 'example_dynamic_task_mapping_with_no_taskflow_operators' retrieved from /home/airflow/.local/lib/python3.8/site-packages/airflow/example_dags/example_dynamic_task_mapping_with_no_taskflow_operators.py
[2026-01-21T13:26:47.073+0000] {logging_mixin.py:188} INFO - [2026-01-21T13:26:47.072+0000] {dag.py:3036} INFO - Sync 1 DAGs
[2026-01-21T13:26:47.104+0000] {logging_mixin.py:188} INFO - [2026-01-21T13:26:47.103+0000] {dag.py:3823} INFO - Setting next_dagrun for example_dynamic_task_mapping_with_no_taskflow_operators to 2026-01-20 00:00:00+00:00, run_after=2026-01-21 00:00:00+00:00
[2026-01-21T13:26:47.126+0000] {processor.py:183} INFO - Processing /home/airflow/.local/lib/python3.8/site-packages/airflow/example_dags/example_dynamic_task_mapping_with_no_taskflow_operators.py took 0.094 seconds
[2026-01-21T13:27:17.369+0000] {processor.py:161} INFO - Started process (PID=32397) to work on /home/airflow/.local/lib/python3.8/site-packages/airflow/example_dags/example_dynamic_task_mapping_with_no_taskflow_operators.py
[2026-01-21T13:27:17.370+0000] {processor.py:830} INFO - Processing file /home/airflow/.local/lib/python3.8/site-packages/airflow/example_dags/example_dynamic_task_mapping_with_no_taskflow_operators.py for tasks to queue
[2026-01-21T13:27:17.372+0000] {logging_mixin.py:188} INFO - [2026-01-21T13:27:17.372+0000] {dagbag.py:538} INFO - Filling up the DagBag from /home/airflow/.local/lib/python3.8/site-packages/airflow/example_dags/example_dynamic_task_mapping_with_no_taskflow_operators.py
[2026-01-21T13:27:17.381+0000] {processor.py:840} INFO - DAG(s) 'example_dynamic_task_mapping_with_no_taskflow_operators' retrieved from /home/airflow/.local/lib/python3.8/site-packages/airflow/example_dags/example_dynamic_task_mapping_with_no_taskflow_operators.py
[2026-01-21T13:27:17.409+0000] {logging_mixin.py:188} INFO - [2026-01-21T13:27:17.409+0000] {dag.py:3036} INFO - Sync 1 DAGs
[2026-01-21T13:27:17.443+0000] {logging_mixin.py:188} INFO - [2026-01-21T13:27:17.442+0000] {dag.py:3823} INFO - Setting next_dagrun for example_dynamic_task_mapping_with_no_taskflow_operators to 2026-01-20 00:00:00+00:00, run_after=2026-01-21 00:00:00+00:00
[2026-01-21T13:27:17.469+0000] {processor.py:183} INFO - Processing /home/airflow/.local/lib/python3.8/site-packages/airflow/example_dags/example_dynamic_task_mapping_with_no_taskflow_operators.py took 0.105 seconds
[2026-01-21T13:27:47.933+0000] {processor.py:161} INFO - Started process (PID=32463) to work on /home/airflow/.local/lib/python3.8/site-packages/airflow/example_dags/example_dynamic_task_mapping_with_no_taskflow_operators.py
[2026-01-21T13:27:47.934+0000] {processor.py:830} INFO - Processing file /home/airflow/.local/lib/python3.8/site-packages/airflow/example_dags/example_dynamic_task_mapping_with_no_taskflow_operators.py for tasks to queue
[2026-01-21T13:27:47.936+0000] {logging_mixin.py:188} INFO - [2026-01-21T13:27:47.936+0000] {dagbag.py:538} INFO - Filling up the DagBag from /home/airflow/.local/lib/python3.8/site-packages/airflow/example_dags/example_dynamic_task_mapping_with_no_taskflow_operators.py
[2026-01-21T13:27:47.945+0000] {processor.py:840} INFO - DAG(s) 'example_dynamic_task_mapping_with_no_taskflow_operators' retrieved from /home/airflow/.local/lib/python3.8/site-packages/airflow/example_dags/example_dynamic_task_mapping_with_no_taskflow_operators.py
[2026-01-21T13:27:47.973+0000] {logging_mixin.py:188} INFO - [2026-01-21T13:27:47.972+0000] {dag.py:3036} INFO - Sync 1 DAGs
[2026-01-21T13:27:48.005+0000] {logging_mixin.py:188} INFO - [2026-01-21T13:27:48.004+0000] {dag.py:3823} INFO - Setting next_dagrun for example_dynamic_task_mapping_with_no_taskflow_operators to 2026-01-20 00:00:00+00:00, run_after=2026-01-21 00:00:00+00:00
[2026-01-21T13:27:48.028+0000] {processor.py:183} INFO - Processing /home/airflow/.local/lib/python3.8/site-packages/airflow/example_dags/example_dynamic_task_mapping_with_no_taskflow_operators.py took 0.100 seconds
[2026-01-21T13:28:18.710+0000] {processor.py:161} INFO - Started process (PID=32537) to work on /home/airflow/.local/lib/python3.8/site-packages/airflow/example_dags/example_dynamic_task_mapping_with_no_taskflow_operators.py
[2026-01-21T13:28:18.711+0000] {processor.py:830} INFO - Processing file /home/airflow/.local/lib/python3.8/site-packages/airflow/example_dags/example_dynamic_task_mapping_with_no_taskflow_operators.py for tasks to queue
[2026-01-21T13:28:18.714+0000] {logging_mixin.py:188} INFO - [2026-01-21T13:28:18.714+0000] {dagbag.py:538} INFO - Filling up the DagBag from /home/airflow/.local/lib/python3.8/site-packages/airflow/example_dags/example_dynamic_task_mapping_with_no_taskflow_operators.py
[2026-01-21T13:28:18.725+0000] {processor.py:840} INFO - DAG(s) 'example_dynamic_task_mapping_with_no_taskflow_operators' retrieved from /home/airflow/.local/lib/python3.8/site-packages/airflow/example_dags/example_dynamic_task_mapping_with_no_taskflow_operators.py
[2026-01-21T13:28:18.754+0000] {logging_mixin.py:188} INFO - [2026-01-21T13:28:18.754+0000] {dag.py:3036} INFO - Sync 1 DAGs
[2026-01-21T13:28:18.789+0000] {logging_mixin.py:188} INFO - [2026-01-21T13:28:18.789+0000] {dag.py:3823} INFO - Setting next_dagrun for example_dynamic_task_mapping_with_no_taskflow_operators to 2026-01-20 00:00:00+00:00, run_after=2026-01-21 00:00:00+00:00
[2026-01-21T13:28:18.819+0000] {processor.py:183} INFO - Processing /home/airflow/.local/lib/python3.8/site-packages/airflow/example_dags/example_dynamic_task_mapping_with_no_taskflow_operators.py took 0.113 seconds
[2026-01-21T13:28:49.091+0000] {processor.py:161} INFO - Started process (PID=32603) to work on /home/airflow/.local/lib/python3.8/site-packages/airflow/example_dags/example_dynamic_task_mapping_with_no_taskflow_operators.py
[2026-01-21T13:28:49.093+0000] {processor.py:830} INFO - Processing file /home/airflow/.local/lib/python3.8/site-packages/airflow/example_dags/example_dynamic_task_mapping_with_no_taskflow_operators.py for tasks to queue
[2026-01-21T13:28:49.096+0000] {logging_mixin.py:188} INFO - [2026-01-21T13:28:49.095+0000] {dagbag.py:538} INFO - Filling up the DagBag from /home/airflow/.local/lib/python3.8/site-packages/airflow/example_dags/example_dynamic_task_mapping_with_no_taskflow_operators.py
[2026-01-21T13:28:49.106+0000] {processor.py:840} INFO - DAG(s) 'example_dynamic_task_mapping_with_no_taskflow_operators' retrieved from /home/airflow/.local/lib/python3.8/site-packages/airflow/example_dags/example_dynamic_task_mapping_with_no_taskflow_operators.py
[2026-01-21T13:28:49.140+0000] {logging_mixin.py:188} INFO - [2026-01-21T13:28:49.140+0000] {dag.py:3036} INFO - Sync 1 DAGs
[2026-01-21T13:28:49.184+0000] {logging_mixin.py:188} INFO - [2026-01-21T13:28:49.183+0000] {dag.py:3823} INFO - Setting next_dagrun for example_dynamic_task_mapping_with_no_taskflow_operators to 2026-01-20 00:00:00+00:00, run_after=2026-01-21 00:00:00+00:00
[2026-01-21T13:28:49.216+0000] {processor.py:183} INFO - Processing /home/airflow/.local/lib/python3.8/site-packages/airflow/example_dags/example_dynamic_task_mapping_with_no_taskflow_operators.py took 0.129 seconds
[2026-01-21T13:29:19.816+0000] {processor.py:161} INFO - Started process (PID=32669) to work on /home/airflow/.local/lib/python3.8/site-packages/airflow/example_dags/example_dynamic_task_mapping_with_no_taskflow_operators.py
[2026-01-21T13:29:19.817+0000] {processor.py:830} INFO - Processing file /home/airflow/.local/lib/python3.8/site-packages/airflow/example_dags/example_dynamic_task_mapping_with_no_taskflow_operators.py for tasks to queue
[2026-01-21T13:29:19.819+0000] {logging_mixin.py:188} INFO - [2026-01-21T13:29:19.819+0000] {dagbag.py:538} INFO - Filling up the DagBag from /home/airflow/.local/lib/python3.8/site-packages/airflow/example_dags/example_dynamic_task_mapping_with_no_taskflow_operators.py
[2026-01-21T13:29:19.827+0000] {processor.py:840} INFO - DAG(s) 'example_dynamic_task_mapping_with_no_taskflow_operators' retrieved from /home/airflow/.local/lib/python3.8/site-packages/airflow/example_dags/example_dynamic_task_mapping_with_no_taskflow_operators.py
[2026-01-21T13:29:19.855+0000] {logging_mixin.py:188} INFO - [2026-01-21T13:29:19.854+0000] {dag.py:3036} INFO - Sync 1 DAGs
[2026-01-21T13:29:19.886+0000] {logging_mixin.py:188} INFO - [2026-01-21T13:29:19.885+0000] {dag.py:3823} INFO - Setting next_dagrun for example_dynamic_task_mapping_with_no_taskflow_operators to 2026-01-20 00:00:00+00:00, run_after=2026-01-21 00:00:00+00:00
[2026-01-21T13:29:19.912+0000] {processor.py:183} INFO - Processing /home/airflow/.local/lib/python3.8/site-packages/airflow/example_dags/example_dynamic_task_mapping_with_no_taskflow_operators.py took 0.100 seconds
[2026-01-21T13:29:50.320+0000] {processor.py:161} INFO - Started process (PID=32735) to work on /home/airflow/.local/lib/python3.8/site-packages/airflow/example_dags/example_dynamic_task_mapping_with_no_taskflow_operators.py
[2026-01-21T13:29:50.322+0000] {processor.py:830} INFO - Processing file /home/airflow/.local/lib/python3.8/site-packages/airflow/example_dags/example_dynamic_task_mapping_with_no_taskflow_operators.py for tasks to queue
[2026-01-21T13:29:50.325+0000] {logging_mixin.py:188} INFO - [2026-01-21T13:29:50.325+0000] {dagbag.py:538} INFO - Filling up the DagBag from /home/airflow/.local/lib/python3.8/site-packages/airflow/example_dags/example_dynamic_task_mapping_with_no_taskflow_operators.py
[2026-01-21T13:29:50.336+0000] {processor.py:840} INFO - DAG(s) 'example_dynamic_task_mapping_with_no_taskflow_operators' retrieved from /home/airflow/.local/lib/python3.8/site-packages/airflow/example_dags/example_dynamic_task_mapping_with_no_taskflow_operators.py
[2026-01-21T13:29:50.367+0000] {logging_mixin.py:188} INFO - [2026-01-21T13:29:50.366+0000] {dag.py:3036} INFO - Sync 1 DAGs
[2026-01-21T13:29:50.399+0000] {logging_mixin.py:188} INFO - [2026-01-21T13:29:50.398+0000] {dag.py:3823} INFO - Setting next_dagrun for example_dynamic_task_mapping_with_no_taskflow_operators to 2026-01-20 00:00:00+00:00, run_after=2026-01-21 00:00:00+00:00
[2026-01-21T13:29:50.423+0000] {processor.py:183} INFO - Processing /home/airflow/.local/lib/python3.8/site-packages/airflow/example_dags/example_dynamic_task_mapping_with_no_taskflow_operators.py took 0.108 seconds
[2026-01-21T13:30:20.696+0000] {processor.py:161} INFO - Started process (PID=32801) to work on /home/airflow/.local/lib/python3.8/site-packages/airflow/example_dags/example_dynamic_task_mapping_with_no_taskflow_operators.py
[2026-01-21T13:30:20.697+0000] {processor.py:830} INFO - Processing file /home/airflow/.local/lib/python3.8/site-packages/airflow/example_dags/example_dynamic_task_mapping_with_no_taskflow_operators.py for tasks to queue
[2026-01-21T13:30:20.700+0000] {logging_mixin.py:188} INFO - [2026-01-21T13:30:20.699+0000] {dagbag.py:538} INFO - Filling up the DagBag from /home/airflow/.local/lib/python3.8/site-packages/airflow/example_dags/example_dynamic_task_mapping_with_no_taskflow_operators.py
[2026-01-21T13:30:20.708+0000] {processor.py:840} INFO - DAG(s) 'example_dynamic_task_mapping_with_no_taskflow_operators' retrieved from /home/airflow/.local/lib/python3.8/site-packages/airflow/example_dags/example_dynamic_task_mapping_with_no_taskflow_operators.py
[2026-01-21T13:30:20.735+0000] {logging_mixin.py:188} INFO - [2026-01-21T13:30:20.734+0000] {dag.py:3036} INFO - Sync 1 DAGs
[2026-01-21T13:30:20.769+0000] {logging_mixin.py:188} INFO - [2026-01-21T13:30:20.768+0000] {dag.py:3823} INFO - Setting next_dagrun for example_dynamic_task_mapping_with_no_taskflow_operators to 2026-01-20 00:00:00+00:00, run_after=2026-01-21 00:00:00+00:00
[2026-01-21T13:30:20.793+0000] {processor.py:183} INFO - Processing /home/airflow/.local/lib/python3.8/site-packages/airflow/example_dags/example_dynamic_task_mapping_with_no_taskflow_operators.py took 0.103 seconds
[2026-01-21T13:30:50.989+0000] {processor.py:161} INFO - Started process (PID=32867) to work on /home/airflow/.local/lib/python3.8/site-packages/airflow/example_dags/example_dynamic_task_mapping_with_no_taskflow_operators.py
[2026-01-21T13:30:50.991+0000] {processor.py:830} INFO - Processing file /home/airflow/.local/lib/python3.8/site-packages/airflow/example_dags/example_dynamic_task_mapping_with_no_taskflow_operators.py for tasks to queue
[2026-01-21T13:30:50.993+0000] {logging_mixin.py:188} INFO - [2026-01-21T13:30:50.992+0000] {dagbag.py:538} INFO - Filling up the DagBag from /home/airflow/.local/lib/python3.8/site-packages/airflow/example_dags/example_dynamic_task_mapping_with_no_taskflow_operators.py
[2026-01-21T13:30:51.001+0000] {processor.py:840} INFO - DAG(s) 'example_dynamic_task_mapping_with_no_taskflow_operators' retrieved from /home/airflow/.local/lib/python3.8/site-packages/airflow/example_dags/example_dynamic_task_mapping_with_no_taskflow_operators.py
[2026-01-21T13:30:51.030+0000] {logging_mixin.py:188} INFO - [2026-01-21T13:30:51.030+0000] {dag.py:3036} INFO - Sync 1 DAGs
[2026-01-21T13:30:51.071+0000] {logging_mixin.py:188} INFO - [2026-01-21T13:30:51.071+0000] {dag.py:3823} INFO - Setting next_dagrun for example_dynamic_task_mapping_with_no_taskflow_operators to 2026-01-20 00:00:00+00:00, run_after=2026-01-21 00:00:00+00:00
[2026-01-21T13:30:51.101+0000] {processor.py:183} INFO - Processing /home/airflow/.local/lib/python3.8/site-packages/airflow/example_dags/example_dynamic_task_mapping_with_no_taskflow_operators.py took 0.116 seconds
[2026-01-21T13:31:21.189+0000] {processor.py:161} INFO - Started process (PID=32934) to work on /home/airflow/.local/lib/python3.8/site-packages/airflow/example_dags/example_dynamic_task_mapping_with_no_taskflow_operators.py
[2026-01-21T13:31:21.191+0000] {processor.py:830} INFO - Processing file /home/airflow/.local/lib/python3.8/site-packages/airflow/example_dags/example_dynamic_task_mapping_with_no_taskflow_operators.py for tasks to queue
[2026-01-21T13:31:21.193+0000] {logging_mixin.py:188} INFO - [2026-01-21T13:31:21.193+0000] {dagbag.py:538} INFO - Filling up the DagBag from /home/airflow/.local/lib/python3.8/site-packages/airflow/example_dags/example_dynamic_task_mapping_with_no_taskflow_operators.py
[2026-01-21T13:31:21.202+0000] {processor.py:840} INFO - DAG(s) 'example_dynamic_task_mapping_with_no_taskflow_operators' retrieved from /home/airflow/.local/lib/python3.8/site-packages/airflow/example_dags/example_dynamic_task_mapping_with_no_taskflow_operators.py
[2026-01-21T13:31:21.229+0000] {logging_mixin.py:188} INFO - [2026-01-21T13:31:21.228+0000] {dag.py:3036} INFO - Sync 1 DAGs
[2026-01-21T13:31:21.260+0000] {logging_mixin.py:188} INFO - [2026-01-21T13:31:21.260+0000] {dag.py:3823} INFO - Setting next_dagrun for example_dynamic_task_mapping_with_no_taskflow_operators to 2026-01-20 00:00:00+00:00, run_after=2026-01-21 00:00:00+00:00
[2026-01-21T13:31:21.286+0000] {processor.py:183} INFO - Processing /home/airflow/.local/lib/python3.8/site-packages/airflow/example_dags/example_dynamic_task_mapping_with_no_taskflow_operators.py took 0.102 seconds
[2026-01-21T13:31:51.419+0000] {processor.py:161} INFO - Started process (PID=33008) to work on /home/airflow/.local/lib/python3.8/site-packages/airflow/example_dags/example_dynamic_task_mapping_with_no_taskflow_operators.py
[2026-01-21T13:31:51.425+0000] {processor.py:830} INFO - Processing file /home/airflow/.local/lib/python3.8/site-packages/airflow/example_dags/example_dynamic_task_mapping_with_no_taskflow_operators.py for tasks to queue
[2026-01-21T13:31:51.427+0000] {logging_mixin.py:188} INFO - [2026-01-21T13:31:51.427+0000] {dagbag.py:538} INFO - Filling up the DagBag from /home/airflow/.local/lib/python3.8/site-packages/airflow/example_dags/example_dynamic_task_mapping_with_no_taskflow_operators.py
[2026-01-21T13:31:51.436+0000] {processor.py:840} INFO - DAG(s) 'example_dynamic_task_mapping_with_no_taskflow_operators' retrieved from /home/airflow/.local/lib/python3.8/site-packages/airflow/example_dags/example_dynamic_task_mapping_with_no_taskflow_operators.py
[2026-01-21T13:31:51.464+0000] {logging_mixin.py:188} INFO - [2026-01-21T13:31:51.463+0000] {dag.py:3036} INFO - Sync 1 DAGs
[2026-01-21T13:31:51.497+0000] {logging_mixin.py:188} INFO - [2026-01-21T13:31:51.497+0000] {dag.py:3823} INFO - Setting next_dagrun for example_dynamic_task_mapping_with_no_taskflow_operators to 2026-01-20 00:00:00+00:00, run_after=2026-01-21 00:00:00+00:00
[2026-01-21T13:31:51.522+0000] {processor.py:183} INFO - Processing /home/airflow/.local/lib/python3.8/site-packages/airflow/example_dags/example_dynamic_task_mapping_with_no_taskflow_operators.py took 0.110 seconds
[2026-01-21T13:32:21.643+0000] {processor.py:161} INFO - Started process (PID=33074) to work on /home/airflow/.local/lib/python3.8/site-packages/airflow/example_dags/example_dynamic_task_mapping_with_no_taskflow_operators.py
[2026-01-21T13:32:21.645+0000] {processor.py:830} INFO - Processing file /home/airflow/.local/lib/python3.8/site-packages/airflow/example_dags/example_dynamic_task_mapping_with_no_taskflow_operators.py for tasks to queue
[2026-01-21T13:32:21.647+0000] {logging_mixin.py:188} INFO - [2026-01-21T13:32:21.647+0000] {dagbag.py:538} INFO - Filling up the DagBag from /home/airflow/.local/lib/python3.8/site-packages/airflow/example_dags/example_dynamic_task_mapping_with_no_taskflow_operators.py
[2026-01-21T13:32:21.658+0000] {processor.py:840} INFO - DAG(s) 'example_dynamic_task_mapping_with_no_taskflow_operators' retrieved from /home/airflow/.local/lib/python3.8/site-packages/airflow/example_dags/example_dynamic_task_mapping_with_no_taskflow_operators.py
[2026-01-21T13:32:21.685+0000] {logging_mixin.py:188} INFO - [2026-01-21T13:32:21.684+0000] {dag.py:3036} INFO - Sync 1 DAGs
[2026-01-21T13:32:21.718+0000] {logging_mixin.py:188} INFO - [2026-01-21T13:32:21.718+0000] {dag.py:3823} INFO - Setting next_dagrun for example_dynamic_task_mapping_with_no_taskflow_operators to 2026-01-20 00:00:00+00:00, run_after=2026-01-21 00:00:00+00:00
[2026-01-21T13:32:21.741+0000] {processor.py:183} INFO - Processing /home/airflow/.local/lib/python3.8/site-packages/airflow/example_dags/example_dynamic_task_mapping_with_no_taskflow_operators.py took 0.104 seconds
[2026-01-21T13:32:52.369+0000] {processor.py:161} INFO - Started process (PID=33140) to work on /home/airflow/.local/lib/python3.8/site-packages/airflow/example_dags/example_dynamic_task_mapping_with_no_taskflow_operators.py
[2026-01-21T13:32:52.371+0000] {processor.py:830} INFO - Processing file /home/airflow/.local/lib/python3.8/site-packages/airflow/example_dags/example_dynamic_task_mapping_with_no_taskflow_operators.py for tasks to queue
[2026-01-21T13:32:52.373+0000] {logging_mixin.py:188} INFO - [2026-01-21T13:32:52.372+0000] {dagbag.py:538} INFO - Filling up the DagBag from /home/airflow/.local/lib/python3.8/site-packages/airflow/example_dags/example_dynamic_task_mapping_with_no_taskflow_operators.py
[2026-01-21T13:32:52.381+0000] {processor.py:840} INFO - DAG(s) 'example_dynamic_task_mapping_with_no_taskflow_operators' retrieved from /home/airflow/.local/lib/python3.8/site-packages/airflow/example_dags/example_dynamic_task_mapping_with_no_taskflow_operators.py
[2026-01-21T13:32:52.410+0000] {logging_mixin.py:188} INFO - [2026-01-21T13:32:52.410+0000] {dag.py:3036} INFO - Sync 1 DAGs
[2026-01-21T13:32:52.444+0000] {logging_mixin.py:188} INFO - [2026-01-21T13:32:52.443+0000] {dag.py:3823} INFO - Setting next_dagrun for example_dynamic_task_mapping_with_no_taskflow_operators to 2026-01-20 00:00:00+00:00, run_after=2026-01-21 00:00:00+00:00
[2026-01-21T13:32:52.468+0000] {processor.py:183} INFO - Processing /home/airflow/.local/lib/python3.8/site-packages/airflow/example_dags/example_dynamic_task_mapping_with_no_taskflow_operators.py took 0.103 seconds
[2026-01-21T13:33:23.073+0000] {processor.py:161} INFO - Started process (PID=33207) to work on /home/airflow/.local/lib/python3.8/site-packages/airflow/example_dags/example_dynamic_task_mapping_with_no_taskflow_operators.py
[2026-01-21T13:33:23.074+0000] {processor.py:830} INFO - Processing file /home/airflow/.local/lib/python3.8/site-packages/airflow/example_dags/example_dynamic_task_mapping_with_no_taskflow_operators.py for tasks to queue
[2026-01-21T13:33:23.076+0000] {logging_mixin.py:188} INFO - [2026-01-21T13:33:23.076+0000] {dagbag.py:538} INFO - Filling up the DagBag from /home/airflow/.local/lib/python3.8/site-packages/airflow/example_dags/example_dynamic_task_mapping_with_no_taskflow_operators.py
[2026-01-21T13:33:23.084+0000] {processor.py:840} INFO - DAG(s) 'example_dynamic_task_mapping_with_no_taskflow_operators' retrieved from /home/airflow/.local/lib/python3.8/site-packages/airflow/example_dags/example_dynamic_task_mapping_with_no_taskflow_operators.py
[2026-01-21T13:33:23.110+0000] {logging_mixin.py:188} INFO - [2026-01-21T13:33:23.110+0000] {dag.py:3036} INFO - Sync 1 DAGs
[2026-01-21T13:33:23.141+0000] {logging_mixin.py:188} INFO - [2026-01-21T13:33:23.140+0000] {dag.py:3823} INFO - Setting next_dagrun for example_dynamic_task_mapping_with_no_taskflow_operators to 2026-01-20 00:00:00+00:00, run_after=2026-01-21 00:00:00+00:00
[2026-01-21T13:33:23.164+0000] {processor.py:183} INFO - Processing /home/airflow/.local/lib/python3.8/site-packages/airflow/example_dags/example_dynamic_task_mapping_with_no_taskflow_operators.py took 0.096 seconds
[2026-01-21T13:33:53.720+0000] {processor.py:161} INFO - Started process (PID=33272) to work on /home/airflow/.local/lib/python3.8/site-packages/airflow/example_dags/example_dynamic_task_mapping_with_no_taskflow_operators.py
[2026-01-21T13:33:53.722+0000] {processor.py:830} INFO - Processing file /home/airflow/.local/lib/python3.8/site-packages/airflow/example_dags/example_dynamic_task_mapping_with_no_taskflow_operators.py for tasks to queue
[2026-01-21T13:33:53.724+0000] {logging_mixin.py:188} INFO - [2026-01-21T13:33:53.724+0000] {dagbag.py:538} INFO - Filling up the DagBag from /home/airflow/.local/lib/python3.8/site-packages/airflow/example_dags/example_dynamic_task_mapping_with_no_taskflow_operators.py
[2026-01-21T13:33:53.732+0000] {processor.py:840} INFO - DAG(s) 'example_dynamic_task_mapping_with_no_taskflow_operators' retrieved from /home/airflow/.local/lib/python3.8/site-packages/airflow/example_dags/example_dynamic_task_mapping_with_no_taskflow_operators.py
[2026-01-21T13:33:53.758+0000] {logging_mixin.py:188} INFO - [2026-01-21T13:33:53.758+0000] {dag.py:3036} INFO - Sync 1 DAGs
[2026-01-21T13:33:53.791+0000] {logging_mixin.py:188} INFO - [2026-01-21T13:33:53.790+0000] {dag.py:3823} INFO - Setting next_dagrun for example_dynamic_task_mapping_with_no_taskflow_operators to 2026-01-20 00:00:00+00:00, run_after=2026-01-21 00:00:00+00:00
[2026-01-21T13:33:53.815+0000] {processor.py:183} INFO - Processing /home/airflow/.local/lib/python3.8/site-packages/airflow/example_dags/example_dynamic_task_mapping_with_no_taskflow_operators.py took 0.099 seconds
[2026-01-21T13:34:23.967+0000] {processor.py:161} INFO - Started process (PID=33338) to work on /home/airflow/.local/lib/python3.8/site-packages/airflow/example_dags/example_dynamic_task_mapping_with_no_taskflow_operators.py
[2026-01-21T13:34:23.968+0000] {processor.py:830} INFO - Processing file /home/airflow/.local/lib/python3.8/site-packages/airflow/example_dags/example_dynamic_task_mapping_with_no_taskflow_operators.py for tasks to queue
[2026-01-21T13:34:23.971+0000] {logging_mixin.py:188} INFO - [2026-01-21T13:34:23.970+0000] {dagbag.py:538} INFO - Filling up the DagBag from /home/airflow/.local/lib/python3.8/site-packages/airflow/example_dags/example_dynamic_task_mapping_with_no_taskflow_operators.py
[2026-01-21T13:34:23.981+0000] {processor.py:840} INFO - DAG(s) 'example_dynamic_task_mapping_with_no_taskflow_operators' retrieved from /home/airflow/.local/lib/python3.8/site-packages/airflow/example_dags/example_dynamic_task_mapping_with_no_taskflow_operators.py
[2026-01-21T13:34:24.007+0000] {logging_mixin.py:188} INFO - [2026-01-21T13:34:24.006+0000] {dag.py:3036} INFO - Sync 1 DAGs
[2026-01-21T13:34:24.038+0000] {logging_mixin.py:188} INFO - [2026-01-21T13:34:24.038+0000] {dag.py:3823} INFO - Setting next_dagrun for example_dynamic_task_mapping_with_no_taskflow_operators to 2026-01-20 00:00:00+00:00, run_after=2026-01-21 00:00:00+00:00
[2026-01-21T13:34:24.061+0000] {processor.py:183} INFO - Processing /home/airflow/.local/lib/python3.8/site-packages/airflow/example_dags/example_dynamic_task_mapping_with_no_taskflow_operators.py took 0.099 seconds
[2026-01-21T13:34:54.679+0000] {processor.py:161} INFO - Started process (PID=33404) to work on /home/airflow/.local/lib/python3.8/site-packages/airflow/example_dags/example_dynamic_task_mapping_with_no_taskflow_operators.py
[2026-01-21T13:34:54.680+0000] {processor.py:830} INFO - Processing file /home/airflow/.local/lib/python3.8/site-packages/airflow/example_dags/example_dynamic_task_mapping_with_no_taskflow_operators.py for tasks to queue
[2026-01-21T13:34:54.683+0000] {logging_mixin.py:188} INFO - [2026-01-21T13:34:54.682+0000] {dagbag.py:538} INFO - Filling up the DagBag from /home/airflow/.local/lib/python3.8/site-packages/airflow/example_dags/example_dynamic_task_mapping_with_no_taskflow_operators.py
[2026-01-21T13:34:54.693+0000] {processor.py:840} INFO - DAG(s) 'example_dynamic_task_mapping_with_no_taskflow_operators' retrieved from /home/airflow/.local/lib/python3.8/site-packages/airflow/example_dags/example_dynamic_task_mapping_with_no_taskflow_operators.py
[2026-01-21T13:34:54.721+0000] {logging_mixin.py:188} INFO - [2026-01-21T13:34:54.721+0000] {dag.py:3036} INFO - Sync 1 DAGs
[2026-01-21T13:34:54.753+0000] {logging_mixin.py:188} INFO - [2026-01-21T13:34:54.752+0000] {dag.py:3823} INFO - Setting next_dagrun for example_dynamic_task_mapping_with_no_taskflow_operators to 2026-01-20 00:00:00+00:00, run_after=2026-01-21 00:00:00+00:00
[2026-01-21T13:34:54.775+0000] {processor.py:183} INFO - Processing /home/airflow/.local/lib/python3.8/site-packages/airflow/example_dags/example_dynamic_task_mapping_with_no_taskflow_operators.py took 0.102 seconds
[2026-01-21T13:35:25.119+0000] {processor.py:161} INFO - Started process (PID=33470) to work on /home/airflow/.local/lib/python3.8/site-packages/airflow/example_dags/example_dynamic_task_mapping_with_no_taskflow_operators.py
[2026-01-21T13:35:25.120+0000] {processor.py:830} INFO - Processing file /home/airflow/.local/lib/python3.8/site-packages/airflow/example_dags/example_dynamic_task_mapping_with_no_taskflow_operators.py for tasks to queue
[2026-01-21T13:35:25.122+0000] {logging_mixin.py:188} INFO - [2026-01-21T13:35:25.122+0000] {dagbag.py:538} INFO - Filling up the DagBag from /home/airflow/.local/lib/python3.8/site-packages/airflow/example_dags/example_dynamic_task_mapping_with_no_taskflow_operators.py
[2026-01-21T13:35:25.131+0000] {processor.py:840} INFO - DAG(s) 'example_dynamic_task_mapping_with_no_taskflow_operators' retrieved from /home/airflow/.local/lib/python3.8/site-packages/airflow/example_dags/example_dynamic_task_mapping_with_no_taskflow_operators.py
[2026-01-21T13:35:25.163+0000] {logging_mixin.py:188} INFO - [2026-01-21T13:35:25.163+0000] {dag.py:3036} INFO - Sync 1 DAGs
[2026-01-21T13:35:25.196+0000] {logging_mixin.py:188} INFO - [2026-01-21T13:35:25.196+0000] {dag.py:3823} INFO - Setting next_dagrun for example_dynamic_task_mapping_with_no_taskflow_operators to 2026-01-20 00:00:00+00:00, run_after=2026-01-21 00:00:00+00:00
[2026-01-21T13:35:25.222+0000] {processor.py:183} INFO - Processing /home/airflow/.local/lib/python3.8/site-packages/airflow/example_dags/example_dynamic_task_mapping_with_no_taskflow_operators.py took 0.109 seconds
[2026-01-21T13:35:55.588+0000] {processor.py:161} INFO - Started process (PID=33544) to work on /home/airflow/.local/lib/python3.8/site-packages/airflow/example_dags/example_dynamic_task_mapping_with_no_taskflow_operators.py
[2026-01-21T13:35:55.590+0000] {processor.py:830} INFO - Processing file /home/airflow/.local/lib/python3.8/site-packages/airflow/example_dags/example_dynamic_task_mapping_with_no_taskflow_operators.py for tasks to queue
[2026-01-21T13:35:55.592+0000] {logging_mixin.py:188} INFO - [2026-01-21T13:35:55.592+0000] {dagbag.py:538} INFO - Filling up the DagBag from /home/airflow/.local/lib/python3.8/site-packages/airflow/example_dags/example_dynamic_task_mapping_with_no_taskflow_operators.py
[2026-01-21T13:35:55.601+0000] {processor.py:840} INFO - DAG(s) 'example_dynamic_task_mapping_with_no_taskflow_operators' retrieved from /home/airflow/.local/lib/python3.8/site-packages/airflow/example_dags/example_dynamic_task_mapping_with_no_taskflow_operators.py
[2026-01-21T13:35:55.627+0000] {logging_mixin.py:188} INFO - [2026-01-21T13:35:55.627+0000] {dag.py:3036} INFO - Sync 1 DAGs
[2026-01-21T13:35:55.658+0000] {logging_mixin.py:188} INFO - [2026-01-21T13:35:55.658+0000] {dag.py:3823} INFO - Setting next_dagrun for example_dynamic_task_mapping_with_no_taskflow_operators to 2026-01-20 00:00:00+00:00, run_after=2026-01-21 00:00:00+00:00
[2026-01-21T13:35:55.682+0000] {processor.py:183} INFO - Processing /home/airflow/.local/lib/python3.8/site-packages/airflow/example_dags/example_dynamic_task_mapping_with_no_taskflow_operators.py took 0.099 seconds
