[2026-01-21T08:55:13.779+0000] {processor.py:161} INFO - Started process (PID=73) to work on /home/airflow/.local/lib/python3.8/site-packages/airflow/example_dags/example_local_kubernetes_executor.py
[2026-01-21T08:55:13.781+0000] {processor.py:830} INFO - Processing file /home/airflow/.local/lib/python3.8/site-packages/airflow/example_dags/example_local_kubernetes_executor.py for tasks to queue
[2026-01-21T08:55:13.784+0000] {logging_mixin.py:188} INFO - [2026-01-21T08:55:13.783+0000] {dagbag.py:538} INFO - Filling up the DagBag from /home/airflow/.local/lib/python3.8/site-packages/airflow/example_dags/example_local_kubernetes_executor.py
[2026-01-21T08:55:13.798+0000] {processor.py:840} INFO - DAG(s) 'example_local_kubernetes_executor' retrieved from /home/airflow/.local/lib/python3.8/site-packages/airflow/example_dags/example_local_kubernetes_executor.py
[2026-01-21T08:55:14.194+0000] {logging_mixin.py:188} INFO - [2026-01-21T08:55:14.193+0000] {dag.py:3036} INFO - Sync 1 DAGs
[2026-01-21T08:55:14.220+0000] {logging_mixin.py:188} INFO - [2026-01-21T08:55:14.219+0000] {dag.py:3823} INFO - Setting next_dagrun for example_local_kubernetes_executor to None, run_after=None
[2026-01-21T08:55:14.303+0000] {processor.py:183} INFO - Processing /home/airflow/.local/lib/python3.8/site-packages/airflow/example_dags/example_local_kubernetes_executor.py took 0.530 seconds
[2026-01-21T08:55:44.841+0000] {processor.py:161} INFO - Started process (PID=138) to work on /home/airflow/.local/lib/python3.8/site-packages/airflow/example_dags/example_local_kubernetes_executor.py
[2026-01-21T08:55:44.842+0000] {processor.py:830} INFO - Processing file /home/airflow/.local/lib/python3.8/site-packages/airflow/example_dags/example_local_kubernetes_executor.py for tasks to queue
[2026-01-21T08:55:44.844+0000] {logging_mixin.py:188} INFO - [2026-01-21T08:55:44.844+0000] {dagbag.py:538} INFO - Filling up the DagBag from /home/airflow/.local/lib/python3.8/site-packages/airflow/example_dags/example_local_kubernetes_executor.py
[2026-01-21T08:55:44.855+0000] {processor.py:840} INFO - DAG(s) 'example_local_kubernetes_executor' retrieved from /home/airflow/.local/lib/python3.8/site-packages/airflow/example_dags/example_local_kubernetes_executor.py
[2026-01-21T08:55:44.914+0000] {logging_mixin.py:188} INFO - [2026-01-21T08:55:44.913+0000] {dag.py:3036} INFO - Sync 1 DAGs
[2026-01-21T08:55:44.936+0000] {logging_mixin.py:188} INFO - [2026-01-21T08:55:44.936+0000] {dag.py:3823} INFO - Setting next_dagrun for example_local_kubernetes_executor to None, run_after=None
[2026-01-21T08:55:44.962+0000] {processor.py:183} INFO - Processing /home/airflow/.local/lib/python3.8/site-packages/airflow/example_dags/example_local_kubernetes_executor.py took 0.125 seconds
[2026-01-21T08:56:15.302+0000] {processor.py:161} INFO - Started process (PID=203) to work on /home/airflow/.local/lib/python3.8/site-packages/airflow/example_dags/example_local_kubernetes_executor.py
[2026-01-21T08:56:15.304+0000] {processor.py:830} INFO - Processing file /home/airflow/.local/lib/python3.8/site-packages/airflow/example_dags/example_local_kubernetes_executor.py for tasks to queue
[2026-01-21T08:56:15.306+0000] {logging_mixin.py:188} INFO - [2026-01-21T08:56:15.306+0000] {dagbag.py:538} INFO - Filling up the DagBag from /home/airflow/.local/lib/python3.8/site-packages/airflow/example_dags/example_local_kubernetes_executor.py
[2026-01-21T08:56:15.316+0000] {processor.py:840} INFO - DAG(s) 'example_local_kubernetes_executor' retrieved from /home/airflow/.local/lib/python3.8/site-packages/airflow/example_dags/example_local_kubernetes_executor.py
[2026-01-21T08:56:15.372+0000] {logging_mixin.py:188} INFO - [2026-01-21T08:56:15.372+0000] {dag.py:3036} INFO - Sync 1 DAGs
[2026-01-21T08:56:15.394+0000] {logging_mixin.py:188} INFO - [2026-01-21T08:56:15.394+0000] {dag.py:3823} INFO - Setting next_dagrun for example_local_kubernetes_executor to None, run_after=None
[2026-01-21T08:56:15.422+0000] {processor.py:183} INFO - Processing /home/airflow/.local/lib/python3.8/site-packages/airflow/example_dags/example_local_kubernetes_executor.py took 0.125 seconds
[2026-01-21T08:56:45.632+0000] {processor.py:161} INFO - Started process (PID=268) to work on /home/airflow/.local/lib/python3.8/site-packages/airflow/example_dags/example_local_kubernetes_executor.py
[2026-01-21T08:56:45.634+0000] {processor.py:830} INFO - Processing file /home/airflow/.local/lib/python3.8/site-packages/airflow/example_dags/example_local_kubernetes_executor.py for tasks to queue
[2026-01-21T08:56:45.636+0000] {logging_mixin.py:188} INFO - [2026-01-21T08:56:45.636+0000] {dagbag.py:538} INFO - Filling up the DagBag from /home/airflow/.local/lib/python3.8/site-packages/airflow/example_dags/example_local_kubernetes_executor.py
[2026-01-21T08:56:45.646+0000] {processor.py:840} INFO - DAG(s) 'example_local_kubernetes_executor' retrieved from /home/airflow/.local/lib/python3.8/site-packages/airflow/example_dags/example_local_kubernetes_executor.py
[2026-01-21T08:56:45.695+0000] {logging_mixin.py:188} INFO - [2026-01-21T08:56:45.694+0000] {dag.py:3036} INFO - Sync 1 DAGs
[2026-01-21T08:56:45.712+0000] {logging_mixin.py:188} INFO - [2026-01-21T08:56:45.711+0000] {dag.py:3823} INFO - Setting next_dagrun for example_local_kubernetes_executor to None, run_after=None
[2026-01-21T08:56:45.737+0000] {processor.py:183} INFO - Processing /home/airflow/.local/lib/python3.8/site-packages/airflow/example_dags/example_local_kubernetes_executor.py took 0.110 seconds
[2026-01-21T08:57:15.924+0000] {processor.py:161} INFO - Started process (PID=335) to work on /home/airflow/.local/lib/python3.8/site-packages/airflow/example_dags/example_local_kubernetes_executor.py
[2026-01-21T08:57:15.925+0000] {processor.py:830} INFO - Processing file /home/airflow/.local/lib/python3.8/site-packages/airflow/example_dags/example_local_kubernetes_executor.py for tasks to queue
[2026-01-21T08:57:15.927+0000] {logging_mixin.py:188} INFO - [2026-01-21T08:57:15.927+0000] {dagbag.py:538} INFO - Filling up the DagBag from /home/airflow/.local/lib/python3.8/site-packages/airflow/example_dags/example_local_kubernetes_executor.py
[2026-01-21T08:57:15.937+0000] {processor.py:840} INFO - DAG(s) 'example_local_kubernetes_executor' retrieved from /home/airflow/.local/lib/python3.8/site-packages/airflow/example_dags/example_local_kubernetes_executor.py
[2026-01-21T08:57:15.987+0000] {logging_mixin.py:188} INFO - [2026-01-21T08:57:15.986+0000] {dag.py:3036} INFO - Sync 1 DAGs
[2026-01-21T08:57:16.006+0000] {logging_mixin.py:188} INFO - [2026-01-21T08:57:16.006+0000] {dag.py:3823} INFO - Setting next_dagrun for example_local_kubernetes_executor to None, run_after=None
[2026-01-21T08:57:16.033+0000] {processor.py:183} INFO - Processing /home/airflow/.local/lib/python3.8/site-packages/airflow/example_dags/example_local_kubernetes_executor.py took 0.114 seconds
[2026-01-21T08:57:46.312+0000] {processor.py:161} INFO - Started process (PID=399) to work on /home/airflow/.local/lib/python3.8/site-packages/airflow/example_dags/example_local_kubernetes_executor.py
[2026-01-21T08:57:46.314+0000] {processor.py:830} INFO - Processing file /home/airflow/.local/lib/python3.8/site-packages/airflow/example_dags/example_local_kubernetes_executor.py for tasks to queue
[2026-01-21T08:57:46.317+0000] {logging_mixin.py:188} INFO - [2026-01-21T08:57:46.316+0000] {dagbag.py:538} INFO - Filling up the DagBag from /home/airflow/.local/lib/python3.8/site-packages/airflow/example_dags/example_local_kubernetes_executor.py
[2026-01-21T08:57:46.329+0000] {processor.py:840} INFO - DAG(s) 'example_local_kubernetes_executor' retrieved from /home/airflow/.local/lib/python3.8/site-packages/airflow/example_dags/example_local_kubernetes_executor.py
[2026-01-21T08:57:46.389+0000] {logging_mixin.py:188} INFO - [2026-01-21T08:57:46.389+0000] {dag.py:3036} INFO - Sync 1 DAGs
[2026-01-21T08:57:46.408+0000] {logging_mixin.py:188} INFO - [2026-01-21T08:57:46.408+0000] {dag.py:3823} INFO - Setting next_dagrun for example_local_kubernetes_executor to None, run_after=None
[2026-01-21T08:57:46.438+0000] {processor.py:183} INFO - Processing /home/airflow/.local/lib/python3.8/site-packages/airflow/example_dags/example_local_kubernetes_executor.py took 0.132 seconds
[2026-01-21T08:58:17.204+0000] {processor.py:161} INFO - Started process (PID=471) to work on /home/airflow/.local/lib/python3.8/site-packages/airflow/example_dags/example_local_kubernetes_executor.py
[2026-01-21T08:58:17.205+0000] {processor.py:830} INFO - Processing file /home/airflow/.local/lib/python3.8/site-packages/airflow/example_dags/example_local_kubernetes_executor.py for tasks to queue
[2026-01-21T08:58:17.208+0000] {logging_mixin.py:188} INFO - [2026-01-21T08:58:17.208+0000] {dagbag.py:538} INFO - Filling up the DagBag from /home/airflow/.local/lib/python3.8/site-packages/airflow/example_dags/example_local_kubernetes_executor.py
[2026-01-21T08:58:17.228+0000] {processor.py:840} INFO - DAG(s) 'example_local_kubernetes_executor' retrieved from /home/airflow/.local/lib/python3.8/site-packages/airflow/example_dags/example_local_kubernetes_executor.py
[2026-01-21T08:58:17.279+0000] {logging_mixin.py:188} INFO - [2026-01-21T08:58:17.278+0000] {dag.py:3036} INFO - Sync 1 DAGs
[2026-01-21T08:58:17.296+0000] {logging_mixin.py:188} INFO - [2026-01-21T08:58:17.296+0000] {dag.py:3823} INFO - Setting next_dagrun for example_local_kubernetes_executor to None, run_after=None
[2026-01-21T08:58:17.325+0000] {processor.py:183} INFO - Processing /home/airflow/.local/lib/python3.8/site-packages/airflow/example_dags/example_local_kubernetes_executor.py took 0.126 seconds
[2026-01-21T08:58:47.376+0000] {processor.py:161} INFO - Started process (PID=535) to work on /home/airflow/.local/lib/python3.8/site-packages/airflow/example_dags/example_local_kubernetes_executor.py
[2026-01-21T08:58:47.378+0000] {processor.py:830} INFO - Processing file /home/airflow/.local/lib/python3.8/site-packages/airflow/example_dags/example_local_kubernetes_executor.py for tasks to queue
[2026-01-21T08:58:47.381+0000] {logging_mixin.py:188} INFO - [2026-01-21T08:58:47.380+0000] {dagbag.py:538} INFO - Filling up the DagBag from /home/airflow/.local/lib/python3.8/site-packages/airflow/example_dags/example_local_kubernetes_executor.py
[2026-01-21T08:58:47.392+0000] {processor.py:840} INFO - DAG(s) 'example_local_kubernetes_executor' retrieved from /home/airflow/.local/lib/python3.8/site-packages/airflow/example_dags/example_local_kubernetes_executor.py
[2026-01-21T08:58:47.443+0000] {logging_mixin.py:188} INFO - [2026-01-21T08:58:47.443+0000] {dag.py:3036} INFO - Sync 1 DAGs
[2026-01-21T08:58:47.464+0000] {logging_mixin.py:188} INFO - [2026-01-21T08:58:47.463+0000] {dag.py:3823} INFO - Setting next_dagrun for example_local_kubernetes_executor to None, run_after=None
[2026-01-21T08:58:47.499+0000] {processor.py:183} INFO - Processing /home/airflow/.local/lib/python3.8/site-packages/airflow/example_dags/example_local_kubernetes_executor.py took 0.128 seconds
[2026-01-21T08:59:18.425+0000] {processor.py:161} INFO - Started process (PID=601) to work on /home/airflow/.local/lib/python3.8/site-packages/airflow/example_dags/example_local_kubernetes_executor.py
[2026-01-21T08:59:18.427+0000] {processor.py:830} INFO - Processing file /home/airflow/.local/lib/python3.8/site-packages/airflow/example_dags/example_local_kubernetes_executor.py for tasks to queue
[2026-01-21T08:59:18.429+0000] {logging_mixin.py:188} INFO - [2026-01-21T08:59:18.429+0000] {dagbag.py:538} INFO - Filling up the DagBag from /home/airflow/.local/lib/python3.8/site-packages/airflow/example_dags/example_local_kubernetes_executor.py
[2026-01-21T08:59:18.440+0000] {processor.py:840} INFO - DAG(s) 'example_local_kubernetes_executor' retrieved from /home/airflow/.local/lib/python3.8/site-packages/airflow/example_dags/example_local_kubernetes_executor.py
[2026-01-21T08:59:18.490+0000] {logging_mixin.py:188} INFO - [2026-01-21T08:59:18.490+0000] {dag.py:3036} INFO - Sync 1 DAGs
[2026-01-21T08:59:18.510+0000] {logging_mixin.py:188} INFO - [2026-01-21T08:59:18.510+0000] {dag.py:3823} INFO - Setting next_dagrun for example_local_kubernetes_executor to None, run_after=None
[2026-01-21T08:59:18.536+0000] {processor.py:183} INFO - Processing /home/airflow/.local/lib/python3.8/site-packages/airflow/example_dags/example_local_kubernetes_executor.py took 0.116 seconds
[2026-01-21T08:59:48.691+0000] {processor.py:161} INFO - Started process (PID=665) to work on /home/airflow/.local/lib/python3.8/site-packages/airflow/example_dags/example_local_kubernetes_executor.py
[2026-01-21T08:59:48.694+0000] {processor.py:830} INFO - Processing file /home/airflow/.local/lib/python3.8/site-packages/airflow/example_dags/example_local_kubernetes_executor.py for tasks to queue
[2026-01-21T08:59:48.701+0000] {logging_mixin.py:188} INFO - [2026-01-21T08:59:48.701+0000] {dagbag.py:538} INFO - Filling up the DagBag from /home/airflow/.local/lib/python3.8/site-packages/airflow/example_dags/example_local_kubernetes_executor.py
[2026-01-21T08:59:48.712+0000] {processor.py:840} INFO - DAG(s) 'example_local_kubernetes_executor' retrieved from /home/airflow/.local/lib/python3.8/site-packages/airflow/example_dags/example_local_kubernetes_executor.py
[2026-01-21T08:59:48.763+0000] {logging_mixin.py:188} INFO - [2026-01-21T08:59:48.763+0000] {dag.py:3036} INFO - Sync 1 DAGs
[2026-01-21T08:59:48.781+0000] {logging_mixin.py:188} INFO - [2026-01-21T08:59:48.781+0000] {dag.py:3823} INFO - Setting next_dagrun for example_local_kubernetes_executor to None, run_after=None
[2026-01-21T08:59:48.806+0000] {processor.py:183} INFO - Processing /home/airflow/.local/lib/python3.8/site-packages/airflow/example_dags/example_local_kubernetes_executor.py took 0.132 seconds
[2026-01-21T09:00:19.064+0000] {processor.py:161} INFO - Started process (PID=730) to work on /home/airflow/.local/lib/python3.8/site-packages/airflow/example_dags/example_local_kubernetes_executor.py
[2026-01-21T09:00:19.065+0000] {processor.py:830} INFO - Processing file /home/airflow/.local/lib/python3.8/site-packages/airflow/example_dags/example_local_kubernetes_executor.py for tasks to queue
[2026-01-21T09:00:19.067+0000] {logging_mixin.py:188} INFO - [2026-01-21T09:00:19.067+0000] {dagbag.py:538} INFO - Filling up the DagBag from /home/airflow/.local/lib/python3.8/site-packages/airflow/example_dags/example_local_kubernetes_executor.py
[2026-01-21T09:00:19.078+0000] {processor.py:840} INFO - DAG(s) 'example_local_kubernetes_executor' retrieved from /home/airflow/.local/lib/python3.8/site-packages/airflow/example_dags/example_local_kubernetes_executor.py
[2026-01-21T09:00:19.144+0000] {logging_mixin.py:188} INFO - [2026-01-21T09:00:19.144+0000] {dag.py:3036} INFO - Sync 1 DAGs
[2026-01-21T09:00:19.176+0000] {logging_mixin.py:188} INFO - [2026-01-21T09:00:19.175+0000] {dag.py:3823} INFO - Setting next_dagrun for example_local_kubernetes_executor to None, run_after=None
[2026-01-21T09:00:19.220+0000] {processor.py:183} INFO - Processing /home/airflow/.local/lib/python3.8/site-packages/airflow/example_dags/example_local_kubernetes_executor.py took 0.161 seconds
[2026-01-21T09:00:49.646+0000] {processor.py:161} INFO - Started process (PID=794) to work on /home/airflow/.local/lib/python3.8/site-packages/airflow/example_dags/example_local_kubernetes_executor.py
[2026-01-21T09:00:49.648+0000] {processor.py:830} INFO - Processing file /home/airflow/.local/lib/python3.8/site-packages/airflow/example_dags/example_local_kubernetes_executor.py for tasks to queue
[2026-01-21T09:00:49.651+0000] {logging_mixin.py:188} INFO - [2026-01-21T09:00:49.650+0000] {dagbag.py:538} INFO - Filling up the DagBag from /home/airflow/.local/lib/python3.8/site-packages/airflow/example_dags/example_local_kubernetes_executor.py
[2026-01-21T09:00:49.663+0000] {processor.py:840} INFO - DAG(s) 'example_local_kubernetes_executor' retrieved from /home/airflow/.local/lib/python3.8/site-packages/airflow/example_dags/example_local_kubernetes_executor.py
[2026-01-21T09:00:49.721+0000] {logging_mixin.py:188} INFO - [2026-01-21T09:00:49.721+0000] {dag.py:3036} INFO - Sync 1 DAGs
[2026-01-21T09:00:49.740+0000] {logging_mixin.py:188} INFO - [2026-01-21T09:00:49.739+0000] {dag.py:3823} INFO - Setting next_dagrun for example_local_kubernetes_executor to None, run_after=None
[2026-01-21T09:00:49.765+0000] {processor.py:183} INFO - Processing /home/airflow/.local/lib/python3.8/site-packages/airflow/example_dags/example_local_kubernetes_executor.py took 0.124 seconds
[2026-01-21T09:01:20.174+0000] {processor.py:161} INFO - Started process (PID=867) to work on /home/airflow/.local/lib/python3.8/site-packages/airflow/example_dags/example_local_kubernetes_executor.py
[2026-01-21T09:01:20.176+0000] {processor.py:830} INFO - Processing file /home/airflow/.local/lib/python3.8/site-packages/airflow/example_dags/example_local_kubernetes_executor.py for tasks to queue
[2026-01-21T09:01:20.179+0000] {logging_mixin.py:188} INFO - [2026-01-21T09:01:20.178+0000] {dagbag.py:538} INFO - Filling up the DagBag from /home/airflow/.local/lib/python3.8/site-packages/airflow/example_dags/example_local_kubernetes_executor.py
[2026-01-21T09:01:20.191+0000] {processor.py:840} INFO - DAG(s) 'example_local_kubernetes_executor' retrieved from /home/airflow/.local/lib/python3.8/site-packages/airflow/example_dags/example_local_kubernetes_executor.py
[2026-01-21T09:01:20.251+0000] {logging_mixin.py:188} INFO - [2026-01-21T09:01:20.251+0000] {dag.py:3036} INFO - Sync 1 DAGs
[2026-01-21T09:01:20.274+0000] {logging_mixin.py:188} INFO - [2026-01-21T09:01:20.274+0000] {dag.py:3823} INFO - Setting next_dagrun for example_local_kubernetes_executor to None, run_after=None
[2026-01-21T09:01:20.302+0000] {processor.py:183} INFO - Processing /home/airflow/.local/lib/python3.8/site-packages/airflow/example_dags/example_local_kubernetes_executor.py took 0.134 seconds
[2026-01-21T09:01:50.658+0000] {processor.py:161} INFO - Started process (PID=932) to work on /home/airflow/.local/lib/python3.8/site-packages/airflow/example_dags/example_local_kubernetes_executor.py
[2026-01-21T09:01:50.660+0000] {processor.py:830} INFO - Processing file /home/airflow/.local/lib/python3.8/site-packages/airflow/example_dags/example_local_kubernetes_executor.py for tasks to queue
[2026-01-21T09:01:50.662+0000] {logging_mixin.py:188} INFO - [2026-01-21T09:01:50.662+0000] {dagbag.py:538} INFO - Filling up the DagBag from /home/airflow/.local/lib/python3.8/site-packages/airflow/example_dags/example_local_kubernetes_executor.py
[2026-01-21T09:01:50.672+0000] {processor.py:840} INFO - DAG(s) 'example_local_kubernetes_executor' retrieved from /home/airflow/.local/lib/python3.8/site-packages/airflow/example_dags/example_local_kubernetes_executor.py
[2026-01-21T09:01:50.723+0000] {logging_mixin.py:188} INFO - [2026-01-21T09:01:50.723+0000] {dag.py:3036} INFO - Sync 1 DAGs
[2026-01-21T09:01:50.741+0000] {logging_mixin.py:188} INFO - [2026-01-21T09:01:50.741+0000] {dag.py:3823} INFO - Setting next_dagrun for example_local_kubernetes_executor to None, run_after=None
[2026-01-21T09:01:50.776+0000] {processor.py:183} INFO - Processing /home/airflow/.local/lib/python3.8/site-packages/airflow/example_dags/example_local_kubernetes_executor.py took 0.122 seconds
[2026-01-21T09:02:21.260+0000] {processor.py:161} INFO - Started process (PID=997) to work on /home/airflow/.local/lib/python3.8/site-packages/airflow/example_dags/example_local_kubernetes_executor.py
[2026-01-21T09:02:21.262+0000] {processor.py:830} INFO - Processing file /home/airflow/.local/lib/python3.8/site-packages/airflow/example_dags/example_local_kubernetes_executor.py for tasks to queue
[2026-01-21T09:02:21.264+0000] {logging_mixin.py:188} INFO - [2026-01-21T09:02:21.264+0000] {dagbag.py:538} INFO - Filling up the DagBag from /home/airflow/.local/lib/python3.8/site-packages/airflow/example_dags/example_local_kubernetes_executor.py
[2026-01-21T09:02:21.277+0000] {processor.py:840} INFO - DAG(s) 'example_local_kubernetes_executor' retrieved from /home/airflow/.local/lib/python3.8/site-packages/airflow/example_dags/example_local_kubernetes_executor.py
[2026-01-21T09:02:21.326+0000] {logging_mixin.py:188} INFO - [2026-01-21T09:02:21.325+0000] {dag.py:3036} INFO - Sync 1 DAGs
[2026-01-21T09:02:21.343+0000] {logging_mixin.py:188} INFO - [2026-01-21T09:02:21.343+0000] {dag.py:3823} INFO - Setting next_dagrun for example_local_kubernetes_executor to None, run_after=None
[2026-01-21T09:02:21.368+0000] {processor.py:183} INFO - Processing /home/airflow/.local/lib/python3.8/site-packages/airflow/example_dags/example_local_kubernetes_executor.py took 0.113 seconds
[2026-01-21T09:02:51.701+0000] {processor.py:161} INFO - Started process (PID=1061) to work on /home/airflow/.local/lib/python3.8/site-packages/airflow/example_dags/example_local_kubernetes_executor.py
[2026-01-21T09:02:51.703+0000] {processor.py:830} INFO - Processing file /home/airflow/.local/lib/python3.8/site-packages/airflow/example_dags/example_local_kubernetes_executor.py for tasks to queue
[2026-01-21T09:02:51.705+0000] {logging_mixin.py:188} INFO - [2026-01-21T09:02:51.705+0000] {dagbag.py:538} INFO - Filling up the DagBag from /home/airflow/.local/lib/python3.8/site-packages/airflow/example_dags/example_local_kubernetes_executor.py
[2026-01-21T09:02:51.715+0000] {processor.py:840} INFO - DAG(s) 'example_local_kubernetes_executor' retrieved from /home/airflow/.local/lib/python3.8/site-packages/airflow/example_dags/example_local_kubernetes_executor.py
[2026-01-21T09:02:51.764+0000] {logging_mixin.py:188} INFO - [2026-01-21T09:02:51.764+0000] {dag.py:3036} INFO - Sync 1 DAGs
[2026-01-21T09:02:51.781+0000] {logging_mixin.py:188} INFO - [2026-01-21T09:02:51.781+0000] {dag.py:3823} INFO - Setting next_dagrun for example_local_kubernetes_executor to None, run_after=None
[2026-01-21T09:02:51.806+0000] {processor.py:183} INFO - Processing /home/airflow/.local/lib/python3.8/site-packages/airflow/example_dags/example_local_kubernetes_executor.py took 0.110 seconds
[2026-01-21T09:03:21.902+0000] {processor.py:161} INFO - Started process (PID=1125) to work on /home/airflow/.local/lib/python3.8/site-packages/airflow/example_dags/example_local_kubernetes_executor.py
[2026-01-21T09:03:21.903+0000] {processor.py:830} INFO - Processing file /home/airflow/.local/lib/python3.8/site-packages/airflow/example_dags/example_local_kubernetes_executor.py for tasks to queue
[2026-01-21T09:03:21.906+0000] {logging_mixin.py:188} INFO - [2026-01-21T09:03:21.905+0000] {dagbag.py:538} INFO - Filling up the DagBag from /home/airflow/.local/lib/python3.8/site-packages/airflow/example_dags/example_local_kubernetes_executor.py
[2026-01-21T09:03:21.916+0000] {processor.py:840} INFO - DAG(s) 'example_local_kubernetes_executor' retrieved from /home/airflow/.local/lib/python3.8/site-packages/airflow/example_dags/example_local_kubernetes_executor.py
[2026-01-21T09:03:21.966+0000] {logging_mixin.py:188} INFO - [2026-01-21T09:03:21.966+0000] {dag.py:3036} INFO - Sync 1 DAGs
[2026-01-21T09:03:21.992+0000] {logging_mixin.py:188} INFO - [2026-01-21T09:03:21.991+0000] {dag.py:3823} INFO - Setting next_dagrun for example_local_kubernetes_executor to None, run_after=None
[2026-01-21T09:03:22.019+0000] {processor.py:183} INFO - Processing /home/airflow/.local/lib/python3.8/site-packages/airflow/example_dags/example_local_kubernetes_executor.py took 0.122 seconds
[2026-01-21T09:03:52.345+0000] {processor.py:161} INFO - Started process (PID=1198) to work on /home/airflow/.local/lib/python3.8/site-packages/airflow/example_dags/example_local_kubernetes_executor.py
[2026-01-21T09:03:52.346+0000] {processor.py:830} INFO - Processing file /home/airflow/.local/lib/python3.8/site-packages/airflow/example_dags/example_local_kubernetes_executor.py for tasks to queue
[2026-01-21T09:03:52.349+0000] {logging_mixin.py:188} INFO - [2026-01-21T09:03:52.348+0000] {dagbag.py:538} INFO - Filling up the DagBag from /home/airflow/.local/lib/python3.8/site-packages/airflow/example_dags/example_local_kubernetes_executor.py
[2026-01-21T09:03:52.361+0000] {processor.py:840} INFO - DAG(s) 'example_local_kubernetes_executor' retrieved from /home/airflow/.local/lib/python3.8/site-packages/airflow/example_dags/example_local_kubernetes_executor.py
[2026-01-21T09:03:52.413+0000] {logging_mixin.py:188} INFO - [2026-01-21T09:03:52.413+0000] {dag.py:3036} INFO - Sync 1 DAGs
[2026-01-21T09:03:52.432+0000] {logging_mixin.py:188} INFO - [2026-01-21T09:03:52.431+0000] {dag.py:3823} INFO - Setting next_dagrun for example_local_kubernetes_executor to None, run_after=None
[2026-01-21T09:03:52.473+0000] {processor.py:183} INFO - Processing /home/airflow/.local/lib/python3.8/site-packages/airflow/example_dags/example_local_kubernetes_executor.py took 0.134 seconds
[2026-01-21T09:04:22.615+0000] {processor.py:161} INFO - Started process (PID=1263) to work on /home/airflow/.local/lib/python3.8/site-packages/airflow/example_dags/example_local_kubernetes_executor.py
[2026-01-21T09:04:22.617+0000] {processor.py:830} INFO - Processing file /home/airflow/.local/lib/python3.8/site-packages/airflow/example_dags/example_local_kubernetes_executor.py for tasks to queue
[2026-01-21T09:04:22.620+0000] {logging_mixin.py:188} INFO - [2026-01-21T09:04:22.619+0000] {dagbag.py:538} INFO - Filling up the DagBag from /home/airflow/.local/lib/python3.8/site-packages/airflow/example_dags/example_local_kubernetes_executor.py
[2026-01-21T09:04:22.632+0000] {processor.py:840} INFO - DAG(s) 'example_local_kubernetes_executor' retrieved from /home/airflow/.local/lib/python3.8/site-packages/airflow/example_dags/example_local_kubernetes_executor.py
[2026-01-21T09:04:22.716+0000] {logging_mixin.py:188} INFO - [2026-01-21T09:04:22.716+0000] {dag.py:3036} INFO - Sync 1 DAGs
[2026-01-21T09:04:22.743+0000] {logging_mixin.py:188} INFO - [2026-01-21T09:04:22.743+0000] {dag.py:3823} INFO - Setting next_dagrun for example_local_kubernetes_executor to None, run_after=None
[2026-01-21T09:04:22.774+0000] {processor.py:183} INFO - Processing /home/airflow/.local/lib/python3.8/site-packages/airflow/example_dags/example_local_kubernetes_executor.py took 0.165 seconds
[2026-01-21T09:04:53.447+0000] {processor.py:161} INFO - Started process (PID=1328) to work on /home/airflow/.local/lib/python3.8/site-packages/airflow/example_dags/example_local_kubernetes_executor.py
[2026-01-21T09:04:53.449+0000] {processor.py:830} INFO - Processing file /home/airflow/.local/lib/python3.8/site-packages/airflow/example_dags/example_local_kubernetes_executor.py for tasks to queue
[2026-01-21T09:04:53.451+0000] {logging_mixin.py:188} INFO - [2026-01-21T09:04:53.450+0000] {dagbag.py:538} INFO - Filling up the DagBag from /home/airflow/.local/lib/python3.8/site-packages/airflow/example_dags/example_local_kubernetes_executor.py
[2026-01-21T09:04:53.461+0000] {processor.py:840} INFO - DAG(s) 'example_local_kubernetes_executor' retrieved from /home/airflow/.local/lib/python3.8/site-packages/airflow/example_dags/example_local_kubernetes_executor.py
[2026-01-21T09:04:53.518+0000] {logging_mixin.py:188} INFO - [2026-01-21T09:04:53.517+0000] {dag.py:3036} INFO - Sync 1 DAGs
[2026-01-21T09:04:53.540+0000] {logging_mixin.py:188} INFO - [2026-01-21T09:04:53.539+0000] {dag.py:3823} INFO - Setting next_dagrun for example_local_kubernetes_executor to None, run_after=None
[2026-01-21T09:04:53.570+0000] {processor.py:183} INFO - Processing /home/airflow/.local/lib/python3.8/site-packages/airflow/example_dags/example_local_kubernetes_executor.py took 0.127 seconds
[2026-01-21T09:05:24.229+0000] {processor.py:161} INFO - Started process (PID=1392) to work on /home/airflow/.local/lib/python3.8/site-packages/airflow/example_dags/example_local_kubernetes_executor.py
[2026-01-21T09:05:24.231+0000] {processor.py:830} INFO - Processing file /home/airflow/.local/lib/python3.8/site-packages/airflow/example_dags/example_local_kubernetes_executor.py for tasks to queue
[2026-01-21T09:05:24.233+0000] {logging_mixin.py:188} INFO - [2026-01-21T09:05:24.233+0000] {dagbag.py:538} INFO - Filling up the DagBag from /home/airflow/.local/lib/python3.8/site-packages/airflow/example_dags/example_local_kubernetes_executor.py
[2026-01-21T09:05:24.243+0000] {processor.py:840} INFO - DAG(s) 'example_local_kubernetes_executor' retrieved from /home/airflow/.local/lib/python3.8/site-packages/airflow/example_dags/example_local_kubernetes_executor.py
[2026-01-21T09:05:24.295+0000] {logging_mixin.py:188} INFO - [2026-01-21T09:05:24.295+0000] {dag.py:3036} INFO - Sync 1 DAGs
[2026-01-21T09:05:24.314+0000] {logging_mixin.py:188} INFO - [2026-01-21T09:05:24.314+0000] {dag.py:3823} INFO - Setting next_dagrun for example_local_kubernetes_executor to None, run_after=None
[2026-01-21T09:05:24.341+0000] {processor.py:183} INFO - Processing /home/airflow/.local/lib/python3.8/site-packages/airflow/example_dags/example_local_kubernetes_executor.py took 0.116 seconds
[2026-01-21T09:05:54.729+0000] {processor.py:161} INFO - Started process (PID=1457) to work on /home/airflow/.local/lib/python3.8/site-packages/airflow/example_dags/example_local_kubernetes_executor.py
[2026-01-21T09:05:54.730+0000] {processor.py:830} INFO - Processing file /home/airflow/.local/lib/python3.8/site-packages/airflow/example_dags/example_local_kubernetes_executor.py for tasks to queue
[2026-01-21T09:05:54.733+0000] {logging_mixin.py:188} INFO - [2026-01-21T09:05:54.732+0000] {dagbag.py:538} INFO - Filling up the DagBag from /home/airflow/.local/lib/python3.8/site-packages/airflow/example_dags/example_local_kubernetes_executor.py
[2026-01-21T09:05:54.743+0000] {processor.py:840} INFO - DAG(s) 'example_local_kubernetes_executor' retrieved from /home/airflow/.local/lib/python3.8/site-packages/airflow/example_dags/example_local_kubernetes_executor.py
[2026-01-21T09:05:54.794+0000] {logging_mixin.py:188} INFO - [2026-01-21T09:05:54.794+0000] {dag.py:3036} INFO - Sync 1 DAGs
[2026-01-21T09:05:54.814+0000] {logging_mixin.py:188} INFO - [2026-01-21T09:05:54.813+0000] {dag.py:3823} INFO - Setting next_dagrun for example_local_kubernetes_executor to None, run_after=None
[2026-01-21T09:05:54.843+0000] {processor.py:183} INFO - Processing /home/airflow/.local/lib/python3.8/site-packages/airflow/example_dags/example_local_kubernetes_executor.py took 0.119 seconds
[2026-01-21T09:06:24.887+0000] {processor.py:161} INFO - Started process (PID=1520) to work on /home/airflow/.local/lib/python3.8/site-packages/airflow/example_dags/example_local_kubernetes_executor.py
[2026-01-21T09:06:24.889+0000] {processor.py:830} INFO - Processing file /home/airflow/.local/lib/python3.8/site-packages/airflow/example_dags/example_local_kubernetes_executor.py for tasks to queue
[2026-01-21T09:06:24.891+0000] {logging_mixin.py:188} INFO - [2026-01-21T09:06:24.891+0000] {dagbag.py:538} INFO - Filling up the DagBag from /home/airflow/.local/lib/python3.8/site-packages/airflow/example_dags/example_local_kubernetes_executor.py
[2026-01-21T09:06:24.901+0000] {processor.py:840} INFO - DAG(s) 'example_local_kubernetes_executor' retrieved from /home/airflow/.local/lib/python3.8/site-packages/airflow/example_dags/example_local_kubernetes_executor.py
[2026-01-21T09:06:24.949+0000] {logging_mixin.py:188} INFO - [2026-01-21T09:06:24.949+0000] {dag.py:3036} INFO - Sync 1 DAGs
[2026-01-21T09:06:24.966+0000] {logging_mixin.py:188} INFO - [2026-01-21T09:06:24.966+0000] {dag.py:3823} INFO - Setting next_dagrun for example_local_kubernetes_executor to None, run_after=None
[2026-01-21T09:06:24.990+0000] {processor.py:183} INFO - Processing /home/airflow/.local/lib/python3.8/site-packages/airflow/example_dags/example_local_kubernetes_executor.py took 0.107 seconds
[2026-01-21T09:06:55.091+0000] {processor.py:161} INFO - Started process (PID=1584) to work on /home/airflow/.local/lib/python3.8/site-packages/airflow/example_dags/example_local_kubernetes_executor.py
[2026-01-21T09:06:55.093+0000] {processor.py:830} INFO - Processing file /home/airflow/.local/lib/python3.8/site-packages/airflow/example_dags/example_local_kubernetes_executor.py for tasks to queue
[2026-01-21T09:06:55.095+0000] {logging_mixin.py:188} INFO - [2026-01-21T09:06:55.095+0000] {dagbag.py:538} INFO - Filling up the DagBag from /home/airflow/.local/lib/python3.8/site-packages/airflow/example_dags/example_local_kubernetes_executor.py
[2026-01-21T09:06:55.105+0000] {processor.py:840} INFO - DAG(s) 'example_local_kubernetes_executor' retrieved from /home/airflow/.local/lib/python3.8/site-packages/airflow/example_dags/example_local_kubernetes_executor.py
[2026-01-21T09:06:55.153+0000] {logging_mixin.py:188} INFO - [2026-01-21T09:06:55.153+0000] {dag.py:3036} INFO - Sync 1 DAGs
[2026-01-21T09:06:55.170+0000] {logging_mixin.py:188} INFO - [2026-01-21T09:06:55.170+0000] {dag.py:3823} INFO - Setting next_dagrun for example_local_kubernetes_executor to None, run_after=None
[2026-01-21T09:06:55.196+0000] {processor.py:183} INFO - Processing /home/airflow/.local/lib/python3.8/site-packages/airflow/example_dags/example_local_kubernetes_executor.py took 0.109 seconds
[2026-01-21T09:07:25.665+0000] {processor.py:161} INFO - Started process (PID=1659) to work on /home/airflow/.local/lib/python3.8/site-packages/airflow/example_dags/example_local_kubernetes_executor.py
[2026-01-21T09:07:25.666+0000] {processor.py:830} INFO - Processing file /home/airflow/.local/lib/python3.8/site-packages/airflow/example_dags/example_local_kubernetes_executor.py for tasks to queue
[2026-01-21T09:07:25.669+0000] {logging_mixin.py:188} INFO - [2026-01-21T09:07:25.669+0000] {dagbag.py:538} INFO - Filling up the DagBag from /home/airflow/.local/lib/python3.8/site-packages/airflow/example_dags/example_local_kubernetes_executor.py
[2026-01-21T09:07:25.682+0000] {processor.py:840} INFO - DAG(s) 'example_local_kubernetes_executor' retrieved from /home/airflow/.local/lib/python3.8/site-packages/airflow/example_dags/example_local_kubernetes_executor.py
[2026-01-21T09:07:25.751+0000] {logging_mixin.py:188} INFO - [2026-01-21T09:07:25.751+0000] {dag.py:3036} INFO - Sync 1 DAGs
[2026-01-21T09:07:25.780+0000] {logging_mixin.py:188} INFO - [2026-01-21T09:07:25.780+0000] {dag.py:3823} INFO - Setting next_dagrun for example_local_kubernetes_executor to None, run_after=None
[2026-01-21T09:07:25.826+0000] {processor.py:183} INFO - Processing /home/airflow/.local/lib/python3.8/site-packages/airflow/example_dags/example_local_kubernetes_executor.py took 0.167 seconds
[2026-01-21T09:07:56.177+0000] {processor.py:161} INFO - Started process (PID=1724) to work on /home/airflow/.local/lib/python3.8/site-packages/airflow/example_dags/example_local_kubernetes_executor.py
[2026-01-21T09:07:56.179+0000] {processor.py:830} INFO - Processing file /home/airflow/.local/lib/python3.8/site-packages/airflow/example_dags/example_local_kubernetes_executor.py for tasks to queue
[2026-01-21T09:07:56.182+0000] {logging_mixin.py:188} INFO - [2026-01-21T09:07:56.182+0000] {dagbag.py:538} INFO - Filling up the DagBag from /home/airflow/.local/lib/python3.8/site-packages/airflow/example_dags/example_local_kubernetes_executor.py
[2026-01-21T09:07:56.194+0000] {processor.py:840} INFO - DAG(s) 'example_local_kubernetes_executor' retrieved from /home/airflow/.local/lib/python3.8/site-packages/airflow/example_dags/example_local_kubernetes_executor.py
[2026-01-21T09:07:56.294+0000] {logging_mixin.py:188} INFO - [2026-01-21T09:07:56.294+0000] {dag.py:3036} INFO - Sync 1 DAGs
[2026-01-21T09:07:56.320+0000] {logging_mixin.py:188} INFO - [2026-01-21T09:07:56.319+0000] {dag.py:3823} INFO - Setting next_dagrun for example_local_kubernetes_executor to None, run_after=None
[2026-01-21T09:07:56.352+0000] {processor.py:183} INFO - Processing /home/airflow/.local/lib/python3.8/site-packages/airflow/example_dags/example_local_kubernetes_executor.py took 0.180 seconds
[2026-01-21T09:08:26.454+0000] {processor.py:161} INFO - Started process (PID=1789) to work on /home/airflow/.local/lib/python3.8/site-packages/airflow/example_dags/example_local_kubernetes_executor.py
[2026-01-21T09:08:26.455+0000] {processor.py:830} INFO - Processing file /home/airflow/.local/lib/python3.8/site-packages/airflow/example_dags/example_local_kubernetes_executor.py for tasks to queue
[2026-01-21T09:08:26.457+0000] {logging_mixin.py:188} INFO - [2026-01-21T09:08:26.457+0000] {dagbag.py:538} INFO - Filling up the DagBag from /home/airflow/.local/lib/python3.8/site-packages/airflow/example_dags/example_local_kubernetes_executor.py
[2026-01-21T09:08:26.467+0000] {processor.py:840} INFO - DAG(s) 'example_local_kubernetes_executor' retrieved from /home/airflow/.local/lib/python3.8/site-packages/airflow/example_dags/example_local_kubernetes_executor.py
[2026-01-21T09:08:26.520+0000] {logging_mixin.py:188} INFO - [2026-01-21T09:08:26.519+0000] {dag.py:3036} INFO - Sync 1 DAGs
[2026-01-21T09:08:26.538+0000] {logging_mixin.py:188} INFO - [2026-01-21T09:08:26.538+0000] {dag.py:3823} INFO - Setting next_dagrun for example_local_kubernetes_executor to None, run_after=None
[2026-01-21T09:08:26.567+0000] {processor.py:183} INFO - Processing /home/airflow/.local/lib/python3.8/site-packages/airflow/example_dags/example_local_kubernetes_executor.py took 0.118 seconds
[2026-01-21T09:08:56.642+0000] {processor.py:161} INFO - Started process (PID=1854) to work on /home/airflow/.local/lib/python3.8/site-packages/airflow/example_dags/example_local_kubernetes_executor.py
[2026-01-21T09:08:56.643+0000] {processor.py:830} INFO - Processing file /home/airflow/.local/lib/python3.8/site-packages/airflow/example_dags/example_local_kubernetes_executor.py for tasks to queue
[2026-01-21T09:08:56.646+0000] {logging_mixin.py:188} INFO - [2026-01-21T09:08:56.645+0000] {dagbag.py:538} INFO - Filling up the DagBag from /home/airflow/.local/lib/python3.8/site-packages/airflow/example_dags/example_local_kubernetes_executor.py
[2026-01-21T09:08:56.656+0000] {processor.py:840} INFO - DAG(s) 'example_local_kubernetes_executor' retrieved from /home/airflow/.local/lib/python3.8/site-packages/airflow/example_dags/example_local_kubernetes_executor.py
[2026-01-21T09:08:56.704+0000] {logging_mixin.py:188} INFO - [2026-01-21T09:08:56.704+0000] {dag.py:3036} INFO - Sync 1 DAGs
[2026-01-21T09:08:56.721+0000] {logging_mixin.py:188} INFO - [2026-01-21T09:08:56.721+0000] {dag.py:3823} INFO - Setting next_dagrun for example_local_kubernetes_executor to None, run_after=None
[2026-01-21T09:08:56.745+0000] {processor.py:183} INFO - Processing /home/airflow/.local/lib/python3.8/site-packages/airflow/example_dags/example_local_kubernetes_executor.py took 0.108 seconds
[2026-01-21T09:09:26.835+0000] {processor.py:161} INFO - Started process (PID=1919) to work on /home/airflow/.local/lib/python3.8/site-packages/airflow/example_dags/example_local_kubernetes_executor.py
[2026-01-21T09:09:26.836+0000] {processor.py:830} INFO - Processing file /home/airflow/.local/lib/python3.8/site-packages/airflow/example_dags/example_local_kubernetes_executor.py for tasks to queue
[2026-01-21T09:09:26.838+0000] {logging_mixin.py:188} INFO - [2026-01-21T09:09:26.838+0000] {dagbag.py:538} INFO - Filling up the DagBag from /home/airflow/.local/lib/python3.8/site-packages/airflow/example_dags/example_local_kubernetes_executor.py
[2026-01-21T09:09:26.849+0000] {processor.py:840} INFO - DAG(s) 'example_local_kubernetes_executor' retrieved from /home/airflow/.local/lib/python3.8/site-packages/airflow/example_dags/example_local_kubernetes_executor.py
[2026-01-21T09:09:26.897+0000] {logging_mixin.py:188} INFO - [2026-01-21T09:09:26.896+0000] {dag.py:3036} INFO - Sync 1 DAGs
[2026-01-21T09:09:26.914+0000] {logging_mixin.py:188} INFO - [2026-01-21T09:09:26.914+0000] {dag.py:3823} INFO - Setting next_dagrun for example_local_kubernetes_executor to None, run_after=None
[2026-01-21T09:09:26.938+0000] {processor.py:183} INFO - Processing /home/airflow/.local/lib/python3.8/site-packages/airflow/example_dags/example_local_kubernetes_executor.py took 0.108 seconds
[2026-01-21T09:09:57.683+0000] {processor.py:161} INFO - Started process (PID=1983) to work on /home/airflow/.local/lib/python3.8/site-packages/airflow/example_dags/example_local_kubernetes_executor.py
[2026-01-21T09:09:57.685+0000] {processor.py:830} INFO - Processing file /home/airflow/.local/lib/python3.8/site-packages/airflow/example_dags/example_local_kubernetes_executor.py for tasks to queue
[2026-01-21T09:09:57.688+0000] {logging_mixin.py:188} INFO - [2026-01-21T09:09:57.687+0000] {dagbag.py:538} INFO - Filling up the DagBag from /home/airflow/.local/lib/python3.8/site-packages/airflow/example_dags/example_local_kubernetes_executor.py
[2026-01-21T09:09:57.700+0000] {processor.py:840} INFO - DAG(s) 'example_local_kubernetes_executor' retrieved from /home/airflow/.local/lib/python3.8/site-packages/airflow/example_dags/example_local_kubernetes_executor.py
[2026-01-21T09:09:57.763+0000] {logging_mixin.py:188} INFO - [2026-01-21T09:09:57.762+0000] {dag.py:3036} INFO - Sync 1 DAGs
[2026-01-21T09:09:57.786+0000] {logging_mixin.py:188} INFO - [2026-01-21T09:09:57.786+0000] {dag.py:3823} INFO - Setting next_dagrun for example_local_kubernetes_executor to None, run_after=None
[2026-01-21T09:09:57.818+0000] {processor.py:183} INFO - Processing /home/airflow/.local/lib/python3.8/site-packages/airflow/example_dags/example_local_kubernetes_executor.py took 0.140 seconds
[2026-01-21T09:10:28.103+0000] {processor.py:161} INFO - Started process (PID=2056) to work on /home/airflow/.local/lib/python3.8/site-packages/airflow/example_dags/example_local_kubernetes_executor.py
[2026-01-21T09:10:28.104+0000] {processor.py:830} INFO - Processing file /home/airflow/.local/lib/python3.8/site-packages/airflow/example_dags/example_local_kubernetes_executor.py for tasks to queue
[2026-01-21T09:10:28.107+0000] {logging_mixin.py:188} INFO - [2026-01-21T09:10:28.106+0000] {dagbag.py:538} INFO - Filling up the DagBag from /home/airflow/.local/lib/python3.8/site-packages/airflow/example_dags/example_local_kubernetes_executor.py
[2026-01-21T09:10:28.120+0000] {processor.py:840} INFO - DAG(s) 'example_local_kubernetes_executor' retrieved from /home/airflow/.local/lib/python3.8/site-packages/airflow/example_dags/example_local_kubernetes_executor.py
[2026-01-21T09:10:28.174+0000] {logging_mixin.py:188} INFO - [2026-01-21T09:10:28.174+0000] {dag.py:3036} INFO - Sync 1 DAGs
[2026-01-21T09:10:28.195+0000] {logging_mixin.py:188} INFO - [2026-01-21T09:10:28.195+0000] {dag.py:3823} INFO - Setting next_dagrun for example_local_kubernetes_executor to None, run_after=None
[2026-01-21T09:10:28.224+0000] {processor.py:183} INFO - Processing /home/airflow/.local/lib/python3.8/site-packages/airflow/example_dags/example_local_kubernetes_executor.py took 0.126 seconds
[2026-01-21T09:10:58.351+0000] {processor.py:161} INFO - Started process (PID=2122) to work on /home/airflow/.local/lib/python3.8/site-packages/airflow/example_dags/example_local_kubernetes_executor.py
[2026-01-21T09:10:58.353+0000] {processor.py:830} INFO - Processing file /home/airflow/.local/lib/python3.8/site-packages/airflow/example_dags/example_local_kubernetes_executor.py for tasks to queue
[2026-01-21T09:10:58.356+0000] {logging_mixin.py:188} INFO - [2026-01-21T09:10:58.355+0000] {dagbag.py:538} INFO - Filling up the DagBag from /home/airflow/.local/lib/python3.8/site-packages/airflow/example_dags/example_local_kubernetes_executor.py
[2026-01-21T09:10:58.368+0000] {processor.py:840} INFO - DAG(s) 'example_local_kubernetes_executor' retrieved from /home/airflow/.local/lib/python3.8/site-packages/airflow/example_dags/example_local_kubernetes_executor.py
[2026-01-21T09:10:58.423+0000] {logging_mixin.py:188} INFO - [2026-01-21T09:10:58.422+0000] {dag.py:3036} INFO - Sync 1 DAGs
[2026-01-21T09:10:58.440+0000] {logging_mixin.py:188} INFO - [2026-01-21T09:10:58.440+0000] {dag.py:3823} INFO - Setting next_dagrun for example_local_kubernetes_executor to None, run_after=None
[2026-01-21T09:10:58.490+0000] {processor.py:183} INFO - Processing /home/airflow/.local/lib/python3.8/site-packages/airflow/example_dags/example_local_kubernetes_executor.py took 0.145 seconds
[2026-01-21T09:11:29.097+0000] {processor.py:161} INFO - Started process (PID=2187) to work on /home/airflow/.local/lib/python3.8/site-packages/airflow/example_dags/example_local_kubernetes_executor.py
[2026-01-21T09:11:29.099+0000] {processor.py:830} INFO - Processing file /home/airflow/.local/lib/python3.8/site-packages/airflow/example_dags/example_local_kubernetes_executor.py for tasks to queue
[2026-01-21T09:11:29.101+0000] {logging_mixin.py:188} INFO - [2026-01-21T09:11:29.101+0000] {dagbag.py:538} INFO - Filling up the DagBag from /home/airflow/.local/lib/python3.8/site-packages/airflow/example_dags/example_local_kubernetes_executor.py
[2026-01-21T09:11:29.111+0000] {processor.py:840} INFO - DAG(s) 'example_local_kubernetes_executor' retrieved from /home/airflow/.local/lib/python3.8/site-packages/airflow/example_dags/example_local_kubernetes_executor.py
[2026-01-21T09:11:29.163+0000] {logging_mixin.py:188} INFO - [2026-01-21T09:11:29.163+0000] {dag.py:3036} INFO - Sync 1 DAGs
[2026-01-21T09:11:29.181+0000] {logging_mixin.py:188} INFO - [2026-01-21T09:11:29.181+0000] {dag.py:3823} INFO - Setting next_dagrun for example_local_kubernetes_executor to None, run_after=None
[2026-01-21T09:11:29.208+0000] {processor.py:183} INFO - Processing /home/airflow/.local/lib/python3.8/site-packages/airflow/example_dags/example_local_kubernetes_executor.py took 0.115 seconds
[2026-01-21T09:12:00.150+0000] {processor.py:161} INFO - Started process (PID=2252) to work on /home/airflow/.local/lib/python3.8/site-packages/airflow/example_dags/example_local_kubernetes_executor.py
[2026-01-21T09:12:00.152+0000] {processor.py:830} INFO - Processing file /home/airflow/.local/lib/python3.8/site-packages/airflow/example_dags/example_local_kubernetes_executor.py for tasks to queue
[2026-01-21T09:12:00.155+0000] {logging_mixin.py:188} INFO - [2026-01-21T09:12:00.154+0000] {dagbag.py:538} INFO - Filling up the DagBag from /home/airflow/.local/lib/python3.8/site-packages/airflow/example_dags/example_local_kubernetes_executor.py
[2026-01-21T09:12:00.168+0000] {processor.py:840} INFO - DAG(s) 'example_local_kubernetes_executor' retrieved from /home/airflow/.local/lib/python3.8/site-packages/airflow/example_dags/example_local_kubernetes_executor.py
[2026-01-21T09:12:00.224+0000] {logging_mixin.py:188} INFO - [2026-01-21T09:12:00.223+0000] {dag.py:3036} INFO - Sync 1 DAGs
[2026-01-21T09:12:00.241+0000] {logging_mixin.py:188} INFO - [2026-01-21T09:12:00.241+0000] {dag.py:3823} INFO - Setting next_dagrun for example_local_kubernetes_executor to None, run_after=None
[2026-01-21T09:12:00.268+0000] {processor.py:183} INFO - Processing /home/airflow/.local/lib/python3.8/site-packages/airflow/example_dags/example_local_kubernetes_executor.py took 0.125 seconds
[2026-01-21T09:12:30.613+0000] {processor.py:161} INFO - Started process (PID=2317) to work on /home/airflow/.local/lib/python3.8/site-packages/airflow/example_dags/example_local_kubernetes_executor.py
[2026-01-21T09:12:30.614+0000] {processor.py:830} INFO - Processing file /home/airflow/.local/lib/python3.8/site-packages/airflow/example_dags/example_local_kubernetes_executor.py for tasks to queue
[2026-01-21T09:12:30.616+0000] {logging_mixin.py:188} INFO - [2026-01-21T09:12:30.616+0000] {dagbag.py:538} INFO - Filling up the DagBag from /home/airflow/.local/lib/python3.8/site-packages/airflow/example_dags/example_local_kubernetes_executor.py
[2026-01-21T09:12:30.627+0000] {processor.py:840} INFO - DAG(s) 'example_local_kubernetes_executor' retrieved from /home/airflow/.local/lib/python3.8/site-packages/airflow/example_dags/example_local_kubernetes_executor.py
[2026-01-21T09:12:30.678+0000] {logging_mixin.py:188} INFO - [2026-01-21T09:12:30.677+0000] {dag.py:3036} INFO - Sync 1 DAGs
[2026-01-21T09:12:30.698+0000] {logging_mixin.py:188} INFO - [2026-01-21T09:12:30.697+0000] {dag.py:3823} INFO - Setting next_dagrun for example_local_kubernetes_executor to None, run_after=None
[2026-01-21T09:12:30.726+0000] {processor.py:183} INFO - Processing /home/airflow/.local/lib/python3.8/site-packages/airflow/example_dags/example_local_kubernetes_executor.py took 0.117 seconds
[2026-01-21T09:13:01.345+0000] {processor.py:161} INFO - Started process (PID=2383) to work on /home/airflow/.local/lib/python3.8/site-packages/airflow/example_dags/example_local_kubernetes_executor.py
[2026-01-21T09:13:01.346+0000] {processor.py:830} INFO - Processing file /home/airflow/.local/lib/python3.8/site-packages/airflow/example_dags/example_local_kubernetes_executor.py for tasks to queue
[2026-01-21T09:13:01.348+0000] {logging_mixin.py:188} INFO - [2026-01-21T09:13:01.348+0000] {dagbag.py:538} INFO - Filling up the DagBag from /home/airflow/.local/lib/python3.8/site-packages/airflow/example_dags/example_local_kubernetes_executor.py
[2026-01-21T09:13:01.358+0000] {processor.py:840} INFO - DAG(s) 'example_local_kubernetes_executor' retrieved from /home/airflow/.local/lib/python3.8/site-packages/airflow/example_dags/example_local_kubernetes_executor.py
[2026-01-21T09:13:01.409+0000] {logging_mixin.py:188} INFO - [2026-01-21T09:13:01.408+0000] {dag.py:3036} INFO - Sync 1 DAGs
[2026-01-21T09:13:01.426+0000] {logging_mixin.py:188} INFO - [2026-01-21T09:13:01.426+0000] {dag.py:3823} INFO - Setting next_dagrun for example_local_kubernetes_executor to None, run_after=None
[2026-01-21T09:13:01.454+0000] {processor.py:183} INFO - Processing /home/airflow/.local/lib/python3.8/site-packages/airflow/example_dags/example_local_kubernetes_executor.py took 0.114 seconds
[2026-01-21T09:13:31.924+0000] {processor.py:161} INFO - Started process (PID=2456) to work on /home/airflow/.local/lib/python3.8/site-packages/airflow/example_dags/example_local_kubernetes_executor.py
[2026-01-21T09:13:31.926+0000] {processor.py:830} INFO - Processing file /home/airflow/.local/lib/python3.8/site-packages/airflow/example_dags/example_local_kubernetes_executor.py for tasks to queue
[2026-01-21T09:13:31.928+0000] {logging_mixin.py:188} INFO - [2026-01-21T09:13:31.928+0000] {dagbag.py:538} INFO - Filling up the DagBag from /home/airflow/.local/lib/python3.8/site-packages/airflow/example_dags/example_local_kubernetes_executor.py
[2026-01-21T09:13:31.940+0000] {processor.py:840} INFO - DAG(s) 'example_local_kubernetes_executor' retrieved from /home/airflow/.local/lib/python3.8/site-packages/airflow/example_dags/example_local_kubernetes_executor.py
[2026-01-21T09:13:32.001+0000] {logging_mixin.py:188} INFO - [2026-01-21T09:13:32.000+0000] {dag.py:3036} INFO - Sync 1 DAGs
[2026-01-21T09:13:32.020+0000] {logging_mixin.py:188} INFO - [2026-01-21T09:13:32.019+0000] {dag.py:3823} INFO - Setting next_dagrun for example_local_kubernetes_executor to None, run_after=None
[2026-01-21T09:13:32.048+0000] {processor.py:183} INFO - Processing /home/airflow/.local/lib/python3.8/site-packages/airflow/example_dags/example_local_kubernetes_executor.py took 0.129 seconds
[2026-01-21T09:14:02.606+0000] {processor.py:161} INFO - Started process (PID=2522) to work on /home/airflow/.local/lib/python3.8/site-packages/airflow/example_dags/example_local_kubernetes_executor.py
[2026-01-21T09:14:02.608+0000] {processor.py:830} INFO - Processing file /home/airflow/.local/lib/python3.8/site-packages/airflow/example_dags/example_local_kubernetes_executor.py for tasks to queue
[2026-01-21T09:14:02.610+0000] {logging_mixin.py:188} INFO - [2026-01-21T09:14:02.610+0000] {dagbag.py:538} INFO - Filling up the DagBag from /home/airflow/.local/lib/python3.8/site-packages/airflow/example_dags/example_local_kubernetes_executor.py
[2026-01-21T09:14:02.622+0000] {processor.py:840} INFO - DAG(s) 'example_local_kubernetes_executor' retrieved from /home/airflow/.local/lib/python3.8/site-packages/airflow/example_dags/example_local_kubernetes_executor.py
[2026-01-21T09:14:02.673+0000] {logging_mixin.py:188} INFO - [2026-01-21T09:14:02.673+0000] {dag.py:3036} INFO - Sync 1 DAGs
[2026-01-21T09:14:02.691+0000] {logging_mixin.py:188} INFO - [2026-01-21T09:14:02.691+0000] {dag.py:3823} INFO - Setting next_dagrun for example_local_kubernetes_executor to None, run_after=None
[2026-01-21T09:14:02.718+0000] {processor.py:183} INFO - Processing /home/airflow/.local/lib/python3.8/site-packages/airflow/example_dags/example_local_kubernetes_executor.py took 0.116 seconds
[2026-01-21T09:14:32.869+0000] {processor.py:161} INFO - Started process (PID=2587) to work on /home/airflow/.local/lib/python3.8/site-packages/airflow/example_dags/example_local_kubernetes_executor.py
[2026-01-21T09:14:32.870+0000] {processor.py:830} INFO - Processing file /home/airflow/.local/lib/python3.8/site-packages/airflow/example_dags/example_local_kubernetes_executor.py for tasks to queue
[2026-01-21T09:14:32.873+0000] {logging_mixin.py:188} INFO - [2026-01-21T09:14:32.872+0000] {dagbag.py:538} INFO - Filling up the DagBag from /home/airflow/.local/lib/python3.8/site-packages/airflow/example_dags/example_local_kubernetes_executor.py
[2026-01-21T09:14:32.882+0000] {processor.py:840} INFO - DAG(s) 'example_local_kubernetes_executor' retrieved from /home/airflow/.local/lib/python3.8/site-packages/airflow/example_dags/example_local_kubernetes_executor.py
[2026-01-21T09:14:32.930+0000] {logging_mixin.py:188} INFO - [2026-01-21T09:14:32.930+0000] {dag.py:3036} INFO - Sync 1 DAGs
[2026-01-21T09:14:32.949+0000] {logging_mixin.py:188} INFO - [2026-01-21T09:14:32.948+0000] {dag.py:3823} INFO - Setting next_dagrun for example_local_kubernetes_executor to None, run_after=None
[2026-01-21T09:14:32.973+0000] {processor.py:183} INFO - Processing /home/airflow/.local/lib/python3.8/site-packages/airflow/example_dags/example_local_kubernetes_executor.py took 0.108 seconds
[2026-01-21T09:15:03.046+0000] {processor.py:161} INFO - Started process (PID=2652) to work on /home/airflow/.local/lib/python3.8/site-packages/airflow/example_dags/example_local_kubernetes_executor.py
[2026-01-21T09:15:03.048+0000] {processor.py:830} INFO - Processing file /home/airflow/.local/lib/python3.8/site-packages/airflow/example_dags/example_local_kubernetes_executor.py for tasks to queue
[2026-01-21T09:15:03.050+0000] {logging_mixin.py:188} INFO - [2026-01-21T09:15:03.050+0000] {dagbag.py:538} INFO - Filling up the DagBag from /home/airflow/.local/lib/python3.8/site-packages/airflow/example_dags/example_local_kubernetes_executor.py
[2026-01-21T09:15:03.060+0000] {processor.py:840} INFO - DAG(s) 'example_local_kubernetes_executor' retrieved from /home/airflow/.local/lib/python3.8/site-packages/airflow/example_dags/example_local_kubernetes_executor.py
[2026-01-21T09:15:03.111+0000] {logging_mixin.py:188} INFO - [2026-01-21T09:15:03.110+0000] {dag.py:3036} INFO - Sync 1 DAGs
[2026-01-21T09:15:03.130+0000] {logging_mixin.py:188} INFO - [2026-01-21T09:15:03.130+0000] {dag.py:3823} INFO - Setting next_dagrun for example_local_kubernetes_executor to None, run_after=None
[2026-01-21T09:15:03.160+0000] {processor.py:183} INFO - Processing /home/airflow/.local/lib/python3.8/site-packages/airflow/example_dags/example_local_kubernetes_executor.py took 0.118 seconds
[2026-01-21T09:15:33.722+0000] {processor.py:161} INFO - Started process (PID=2717) to work on /home/airflow/.local/lib/python3.8/site-packages/airflow/example_dags/example_local_kubernetes_executor.py
[2026-01-21T09:15:33.723+0000] {processor.py:830} INFO - Processing file /home/airflow/.local/lib/python3.8/site-packages/airflow/example_dags/example_local_kubernetes_executor.py for tasks to queue
[2026-01-21T09:15:33.725+0000] {logging_mixin.py:188} INFO - [2026-01-21T09:15:33.725+0000] {dagbag.py:538} INFO - Filling up the DagBag from /home/airflow/.local/lib/python3.8/site-packages/airflow/example_dags/example_local_kubernetes_executor.py
[2026-01-21T09:15:33.735+0000] {processor.py:840} INFO - DAG(s) 'example_local_kubernetes_executor' retrieved from /home/airflow/.local/lib/python3.8/site-packages/airflow/example_dags/example_local_kubernetes_executor.py
[2026-01-21T09:15:33.793+0000] {logging_mixin.py:188} INFO - [2026-01-21T09:15:33.792+0000] {dag.py:3036} INFO - Sync 1 DAGs
[2026-01-21T09:15:33.812+0000] {logging_mixin.py:188} INFO - [2026-01-21T09:15:33.812+0000] {dag.py:3823} INFO - Setting next_dagrun for example_local_kubernetes_executor to None, run_after=None
[2026-01-21T09:15:33.838+0000] {processor.py:183} INFO - Processing /home/airflow/.local/lib/python3.8/site-packages/airflow/example_dags/example_local_kubernetes_executor.py took 0.121 seconds
[2026-01-21T09:16:04.150+0000] {processor.py:161} INFO - Started process (PID=2789) to work on /home/airflow/.local/lib/python3.8/site-packages/airflow/example_dags/example_local_kubernetes_executor.py
[2026-01-21T09:16:04.151+0000] {processor.py:830} INFO - Processing file /home/airflow/.local/lib/python3.8/site-packages/airflow/example_dags/example_local_kubernetes_executor.py for tasks to queue
[2026-01-21T09:16:04.154+0000] {logging_mixin.py:188} INFO - [2026-01-21T09:16:04.153+0000] {dagbag.py:538} INFO - Filling up the DagBag from /home/airflow/.local/lib/python3.8/site-packages/airflow/example_dags/example_local_kubernetes_executor.py
[2026-01-21T09:16:04.163+0000] {processor.py:840} INFO - DAG(s) 'example_local_kubernetes_executor' retrieved from /home/airflow/.local/lib/python3.8/site-packages/airflow/example_dags/example_local_kubernetes_executor.py
[2026-01-21T09:16:04.211+0000] {logging_mixin.py:188} INFO - [2026-01-21T09:16:04.211+0000] {dag.py:3036} INFO - Sync 1 DAGs
[2026-01-21T09:16:04.229+0000] {logging_mixin.py:188} INFO - [2026-01-21T09:16:04.228+0000] {dag.py:3823} INFO - Setting next_dagrun for example_local_kubernetes_executor to None, run_after=None
[2026-01-21T09:16:04.253+0000] {processor.py:183} INFO - Processing /home/airflow/.local/lib/python3.8/site-packages/airflow/example_dags/example_local_kubernetes_executor.py took 0.107 seconds
[2026-01-21T09:16:34.807+0000] {processor.py:161} INFO - Started process (PID=2855) to work on /home/airflow/.local/lib/python3.8/site-packages/airflow/example_dags/example_local_kubernetes_executor.py
[2026-01-21T09:16:34.808+0000] {processor.py:830} INFO - Processing file /home/airflow/.local/lib/python3.8/site-packages/airflow/example_dags/example_local_kubernetes_executor.py for tasks to queue
[2026-01-21T09:16:34.810+0000] {logging_mixin.py:188} INFO - [2026-01-21T09:16:34.810+0000] {dagbag.py:538} INFO - Filling up the DagBag from /home/airflow/.local/lib/python3.8/site-packages/airflow/example_dags/example_local_kubernetes_executor.py
[2026-01-21T09:16:34.820+0000] {processor.py:840} INFO - DAG(s) 'example_local_kubernetes_executor' retrieved from /home/airflow/.local/lib/python3.8/site-packages/airflow/example_dags/example_local_kubernetes_executor.py
[2026-01-21T09:16:34.871+0000] {logging_mixin.py:188} INFO - [2026-01-21T09:16:34.871+0000] {dag.py:3036} INFO - Sync 1 DAGs
[2026-01-21T09:16:34.898+0000] {logging_mixin.py:188} INFO - [2026-01-21T09:16:34.897+0000] {dag.py:3823} INFO - Setting next_dagrun for example_local_kubernetes_executor to None, run_after=None
[2026-01-21T09:16:34.926+0000] {processor.py:183} INFO - Processing /home/airflow/.local/lib/python3.8/site-packages/airflow/example_dags/example_local_kubernetes_executor.py took 0.124 seconds
[2026-01-21T09:17:05.468+0000] {processor.py:161} INFO - Started process (PID=2920) to work on /home/airflow/.local/lib/python3.8/site-packages/airflow/example_dags/example_local_kubernetes_executor.py
[2026-01-21T09:17:05.470+0000] {processor.py:830} INFO - Processing file /home/airflow/.local/lib/python3.8/site-packages/airflow/example_dags/example_local_kubernetes_executor.py for tasks to queue
[2026-01-21T09:17:05.472+0000] {logging_mixin.py:188} INFO - [2026-01-21T09:17:05.471+0000] {dagbag.py:538} INFO - Filling up the DagBag from /home/airflow/.local/lib/python3.8/site-packages/airflow/example_dags/example_local_kubernetes_executor.py
[2026-01-21T09:17:05.481+0000] {processor.py:840} INFO - DAG(s) 'example_local_kubernetes_executor' retrieved from /home/airflow/.local/lib/python3.8/site-packages/airflow/example_dags/example_local_kubernetes_executor.py
[2026-01-21T09:17:05.532+0000] {logging_mixin.py:188} INFO - [2026-01-21T09:17:05.532+0000] {dag.py:3036} INFO - Sync 1 DAGs
[2026-01-21T09:17:05.549+0000] {logging_mixin.py:188} INFO - [2026-01-21T09:17:05.549+0000] {dag.py:3823} INFO - Setting next_dagrun for example_local_kubernetes_executor to None, run_after=None
[2026-01-21T09:17:05.576+0000] {processor.py:183} INFO - Processing /home/airflow/.local/lib/python3.8/site-packages/airflow/example_dags/example_local_kubernetes_executor.py took 0.113 seconds
[2026-01-21T09:17:36.108+0000] {processor.py:161} INFO - Started process (PID=2986) to work on /home/airflow/.local/lib/python3.8/site-packages/airflow/example_dags/example_local_kubernetes_executor.py
[2026-01-21T09:17:36.109+0000] {processor.py:830} INFO - Processing file /home/airflow/.local/lib/python3.8/site-packages/airflow/example_dags/example_local_kubernetes_executor.py for tasks to queue
[2026-01-21T09:17:36.111+0000] {logging_mixin.py:188} INFO - [2026-01-21T09:17:36.111+0000] {dagbag.py:538} INFO - Filling up the DagBag from /home/airflow/.local/lib/python3.8/site-packages/airflow/example_dags/example_local_kubernetes_executor.py
[2026-01-21T09:17:36.121+0000] {processor.py:840} INFO - DAG(s) 'example_local_kubernetes_executor' retrieved from /home/airflow/.local/lib/python3.8/site-packages/airflow/example_dags/example_local_kubernetes_executor.py
[2026-01-21T09:17:36.169+0000] {logging_mixin.py:188} INFO - [2026-01-21T09:17:36.169+0000] {dag.py:3036} INFO - Sync 1 DAGs
[2026-01-21T09:17:36.187+0000] {logging_mixin.py:188} INFO - [2026-01-21T09:17:36.187+0000] {dag.py:3823} INFO - Setting next_dagrun for example_local_kubernetes_executor to None, run_after=None
[2026-01-21T09:17:36.212+0000] {processor.py:183} INFO - Processing /home/airflow/.local/lib/python3.8/site-packages/airflow/example_dags/example_local_kubernetes_executor.py took 0.109 seconds
[2026-01-21T09:18:07.016+0000] {processor.py:161} INFO - Started process (PID=3052) to work on /home/airflow/.local/lib/python3.8/site-packages/airflow/example_dags/example_local_kubernetes_executor.py
[2026-01-21T09:18:07.017+0000] {processor.py:830} INFO - Processing file /home/airflow/.local/lib/python3.8/site-packages/airflow/example_dags/example_local_kubernetes_executor.py for tasks to queue
[2026-01-21T09:18:07.020+0000] {logging_mixin.py:188} INFO - [2026-01-21T09:18:07.019+0000] {dagbag.py:538} INFO - Filling up the DagBag from /home/airflow/.local/lib/python3.8/site-packages/airflow/example_dags/example_local_kubernetes_executor.py
[2026-01-21T09:18:07.030+0000] {processor.py:840} INFO - DAG(s) 'example_local_kubernetes_executor' retrieved from /home/airflow/.local/lib/python3.8/site-packages/airflow/example_dags/example_local_kubernetes_executor.py
[2026-01-21T09:18:07.090+0000] {logging_mixin.py:188} INFO - [2026-01-21T09:18:07.090+0000] {dag.py:3036} INFO - Sync 1 DAGs
[2026-01-21T09:18:07.109+0000] {logging_mixin.py:188} INFO - [2026-01-21T09:18:07.109+0000] {dag.py:3823} INFO - Setting next_dagrun for example_local_kubernetes_executor to None, run_after=None
[2026-01-21T09:18:07.136+0000] {processor.py:183} INFO - Processing /home/airflow/.local/lib/python3.8/site-packages/airflow/example_dags/example_local_kubernetes_executor.py took 0.129 seconds
[2026-01-21T09:18:37.219+0000] {processor.py:161} INFO - Started process (PID=3116) to work on /home/airflow/.local/lib/python3.8/site-packages/airflow/example_dags/example_local_kubernetes_executor.py
[2026-01-21T09:18:37.221+0000] {processor.py:830} INFO - Processing file /home/airflow/.local/lib/python3.8/site-packages/airflow/example_dags/example_local_kubernetes_executor.py for tasks to queue
[2026-01-21T09:18:37.223+0000] {logging_mixin.py:188} INFO - [2026-01-21T09:18:37.222+0000] {dagbag.py:538} INFO - Filling up the DagBag from /home/airflow/.local/lib/python3.8/site-packages/airflow/example_dags/example_local_kubernetes_executor.py
[2026-01-21T09:18:37.233+0000] {processor.py:840} INFO - DAG(s) 'example_local_kubernetes_executor' retrieved from /home/airflow/.local/lib/python3.8/site-packages/airflow/example_dags/example_local_kubernetes_executor.py
[2026-01-21T09:18:37.280+0000] {logging_mixin.py:188} INFO - [2026-01-21T09:18:37.280+0000] {dag.py:3036} INFO - Sync 1 DAGs
[2026-01-21T09:18:37.298+0000] {logging_mixin.py:188} INFO - [2026-01-21T09:18:37.298+0000] {dag.py:3823} INFO - Setting next_dagrun for example_local_kubernetes_executor to None, run_after=None
[2026-01-21T09:18:37.329+0000] {processor.py:183} INFO - Processing /home/airflow/.local/lib/python3.8/site-packages/airflow/example_dags/example_local_kubernetes_executor.py took 0.114 seconds
[2026-01-21T09:19:08.069+0000] {processor.py:161} INFO - Started process (PID=3190) to work on /home/airflow/.local/lib/python3.8/site-packages/airflow/example_dags/example_local_kubernetes_executor.py
[2026-01-21T09:19:08.070+0000] {processor.py:830} INFO - Processing file /home/airflow/.local/lib/python3.8/site-packages/airflow/example_dags/example_local_kubernetes_executor.py for tasks to queue
[2026-01-21T09:19:08.073+0000] {logging_mixin.py:188} INFO - [2026-01-21T09:19:08.072+0000] {dagbag.py:538} INFO - Filling up the DagBag from /home/airflow/.local/lib/python3.8/site-packages/airflow/example_dags/example_local_kubernetes_executor.py
[2026-01-21T09:19:08.083+0000] {processor.py:840} INFO - DAG(s) 'example_local_kubernetes_executor' retrieved from /home/airflow/.local/lib/python3.8/site-packages/airflow/example_dags/example_local_kubernetes_executor.py
[2026-01-21T09:19:08.132+0000] {logging_mixin.py:188} INFO - [2026-01-21T09:19:08.132+0000] {dag.py:3036} INFO - Sync 1 DAGs
[2026-01-21T09:19:08.155+0000] {logging_mixin.py:188} INFO - [2026-01-21T09:19:08.155+0000] {dag.py:3823} INFO - Setting next_dagrun for example_local_kubernetes_executor to None, run_after=None
[2026-01-21T09:19:08.193+0000] {processor.py:183} INFO - Processing /home/airflow/.local/lib/python3.8/site-packages/airflow/example_dags/example_local_kubernetes_executor.py took 0.128 seconds
[2026-01-21T09:20:56.511+0000] {processor.py:161} INFO - Started process (PID=72) to work on /home/airflow/.local/lib/python3.8/site-packages/airflow/example_dags/example_local_kubernetes_executor.py
[2026-01-21T09:20:56.527+0000] {processor.py:830} INFO - Processing file /home/airflow/.local/lib/python3.8/site-packages/airflow/example_dags/example_local_kubernetes_executor.py for tasks to queue
[2026-01-21T09:20:56.550+0000] {logging_mixin.py:188} INFO - [2026-01-21T09:20:56.550+0000] {dagbag.py:538} INFO - Filling up the DagBag from /home/airflow/.local/lib/python3.8/site-packages/airflow/example_dags/example_local_kubernetes_executor.py
[2026-01-21T09:20:56.589+0000] {processor.py:840} INFO - DAG(s) 'example_local_kubernetes_executor' retrieved from /home/airflow/.local/lib/python3.8/site-packages/airflow/example_dags/example_local_kubernetes_executor.py
[2026-01-21T09:20:56.615+0000] {logging_mixin.py:188} INFO - [2026-01-21T09:20:56.614+0000] {dag.py:3036} INFO - Sync 1 DAGs
[2026-01-21T09:20:56.669+0000] {logging_mixin.py:188} INFO - [2026-01-21T09:20:56.660+0000] {dag.py:3823} INFO - Setting next_dagrun for example_local_kubernetes_executor to None, run_after=None
[2026-01-21T09:20:56.750+0000] {processor.py:183} INFO - Processing /home/airflow/.local/lib/python3.8/site-packages/airflow/example_dags/example_local_kubernetes_executor.py took 0.246 seconds
[2026-01-21T09:21:26.959+0000] {processor.py:161} INFO - Started process (PID=138) to work on /home/airflow/.local/lib/python3.8/site-packages/airflow/example_dags/example_local_kubernetes_executor.py
[2026-01-21T09:21:26.960+0000] {processor.py:830} INFO - Processing file /home/airflow/.local/lib/python3.8/site-packages/airflow/example_dags/example_local_kubernetes_executor.py for tasks to queue
[2026-01-21T09:21:26.963+0000] {logging_mixin.py:188} INFO - [2026-01-21T09:21:26.963+0000] {dagbag.py:538} INFO - Filling up the DagBag from /home/airflow/.local/lib/python3.8/site-packages/airflow/example_dags/example_local_kubernetes_executor.py
[2026-01-21T09:21:26.979+0000] {processor.py:840} INFO - DAG(s) 'example_local_kubernetes_executor' retrieved from /home/airflow/.local/lib/python3.8/site-packages/airflow/example_dags/example_local_kubernetes_executor.py
[2026-01-21T09:21:27.310+0000] {logging_mixin.py:188} INFO - [2026-01-21T09:21:27.309+0000] {dag.py:3036} INFO - Sync 1 DAGs
[2026-01-21T09:21:27.330+0000] {logging_mixin.py:188} INFO - [2026-01-21T09:21:27.329+0000] {dag.py:3823} INFO - Setting next_dagrun for example_local_kubernetes_executor to None, run_after=None
[2026-01-21T09:21:27.362+0000] {processor.py:183} INFO - Processing /home/airflow/.local/lib/python3.8/site-packages/airflow/example_dags/example_local_kubernetes_executor.py took 0.409 seconds
[2026-01-21T09:21:57.790+0000] {processor.py:161} INFO - Started process (PID=204) to work on /home/airflow/.local/lib/python3.8/site-packages/airflow/example_dags/example_local_kubernetes_executor.py
[2026-01-21T09:21:57.798+0000] {processor.py:830} INFO - Processing file /home/airflow/.local/lib/python3.8/site-packages/airflow/example_dags/example_local_kubernetes_executor.py for tasks to queue
[2026-01-21T09:21:57.802+0000] {logging_mixin.py:188} INFO - [2026-01-21T09:21:57.801+0000] {dagbag.py:538} INFO - Filling up the DagBag from /home/airflow/.local/lib/python3.8/site-packages/airflow/example_dags/example_local_kubernetes_executor.py
[2026-01-21T09:21:57.815+0000] {processor.py:840} INFO - DAG(s) 'example_local_kubernetes_executor' retrieved from /home/airflow/.local/lib/python3.8/site-packages/airflow/example_dags/example_local_kubernetes_executor.py
[2026-01-21T09:21:57.885+0000] {logging_mixin.py:188} INFO - [2026-01-21T09:21:57.883+0000] {dag.py:3036} INFO - Sync 1 DAGs
[2026-01-21T09:21:57.910+0000] {logging_mixin.py:188} INFO - [2026-01-21T09:21:57.910+0000] {dag.py:3823} INFO - Setting next_dagrun for example_local_kubernetes_executor to None, run_after=None
[2026-01-21T09:21:57.946+0000] {processor.py:183} INFO - Processing /home/airflow/.local/lib/python3.8/site-packages/airflow/example_dags/example_local_kubernetes_executor.py took 0.166 seconds
[2026-01-21T09:22:28.854+0000] {processor.py:161} INFO - Started process (PID=268) to work on /home/airflow/.local/lib/python3.8/site-packages/airflow/example_dags/example_local_kubernetes_executor.py
[2026-01-21T09:22:28.856+0000] {processor.py:830} INFO - Processing file /home/airflow/.local/lib/python3.8/site-packages/airflow/example_dags/example_local_kubernetes_executor.py for tasks to queue
[2026-01-21T09:22:28.859+0000] {logging_mixin.py:188} INFO - [2026-01-21T09:22:28.858+0000] {dagbag.py:538} INFO - Filling up the DagBag from /home/airflow/.local/lib/python3.8/site-packages/airflow/example_dags/example_local_kubernetes_executor.py
[2026-01-21T09:22:28.872+0000] {processor.py:840} INFO - DAG(s) 'example_local_kubernetes_executor' retrieved from /home/airflow/.local/lib/python3.8/site-packages/airflow/example_dags/example_local_kubernetes_executor.py
[2026-01-21T09:22:28.921+0000] {logging_mixin.py:188} INFO - [2026-01-21T09:22:28.921+0000] {dag.py:3036} INFO - Sync 1 DAGs
[2026-01-21T09:22:28.942+0000] {logging_mixin.py:188} INFO - [2026-01-21T09:22:28.942+0000] {dag.py:3823} INFO - Setting next_dagrun for example_local_kubernetes_executor to None, run_after=None
[2026-01-21T09:22:28.972+0000] {processor.py:183} INFO - Processing /home/airflow/.local/lib/python3.8/site-packages/airflow/example_dags/example_local_kubernetes_executor.py took 0.124 seconds
[2026-01-21T09:22:59.544+0000] {processor.py:161} INFO - Started process (PID=332) to work on /home/airflow/.local/lib/python3.8/site-packages/airflow/example_dags/example_local_kubernetes_executor.py
[2026-01-21T09:22:59.545+0000] {processor.py:830} INFO - Processing file /home/airflow/.local/lib/python3.8/site-packages/airflow/example_dags/example_local_kubernetes_executor.py for tasks to queue
[2026-01-21T09:22:59.548+0000] {logging_mixin.py:188} INFO - [2026-01-21T09:22:59.548+0000] {dagbag.py:538} INFO - Filling up the DagBag from /home/airflow/.local/lib/python3.8/site-packages/airflow/example_dags/example_local_kubernetes_executor.py
[2026-01-21T09:22:59.561+0000] {processor.py:840} INFO - DAG(s) 'example_local_kubernetes_executor' retrieved from /home/airflow/.local/lib/python3.8/site-packages/airflow/example_dags/example_local_kubernetes_executor.py
[2026-01-21T09:22:59.625+0000] {logging_mixin.py:188} INFO - [2026-01-21T09:22:59.624+0000] {dag.py:3036} INFO - Sync 1 DAGs
[2026-01-21T09:22:59.650+0000] {logging_mixin.py:188} INFO - [2026-01-21T09:22:59.649+0000] {dag.py:3823} INFO - Setting next_dagrun for example_local_kubernetes_executor to None, run_after=None
[2026-01-21T09:22:59.680+0000] {processor.py:183} INFO - Processing /home/airflow/.local/lib/python3.8/site-packages/airflow/example_dags/example_local_kubernetes_executor.py took 0.142 seconds
[2026-01-21T09:23:29.905+0000] {processor.py:161} INFO - Started process (PID=396) to work on /home/airflow/.local/lib/python3.8/site-packages/airflow/example_dags/example_local_kubernetes_executor.py
[2026-01-21T09:23:29.906+0000] {processor.py:830} INFO - Processing file /home/airflow/.local/lib/python3.8/site-packages/airflow/example_dags/example_local_kubernetes_executor.py for tasks to queue
[2026-01-21T09:23:29.909+0000] {logging_mixin.py:188} INFO - [2026-01-21T09:23:29.908+0000] {dagbag.py:538} INFO - Filling up the DagBag from /home/airflow/.local/lib/python3.8/site-packages/airflow/example_dags/example_local_kubernetes_executor.py
[2026-01-21T09:23:29.919+0000] {processor.py:840} INFO - DAG(s) 'example_local_kubernetes_executor' retrieved from /home/airflow/.local/lib/python3.8/site-packages/airflow/example_dags/example_local_kubernetes_executor.py
[2026-01-21T09:23:29.985+0000] {logging_mixin.py:188} INFO - [2026-01-21T09:23:29.985+0000] {dag.py:3036} INFO - Sync 1 DAGs
[2026-01-21T09:23:30.013+0000] {logging_mixin.py:188} INFO - [2026-01-21T09:23:30.012+0000] {dag.py:3823} INFO - Setting next_dagrun for example_local_kubernetes_executor to None, run_after=None
[2026-01-21T09:23:30.047+0000] {processor.py:183} INFO - Processing /home/airflow/.local/lib/python3.8/site-packages/airflow/example_dags/example_local_kubernetes_executor.py took 0.149 seconds
[2026-01-21T09:24:00.410+0000] {processor.py:161} INFO - Started process (PID=462) to work on /home/airflow/.local/lib/python3.8/site-packages/airflow/example_dags/example_local_kubernetes_executor.py
[2026-01-21T09:24:00.412+0000] {processor.py:830} INFO - Processing file /home/airflow/.local/lib/python3.8/site-packages/airflow/example_dags/example_local_kubernetes_executor.py for tasks to queue
[2026-01-21T09:24:00.415+0000] {logging_mixin.py:188} INFO - [2026-01-21T09:24:00.415+0000] {dagbag.py:538} INFO - Filling up the DagBag from /home/airflow/.local/lib/python3.8/site-packages/airflow/example_dags/example_local_kubernetes_executor.py
[2026-01-21T09:24:00.428+0000] {processor.py:840} INFO - DAG(s) 'example_local_kubernetes_executor' retrieved from /home/airflow/.local/lib/python3.8/site-packages/airflow/example_dags/example_local_kubernetes_executor.py
[2026-01-21T09:24:00.495+0000] {logging_mixin.py:188} INFO - [2026-01-21T09:24:00.494+0000] {dag.py:3036} INFO - Sync 1 DAGs
[2026-01-21T09:24:00.520+0000] {logging_mixin.py:188} INFO - [2026-01-21T09:24:00.519+0000] {dag.py:3823} INFO - Setting next_dagrun for example_local_kubernetes_executor to None, run_after=None
[2026-01-21T09:24:00.552+0000] {processor.py:183} INFO - Processing /home/airflow/.local/lib/python3.8/site-packages/airflow/example_dags/example_local_kubernetes_executor.py took 0.148 seconds
[2026-01-21T09:24:31.119+0000] {processor.py:161} INFO - Started process (PID=527) to work on /home/airflow/.local/lib/python3.8/site-packages/airflow/example_dags/example_local_kubernetes_executor.py
[2026-01-21T09:24:31.120+0000] {processor.py:830} INFO - Processing file /home/airflow/.local/lib/python3.8/site-packages/airflow/example_dags/example_local_kubernetes_executor.py for tasks to queue
[2026-01-21T09:24:31.122+0000] {logging_mixin.py:188} INFO - [2026-01-21T09:24:31.122+0000] {dagbag.py:538} INFO - Filling up the DagBag from /home/airflow/.local/lib/python3.8/site-packages/airflow/example_dags/example_local_kubernetes_executor.py
[2026-01-21T09:24:31.133+0000] {processor.py:840} INFO - DAG(s) 'example_local_kubernetes_executor' retrieved from /home/airflow/.local/lib/python3.8/site-packages/airflow/example_dags/example_local_kubernetes_executor.py
[2026-01-21T09:24:31.184+0000] {logging_mixin.py:188} INFO - [2026-01-21T09:24:31.184+0000] {dag.py:3036} INFO - Sync 1 DAGs
[2026-01-21T09:24:31.202+0000] {logging_mixin.py:188} INFO - [2026-01-21T09:24:31.202+0000] {dag.py:3823} INFO - Setting next_dagrun for example_local_kubernetes_executor to None, run_after=None
[2026-01-21T09:24:31.229+0000] {processor.py:183} INFO - Processing /home/airflow/.local/lib/python3.8/site-packages/airflow/example_dags/example_local_kubernetes_executor.py took 0.115 seconds
[2026-01-21T09:25:01.585+0000] {processor.py:161} INFO - Started process (PID=600) to work on /home/airflow/.local/lib/python3.8/site-packages/airflow/example_dags/example_local_kubernetes_executor.py
[2026-01-21T09:25:01.587+0000] {processor.py:830} INFO - Processing file /home/airflow/.local/lib/python3.8/site-packages/airflow/example_dags/example_local_kubernetes_executor.py for tasks to queue
[2026-01-21T09:25:01.590+0000] {logging_mixin.py:188} INFO - [2026-01-21T09:25:01.590+0000] {dagbag.py:538} INFO - Filling up the DagBag from /home/airflow/.local/lib/python3.8/site-packages/airflow/example_dags/example_local_kubernetes_executor.py
[2026-01-21T09:25:01.603+0000] {processor.py:840} INFO - DAG(s) 'example_local_kubernetes_executor' retrieved from /home/airflow/.local/lib/python3.8/site-packages/airflow/example_dags/example_local_kubernetes_executor.py
[2026-01-21T09:25:01.665+0000] {logging_mixin.py:188} INFO - [2026-01-21T09:25:01.664+0000] {dag.py:3036} INFO - Sync 1 DAGs
[2026-01-21T09:25:01.687+0000] {logging_mixin.py:188} INFO - [2026-01-21T09:25:01.687+0000] {dag.py:3823} INFO - Setting next_dagrun for example_local_kubernetes_executor to None, run_after=None
[2026-01-21T09:25:01.718+0000] {processor.py:183} INFO - Processing /home/airflow/.local/lib/python3.8/site-packages/airflow/example_dags/example_local_kubernetes_executor.py took 0.138 seconds
[2026-01-21T09:25:32.537+0000] {processor.py:161} INFO - Started process (PID=666) to work on /home/airflow/.local/lib/python3.8/site-packages/airflow/example_dags/example_local_kubernetes_executor.py
[2026-01-21T09:25:32.538+0000] {processor.py:830} INFO - Processing file /home/airflow/.local/lib/python3.8/site-packages/airflow/example_dags/example_local_kubernetes_executor.py for tasks to queue
[2026-01-21T09:25:32.540+0000] {logging_mixin.py:188} INFO - [2026-01-21T09:25:32.540+0000] {dagbag.py:538} INFO - Filling up the DagBag from /home/airflow/.local/lib/python3.8/site-packages/airflow/example_dags/example_local_kubernetes_executor.py
[2026-01-21T09:25:32.551+0000] {processor.py:840} INFO - DAG(s) 'example_local_kubernetes_executor' retrieved from /home/airflow/.local/lib/python3.8/site-packages/airflow/example_dags/example_local_kubernetes_executor.py
[2026-01-21T09:25:32.605+0000] {logging_mixin.py:188} INFO - [2026-01-21T09:25:32.604+0000] {dag.py:3036} INFO - Sync 1 DAGs
[2026-01-21T09:25:32.624+0000] {logging_mixin.py:188} INFO - [2026-01-21T09:25:32.623+0000] {dag.py:3823} INFO - Setting next_dagrun for example_local_kubernetes_executor to None, run_after=None
[2026-01-21T09:25:32.649+0000] {processor.py:183} INFO - Processing /home/airflow/.local/lib/python3.8/site-packages/airflow/example_dags/example_local_kubernetes_executor.py took 0.117 seconds
[2026-01-21T09:26:03.314+0000] {processor.py:161} INFO - Started process (PID=731) to work on /home/airflow/.local/lib/python3.8/site-packages/airflow/example_dags/example_local_kubernetes_executor.py
[2026-01-21T09:26:03.316+0000] {processor.py:830} INFO - Processing file /home/airflow/.local/lib/python3.8/site-packages/airflow/example_dags/example_local_kubernetes_executor.py for tasks to queue
[2026-01-21T09:26:03.318+0000] {logging_mixin.py:188} INFO - [2026-01-21T09:26:03.318+0000] {dagbag.py:538} INFO - Filling up the DagBag from /home/airflow/.local/lib/python3.8/site-packages/airflow/example_dags/example_local_kubernetes_executor.py
[2026-01-21T09:26:03.328+0000] {processor.py:840} INFO - DAG(s) 'example_local_kubernetes_executor' retrieved from /home/airflow/.local/lib/python3.8/site-packages/airflow/example_dags/example_local_kubernetes_executor.py
[2026-01-21T09:26:03.378+0000] {logging_mixin.py:188} INFO - [2026-01-21T09:26:03.378+0000] {dag.py:3036} INFO - Sync 1 DAGs
[2026-01-21T09:26:03.396+0000] {logging_mixin.py:188} INFO - [2026-01-21T09:26:03.396+0000] {dag.py:3823} INFO - Setting next_dagrun for example_local_kubernetes_executor to None, run_after=None
[2026-01-21T09:26:03.424+0000] {processor.py:183} INFO - Processing /home/airflow/.local/lib/python3.8/site-packages/airflow/example_dags/example_local_kubernetes_executor.py took 0.114 seconds
[2026-01-21T09:26:34.106+0000] {processor.py:161} INFO - Started process (PID=796) to work on /home/airflow/.local/lib/python3.8/site-packages/airflow/example_dags/example_local_kubernetes_executor.py
[2026-01-21T09:26:34.107+0000] {processor.py:830} INFO - Processing file /home/airflow/.local/lib/python3.8/site-packages/airflow/example_dags/example_local_kubernetes_executor.py for tasks to queue
[2026-01-21T09:26:34.110+0000] {logging_mixin.py:188} INFO - [2026-01-21T09:26:34.109+0000] {dagbag.py:538} INFO - Filling up the DagBag from /home/airflow/.local/lib/python3.8/site-packages/airflow/example_dags/example_local_kubernetes_executor.py
[2026-01-21T09:26:34.122+0000] {processor.py:840} INFO - DAG(s) 'example_local_kubernetes_executor' retrieved from /home/airflow/.local/lib/python3.8/site-packages/airflow/example_dags/example_local_kubernetes_executor.py
[2026-01-21T09:26:34.174+0000] {logging_mixin.py:188} INFO - [2026-01-21T09:26:34.173+0000] {dag.py:3036} INFO - Sync 1 DAGs
[2026-01-21T09:26:34.191+0000] {logging_mixin.py:188} INFO - [2026-01-21T09:26:34.190+0000] {dag.py:3823} INFO - Setting next_dagrun for example_local_kubernetes_executor to None, run_after=None
[2026-01-21T09:26:34.219+0000] {processor.py:183} INFO - Processing /home/airflow/.local/lib/python3.8/site-packages/airflow/example_dags/example_local_kubernetes_executor.py took 0.119 seconds
[2026-01-21T09:27:04.718+0000] {processor.py:161} INFO - Started process (PID=860) to work on /home/airflow/.local/lib/python3.8/site-packages/airflow/example_dags/example_local_kubernetes_executor.py
[2026-01-21T09:27:04.719+0000] {processor.py:830} INFO - Processing file /home/airflow/.local/lib/python3.8/site-packages/airflow/example_dags/example_local_kubernetes_executor.py for tasks to queue
[2026-01-21T09:27:04.722+0000] {logging_mixin.py:188} INFO - [2026-01-21T09:27:04.721+0000] {dagbag.py:538} INFO - Filling up the DagBag from /home/airflow/.local/lib/python3.8/site-packages/airflow/example_dags/example_local_kubernetes_executor.py
[2026-01-21T09:27:04.731+0000] {processor.py:840} INFO - DAG(s) 'example_local_kubernetes_executor' retrieved from /home/airflow/.local/lib/python3.8/site-packages/airflow/example_dags/example_local_kubernetes_executor.py
[2026-01-21T09:27:04.780+0000] {logging_mixin.py:188} INFO - [2026-01-21T09:27:04.779+0000] {dag.py:3036} INFO - Sync 1 DAGs
[2026-01-21T09:27:04.798+0000] {logging_mixin.py:188} INFO - [2026-01-21T09:27:04.797+0000] {dag.py:3823} INFO - Setting next_dagrun for example_local_kubernetes_executor to None, run_after=None
[2026-01-21T09:27:04.822+0000] {processor.py:183} INFO - Processing /home/airflow/.local/lib/python3.8/site-packages/airflow/example_dags/example_local_kubernetes_executor.py took 0.109 seconds
[2026-01-21T09:27:35.016+0000] {processor.py:161} INFO - Started process (PID=924) to work on /home/airflow/.local/lib/python3.8/site-packages/airflow/example_dags/example_local_kubernetes_executor.py
[2026-01-21T09:27:35.017+0000] {processor.py:830} INFO - Processing file /home/airflow/.local/lib/python3.8/site-packages/airflow/example_dags/example_local_kubernetes_executor.py for tasks to queue
[2026-01-21T09:27:35.020+0000] {logging_mixin.py:188} INFO - [2026-01-21T09:27:35.019+0000] {dagbag.py:538} INFO - Filling up the DagBag from /home/airflow/.local/lib/python3.8/site-packages/airflow/example_dags/example_local_kubernetes_executor.py
[2026-01-21T09:27:35.031+0000] {processor.py:840} INFO - DAG(s) 'example_local_kubernetes_executor' retrieved from /home/airflow/.local/lib/python3.8/site-packages/airflow/example_dags/example_local_kubernetes_executor.py
[2026-01-21T09:27:35.082+0000] {logging_mixin.py:188} INFO - [2026-01-21T09:27:35.082+0000] {dag.py:3036} INFO - Sync 1 DAGs
[2026-01-21T09:27:35.101+0000] {logging_mixin.py:188} INFO - [2026-01-21T09:27:35.101+0000] {dag.py:3823} INFO - Setting next_dagrun for example_local_kubernetes_executor to None, run_after=None
[2026-01-21T09:27:35.127+0000] {processor.py:183} INFO - Processing /home/airflow/.local/lib/python3.8/site-packages/airflow/example_dags/example_local_kubernetes_executor.py took 0.115 seconds
[2026-01-21T09:28:05.204+0000] {processor.py:161} INFO - Started process (PID=997) to work on /home/airflow/.local/lib/python3.8/site-packages/airflow/example_dags/example_local_kubernetes_executor.py
[2026-01-21T09:28:05.206+0000] {processor.py:830} INFO - Processing file /home/airflow/.local/lib/python3.8/site-packages/airflow/example_dags/example_local_kubernetes_executor.py for tasks to queue
[2026-01-21T09:28:05.208+0000] {logging_mixin.py:188} INFO - [2026-01-21T09:28:05.208+0000] {dagbag.py:538} INFO - Filling up the DagBag from /home/airflow/.local/lib/python3.8/site-packages/airflow/example_dags/example_local_kubernetes_executor.py
[2026-01-21T09:28:05.218+0000] {processor.py:840} INFO - DAG(s) 'example_local_kubernetes_executor' retrieved from /home/airflow/.local/lib/python3.8/site-packages/airflow/example_dags/example_local_kubernetes_executor.py
[2026-01-21T09:28:05.297+0000] {logging_mixin.py:188} INFO - [2026-01-21T09:28:05.297+0000] {dag.py:3036} INFO - Sync 1 DAGs
[2026-01-21T09:28:05.315+0000] {logging_mixin.py:188} INFO - [2026-01-21T09:28:05.315+0000] {dag.py:3823} INFO - Setting next_dagrun for example_local_kubernetes_executor to None, run_after=None
[2026-01-21T09:28:05.345+0000] {processor.py:183} INFO - Processing /home/airflow/.local/lib/python3.8/site-packages/airflow/example_dags/example_local_kubernetes_executor.py took 0.146 seconds
[2026-01-21T09:28:35.767+0000] {processor.py:161} INFO - Started process (PID=1061) to work on /home/airflow/.local/lib/python3.8/site-packages/airflow/example_dags/example_local_kubernetes_executor.py
[2026-01-21T09:28:35.768+0000] {processor.py:830} INFO - Processing file /home/airflow/.local/lib/python3.8/site-packages/airflow/example_dags/example_local_kubernetes_executor.py for tasks to queue
[2026-01-21T09:28:35.770+0000] {logging_mixin.py:188} INFO - [2026-01-21T09:28:35.770+0000] {dagbag.py:538} INFO - Filling up the DagBag from /home/airflow/.local/lib/python3.8/site-packages/airflow/example_dags/example_local_kubernetes_executor.py
[2026-01-21T09:28:35.780+0000] {processor.py:840} INFO - DAG(s) 'example_local_kubernetes_executor' retrieved from /home/airflow/.local/lib/python3.8/site-packages/airflow/example_dags/example_local_kubernetes_executor.py
[2026-01-21T09:28:35.830+0000] {logging_mixin.py:188} INFO - [2026-01-21T09:28:35.830+0000] {dag.py:3036} INFO - Sync 1 DAGs
[2026-01-21T09:28:35.848+0000] {logging_mixin.py:188} INFO - [2026-01-21T09:28:35.848+0000] {dag.py:3823} INFO - Setting next_dagrun for example_local_kubernetes_executor to None, run_after=None
[2026-01-21T09:28:35.873+0000] {processor.py:183} INFO - Processing /home/airflow/.local/lib/python3.8/site-packages/airflow/example_dags/example_local_kubernetes_executor.py took 0.111 seconds
[2026-01-21T09:29:06.224+0000] {processor.py:161} INFO - Started process (PID=1126) to work on /home/airflow/.local/lib/python3.8/site-packages/airflow/example_dags/example_local_kubernetes_executor.py
[2026-01-21T09:29:06.226+0000] {processor.py:830} INFO - Processing file /home/airflow/.local/lib/python3.8/site-packages/airflow/example_dags/example_local_kubernetes_executor.py for tasks to queue
[2026-01-21T09:29:06.228+0000] {logging_mixin.py:188} INFO - [2026-01-21T09:29:06.228+0000] {dagbag.py:538} INFO - Filling up the DagBag from /home/airflow/.local/lib/python3.8/site-packages/airflow/example_dags/example_local_kubernetes_executor.py
[2026-01-21T09:29:06.238+0000] {processor.py:840} INFO - DAG(s) 'example_local_kubernetes_executor' retrieved from /home/airflow/.local/lib/python3.8/site-packages/airflow/example_dags/example_local_kubernetes_executor.py
[2026-01-21T09:29:06.291+0000] {logging_mixin.py:188} INFO - [2026-01-21T09:29:06.290+0000] {dag.py:3036} INFO - Sync 1 DAGs
[2026-01-21T09:29:06.313+0000] {logging_mixin.py:188} INFO - [2026-01-21T09:29:06.312+0000] {dag.py:3823} INFO - Setting next_dagrun for example_local_kubernetes_executor to None, run_after=None
[2026-01-21T09:29:06.341+0000] {processor.py:183} INFO - Processing /home/airflow/.local/lib/python3.8/site-packages/airflow/example_dags/example_local_kubernetes_executor.py took 0.122 seconds
[2026-01-21T09:29:36.501+0000] {processor.py:161} INFO - Started process (PID=1191) to work on /home/airflow/.local/lib/python3.8/site-packages/airflow/example_dags/example_local_kubernetes_executor.py
[2026-01-21T09:29:36.502+0000] {processor.py:830} INFO - Processing file /home/airflow/.local/lib/python3.8/site-packages/airflow/example_dags/example_local_kubernetes_executor.py for tasks to queue
[2026-01-21T09:29:36.505+0000] {logging_mixin.py:188} INFO - [2026-01-21T09:29:36.505+0000] {dagbag.py:538} INFO - Filling up the DagBag from /home/airflow/.local/lib/python3.8/site-packages/airflow/example_dags/example_local_kubernetes_executor.py
[2026-01-21T09:29:36.515+0000] {processor.py:840} INFO - DAG(s) 'example_local_kubernetes_executor' retrieved from /home/airflow/.local/lib/python3.8/site-packages/airflow/example_dags/example_local_kubernetes_executor.py
[2026-01-21T09:29:36.574+0000] {logging_mixin.py:188} INFO - [2026-01-21T09:29:36.573+0000] {dag.py:3036} INFO - Sync 1 DAGs
[2026-01-21T09:29:36.595+0000] {logging_mixin.py:188} INFO - [2026-01-21T09:29:36.595+0000] {dag.py:3823} INFO - Setting next_dagrun for example_local_kubernetes_executor to None, run_after=None
[2026-01-21T09:29:36.629+0000] {processor.py:183} INFO - Processing /home/airflow/.local/lib/python3.8/site-packages/airflow/example_dags/example_local_kubernetes_executor.py took 0.133 seconds
[2026-01-21T09:30:06.894+0000] {processor.py:161} INFO - Started process (PID=1257) to work on /home/airflow/.local/lib/python3.8/site-packages/airflow/example_dags/example_local_kubernetes_executor.py
[2026-01-21T09:30:06.896+0000] {processor.py:830} INFO - Processing file /home/airflow/.local/lib/python3.8/site-packages/airflow/example_dags/example_local_kubernetes_executor.py for tasks to queue
[2026-01-21T09:30:06.898+0000] {logging_mixin.py:188} INFO - [2026-01-21T09:30:06.898+0000] {dagbag.py:538} INFO - Filling up the DagBag from /home/airflow/.local/lib/python3.8/site-packages/airflow/example_dags/example_local_kubernetes_executor.py
[2026-01-21T09:30:06.908+0000] {processor.py:840} INFO - DAG(s) 'example_local_kubernetes_executor' retrieved from /home/airflow/.local/lib/python3.8/site-packages/airflow/example_dags/example_local_kubernetes_executor.py
[2026-01-21T09:30:06.962+0000] {logging_mixin.py:188} INFO - [2026-01-21T09:30:06.961+0000] {dag.py:3036} INFO - Sync 1 DAGs
[2026-01-21T09:30:06.982+0000] {logging_mixin.py:188} INFO - [2026-01-21T09:30:06.982+0000] {dag.py:3823} INFO - Setting next_dagrun for example_local_kubernetes_executor to None, run_after=None
[2026-01-21T09:30:07.009+0000] {processor.py:183} INFO - Processing /home/airflow/.local/lib/python3.8/site-packages/airflow/example_dags/example_local_kubernetes_executor.py took 0.120 seconds
[2026-01-21T09:30:37.406+0000] {processor.py:161} INFO - Started process (PID=1322) to work on /home/airflow/.local/lib/python3.8/site-packages/airflow/example_dags/example_local_kubernetes_executor.py
[2026-01-21T09:30:37.407+0000] {processor.py:830} INFO - Processing file /home/airflow/.local/lib/python3.8/site-packages/airflow/example_dags/example_local_kubernetes_executor.py for tasks to queue
[2026-01-21T09:30:37.416+0000] {logging_mixin.py:188} INFO - [2026-01-21T09:30:37.416+0000] {dagbag.py:538} INFO - Filling up the DagBag from /home/airflow/.local/lib/python3.8/site-packages/airflow/example_dags/example_local_kubernetes_executor.py
[2026-01-21T09:30:37.450+0000] {processor.py:840} INFO - DAG(s) 'example_local_kubernetes_executor' retrieved from /home/airflow/.local/lib/python3.8/site-packages/airflow/example_dags/example_local_kubernetes_executor.py
[2026-01-21T09:30:37.520+0000] {logging_mixin.py:188} INFO - [2026-01-21T09:30:37.520+0000] {dag.py:3036} INFO - Sync 1 DAGs
[2026-01-21T09:30:37.542+0000] {logging_mixin.py:188} INFO - [2026-01-21T09:30:37.542+0000] {dag.py:3823} INFO - Setting next_dagrun for example_local_kubernetes_executor to None, run_after=None
[2026-01-21T09:30:37.580+0000] {processor.py:183} INFO - Processing /home/airflow/.local/lib/python3.8/site-packages/airflow/example_dags/example_local_kubernetes_executor.py took 0.180 seconds
[2026-01-21T09:31:08.042+0000] {processor.py:161} INFO - Started process (PID=1394) to work on /home/airflow/.local/lib/python3.8/site-packages/airflow/example_dags/example_local_kubernetes_executor.py
[2026-01-21T09:31:08.044+0000] {processor.py:830} INFO - Processing file /home/airflow/.local/lib/python3.8/site-packages/airflow/example_dags/example_local_kubernetes_executor.py for tasks to queue
[2026-01-21T09:31:08.047+0000] {logging_mixin.py:188} INFO - [2026-01-21T09:31:08.046+0000] {dagbag.py:538} INFO - Filling up the DagBag from /home/airflow/.local/lib/python3.8/site-packages/airflow/example_dags/example_local_kubernetes_executor.py
[2026-01-21T09:31:08.060+0000] {processor.py:840} INFO - DAG(s) 'example_local_kubernetes_executor' retrieved from /home/airflow/.local/lib/python3.8/site-packages/airflow/example_dags/example_local_kubernetes_executor.py
[2026-01-21T09:31:08.120+0000] {logging_mixin.py:188} INFO - [2026-01-21T09:31:08.119+0000] {dag.py:3036} INFO - Sync 1 DAGs
[2026-01-21T09:31:08.142+0000] {logging_mixin.py:188} INFO - [2026-01-21T09:31:08.142+0000] {dag.py:3823} INFO - Setting next_dagrun for example_local_kubernetes_executor to None, run_after=None
[2026-01-21T09:31:08.172+0000] {processor.py:183} INFO - Processing /home/airflow/.local/lib/python3.8/site-packages/airflow/example_dags/example_local_kubernetes_executor.py took 0.136 seconds
[2026-01-21T09:31:38.344+0000] {processor.py:161} INFO - Started process (PID=1457) to work on /home/airflow/.local/lib/python3.8/site-packages/airflow/example_dags/example_local_kubernetes_executor.py
[2026-01-21T09:31:38.345+0000] {processor.py:830} INFO - Processing file /home/airflow/.local/lib/python3.8/site-packages/airflow/example_dags/example_local_kubernetes_executor.py for tasks to queue
[2026-01-21T09:31:38.349+0000] {logging_mixin.py:188} INFO - [2026-01-21T09:31:38.348+0000] {dagbag.py:538} INFO - Filling up the DagBag from /home/airflow/.local/lib/python3.8/site-packages/airflow/example_dags/example_local_kubernetes_executor.py
[2026-01-21T09:31:38.361+0000] {processor.py:840} INFO - DAG(s) 'example_local_kubernetes_executor' retrieved from /home/airflow/.local/lib/python3.8/site-packages/airflow/example_dags/example_local_kubernetes_executor.py
[2026-01-21T09:31:38.424+0000] {logging_mixin.py:188} INFO - [2026-01-21T09:31:38.423+0000] {dag.py:3036} INFO - Sync 1 DAGs
[2026-01-21T09:31:38.445+0000] {logging_mixin.py:188} INFO - [2026-01-21T09:31:38.444+0000] {dag.py:3823} INFO - Setting next_dagrun for example_local_kubernetes_executor to None, run_after=None
[2026-01-21T09:31:38.474+0000] {processor.py:183} INFO - Processing /home/airflow/.local/lib/python3.8/site-packages/airflow/example_dags/example_local_kubernetes_executor.py took 0.136 seconds
[2026-01-21T09:32:09.012+0000] {processor.py:161} INFO - Started process (PID=1523) to work on /home/airflow/.local/lib/python3.8/site-packages/airflow/example_dags/example_local_kubernetes_executor.py
[2026-01-21T09:32:09.014+0000] {processor.py:830} INFO - Processing file /home/airflow/.local/lib/python3.8/site-packages/airflow/example_dags/example_local_kubernetes_executor.py for tasks to queue
[2026-01-21T09:32:09.016+0000] {logging_mixin.py:188} INFO - [2026-01-21T09:32:09.015+0000] {dagbag.py:538} INFO - Filling up the DagBag from /home/airflow/.local/lib/python3.8/site-packages/airflow/example_dags/example_local_kubernetes_executor.py
[2026-01-21T09:32:09.026+0000] {processor.py:840} INFO - DAG(s) 'example_local_kubernetes_executor' retrieved from /home/airflow/.local/lib/python3.8/site-packages/airflow/example_dags/example_local_kubernetes_executor.py
[2026-01-21T09:32:09.074+0000] {logging_mixin.py:188} INFO - [2026-01-21T09:32:09.073+0000] {dag.py:3036} INFO - Sync 1 DAGs
[2026-01-21T09:32:09.091+0000] {logging_mixin.py:188} INFO - [2026-01-21T09:32:09.090+0000] {dag.py:3823} INFO - Setting next_dagrun for example_local_kubernetes_executor to None, run_after=None
[2026-01-21T09:32:09.113+0000] {processor.py:183} INFO - Processing /home/airflow/.local/lib/python3.8/site-packages/airflow/example_dags/example_local_kubernetes_executor.py took 0.106 seconds
[2026-01-21T09:32:39.537+0000] {processor.py:161} INFO - Started process (PID=1588) to work on /home/airflow/.local/lib/python3.8/site-packages/airflow/example_dags/example_local_kubernetes_executor.py
[2026-01-21T09:32:39.538+0000] {processor.py:830} INFO - Processing file /home/airflow/.local/lib/python3.8/site-packages/airflow/example_dags/example_local_kubernetes_executor.py for tasks to queue
[2026-01-21T09:32:39.541+0000] {logging_mixin.py:188} INFO - [2026-01-21T09:32:39.540+0000] {dagbag.py:538} INFO - Filling up the DagBag from /home/airflow/.local/lib/python3.8/site-packages/airflow/example_dags/example_local_kubernetes_executor.py
[2026-01-21T09:32:39.551+0000] {processor.py:840} INFO - DAG(s) 'example_local_kubernetes_executor' retrieved from /home/airflow/.local/lib/python3.8/site-packages/airflow/example_dags/example_local_kubernetes_executor.py
[2026-01-21T09:32:39.603+0000] {logging_mixin.py:188} INFO - [2026-01-21T09:32:39.602+0000] {dag.py:3036} INFO - Sync 1 DAGs
[2026-01-21T09:32:39.622+0000] {logging_mixin.py:188} INFO - [2026-01-21T09:32:39.622+0000] {dag.py:3823} INFO - Setting next_dagrun for example_local_kubernetes_executor to None, run_after=None
[2026-01-21T09:32:39.648+0000] {processor.py:183} INFO - Processing /home/airflow/.local/lib/python3.8/site-packages/airflow/example_dags/example_local_kubernetes_executor.py took 0.116 seconds
[2026-01-21T09:33:09.755+0000] {processor.py:161} INFO - Started process (PID=1653) to work on /home/airflow/.local/lib/python3.8/site-packages/airflow/example_dags/example_local_kubernetes_executor.py
[2026-01-21T09:33:09.757+0000] {processor.py:830} INFO - Processing file /home/airflow/.local/lib/python3.8/site-packages/airflow/example_dags/example_local_kubernetes_executor.py for tasks to queue
[2026-01-21T09:33:09.759+0000] {logging_mixin.py:188} INFO - [2026-01-21T09:33:09.759+0000] {dagbag.py:538} INFO - Filling up the DagBag from /home/airflow/.local/lib/python3.8/site-packages/airflow/example_dags/example_local_kubernetes_executor.py
[2026-01-21T09:33:09.769+0000] {processor.py:840} INFO - DAG(s) 'example_local_kubernetes_executor' retrieved from /home/airflow/.local/lib/python3.8/site-packages/airflow/example_dags/example_local_kubernetes_executor.py
[2026-01-21T09:33:09.829+0000] {logging_mixin.py:188} INFO - [2026-01-21T09:33:09.829+0000] {dag.py:3036} INFO - Sync 1 DAGs
[2026-01-21T09:33:09.850+0000] {logging_mixin.py:188} INFO - [2026-01-21T09:33:09.850+0000] {dag.py:3823} INFO - Setting next_dagrun for example_local_kubernetes_executor to None, run_after=None
[2026-01-21T09:33:09.876+0000] {processor.py:183} INFO - Processing /home/airflow/.local/lib/python3.8/site-packages/airflow/example_dags/example_local_kubernetes_executor.py took 0.125 seconds
[2026-01-21T09:33:40.592+0000] {processor.py:161} INFO - Started process (PID=1718) to work on /home/airflow/.local/lib/python3.8/site-packages/airflow/example_dags/example_local_kubernetes_executor.py
[2026-01-21T09:33:40.593+0000] {processor.py:830} INFO - Processing file /home/airflow/.local/lib/python3.8/site-packages/airflow/example_dags/example_local_kubernetes_executor.py for tasks to queue
[2026-01-21T09:33:40.596+0000] {logging_mixin.py:188} INFO - [2026-01-21T09:33:40.595+0000] {dagbag.py:538} INFO - Filling up the DagBag from /home/airflow/.local/lib/python3.8/site-packages/airflow/example_dags/example_local_kubernetes_executor.py
[2026-01-21T09:33:40.608+0000] {processor.py:840} INFO - DAG(s) 'example_local_kubernetes_executor' retrieved from /home/airflow/.local/lib/python3.8/site-packages/airflow/example_dags/example_local_kubernetes_executor.py
[2026-01-21T09:33:40.661+0000] {logging_mixin.py:188} INFO - [2026-01-21T09:33:40.661+0000] {dag.py:3036} INFO - Sync 1 DAGs
[2026-01-21T09:33:40.679+0000] {logging_mixin.py:188} INFO - [2026-01-21T09:33:40.679+0000] {dag.py:3823} INFO - Setting next_dagrun for example_local_kubernetes_executor to None, run_after=None
[2026-01-21T09:33:40.703+0000] {processor.py:183} INFO - Processing /home/airflow/.local/lib/python3.8/site-packages/airflow/example_dags/example_local_kubernetes_executor.py took 0.116 seconds
[2026-01-21T09:34:11.248+0000] {processor.py:161} INFO - Started process (PID=1783) to work on /home/airflow/.local/lib/python3.8/site-packages/airflow/example_dags/example_local_kubernetes_executor.py
[2026-01-21T09:34:11.250+0000] {processor.py:830} INFO - Processing file /home/airflow/.local/lib/python3.8/site-packages/airflow/example_dags/example_local_kubernetes_executor.py for tasks to queue
[2026-01-21T09:34:11.252+0000] {logging_mixin.py:188} INFO - [2026-01-21T09:34:11.252+0000] {dagbag.py:538} INFO - Filling up the DagBag from /home/airflow/.local/lib/python3.8/site-packages/airflow/example_dags/example_local_kubernetes_executor.py
[2026-01-21T09:34:11.262+0000] {processor.py:840} INFO - DAG(s) 'example_local_kubernetes_executor' retrieved from /home/airflow/.local/lib/python3.8/site-packages/airflow/example_dags/example_local_kubernetes_executor.py
[2026-01-21T09:34:11.311+0000] {logging_mixin.py:188} INFO - [2026-01-21T09:34:11.311+0000] {dag.py:3036} INFO - Sync 1 DAGs
[2026-01-21T09:34:11.330+0000] {logging_mixin.py:188} INFO - [2026-01-21T09:34:11.330+0000] {dag.py:3823} INFO - Setting next_dagrun for example_local_kubernetes_executor to None, run_after=None
[2026-01-21T09:34:11.355+0000] {processor.py:183} INFO - Processing /home/airflow/.local/lib/python3.8/site-packages/airflow/example_dags/example_local_kubernetes_executor.py took 0.112 seconds
[2026-01-21T09:34:41.912+0000] {processor.py:161} INFO - Started process (PID=1855) to work on /home/airflow/.local/lib/python3.8/site-packages/airflow/example_dags/example_local_kubernetes_executor.py
[2026-01-21T09:34:41.929+0000] {processor.py:830} INFO - Processing file /home/airflow/.local/lib/python3.8/site-packages/airflow/example_dags/example_local_kubernetes_executor.py for tasks to queue
[2026-01-21T09:34:41.932+0000] {logging_mixin.py:188} INFO - [2026-01-21T09:34:41.931+0000] {dagbag.py:538} INFO - Filling up the DagBag from /home/airflow/.local/lib/python3.8/site-packages/airflow/example_dags/example_local_kubernetes_executor.py
[2026-01-21T09:34:41.961+0000] {processor.py:840} INFO - DAG(s) 'example_local_kubernetes_executor' retrieved from /home/airflow/.local/lib/python3.8/site-packages/airflow/example_dags/example_local_kubernetes_executor.py
[2026-01-21T09:34:42.093+0000] {logging_mixin.py:188} INFO - [2026-01-21T09:34:42.092+0000] {dag.py:3036} INFO - Sync 1 DAGs
[2026-01-21T09:34:42.148+0000] {logging_mixin.py:188} INFO - [2026-01-21T09:34:42.147+0000] {dag.py:3823} INFO - Setting next_dagrun for example_local_kubernetes_executor to None, run_after=None
[2026-01-21T09:34:42.209+0000] {processor.py:183} INFO - Processing /home/airflow/.local/lib/python3.8/site-packages/airflow/example_dags/example_local_kubernetes_executor.py took 0.314 seconds
[2026-01-21T09:35:12.433+0000] {processor.py:161} INFO - Started process (PID=1919) to work on /home/airflow/.local/lib/python3.8/site-packages/airflow/example_dags/example_local_kubernetes_executor.py
[2026-01-21T09:35:12.441+0000] {processor.py:830} INFO - Processing file /home/airflow/.local/lib/python3.8/site-packages/airflow/example_dags/example_local_kubernetes_executor.py for tasks to queue
[2026-01-21T09:35:12.444+0000] {logging_mixin.py:188} INFO - [2026-01-21T09:35:12.443+0000] {dagbag.py:538} INFO - Filling up the DagBag from /home/airflow/.local/lib/python3.8/site-packages/airflow/example_dags/example_local_kubernetes_executor.py
[2026-01-21T09:35:12.468+0000] {processor.py:840} INFO - DAG(s) 'example_local_kubernetes_executor' retrieved from /home/airflow/.local/lib/python3.8/site-packages/airflow/example_dags/example_local_kubernetes_executor.py
[2026-01-21T09:35:12.545+0000] {logging_mixin.py:188} INFO - [2026-01-21T09:35:12.544+0000] {dag.py:3036} INFO - Sync 1 DAGs
[2026-01-21T09:35:12.568+0000] {logging_mixin.py:188} INFO - [2026-01-21T09:35:12.567+0000] {dag.py:3823} INFO - Setting next_dagrun for example_local_kubernetes_executor to None, run_after=None
[2026-01-21T09:35:12.598+0000] {processor.py:183} INFO - Processing /home/airflow/.local/lib/python3.8/site-packages/airflow/example_dags/example_local_kubernetes_executor.py took 0.178 seconds
[2026-01-21T09:35:42.833+0000] {processor.py:161} INFO - Started process (PID=1984) to work on /home/airflow/.local/lib/python3.8/site-packages/airflow/example_dags/example_local_kubernetes_executor.py
[2026-01-21T09:35:42.834+0000] {processor.py:830} INFO - Processing file /home/airflow/.local/lib/python3.8/site-packages/airflow/example_dags/example_local_kubernetes_executor.py for tasks to queue
[2026-01-21T09:35:42.837+0000] {logging_mixin.py:188} INFO - [2026-01-21T09:35:42.836+0000] {dagbag.py:538} INFO - Filling up the DagBag from /home/airflow/.local/lib/python3.8/site-packages/airflow/example_dags/example_local_kubernetes_executor.py
[2026-01-21T09:35:42.858+0000] {processor.py:840} INFO - DAG(s) 'example_local_kubernetes_executor' retrieved from /home/airflow/.local/lib/python3.8/site-packages/airflow/example_dags/example_local_kubernetes_executor.py
[2026-01-21T09:35:42.939+0000] {logging_mixin.py:188} INFO - [2026-01-21T09:35:42.938+0000] {dag.py:3036} INFO - Sync 1 DAGs
[2026-01-21T09:35:42.962+0000] {logging_mixin.py:188} INFO - [2026-01-21T09:35:42.961+0000] {dag.py:3823} INFO - Setting next_dagrun for example_local_kubernetes_executor to None, run_after=None
[2026-01-21T09:35:42.999+0000] {processor.py:183} INFO - Processing /home/airflow/.local/lib/python3.8/site-packages/airflow/example_dags/example_local_kubernetes_executor.py took 0.177 seconds
[2026-01-21T09:36:13.171+0000] {processor.py:161} INFO - Started process (PID=2048) to work on /home/airflow/.local/lib/python3.8/site-packages/airflow/example_dags/example_local_kubernetes_executor.py
[2026-01-21T09:36:13.173+0000] {processor.py:830} INFO - Processing file /home/airflow/.local/lib/python3.8/site-packages/airflow/example_dags/example_local_kubernetes_executor.py for tasks to queue
[2026-01-21T09:36:13.175+0000] {logging_mixin.py:188} INFO - [2026-01-21T09:36:13.175+0000] {dagbag.py:538} INFO - Filling up the DagBag from /home/airflow/.local/lib/python3.8/site-packages/airflow/example_dags/example_local_kubernetes_executor.py
[2026-01-21T09:36:13.185+0000] {processor.py:840} INFO - DAG(s) 'example_local_kubernetes_executor' retrieved from /home/airflow/.local/lib/python3.8/site-packages/airflow/example_dags/example_local_kubernetes_executor.py
[2026-01-21T09:36:13.236+0000] {logging_mixin.py:188} INFO - [2026-01-21T09:36:13.236+0000] {dag.py:3036} INFO - Sync 1 DAGs
[2026-01-21T09:36:13.256+0000] {logging_mixin.py:188} INFO - [2026-01-21T09:36:13.255+0000] {dag.py:3823} INFO - Setting next_dagrun for example_local_kubernetes_executor to None, run_after=None
[2026-01-21T09:36:13.281+0000] {processor.py:183} INFO - Processing /home/airflow/.local/lib/python3.8/site-packages/airflow/example_dags/example_local_kubernetes_executor.py took 0.114 seconds
[2026-01-21T09:36:43.434+0000] {processor.py:161} INFO - Started process (PID=2112) to work on /home/airflow/.local/lib/python3.8/site-packages/airflow/example_dags/example_local_kubernetes_executor.py
[2026-01-21T09:36:43.436+0000] {processor.py:830} INFO - Processing file /home/airflow/.local/lib/python3.8/site-packages/airflow/example_dags/example_local_kubernetes_executor.py for tasks to queue
[2026-01-21T09:36:43.438+0000] {logging_mixin.py:188} INFO - [2026-01-21T09:36:43.438+0000] {dagbag.py:538} INFO - Filling up the DagBag from /home/airflow/.local/lib/python3.8/site-packages/airflow/example_dags/example_local_kubernetes_executor.py
[2026-01-21T09:36:43.448+0000] {processor.py:840} INFO - DAG(s) 'example_local_kubernetes_executor' retrieved from /home/airflow/.local/lib/python3.8/site-packages/airflow/example_dags/example_local_kubernetes_executor.py
[2026-01-21T09:36:43.504+0000] {logging_mixin.py:188} INFO - [2026-01-21T09:36:43.503+0000] {dag.py:3036} INFO - Sync 1 DAGs
[2026-01-21T09:36:43.522+0000] {logging_mixin.py:188} INFO - [2026-01-21T09:36:43.521+0000] {dag.py:3823} INFO - Setting next_dagrun for example_local_kubernetes_executor to None, run_after=None
[2026-01-21T09:36:43.547+0000] {processor.py:183} INFO - Processing /home/airflow/.local/lib/python3.8/site-packages/airflow/example_dags/example_local_kubernetes_executor.py took 0.118 seconds
[2026-01-21T09:37:13.681+0000] {processor.py:161} INFO - Started process (PID=2176) to work on /home/airflow/.local/lib/python3.8/site-packages/airflow/example_dags/example_local_kubernetes_executor.py
[2026-01-21T09:37:13.683+0000] {processor.py:830} INFO - Processing file /home/airflow/.local/lib/python3.8/site-packages/airflow/example_dags/example_local_kubernetes_executor.py for tasks to queue
[2026-01-21T09:37:13.686+0000] {logging_mixin.py:188} INFO - [2026-01-21T09:37:13.685+0000] {dagbag.py:538} INFO - Filling up the DagBag from /home/airflow/.local/lib/python3.8/site-packages/airflow/example_dags/example_local_kubernetes_executor.py
[2026-01-21T09:37:13.698+0000] {processor.py:840} INFO - DAG(s) 'example_local_kubernetes_executor' retrieved from /home/airflow/.local/lib/python3.8/site-packages/airflow/example_dags/example_local_kubernetes_executor.py
[2026-01-21T09:37:13.759+0000] {logging_mixin.py:188} INFO - [2026-01-21T09:37:13.758+0000] {dag.py:3036} INFO - Sync 1 DAGs
[2026-01-21T09:37:13.782+0000] {logging_mixin.py:188} INFO - [2026-01-21T09:37:13.781+0000] {dag.py:3823} INFO - Setting next_dagrun for example_local_kubernetes_executor to None, run_after=None
[2026-01-21T09:37:13.814+0000] {processor.py:183} INFO - Processing /home/airflow/.local/lib/python3.8/site-packages/airflow/example_dags/example_local_kubernetes_executor.py took 0.139 seconds
[2026-01-21T09:37:44.566+0000] {processor.py:161} INFO - Started process (PID=2241) to work on /home/airflow/.local/lib/python3.8/site-packages/airflow/example_dags/example_local_kubernetes_executor.py
[2026-01-21T09:37:44.568+0000] {processor.py:830} INFO - Processing file /home/airflow/.local/lib/python3.8/site-packages/airflow/example_dags/example_local_kubernetes_executor.py for tasks to queue
[2026-01-21T09:37:44.571+0000] {logging_mixin.py:188} INFO - [2026-01-21T09:37:44.570+0000] {dagbag.py:538} INFO - Filling up the DagBag from /home/airflow/.local/lib/python3.8/site-packages/airflow/example_dags/example_local_kubernetes_executor.py
[2026-01-21T09:37:44.583+0000] {processor.py:840} INFO - DAG(s) 'example_local_kubernetes_executor' retrieved from /home/airflow/.local/lib/python3.8/site-packages/airflow/example_dags/example_local_kubernetes_executor.py
[2026-01-21T09:37:44.646+0000] {logging_mixin.py:188} INFO - [2026-01-21T09:37:44.646+0000] {dag.py:3036} INFO - Sync 1 DAGs
[2026-01-21T09:37:44.672+0000] {logging_mixin.py:188} INFO - [2026-01-21T09:37:44.671+0000] {dag.py:3823} INFO - Setting next_dagrun for example_local_kubernetes_executor to None, run_after=None
[2026-01-21T09:37:44.704+0000] {processor.py:183} INFO - Processing /home/airflow/.local/lib/python3.8/site-packages/airflow/example_dags/example_local_kubernetes_executor.py took 0.145 seconds
[2026-01-21T09:38:14.819+0000] {processor.py:161} INFO - Started process (PID=2313) to work on /home/airflow/.local/lib/python3.8/site-packages/airflow/example_dags/example_local_kubernetes_executor.py
[2026-01-21T09:38:14.821+0000] {processor.py:830} INFO - Processing file /home/airflow/.local/lib/python3.8/site-packages/airflow/example_dags/example_local_kubernetes_executor.py for tasks to queue
[2026-01-21T09:38:14.824+0000] {logging_mixin.py:188} INFO - [2026-01-21T09:38:14.823+0000] {dagbag.py:538} INFO - Filling up the DagBag from /home/airflow/.local/lib/python3.8/site-packages/airflow/example_dags/example_local_kubernetes_executor.py
[2026-01-21T09:38:14.837+0000] {processor.py:840} INFO - DAG(s) 'example_local_kubernetes_executor' retrieved from /home/airflow/.local/lib/python3.8/site-packages/airflow/example_dags/example_local_kubernetes_executor.py
[2026-01-21T09:38:14.899+0000] {logging_mixin.py:188} INFO - [2026-01-21T09:38:14.899+0000] {dag.py:3036} INFO - Sync 1 DAGs
[2026-01-21T09:38:14.921+0000] {logging_mixin.py:188} INFO - [2026-01-21T09:38:14.920+0000] {dag.py:3823} INFO - Setting next_dagrun for example_local_kubernetes_executor to None, run_after=None
[2026-01-21T09:38:14.956+0000] {processor.py:183} INFO - Processing /home/airflow/.local/lib/python3.8/site-packages/airflow/example_dags/example_local_kubernetes_executor.py took 0.143 seconds
[2026-01-21T09:38:45.537+0000] {processor.py:161} INFO - Started process (PID=2379) to work on /home/airflow/.local/lib/python3.8/site-packages/airflow/example_dags/example_local_kubernetes_executor.py
[2026-01-21T09:38:45.539+0000] {processor.py:830} INFO - Processing file /home/airflow/.local/lib/python3.8/site-packages/airflow/example_dags/example_local_kubernetes_executor.py for tasks to queue
[2026-01-21T09:38:45.542+0000] {logging_mixin.py:188} INFO - [2026-01-21T09:38:45.541+0000] {dagbag.py:538} INFO - Filling up the DagBag from /home/airflow/.local/lib/python3.8/site-packages/airflow/example_dags/example_local_kubernetes_executor.py
[2026-01-21T09:38:45.554+0000] {processor.py:840} INFO - DAG(s) 'example_local_kubernetes_executor' retrieved from /home/airflow/.local/lib/python3.8/site-packages/airflow/example_dags/example_local_kubernetes_executor.py
[2026-01-21T09:38:45.617+0000] {logging_mixin.py:188} INFO - [2026-01-21T09:38:45.616+0000] {dag.py:3036} INFO - Sync 1 DAGs
[2026-01-21T09:38:45.640+0000] {logging_mixin.py:188} INFO - [2026-01-21T09:38:45.639+0000] {dag.py:3823} INFO - Setting next_dagrun for example_local_kubernetes_executor to None, run_after=None
[2026-01-21T09:38:45.669+0000] {processor.py:183} INFO - Processing /home/airflow/.local/lib/python3.8/site-packages/airflow/example_dags/example_local_kubernetes_executor.py took 0.137 seconds
[2026-01-21T09:39:15.972+0000] {processor.py:161} INFO - Started process (PID=2445) to work on /home/airflow/.local/lib/python3.8/site-packages/airflow/example_dags/example_local_kubernetes_executor.py
[2026-01-21T09:39:15.973+0000] {processor.py:830} INFO - Processing file /home/airflow/.local/lib/python3.8/site-packages/airflow/example_dags/example_local_kubernetes_executor.py for tasks to queue
[2026-01-21T09:39:15.975+0000] {logging_mixin.py:188} INFO - [2026-01-21T09:39:15.975+0000] {dagbag.py:538} INFO - Filling up the DagBag from /home/airflow/.local/lib/python3.8/site-packages/airflow/example_dags/example_local_kubernetes_executor.py
[2026-01-21T09:39:15.985+0000] {processor.py:840} INFO - DAG(s) 'example_local_kubernetes_executor' retrieved from /home/airflow/.local/lib/python3.8/site-packages/airflow/example_dags/example_local_kubernetes_executor.py
[2026-01-21T09:39:16.037+0000] {logging_mixin.py:188} INFO - [2026-01-21T09:39:16.037+0000] {dag.py:3036} INFO - Sync 1 DAGs
[2026-01-21T09:39:16.058+0000] {logging_mixin.py:188} INFO - [2026-01-21T09:39:16.057+0000] {dag.py:3823} INFO - Setting next_dagrun for example_local_kubernetes_executor to None, run_after=None
[2026-01-21T09:39:16.093+0000] {processor.py:183} INFO - Processing /home/airflow/.local/lib/python3.8/site-packages/airflow/example_dags/example_local_kubernetes_executor.py took 0.126 seconds
[2026-01-21T09:39:46.169+0000] {processor.py:161} INFO - Started process (PID=2508) to work on /home/airflow/.local/lib/python3.8/site-packages/airflow/example_dags/example_local_kubernetes_executor.py
[2026-01-21T09:39:46.171+0000] {processor.py:830} INFO - Processing file /home/airflow/.local/lib/python3.8/site-packages/airflow/example_dags/example_local_kubernetes_executor.py for tasks to queue
[2026-01-21T09:39:46.173+0000] {logging_mixin.py:188} INFO - [2026-01-21T09:39:46.173+0000] {dagbag.py:538} INFO - Filling up the DagBag from /home/airflow/.local/lib/python3.8/site-packages/airflow/example_dags/example_local_kubernetes_executor.py
[2026-01-21T09:39:46.186+0000] {processor.py:840} INFO - DAG(s) 'example_local_kubernetes_executor' retrieved from /home/airflow/.local/lib/python3.8/site-packages/airflow/example_dags/example_local_kubernetes_executor.py
[2026-01-21T09:39:46.239+0000] {logging_mixin.py:188} INFO - [2026-01-21T09:39:46.238+0000] {dag.py:3036} INFO - Sync 1 DAGs
[2026-01-21T09:39:46.263+0000] {logging_mixin.py:188} INFO - [2026-01-21T09:39:46.263+0000] {dag.py:3823} INFO - Setting next_dagrun for example_local_kubernetes_executor to None, run_after=None
[2026-01-21T09:39:46.289+0000] {processor.py:183} INFO - Processing /home/airflow/.local/lib/python3.8/site-packages/airflow/example_dags/example_local_kubernetes_executor.py took 0.126 seconds
[2026-01-21T09:40:16.407+0000] {processor.py:161} INFO - Started process (PID=2572) to work on /home/airflow/.local/lib/python3.8/site-packages/airflow/example_dags/example_local_kubernetes_executor.py
[2026-01-21T09:40:16.409+0000] {processor.py:830} INFO - Processing file /home/airflow/.local/lib/python3.8/site-packages/airflow/example_dags/example_local_kubernetes_executor.py for tasks to queue
[2026-01-21T09:40:16.411+0000] {logging_mixin.py:188} INFO - [2026-01-21T09:40:16.411+0000] {dagbag.py:538} INFO - Filling up the DagBag from /home/airflow/.local/lib/python3.8/site-packages/airflow/example_dags/example_local_kubernetes_executor.py
[2026-01-21T09:40:16.423+0000] {processor.py:840} INFO - DAG(s) 'example_local_kubernetes_executor' retrieved from /home/airflow/.local/lib/python3.8/site-packages/airflow/example_dags/example_local_kubernetes_executor.py
[2026-01-21T09:40:16.474+0000] {logging_mixin.py:188} INFO - [2026-01-21T09:40:16.474+0000] {dag.py:3036} INFO - Sync 1 DAGs
[2026-01-21T09:40:16.493+0000] {logging_mixin.py:188} INFO - [2026-01-21T09:40:16.493+0000] {dag.py:3823} INFO - Setting next_dagrun for example_local_kubernetes_executor to None, run_after=None
[2026-01-21T09:40:16.521+0000] {processor.py:183} INFO - Processing /home/airflow/.local/lib/python3.8/site-packages/airflow/example_dags/example_local_kubernetes_executor.py took 0.119 seconds
[2026-01-21T09:40:46.656+0000] {processor.py:161} INFO - Started process (PID=2637) to work on /home/airflow/.local/lib/python3.8/site-packages/airflow/example_dags/example_local_kubernetes_executor.py
[2026-01-21T09:40:46.658+0000] {processor.py:830} INFO - Processing file /home/airflow/.local/lib/python3.8/site-packages/airflow/example_dags/example_local_kubernetes_executor.py for tasks to queue
[2026-01-21T09:40:46.660+0000] {logging_mixin.py:188} INFO - [2026-01-21T09:40:46.659+0000] {dagbag.py:538} INFO - Filling up the DagBag from /home/airflow/.local/lib/python3.8/site-packages/airflow/example_dags/example_local_kubernetes_executor.py
[2026-01-21T09:40:46.670+0000] {processor.py:840} INFO - DAG(s) 'example_local_kubernetes_executor' retrieved from /home/airflow/.local/lib/python3.8/site-packages/airflow/example_dags/example_local_kubernetes_executor.py
[2026-01-21T09:40:46.721+0000] {logging_mixin.py:188} INFO - [2026-01-21T09:40:46.720+0000] {dag.py:3036} INFO - Sync 1 DAGs
[2026-01-21T09:40:46.739+0000] {logging_mixin.py:188} INFO - [2026-01-21T09:40:46.738+0000] {dag.py:3823} INFO - Setting next_dagrun for example_local_kubernetes_executor to None, run_after=None
[2026-01-21T09:40:46.765+0000] {processor.py:183} INFO - Processing /home/airflow/.local/lib/python3.8/site-packages/airflow/example_dags/example_local_kubernetes_executor.py took 0.114 seconds
[2026-01-21T09:41:16.981+0000] {processor.py:161} INFO - Started process (PID=2701) to work on /home/airflow/.local/lib/python3.8/site-packages/airflow/example_dags/example_local_kubernetes_executor.py
[2026-01-21T09:41:16.982+0000] {processor.py:830} INFO - Processing file /home/airflow/.local/lib/python3.8/site-packages/airflow/example_dags/example_local_kubernetes_executor.py for tasks to queue
[2026-01-21T09:41:16.985+0000] {logging_mixin.py:188} INFO - [2026-01-21T09:41:16.984+0000] {dagbag.py:538} INFO - Filling up the DagBag from /home/airflow/.local/lib/python3.8/site-packages/airflow/example_dags/example_local_kubernetes_executor.py
[2026-01-21T09:41:16.995+0000] {processor.py:840} INFO - DAG(s) 'example_local_kubernetes_executor' retrieved from /home/airflow/.local/lib/python3.8/site-packages/airflow/example_dags/example_local_kubernetes_executor.py
[2026-01-21T09:41:17.052+0000] {logging_mixin.py:188} INFO - [2026-01-21T09:41:17.052+0000] {dag.py:3036} INFO - Sync 1 DAGs
[2026-01-21T09:41:17.074+0000] {logging_mixin.py:188} INFO - [2026-01-21T09:41:17.073+0000] {dag.py:3823} INFO - Setting next_dagrun for example_local_kubernetes_executor to None, run_after=None
[2026-01-21T09:41:17.102+0000] {processor.py:183} INFO - Processing /home/airflow/.local/lib/python3.8/site-packages/airflow/example_dags/example_local_kubernetes_executor.py took 0.126 seconds
[2026-01-21T09:41:47.233+0000] {processor.py:161} INFO - Started process (PID=2773) to work on /home/airflow/.local/lib/python3.8/site-packages/airflow/example_dags/example_local_kubernetes_executor.py
[2026-01-21T09:41:47.235+0000] {processor.py:830} INFO - Processing file /home/airflow/.local/lib/python3.8/site-packages/airflow/example_dags/example_local_kubernetes_executor.py for tasks to queue
[2026-01-21T09:41:47.237+0000] {logging_mixin.py:188} INFO - [2026-01-21T09:41:47.236+0000] {dagbag.py:538} INFO - Filling up the DagBag from /home/airflow/.local/lib/python3.8/site-packages/airflow/example_dags/example_local_kubernetes_executor.py
[2026-01-21T09:41:47.247+0000] {processor.py:840} INFO - DAG(s) 'example_local_kubernetes_executor' retrieved from /home/airflow/.local/lib/python3.8/site-packages/airflow/example_dags/example_local_kubernetes_executor.py
[2026-01-21T09:41:47.301+0000] {logging_mixin.py:188} INFO - [2026-01-21T09:41:47.301+0000] {dag.py:3036} INFO - Sync 1 DAGs
[2026-01-21T09:41:47.324+0000] {logging_mixin.py:188} INFO - [2026-01-21T09:41:47.323+0000] {dag.py:3823} INFO - Setting next_dagrun for example_local_kubernetes_executor to None, run_after=None
[2026-01-21T09:41:47.356+0000] {processor.py:183} INFO - Processing /home/airflow/.local/lib/python3.8/site-packages/airflow/example_dags/example_local_kubernetes_executor.py took 0.128 seconds
[2026-01-21T09:42:17.595+0000] {processor.py:161} INFO - Started process (PID=2836) to work on /home/airflow/.local/lib/python3.8/site-packages/airflow/example_dags/example_local_kubernetes_executor.py
[2026-01-21T09:42:17.596+0000] {processor.py:830} INFO - Processing file /home/airflow/.local/lib/python3.8/site-packages/airflow/example_dags/example_local_kubernetes_executor.py for tasks to queue
[2026-01-21T09:42:17.599+0000] {logging_mixin.py:188} INFO - [2026-01-21T09:42:17.599+0000] {dagbag.py:538} INFO - Filling up the DagBag from /home/airflow/.local/lib/python3.8/site-packages/airflow/example_dags/example_local_kubernetes_executor.py
[2026-01-21T09:42:17.612+0000] {processor.py:840} INFO - DAG(s) 'example_local_kubernetes_executor' retrieved from /home/airflow/.local/lib/python3.8/site-packages/airflow/example_dags/example_local_kubernetes_executor.py
[2026-01-21T09:42:17.673+0000] {logging_mixin.py:188} INFO - [2026-01-21T09:42:17.673+0000] {dag.py:3036} INFO - Sync 1 DAGs
[2026-01-21T09:42:17.695+0000] {logging_mixin.py:188} INFO - [2026-01-21T09:42:17.695+0000] {dag.py:3823} INFO - Setting next_dagrun for example_local_kubernetes_executor to None, run_after=None
[2026-01-21T09:42:17.726+0000] {processor.py:183} INFO - Processing /home/airflow/.local/lib/python3.8/site-packages/airflow/example_dags/example_local_kubernetes_executor.py took 0.137 seconds
[2026-01-21T09:42:48.307+0000] {processor.py:161} INFO - Started process (PID=2901) to work on /home/airflow/.local/lib/python3.8/site-packages/airflow/example_dags/example_local_kubernetes_executor.py
[2026-01-21T09:42:48.309+0000] {processor.py:830} INFO - Processing file /home/airflow/.local/lib/python3.8/site-packages/airflow/example_dags/example_local_kubernetes_executor.py for tasks to queue
[2026-01-21T09:42:48.313+0000] {logging_mixin.py:188} INFO - [2026-01-21T09:42:48.312+0000] {dagbag.py:538} INFO - Filling up the DagBag from /home/airflow/.local/lib/python3.8/site-packages/airflow/example_dags/example_local_kubernetes_executor.py
[2026-01-21T09:42:48.326+0000] {processor.py:840} INFO - DAG(s) 'example_local_kubernetes_executor' retrieved from /home/airflow/.local/lib/python3.8/site-packages/airflow/example_dags/example_local_kubernetes_executor.py
[2026-01-21T09:42:48.389+0000] {logging_mixin.py:188} INFO - [2026-01-21T09:42:48.389+0000] {dag.py:3036} INFO - Sync 1 DAGs
[2026-01-21T09:42:48.411+0000] {logging_mixin.py:188} INFO - [2026-01-21T09:42:48.411+0000] {dag.py:3823} INFO - Setting next_dagrun for example_local_kubernetes_executor to None, run_after=None
[2026-01-21T09:42:48.446+0000] {processor.py:183} INFO - Processing /home/airflow/.local/lib/python3.8/site-packages/airflow/example_dags/example_local_kubernetes_executor.py took 0.145 seconds
[2026-01-21T09:43:18.752+0000] {processor.py:161} INFO - Started process (PID=2965) to work on /home/airflow/.local/lib/python3.8/site-packages/airflow/example_dags/example_local_kubernetes_executor.py
[2026-01-21T09:43:18.754+0000] {processor.py:830} INFO - Processing file /home/airflow/.local/lib/python3.8/site-packages/airflow/example_dags/example_local_kubernetes_executor.py for tasks to queue
[2026-01-21T09:43:18.756+0000] {logging_mixin.py:188} INFO - [2026-01-21T09:43:18.755+0000] {dagbag.py:538} INFO - Filling up the DagBag from /home/airflow/.local/lib/python3.8/site-packages/airflow/example_dags/example_local_kubernetes_executor.py
[2026-01-21T09:43:18.766+0000] {processor.py:840} INFO - DAG(s) 'example_local_kubernetes_executor' retrieved from /home/airflow/.local/lib/python3.8/site-packages/airflow/example_dags/example_local_kubernetes_executor.py
[2026-01-21T09:43:18.818+0000] {logging_mixin.py:188} INFO - [2026-01-21T09:43:18.818+0000] {dag.py:3036} INFO - Sync 1 DAGs
[2026-01-21T09:43:18.839+0000] {logging_mixin.py:188} INFO - [2026-01-21T09:43:18.839+0000] {dag.py:3823} INFO - Setting next_dagrun for example_local_kubernetes_executor to None, run_after=None
[2026-01-21T09:43:18.870+0000] {processor.py:183} INFO - Processing /home/airflow/.local/lib/python3.8/site-packages/airflow/example_dags/example_local_kubernetes_executor.py took 0.122 seconds
[2026-01-21T09:43:49.151+0000] {processor.py:161} INFO - Started process (PID=3030) to work on /home/airflow/.local/lib/python3.8/site-packages/airflow/example_dags/example_local_kubernetes_executor.py
[2026-01-21T09:43:49.153+0000] {processor.py:830} INFO - Processing file /home/airflow/.local/lib/python3.8/site-packages/airflow/example_dags/example_local_kubernetes_executor.py for tasks to queue
[2026-01-21T09:43:49.155+0000] {logging_mixin.py:188} INFO - [2026-01-21T09:43:49.155+0000] {dagbag.py:538} INFO - Filling up the DagBag from /home/airflow/.local/lib/python3.8/site-packages/airflow/example_dags/example_local_kubernetes_executor.py
[2026-01-21T09:43:49.165+0000] {processor.py:840} INFO - DAG(s) 'example_local_kubernetes_executor' retrieved from /home/airflow/.local/lib/python3.8/site-packages/airflow/example_dags/example_local_kubernetes_executor.py
[2026-01-21T09:43:49.221+0000] {logging_mixin.py:188} INFO - [2026-01-21T09:43:49.221+0000] {dag.py:3036} INFO - Sync 1 DAGs
[2026-01-21T09:43:49.239+0000] {logging_mixin.py:188} INFO - [2026-01-21T09:43:49.239+0000] {dag.py:3823} INFO - Setting next_dagrun for example_local_kubernetes_executor to None, run_after=None
[2026-01-21T09:43:49.265+0000] {processor.py:183} INFO - Processing /home/airflow/.local/lib/python3.8/site-packages/airflow/example_dags/example_local_kubernetes_executor.py took 0.118 seconds
[2026-01-21T09:44:19.602+0000] {processor.py:161} INFO - Started process (PID=3096) to work on /home/airflow/.local/lib/python3.8/site-packages/airflow/example_dags/example_local_kubernetes_executor.py
[2026-01-21T09:44:19.604+0000] {processor.py:830} INFO - Processing file /home/airflow/.local/lib/python3.8/site-packages/airflow/example_dags/example_local_kubernetes_executor.py for tasks to queue
[2026-01-21T09:44:19.607+0000] {logging_mixin.py:188} INFO - [2026-01-21T09:44:19.607+0000] {dagbag.py:538} INFO - Filling up the DagBag from /home/airflow/.local/lib/python3.8/site-packages/airflow/example_dags/example_local_kubernetes_executor.py
[2026-01-21T09:44:19.619+0000] {processor.py:840} INFO - DAG(s) 'example_local_kubernetes_executor' retrieved from /home/airflow/.local/lib/python3.8/site-packages/airflow/example_dags/example_local_kubernetes_executor.py
[2026-01-21T09:44:19.683+0000] {logging_mixin.py:188} INFO - [2026-01-21T09:44:19.682+0000] {dag.py:3036} INFO - Sync 1 DAGs
[2026-01-21T09:44:19.705+0000] {logging_mixin.py:188} INFO - [2026-01-21T09:44:19.705+0000] {dag.py:3823} INFO - Setting next_dagrun for example_local_kubernetes_executor to None, run_after=None
[2026-01-21T09:44:19.734+0000] {processor.py:183} INFO - Processing /home/airflow/.local/lib/python3.8/site-packages/airflow/example_dags/example_local_kubernetes_executor.py took 0.137 seconds
[2026-01-21T09:44:49.789+0000] {processor.py:161} INFO - Started process (PID=3161) to work on /home/airflow/.local/lib/python3.8/site-packages/airflow/example_dags/example_local_kubernetes_executor.py
[2026-01-21T09:44:49.790+0000] {processor.py:830} INFO - Processing file /home/airflow/.local/lib/python3.8/site-packages/airflow/example_dags/example_local_kubernetes_executor.py for tasks to queue
[2026-01-21T09:44:49.792+0000] {logging_mixin.py:188} INFO - [2026-01-21T09:44:49.792+0000] {dagbag.py:538} INFO - Filling up the DagBag from /home/airflow/.local/lib/python3.8/site-packages/airflow/example_dags/example_local_kubernetes_executor.py
[2026-01-21T09:44:49.802+0000] {processor.py:840} INFO - DAG(s) 'example_local_kubernetes_executor' retrieved from /home/airflow/.local/lib/python3.8/site-packages/airflow/example_dags/example_local_kubernetes_executor.py
[2026-01-21T09:44:49.858+0000] {logging_mixin.py:188} INFO - [2026-01-21T09:44:49.858+0000] {dag.py:3036} INFO - Sync 1 DAGs
[2026-01-21T09:44:49.878+0000] {logging_mixin.py:188} INFO - [2026-01-21T09:44:49.877+0000] {dag.py:3823} INFO - Setting next_dagrun for example_local_kubernetes_executor to None, run_after=None
[2026-01-21T09:44:49.906+0000] {processor.py:183} INFO - Processing /home/airflow/.local/lib/python3.8/site-packages/airflow/example_dags/example_local_kubernetes_executor.py took 0.122 seconds
[2026-01-21T09:45:20.297+0000] {processor.py:161} INFO - Started process (PID=3235) to work on /home/airflow/.local/lib/python3.8/site-packages/airflow/example_dags/example_local_kubernetes_executor.py
[2026-01-21T09:45:20.299+0000] {processor.py:830} INFO - Processing file /home/airflow/.local/lib/python3.8/site-packages/airflow/example_dags/example_local_kubernetes_executor.py for tasks to queue
[2026-01-21T09:45:20.303+0000] {logging_mixin.py:188} INFO - [2026-01-21T09:45:20.303+0000] {dagbag.py:538} INFO - Filling up the DagBag from /home/airflow/.local/lib/python3.8/site-packages/airflow/example_dags/example_local_kubernetes_executor.py
[2026-01-21T09:45:20.325+0000] {processor.py:840} INFO - DAG(s) 'example_local_kubernetes_executor' retrieved from /home/airflow/.local/lib/python3.8/site-packages/airflow/example_dags/example_local_kubernetes_executor.py
[2026-01-21T09:45:20.403+0000] {logging_mixin.py:188} INFO - [2026-01-21T09:45:20.402+0000] {dag.py:3036} INFO - Sync 1 DAGs
[2026-01-21T09:45:20.435+0000] {logging_mixin.py:188} INFO - [2026-01-21T09:45:20.434+0000] {dag.py:3823} INFO - Setting next_dagrun for example_local_kubernetes_executor to None, run_after=None
[2026-01-21T09:45:20.464+0000] {processor.py:183} INFO - Processing /home/airflow/.local/lib/python3.8/site-packages/airflow/example_dags/example_local_kubernetes_executor.py took 0.177 seconds
[2026-01-21T09:45:50.513+0000] {processor.py:161} INFO - Started process (PID=3300) to work on /home/airflow/.local/lib/python3.8/site-packages/airflow/example_dags/example_local_kubernetes_executor.py
[2026-01-21T09:45:50.515+0000] {processor.py:830} INFO - Processing file /home/airflow/.local/lib/python3.8/site-packages/airflow/example_dags/example_local_kubernetes_executor.py for tasks to queue
[2026-01-21T09:45:50.518+0000] {logging_mixin.py:188} INFO - [2026-01-21T09:45:50.518+0000] {dagbag.py:538} INFO - Filling up the DagBag from /home/airflow/.local/lib/python3.8/site-packages/airflow/example_dags/example_local_kubernetes_executor.py
[2026-01-21T09:45:50.531+0000] {processor.py:840} INFO - DAG(s) 'example_local_kubernetes_executor' retrieved from /home/airflow/.local/lib/python3.8/site-packages/airflow/example_dags/example_local_kubernetes_executor.py
[2026-01-21T09:45:50.597+0000] {logging_mixin.py:188} INFO - [2026-01-21T09:45:50.596+0000] {dag.py:3036} INFO - Sync 1 DAGs
[2026-01-21T09:45:50.629+0000] {logging_mixin.py:188} INFO - [2026-01-21T09:45:50.629+0000] {dag.py:3823} INFO - Setting next_dagrun for example_local_kubernetes_executor to None, run_after=None
[2026-01-21T09:45:50.670+0000] {processor.py:183} INFO - Processing /home/airflow/.local/lib/python3.8/site-packages/airflow/example_dags/example_local_kubernetes_executor.py took 0.163 seconds
[2026-01-21T09:46:21.113+0000] {processor.py:161} INFO - Started process (PID=3366) to work on /home/airflow/.local/lib/python3.8/site-packages/airflow/example_dags/example_local_kubernetes_executor.py
[2026-01-21T09:46:21.114+0000] {processor.py:830} INFO - Processing file /home/airflow/.local/lib/python3.8/site-packages/airflow/example_dags/example_local_kubernetes_executor.py for tasks to queue
[2026-01-21T09:46:21.117+0000] {logging_mixin.py:188} INFO - [2026-01-21T09:46:21.117+0000] {dagbag.py:538} INFO - Filling up the DagBag from /home/airflow/.local/lib/python3.8/site-packages/airflow/example_dags/example_local_kubernetes_executor.py
[2026-01-21T09:46:21.130+0000] {processor.py:840} INFO - DAG(s) 'example_local_kubernetes_executor' retrieved from /home/airflow/.local/lib/python3.8/site-packages/airflow/example_dags/example_local_kubernetes_executor.py
[2026-01-21T09:46:21.191+0000] {logging_mixin.py:188} INFO - [2026-01-21T09:46:21.191+0000] {dag.py:3036} INFO - Sync 1 DAGs
[2026-01-21T09:46:21.221+0000] {logging_mixin.py:188} INFO - [2026-01-21T09:46:21.220+0000] {dag.py:3823} INFO - Setting next_dagrun for example_local_kubernetes_executor to None, run_after=None
[2026-01-21T09:46:21.256+0000] {processor.py:183} INFO - Processing /home/airflow/.local/lib/python3.8/site-packages/airflow/example_dags/example_local_kubernetes_executor.py took 0.149 seconds
[2026-01-21T09:46:51.325+0000] {processor.py:161} INFO - Started process (PID=3431) to work on /home/airflow/.local/lib/python3.8/site-packages/airflow/example_dags/example_local_kubernetes_executor.py
[2026-01-21T09:46:51.327+0000] {processor.py:830} INFO - Processing file /home/airflow/.local/lib/python3.8/site-packages/airflow/example_dags/example_local_kubernetes_executor.py for tasks to queue
[2026-01-21T09:46:51.329+0000] {logging_mixin.py:188} INFO - [2026-01-21T09:46:51.329+0000] {dagbag.py:538} INFO - Filling up the DagBag from /home/airflow/.local/lib/python3.8/site-packages/airflow/example_dags/example_local_kubernetes_executor.py
[2026-01-21T09:46:51.340+0000] {processor.py:840} INFO - DAG(s) 'example_local_kubernetes_executor' retrieved from /home/airflow/.local/lib/python3.8/site-packages/airflow/example_dags/example_local_kubernetes_executor.py
[2026-01-21T09:46:51.400+0000] {logging_mixin.py:188} INFO - [2026-01-21T09:46:51.399+0000] {dag.py:3036} INFO - Sync 1 DAGs
[2026-01-21T09:46:51.418+0000] {logging_mixin.py:188} INFO - [2026-01-21T09:46:51.417+0000] {dag.py:3823} INFO - Setting next_dagrun for example_local_kubernetes_executor to None, run_after=None
[2026-01-21T09:46:51.443+0000] {processor.py:183} INFO - Processing /home/airflow/.local/lib/python3.8/site-packages/airflow/example_dags/example_local_kubernetes_executor.py took 0.124 seconds
[2026-01-21T09:47:22.147+0000] {processor.py:161} INFO - Started process (PID=3496) to work on /home/airflow/.local/lib/python3.8/site-packages/airflow/example_dags/example_local_kubernetes_executor.py
[2026-01-21T09:47:22.148+0000] {processor.py:830} INFO - Processing file /home/airflow/.local/lib/python3.8/site-packages/airflow/example_dags/example_local_kubernetes_executor.py for tasks to queue
[2026-01-21T09:47:22.151+0000] {logging_mixin.py:188} INFO - [2026-01-21T09:47:22.150+0000] {dagbag.py:538} INFO - Filling up the DagBag from /home/airflow/.local/lib/python3.8/site-packages/airflow/example_dags/example_local_kubernetes_executor.py
[2026-01-21T09:47:22.163+0000] {processor.py:840} INFO - DAG(s) 'example_local_kubernetes_executor' retrieved from /home/airflow/.local/lib/python3.8/site-packages/airflow/example_dags/example_local_kubernetes_executor.py
[2026-01-21T09:47:22.219+0000] {logging_mixin.py:188} INFO - [2026-01-21T09:47:22.219+0000] {dag.py:3036} INFO - Sync 1 DAGs
[2026-01-21T09:47:22.236+0000] {logging_mixin.py:188} INFO - [2026-01-21T09:47:22.236+0000] {dag.py:3823} INFO - Setting next_dagrun for example_local_kubernetes_executor to None, run_after=None
[2026-01-21T09:47:22.261+0000] {processor.py:183} INFO - Processing /home/airflow/.local/lib/python3.8/site-packages/airflow/example_dags/example_local_kubernetes_executor.py took 0.119 seconds
[2026-01-21T09:47:54.021+0000] {processor.py:161} INFO - Started process (PID=3561) to work on /home/airflow/.local/lib/python3.8/site-packages/airflow/example_dags/example_local_kubernetes_executor.py
[2026-01-21T09:47:54.023+0000] {processor.py:830} INFO - Processing file /home/airflow/.local/lib/python3.8/site-packages/airflow/example_dags/example_local_kubernetes_executor.py for tasks to queue
[2026-01-21T09:47:54.026+0000] {logging_mixin.py:188} INFO - [2026-01-21T09:47:54.025+0000] {dagbag.py:538} INFO - Filling up the DagBag from /home/airflow/.local/lib/python3.8/site-packages/airflow/example_dags/example_local_kubernetes_executor.py
[2026-01-21T09:47:54.036+0000] {processor.py:840} INFO - DAG(s) 'example_local_kubernetes_executor' retrieved from /home/airflow/.local/lib/python3.8/site-packages/airflow/example_dags/example_local_kubernetes_executor.py
[2026-01-21T09:47:54.086+0000] {logging_mixin.py:188} INFO - [2026-01-21T09:47:54.086+0000] {dag.py:3036} INFO - Sync 1 DAGs
[2026-01-21T09:47:54.266+0000] {logging_mixin.py:188} INFO - [2026-01-21T09:47:54.266+0000] {dag.py:3823} INFO - Setting next_dagrun for example_local_kubernetes_executor to None, run_after=None
[2026-01-21T09:47:54.291+0000] {processor.py:183} INFO - Processing /home/airflow/.local/lib/python3.8/site-packages/airflow/example_dags/example_local_kubernetes_executor.py took 0.274 seconds
[2026-01-21T09:48:25.037+0000] {processor.py:161} INFO - Started process (PID=3626) to work on /home/airflow/.local/lib/python3.8/site-packages/airflow/example_dags/example_local_kubernetes_executor.py
[2026-01-21T09:48:25.039+0000] {processor.py:830} INFO - Processing file /home/airflow/.local/lib/python3.8/site-packages/airflow/example_dags/example_local_kubernetes_executor.py for tasks to queue
[2026-01-21T09:48:25.041+0000] {logging_mixin.py:188} INFO - [2026-01-21T09:48:25.041+0000] {dagbag.py:538} INFO - Filling up the DagBag from /home/airflow/.local/lib/python3.8/site-packages/airflow/example_dags/example_local_kubernetes_executor.py
[2026-01-21T09:48:25.053+0000] {processor.py:840} INFO - DAG(s) 'example_local_kubernetes_executor' retrieved from /home/airflow/.local/lib/python3.8/site-packages/airflow/example_dags/example_local_kubernetes_executor.py
[2026-01-21T09:48:25.102+0000] {logging_mixin.py:188} INFO - [2026-01-21T09:48:25.101+0000] {dag.py:3036} INFO - Sync 1 DAGs
[2026-01-21T09:48:25.124+0000] {logging_mixin.py:188} INFO - [2026-01-21T09:48:25.123+0000] {dag.py:3823} INFO - Setting next_dagrun for example_local_kubernetes_executor to None, run_after=None
[2026-01-21T09:48:25.172+0000] {processor.py:183} INFO - Processing /home/airflow/.local/lib/python3.8/site-packages/airflow/example_dags/example_local_kubernetes_executor.py took 0.139 seconds
[2026-01-21T09:48:55.885+0000] {processor.py:161} INFO - Started process (PID=3700) to work on /home/airflow/.local/lib/python3.8/site-packages/airflow/example_dags/example_local_kubernetes_executor.py
[2026-01-21T09:48:55.886+0000] {processor.py:830} INFO - Processing file /home/airflow/.local/lib/python3.8/site-packages/airflow/example_dags/example_local_kubernetes_executor.py for tasks to queue
[2026-01-21T09:48:55.889+0000] {logging_mixin.py:188} INFO - [2026-01-21T09:48:55.888+0000] {dagbag.py:538} INFO - Filling up the DagBag from /home/airflow/.local/lib/python3.8/site-packages/airflow/example_dags/example_local_kubernetes_executor.py
[2026-01-21T09:48:55.902+0000] {processor.py:840} INFO - DAG(s) 'example_local_kubernetes_executor' retrieved from /home/airflow/.local/lib/python3.8/site-packages/airflow/example_dags/example_local_kubernetes_executor.py
[2026-01-21T09:48:55.964+0000] {logging_mixin.py:188} INFO - [2026-01-21T09:48:55.963+0000] {dag.py:3036} INFO - Sync 1 DAGs
[2026-01-21T09:48:55.987+0000] {logging_mixin.py:188} INFO - [2026-01-21T09:48:55.986+0000] {dag.py:3823} INFO - Setting next_dagrun for example_local_kubernetes_executor to None, run_after=None
[2026-01-21T09:48:56.017+0000] {processor.py:183} INFO - Processing /home/airflow/.local/lib/python3.8/site-packages/airflow/example_dags/example_local_kubernetes_executor.py took 0.138 seconds
[2026-01-21T09:49:26.595+0000] {processor.py:161} INFO - Started process (PID=3766) to work on /home/airflow/.local/lib/python3.8/site-packages/airflow/example_dags/example_local_kubernetes_executor.py
[2026-01-21T09:49:26.597+0000] {processor.py:830} INFO - Processing file /home/airflow/.local/lib/python3.8/site-packages/airflow/example_dags/example_local_kubernetes_executor.py for tasks to queue
[2026-01-21T09:49:26.599+0000] {logging_mixin.py:188} INFO - [2026-01-21T09:49:26.599+0000] {dagbag.py:538} INFO - Filling up the DagBag from /home/airflow/.local/lib/python3.8/site-packages/airflow/example_dags/example_local_kubernetes_executor.py
[2026-01-21T09:49:26.785+0000] {processor.py:840} INFO - DAG(s) 'example_local_kubernetes_executor' retrieved from /home/airflow/.local/lib/python3.8/site-packages/airflow/example_dags/example_local_kubernetes_executor.py
[2026-01-21T09:49:26.838+0000] {logging_mixin.py:188} INFO - [2026-01-21T09:49:26.838+0000] {dag.py:3036} INFO - Sync 1 DAGs
[2026-01-21T09:49:26.856+0000] {logging_mixin.py:188} INFO - [2026-01-21T09:49:26.855+0000] {dag.py:3823} INFO - Setting next_dagrun for example_local_kubernetes_executor to None, run_after=None
[2026-01-21T09:49:26.881+0000] {processor.py:183} INFO - Processing /home/airflow/.local/lib/python3.8/site-packages/airflow/example_dags/example_local_kubernetes_executor.py took 0.291 seconds
[2026-01-21T09:49:57.301+0000] {processor.py:161} INFO - Started process (PID=3830) to work on /home/airflow/.local/lib/python3.8/site-packages/airflow/example_dags/example_local_kubernetes_executor.py
[2026-01-21T09:49:57.302+0000] {processor.py:830} INFO - Processing file /home/airflow/.local/lib/python3.8/site-packages/airflow/example_dags/example_local_kubernetes_executor.py for tasks to queue
[2026-01-21T09:49:57.305+0000] {logging_mixin.py:188} INFO - [2026-01-21T09:49:57.304+0000] {dagbag.py:538} INFO - Filling up the DagBag from /home/airflow/.local/lib/python3.8/site-packages/airflow/example_dags/example_local_kubernetes_executor.py
[2026-01-21T09:49:57.315+0000] {processor.py:840} INFO - DAG(s) 'example_local_kubernetes_executor' retrieved from /home/airflow/.local/lib/python3.8/site-packages/airflow/example_dags/example_local_kubernetes_executor.py
[2026-01-21T09:49:57.366+0000] {logging_mixin.py:188} INFO - [2026-01-21T09:49:57.366+0000] {dag.py:3036} INFO - Sync 1 DAGs
[2026-01-21T09:49:57.385+0000] {logging_mixin.py:188} INFO - [2026-01-21T09:49:57.384+0000] {dag.py:3823} INFO - Setting next_dagrun for example_local_kubernetes_executor to None, run_after=None
[2026-01-21T09:49:57.412+0000] {processor.py:183} INFO - Processing /home/airflow/.local/lib/python3.8/site-packages/airflow/example_dags/example_local_kubernetes_executor.py took 0.115 seconds
[2026-01-21T09:50:27.757+0000] {processor.py:161} INFO - Started process (PID=3895) to work on /home/airflow/.local/lib/python3.8/site-packages/airflow/example_dags/example_local_kubernetes_executor.py
[2026-01-21T09:50:27.759+0000] {processor.py:830} INFO - Processing file /home/airflow/.local/lib/python3.8/site-packages/airflow/example_dags/example_local_kubernetes_executor.py for tasks to queue
[2026-01-21T09:50:27.761+0000] {logging_mixin.py:188} INFO - [2026-01-21T09:50:27.761+0000] {dagbag.py:538} INFO - Filling up the DagBag from /home/airflow/.local/lib/python3.8/site-packages/airflow/example_dags/example_local_kubernetes_executor.py
[2026-01-21T09:50:27.772+0000] {processor.py:840} INFO - DAG(s) 'example_local_kubernetes_executor' retrieved from /home/airflow/.local/lib/python3.8/site-packages/airflow/example_dags/example_local_kubernetes_executor.py
[2026-01-21T09:50:27.830+0000] {logging_mixin.py:188} INFO - [2026-01-21T09:50:27.829+0000] {dag.py:3036} INFO - Sync 1 DAGs
[2026-01-21T09:50:27.853+0000] {logging_mixin.py:188} INFO - [2026-01-21T09:50:27.853+0000] {dag.py:3823} INFO - Setting next_dagrun for example_local_kubernetes_executor to None, run_after=None
[2026-01-21T09:50:27.886+0000] {processor.py:183} INFO - Processing /home/airflow/.local/lib/python3.8/site-packages/airflow/example_dags/example_local_kubernetes_executor.py took 0.134 seconds
[2026-01-21T09:50:58.181+0000] {processor.py:161} INFO - Started process (PID=3960) to work on /home/airflow/.local/lib/python3.8/site-packages/airflow/example_dags/example_local_kubernetes_executor.py
[2026-01-21T09:50:58.182+0000] {processor.py:830} INFO - Processing file /home/airflow/.local/lib/python3.8/site-packages/airflow/example_dags/example_local_kubernetes_executor.py for tasks to queue
[2026-01-21T09:50:58.184+0000] {logging_mixin.py:188} INFO - [2026-01-21T09:50:58.183+0000] {dagbag.py:538} INFO - Filling up the DagBag from /home/airflow/.local/lib/python3.8/site-packages/airflow/example_dags/example_local_kubernetes_executor.py
[2026-01-21T09:50:58.194+0000] {processor.py:840} INFO - DAG(s) 'example_local_kubernetes_executor' retrieved from /home/airflow/.local/lib/python3.8/site-packages/airflow/example_dags/example_local_kubernetes_executor.py
[2026-01-21T09:50:58.250+0000] {logging_mixin.py:188} INFO - [2026-01-21T09:50:58.249+0000] {dag.py:3036} INFO - Sync 1 DAGs
[2026-01-21T09:50:58.269+0000] {logging_mixin.py:188} INFO - [2026-01-21T09:50:58.268+0000] {dag.py:3823} INFO - Setting next_dagrun for example_local_kubernetes_executor to None, run_after=None
[2026-01-21T09:50:58.295+0000] {processor.py:183} INFO - Processing /home/airflow/.local/lib/python3.8/site-packages/airflow/example_dags/example_local_kubernetes_executor.py took 0.120 seconds
[2026-01-21T09:51:28.814+0000] {processor.py:161} INFO - Started process (PID=4031) to work on /home/airflow/.local/lib/python3.8/site-packages/airflow/example_dags/example_local_kubernetes_executor.py
[2026-01-21T09:51:28.816+0000] {processor.py:830} INFO - Processing file /home/airflow/.local/lib/python3.8/site-packages/airflow/example_dags/example_local_kubernetes_executor.py for tasks to queue
[2026-01-21T09:51:28.818+0000] {logging_mixin.py:188} INFO - [2026-01-21T09:51:28.818+0000] {dagbag.py:538} INFO - Filling up the DagBag from /home/airflow/.local/lib/python3.8/site-packages/airflow/example_dags/example_local_kubernetes_executor.py
[2026-01-21T09:51:28.829+0000] {processor.py:840} INFO - DAG(s) 'example_local_kubernetes_executor' retrieved from /home/airflow/.local/lib/python3.8/site-packages/airflow/example_dags/example_local_kubernetes_executor.py
[2026-01-21T09:51:28.890+0000] {logging_mixin.py:188} INFO - [2026-01-21T09:51:28.890+0000] {dag.py:3036} INFO - Sync 1 DAGs
[2026-01-21T09:51:28.915+0000] {logging_mixin.py:188} INFO - [2026-01-21T09:51:28.914+0000] {dag.py:3823} INFO - Setting next_dagrun for example_local_kubernetes_executor to None, run_after=None
[2026-01-21T09:51:28.946+0000] {processor.py:183} INFO - Processing /home/airflow/.local/lib/python3.8/site-packages/airflow/example_dags/example_local_kubernetes_executor.py took 0.137 seconds
[2026-01-21T09:51:59.403+0000] {processor.py:161} INFO - Started process (PID=4096) to work on /home/airflow/.local/lib/python3.8/site-packages/airflow/example_dags/example_local_kubernetes_executor.py
[2026-01-21T09:51:59.404+0000] {processor.py:830} INFO - Processing file /home/airflow/.local/lib/python3.8/site-packages/airflow/example_dags/example_local_kubernetes_executor.py for tasks to queue
[2026-01-21T09:51:59.407+0000] {logging_mixin.py:188} INFO - [2026-01-21T09:51:59.407+0000] {dagbag.py:538} INFO - Filling up the DagBag from /home/airflow/.local/lib/python3.8/site-packages/airflow/example_dags/example_local_kubernetes_executor.py
[2026-01-21T09:51:59.421+0000] {processor.py:840} INFO - DAG(s) 'example_local_kubernetes_executor' retrieved from /home/airflow/.local/lib/python3.8/site-packages/airflow/example_dags/example_local_kubernetes_executor.py
[2026-01-21T09:51:59.474+0000] {logging_mixin.py:188} INFO - [2026-01-21T09:51:59.474+0000] {dag.py:3036} INFO - Sync 1 DAGs
[2026-01-21T09:51:59.494+0000] {logging_mixin.py:188} INFO - [2026-01-21T09:51:59.494+0000] {dag.py:3823} INFO - Setting next_dagrun for example_local_kubernetes_executor to None, run_after=None
[2026-01-21T09:51:59.526+0000] {processor.py:183} INFO - Processing /home/airflow/.local/lib/python3.8/site-packages/airflow/example_dags/example_local_kubernetes_executor.py took 0.129 seconds
[2026-01-21T09:52:30.285+0000] {processor.py:161} INFO - Started process (PID=4161) to work on /home/airflow/.local/lib/python3.8/site-packages/airflow/example_dags/example_local_kubernetes_executor.py
[2026-01-21T09:52:30.287+0000] {processor.py:830} INFO - Processing file /home/airflow/.local/lib/python3.8/site-packages/airflow/example_dags/example_local_kubernetes_executor.py for tasks to queue
[2026-01-21T09:52:30.289+0000] {logging_mixin.py:188} INFO - [2026-01-21T09:52:30.289+0000] {dagbag.py:538} INFO - Filling up the DagBag from /home/airflow/.local/lib/python3.8/site-packages/airflow/example_dags/example_local_kubernetes_executor.py
[2026-01-21T09:52:30.300+0000] {processor.py:840} INFO - DAG(s) 'example_local_kubernetes_executor' retrieved from /home/airflow/.local/lib/python3.8/site-packages/airflow/example_dags/example_local_kubernetes_executor.py
[2026-01-21T09:52:30.349+0000] {logging_mixin.py:188} INFO - [2026-01-21T09:52:30.348+0000] {dag.py:3036} INFO - Sync 1 DAGs
[2026-01-21T09:52:30.366+0000] {logging_mixin.py:188} INFO - [2026-01-21T09:52:30.366+0000] {dag.py:3823} INFO - Setting next_dagrun for example_local_kubernetes_executor to None, run_after=None
[2026-01-21T09:52:30.392+0000] {processor.py:183} INFO - Processing /home/airflow/.local/lib/python3.8/site-packages/airflow/example_dags/example_local_kubernetes_executor.py took 0.111 seconds
[2026-01-21T09:53:00.668+0000] {processor.py:161} INFO - Started process (PID=4226) to work on /home/airflow/.local/lib/python3.8/site-packages/airflow/example_dags/example_local_kubernetes_executor.py
[2026-01-21T09:53:00.669+0000] {processor.py:830} INFO - Processing file /home/airflow/.local/lib/python3.8/site-packages/airflow/example_dags/example_local_kubernetes_executor.py for tasks to queue
[2026-01-21T09:53:00.671+0000] {logging_mixin.py:188} INFO - [2026-01-21T09:53:00.671+0000] {dagbag.py:538} INFO - Filling up the DagBag from /home/airflow/.local/lib/python3.8/site-packages/airflow/example_dags/example_local_kubernetes_executor.py
[2026-01-21T09:53:00.682+0000] {processor.py:840} INFO - DAG(s) 'example_local_kubernetes_executor' retrieved from /home/airflow/.local/lib/python3.8/site-packages/airflow/example_dags/example_local_kubernetes_executor.py
[2026-01-21T09:53:00.732+0000] {logging_mixin.py:188} INFO - [2026-01-21T09:53:00.732+0000] {dag.py:3036} INFO - Sync 1 DAGs
[2026-01-21T09:53:00.750+0000] {logging_mixin.py:188} INFO - [2026-01-21T09:53:00.750+0000] {dag.py:3823} INFO - Setting next_dagrun for example_local_kubernetes_executor to None, run_after=None
[2026-01-21T09:53:00.774+0000] {processor.py:183} INFO - Processing /home/airflow/.local/lib/python3.8/site-packages/airflow/example_dags/example_local_kubernetes_executor.py took 0.111 seconds
[2026-01-21T09:53:30.834+0000] {processor.py:161} INFO - Started process (PID=4290) to work on /home/airflow/.local/lib/python3.8/site-packages/airflow/example_dags/example_local_kubernetes_executor.py
[2026-01-21T09:53:30.835+0000] {processor.py:830} INFO - Processing file /home/airflow/.local/lib/python3.8/site-packages/airflow/example_dags/example_local_kubernetes_executor.py for tasks to queue
[2026-01-21T09:53:30.838+0000] {logging_mixin.py:188} INFO - [2026-01-21T09:53:30.837+0000] {dagbag.py:538} INFO - Filling up the DagBag from /home/airflow/.local/lib/python3.8/site-packages/airflow/example_dags/example_local_kubernetes_executor.py
[2026-01-21T09:53:30.848+0000] {processor.py:840} INFO - DAG(s) 'example_local_kubernetes_executor' retrieved from /home/airflow/.local/lib/python3.8/site-packages/airflow/example_dags/example_local_kubernetes_executor.py
[2026-01-21T09:53:30.900+0000] {logging_mixin.py:188} INFO - [2026-01-21T09:53:30.900+0000] {dag.py:3036} INFO - Sync 1 DAGs
[2026-01-21T09:53:30.919+0000] {logging_mixin.py:188} INFO - [2026-01-21T09:53:30.918+0000] {dag.py:3823} INFO - Setting next_dagrun for example_local_kubernetes_executor to None, run_after=None
[2026-01-21T09:53:30.944+0000] {processor.py:183} INFO - Processing /home/airflow/.local/lib/python3.8/site-packages/airflow/example_dags/example_local_kubernetes_executor.py took 0.115 seconds
[2026-01-21T09:54:01.113+0000] {processor.py:161} INFO - Started process (PID=4356) to work on /home/airflow/.local/lib/python3.8/site-packages/airflow/example_dags/example_local_kubernetes_executor.py
[2026-01-21T09:54:01.114+0000] {processor.py:830} INFO - Processing file /home/airflow/.local/lib/python3.8/site-packages/airflow/example_dags/example_local_kubernetes_executor.py for tasks to queue
[2026-01-21T09:54:01.116+0000] {logging_mixin.py:188} INFO - [2026-01-21T09:54:01.116+0000] {dagbag.py:538} INFO - Filling up the DagBag from /home/airflow/.local/lib/python3.8/site-packages/airflow/example_dags/example_local_kubernetes_executor.py
[2026-01-21T09:54:01.127+0000] {processor.py:840} INFO - DAG(s) 'example_local_kubernetes_executor' retrieved from /home/airflow/.local/lib/python3.8/site-packages/airflow/example_dags/example_local_kubernetes_executor.py
[2026-01-21T09:54:01.177+0000] {logging_mixin.py:188} INFO - [2026-01-21T09:54:01.177+0000] {dag.py:3036} INFO - Sync 1 DAGs
[2026-01-21T09:54:01.195+0000] {logging_mixin.py:188} INFO - [2026-01-21T09:54:01.194+0000] {dag.py:3823} INFO - Setting next_dagrun for example_local_kubernetes_executor to None, run_after=None
[2026-01-21T09:54:01.219+0000] {processor.py:183} INFO - Processing /home/airflow/.local/lib/python3.8/site-packages/airflow/example_dags/example_local_kubernetes_executor.py took 0.111 seconds
[2026-01-21T09:54:31.531+0000] {processor.py:161} INFO - Started process (PID=4426) to work on /home/airflow/.local/lib/python3.8/site-packages/airflow/example_dags/example_local_kubernetes_executor.py
[2026-01-21T09:54:31.533+0000] {processor.py:830} INFO - Processing file /home/airflow/.local/lib/python3.8/site-packages/airflow/example_dags/example_local_kubernetes_executor.py for tasks to queue
[2026-01-21T09:54:31.536+0000] {logging_mixin.py:188} INFO - [2026-01-21T09:54:31.536+0000] {dagbag.py:538} INFO - Filling up the DagBag from /home/airflow/.local/lib/python3.8/site-packages/airflow/example_dags/example_local_kubernetes_executor.py
[2026-01-21T09:54:31.549+0000] {processor.py:840} INFO - DAG(s) 'example_local_kubernetes_executor' retrieved from /home/airflow/.local/lib/python3.8/site-packages/airflow/example_dags/example_local_kubernetes_executor.py
[2026-01-21T09:54:31.612+0000] {logging_mixin.py:188} INFO - [2026-01-21T09:54:31.611+0000] {dag.py:3036} INFO - Sync 1 DAGs
[2026-01-21T09:54:31.631+0000] {logging_mixin.py:188} INFO - [2026-01-21T09:54:31.630+0000] {dag.py:3823} INFO - Setting next_dagrun for example_local_kubernetes_executor to None, run_after=None
[2026-01-21T09:54:31.665+0000] {processor.py:183} INFO - Processing /home/airflow/.local/lib/python3.8/site-packages/airflow/example_dags/example_local_kubernetes_executor.py took 0.140 seconds
[2026-01-21T09:55:01.756+0000] {processor.py:161} INFO - Started process (PID=4492) to work on /home/airflow/.local/lib/python3.8/site-packages/airflow/example_dags/example_local_kubernetes_executor.py
[2026-01-21T09:55:01.757+0000] {processor.py:830} INFO - Processing file /home/airflow/.local/lib/python3.8/site-packages/airflow/example_dags/example_local_kubernetes_executor.py for tasks to queue
[2026-01-21T09:55:01.759+0000] {logging_mixin.py:188} INFO - [2026-01-21T09:55:01.759+0000] {dagbag.py:538} INFO - Filling up the DagBag from /home/airflow/.local/lib/python3.8/site-packages/airflow/example_dags/example_local_kubernetes_executor.py
[2026-01-21T09:55:01.770+0000] {processor.py:840} INFO - DAG(s) 'example_local_kubernetes_executor' retrieved from /home/airflow/.local/lib/python3.8/site-packages/airflow/example_dags/example_local_kubernetes_executor.py
[2026-01-21T09:55:01.822+0000] {logging_mixin.py:188} INFO - [2026-01-21T09:55:01.822+0000] {dag.py:3036} INFO - Sync 1 DAGs
[2026-01-21T09:55:01.840+0000] {logging_mixin.py:188} INFO - [2026-01-21T09:55:01.840+0000] {dag.py:3823} INFO - Setting next_dagrun for example_local_kubernetes_executor to None, run_after=None
[2026-01-21T09:55:01.864+0000] {processor.py:183} INFO - Processing /home/airflow/.local/lib/python3.8/site-packages/airflow/example_dags/example_local_kubernetes_executor.py took 0.113 seconds
[2026-01-21T09:55:32.562+0000] {processor.py:161} INFO - Started process (PID=4556) to work on /home/airflow/.local/lib/python3.8/site-packages/airflow/example_dags/example_local_kubernetes_executor.py
[2026-01-21T09:55:32.573+0000] {processor.py:830} INFO - Processing file /home/airflow/.local/lib/python3.8/site-packages/airflow/example_dags/example_local_kubernetes_executor.py for tasks to queue
[2026-01-21T09:55:32.576+0000] {logging_mixin.py:188} INFO - [2026-01-21T09:55:32.575+0000] {dagbag.py:538} INFO - Filling up the DagBag from /home/airflow/.local/lib/python3.8/site-packages/airflow/example_dags/example_local_kubernetes_executor.py
[2026-01-21T09:55:32.601+0000] {processor.py:840} INFO - DAG(s) 'example_local_kubernetes_executor' retrieved from /home/airflow/.local/lib/python3.8/site-packages/airflow/example_dags/example_local_kubernetes_executor.py
[2026-01-21T09:55:32.737+0000] {logging_mixin.py:188} INFO - [2026-01-21T09:55:32.737+0000] {dag.py:3036} INFO - Sync 1 DAGs
[2026-01-21T09:55:32.783+0000] {logging_mixin.py:188} INFO - [2026-01-21T09:55:32.780+0000] {dag.py:3823} INFO - Setting next_dagrun for example_local_kubernetes_executor to None, run_after=None
[2026-01-21T09:55:32.855+0000] {processor.py:183} INFO - Processing /home/airflow/.local/lib/python3.8/site-packages/airflow/example_dags/example_local_kubernetes_executor.py took 0.301 seconds
[2026-01-21T09:56:03.687+0000] {processor.py:161} INFO - Started process (PID=4621) to work on /home/airflow/.local/lib/python3.8/site-packages/airflow/example_dags/example_local_kubernetes_executor.py
[2026-01-21T09:56:03.689+0000] {processor.py:830} INFO - Processing file /home/airflow/.local/lib/python3.8/site-packages/airflow/example_dags/example_local_kubernetes_executor.py for tasks to queue
[2026-01-21T09:56:03.692+0000] {logging_mixin.py:188} INFO - [2026-01-21T09:56:03.692+0000] {dagbag.py:538} INFO - Filling up the DagBag from /home/airflow/.local/lib/python3.8/site-packages/airflow/example_dags/example_local_kubernetes_executor.py
[2026-01-21T09:56:03.704+0000] {processor.py:840} INFO - DAG(s) 'example_local_kubernetes_executor' retrieved from /home/airflow/.local/lib/python3.8/site-packages/airflow/example_dags/example_local_kubernetes_executor.py
[2026-01-21T09:56:03.759+0000] {logging_mixin.py:188} INFO - [2026-01-21T09:56:03.758+0000] {dag.py:3036} INFO - Sync 1 DAGs
[2026-01-21T09:56:03.777+0000] {logging_mixin.py:188} INFO - [2026-01-21T09:56:03.777+0000] {dag.py:3823} INFO - Setting next_dagrun for example_local_kubernetes_executor to None, run_after=None
[2026-01-21T09:56:03.804+0000] {processor.py:183} INFO - Processing /home/airflow/.local/lib/python3.8/site-packages/airflow/example_dags/example_local_kubernetes_executor.py took 0.123 seconds
[2026-01-21T09:56:34.041+0000] {processor.py:161} INFO - Started process (PID=4687) to work on /home/airflow/.local/lib/python3.8/site-packages/airflow/example_dags/example_local_kubernetes_executor.py
[2026-01-21T09:56:34.042+0000] {processor.py:830} INFO - Processing file /home/airflow/.local/lib/python3.8/site-packages/airflow/example_dags/example_local_kubernetes_executor.py for tasks to queue
[2026-01-21T09:56:34.045+0000] {logging_mixin.py:188} INFO - [2026-01-21T09:56:34.044+0000] {dagbag.py:538} INFO - Filling up the DagBag from /home/airflow/.local/lib/python3.8/site-packages/airflow/example_dags/example_local_kubernetes_executor.py
[2026-01-21T09:56:34.057+0000] {processor.py:840} INFO - DAG(s) 'example_local_kubernetes_executor' retrieved from /home/airflow/.local/lib/python3.8/site-packages/airflow/example_dags/example_local_kubernetes_executor.py
[2026-01-21T09:56:34.123+0000] {logging_mixin.py:188} INFO - [2026-01-21T09:56:34.122+0000] {dag.py:3036} INFO - Sync 1 DAGs
[2026-01-21T09:56:34.147+0000] {logging_mixin.py:188} INFO - [2026-01-21T09:56:34.146+0000] {dag.py:3823} INFO - Setting next_dagrun for example_local_kubernetes_executor to None, run_after=None
[2026-01-21T09:56:34.179+0000] {processor.py:183} INFO - Processing /home/airflow/.local/lib/python3.8/site-packages/airflow/example_dags/example_local_kubernetes_executor.py took 0.144 seconds
[2026-01-21T09:57:04.409+0000] {processor.py:161} INFO - Started process (PID=4752) to work on /home/airflow/.local/lib/python3.8/site-packages/airflow/example_dags/example_local_kubernetes_executor.py
[2026-01-21T09:57:04.410+0000] {processor.py:830} INFO - Processing file /home/airflow/.local/lib/python3.8/site-packages/airflow/example_dags/example_local_kubernetes_executor.py for tasks to queue
[2026-01-21T09:57:04.413+0000] {logging_mixin.py:188} INFO - [2026-01-21T09:57:04.412+0000] {dagbag.py:538} INFO - Filling up the DagBag from /home/airflow/.local/lib/python3.8/site-packages/airflow/example_dags/example_local_kubernetes_executor.py
[2026-01-21T09:57:04.423+0000] {processor.py:840} INFO - DAG(s) 'example_local_kubernetes_executor' retrieved from /home/airflow/.local/lib/python3.8/site-packages/airflow/example_dags/example_local_kubernetes_executor.py
[2026-01-21T09:57:04.475+0000] {logging_mixin.py:188} INFO - [2026-01-21T09:57:04.474+0000] {dag.py:3036} INFO - Sync 1 DAGs
[2026-01-21T09:57:04.494+0000] {logging_mixin.py:188} INFO - [2026-01-21T09:57:04.493+0000] {dag.py:3823} INFO - Setting next_dagrun for example_local_kubernetes_executor to None, run_after=None
[2026-01-21T09:57:04.525+0000] {processor.py:183} INFO - Processing /home/airflow/.local/lib/python3.8/site-packages/airflow/example_dags/example_local_kubernetes_executor.py took 0.121 seconds
[2026-01-21T09:57:34.847+0000] {processor.py:161} INFO - Started process (PID=4817) to work on /home/airflow/.local/lib/python3.8/site-packages/airflow/example_dags/example_local_kubernetes_executor.py
[2026-01-21T09:57:34.849+0000] {processor.py:830} INFO - Processing file /home/airflow/.local/lib/python3.8/site-packages/airflow/example_dags/example_local_kubernetes_executor.py for tasks to queue
[2026-01-21T09:57:34.851+0000] {logging_mixin.py:188} INFO - [2026-01-21T09:57:34.851+0000] {dagbag.py:538} INFO - Filling up the DagBag from /home/airflow/.local/lib/python3.8/site-packages/airflow/example_dags/example_local_kubernetes_executor.py
[2026-01-21T09:57:34.864+0000] {processor.py:840} INFO - DAG(s) 'example_local_kubernetes_executor' retrieved from /home/airflow/.local/lib/python3.8/site-packages/airflow/example_dags/example_local_kubernetes_executor.py
[2026-01-21T09:57:34.929+0000] {logging_mixin.py:188} INFO - [2026-01-21T09:57:34.929+0000] {dag.py:3036} INFO - Sync 1 DAGs
[2026-01-21T09:57:34.952+0000] {logging_mixin.py:188} INFO - [2026-01-21T09:57:34.951+0000] {dag.py:3823} INFO - Setting next_dagrun for example_local_kubernetes_executor to None, run_after=None
[2026-01-21T09:57:34.977+0000] {processor.py:183} INFO - Processing /home/airflow/.local/lib/python3.8/site-packages/airflow/example_dags/example_local_kubernetes_executor.py took 0.135 seconds
[2026-01-21T09:58:05.223+0000] {processor.py:161} INFO - Started process (PID=4882) to work on /home/airflow/.local/lib/python3.8/site-packages/airflow/example_dags/example_local_kubernetes_executor.py
[2026-01-21T09:58:05.225+0000] {processor.py:830} INFO - Processing file /home/airflow/.local/lib/python3.8/site-packages/airflow/example_dags/example_local_kubernetes_executor.py for tasks to queue
[2026-01-21T09:58:05.227+0000] {logging_mixin.py:188} INFO - [2026-01-21T09:58:05.227+0000] {dagbag.py:538} INFO - Filling up the DagBag from /home/airflow/.local/lib/python3.8/site-packages/airflow/example_dags/example_local_kubernetes_executor.py
[2026-01-21T09:58:05.240+0000] {processor.py:840} INFO - DAG(s) 'example_local_kubernetes_executor' retrieved from /home/airflow/.local/lib/python3.8/site-packages/airflow/example_dags/example_local_kubernetes_executor.py
[2026-01-21T09:58:05.302+0000] {logging_mixin.py:188} INFO - [2026-01-21T09:58:05.302+0000] {dag.py:3036} INFO - Sync 1 DAGs
[2026-01-21T09:58:05.324+0000] {logging_mixin.py:188} INFO - [2026-01-21T09:58:05.324+0000] {dag.py:3823} INFO - Setting next_dagrun for example_local_kubernetes_executor to None, run_after=None
[2026-01-21T09:58:05.350+0000] {processor.py:183} INFO - Processing /home/airflow/.local/lib/python3.8/site-packages/airflow/example_dags/example_local_kubernetes_executor.py took 0.132 seconds
[2026-01-21T09:58:35.735+0000] {processor.py:161} INFO - Started process (PID=4956) to work on /home/airflow/.local/lib/python3.8/site-packages/airflow/example_dags/example_local_kubernetes_executor.py
[2026-01-21T09:58:35.736+0000] {processor.py:830} INFO - Processing file /home/airflow/.local/lib/python3.8/site-packages/airflow/example_dags/example_local_kubernetes_executor.py for tasks to queue
[2026-01-21T09:58:35.739+0000] {logging_mixin.py:188} INFO - [2026-01-21T09:58:35.739+0000] {dagbag.py:538} INFO - Filling up the DagBag from /home/airflow/.local/lib/python3.8/site-packages/airflow/example_dags/example_local_kubernetes_executor.py
[2026-01-21T09:58:35.756+0000] {processor.py:840} INFO - DAG(s) 'example_local_kubernetes_executor' retrieved from /home/airflow/.local/lib/python3.8/site-packages/airflow/example_dags/example_local_kubernetes_executor.py
[2026-01-21T09:58:35.846+0000] {logging_mixin.py:188} INFO - [2026-01-21T09:58:35.845+0000] {dag.py:3036} INFO - Sync 1 DAGs
[2026-01-21T09:58:35.865+0000] {logging_mixin.py:188} INFO - [2026-01-21T09:58:35.865+0000] {dag.py:3823} INFO - Setting next_dagrun for example_local_kubernetes_executor to None, run_after=None
[2026-01-21T09:58:35.890+0000] {processor.py:183} INFO - Processing /home/airflow/.local/lib/python3.8/site-packages/airflow/example_dags/example_local_kubernetes_executor.py took 0.161 seconds
[2026-01-21T09:59:06.095+0000] {processor.py:161} INFO - Started process (PID=5022) to work on /home/airflow/.local/lib/python3.8/site-packages/airflow/example_dags/example_local_kubernetes_executor.py
[2026-01-21T09:59:06.097+0000] {processor.py:830} INFO - Processing file /home/airflow/.local/lib/python3.8/site-packages/airflow/example_dags/example_local_kubernetes_executor.py for tasks to queue
[2026-01-21T09:59:06.100+0000] {logging_mixin.py:188} INFO - [2026-01-21T09:59:06.099+0000] {dagbag.py:538} INFO - Filling up the DagBag from /home/airflow/.local/lib/python3.8/site-packages/airflow/example_dags/example_local_kubernetes_executor.py
[2026-01-21T09:59:06.112+0000] {processor.py:840} INFO - DAG(s) 'example_local_kubernetes_executor' retrieved from /home/airflow/.local/lib/python3.8/site-packages/airflow/example_dags/example_local_kubernetes_executor.py
[2026-01-21T09:59:06.175+0000] {logging_mixin.py:188} INFO - [2026-01-21T09:59:06.175+0000] {dag.py:3036} INFO - Sync 1 DAGs
[2026-01-21T09:59:06.208+0000] {logging_mixin.py:188} INFO - [2026-01-21T09:59:06.207+0000] {dag.py:3823} INFO - Setting next_dagrun for example_local_kubernetes_executor to None, run_after=None
[2026-01-21T09:59:06.243+0000] {processor.py:183} INFO - Processing /home/airflow/.local/lib/python3.8/site-packages/airflow/example_dags/example_local_kubernetes_executor.py took 0.154 seconds
[2026-01-21T09:59:36.863+0000] {processor.py:161} INFO - Started process (PID=5087) to work on /home/airflow/.local/lib/python3.8/site-packages/airflow/example_dags/example_local_kubernetes_executor.py
[2026-01-21T09:59:36.864+0000] {processor.py:830} INFO - Processing file /home/airflow/.local/lib/python3.8/site-packages/airflow/example_dags/example_local_kubernetes_executor.py for tasks to queue
[2026-01-21T09:59:36.867+0000] {logging_mixin.py:188} INFO - [2026-01-21T09:59:36.866+0000] {dagbag.py:538} INFO - Filling up the DagBag from /home/airflow/.local/lib/python3.8/site-packages/airflow/example_dags/example_local_kubernetes_executor.py
[2026-01-21T09:59:36.877+0000] {processor.py:840} INFO - DAG(s) 'example_local_kubernetes_executor' retrieved from /home/airflow/.local/lib/python3.8/site-packages/airflow/example_dags/example_local_kubernetes_executor.py
[2026-01-21T09:59:36.927+0000] {logging_mixin.py:188} INFO - [2026-01-21T09:59:36.926+0000] {dag.py:3036} INFO - Sync 1 DAGs
[2026-01-21T09:59:36.947+0000] {logging_mixin.py:188} INFO - [2026-01-21T09:59:36.946+0000] {dag.py:3823} INFO - Setting next_dagrun for example_local_kubernetes_executor to None, run_after=None
[2026-01-21T09:59:36.972+0000] {processor.py:183} INFO - Processing /home/airflow/.local/lib/python3.8/site-packages/airflow/example_dags/example_local_kubernetes_executor.py took 0.114 seconds
[2026-01-21T10:00:07.314+0000] {processor.py:161} INFO - Started process (PID=5152) to work on /home/airflow/.local/lib/python3.8/site-packages/airflow/example_dags/example_local_kubernetes_executor.py
[2026-01-21T10:00:07.316+0000] {processor.py:830} INFO - Processing file /home/airflow/.local/lib/python3.8/site-packages/airflow/example_dags/example_local_kubernetes_executor.py for tasks to queue
[2026-01-21T10:00:07.318+0000] {logging_mixin.py:188} INFO - [2026-01-21T10:00:07.317+0000] {dagbag.py:538} INFO - Filling up the DagBag from /home/airflow/.local/lib/python3.8/site-packages/airflow/example_dags/example_local_kubernetes_executor.py
[2026-01-21T10:00:07.328+0000] {processor.py:840} INFO - DAG(s) 'example_local_kubernetes_executor' retrieved from /home/airflow/.local/lib/python3.8/site-packages/airflow/example_dags/example_local_kubernetes_executor.py
[2026-01-21T10:00:07.379+0000] {logging_mixin.py:188} INFO - [2026-01-21T10:00:07.378+0000] {dag.py:3036} INFO - Sync 1 DAGs
[2026-01-21T10:00:07.398+0000] {logging_mixin.py:188} INFO - [2026-01-21T10:00:07.398+0000] {dag.py:3823} INFO - Setting next_dagrun for example_local_kubernetes_executor to None, run_after=None
[2026-01-21T10:00:07.426+0000] {processor.py:183} INFO - Processing /home/airflow/.local/lib/python3.8/site-packages/airflow/example_dags/example_local_kubernetes_executor.py took 0.118 seconds
[2026-01-21T10:00:37.753+0000] {processor.py:161} INFO - Started process (PID=5216) to work on /home/airflow/.local/lib/python3.8/site-packages/airflow/example_dags/example_local_kubernetes_executor.py
[2026-01-21T10:00:37.754+0000] {processor.py:830} INFO - Processing file /home/airflow/.local/lib/python3.8/site-packages/airflow/example_dags/example_local_kubernetes_executor.py for tasks to queue
[2026-01-21T10:00:37.756+0000] {logging_mixin.py:188} INFO - [2026-01-21T10:00:37.756+0000] {dagbag.py:538} INFO - Filling up the DagBag from /home/airflow/.local/lib/python3.8/site-packages/airflow/example_dags/example_local_kubernetes_executor.py
[2026-01-21T10:00:37.766+0000] {processor.py:840} INFO - DAG(s) 'example_local_kubernetes_executor' retrieved from /home/airflow/.local/lib/python3.8/site-packages/airflow/example_dags/example_local_kubernetes_executor.py
[2026-01-21T10:00:37.819+0000] {logging_mixin.py:188} INFO - [2026-01-21T10:00:37.819+0000] {dag.py:3036} INFO - Sync 1 DAGs
[2026-01-21T10:00:37.846+0000] {logging_mixin.py:188} INFO - [2026-01-21T10:00:37.846+0000] {dag.py:3823} INFO - Setting next_dagrun for example_local_kubernetes_executor to None, run_after=None
[2026-01-21T10:00:37.891+0000] {processor.py:183} INFO - Processing /home/airflow/.local/lib/python3.8/site-packages/airflow/example_dags/example_local_kubernetes_executor.py took 0.143 seconds
[2026-01-21T10:01:08.115+0000] {processor.py:161} INFO - Started process (PID=5281) to work on /home/airflow/.local/lib/python3.8/site-packages/airflow/example_dags/example_local_kubernetes_executor.py
[2026-01-21T10:01:08.117+0000] {processor.py:830} INFO - Processing file /home/airflow/.local/lib/python3.8/site-packages/airflow/example_dags/example_local_kubernetes_executor.py for tasks to queue
[2026-01-21T10:01:08.120+0000] {logging_mixin.py:188} INFO - [2026-01-21T10:01:08.119+0000] {dagbag.py:538} INFO - Filling up the DagBag from /home/airflow/.local/lib/python3.8/site-packages/airflow/example_dags/example_local_kubernetes_executor.py
[2026-01-21T10:01:08.132+0000] {processor.py:840} INFO - DAG(s) 'example_local_kubernetes_executor' retrieved from /home/airflow/.local/lib/python3.8/site-packages/airflow/example_dags/example_local_kubernetes_executor.py
[2026-01-21T10:01:08.187+0000] {logging_mixin.py:188} INFO - [2026-01-21T10:01:08.186+0000] {dag.py:3036} INFO - Sync 1 DAGs
[2026-01-21T10:01:08.207+0000] {logging_mixin.py:188} INFO - [2026-01-21T10:01:08.207+0000] {dag.py:3823} INFO - Setting next_dagrun for example_local_kubernetes_executor to None, run_after=None
[2026-01-21T10:01:08.259+0000] {processor.py:183} INFO - Processing /home/airflow/.local/lib/python3.8/site-packages/airflow/example_dags/example_local_kubernetes_executor.py took 0.150 seconds
[2026-01-21T10:01:38.928+0000] {processor.py:161} INFO - Started process (PID=5346) to work on /home/airflow/.local/lib/python3.8/site-packages/airflow/example_dags/example_local_kubernetes_executor.py
[2026-01-21T10:01:38.929+0000] {processor.py:830} INFO - Processing file /home/airflow/.local/lib/python3.8/site-packages/airflow/example_dags/example_local_kubernetes_executor.py for tasks to queue
[2026-01-21T10:01:38.932+0000] {logging_mixin.py:188} INFO - [2026-01-21T10:01:38.931+0000] {dagbag.py:538} INFO - Filling up the DagBag from /home/airflow/.local/lib/python3.8/site-packages/airflow/example_dags/example_local_kubernetes_executor.py
[2026-01-21T10:01:38.942+0000] {processor.py:840} INFO - DAG(s) 'example_local_kubernetes_executor' retrieved from /home/airflow/.local/lib/python3.8/site-packages/airflow/example_dags/example_local_kubernetes_executor.py
[2026-01-21T10:01:38.993+0000] {logging_mixin.py:188} INFO - [2026-01-21T10:01:38.992+0000] {dag.py:3036} INFO - Sync 1 DAGs
[2026-01-21T10:01:39.010+0000] {logging_mixin.py:188} INFO - [2026-01-21T10:01:39.010+0000] {dag.py:3823} INFO - Setting next_dagrun for example_local_kubernetes_executor to None, run_after=None
[2026-01-21T10:01:39.036+0000] {processor.py:183} INFO - Processing /home/airflow/.local/lib/python3.8/site-packages/airflow/example_dags/example_local_kubernetes_executor.py took 0.113 seconds
[2026-01-21T10:02:09.485+0000] {processor.py:161} INFO - Started process (PID=5418) to work on /home/airflow/.local/lib/python3.8/site-packages/airflow/example_dags/example_local_kubernetes_executor.py
[2026-01-21T10:02:09.487+0000] {processor.py:830} INFO - Processing file /home/airflow/.local/lib/python3.8/site-packages/airflow/example_dags/example_local_kubernetes_executor.py for tasks to queue
[2026-01-21T10:02:09.490+0000] {logging_mixin.py:188} INFO - [2026-01-21T10:02:09.489+0000] {dagbag.py:538} INFO - Filling up the DagBag from /home/airflow/.local/lib/python3.8/site-packages/airflow/example_dags/example_local_kubernetes_executor.py
[2026-01-21T10:02:09.503+0000] {processor.py:840} INFO - DAG(s) 'example_local_kubernetes_executor' retrieved from /home/airflow/.local/lib/python3.8/site-packages/airflow/example_dags/example_local_kubernetes_executor.py
[2026-01-21T10:02:09.569+0000] {logging_mixin.py:188} INFO - [2026-01-21T10:02:09.569+0000] {dag.py:3036} INFO - Sync 1 DAGs
[2026-01-21T10:02:09.594+0000] {logging_mixin.py:188} INFO - [2026-01-21T10:02:09.594+0000] {dag.py:3823} INFO - Setting next_dagrun for example_local_kubernetes_executor to None, run_after=None
[2026-01-21T10:02:09.631+0000] {processor.py:183} INFO - Processing /home/airflow/.local/lib/python3.8/site-packages/airflow/example_dags/example_local_kubernetes_executor.py took 0.152 seconds
[2026-01-21T10:02:39.787+0000] {processor.py:161} INFO - Started process (PID=5483) to work on /home/airflow/.local/lib/python3.8/site-packages/airflow/example_dags/example_local_kubernetes_executor.py
[2026-01-21T10:02:39.789+0000] {processor.py:830} INFO - Processing file /home/airflow/.local/lib/python3.8/site-packages/airflow/example_dags/example_local_kubernetes_executor.py for tasks to queue
[2026-01-21T10:02:39.792+0000] {logging_mixin.py:188} INFO - [2026-01-21T10:02:39.792+0000] {dagbag.py:538} INFO - Filling up the DagBag from /home/airflow/.local/lib/python3.8/site-packages/airflow/example_dags/example_local_kubernetes_executor.py
[2026-01-21T10:02:39.806+0000] {processor.py:840} INFO - DAG(s) 'example_local_kubernetes_executor' retrieved from /home/airflow/.local/lib/python3.8/site-packages/airflow/example_dags/example_local_kubernetes_executor.py
[2026-01-21T10:02:39.858+0000] {logging_mixin.py:188} INFO - [2026-01-21T10:02:39.858+0000] {dag.py:3036} INFO - Sync 1 DAGs
[2026-01-21T10:02:39.876+0000] {logging_mixin.py:188} INFO - [2026-01-21T10:02:39.876+0000] {dag.py:3823} INFO - Setting next_dagrun for example_local_kubernetes_executor to None, run_after=None
[2026-01-21T10:02:39.903+0000] {processor.py:183} INFO - Processing /home/airflow/.local/lib/python3.8/site-packages/airflow/example_dags/example_local_kubernetes_executor.py took 0.122 seconds
[2026-01-21T10:03:09.962+0000] {processor.py:161} INFO - Started process (PID=5547) to work on /home/airflow/.local/lib/python3.8/site-packages/airflow/example_dags/example_local_kubernetes_executor.py
[2026-01-21T10:03:09.963+0000] {processor.py:830} INFO - Processing file /home/airflow/.local/lib/python3.8/site-packages/airflow/example_dags/example_local_kubernetes_executor.py for tasks to queue
[2026-01-21T10:03:09.965+0000] {logging_mixin.py:188} INFO - [2026-01-21T10:03:09.965+0000] {dagbag.py:538} INFO - Filling up the DagBag from /home/airflow/.local/lib/python3.8/site-packages/airflow/example_dags/example_local_kubernetes_executor.py
[2026-01-21T10:03:09.976+0000] {processor.py:840} INFO - DAG(s) 'example_local_kubernetes_executor' retrieved from /home/airflow/.local/lib/python3.8/site-packages/airflow/example_dags/example_local_kubernetes_executor.py
[2026-01-21T10:03:10.037+0000] {logging_mixin.py:188} INFO - [2026-01-21T10:03:10.037+0000] {dag.py:3036} INFO - Sync 1 DAGs
[2026-01-21T10:03:10.060+0000] {logging_mixin.py:188} INFO - [2026-01-21T10:03:10.060+0000] {dag.py:3823} INFO - Setting next_dagrun for example_local_kubernetes_executor to None, run_after=None
[2026-01-21T10:03:10.090+0000] {processor.py:183} INFO - Processing /home/airflow/.local/lib/python3.8/site-packages/airflow/example_dags/example_local_kubernetes_executor.py took 0.133 seconds
[2026-01-21T10:03:40.408+0000] {processor.py:161} INFO - Started process (PID=5613) to work on /home/airflow/.local/lib/python3.8/site-packages/airflow/example_dags/example_local_kubernetes_executor.py
[2026-01-21T10:03:40.412+0000] {processor.py:830} INFO - Processing file /home/airflow/.local/lib/python3.8/site-packages/airflow/example_dags/example_local_kubernetes_executor.py for tasks to queue
[2026-01-21T10:03:40.414+0000] {logging_mixin.py:188} INFO - [2026-01-21T10:03:40.414+0000] {dagbag.py:538} INFO - Filling up the DagBag from /home/airflow/.local/lib/python3.8/site-packages/airflow/example_dags/example_local_kubernetes_executor.py
[2026-01-21T10:03:40.424+0000] {processor.py:840} INFO - DAG(s) 'example_local_kubernetes_executor' retrieved from /home/airflow/.local/lib/python3.8/site-packages/airflow/example_dags/example_local_kubernetes_executor.py
[2026-01-21T10:03:40.484+0000] {logging_mixin.py:188} INFO - [2026-01-21T10:03:40.483+0000] {dag.py:3036} INFO - Sync 1 DAGs
[2026-01-21T10:03:40.505+0000] {logging_mixin.py:188} INFO - [2026-01-21T10:03:40.505+0000] {dag.py:3823} INFO - Setting next_dagrun for example_local_kubernetes_executor to None, run_after=None
[2026-01-21T10:03:40.542+0000] {processor.py:183} INFO - Processing /home/airflow/.local/lib/python3.8/site-packages/airflow/example_dags/example_local_kubernetes_executor.py took 0.139 seconds
[2026-01-21T10:04:10.800+0000] {processor.py:161} INFO - Started process (PID=5678) to work on /home/airflow/.local/lib/python3.8/site-packages/airflow/example_dags/example_local_kubernetes_executor.py
[2026-01-21T10:04:10.801+0000] {processor.py:830} INFO - Processing file /home/airflow/.local/lib/python3.8/site-packages/airflow/example_dags/example_local_kubernetes_executor.py for tasks to queue
[2026-01-21T10:04:10.803+0000] {logging_mixin.py:188} INFO - [2026-01-21T10:04:10.802+0000] {dagbag.py:538} INFO - Filling up the DagBag from /home/airflow/.local/lib/python3.8/site-packages/airflow/example_dags/example_local_kubernetes_executor.py
[2026-01-21T10:04:10.813+0000] {processor.py:840} INFO - DAG(s) 'example_local_kubernetes_executor' retrieved from /home/airflow/.local/lib/python3.8/site-packages/airflow/example_dags/example_local_kubernetes_executor.py
[2026-01-21T10:04:10.863+0000] {logging_mixin.py:188} INFO - [2026-01-21T10:04:10.863+0000] {dag.py:3036} INFO - Sync 1 DAGs
[2026-01-21T10:04:10.881+0000] {logging_mixin.py:188} INFO - [2026-01-21T10:04:10.881+0000] {dag.py:3823} INFO - Setting next_dagrun for example_local_kubernetes_executor to None, run_after=None
[2026-01-21T10:04:10.907+0000] {processor.py:183} INFO - Processing /home/airflow/.local/lib/python3.8/site-packages/airflow/example_dags/example_local_kubernetes_executor.py took 0.112 seconds
[2026-01-21T10:04:41.554+0000] {processor.py:161} INFO - Started process (PID=5743) to work on /home/airflow/.local/lib/python3.8/site-packages/airflow/example_dags/example_local_kubernetes_executor.py
[2026-01-21T10:04:41.556+0000] {processor.py:830} INFO - Processing file /home/airflow/.local/lib/python3.8/site-packages/airflow/example_dags/example_local_kubernetes_executor.py for tasks to queue
[2026-01-21T10:04:41.559+0000] {logging_mixin.py:188} INFO - [2026-01-21T10:04:41.558+0000] {dagbag.py:538} INFO - Filling up the DagBag from /home/airflow/.local/lib/python3.8/site-packages/airflow/example_dags/example_local_kubernetes_executor.py
[2026-01-21T10:04:41.569+0000] {processor.py:840} INFO - DAG(s) 'example_local_kubernetes_executor' retrieved from /home/airflow/.local/lib/python3.8/site-packages/airflow/example_dags/example_local_kubernetes_executor.py
[2026-01-21T10:04:41.623+0000] {logging_mixin.py:188} INFO - [2026-01-21T10:04:41.623+0000] {dag.py:3036} INFO - Sync 1 DAGs
[2026-01-21T10:04:41.643+0000] {logging_mixin.py:188} INFO - [2026-01-21T10:04:41.642+0000] {dag.py:3823} INFO - Setting next_dagrun for example_local_kubernetes_executor to None, run_after=None
[2026-01-21T10:04:41.667+0000] {processor.py:183} INFO - Processing /home/airflow/.local/lib/python3.8/site-packages/airflow/example_dags/example_local_kubernetes_executor.py took 0.120 seconds
[2026-01-21T10:05:12.538+0000] {processor.py:161} INFO - Started process (PID=5815) to work on /home/airflow/.local/lib/python3.8/site-packages/airflow/example_dags/example_local_kubernetes_executor.py
[2026-01-21T10:05:12.540+0000] {processor.py:830} INFO - Processing file /home/airflow/.local/lib/python3.8/site-packages/airflow/example_dags/example_local_kubernetes_executor.py for tasks to queue
[2026-01-21T10:05:12.543+0000] {logging_mixin.py:188} INFO - [2026-01-21T10:05:12.542+0000] {dagbag.py:538} INFO - Filling up the DagBag from /home/airflow/.local/lib/python3.8/site-packages/airflow/example_dags/example_local_kubernetes_executor.py
[2026-01-21T10:05:12.554+0000] {processor.py:840} INFO - DAG(s) 'example_local_kubernetes_executor' retrieved from /home/airflow/.local/lib/python3.8/site-packages/airflow/example_dags/example_local_kubernetes_executor.py
[2026-01-21T10:05:12.606+0000] {logging_mixin.py:188} INFO - [2026-01-21T10:05:12.605+0000] {dag.py:3036} INFO - Sync 1 DAGs
[2026-01-21T10:05:12.624+0000] {logging_mixin.py:188} INFO - [2026-01-21T10:05:12.624+0000] {dag.py:3823} INFO - Setting next_dagrun for example_local_kubernetes_executor to None, run_after=None
[2026-01-21T10:05:12.653+0000] {processor.py:183} INFO - Processing /home/airflow/.local/lib/python3.8/site-packages/airflow/example_dags/example_local_kubernetes_executor.py took 0.121 seconds
[2026-01-21T10:05:42.960+0000] {processor.py:161} INFO - Started process (PID=5880) to work on /home/airflow/.local/lib/python3.8/site-packages/airflow/example_dags/example_local_kubernetes_executor.py
[2026-01-21T10:05:42.961+0000] {processor.py:830} INFO - Processing file /home/airflow/.local/lib/python3.8/site-packages/airflow/example_dags/example_local_kubernetes_executor.py for tasks to queue
[2026-01-21T10:05:42.964+0000] {logging_mixin.py:188} INFO - [2026-01-21T10:05:42.964+0000] {dagbag.py:538} INFO - Filling up the DagBag from /home/airflow/.local/lib/python3.8/site-packages/airflow/example_dags/example_local_kubernetes_executor.py
[2026-01-21T10:05:42.976+0000] {processor.py:840} INFO - DAG(s) 'example_local_kubernetes_executor' retrieved from /home/airflow/.local/lib/python3.8/site-packages/airflow/example_dags/example_local_kubernetes_executor.py
[2026-01-21T10:05:43.028+0000] {logging_mixin.py:188} INFO - [2026-01-21T10:05:43.027+0000] {dag.py:3036} INFO - Sync 1 DAGs
[2026-01-21T10:05:43.045+0000] {logging_mixin.py:188} INFO - [2026-01-21T10:05:43.045+0000] {dag.py:3823} INFO - Setting next_dagrun for example_local_kubernetes_executor to None, run_after=None
[2026-01-21T10:05:43.073+0000] {processor.py:183} INFO - Processing /home/airflow/.local/lib/python3.8/site-packages/airflow/example_dags/example_local_kubernetes_executor.py took 0.118 seconds
[2026-01-21T10:06:13.438+0000] {processor.py:161} INFO - Started process (PID=5945) to work on /home/airflow/.local/lib/python3.8/site-packages/airflow/example_dags/example_local_kubernetes_executor.py
[2026-01-21T10:06:13.439+0000] {processor.py:830} INFO - Processing file /home/airflow/.local/lib/python3.8/site-packages/airflow/example_dags/example_local_kubernetes_executor.py for tasks to queue
[2026-01-21T10:06:13.442+0000] {logging_mixin.py:188} INFO - [2026-01-21T10:06:13.441+0000] {dagbag.py:538} INFO - Filling up the DagBag from /home/airflow/.local/lib/python3.8/site-packages/airflow/example_dags/example_local_kubernetes_executor.py
[2026-01-21T10:06:13.452+0000] {processor.py:840} INFO - DAG(s) 'example_local_kubernetes_executor' retrieved from /home/airflow/.local/lib/python3.8/site-packages/airflow/example_dags/example_local_kubernetes_executor.py
[2026-01-21T10:06:13.502+0000] {logging_mixin.py:188} INFO - [2026-01-21T10:06:13.502+0000] {dag.py:3036} INFO - Sync 1 DAGs
[2026-01-21T10:06:13.521+0000] {logging_mixin.py:188} INFO - [2026-01-21T10:06:13.520+0000] {dag.py:3823} INFO - Setting next_dagrun for example_local_kubernetes_executor to None, run_after=None
[2026-01-21T10:06:13.547+0000] {processor.py:183} INFO - Processing /home/airflow/.local/lib/python3.8/site-packages/airflow/example_dags/example_local_kubernetes_executor.py took 0.114 seconds
[2026-01-21T10:06:43.814+0000] {processor.py:161} INFO - Started process (PID=6010) to work on /home/airflow/.local/lib/python3.8/site-packages/airflow/example_dags/example_local_kubernetes_executor.py
[2026-01-21T10:06:43.815+0000] {processor.py:830} INFO - Processing file /home/airflow/.local/lib/python3.8/site-packages/airflow/example_dags/example_local_kubernetes_executor.py for tasks to queue
[2026-01-21T10:06:43.818+0000] {logging_mixin.py:188} INFO - [2026-01-21T10:06:43.817+0000] {dagbag.py:538} INFO - Filling up the DagBag from /home/airflow/.local/lib/python3.8/site-packages/airflow/example_dags/example_local_kubernetes_executor.py
[2026-01-21T10:06:43.828+0000] {processor.py:840} INFO - DAG(s) 'example_local_kubernetes_executor' retrieved from /home/airflow/.local/lib/python3.8/site-packages/airflow/example_dags/example_local_kubernetes_executor.py
[2026-01-21T10:06:43.878+0000] {logging_mixin.py:188} INFO - [2026-01-21T10:06:43.878+0000] {dag.py:3036} INFO - Sync 1 DAGs
[2026-01-21T10:06:43.899+0000] {logging_mixin.py:188} INFO - [2026-01-21T10:06:43.899+0000] {dag.py:3823} INFO - Setting next_dagrun for example_local_kubernetes_executor to None, run_after=None
[2026-01-21T10:06:43.931+0000] {processor.py:183} INFO - Processing /home/airflow/.local/lib/python3.8/site-packages/airflow/example_dags/example_local_kubernetes_executor.py took 0.121 seconds
[2026-01-21T10:07:14.166+0000] {processor.py:161} INFO - Started process (PID=6074) to work on /home/airflow/.local/lib/python3.8/site-packages/airflow/example_dags/example_local_kubernetes_executor.py
[2026-01-21T10:07:14.167+0000] {processor.py:830} INFO - Processing file /home/airflow/.local/lib/python3.8/site-packages/airflow/example_dags/example_local_kubernetes_executor.py for tasks to queue
[2026-01-21T10:07:14.169+0000] {logging_mixin.py:188} INFO - [2026-01-21T10:07:14.169+0000] {dagbag.py:538} INFO - Filling up the DagBag from /home/airflow/.local/lib/python3.8/site-packages/airflow/example_dags/example_local_kubernetes_executor.py
[2026-01-21T10:07:14.180+0000] {processor.py:840} INFO - DAG(s) 'example_local_kubernetes_executor' retrieved from /home/airflow/.local/lib/python3.8/site-packages/airflow/example_dags/example_local_kubernetes_executor.py
[2026-01-21T10:07:14.231+0000] {logging_mixin.py:188} INFO - [2026-01-21T10:07:14.231+0000] {dag.py:3036} INFO - Sync 1 DAGs
[2026-01-21T10:07:14.250+0000] {logging_mixin.py:188} INFO - [2026-01-21T10:07:14.249+0000] {dag.py:3823} INFO - Setting next_dagrun for example_local_kubernetes_executor to None, run_after=None
[2026-01-21T10:07:14.279+0000] {processor.py:183} INFO - Processing /home/airflow/.local/lib/python3.8/site-packages/airflow/example_dags/example_local_kubernetes_executor.py took 0.117 seconds
[2026-01-21T10:07:44.486+0000] {processor.py:161} INFO - Started process (PID=6139) to work on /home/airflow/.local/lib/python3.8/site-packages/airflow/example_dags/example_local_kubernetes_executor.py
[2026-01-21T10:07:44.488+0000] {processor.py:830} INFO - Processing file /home/airflow/.local/lib/python3.8/site-packages/airflow/example_dags/example_local_kubernetes_executor.py for tasks to queue
[2026-01-21T10:07:44.491+0000] {logging_mixin.py:188} INFO - [2026-01-21T10:07:44.491+0000] {dagbag.py:538} INFO - Filling up the DagBag from /home/airflow/.local/lib/python3.8/site-packages/airflow/example_dags/example_local_kubernetes_executor.py
[2026-01-21T10:07:44.504+0000] {processor.py:840} INFO - DAG(s) 'example_local_kubernetes_executor' retrieved from /home/airflow/.local/lib/python3.8/site-packages/airflow/example_dags/example_local_kubernetes_executor.py
[2026-01-21T10:07:44.568+0000] {logging_mixin.py:188} INFO - [2026-01-21T10:07:44.567+0000] {dag.py:3036} INFO - Sync 1 DAGs
[2026-01-21T10:07:44.591+0000] {logging_mixin.py:188} INFO - [2026-01-21T10:07:44.591+0000] {dag.py:3823} INFO - Setting next_dagrun for example_local_kubernetes_executor to None, run_after=None
[2026-01-21T10:07:44.621+0000] {processor.py:183} INFO - Processing /home/airflow/.local/lib/python3.8/site-packages/airflow/example_dags/example_local_kubernetes_executor.py took 0.140 seconds
[2026-01-21T10:08:15.229+0000] {processor.py:161} INFO - Started process (PID=6211) to work on /home/airflow/.local/lib/python3.8/site-packages/airflow/example_dags/example_local_kubernetes_executor.py
[2026-01-21T10:08:15.230+0000] {processor.py:830} INFO - Processing file /home/airflow/.local/lib/python3.8/site-packages/airflow/example_dags/example_local_kubernetes_executor.py for tasks to queue
[2026-01-21T10:08:15.233+0000] {logging_mixin.py:188} INFO - [2026-01-21T10:08:15.233+0000] {dagbag.py:538} INFO - Filling up the DagBag from /home/airflow/.local/lib/python3.8/site-packages/airflow/example_dags/example_local_kubernetes_executor.py
[2026-01-21T10:08:15.245+0000] {processor.py:840} INFO - DAG(s) 'example_local_kubernetes_executor' retrieved from /home/airflow/.local/lib/python3.8/site-packages/airflow/example_dags/example_local_kubernetes_executor.py
[2026-01-21T10:08:15.313+0000] {logging_mixin.py:188} INFO - [2026-01-21T10:08:15.312+0000] {dag.py:3036} INFO - Sync 1 DAGs
[2026-01-21T10:08:15.338+0000] {logging_mixin.py:188} INFO - [2026-01-21T10:08:15.338+0000] {dag.py:3823} INFO - Setting next_dagrun for example_local_kubernetes_executor to None, run_after=None
[2026-01-21T10:08:15.400+0000] {processor.py:183} INFO - Processing /home/airflow/.local/lib/python3.8/site-packages/airflow/example_dags/example_local_kubernetes_executor.py took 0.176 seconds
[2026-01-21T10:08:45.992+0000] {processor.py:161} INFO - Started process (PID=6276) to work on /home/airflow/.local/lib/python3.8/site-packages/airflow/example_dags/example_local_kubernetes_executor.py
[2026-01-21T10:08:46.001+0000] {processor.py:830} INFO - Processing file /home/airflow/.local/lib/python3.8/site-packages/airflow/example_dags/example_local_kubernetes_executor.py for tasks to queue
[2026-01-21T10:08:46.004+0000] {logging_mixin.py:188} INFO - [2026-01-21T10:08:46.003+0000] {dagbag.py:538} INFO - Filling up the DagBag from /home/airflow/.local/lib/python3.8/site-packages/airflow/example_dags/example_local_kubernetes_executor.py
[2026-01-21T10:08:46.024+0000] {processor.py:840} INFO - DAG(s) 'example_local_kubernetes_executor' retrieved from /home/airflow/.local/lib/python3.8/site-packages/airflow/example_dags/example_local_kubernetes_executor.py
[2026-01-21T10:08:46.089+0000] {logging_mixin.py:188} INFO - [2026-01-21T10:08:46.088+0000] {dag.py:3036} INFO - Sync 1 DAGs
[2026-01-21T10:08:46.112+0000] {logging_mixin.py:188} INFO - [2026-01-21T10:08:46.112+0000] {dag.py:3823} INFO - Setting next_dagrun for example_local_kubernetes_executor to None, run_after=None
[2026-01-21T10:08:46.163+0000] {processor.py:183} INFO - Processing /home/airflow/.local/lib/python3.8/site-packages/airflow/example_dags/example_local_kubernetes_executor.py took 0.189 seconds
[2026-01-21T10:09:16.427+0000] {processor.py:161} INFO - Started process (PID=6341) to work on /home/airflow/.local/lib/python3.8/site-packages/airflow/example_dags/example_local_kubernetes_executor.py
[2026-01-21T10:09:16.453+0000] {processor.py:830} INFO - Processing file /home/airflow/.local/lib/python3.8/site-packages/airflow/example_dags/example_local_kubernetes_executor.py for tasks to queue
[2026-01-21T10:09:16.470+0000] {logging_mixin.py:188} INFO - [2026-01-21T10:09:16.469+0000] {dagbag.py:538} INFO - Filling up the DagBag from /home/airflow/.local/lib/python3.8/site-packages/airflow/example_dags/example_local_kubernetes_executor.py
[2026-01-21T10:09:16.482+0000] {processor.py:840} INFO - DAG(s) 'example_local_kubernetes_executor' retrieved from /home/airflow/.local/lib/python3.8/site-packages/airflow/example_dags/example_local_kubernetes_executor.py
[2026-01-21T10:09:16.676+0000] {logging_mixin.py:188} INFO - [2026-01-21T10:09:16.675+0000] {dag.py:3036} INFO - Sync 1 DAGs
[2026-01-21T10:09:16.720+0000] {logging_mixin.py:188} INFO - [2026-01-21T10:09:16.720+0000] {dag.py:3823} INFO - Setting next_dagrun for example_local_kubernetes_executor to None, run_after=None
[2026-01-21T10:09:16.779+0000] {processor.py:183} INFO - Processing /home/airflow/.local/lib/python3.8/site-packages/airflow/example_dags/example_local_kubernetes_executor.py took 0.357 seconds
[2026-01-21T10:09:47.770+0000] {processor.py:161} INFO - Started process (PID=6407) to work on /home/airflow/.local/lib/python3.8/site-packages/airflow/example_dags/example_local_kubernetes_executor.py
[2026-01-21T10:09:47.772+0000] {processor.py:830} INFO - Processing file /home/airflow/.local/lib/python3.8/site-packages/airflow/example_dags/example_local_kubernetes_executor.py for tasks to queue
[2026-01-21T10:09:47.775+0000] {logging_mixin.py:188} INFO - [2026-01-21T10:09:47.775+0000] {dagbag.py:538} INFO - Filling up the DagBag from /home/airflow/.local/lib/python3.8/site-packages/airflow/example_dags/example_local_kubernetes_executor.py
[2026-01-21T10:09:47.788+0000] {processor.py:840} INFO - DAG(s) 'example_local_kubernetes_executor' retrieved from /home/airflow/.local/lib/python3.8/site-packages/airflow/example_dags/example_local_kubernetes_executor.py
[2026-01-21T10:09:47.839+0000] {logging_mixin.py:188} INFO - [2026-01-21T10:09:47.838+0000] {dag.py:3036} INFO - Sync 1 DAGs
[2026-01-21T10:09:47.857+0000] {logging_mixin.py:188} INFO - [2026-01-21T10:09:47.856+0000] {dag.py:3823} INFO - Setting next_dagrun for example_local_kubernetes_executor to None, run_after=None
[2026-01-21T10:09:47.886+0000] {processor.py:183} INFO - Processing /home/airflow/.local/lib/python3.8/site-packages/airflow/example_dags/example_local_kubernetes_executor.py took 0.120 seconds
[2026-01-21T10:10:17.975+0000] {processor.py:161} INFO - Started process (PID=6472) to work on /home/airflow/.local/lib/python3.8/site-packages/airflow/example_dags/example_local_kubernetes_executor.py
[2026-01-21T10:10:17.977+0000] {processor.py:830} INFO - Processing file /home/airflow/.local/lib/python3.8/site-packages/airflow/example_dags/example_local_kubernetes_executor.py for tasks to queue
[2026-01-21T10:10:17.980+0000] {logging_mixin.py:188} INFO - [2026-01-21T10:10:17.979+0000] {dagbag.py:538} INFO - Filling up the DagBag from /home/airflow/.local/lib/python3.8/site-packages/airflow/example_dags/example_local_kubernetes_executor.py
[2026-01-21T10:10:17.992+0000] {processor.py:840} INFO - DAG(s) 'example_local_kubernetes_executor' retrieved from /home/airflow/.local/lib/python3.8/site-packages/airflow/example_dags/example_local_kubernetes_executor.py
[2026-01-21T10:10:18.063+0000] {logging_mixin.py:188} INFO - [2026-01-21T10:10:18.063+0000] {dag.py:3036} INFO - Sync 1 DAGs
[2026-01-21T10:10:18.086+0000] {logging_mixin.py:188} INFO - [2026-01-21T10:10:18.085+0000] {dag.py:3823} INFO - Setting next_dagrun for example_local_kubernetes_executor to None, run_after=None
[2026-01-21T10:10:18.117+0000] {processor.py:183} INFO - Processing /home/airflow/.local/lib/python3.8/site-packages/airflow/example_dags/example_local_kubernetes_executor.py took 0.148 seconds
[2026-01-21T10:10:48.247+0000] {processor.py:161} INFO - Started process (PID=6537) to work on /home/airflow/.local/lib/python3.8/site-packages/airflow/example_dags/example_local_kubernetes_executor.py
[2026-01-21T10:10:48.248+0000] {processor.py:830} INFO - Processing file /home/airflow/.local/lib/python3.8/site-packages/airflow/example_dags/example_local_kubernetes_executor.py for tasks to queue
[2026-01-21T10:10:48.251+0000] {logging_mixin.py:188} INFO - [2026-01-21T10:10:48.250+0000] {dagbag.py:538} INFO - Filling up the DagBag from /home/airflow/.local/lib/python3.8/site-packages/airflow/example_dags/example_local_kubernetes_executor.py
[2026-01-21T10:10:48.262+0000] {processor.py:840} INFO - DAG(s) 'example_local_kubernetes_executor' retrieved from /home/airflow/.local/lib/python3.8/site-packages/airflow/example_dags/example_local_kubernetes_executor.py
[2026-01-21T10:10:48.313+0000] {logging_mixin.py:188} INFO - [2026-01-21T10:10:48.313+0000] {dag.py:3036} INFO - Sync 1 DAGs
[2026-01-21T10:10:48.331+0000] {logging_mixin.py:188} INFO - [2026-01-21T10:10:48.331+0000] {dag.py:3823} INFO - Setting next_dagrun for example_local_kubernetes_executor to None, run_after=None
[2026-01-21T10:10:48.356+0000] {processor.py:183} INFO - Processing /home/airflow/.local/lib/python3.8/site-packages/airflow/example_dags/example_local_kubernetes_executor.py took 0.114 seconds
[2026-01-21T10:11:18.474+0000] {processor.py:161} INFO - Started process (PID=6603) to work on /home/airflow/.local/lib/python3.8/site-packages/airflow/example_dags/example_local_kubernetes_executor.py
[2026-01-21T10:11:18.475+0000] {processor.py:830} INFO - Processing file /home/airflow/.local/lib/python3.8/site-packages/airflow/example_dags/example_local_kubernetes_executor.py for tasks to queue
[2026-01-21T10:11:18.478+0000] {logging_mixin.py:188} INFO - [2026-01-21T10:11:18.477+0000] {dagbag.py:538} INFO - Filling up the DagBag from /home/airflow/.local/lib/python3.8/site-packages/airflow/example_dags/example_local_kubernetes_executor.py
[2026-01-21T10:11:18.487+0000] {processor.py:840} INFO - DAG(s) 'example_local_kubernetes_executor' retrieved from /home/airflow/.local/lib/python3.8/site-packages/airflow/example_dags/example_local_kubernetes_executor.py
[2026-01-21T10:11:18.536+0000] {logging_mixin.py:188} INFO - [2026-01-21T10:11:18.536+0000] {dag.py:3036} INFO - Sync 1 DAGs
[2026-01-21T10:11:18.558+0000] {logging_mixin.py:188} INFO - [2026-01-21T10:11:18.558+0000] {dag.py:3823} INFO - Setting next_dagrun for example_local_kubernetes_executor to None, run_after=None
[2026-01-21T10:11:18.583+0000] {processor.py:183} INFO - Processing /home/airflow/.local/lib/python3.8/site-packages/airflow/example_dags/example_local_kubernetes_executor.py took 0.113 seconds
[2026-01-21T10:11:48.879+0000] {processor.py:161} INFO - Started process (PID=6668) to work on /home/airflow/.local/lib/python3.8/site-packages/airflow/example_dags/example_local_kubernetes_executor.py
[2026-01-21T10:11:48.881+0000] {processor.py:830} INFO - Processing file /home/airflow/.local/lib/python3.8/site-packages/airflow/example_dags/example_local_kubernetes_executor.py for tasks to queue
[2026-01-21T10:11:48.883+0000] {logging_mixin.py:188} INFO - [2026-01-21T10:11:48.883+0000] {dagbag.py:538} INFO - Filling up the DagBag from /home/airflow/.local/lib/python3.8/site-packages/airflow/example_dags/example_local_kubernetes_executor.py
[2026-01-21T10:11:48.893+0000] {processor.py:840} INFO - DAG(s) 'example_local_kubernetes_executor' retrieved from /home/airflow/.local/lib/python3.8/site-packages/airflow/example_dags/example_local_kubernetes_executor.py
[2026-01-21T10:11:48.946+0000] {logging_mixin.py:188} INFO - [2026-01-21T10:11:48.945+0000] {dag.py:3036} INFO - Sync 1 DAGs
[2026-01-21T10:11:48.964+0000] {logging_mixin.py:188} INFO - [2026-01-21T10:11:48.964+0000] {dag.py:3823} INFO - Setting next_dagrun for example_local_kubernetes_executor to None, run_after=None
[2026-01-21T10:11:48.992+0000] {processor.py:183} INFO - Processing /home/airflow/.local/lib/python3.8/site-packages/airflow/example_dags/example_local_kubernetes_executor.py took 0.117 seconds
[2026-01-21T10:12:19.151+0000] {processor.py:161} INFO - Started process (PID=6741) to work on /home/airflow/.local/lib/python3.8/site-packages/airflow/example_dags/example_local_kubernetes_executor.py
[2026-01-21T10:12:19.153+0000] {processor.py:830} INFO - Processing file /home/airflow/.local/lib/python3.8/site-packages/airflow/example_dags/example_local_kubernetes_executor.py for tasks to queue
[2026-01-21T10:12:19.155+0000] {logging_mixin.py:188} INFO - [2026-01-21T10:12:19.154+0000] {dagbag.py:538} INFO - Filling up the DagBag from /home/airflow/.local/lib/python3.8/site-packages/airflow/example_dags/example_local_kubernetes_executor.py
[2026-01-21T10:12:19.165+0000] {processor.py:840} INFO - DAG(s) 'example_local_kubernetes_executor' retrieved from /home/airflow/.local/lib/python3.8/site-packages/airflow/example_dags/example_local_kubernetes_executor.py
[2026-01-21T10:12:19.225+0000] {logging_mixin.py:188} INFO - [2026-01-21T10:12:19.224+0000] {dag.py:3036} INFO - Sync 1 DAGs
[2026-01-21T10:12:19.247+0000] {logging_mixin.py:188} INFO - [2026-01-21T10:12:19.247+0000] {dag.py:3823} INFO - Setting next_dagrun for example_local_kubernetes_executor to None, run_after=None
[2026-01-21T10:12:19.275+0000] {processor.py:183} INFO - Processing /home/airflow/.local/lib/python3.8/site-packages/airflow/example_dags/example_local_kubernetes_executor.py took 0.128 seconds
[2026-01-21T10:12:49.535+0000] {processor.py:161} INFO - Started process (PID=6806) to work on /home/airflow/.local/lib/python3.8/site-packages/airflow/example_dags/example_local_kubernetes_executor.py
[2026-01-21T10:12:49.537+0000] {processor.py:830} INFO - Processing file /home/airflow/.local/lib/python3.8/site-packages/airflow/example_dags/example_local_kubernetes_executor.py for tasks to queue
[2026-01-21T10:12:49.539+0000] {logging_mixin.py:188} INFO - [2026-01-21T10:12:49.539+0000] {dagbag.py:538} INFO - Filling up the DagBag from /home/airflow/.local/lib/python3.8/site-packages/airflow/example_dags/example_local_kubernetes_executor.py
[2026-01-21T10:12:49.549+0000] {processor.py:840} INFO - DAG(s) 'example_local_kubernetes_executor' retrieved from /home/airflow/.local/lib/python3.8/site-packages/airflow/example_dags/example_local_kubernetes_executor.py
[2026-01-21T10:12:49.601+0000] {logging_mixin.py:188} INFO - [2026-01-21T10:12:49.601+0000] {dag.py:3036} INFO - Sync 1 DAGs
[2026-01-21T10:12:49.621+0000] {logging_mixin.py:188} INFO - [2026-01-21T10:12:49.621+0000] {dag.py:3823} INFO - Setting next_dagrun for example_local_kubernetes_executor to None, run_after=None
[2026-01-21T10:12:49.648+0000] {processor.py:183} INFO - Processing /home/airflow/.local/lib/python3.8/site-packages/airflow/example_dags/example_local_kubernetes_executor.py took 0.118 seconds
[2026-01-21T10:13:20.002+0000] {processor.py:161} INFO - Started process (PID=6871) to work on /home/airflow/.local/lib/python3.8/site-packages/airflow/example_dags/example_local_kubernetes_executor.py
[2026-01-21T10:13:20.004+0000] {processor.py:830} INFO - Processing file /home/airflow/.local/lib/python3.8/site-packages/airflow/example_dags/example_local_kubernetes_executor.py for tasks to queue
[2026-01-21T10:13:20.006+0000] {logging_mixin.py:188} INFO - [2026-01-21T10:13:20.006+0000] {dagbag.py:538} INFO - Filling up the DagBag from /home/airflow/.local/lib/python3.8/site-packages/airflow/example_dags/example_local_kubernetes_executor.py
[2026-01-21T10:13:20.017+0000] {processor.py:840} INFO - DAG(s) 'example_local_kubernetes_executor' retrieved from /home/airflow/.local/lib/python3.8/site-packages/airflow/example_dags/example_local_kubernetes_executor.py
[2026-01-21T10:13:20.069+0000] {logging_mixin.py:188} INFO - [2026-01-21T10:13:20.069+0000] {dag.py:3036} INFO - Sync 1 DAGs
[2026-01-21T10:13:20.090+0000] {logging_mixin.py:188} INFO - [2026-01-21T10:13:20.090+0000] {dag.py:3823} INFO - Setting next_dagrun for example_local_kubernetes_executor to None, run_after=None
[2026-01-21T10:13:20.120+0000] {processor.py:183} INFO - Processing /home/airflow/.local/lib/python3.8/site-packages/airflow/example_dags/example_local_kubernetes_executor.py took 0.123 seconds
[2026-01-21T10:13:50.286+0000] {processor.py:161} INFO - Started process (PID=6936) to work on /home/airflow/.local/lib/python3.8/site-packages/airflow/example_dags/example_local_kubernetes_executor.py
[2026-01-21T10:13:50.288+0000] {processor.py:830} INFO - Processing file /home/airflow/.local/lib/python3.8/site-packages/airflow/example_dags/example_local_kubernetes_executor.py for tasks to queue
[2026-01-21T10:13:50.290+0000] {logging_mixin.py:188} INFO - [2026-01-21T10:13:50.290+0000] {dagbag.py:538} INFO - Filling up the DagBag from /home/airflow/.local/lib/python3.8/site-packages/airflow/example_dags/example_local_kubernetes_executor.py
[2026-01-21T10:13:50.300+0000] {processor.py:840} INFO - DAG(s) 'example_local_kubernetes_executor' retrieved from /home/airflow/.local/lib/python3.8/site-packages/airflow/example_dags/example_local_kubernetes_executor.py
[2026-01-21T10:13:50.360+0000] {logging_mixin.py:188} INFO - [2026-01-21T10:13:50.359+0000] {dag.py:3036} INFO - Sync 1 DAGs
[2026-01-21T10:13:50.382+0000] {logging_mixin.py:188} INFO - [2026-01-21T10:13:50.382+0000] {dag.py:3823} INFO - Setting next_dagrun for example_local_kubernetes_executor to None, run_after=None
[2026-01-21T10:13:50.416+0000] {processor.py:183} INFO - Processing /home/airflow/.local/lib/python3.8/site-packages/airflow/example_dags/example_local_kubernetes_executor.py took 0.134 seconds
[2026-01-21T10:14:21.125+0000] {processor.py:161} INFO - Started process (PID=7001) to work on /home/airflow/.local/lib/python3.8/site-packages/airflow/example_dags/example_local_kubernetes_executor.py
[2026-01-21T10:14:21.127+0000] {processor.py:830} INFO - Processing file /home/airflow/.local/lib/python3.8/site-packages/airflow/example_dags/example_local_kubernetes_executor.py for tasks to queue
[2026-01-21T10:14:21.130+0000] {logging_mixin.py:188} INFO - [2026-01-21T10:14:21.129+0000] {dagbag.py:538} INFO - Filling up the DagBag from /home/airflow/.local/lib/python3.8/site-packages/airflow/example_dags/example_local_kubernetes_executor.py
[2026-01-21T10:14:21.142+0000] {processor.py:840} INFO - DAG(s) 'example_local_kubernetes_executor' retrieved from /home/airflow/.local/lib/python3.8/site-packages/airflow/example_dags/example_local_kubernetes_executor.py
[2026-01-21T10:14:21.206+0000] {logging_mixin.py:188} INFO - [2026-01-21T10:14:21.206+0000] {dag.py:3036} INFO - Sync 1 DAGs
[2026-01-21T10:14:21.225+0000] {logging_mixin.py:188} INFO - [2026-01-21T10:14:21.225+0000] {dag.py:3823} INFO - Setting next_dagrun for example_local_kubernetes_executor to None, run_after=None
[2026-01-21T10:14:21.257+0000] {processor.py:183} INFO - Processing /home/airflow/.local/lib/python3.8/site-packages/airflow/example_dags/example_local_kubernetes_executor.py took 0.137 seconds
[2026-01-21T10:14:52.072+0000] {processor.py:161} INFO - Started process (PID=7066) to work on /home/airflow/.local/lib/python3.8/site-packages/airflow/example_dags/example_local_kubernetes_executor.py
[2026-01-21T10:14:52.073+0000] {processor.py:830} INFO - Processing file /home/airflow/.local/lib/python3.8/site-packages/airflow/example_dags/example_local_kubernetes_executor.py for tasks to queue
[2026-01-21T10:14:52.076+0000] {logging_mixin.py:188} INFO - [2026-01-21T10:14:52.075+0000] {dagbag.py:538} INFO - Filling up the DagBag from /home/airflow/.local/lib/python3.8/site-packages/airflow/example_dags/example_local_kubernetes_executor.py
[2026-01-21T10:14:52.086+0000] {processor.py:840} INFO - DAG(s) 'example_local_kubernetes_executor' retrieved from /home/airflow/.local/lib/python3.8/site-packages/airflow/example_dags/example_local_kubernetes_executor.py
[2026-01-21T10:14:52.141+0000] {logging_mixin.py:188} INFO - [2026-01-21T10:14:52.140+0000] {dag.py:3036} INFO - Sync 1 DAGs
[2026-01-21T10:14:52.160+0000] {logging_mixin.py:188} INFO - [2026-01-21T10:14:52.160+0000] {dag.py:3823} INFO - Setting next_dagrun for example_local_kubernetes_executor to None, run_after=None
[2026-01-21T10:14:52.190+0000] {processor.py:183} INFO - Processing /home/airflow/.local/lib/python3.8/site-packages/airflow/example_dags/example_local_kubernetes_executor.py took 0.124 seconds
[2026-01-21T10:15:22.331+0000] {processor.py:161} INFO - Started process (PID=7139) to work on /home/airflow/.local/lib/python3.8/site-packages/airflow/example_dags/example_local_kubernetes_executor.py
[2026-01-21T10:15:22.333+0000] {processor.py:830} INFO - Processing file /home/airflow/.local/lib/python3.8/site-packages/airflow/example_dags/example_local_kubernetes_executor.py for tasks to queue
[2026-01-21T10:15:22.335+0000] {logging_mixin.py:188} INFO - [2026-01-21T10:15:22.334+0000] {dagbag.py:538} INFO - Filling up the DagBag from /home/airflow/.local/lib/python3.8/site-packages/airflow/example_dags/example_local_kubernetes_executor.py
[2026-01-21T10:15:22.345+0000] {processor.py:840} INFO - DAG(s) 'example_local_kubernetes_executor' retrieved from /home/airflow/.local/lib/python3.8/site-packages/airflow/example_dags/example_local_kubernetes_executor.py
[2026-01-21T10:15:22.395+0000] {logging_mixin.py:188} INFO - [2026-01-21T10:15:22.395+0000] {dag.py:3036} INFO - Sync 1 DAGs
[2026-01-21T10:15:22.413+0000] {logging_mixin.py:188} INFO - [2026-01-21T10:15:22.412+0000] {dag.py:3823} INFO - Setting next_dagrun for example_local_kubernetes_executor to None, run_after=None
[2026-01-21T10:15:22.438+0000] {processor.py:183} INFO - Processing /home/airflow/.local/lib/python3.8/site-packages/airflow/example_dags/example_local_kubernetes_executor.py took 0.111 seconds
[2026-01-21T10:15:52.589+0000] {processor.py:161} INFO - Started process (PID=7207) to work on /home/airflow/.local/lib/python3.8/site-packages/airflow/example_dags/example_local_kubernetes_executor.py
[2026-01-21T10:15:52.590+0000] {processor.py:830} INFO - Processing file /home/airflow/.local/lib/python3.8/site-packages/airflow/example_dags/example_local_kubernetes_executor.py for tasks to queue
[2026-01-21T10:15:52.593+0000] {logging_mixin.py:188} INFO - [2026-01-21T10:15:52.593+0000] {dagbag.py:538} INFO - Filling up the DagBag from /home/airflow/.local/lib/python3.8/site-packages/airflow/example_dags/example_local_kubernetes_executor.py
[2026-01-21T10:15:52.606+0000] {processor.py:840} INFO - DAG(s) 'example_local_kubernetes_executor' retrieved from /home/airflow/.local/lib/python3.8/site-packages/airflow/example_dags/example_local_kubernetes_executor.py
[2026-01-21T10:15:52.659+0000] {logging_mixin.py:188} INFO - [2026-01-21T10:15:52.659+0000] {dag.py:3036} INFO - Sync 1 DAGs
[2026-01-21T10:15:52.678+0000] {logging_mixin.py:188} INFO - [2026-01-21T10:15:52.677+0000] {dag.py:3823} INFO - Setting next_dagrun for example_local_kubernetes_executor to None, run_after=None
[2026-01-21T10:15:52.702+0000] {processor.py:183} INFO - Processing /home/airflow/.local/lib/python3.8/site-packages/airflow/example_dags/example_local_kubernetes_executor.py took 0.119 seconds
[2026-01-21T10:16:23.017+0000] {processor.py:161} INFO - Started process (PID=7272) to work on /home/airflow/.local/lib/python3.8/site-packages/airflow/example_dags/example_local_kubernetes_executor.py
[2026-01-21T10:16:23.019+0000] {processor.py:830} INFO - Processing file /home/airflow/.local/lib/python3.8/site-packages/airflow/example_dags/example_local_kubernetes_executor.py for tasks to queue
[2026-01-21T10:16:23.021+0000] {logging_mixin.py:188} INFO - [2026-01-21T10:16:23.021+0000] {dagbag.py:538} INFO - Filling up the DagBag from /home/airflow/.local/lib/python3.8/site-packages/airflow/example_dags/example_local_kubernetes_executor.py
[2026-01-21T10:16:23.032+0000] {processor.py:840} INFO - DAG(s) 'example_local_kubernetes_executor' retrieved from /home/airflow/.local/lib/python3.8/site-packages/airflow/example_dags/example_local_kubernetes_executor.py
[2026-01-21T10:16:23.083+0000] {logging_mixin.py:188} INFO - [2026-01-21T10:16:23.082+0000] {dag.py:3036} INFO - Sync 1 DAGs
[2026-01-21T10:16:23.102+0000] {logging_mixin.py:188} INFO - [2026-01-21T10:16:23.101+0000] {dag.py:3823} INFO - Setting next_dagrun for example_local_kubernetes_executor to None, run_after=None
[2026-01-21T10:16:23.126+0000] {processor.py:183} INFO - Processing /home/airflow/.local/lib/python3.8/site-packages/airflow/example_dags/example_local_kubernetes_executor.py took 0.113 seconds
[2026-01-21T10:16:53.330+0000] {processor.py:161} INFO - Started process (PID=7337) to work on /home/airflow/.local/lib/python3.8/site-packages/airflow/example_dags/example_local_kubernetes_executor.py
[2026-01-21T10:16:53.331+0000] {processor.py:830} INFO - Processing file /home/airflow/.local/lib/python3.8/site-packages/airflow/example_dags/example_local_kubernetes_executor.py for tasks to queue
[2026-01-21T10:16:53.333+0000] {logging_mixin.py:188} INFO - [2026-01-21T10:16:53.333+0000] {dagbag.py:538} INFO - Filling up the DagBag from /home/airflow/.local/lib/python3.8/site-packages/airflow/example_dags/example_local_kubernetes_executor.py
[2026-01-21T10:16:53.343+0000] {processor.py:840} INFO - DAG(s) 'example_local_kubernetes_executor' retrieved from /home/airflow/.local/lib/python3.8/site-packages/airflow/example_dags/example_local_kubernetes_executor.py
[2026-01-21T10:16:53.391+0000] {logging_mixin.py:188} INFO - [2026-01-21T10:16:53.391+0000] {dag.py:3036} INFO - Sync 1 DAGs
[2026-01-21T10:16:53.409+0000] {logging_mixin.py:188} INFO - [2026-01-21T10:16:53.409+0000] {dag.py:3823} INFO - Setting next_dagrun for example_local_kubernetes_executor to None, run_after=None
[2026-01-21T10:16:53.436+0000] {processor.py:183} INFO - Processing /home/airflow/.local/lib/python3.8/site-packages/airflow/example_dags/example_local_kubernetes_executor.py took 0.110 seconds
[2026-01-21T10:17:23.730+0000] {processor.py:161} INFO - Started process (PID=7401) to work on /home/airflow/.local/lib/python3.8/site-packages/airflow/example_dags/example_local_kubernetes_executor.py
[2026-01-21T10:17:23.732+0000] {processor.py:830} INFO - Processing file /home/airflow/.local/lib/python3.8/site-packages/airflow/example_dags/example_local_kubernetes_executor.py for tasks to queue
[2026-01-21T10:17:23.734+0000] {logging_mixin.py:188} INFO - [2026-01-21T10:17:23.733+0000] {dagbag.py:538} INFO - Filling up the DagBag from /home/airflow/.local/lib/python3.8/site-packages/airflow/example_dags/example_local_kubernetes_executor.py
[2026-01-21T10:17:23.744+0000] {processor.py:840} INFO - DAG(s) 'example_local_kubernetes_executor' retrieved from /home/airflow/.local/lib/python3.8/site-packages/airflow/example_dags/example_local_kubernetes_executor.py
[2026-01-21T10:17:23.794+0000] {logging_mixin.py:188} INFO - [2026-01-21T10:17:23.794+0000] {dag.py:3036} INFO - Sync 1 DAGs
[2026-01-21T10:17:23.812+0000] {logging_mixin.py:188} INFO - [2026-01-21T10:17:23.812+0000] {dag.py:3823} INFO - Setting next_dagrun for example_local_kubernetes_executor to None, run_after=None
[2026-01-21T10:17:23.838+0000] {processor.py:183} INFO - Processing /home/airflow/.local/lib/python3.8/site-packages/airflow/example_dags/example_local_kubernetes_executor.py took 0.113 seconds
[2026-01-21T10:17:54.047+0000] {processor.py:161} INFO - Started process (PID=7465) to work on /home/airflow/.local/lib/python3.8/site-packages/airflow/example_dags/example_local_kubernetes_executor.py
[2026-01-21T10:17:54.049+0000] {processor.py:830} INFO - Processing file /home/airflow/.local/lib/python3.8/site-packages/airflow/example_dags/example_local_kubernetes_executor.py for tasks to queue
[2026-01-21T10:17:54.051+0000] {logging_mixin.py:188} INFO - [2026-01-21T10:17:54.051+0000] {dagbag.py:538} INFO - Filling up the DagBag from /home/airflow/.local/lib/python3.8/site-packages/airflow/example_dags/example_local_kubernetes_executor.py
[2026-01-21T10:17:54.062+0000] {processor.py:840} INFO - DAG(s) 'example_local_kubernetes_executor' retrieved from /home/airflow/.local/lib/python3.8/site-packages/airflow/example_dags/example_local_kubernetes_executor.py
[2026-01-21T10:17:54.122+0000] {logging_mixin.py:188} INFO - [2026-01-21T10:17:54.121+0000] {dag.py:3036} INFO - Sync 1 DAGs
[2026-01-21T10:17:54.143+0000] {logging_mixin.py:188} INFO - [2026-01-21T10:17:54.142+0000] {dag.py:3823} INFO - Setting next_dagrun for example_local_kubernetes_executor to None, run_after=None
[2026-01-21T10:17:54.168+0000] {processor.py:183} INFO - Processing /home/airflow/.local/lib/python3.8/site-packages/airflow/example_dags/example_local_kubernetes_executor.py took 0.126 seconds
[2026-01-21T10:18:24.370+0000] {processor.py:161} INFO - Started process (PID=7531) to work on /home/airflow/.local/lib/python3.8/site-packages/airflow/example_dags/example_local_kubernetes_executor.py
[2026-01-21T10:18:24.372+0000] {processor.py:830} INFO - Processing file /home/airflow/.local/lib/python3.8/site-packages/airflow/example_dags/example_local_kubernetes_executor.py for tasks to queue
[2026-01-21T10:18:24.375+0000] {logging_mixin.py:188} INFO - [2026-01-21T10:18:24.374+0000] {dagbag.py:538} INFO - Filling up the DagBag from /home/airflow/.local/lib/python3.8/site-packages/airflow/example_dags/example_local_kubernetes_executor.py
[2026-01-21T10:18:24.387+0000] {processor.py:840} INFO - DAG(s) 'example_local_kubernetes_executor' retrieved from /home/airflow/.local/lib/python3.8/site-packages/airflow/example_dags/example_local_kubernetes_executor.py
[2026-01-21T10:18:24.446+0000] {logging_mixin.py:188} INFO - [2026-01-21T10:18:24.445+0000] {dag.py:3036} INFO - Sync 1 DAGs
[2026-01-21T10:18:24.468+0000] {logging_mixin.py:188} INFO - [2026-01-21T10:18:24.468+0000] {dag.py:3823} INFO - Setting next_dagrun for example_local_kubernetes_executor to None, run_after=None
[2026-01-21T10:18:24.497+0000] {processor.py:183} INFO - Processing /home/airflow/.local/lib/python3.8/site-packages/airflow/example_dags/example_local_kubernetes_executor.py took 0.133 seconds
[2026-01-21T10:18:54.653+0000] {processor.py:161} INFO - Started process (PID=7604) to work on /home/airflow/.local/lib/python3.8/site-packages/airflow/example_dags/example_local_kubernetes_executor.py
[2026-01-21T10:18:54.654+0000] {processor.py:830} INFO - Processing file /home/airflow/.local/lib/python3.8/site-packages/airflow/example_dags/example_local_kubernetes_executor.py for tasks to queue
[2026-01-21T10:18:54.657+0000] {logging_mixin.py:188} INFO - [2026-01-21T10:18:54.656+0000] {dagbag.py:538} INFO - Filling up the DagBag from /home/airflow/.local/lib/python3.8/site-packages/airflow/example_dags/example_local_kubernetes_executor.py
[2026-01-21T10:18:54.669+0000] {processor.py:840} INFO - DAG(s) 'example_local_kubernetes_executor' retrieved from /home/airflow/.local/lib/python3.8/site-packages/airflow/example_dags/example_local_kubernetes_executor.py
[2026-01-21T10:18:54.734+0000] {logging_mixin.py:188} INFO - [2026-01-21T10:18:54.734+0000] {dag.py:3036} INFO - Sync 1 DAGs
[2026-01-21T10:18:54.757+0000] {logging_mixin.py:188} INFO - [2026-01-21T10:18:54.756+0000] {dag.py:3823} INFO - Setting next_dagrun for example_local_kubernetes_executor to None, run_after=None
[2026-01-21T10:18:54.789+0000] {processor.py:183} INFO - Processing /home/airflow/.local/lib/python3.8/site-packages/airflow/example_dags/example_local_kubernetes_executor.py took 0.142 seconds
[2026-01-21T10:19:24.923+0000] {processor.py:161} INFO - Started process (PID=7669) to work on /home/airflow/.local/lib/python3.8/site-packages/airflow/example_dags/example_local_kubernetes_executor.py
[2026-01-21T10:19:24.925+0000] {processor.py:830} INFO - Processing file /home/airflow/.local/lib/python3.8/site-packages/airflow/example_dags/example_local_kubernetes_executor.py for tasks to queue
[2026-01-21T10:19:24.928+0000] {logging_mixin.py:188} INFO - [2026-01-21T10:19:24.927+0000] {dagbag.py:538} INFO - Filling up the DagBag from /home/airflow/.local/lib/python3.8/site-packages/airflow/example_dags/example_local_kubernetes_executor.py
[2026-01-21T10:19:24.941+0000] {processor.py:840} INFO - DAG(s) 'example_local_kubernetes_executor' retrieved from /home/airflow/.local/lib/python3.8/site-packages/airflow/example_dags/example_local_kubernetes_executor.py
[2026-01-21T10:19:25.013+0000] {logging_mixin.py:188} INFO - [2026-01-21T10:19:25.013+0000] {dag.py:3036} INFO - Sync 1 DAGs
[2026-01-21T10:19:25.038+0000] {logging_mixin.py:188} INFO - [2026-01-21T10:19:25.038+0000] {dag.py:3823} INFO - Setting next_dagrun for example_local_kubernetes_executor to None, run_after=None
[2026-01-21T10:19:25.070+0000] {processor.py:183} INFO - Processing /home/airflow/.local/lib/python3.8/site-packages/airflow/example_dags/example_local_kubernetes_executor.py took 0.157 seconds
[2026-01-21T10:19:55.540+0000] {processor.py:161} INFO - Started process (PID=7733) to work on /home/airflow/.local/lib/python3.8/site-packages/airflow/example_dags/example_local_kubernetes_executor.py
[2026-01-21T10:19:55.542+0000] {processor.py:830} INFO - Processing file /home/airflow/.local/lib/python3.8/site-packages/airflow/example_dags/example_local_kubernetes_executor.py for tasks to queue
[2026-01-21T10:19:55.544+0000] {logging_mixin.py:188} INFO - [2026-01-21T10:19:55.544+0000] {dagbag.py:538} INFO - Filling up the DagBag from /home/airflow/.local/lib/python3.8/site-packages/airflow/example_dags/example_local_kubernetes_executor.py
[2026-01-21T10:19:55.557+0000] {processor.py:840} INFO - DAG(s) 'example_local_kubernetes_executor' retrieved from /home/airflow/.local/lib/python3.8/site-packages/airflow/example_dags/example_local_kubernetes_executor.py
[2026-01-21T10:19:55.616+0000] {logging_mixin.py:188} INFO - [2026-01-21T10:19:55.616+0000] {dag.py:3036} INFO - Sync 1 DAGs
[2026-01-21T10:19:55.637+0000] {logging_mixin.py:188} INFO - [2026-01-21T10:19:55.637+0000] {dag.py:3823} INFO - Setting next_dagrun for example_local_kubernetes_executor to None, run_after=None
[2026-01-21T10:19:55.668+0000] {processor.py:183} INFO - Processing /home/airflow/.local/lib/python3.8/site-packages/airflow/example_dags/example_local_kubernetes_executor.py took 0.134 seconds
[2026-01-21T10:20:26.099+0000] {processor.py:161} INFO - Started process (PID=7798) to work on /home/airflow/.local/lib/python3.8/site-packages/airflow/example_dags/example_local_kubernetes_executor.py
[2026-01-21T10:20:26.100+0000] {processor.py:830} INFO - Processing file /home/airflow/.local/lib/python3.8/site-packages/airflow/example_dags/example_local_kubernetes_executor.py for tasks to queue
[2026-01-21T10:20:26.103+0000] {logging_mixin.py:188} INFO - [2026-01-21T10:20:26.103+0000] {dagbag.py:538} INFO - Filling up the DagBag from /home/airflow/.local/lib/python3.8/site-packages/airflow/example_dags/example_local_kubernetes_executor.py
[2026-01-21T10:20:26.114+0000] {processor.py:840} INFO - DAG(s) 'example_local_kubernetes_executor' retrieved from /home/airflow/.local/lib/python3.8/site-packages/airflow/example_dags/example_local_kubernetes_executor.py
[2026-01-21T10:20:26.174+0000] {logging_mixin.py:188} INFO - [2026-01-21T10:20:26.174+0000] {dag.py:3036} INFO - Sync 1 DAGs
[2026-01-21T10:20:26.199+0000] {logging_mixin.py:188} INFO - [2026-01-21T10:20:26.198+0000] {dag.py:3823} INFO - Setting next_dagrun for example_local_kubernetes_executor to None, run_after=None
[2026-01-21T10:20:26.232+0000] {processor.py:183} INFO - Processing /home/airflow/.local/lib/python3.8/site-packages/airflow/example_dags/example_local_kubernetes_executor.py took 0.138 seconds
[2026-01-21T10:20:56.431+0000] {processor.py:161} INFO - Started process (PID=7864) to work on /home/airflow/.local/lib/python3.8/site-packages/airflow/example_dags/example_local_kubernetes_executor.py
[2026-01-21T10:20:56.432+0000] {processor.py:830} INFO - Processing file /home/airflow/.local/lib/python3.8/site-packages/airflow/example_dags/example_local_kubernetes_executor.py for tasks to queue
[2026-01-21T10:20:56.435+0000] {logging_mixin.py:188} INFO - [2026-01-21T10:20:56.434+0000] {dagbag.py:538} INFO - Filling up the DagBag from /home/airflow/.local/lib/python3.8/site-packages/airflow/example_dags/example_local_kubernetes_executor.py
[2026-01-21T10:20:56.448+0000] {processor.py:840} INFO - DAG(s) 'example_local_kubernetes_executor' retrieved from /home/airflow/.local/lib/python3.8/site-packages/airflow/example_dags/example_local_kubernetes_executor.py
[2026-01-21T10:20:56.515+0000] {logging_mixin.py:188} INFO - [2026-01-21T10:20:56.514+0000] {dag.py:3036} INFO - Sync 1 DAGs
[2026-01-21T10:20:56.540+0000] {logging_mixin.py:188} INFO - [2026-01-21T10:20:56.539+0000] {dag.py:3823} INFO - Setting next_dagrun for example_local_kubernetes_executor to None, run_after=None
[2026-01-21T10:20:56.574+0000] {processor.py:183} INFO - Processing /home/airflow/.local/lib/python3.8/site-packages/airflow/example_dags/example_local_kubernetes_executor.py took 0.149 seconds
[2026-01-21T10:21:27.367+0000] {processor.py:161} INFO - Started process (PID=7931) to work on /home/airflow/.local/lib/python3.8/site-packages/airflow/example_dags/example_local_kubernetes_executor.py
[2026-01-21T10:21:27.369+0000] {processor.py:830} INFO - Processing file /home/airflow/.local/lib/python3.8/site-packages/airflow/example_dags/example_local_kubernetes_executor.py for tasks to queue
[2026-01-21T10:21:27.371+0000] {logging_mixin.py:188} INFO - [2026-01-21T10:21:27.370+0000] {dagbag.py:538} INFO - Filling up the DagBag from /home/airflow/.local/lib/python3.8/site-packages/airflow/example_dags/example_local_kubernetes_executor.py
[2026-01-21T10:21:27.381+0000] {processor.py:840} INFO - DAG(s) 'example_local_kubernetes_executor' retrieved from /home/airflow/.local/lib/python3.8/site-packages/airflow/example_dags/example_local_kubernetes_executor.py
[2026-01-21T10:21:27.431+0000] {logging_mixin.py:188} INFO - [2026-01-21T10:21:27.430+0000] {dag.py:3036} INFO - Sync 1 DAGs
[2026-01-21T10:21:27.450+0000] {logging_mixin.py:188} INFO - [2026-01-21T10:21:27.450+0000] {dag.py:3823} INFO - Setting next_dagrun for example_local_kubernetes_executor to None, run_after=None
[2026-01-21T10:21:27.474+0000] {processor.py:183} INFO - Processing /home/airflow/.local/lib/python3.8/site-packages/airflow/example_dags/example_local_kubernetes_executor.py took 0.112 seconds
[2026-01-21T10:21:57.883+0000] {processor.py:161} INFO - Started process (PID=7997) to work on /home/airflow/.local/lib/python3.8/site-packages/airflow/example_dags/example_local_kubernetes_executor.py
[2026-01-21T10:21:57.885+0000] {processor.py:830} INFO - Processing file /home/airflow/.local/lib/python3.8/site-packages/airflow/example_dags/example_local_kubernetes_executor.py for tasks to queue
[2026-01-21T10:21:57.888+0000] {logging_mixin.py:188} INFO - [2026-01-21T10:21:57.887+0000] {dagbag.py:538} INFO - Filling up the DagBag from /home/airflow/.local/lib/python3.8/site-packages/airflow/example_dags/example_local_kubernetes_executor.py
[2026-01-21T10:21:57.901+0000] {processor.py:840} INFO - DAG(s) 'example_local_kubernetes_executor' retrieved from /home/airflow/.local/lib/python3.8/site-packages/airflow/example_dags/example_local_kubernetes_executor.py
[2026-01-21T10:21:57.984+0000] {logging_mixin.py:188} INFO - [2026-01-21T10:21:57.983+0000] {dag.py:3036} INFO - Sync 1 DAGs
[2026-01-21T10:21:58.007+0000] {logging_mixin.py:188} INFO - [2026-01-21T10:21:58.007+0000] {dag.py:3823} INFO - Setting next_dagrun for example_local_kubernetes_executor to None, run_after=None
[2026-01-21T10:21:58.039+0000] {processor.py:183} INFO - Processing /home/airflow/.local/lib/python3.8/site-packages/airflow/example_dags/example_local_kubernetes_executor.py took 0.162 seconds
[2026-01-21T10:22:28.553+0000] {processor.py:161} INFO - Started process (PID=8069) to work on /home/airflow/.local/lib/python3.8/site-packages/airflow/example_dags/example_local_kubernetes_executor.py
[2026-01-21T10:22:28.557+0000] {processor.py:830} INFO - Processing file /home/airflow/.local/lib/python3.8/site-packages/airflow/example_dags/example_local_kubernetes_executor.py for tasks to queue
[2026-01-21T10:22:28.564+0000] {logging_mixin.py:188} INFO - [2026-01-21T10:22:28.563+0000] {dagbag.py:538} INFO - Filling up the DagBag from /home/airflow/.local/lib/python3.8/site-packages/airflow/example_dags/example_local_kubernetes_executor.py
[2026-01-21T10:22:28.576+0000] {processor.py:840} INFO - DAG(s) 'example_local_kubernetes_executor' retrieved from /home/airflow/.local/lib/python3.8/site-packages/airflow/example_dags/example_local_kubernetes_executor.py
[2026-01-21T10:22:28.638+0000] {logging_mixin.py:188} INFO - [2026-01-21T10:22:28.637+0000] {dag.py:3036} INFO - Sync 1 DAGs
[2026-01-21T10:22:28.661+0000] {logging_mixin.py:188} INFO - [2026-01-21T10:22:28.661+0000] {dag.py:3823} INFO - Setting next_dagrun for example_local_kubernetes_executor to None, run_after=None
[2026-01-21T10:22:28.703+0000] {processor.py:183} INFO - Processing /home/airflow/.local/lib/python3.8/site-packages/airflow/example_dags/example_local_kubernetes_executor.py took 0.156 seconds
[2026-01-21T10:22:59.129+0000] {processor.py:161} INFO - Started process (PID=8136) to work on /home/airflow/.local/lib/python3.8/site-packages/airflow/example_dags/example_local_kubernetes_executor.py
[2026-01-21T10:22:59.131+0000] {processor.py:830} INFO - Processing file /home/airflow/.local/lib/python3.8/site-packages/airflow/example_dags/example_local_kubernetes_executor.py for tasks to queue
[2026-01-21T10:22:59.134+0000] {logging_mixin.py:188} INFO - [2026-01-21T10:22:59.133+0000] {dagbag.py:538} INFO - Filling up the DagBag from /home/airflow/.local/lib/python3.8/site-packages/airflow/example_dags/example_local_kubernetes_executor.py
[2026-01-21T10:22:59.146+0000] {processor.py:840} INFO - DAG(s) 'example_local_kubernetes_executor' retrieved from /home/airflow/.local/lib/python3.8/site-packages/airflow/example_dags/example_local_kubernetes_executor.py
[2026-01-21T10:22:59.208+0000] {logging_mixin.py:188} INFO - [2026-01-21T10:22:59.207+0000] {dag.py:3036} INFO - Sync 1 DAGs
[2026-01-21T10:22:59.230+0000] {logging_mixin.py:188} INFO - [2026-01-21T10:22:59.230+0000] {dag.py:3823} INFO - Setting next_dagrun for example_local_kubernetes_executor to None, run_after=None
[2026-01-21T10:22:59.259+0000] {processor.py:183} INFO - Processing /home/airflow/.local/lib/python3.8/site-packages/airflow/example_dags/example_local_kubernetes_executor.py took 0.135 seconds
[2026-01-21T10:23:29.446+0000] {processor.py:161} INFO - Started process (PID=8201) to work on /home/airflow/.local/lib/python3.8/site-packages/airflow/example_dags/example_local_kubernetes_executor.py
[2026-01-21T10:23:29.448+0000] {processor.py:830} INFO - Processing file /home/airflow/.local/lib/python3.8/site-packages/airflow/example_dags/example_local_kubernetes_executor.py for tasks to queue
[2026-01-21T10:23:29.451+0000] {logging_mixin.py:188} INFO - [2026-01-21T10:23:29.451+0000] {dagbag.py:538} INFO - Filling up the DagBag from /home/airflow/.local/lib/python3.8/site-packages/airflow/example_dags/example_local_kubernetes_executor.py
[2026-01-21T10:23:29.465+0000] {processor.py:840} INFO - DAG(s) 'example_local_kubernetes_executor' retrieved from /home/airflow/.local/lib/python3.8/site-packages/airflow/example_dags/example_local_kubernetes_executor.py
[2026-01-21T10:23:29.563+0000] {logging_mixin.py:188} INFO - [2026-01-21T10:23:29.562+0000] {dag.py:3036} INFO - Sync 1 DAGs
[2026-01-21T10:23:29.590+0000] {logging_mixin.py:188} INFO - [2026-01-21T10:23:29.589+0000] {dag.py:3823} INFO - Setting next_dagrun for example_local_kubernetes_executor to None, run_after=None
[2026-01-21T10:23:29.640+0000] {processor.py:183} INFO - Processing /home/airflow/.local/lib/python3.8/site-packages/airflow/example_dags/example_local_kubernetes_executor.py took 0.200 seconds
[2026-01-21T10:23:59.703+0000] {processor.py:161} INFO - Started process (PID=8265) to work on /home/airflow/.local/lib/python3.8/site-packages/airflow/example_dags/example_local_kubernetes_executor.py
[2026-01-21T10:23:59.705+0000] {processor.py:830} INFO - Processing file /home/airflow/.local/lib/python3.8/site-packages/airflow/example_dags/example_local_kubernetes_executor.py for tasks to queue
[2026-01-21T10:23:59.714+0000] {logging_mixin.py:188} INFO - [2026-01-21T10:23:59.713+0000] {dagbag.py:538} INFO - Filling up the DagBag from /home/airflow/.local/lib/python3.8/site-packages/airflow/example_dags/example_local_kubernetes_executor.py
[2026-01-21T10:23:59.728+0000] {processor.py:840} INFO - DAG(s) 'example_local_kubernetes_executor' retrieved from /home/airflow/.local/lib/python3.8/site-packages/airflow/example_dags/example_local_kubernetes_executor.py
[2026-01-21T10:23:59.791+0000] {logging_mixin.py:188} INFO - [2026-01-21T10:23:59.790+0000] {dag.py:3036} INFO - Sync 1 DAGs
[2026-01-21T10:23:59.809+0000] {logging_mixin.py:188} INFO - [2026-01-21T10:23:59.809+0000] {dag.py:3823} INFO - Setting next_dagrun for example_local_kubernetes_executor to None, run_after=None
[2026-01-21T10:23:59.838+0000] {processor.py:183} INFO - Processing /home/airflow/.local/lib/python3.8/site-packages/airflow/example_dags/example_local_kubernetes_executor.py took 0.141 seconds
[2026-01-21T10:24:30.122+0000] {processor.py:161} INFO - Started process (PID=8330) to work on /home/airflow/.local/lib/python3.8/site-packages/airflow/example_dags/example_local_kubernetes_executor.py
[2026-01-21T10:24:30.124+0000] {processor.py:830} INFO - Processing file /home/airflow/.local/lib/python3.8/site-packages/airflow/example_dags/example_local_kubernetes_executor.py for tasks to queue
[2026-01-21T10:24:30.126+0000] {logging_mixin.py:188} INFO - [2026-01-21T10:24:30.126+0000] {dagbag.py:538} INFO - Filling up the DagBag from /home/airflow/.local/lib/python3.8/site-packages/airflow/example_dags/example_local_kubernetes_executor.py
[2026-01-21T10:24:30.136+0000] {processor.py:840} INFO - DAG(s) 'example_local_kubernetes_executor' retrieved from /home/airflow/.local/lib/python3.8/site-packages/airflow/example_dags/example_local_kubernetes_executor.py
[2026-01-21T10:24:30.188+0000] {logging_mixin.py:188} INFO - [2026-01-21T10:24:30.187+0000] {dag.py:3036} INFO - Sync 1 DAGs
[2026-01-21T10:24:30.206+0000] {logging_mixin.py:188} INFO - [2026-01-21T10:24:30.206+0000] {dag.py:3823} INFO - Setting next_dagrun for example_local_kubernetes_executor to None, run_after=None
[2026-01-21T10:24:30.233+0000] {processor.py:183} INFO - Processing /home/airflow/.local/lib/python3.8/site-packages/airflow/example_dags/example_local_kubernetes_executor.py took 0.115 seconds
[2026-01-21T10:25:00.349+0000] {processor.py:161} INFO - Started process (PID=8396) to work on /home/airflow/.local/lib/python3.8/site-packages/airflow/example_dags/example_local_kubernetes_executor.py
[2026-01-21T10:25:00.350+0000] {processor.py:830} INFO - Processing file /home/airflow/.local/lib/python3.8/site-packages/airflow/example_dags/example_local_kubernetes_executor.py for tasks to queue
[2026-01-21T10:25:00.353+0000] {logging_mixin.py:188} INFO - [2026-01-21T10:25:00.353+0000] {dagbag.py:538} INFO - Filling up the DagBag from /home/airflow/.local/lib/python3.8/site-packages/airflow/example_dags/example_local_kubernetes_executor.py
[2026-01-21T10:25:00.366+0000] {processor.py:840} INFO - DAG(s) 'example_local_kubernetes_executor' retrieved from /home/airflow/.local/lib/python3.8/site-packages/airflow/example_dags/example_local_kubernetes_executor.py
[2026-01-21T10:25:00.419+0000] {logging_mixin.py:188} INFO - [2026-01-21T10:25:00.418+0000] {dag.py:3036} INFO - Sync 1 DAGs
[2026-01-21T10:25:00.438+0000] {logging_mixin.py:188} INFO - [2026-01-21T10:25:00.437+0000] {dag.py:3823} INFO - Setting next_dagrun for example_local_kubernetes_executor to None, run_after=None
[2026-01-21T10:25:00.464+0000] {processor.py:183} INFO - Processing /home/airflow/.local/lib/python3.8/site-packages/airflow/example_dags/example_local_kubernetes_executor.py took 0.120 seconds
[2026-01-21T10:25:30.805+0000] {processor.py:161} INFO - Started process (PID=8461) to work on /home/airflow/.local/lib/python3.8/site-packages/airflow/example_dags/example_local_kubernetes_executor.py
[2026-01-21T10:25:30.806+0000] {processor.py:830} INFO - Processing file /home/airflow/.local/lib/python3.8/site-packages/airflow/example_dags/example_local_kubernetes_executor.py for tasks to queue
[2026-01-21T10:25:30.809+0000] {logging_mixin.py:188} INFO - [2026-01-21T10:25:30.808+0000] {dagbag.py:538} INFO - Filling up the DagBag from /home/airflow/.local/lib/python3.8/site-packages/airflow/example_dags/example_local_kubernetes_executor.py
[2026-01-21T10:25:30.819+0000] {processor.py:840} INFO - DAG(s) 'example_local_kubernetes_executor' retrieved from /home/airflow/.local/lib/python3.8/site-packages/airflow/example_dags/example_local_kubernetes_executor.py
[2026-01-21T10:25:30.877+0000] {logging_mixin.py:188} INFO - [2026-01-21T10:25:30.877+0000] {dag.py:3036} INFO - Sync 1 DAGs
[2026-01-21T10:25:30.896+0000] {logging_mixin.py:188} INFO - [2026-01-21T10:25:30.895+0000] {dag.py:3823} INFO - Setting next_dagrun for example_local_kubernetes_executor to None, run_after=None
[2026-01-21T10:25:30.923+0000] {processor.py:183} INFO - Processing /home/airflow/.local/lib/python3.8/site-packages/airflow/example_dags/example_local_kubernetes_executor.py took 0.123 seconds
[2026-01-21T10:26:01.547+0000] {processor.py:161} INFO - Started process (PID=8532) to work on /home/airflow/.local/lib/python3.8/site-packages/airflow/example_dags/example_local_kubernetes_executor.py
[2026-01-21T10:26:01.549+0000] {processor.py:830} INFO - Processing file /home/airflow/.local/lib/python3.8/site-packages/airflow/example_dags/example_local_kubernetes_executor.py for tasks to queue
[2026-01-21T10:26:01.552+0000] {logging_mixin.py:188} INFO - [2026-01-21T10:26:01.551+0000] {dagbag.py:538} INFO - Filling up the DagBag from /home/airflow/.local/lib/python3.8/site-packages/airflow/example_dags/example_local_kubernetes_executor.py
[2026-01-21T10:26:01.568+0000] {processor.py:840} INFO - DAG(s) 'example_local_kubernetes_executor' retrieved from /home/airflow/.local/lib/python3.8/site-packages/airflow/example_dags/example_local_kubernetes_executor.py
[2026-01-21T10:26:01.640+0000] {logging_mixin.py:188} INFO - [2026-01-21T10:26:01.640+0000] {dag.py:3036} INFO - Sync 1 DAGs
[2026-01-21T10:26:01.664+0000] {logging_mixin.py:188} INFO - [2026-01-21T10:26:01.663+0000] {dag.py:3823} INFO - Setting next_dagrun for example_local_kubernetes_executor to None, run_after=None
[2026-01-21T10:26:01.696+0000] {processor.py:183} INFO - Processing /home/airflow/.local/lib/python3.8/site-packages/airflow/example_dags/example_local_kubernetes_executor.py took 0.154 seconds
[2026-01-21T10:26:31.878+0000] {processor.py:161} INFO - Started process (PID=8598) to work on /home/airflow/.local/lib/python3.8/site-packages/airflow/example_dags/example_local_kubernetes_executor.py
[2026-01-21T10:26:31.880+0000] {processor.py:830} INFO - Processing file /home/airflow/.local/lib/python3.8/site-packages/airflow/example_dags/example_local_kubernetes_executor.py for tasks to queue
[2026-01-21T10:26:31.883+0000] {logging_mixin.py:188} INFO - [2026-01-21T10:26:31.883+0000] {dagbag.py:538} INFO - Filling up the DagBag from /home/airflow/.local/lib/python3.8/site-packages/airflow/example_dags/example_local_kubernetes_executor.py
[2026-01-21T10:26:31.897+0000] {processor.py:840} INFO - DAG(s) 'example_local_kubernetes_executor' retrieved from /home/airflow/.local/lib/python3.8/site-packages/airflow/example_dags/example_local_kubernetes_executor.py
[2026-01-21T10:26:31.963+0000] {logging_mixin.py:188} INFO - [2026-01-21T10:26:31.962+0000] {dag.py:3036} INFO - Sync 1 DAGs
[2026-01-21T10:26:31.991+0000] {logging_mixin.py:188} INFO - [2026-01-21T10:26:31.990+0000] {dag.py:3823} INFO - Setting next_dagrun for example_local_kubernetes_executor to None, run_after=None
[2026-01-21T10:26:32.039+0000] {processor.py:183} INFO - Processing /home/airflow/.local/lib/python3.8/site-packages/airflow/example_dags/example_local_kubernetes_executor.py took 0.167 seconds
[2026-01-21T10:27:02.442+0000] {processor.py:161} INFO - Started process (PID=8663) to work on /home/airflow/.local/lib/python3.8/site-packages/airflow/example_dags/example_local_kubernetes_executor.py
[2026-01-21T10:27:02.444+0000] {processor.py:830} INFO - Processing file /home/airflow/.local/lib/python3.8/site-packages/airflow/example_dags/example_local_kubernetes_executor.py for tasks to queue
[2026-01-21T10:27:02.446+0000] {logging_mixin.py:188} INFO - [2026-01-21T10:27:02.446+0000] {dagbag.py:538} INFO - Filling up the DagBag from /home/airflow/.local/lib/python3.8/site-packages/airflow/example_dags/example_local_kubernetes_executor.py
[2026-01-21T10:27:02.456+0000] {processor.py:840} INFO - DAG(s) 'example_local_kubernetes_executor' retrieved from /home/airflow/.local/lib/python3.8/site-packages/airflow/example_dags/example_local_kubernetes_executor.py
[2026-01-21T10:27:02.515+0000] {logging_mixin.py:188} INFO - [2026-01-21T10:27:02.514+0000] {dag.py:3036} INFO - Sync 1 DAGs
[2026-01-21T10:27:02.538+0000] {logging_mixin.py:188} INFO - [2026-01-21T10:27:02.537+0000] {dag.py:3823} INFO - Setting next_dagrun for example_local_kubernetes_executor to None, run_after=None
[2026-01-21T10:27:02.569+0000] {processor.py:183} INFO - Processing /home/airflow/.local/lib/python3.8/site-packages/airflow/example_dags/example_local_kubernetes_executor.py took 0.132 seconds
[2026-01-21T10:27:32.728+0000] {processor.py:161} INFO - Started process (PID=8728) to work on /home/airflow/.local/lib/python3.8/site-packages/airflow/example_dags/example_local_kubernetes_executor.py
[2026-01-21T10:27:32.730+0000] {processor.py:830} INFO - Processing file /home/airflow/.local/lib/python3.8/site-packages/airflow/example_dags/example_local_kubernetes_executor.py for tasks to queue
[2026-01-21T10:27:32.733+0000] {logging_mixin.py:188} INFO - [2026-01-21T10:27:32.733+0000] {dagbag.py:538} INFO - Filling up the DagBag from /home/airflow/.local/lib/python3.8/site-packages/airflow/example_dags/example_local_kubernetes_executor.py
[2026-01-21T10:27:32.746+0000] {processor.py:840} INFO - DAG(s) 'example_local_kubernetes_executor' retrieved from /home/airflow/.local/lib/python3.8/site-packages/airflow/example_dags/example_local_kubernetes_executor.py
[2026-01-21T10:27:32.801+0000] {logging_mixin.py:188} INFO - [2026-01-21T10:27:32.800+0000] {dag.py:3036} INFO - Sync 1 DAGs
[2026-01-21T10:27:32.819+0000] {logging_mixin.py:188} INFO - [2026-01-21T10:27:32.819+0000] {dag.py:3823} INFO - Setting next_dagrun for example_local_kubernetes_executor to None, run_after=None
[2026-01-21T10:27:32.849+0000] {processor.py:183} INFO - Processing /home/airflow/.local/lib/python3.8/site-packages/airflow/example_dags/example_local_kubernetes_executor.py took 0.127 seconds
[2026-01-21T10:28:03.133+0000] {processor.py:161} INFO - Started process (PID=8793) to work on /home/airflow/.local/lib/python3.8/site-packages/airflow/example_dags/example_local_kubernetes_executor.py
[2026-01-21T10:28:03.134+0000] {processor.py:830} INFO - Processing file /home/airflow/.local/lib/python3.8/site-packages/airflow/example_dags/example_local_kubernetes_executor.py for tasks to queue
[2026-01-21T10:28:03.136+0000] {logging_mixin.py:188} INFO - [2026-01-21T10:28:03.136+0000] {dagbag.py:538} INFO - Filling up the DagBag from /home/airflow/.local/lib/python3.8/site-packages/airflow/example_dags/example_local_kubernetes_executor.py
[2026-01-21T10:28:03.146+0000] {processor.py:840} INFO - DAG(s) 'example_local_kubernetes_executor' retrieved from /home/airflow/.local/lib/python3.8/site-packages/airflow/example_dags/example_local_kubernetes_executor.py
[2026-01-21T10:28:03.195+0000] {logging_mixin.py:188} INFO - [2026-01-21T10:28:03.195+0000] {dag.py:3036} INFO - Sync 1 DAGs
[2026-01-21T10:28:03.213+0000] {logging_mixin.py:188} INFO - [2026-01-21T10:28:03.212+0000] {dag.py:3823} INFO - Setting next_dagrun for example_local_kubernetes_executor to None, run_after=None
[2026-01-21T10:28:03.237+0000] {processor.py:183} INFO - Processing /home/airflow/.local/lib/python3.8/site-packages/airflow/example_dags/example_local_kubernetes_executor.py took 0.109 seconds
[2026-01-21T10:28:33.418+0000] {processor.py:161} INFO - Started process (PID=8856) to work on /home/airflow/.local/lib/python3.8/site-packages/airflow/example_dags/example_local_kubernetes_executor.py
[2026-01-21T10:28:33.420+0000] {processor.py:830} INFO - Processing file /home/airflow/.local/lib/python3.8/site-packages/airflow/example_dags/example_local_kubernetes_executor.py for tasks to queue
[2026-01-21T10:28:33.422+0000] {logging_mixin.py:188} INFO - [2026-01-21T10:28:33.422+0000] {dagbag.py:538} INFO - Filling up the DagBag from /home/airflow/.local/lib/python3.8/site-packages/airflow/example_dags/example_local_kubernetes_executor.py
[2026-01-21T10:28:33.432+0000] {processor.py:840} INFO - DAG(s) 'example_local_kubernetes_executor' retrieved from /home/airflow/.local/lib/python3.8/site-packages/airflow/example_dags/example_local_kubernetes_executor.py
[2026-01-21T10:28:33.484+0000] {logging_mixin.py:188} INFO - [2026-01-21T10:28:33.483+0000] {dag.py:3036} INFO - Sync 1 DAGs
[2026-01-21T10:28:33.502+0000] {logging_mixin.py:188} INFO - [2026-01-21T10:28:33.501+0000] {dag.py:3823} INFO - Setting next_dagrun for example_local_kubernetes_executor to None, run_after=None
[2026-01-21T10:28:33.526+0000] {processor.py:183} INFO - Processing /home/airflow/.local/lib/python3.8/site-packages/airflow/example_dags/example_local_kubernetes_executor.py took 0.113 seconds
[2026-01-21T10:29:03.764+0000] {processor.py:161} INFO - Started process (PID=8921) to work on /home/airflow/.local/lib/python3.8/site-packages/airflow/example_dags/example_local_kubernetes_executor.py
[2026-01-21T10:29:03.765+0000] {processor.py:830} INFO - Processing file /home/airflow/.local/lib/python3.8/site-packages/airflow/example_dags/example_local_kubernetes_executor.py for tasks to queue
[2026-01-21T10:29:03.767+0000] {logging_mixin.py:188} INFO - [2026-01-21T10:29:03.767+0000] {dagbag.py:538} INFO - Filling up the DagBag from /home/airflow/.local/lib/python3.8/site-packages/airflow/example_dags/example_local_kubernetes_executor.py
[2026-01-21T10:29:03.778+0000] {processor.py:840} INFO - DAG(s) 'example_local_kubernetes_executor' retrieved from /home/airflow/.local/lib/python3.8/site-packages/airflow/example_dags/example_local_kubernetes_executor.py
[2026-01-21T10:29:03.835+0000] {logging_mixin.py:188} INFO - [2026-01-21T10:29:03.835+0000] {dag.py:3036} INFO - Sync 1 DAGs
[2026-01-21T10:29:03.853+0000] {logging_mixin.py:188} INFO - [2026-01-21T10:29:03.853+0000] {dag.py:3823} INFO - Setting next_dagrun for example_local_kubernetes_executor to None, run_after=None
[2026-01-21T10:29:03.878+0000] {processor.py:183} INFO - Processing /home/airflow/.local/lib/python3.8/site-packages/airflow/example_dags/example_local_kubernetes_executor.py took 0.118 seconds
[2026-01-21T10:29:34.526+0000] {processor.py:161} INFO - Started process (PID=8992) to work on /home/airflow/.local/lib/python3.8/site-packages/airflow/example_dags/example_local_kubernetes_executor.py
[2026-01-21T10:29:34.528+0000] {processor.py:830} INFO - Processing file /home/airflow/.local/lib/python3.8/site-packages/airflow/example_dags/example_local_kubernetes_executor.py for tasks to queue
[2026-01-21T10:29:34.531+0000] {logging_mixin.py:188} INFO - [2026-01-21T10:29:34.531+0000] {dagbag.py:538} INFO - Filling up the DagBag from /home/airflow/.local/lib/python3.8/site-packages/airflow/example_dags/example_local_kubernetes_executor.py
[2026-01-21T10:29:34.544+0000] {processor.py:840} INFO - DAG(s) 'example_local_kubernetes_executor' retrieved from /home/airflow/.local/lib/python3.8/site-packages/airflow/example_dags/example_local_kubernetes_executor.py
[2026-01-21T10:29:34.595+0000] {logging_mixin.py:188} INFO - [2026-01-21T10:29:34.595+0000] {dag.py:3036} INFO - Sync 1 DAGs
[2026-01-21T10:29:34.614+0000] {logging_mixin.py:188} INFO - [2026-01-21T10:29:34.613+0000] {dag.py:3823} INFO - Setting next_dagrun for example_local_kubernetes_executor to None, run_after=None
[2026-01-21T10:29:34.641+0000] {processor.py:183} INFO - Processing /home/airflow/.local/lib/python3.8/site-packages/airflow/example_dags/example_local_kubernetes_executor.py took 0.121 seconds
[2026-01-21T10:30:04.982+0000] {processor.py:161} INFO - Started process (PID=9056) to work on /home/airflow/.local/lib/python3.8/site-packages/airflow/example_dags/example_local_kubernetes_executor.py
[2026-01-21T10:30:04.983+0000] {processor.py:830} INFO - Processing file /home/airflow/.local/lib/python3.8/site-packages/airflow/example_dags/example_local_kubernetes_executor.py for tasks to queue
[2026-01-21T10:30:04.985+0000] {logging_mixin.py:188} INFO - [2026-01-21T10:30:04.984+0000] {dagbag.py:538} INFO - Filling up the DagBag from /home/airflow/.local/lib/python3.8/site-packages/airflow/example_dags/example_local_kubernetes_executor.py
[2026-01-21T10:30:04.995+0000] {processor.py:840} INFO - DAG(s) 'example_local_kubernetes_executor' retrieved from /home/airflow/.local/lib/python3.8/site-packages/airflow/example_dags/example_local_kubernetes_executor.py
[2026-01-21T10:30:05.061+0000] {logging_mixin.py:188} INFO - [2026-01-21T10:30:05.061+0000] {dag.py:3036} INFO - Sync 1 DAGs
[2026-01-21T10:30:05.085+0000] {logging_mixin.py:188} INFO - [2026-01-21T10:30:05.084+0000] {dag.py:3823} INFO - Setting next_dagrun for example_local_kubernetes_executor to None, run_after=None
[2026-01-21T10:30:05.117+0000] {processor.py:183} INFO - Processing /home/airflow/.local/lib/python3.8/site-packages/airflow/example_dags/example_local_kubernetes_executor.py took 0.140 seconds
[2026-01-21T10:30:35.198+0000] {processor.py:161} INFO - Started process (PID=9121) to work on /home/airflow/.local/lib/python3.8/site-packages/airflow/example_dags/example_local_kubernetes_executor.py
[2026-01-21T10:30:35.200+0000] {processor.py:830} INFO - Processing file /home/airflow/.local/lib/python3.8/site-packages/airflow/example_dags/example_local_kubernetes_executor.py for tasks to queue
[2026-01-21T10:30:35.202+0000] {logging_mixin.py:188} INFO - [2026-01-21T10:30:35.202+0000] {dagbag.py:538} INFO - Filling up the DagBag from /home/airflow/.local/lib/python3.8/site-packages/airflow/example_dags/example_local_kubernetes_executor.py
[2026-01-21T10:30:35.212+0000] {processor.py:840} INFO - DAG(s) 'example_local_kubernetes_executor' retrieved from /home/airflow/.local/lib/python3.8/site-packages/airflow/example_dags/example_local_kubernetes_executor.py
[2026-01-21T10:30:35.271+0000] {logging_mixin.py:188} INFO - [2026-01-21T10:30:35.270+0000] {dag.py:3036} INFO - Sync 1 DAGs
[2026-01-21T10:30:35.292+0000] {logging_mixin.py:188} INFO - [2026-01-21T10:30:35.292+0000] {dag.py:3823} INFO - Setting next_dagrun for example_local_kubernetes_executor to None, run_after=None
[2026-01-21T10:30:35.320+0000] {processor.py:183} INFO - Processing /home/airflow/.local/lib/python3.8/site-packages/airflow/example_dags/example_local_kubernetes_executor.py took 0.127 seconds
[2026-01-21T10:31:05.531+0000] {processor.py:161} INFO - Started process (PID=9185) to work on /home/airflow/.local/lib/python3.8/site-packages/airflow/example_dags/example_local_kubernetes_executor.py
[2026-01-21T10:31:05.533+0000] {processor.py:830} INFO - Processing file /home/airflow/.local/lib/python3.8/site-packages/airflow/example_dags/example_local_kubernetes_executor.py for tasks to queue
[2026-01-21T10:31:05.536+0000] {logging_mixin.py:188} INFO - [2026-01-21T10:31:05.536+0000] {dagbag.py:538} INFO - Filling up the DagBag from /home/airflow/.local/lib/python3.8/site-packages/airflow/example_dags/example_local_kubernetes_executor.py
[2026-01-21T10:31:05.548+0000] {processor.py:840} INFO - DAG(s) 'example_local_kubernetes_executor' retrieved from /home/airflow/.local/lib/python3.8/site-packages/airflow/example_dags/example_local_kubernetes_executor.py
[2026-01-21T10:31:05.601+0000] {logging_mixin.py:188} INFO - [2026-01-21T10:31:05.600+0000] {dag.py:3036} INFO - Sync 1 DAGs
[2026-01-21T10:31:05.619+0000] {logging_mixin.py:188} INFO - [2026-01-21T10:31:05.618+0000] {dag.py:3823} INFO - Setting next_dagrun for example_local_kubernetes_executor to None, run_after=None
[2026-01-21T10:31:05.643+0000] {processor.py:183} INFO - Processing /home/airflow/.local/lib/python3.8/site-packages/airflow/example_dags/example_local_kubernetes_executor.py took 0.117 seconds
[2026-01-21T10:31:35.792+0000] {processor.py:161} INFO - Started process (PID=9250) to work on /home/airflow/.local/lib/python3.8/site-packages/airflow/example_dags/example_local_kubernetes_executor.py
[2026-01-21T10:31:35.793+0000] {processor.py:830} INFO - Processing file /home/airflow/.local/lib/python3.8/site-packages/airflow/example_dags/example_local_kubernetes_executor.py for tasks to queue
[2026-01-21T10:31:35.795+0000] {logging_mixin.py:188} INFO - [2026-01-21T10:31:35.795+0000] {dagbag.py:538} INFO - Filling up the DagBag from /home/airflow/.local/lib/python3.8/site-packages/airflow/example_dags/example_local_kubernetes_executor.py
[2026-01-21T10:31:35.805+0000] {processor.py:840} INFO - DAG(s) 'example_local_kubernetes_executor' retrieved from /home/airflow/.local/lib/python3.8/site-packages/airflow/example_dags/example_local_kubernetes_executor.py
[2026-01-21T10:31:35.855+0000] {logging_mixin.py:188} INFO - [2026-01-21T10:31:35.854+0000] {dag.py:3036} INFO - Sync 1 DAGs
[2026-01-21T10:31:35.874+0000] {logging_mixin.py:188} INFO - [2026-01-21T10:31:35.873+0000] {dag.py:3823} INFO - Setting next_dagrun for example_local_kubernetes_executor to None, run_after=None
[2026-01-21T10:31:35.898+0000] {processor.py:183} INFO - Processing /home/airflow/.local/lib/python3.8/site-packages/airflow/example_dags/example_local_kubernetes_executor.py took 0.110 seconds
[2026-01-21T10:32:06.291+0000] {processor.py:161} INFO - Started process (PID=9316) to work on /home/airflow/.local/lib/python3.8/site-packages/airflow/example_dags/example_local_kubernetes_executor.py
[2026-01-21T10:32:06.292+0000] {processor.py:830} INFO - Processing file /home/airflow/.local/lib/python3.8/site-packages/airflow/example_dags/example_local_kubernetes_executor.py for tasks to queue
[2026-01-21T10:32:06.295+0000] {logging_mixin.py:188} INFO - [2026-01-21T10:32:06.295+0000] {dagbag.py:538} INFO - Filling up the DagBag from /home/airflow/.local/lib/python3.8/site-packages/airflow/example_dags/example_local_kubernetes_executor.py
[2026-01-21T10:32:06.308+0000] {processor.py:840} INFO - DAG(s) 'example_local_kubernetes_executor' retrieved from /home/airflow/.local/lib/python3.8/site-packages/airflow/example_dags/example_local_kubernetes_executor.py
[2026-01-21T10:32:06.371+0000] {logging_mixin.py:188} INFO - [2026-01-21T10:32:06.371+0000] {dag.py:3036} INFO - Sync 1 DAGs
[2026-01-21T10:32:06.394+0000] {logging_mixin.py:188} INFO - [2026-01-21T10:32:06.394+0000] {dag.py:3823} INFO - Setting next_dagrun for example_local_kubernetes_executor to None, run_after=None
[2026-01-21T10:32:06.425+0000] {processor.py:183} INFO - Processing /home/airflow/.local/lib/python3.8/site-packages/airflow/example_dags/example_local_kubernetes_executor.py took 0.139 seconds
[2026-01-21T10:32:36.819+0000] {processor.py:161} INFO - Started process (PID=9389) to work on /home/airflow/.local/lib/python3.8/site-packages/airflow/example_dags/example_local_kubernetes_executor.py
[2026-01-21T10:32:36.822+0000] {processor.py:830} INFO - Processing file /home/airflow/.local/lib/python3.8/site-packages/airflow/example_dags/example_local_kubernetes_executor.py for tasks to queue
[2026-01-21T10:32:36.825+0000] {logging_mixin.py:188} INFO - [2026-01-21T10:32:36.824+0000] {dagbag.py:538} INFO - Filling up the DagBag from /home/airflow/.local/lib/python3.8/site-packages/airflow/example_dags/example_local_kubernetes_executor.py
[2026-01-21T10:32:36.840+0000] {processor.py:840} INFO - DAG(s) 'example_local_kubernetes_executor' retrieved from /home/airflow/.local/lib/python3.8/site-packages/airflow/example_dags/example_local_kubernetes_executor.py
[2026-01-21T10:32:36.914+0000] {logging_mixin.py:188} INFO - [2026-01-21T10:32:36.913+0000] {dag.py:3036} INFO - Sync 1 DAGs
[2026-01-21T10:32:36.974+0000] {logging_mixin.py:188} INFO - [2026-01-21T10:32:36.973+0000] {dag.py:3823} INFO - Setting next_dagrun for example_local_kubernetes_executor to None, run_after=None
[2026-01-21T10:32:37.027+0000] {processor.py:183} INFO - Processing /home/airflow/.local/lib/python3.8/site-packages/airflow/example_dags/example_local_kubernetes_executor.py took 0.213 seconds
[2026-01-21T10:33:07.288+0000] {processor.py:161} INFO - Started process (PID=9453) to work on /home/airflow/.local/lib/python3.8/site-packages/airflow/example_dags/example_local_kubernetes_executor.py
[2026-01-21T10:33:07.302+0000] {processor.py:830} INFO - Processing file /home/airflow/.local/lib/python3.8/site-packages/airflow/example_dags/example_local_kubernetes_executor.py for tasks to queue
[2026-01-21T10:33:07.314+0000] {logging_mixin.py:188} INFO - [2026-01-21T10:33:07.314+0000] {dagbag.py:538} INFO - Filling up the DagBag from /home/airflow/.local/lib/python3.8/site-packages/airflow/example_dags/example_local_kubernetes_executor.py
[2026-01-21T10:33:07.336+0000] {processor.py:840} INFO - DAG(s) 'example_local_kubernetes_executor' retrieved from /home/airflow/.local/lib/python3.8/site-packages/airflow/example_dags/example_local_kubernetes_executor.py
[2026-01-21T10:33:07.514+0000] {logging_mixin.py:188} INFO - [2026-01-21T10:33:07.513+0000] {dag.py:3036} INFO - Sync 1 DAGs
[2026-01-21T10:33:07.555+0000] {logging_mixin.py:188} INFO - [2026-01-21T10:33:07.555+0000] {dag.py:3823} INFO - Setting next_dagrun for example_local_kubernetes_executor to None, run_after=None
[2026-01-21T10:33:07.603+0000] {processor.py:183} INFO - Processing /home/airflow/.local/lib/python3.8/site-packages/airflow/example_dags/example_local_kubernetes_executor.py took 0.321 seconds
[2026-01-21T10:33:38.079+0000] {processor.py:161} INFO - Started process (PID=9518) to work on /home/airflow/.local/lib/python3.8/site-packages/airflow/example_dags/example_local_kubernetes_executor.py
[2026-01-21T10:33:38.093+0000] {processor.py:830} INFO - Processing file /home/airflow/.local/lib/python3.8/site-packages/airflow/example_dags/example_local_kubernetes_executor.py for tasks to queue
[2026-01-21T10:33:38.096+0000] {logging_mixin.py:188} INFO - [2026-01-21T10:33:38.095+0000] {dagbag.py:538} INFO - Filling up the DagBag from /home/airflow/.local/lib/python3.8/site-packages/airflow/example_dags/example_local_kubernetes_executor.py
[2026-01-21T10:33:38.121+0000] {processor.py:840} INFO - DAG(s) 'example_local_kubernetes_executor' retrieved from /home/airflow/.local/lib/python3.8/site-packages/airflow/example_dags/example_local_kubernetes_executor.py
[2026-01-21T10:33:38.235+0000] {logging_mixin.py:188} INFO - [2026-01-21T10:33:38.234+0000] {dag.py:3036} INFO - Sync 1 DAGs
[2026-01-21T10:33:38.271+0000] {logging_mixin.py:188} INFO - [2026-01-21T10:33:38.271+0000] {dag.py:3823} INFO - Setting next_dagrun for example_local_kubernetes_executor to None, run_after=None
[2026-01-21T10:33:38.333+0000] {processor.py:183} INFO - Processing /home/airflow/.local/lib/python3.8/site-packages/airflow/example_dags/example_local_kubernetes_executor.py took 0.260 seconds
[2026-01-21T10:34:08.784+0000] {processor.py:161} INFO - Started process (PID=9584) to work on /home/airflow/.local/lib/python3.8/site-packages/airflow/example_dags/example_local_kubernetes_executor.py
[2026-01-21T10:34:08.785+0000] {processor.py:830} INFO - Processing file /home/airflow/.local/lib/python3.8/site-packages/airflow/example_dags/example_local_kubernetes_executor.py for tasks to queue
[2026-01-21T10:34:08.788+0000] {logging_mixin.py:188} INFO - [2026-01-21T10:34:08.787+0000] {dagbag.py:538} INFO - Filling up the DagBag from /home/airflow/.local/lib/python3.8/site-packages/airflow/example_dags/example_local_kubernetes_executor.py
[2026-01-21T10:34:08.800+0000] {processor.py:840} INFO - DAG(s) 'example_local_kubernetes_executor' retrieved from /home/airflow/.local/lib/python3.8/site-packages/airflow/example_dags/example_local_kubernetes_executor.py
[2026-01-21T10:34:08.865+0000] {logging_mixin.py:188} INFO - [2026-01-21T10:34:08.864+0000] {dag.py:3036} INFO - Sync 1 DAGs
[2026-01-21T10:34:08.888+0000] {logging_mixin.py:188} INFO - [2026-01-21T10:34:08.887+0000] {dag.py:3823} INFO - Setting next_dagrun for example_local_kubernetes_executor to None, run_after=None
[2026-01-21T10:34:08.921+0000] {processor.py:183} INFO - Processing /home/airflow/.local/lib/python3.8/site-packages/airflow/example_dags/example_local_kubernetes_executor.py took 0.144 seconds
[2026-01-21T10:34:39.167+0000] {processor.py:161} INFO - Started process (PID=9649) to work on /home/airflow/.local/lib/python3.8/site-packages/airflow/example_dags/example_local_kubernetes_executor.py
[2026-01-21T10:34:39.168+0000] {processor.py:830} INFO - Processing file /home/airflow/.local/lib/python3.8/site-packages/airflow/example_dags/example_local_kubernetes_executor.py for tasks to queue
[2026-01-21T10:34:39.171+0000] {logging_mixin.py:188} INFO - [2026-01-21T10:34:39.170+0000] {dagbag.py:538} INFO - Filling up the DagBag from /home/airflow/.local/lib/python3.8/site-packages/airflow/example_dags/example_local_kubernetes_executor.py
[2026-01-21T10:34:39.181+0000] {processor.py:840} INFO - DAG(s) 'example_local_kubernetes_executor' retrieved from /home/airflow/.local/lib/python3.8/site-packages/airflow/example_dags/example_local_kubernetes_executor.py
[2026-01-21T10:34:39.234+0000] {logging_mixin.py:188} INFO - [2026-01-21T10:34:39.233+0000] {dag.py:3036} INFO - Sync 1 DAGs
[2026-01-21T10:34:39.252+0000] {logging_mixin.py:188} INFO - [2026-01-21T10:34:39.252+0000] {dag.py:3823} INFO - Setting next_dagrun for example_local_kubernetes_executor to None, run_after=None
[2026-01-21T10:34:39.278+0000] {processor.py:183} INFO - Processing /home/airflow/.local/lib/python3.8/site-packages/airflow/example_dags/example_local_kubernetes_executor.py took 0.116 seconds
[2026-01-21T10:35:09.754+0000] {processor.py:161} INFO - Started process (PID=9715) to work on /home/airflow/.local/lib/python3.8/site-packages/airflow/example_dags/example_local_kubernetes_executor.py
[2026-01-21T10:35:09.755+0000] {processor.py:830} INFO - Processing file /home/airflow/.local/lib/python3.8/site-packages/airflow/example_dags/example_local_kubernetes_executor.py for tasks to queue
[2026-01-21T10:35:09.758+0000] {logging_mixin.py:188} INFO - [2026-01-21T10:35:09.757+0000] {dagbag.py:538} INFO - Filling up the DagBag from /home/airflow/.local/lib/python3.8/site-packages/airflow/example_dags/example_local_kubernetes_executor.py
[2026-01-21T10:35:09.770+0000] {processor.py:840} INFO - DAG(s) 'example_local_kubernetes_executor' retrieved from /home/airflow/.local/lib/python3.8/site-packages/airflow/example_dags/example_local_kubernetes_executor.py
[2026-01-21T10:35:09.836+0000] {logging_mixin.py:188} INFO - [2026-01-21T10:35:09.836+0000] {dag.py:3036} INFO - Sync 1 DAGs
[2026-01-21T10:35:09.860+0000] {logging_mixin.py:188} INFO - [2026-01-21T10:35:09.859+0000] {dag.py:3823} INFO - Setting next_dagrun for example_local_kubernetes_executor to None, run_after=None
[2026-01-21T10:35:09.886+0000] {processor.py:183} INFO - Processing /home/airflow/.local/lib/python3.8/site-packages/airflow/example_dags/example_local_kubernetes_executor.py took 0.138 seconds
[2026-01-21T10:35:40.060+0000] {processor.py:161} INFO - Started process (PID=9779) to work on /home/airflow/.local/lib/python3.8/site-packages/airflow/example_dags/example_local_kubernetes_executor.py
[2026-01-21T10:35:40.062+0000] {processor.py:830} INFO - Processing file /home/airflow/.local/lib/python3.8/site-packages/airflow/example_dags/example_local_kubernetes_executor.py for tasks to queue
[2026-01-21T10:35:40.064+0000] {logging_mixin.py:188} INFO - [2026-01-21T10:35:40.064+0000] {dagbag.py:538} INFO - Filling up the DagBag from /home/airflow/.local/lib/python3.8/site-packages/airflow/example_dags/example_local_kubernetes_executor.py
[2026-01-21T10:35:40.077+0000] {processor.py:840} INFO - DAG(s) 'example_local_kubernetes_executor' retrieved from /home/airflow/.local/lib/python3.8/site-packages/airflow/example_dags/example_local_kubernetes_executor.py
[2026-01-21T10:35:40.136+0000] {logging_mixin.py:188} INFO - [2026-01-21T10:35:40.136+0000] {dag.py:3036} INFO - Sync 1 DAGs
[2026-01-21T10:35:40.154+0000] {logging_mixin.py:188} INFO - [2026-01-21T10:35:40.153+0000] {dag.py:3823} INFO - Setting next_dagrun for example_local_kubernetes_executor to None, run_after=None
[2026-01-21T10:35:40.181+0000] {processor.py:183} INFO - Processing /home/airflow/.local/lib/python3.8/site-packages/airflow/example_dags/example_local_kubernetes_executor.py took 0.127 seconds
[2026-01-21T10:36:10.846+0000] {processor.py:161} INFO - Started process (PID=9844) to work on /home/airflow/.local/lib/python3.8/site-packages/airflow/example_dags/example_local_kubernetes_executor.py
[2026-01-21T10:36:10.847+0000] {processor.py:830} INFO - Processing file /home/airflow/.local/lib/python3.8/site-packages/airflow/example_dags/example_local_kubernetes_executor.py for tasks to queue
[2026-01-21T10:36:10.850+0000] {logging_mixin.py:188} INFO - [2026-01-21T10:36:10.849+0000] {dagbag.py:538} INFO - Filling up the DagBag from /home/airflow/.local/lib/python3.8/site-packages/airflow/example_dags/example_local_kubernetes_executor.py
[2026-01-21T10:36:10.863+0000] {processor.py:840} INFO - DAG(s) 'example_local_kubernetes_executor' retrieved from /home/airflow/.local/lib/python3.8/site-packages/airflow/example_dags/example_local_kubernetes_executor.py
[2026-01-21T10:36:10.926+0000] {logging_mixin.py:188} INFO - [2026-01-21T10:36:10.926+0000] {dag.py:3036} INFO - Sync 1 DAGs
[2026-01-21T10:36:10.949+0000] {logging_mixin.py:188} INFO - [2026-01-21T10:36:10.949+0000] {dag.py:3823} INFO - Setting next_dagrun for example_local_kubernetes_executor to None, run_after=None
[2026-01-21T10:36:10.974+0000] {processor.py:183} INFO - Processing /home/airflow/.local/lib/python3.8/site-packages/airflow/example_dags/example_local_kubernetes_executor.py took 0.133 seconds
[2026-01-21T10:36:41.479+0000] {processor.py:161} INFO - Started process (PID=9918) to work on /home/airflow/.local/lib/python3.8/site-packages/airflow/example_dags/example_local_kubernetes_executor.py
[2026-01-21T10:36:41.481+0000] {processor.py:830} INFO - Processing file /home/airflow/.local/lib/python3.8/site-packages/airflow/example_dags/example_local_kubernetes_executor.py for tasks to queue
[2026-01-21T10:36:41.483+0000] {logging_mixin.py:188} INFO - [2026-01-21T10:36:41.483+0000] {dagbag.py:538} INFO - Filling up the DagBag from /home/airflow/.local/lib/python3.8/site-packages/airflow/example_dags/example_local_kubernetes_executor.py
[2026-01-21T10:36:41.496+0000] {processor.py:840} INFO - DAG(s) 'example_local_kubernetes_executor' retrieved from /home/airflow/.local/lib/python3.8/site-packages/airflow/example_dags/example_local_kubernetes_executor.py
[2026-01-21T10:36:41.558+0000] {logging_mixin.py:188} INFO - [2026-01-21T10:36:41.558+0000] {dag.py:3036} INFO - Sync 1 DAGs
[2026-01-21T10:36:41.582+0000] {logging_mixin.py:188} INFO - [2026-01-21T10:36:41.581+0000] {dag.py:3823} INFO - Setting next_dagrun for example_local_kubernetes_executor to None, run_after=None
[2026-01-21T10:36:41.612+0000] {processor.py:183} INFO - Processing /home/airflow/.local/lib/python3.8/site-packages/airflow/example_dags/example_local_kubernetes_executor.py took 0.138 seconds
[2026-01-21T10:37:12.204+0000] {processor.py:161} INFO - Started process (PID=9982) to work on /home/airflow/.local/lib/python3.8/site-packages/airflow/example_dags/example_local_kubernetes_executor.py
[2026-01-21T10:37:12.205+0000] {processor.py:830} INFO - Processing file /home/airflow/.local/lib/python3.8/site-packages/airflow/example_dags/example_local_kubernetes_executor.py for tasks to queue
[2026-01-21T10:37:12.209+0000] {logging_mixin.py:188} INFO - [2026-01-21T10:37:12.208+0000] {dagbag.py:538} INFO - Filling up the DagBag from /home/airflow/.local/lib/python3.8/site-packages/airflow/example_dags/example_local_kubernetes_executor.py
[2026-01-21T10:37:12.228+0000] {processor.py:840} INFO - DAG(s) 'example_local_kubernetes_executor' retrieved from /home/airflow/.local/lib/python3.8/site-packages/airflow/example_dags/example_local_kubernetes_executor.py
[2026-01-21T10:37:12.305+0000] {logging_mixin.py:188} INFO - [2026-01-21T10:37:12.304+0000] {dag.py:3036} INFO - Sync 1 DAGs
[2026-01-21T10:37:12.326+0000] {logging_mixin.py:188} INFO - [2026-01-21T10:37:12.326+0000] {dag.py:3823} INFO - Setting next_dagrun for example_local_kubernetes_executor to None, run_after=None
[2026-01-21T10:37:12.355+0000] {processor.py:183} INFO - Processing /home/airflow/.local/lib/python3.8/site-packages/airflow/example_dags/example_local_kubernetes_executor.py took 0.158 seconds
[2026-01-21T10:37:42.880+0000] {processor.py:161} INFO - Started process (PID=10047) to work on /home/airflow/.local/lib/python3.8/site-packages/airflow/example_dags/example_local_kubernetes_executor.py
[2026-01-21T10:37:42.882+0000] {processor.py:830} INFO - Processing file /home/airflow/.local/lib/python3.8/site-packages/airflow/example_dags/example_local_kubernetes_executor.py for tasks to queue
[2026-01-21T10:37:42.884+0000] {logging_mixin.py:188} INFO - [2026-01-21T10:37:42.883+0000] {dagbag.py:538} INFO - Filling up the DagBag from /home/airflow/.local/lib/python3.8/site-packages/airflow/example_dags/example_local_kubernetes_executor.py
[2026-01-21T10:37:42.894+0000] {processor.py:840} INFO - DAG(s) 'example_local_kubernetes_executor' retrieved from /home/airflow/.local/lib/python3.8/site-packages/airflow/example_dags/example_local_kubernetes_executor.py
[2026-01-21T10:37:42.946+0000] {logging_mixin.py:188} INFO - [2026-01-21T10:37:42.945+0000] {dag.py:3036} INFO - Sync 1 DAGs
[2026-01-21T10:37:42.964+0000] {logging_mixin.py:188} INFO - [2026-01-21T10:37:42.963+0000] {dag.py:3823} INFO - Setting next_dagrun for example_local_kubernetes_executor to None, run_after=None
[2026-01-21T10:37:42.988+0000] {processor.py:183} INFO - Processing /home/airflow/.local/lib/python3.8/site-packages/airflow/example_dags/example_local_kubernetes_executor.py took 0.112 seconds
[2026-01-21T10:38:13.412+0000] {processor.py:161} INFO - Started process (PID=10112) to work on /home/airflow/.local/lib/python3.8/site-packages/airflow/example_dags/example_local_kubernetes_executor.py
[2026-01-21T10:38:13.413+0000] {processor.py:830} INFO - Processing file /home/airflow/.local/lib/python3.8/site-packages/airflow/example_dags/example_local_kubernetes_executor.py for tasks to queue
[2026-01-21T10:38:13.416+0000] {logging_mixin.py:188} INFO - [2026-01-21T10:38:13.415+0000] {dagbag.py:538} INFO - Filling up the DagBag from /home/airflow/.local/lib/python3.8/site-packages/airflow/example_dags/example_local_kubernetes_executor.py
[2026-01-21T10:38:13.427+0000] {processor.py:840} INFO - DAG(s) 'example_local_kubernetes_executor' retrieved from /home/airflow/.local/lib/python3.8/site-packages/airflow/example_dags/example_local_kubernetes_executor.py
[2026-01-21T10:38:13.479+0000] {logging_mixin.py:188} INFO - [2026-01-21T10:38:13.479+0000] {dag.py:3036} INFO - Sync 1 DAGs
[2026-01-21T10:38:13.499+0000] {logging_mixin.py:188} INFO - [2026-01-21T10:38:13.498+0000] {dag.py:3823} INFO - Setting next_dagrun for example_local_kubernetes_executor to None, run_after=None
[2026-01-21T10:38:13.524+0000] {processor.py:183} INFO - Processing /home/airflow/.local/lib/python3.8/site-packages/airflow/example_dags/example_local_kubernetes_executor.py took 0.117 seconds
[2026-01-21T10:38:44.002+0000] {processor.py:161} INFO - Started process (PID=10177) to work on /home/airflow/.local/lib/python3.8/site-packages/airflow/example_dags/example_local_kubernetes_executor.py
[2026-01-21T10:38:44.004+0000] {processor.py:830} INFO - Processing file /home/airflow/.local/lib/python3.8/site-packages/airflow/example_dags/example_local_kubernetes_executor.py for tasks to queue
[2026-01-21T10:38:44.006+0000] {logging_mixin.py:188} INFO - [2026-01-21T10:38:44.005+0000] {dagbag.py:538} INFO - Filling up the DagBag from /home/airflow/.local/lib/python3.8/site-packages/airflow/example_dags/example_local_kubernetes_executor.py
[2026-01-21T10:38:44.016+0000] {processor.py:840} INFO - DAG(s) 'example_local_kubernetes_executor' retrieved from /home/airflow/.local/lib/python3.8/site-packages/airflow/example_dags/example_local_kubernetes_executor.py
[2026-01-21T10:38:44.067+0000] {logging_mixin.py:188} INFO - [2026-01-21T10:38:44.067+0000] {dag.py:3036} INFO - Sync 1 DAGs
[2026-01-21T10:38:44.086+0000] {logging_mixin.py:188} INFO - [2026-01-21T10:38:44.086+0000] {dag.py:3823} INFO - Setting next_dagrun for example_local_kubernetes_executor to None, run_after=None
[2026-01-21T10:38:44.112+0000] {processor.py:183} INFO - Processing /home/airflow/.local/lib/python3.8/site-packages/airflow/example_dags/example_local_kubernetes_executor.py took 0.115 seconds
[2026-01-21T10:39:15.019+0000] {processor.py:161} INFO - Started process (PID=10242) to work on /home/airflow/.local/lib/python3.8/site-packages/airflow/example_dags/example_local_kubernetes_executor.py
[2026-01-21T10:39:15.020+0000] {processor.py:830} INFO - Processing file /home/airflow/.local/lib/python3.8/site-packages/airflow/example_dags/example_local_kubernetes_executor.py for tasks to queue
[2026-01-21T10:39:15.023+0000] {logging_mixin.py:188} INFO - [2026-01-21T10:39:15.022+0000] {dagbag.py:538} INFO - Filling up the DagBag from /home/airflow/.local/lib/python3.8/site-packages/airflow/example_dags/example_local_kubernetes_executor.py
[2026-01-21T10:39:15.033+0000] {processor.py:840} INFO - DAG(s) 'example_local_kubernetes_executor' retrieved from /home/airflow/.local/lib/python3.8/site-packages/airflow/example_dags/example_local_kubernetes_executor.py
[2026-01-21T10:39:15.084+0000] {logging_mixin.py:188} INFO - [2026-01-21T10:39:15.083+0000] {dag.py:3036} INFO - Sync 1 DAGs
[2026-01-21T10:39:15.103+0000] {logging_mixin.py:188} INFO - [2026-01-21T10:39:15.102+0000] {dag.py:3823} INFO - Setting next_dagrun for example_local_kubernetes_executor to None, run_after=None
[2026-01-21T10:39:15.129+0000] {processor.py:183} INFO - Processing /home/airflow/.local/lib/python3.8/site-packages/airflow/example_dags/example_local_kubernetes_executor.py took 0.115 seconds
[2026-01-21T10:39:45.305+0000] {processor.py:161} INFO - Started process (PID=10316) to work on /home/airflow/.local/lib/python3.8/site-packages/airflow/example_dags/example_local_kubernetes_executor.py
[2026-01-21T10:39:45.307+0000] {processor.py:830} INFO - Processing file /home/airflow/.local/lib/python3.8/site-packages/airflow/example_dags/example_local_kubernetes_executor.py for tasks to queue
[2026-01-21T10:39:45.310+0000] {logging_mixin.py:188} INFO - [2026-01-21T10:39:45.310+0000] {dagbag.py:538} INFO - Filling up the DagBag from /home/airflow/.local/lib/python3.8/site-packages/airflow/example_dags/example_local_kubernetes_executor.py
[2026-01-21T10:39:45.322+0000] {processor.py:840} INFO - DAG(s) 'example_local_kubernetes_executor' retrieved from /home/airflow/.local/lib/python3.8/site-packages/airflow/example_dags/example_local_kubernetes_executor.py
[2026-01-21T10:39:45.385+0000] {logging_mixin.py:188} INFO - [2026-01-21T10:39:45.384+0000] {dag.py:3036} INFO - Sync 1 DAGs
[2026-01-21T10:39:45.408+0000] {logging_mixin.py:188} INFO - [2026-01-21T10:39:45.408+0000] {dag.py:3823} INFO - Setting next_dagrun for example_local_kubernetes_executor to None, run_after=None
[2026-01-21T10:39:45.440+0000] {processor.py:183} INFO - Processing /home/airflow/.local/lib/python3.8/site-packages/airflow/example_dags/example_local_kubernetes_executor.py took 0.140 seconds
[2026-01-21T10:40:15.597+0000] {processor.py:161} INFO - Started process (PID=10380) to work on /home/airflow/.local/lib/python3.8/site-packages/airflow/example_dags/example_local_kubernetes_executor.py
[2026-01-21T10:40:15.599+0000] {processor.py:830} INFO - Processing file /home/airflow/.local/lib/python3.8/site-packages/airflow/example_dags/example_local_kubernetes_executor.py for tasks to queue
[2026-01-21T10:40:15.601+0000] {logging_mixin.py:188} INFO - [2026-01-21T10:40:15.601+0000] {dagbag.py:538} INFO - Filling up the DagBag from /home/airflow/.local/lib/python3.8/site-packages/airflow/example_dags/example_local_kubernetes_executor.py
[2026-01-21T10:40:15.611+0000] {processor.py:840} INFO - DAG(s) 'example_local_kubernetes_executor' retrieved from /home/airflow/.local/lib/python3.8/site-packages/airflow/example_dags/example_local_kubernetes_executor.py
[2026-01-21T10:40:15.662+0000] {logging_mixin.py:188} INFO - [2026-01-21T10:40:15.662+0000] {dag.py:3036} INFO - Sync 1 DAGs
[2026-01-21T10:40:15.681+0000] {logging_mixin.py:188} INFO - [2026-01-21T10:40:15.681+0000] {dag.py:3823} INFO - Setting next_dagrun for example_local_kubernetes_executor to None, run_after=None
[2026-01-21T10:40:15.704+0000] {processor.py:183} INFO - Processing /home/airflow/.local/lib/python3.8/site-packages/airflow/example_dags/example_local_kubernetes_executor.py took 0.112 seconds
[2026-01-21T10:40:46.039+0000] {processor.py:161} INFO - Started process (PID=10445) to work on /home/airflow/.local/lib/python3.8/site-packages/airflow/example_dags/example_local_kubernetes_executor.py
[2026-01-21T10:40:46.040+0000] {processor.py:830} INFO - Processing file /home/airflow/.local/lib/python3.8/site-packages/airflow/example_dags/example_local_kubernetes_executor.py for tasks to queue
[2026-01-21T10:40:46.043+0000] {logging_mixin.py:188} INFO - [2026-01-21T10:40:46.042+0000] {dagbag.py:538} INFO - Filling up the DagBag from /home/airflow/.local/lib/python3.8/site-packages/airflow/example_dags/example_local_kubernetes_executor.py
[2026-01-21T10:40:46.053+0000] {processor.py:840} INFO - DAG(s) 'example_local_kubernetes_executor' retrieved from /home/airflow/.local/lib/python3.8/site-packages/airflow/example_dags/example_local_kubernetes_executor.py
[2026-01-21T10:40:46.113+0000] {logging_mixin.py:188} INFO - [2026-01-21T10:40:46.113+0000] {dag.py:3036} INFO - Sync 1 DAGs
[2026-01-21T10:40:46.137+0000] {logging_mixin.py:188} INFO - [2026-01-21T10:40:46.136+0000] {dag.py:3823} INFO - Setting next_dagrun for example_local_kubernetes_executor to None, run_after=None
[2026-01-21T10:40:46.164+0000] {processor.py:183} INFO - Processing /home/airflow/.local/lib/python3.8/site-packages/airflow/example_dags/example_local_kubernetes_executor.py took 0.130 seconds
[2026-01-21T10:41:16.386+0000] {processor.py:161} INFO - Started process (PID=10512) to work on /home/airflow/.local/lib/python3.8/site-packages/airflow/example_dags/example_local_kubernetes_executor.py
[2026-01-21T10:41:16.388+0000] {processor.py:830} INFO - Processing file /home/airflow/.local/lib/python3.8/site-packages/airflow/example_dags/example_local_kubernetes_executor.py for tasks to queue
[2026-01-21T10:41:16.391+0000] {logging_mixin.py:188} INFO - [2026-01-21T10:41:16.390+0000] {dagbag.py:538} INFO - Filling up the DagBag from /home/airflow/.local/lib/python3.8/site-packages/airflow/example_dags/example_local_kubernetes_executor.py
[2026-01-21T10:41:16.404+0000] {processor.py:840} INFO - DAG(s) 'example_local_kubernetes_executor' retrieved from /home/airflow/.local/lib/python3.8/site-packages/airflow/example_dags/example_local_kubernetes_executor.py
[2026-01-21T10:41:16.466+0000] {logging_mixin.py:188} INFO - [2026-01-21T10:41:16.466+0000] {dag.py:3036} INFO - Sync 1 DAGs
[2026-01-21T10:41:16.491+0000] {logging_mixin.py:188} INFO - [2026-01-21T10:41:16.490+0000] {dag.py:3823} INFO - Setting next_dagrun for example_local_kubernetes_executor to None, run_after=None
[2026-01-21T10:41:16.521+0000] {processor.py:183} INFO - Processing /home/airflow/.local/lib/python3.8/site-packages/airflow/example_dags/example_local_kubernetes_executor.py took 0.140 seconds
[2026-01-21T10:41:47.090+0000] {processor.py:161} INFO - Started process (PID=10579) to work on /home/airflow/.local/lib/python3.8/site-packages/airflow/example_dags/example_local_kubernetes_executor.py
[2026-01-21T10:41:47.092+0000] {processor.py:830} INFO - Processing file /home/airflow/.local/lib/python3.8/site-packages/airflow/example_dags/example_local_kubernetes_executor.py for tasks to queue
[2026-01-21T10:41:47.094+0000] {logging_mixin.py:188} INFO - [2026-01-21T10:41:47.094+0000] {dagbag.py:538} INFO - Filling up the DagBag from /home/airflow/.local/lib/python3.8/site-packages/airflow/example_dags/example_local_kubernetes_executor.py
[2026-01-21T10:41:47.104+0000] {processor.py:840} INFO - DAG(s) 'example_local_kubernetes_executor' retrieved from /home/airflow/.local/lib/python3.8/site-packages/airflow/example_dags/example_local_kubernetes_executor.py
[2026-01-21T10:41:47.162+0000] {logging_mixin.py:188} INFO - [2026-01-21T10:41:47.161+0000] {dag.py:3036} INFO - Sync 1 DAGs
[2026-01-21T10:41:47.184+0000] {logging_mixin.py:188} INFO - [2026-01-21T10:41:47.183+0000] {dag.py:3823} INFO - Setting next_dagrun for example_local_kubernetes_executor to None, run_after=None
[2026-01-21T10:41:47.213+0000] {processor.py:183} INFO - Processing /home/airflow/.local/lib/python3.8/site-packages/airflow/example_dags/example_local_kubernetes_executor.py took 0.128 seconds
[2026-01-21T10:42:17.583+0000] {processor.py:161} INFO - Started process (PID=10645) to work on /home/airflow/.local/lib/python3.8/site-packages/airflow/example_dags/example_local_kubernetes_executor.py
[2026-01-21T10:42:17.585+0000] {processor.py:830} INFO - Processing file /home/airflow/.local/lib/python3.8/site-packages/airflow/example_dags/example_local_kubernetes_executor.py for tasks to queue
[2026-01-21T10:42:17.588+0000] {logging_mixin.py:188} INFO - [2026-01-21T10:42:17.587+0000] {dagbag.py:538} INFO - Filling up the DagBag from /home/airflow/.local/lib/python3.8/site-packages/airflow/example_dags/example_local_kubernetes_executor.py
[2026-01-21T10:42:17.600+0000] {processor.py:840} INFO - DAG(s) 'example_local_kubernetes_executor' retrieved from /home/airflow/.local/lib/python3.8/site-packages/airflow/example_dags/example_local_kubernetes_executor.py
[2026-01-21T10:42:17.654+0000] {logging_mixin.py:188} INFO - [2026-01-21T10:42:17.654+0000] {dag.py:3036} INFO - Sync 1 DAGs
[2026-01-21T10:42:17.673+0000] {logging_mixin.py:188} INFO - [2026-01-21T10:42:17.672+0000] {dag.py:3823} INFO - Setting next_dagrun for example_local_kubernetes_executor to None, run_after=None
[2026-01-21T10:42:17.701+0000] {processor.py:183} INFO - Processing /home/airflow/.local/lib/python3.8/site-packages/airflow/example_dags/example_local_kubernetes_executor.py took 0.124 seconds
[2026-01-21T10:42:48.332+0000] {processor.py:161} INFO - Started process (PID=10718) to work on /home/airflow/.local/lib/python3.8/site-packages/airflow/example_dags/example_local_kubernetes_executor.py
[2026-01-21T10:42:48.334+0000] {processor.py:830} INFO - Processing file /home/airflow/.local/lib/python3.8/site-packages/airflow/example_dags/example_local_kubernetes_executor.py for tasks to queue
[2026-01-21T10:42:48.336+0000] {logging_mixin.py:188} INFO - [2026-01-21T10:42:48.336+0000] {dagbag.py:538} INFO - Filling up the DagBag from /home/airflow/.local/lib/python3.8/site-packages/airflow/example_dags/example_local_kubernetes_executor.py
[2026-01-21T10:42:48.349+0000] {processor.py:840} INFO - DAG(s) 'example_local_kubernetes_executor' retrieved from /home/airflow/.local/lib/python3.8/site-packages/airflow/example_dags/example_local_kubernetes_executor.py
[2026-01-21T10:42:48.430+0000] {logging_mixin.py:188} INFO - [2026-01-21T10:42:48.430+0000] {dag.py:3036} INFO - Sync 1 DAGs
[2026-01-21T10:42:48.454+0000] {logging_mixin.py:188} INFO - [2026-01-21T10:42:48.453+0000] {dag.py:3823} INFO - Setting next_dagrun for example_local_kubernetes_executor to None, run_after=None
[2026-01-21T10:42:48.484+0000] {processor.py:183} INFO - Processing /home/airflow/.local/lib/python3.8/site-packages/airflow/example_dags/example_local_kubernetes_executor.py took 0.159 seconds
[2026-01-21T10:43:19.038+0000] {processor.py:161} INFO - Started process (PID=10783) to work on /home/airflow/.local/lib/python3.8/site-packages/airflow/example_dags/example_local_kubernetes_executor.py
[2026-01-21T10:43:19.039+0000] {processor.py:830} INFO - Processing file /home/airflow/.local/lib/python3.8/site-packages/airflow/example_dags/example_local_kubernetes_executor.py for tasks to queue
[2026-01-21T10:43:19.042+0000] {logging_mixin.py:188} INFO - [2026-01-21T10:43:19.042+0000] {dagbag.py:538} INFO - Filling up the DagBag from /home/airflow/.local/lib/python3.8/site-packages/airflow/example_dags/example_local_kubernetes_executor.py
[2026-01-21T10:43:19.055+0000] {processor.py:840} INFO - DAG(s) 'example_local_kubernetes_executor' retrieved from /home/airflow/.local/lib/python3.8/site-packages/airflow/example_dags/example_local_kubernetes_executor.py
[2026-01-21T10:43:19.118+0000] {logging_mixin.py:188} INFO - [2026-01-21T10:43:19.117+0000] {dag.py:3036} INFO - Sync 1 DAGs
[2026-01-21T10:43:19.141+0000] {logging_mixin.py:188} INFO - [2026-01-21T10:43:19.141+0000] {dag.py:3823} INFO - Setting next_dagrun for example_local_kubernetes_executor to None, run_after=None
[2026-01-21T10:43:19.173+0000] {processor.py:183} INFO - Processing /home/airflow/.local/lib/python3.8/site-packages/airflow/example_dags/example_local_kubernetes_executor.py took 0.149 seconds
[2026-01-21T10:43:49.530+0000] {processor.py:161} INFO - Started process (PID=10850) to work on /home/airflow/.local/lib/python3.8/site-packages/airflow/example_dags/example_local_kubernetes_executor.py
[2026-01-21T10:43:49.531+0000] {processor.py:830} INFO - Processing file /home/airflow/.local/lib/python3.8/site-packages/airflow/example_dags/example_local_kubernetes_executor.py for tasks to queue
[2026-01-21T10:43:49.534+0000] {logging_mixin.py:188} INFO - [2026-01-21T10:43:49.533+0000] {dagbag.py:538} INFO - Filling up the DagBag from /home/airflow/.local/lib/python3.8/site-packages/airflow/example_dags/example_local_kubernetes_executor.py
[2026-01-21T10:43:49.546+0000] {processor.py:840} INFO - DAG(s) 'example_local_kubernetes_executor' retrieved from /home/airflow/.local/lib/python3.8/site-packages/airflow/example_dags/example_local_kubernetes_executor.py
[2026-01-21T10:43:49.616+0000] {logging_mixin.py:188} INFO - [2026-01-21T10:43:49.616+0000] {dag.py:3036} INFO - Sync 1 DAGs
[2026-01-21T10:43:49.639+0000] {logging_mixin.py:188} INFO - [2026-01-21T10:43:49.639+0000] {dag.py:3823} INFO - Setting next_dagrun for example_local_kubernetes_executor to None, run_after=None
[2026-01-21T10:43:49.670+0000] {processor.py:183} INFO - Processing /home/airflow/.local/lib/python3.8/site-packages/airflow/example_dags/example_local_kubernetes_executor.py took 0.146 seconds
[2026-01-21T10:44:20.238+0000] {processor.py:161} INFO - Started process (PID=10916) to work on /home/airflow/.local/lib/python3.8/site-packages/airflow/example_dags/example_local_kubernetes_executor.py
[2026-01-21T10:44:20.240+0000] {processor.py:830} INFO - Processing file /home/airflow/.local/lib/python3.8/site-packages/airflow/example_dags/example_local_kubernetes_executor.py for tasks to queue
[2026-01-21T10:44:20.243+0000] {logging_mixin.py:188} INFO - [2026-01-21T10:44:20.242+0000] {dagbag.py:538} INFO - Filling up the DagBag from /home/airflow/.local/lib/python3.8/site-packages/airflow/example_dags/example_local_kubernetes_executor.py
[2026-01-21T10:44:20.256+0000] {processor.py:840} INFO - DAG(s) 'example_local_kubernetes_executor' retrieved from /home/airflow/.local/lib/python3.8/site-packages/airflow/example_dags/example_local_kubernetes_executor.py
[2026-01-21T10:44:20.306+0000] {logging_mixin.py:188} INFO - [2026-01-21T10:44:20.306+0000] {dag.py:3036} INFO - Sync 1 DAGs
[2026-01-21T10:44:20.332+0000] {logging_mixin.py:188} INFO - [2026-01-21T10:44:20.331+0000] {dag.py:3823} INFO - Setting next_dagrun for example_local_kubernetes_executor to None, run_after=None
[2026-01-21T10:44:20.363+0000] {processor.py:183} INFO - Processing /home/airflow/.local/lib/python3.8/site-packages/airflow/example_dags/example_local_kubernetes_executor.py took 0.131 seconds
[2026-01-21T10:44:50.745+0000] {processor.py:161} INFO - Started process (PID=10980) to work on /home/airflow/.local/lib/python3.8/site-packages/airflow/example_dags/example_local_kubernetes_executor.py
[2026-01-21T10:44:50.747+0000] {processor.py:830} INFO - Processing file /home/airflow/.local/lib/python3.8/site-packages/airflow/example_dags/example_local_kubernetes_executor.py for tasks to queue
[2026-01-21T10:44:50.750+0000] {logging_mixin.py:188} INFO - [2026-01-21T10:44:50.750+0000] {dagbag.py:538} INFO - Filling up the DagBag from /home/airflow/.local/lib/python3.8/site-packages/airflow/example_dags/example_local_kubernetes_executor.py
[2026-01-21T10:44:50.763+0000] {processor.py:840} INFO - DAG(s) 'example_local_kubernetes_executor' retrieved from /home/airflow/.local/lib/python3.8/site-packages/airflow/example_dags/example_local_kubernetes_executor.py
[2026-01-21T10:44:50.825+0000] {logging_mixin.py:188} INFO - [2026-01-21T10:44:50.825+0000] {dag.py:3036} INFO - Sync 1 DAGs
[2026-01-21T10:44:50.847+0000] {logging_mixin.py:188} INFO - [2026-01-21T10:44:50.847+0000] {dag.py:3823} INFO - Setting next_dagrun for example_local_kubernetes_executor to None, run_after=None
[2026-01-21T10:44:50.882+0000] {processor.py:183} INFO - Processing /home/airflow/.local/lib/python3.8/site-packages/airflow/example_dags/example_local_kubernetes_executor.py took 0.143 seconds
[2026-01-21T10:45:21.062+0000] {processor.py:161} INFO - Started process (PID=11045) to work on /home/airflow/.local/lib/python3.8/site-packages/airflow/example_dags/example_local_kubernetes_executor.py
[2026-01-21T10:45:21.064+0000] {processor.py:830} INFO - Processing file /home/airflow/.local/lib/python3.8/site-packages/airflow/example_dags/example_local_kubernetes_executor.py for tasks to queue
[2026-01-21T10:45:21.066+0000] {logging_mixin.py:188} INFO - [2026-01-21T10:45:21.065+0000] {dagbag.py:538} INFO - Filling up the DagBag from /home/airflow/.local/lib/python3.8/site-packages/airflow/example_dags/example_local_kubernetes_executor.py
[2026-01-21T10:45:21.076+0000] {processor.py:840} INFO - DAG(s) 'example_local_kubernetes_executor' retrieved from /home/airflow/.local/lib/python3.8/site-packages/airflow/example_dags/example_local_kubernetes_executor.py
[2026-01-21T10:45:21.129+0000] {logging_mixin.py:188} INFO - [2026-01-21T10:45:21.129+0000] {dag.py:3036} INFO - Sync 1 DAGs
[2026-01-21T10:45:21.150+0000] {logging_mixin.py:188} INFO - [2026-01-21T10:45:21.150+0000] {dag.py:3823} INFO - Setting next_dagrun for example_local_kubernetes_executor to None, run_after=None
[2026-01-21T10:45:21.180+0000] {processor.py:183} INFO - Processing /home/airflow/.local/lib/python3.8/site-packages/airflow/example_dags/example_local_kubernetes_executor.py took 0.122 seconds
[2026-01-21T10:45:51.353+0000] {processor.py:161} INFO - Started process (PID=11118) to work on /home/airflow/.local/lib/python3.8/site-packages/airflow/example_dags/example_local_kubernetes_executor.py
[2026-01-21T10:45:51.355+0000] {processor.py:830} INFO - Processing file /home/airflow/.local/lib/python3.8/site-packages/airflow/example_dags/example_local_kubernetes_executor.py for tasks to queue
[2026-01-21T10:45:51.358+0000] {logging_mixin.py:188} INFO - [2026-01-21T10:45:51.357+0000] {dagbag.py:538} INFO - Filling up the DagBag from /home/airflow/.local/lib/python3.8/site-packages/airflow/example_dags/example_local_kubernetes_executor.py
[2026-01-21T10:45:51.370+0000] {processor.py:840} INFO - DAG(s) 'example_local_kubernetes_executor' retrieved from /home/airflow/.local/lib/python3.8/site-packages/airflow/example_dags/example_local_kubernetes_executor.py
[2026-01-21T10:45:51.434+0000] {logging_mixin.py:188} INFO - [2026-01-21T10:45:51.433+0000] {dag.py:3036} INFO - Sync 1 DAGs
[2026-01-21T10:45:51.456+0000] {logging_mixin.py:188} INFO - [2026-01-21T10:45:51.456+0000] {dag.py:3823} INFO - Setting next_dagrun for example_local_kubernetes_executor to None, run_after=None
[2026-01-21T10:45:51.489+0000] {processor.py:183} INFO - Processing /home/airflow/.local/lib/python3.8/site-packages/airflow/example_dags/example_local_kubernetes_executor.py took 0.142 seconds
[2026-01-21T10:46:21.578+0000] {processor.py:161} INFO - Started process (PID=11184) to work on /home/airflow/.local/lib/python3.8/site-packages/airflow/example_dags/example_local_kubernetes_executor.py
[2026-01-21T10:46:21.585+0000] {processor.py:830} INFO - Processing file /home/airflow/.local/lib/python3.8/site-packages/airflow/example_dags/example_local_kubernetes_executor.py for tasks to queue
[2026-01-21T10:46:21.588+0000] {logging_mixin.py:188} INFO - [2026-01-21T10:46:21.587+0000] {dagbag.py:538} INFO - Filling up the DagBag from /home/airflow/.local/lib/python3.8/site-packages/airflow/example_dags/example_local_kubernetes_executor.py
[2026-01-21T10:46:21.613+0000] {processor.py:840} INFO - DAG(s) 'example_local_kubernetes_executor' retrieved from /home/airflow/.local/lib/python3.8/site-packages/airflow/example_dags/example_local_kubernetes_executor.py
[2026-01-21T10:46:21.784+0000] {logging_mixin.py:188} INFO - [2026-01-21T10:46:21.783+0000] {dag.py:3036} INFO - Sync 1 DAGs
[2026-01-21T10:46:21.806+0000] {logging_mixin.py:188} INFO - [2026-01-21T10:46:21.806+0000] {dag.py:3823} INFO - Setting next_dagrun for example_local_kubernetes_executor to None, run_after=None
[2026-01-21T10:46:21.841+0000] {processor.py:183} INFO - Processing /home/airflow/.local/lib/python3.8/site-packages/airflow/example_dags/example_local_kubernetes_executor.py took 0.272 seconds
[2026-01-21T10:46:52.012+0000] {processor.py:161} INFO - Started process (PID=11249) to work on /home/airflow/.local/lib/python3.8/site-packages/airflow/example_dags/example_local_kubernetes_executor.py
[2026-01-21T10:46:52.013+0000] {processor.py:830} INFO - Processing file /home/airflow/.local/lib/python3.8/site-packages/airflow/example_dags/example_local_kubernetes_executor.py for tasks to queue
[2026-01-21T10:46:52.016+0000] {logging_mixin.py:188} INFO - [2026-01-21T10:46:52.015+0000] {dagbag.py:538} INFO - Filling up the DagBag from /home/airflow/.local/lib/python3.8/site-packages/airflow/example_dags/example_local_kubernetes_executor.py
[2026-01-21T10:46:52.030+0000] {processor.py:840} INFO - DAG(s) 'example_local_kubernetes_executor' retrieved from /home/airflow/.local/lib/python3.8/site-packages/airflow/example_dags/example_local_kubernetes_executor.py
[2026-01-21T10:46:52.149+0000] {logging_mixin.py:188} INFO - [2026-01-21T10:46:52.149+0000] {dag.py:3036} INFO - Sync 1 DAGs
[2026-01-21T10:46:52.175+0000] {logging_mixin.py:188} INFO - [2026-01-21T10:46:52.174+0000] {dag.py:3823} INFO - Setting next_dagrun for example_local_kubernetes_executor to None, run_after=None
[2026-01-21T10:46:52.218+0000] {processor.py:183} INFO - Processing /home/airflow/.local/lib/python3.8/site-packages/airflow/example_dags/example_local_kubernetes_executor.py took 0.220 seconds
[2026-01-21T10:47:22.322+0000] {processor.py:161} INFO - Started process (PID=11316) to work on /home/airflow/.local/lib/python3.8/site-packages/airflow/example_dags/example_local_kubernetes_executor.py
[2026-01-21T10:47:22.324+0000] {processor.py:830} INFO - Processing file /home/airflow/.local/lib/python3.8/site-packages/airflow/example_dags/example_local_kubernetes_executor.py for tasks to queue
[2026-01-21T10:47:22.327+0000] {logging_mixin.py:188} INFO - [2026-01-21T10:47:22.326+0000] {dagbag.py:538} INFO - Filling up the DagBag from /home/airflow/.local/lib/python3.8/site-packages/airflow/example_dags/example_local_kubernetes_executor.py
[2026-01-21T10:47:22.340+0000] {processor.py:840} INFO - DAG(s) 'example_local_kubernetes_executor' retrieved from /home/airflow/.local/lib/python3.8/site-packages/airflow/example_dags/example_local_kubernetes_executor.py
[2026-01-21T10:47:22.404+0000] {logging_mixin.py:188} INFO - [2026-01-21T10:47:22.404+0000] {dag.py:3036} INFO - Sync 1 DAGs
[2026-01-21T10:47:22.427+0000] {logging_mixin.py:188} INFO - [2026-01-21T10:47:22.426+0000] {dag.py:3823} INFO - Setting next_dagrun for example_local_kubernetes_executor to None, run_after=None
[2026-01-21T10:47:22.469+0000] {processor.py:183} INFO - Processing /home/airflow/.local/lib/python3.8/site-packages/airflow/example_dags/example_local_kubernetes_executor.py took 0.153 seconds
[2026-01-21T10:47:52.862+0000] {processor.py:161} INFO - Started process (PID=11382) to work on /home/airflow/.local/lib/python3.8/site-packages/airflow/example_dags/example_local_kubernetes_executor.py
[2026-01-21T10:47:52.863+0000] {processor.py:830} INFO - Processing file /home/airflow/.local/lib/python3.8/site-packages/airflow/example_dags/example_local_kubernetes_executor.py for tasks to queue
[2026-01-21T10:47:52.865+0000] {logging_mixin.py:188} INFO - [2026-01-21T10:47:52.865+0000] {dagbag.py:538} INFO - Filling up the DagBag from /home/airflow/.local/lib/python3.8/site-packages/airflow/example_dags/example_local_kubernetes_executor.py
[2026-01-21T10:47:52.875+0000] {processor.py:840} INFO - DAG(s) 'example_local_kubernetes_executor' retrieved from /home/airflow/.local/lib/python3.8/site-packages/airflow/example_dags/example_local_kubernetes_executor.py
[2026-01-21T10:47:52.926+0000] {logging_mixin.py:188} INFO - [2026-01-21T10:47:52.925+0000] {dag.py:3036} INFO - Sync 1 DAGs
[2026-01-21T10:47:52.944+0000] {logging_mixin.py:188} INFO - [2026-01-21T10:47:52.943+0000] {dag.py:3823} INFO - Setting next_dagrun for example_local_kubernetes_executor to None, run_after=None
[2026-01-21T10:47:52.968+0000] {processor.py:183} INFO - Processing /home/airflow/.local/lib/python3.8/site-packages/airflow/example_dags/example_local_kubernetes_executor.py took 0.111 seconds
[2026-01-21T10:48:23.131+0000] {processor.py:161} INFO - Started process (PID=11448) to work on /home/airflow/.local/lib/python3.8/site-packages/airflow/example_dags/example_local_kubernetes_executor.py
[2026-01-21T10:48:23.132+0000] {processor.py:830} INFO - Processing file /home/airflow/.local/lib/python3.8/site-packages/airflow/example_dags/example_local_kubernetes_executor.py for tasks to queue
[2026-01-21T10:48:23.135+0000] {logging_mixin.py:188} INFO - [2026-01-21T10:48:23.134+0000] {dagbag.py:538} INFO - Filling up the DagBag from /home/airflow/.local/lib/python3.8/site-packages/airflow/example_dags/example_local_kubernetes_executor.py
[2026-01-21T10:48:23.145+0000] {processor.py:840} INFO - DAG(s) 'example_local_kubernetes_executor' retrieved from /home/airflow/.local/lib/python3.8/site-packages/airflow/example_dags/example_local_kubernetes_executor.py
[2026-01-21T10:48:23.195+0000] {logging_mixin.py:188} INFO - [2026-01-21T10:48:23.195+0000] {dag.py:3036} INFO - Sync 1 DAGs
[2026-01-21T10:48:23.213+0000] {logging_mixin.py:188} INFO - [2026-01-21T10:48:23.213+0000] {dag.py:3823} INFO - Setting next_dagrun for example_local_kubernetes_executor to None, run_after=None
[2026-01-21T10:48:23.239+0000] {processor.py:183} INFO - Processing /home/airflow/.local/lib/python3.8/site-packages/airflow/example_dags/example_local_kubernetes_executor.py took 0.114 seconds
[2026-01-21T10:48:53.447+0000] {processor.py:161} INFO - Started process (PID=11515) to work on /home/airflow/.local/lib/python3.8/site-packages/airflow/example_dags/example_local_kubernetes_executor.py
[2026-01-21T10:48:53.448+0000] {processor.py:830} INFO - Processing file /home/airflow/.local/lib/python3.8/site-packages/airflow/example_dags/example_local_kubernetes_executor.py for tasks to queue
[2026-01-21T10:48:53.450+0000] {logging_mixin.py:188} INFO - [2026-01-21T10:48:53.450+0000] {dagbag.py:538} INFO - Filling up the DagBag from /home/airflow/.local/lib/python3.8/site-packages/airflow/example_dags/example_local_kubernetes_executor.py
[2026-01-21T10:48:53.460+0000] {processor.py:840} INFO - DAG(s) 'example_local_kubernetes_executor' retrieved from /home/airflow/.local/lib/python3.8/site-packages/airflow/example_dags/example_local_kubernetes_executor.py
[2026-01-21T10:48:53.521+0000] {logging_mixin.py:188} INFO - [2026-01-21T10:48:53.521+0000] {dag.py:3036} INFO - Sync 1 DAGs
[2026-01-21T10:48:53.541+0000] {logging_mixin.py:188} INFO - [2026-01-21T10:48:53.540+0000] {dag.py:3823} INFO - Setting next_dagrun for example_local_kubernetes_executor to None, run_after=None
[2026-01-21T10:48:53.566+0000] {processor.py:183} INFO - Processing /home/airflow/.local/lib/python3.8/site-packages/airflow/example_dags/example_local_kubernetes_executor.py took 0.123 seconds
[2026-01-21T10:49:23.686+0000] {processor.py:161} INFO - Started process (PID=11579) to work on /home/airflow/.local/lib/python3.8/site-packages/airflow/example_dags/example_local_kubernetes_executor.py
[2026-01-21T10:49:23.688+0000] {processor.py:830} INFO - Processing file /home/airflow/.local/lib/python3.8/site-packages/airflow/example_dags/example_local_kubernetes_executor.py for tasks to queue
[2026-01-21T10:49:23.691+0000] {logging_mixin.py:188} INFO - [2026-01-21T10:49:23.690+0000] {dagbag.py:538} INFO - Filling up the DagBag from /home/airflow/.local/lib/python3.8/site-packages/airflow/example_dags/example_local_kubernetes_executor.py
[2026-01-21T10:49:23.703+0000] {processor.py:840} INFO - DAG(s) 'example_local_kubernetes_executor' retrieved from /home/airflow/.local/lib/python3.8/site-packages/airflow/example_dags/example_local_kubernetes_executor.py
[2026-01-21T10:49:23.754+0000] {logging_mixin.py:188} INFO - [2026-01-21T10:49:23.754+0000] {dag.py:3036} INFO - Sync 1 DAGs
[2026-01-21T10:49:23.773+0000] {logging_mixin.py:188} INFO - [2026-01-21T10:49:23.773+0000] {dag.py:3823} INFO - Setting next_dagrun for example_local_kubernetes_executor to None, run_after=None
[2026-01-21T10:49:23.797+0000] {processor.py:183} INFO - Processing /home/airflow/.local/lib/python3.8/site-packages/airflow/example_dags/example_local_kubernetes_executor.py took 0.117 seconds
[2026-01-21T10:49:54.205+0000] {processor.py:161} INFO - Started process (PID=11645) to work on /home/airflow/.local/lib/python3.8/site-packages/airflow/example_dags/example_local_kubernetes_executor.py
[2026-01-21T10:49:54.207+0000] {processor.py:830} INFO - Processing file /home/airflow/.local/lib/python3.8/site-packages/airflow/example_dags/example_local_kubernetes_executor.py for tasks to queue
[2026-01-21T10:49:54.209+0000] {logging_mixin.py:188} INFO - [2026-01-21T10:49:54.209+0000] {dagbag.py:538} INFO - Filling up the DagBag from /home/airflow/.local/lib/python3.8/site-packages/airflow/example_dags/example_local_kubernetes_executor.py
[2026-01-21T10:49:54.219+0000] {processor.py:840} INFO - DAG(s) 'example_local_kubernetes_executor' retrieved from /home/airflow/.local/lib/python3.8/site-packages/airflow/example_dags/example_local_kubernetes_executor.py
[2026-01-21T10:49:54.278+0000] {logging_mixin.py:188} INFO - [2026-01-21T10:49:54.278+0000] {dag.py:3036} INFO - Sync 1 DAGs
[2026-01-21T10:49:54.301+0000] {logging_mixin.py:188} INFO - [2026-01-21T10:49:54.300+0000] {dag.py:3823} INFO - Setting next_dagrun for example_local_kubernetes_executor to None, run_after=None
[2026-01-21T10:49:54.328+0000] {processor.py:183} INFO - Processing /home/airflow/.local/lib/python3.8/site-packages/airflow/example_dags/example_local_kubernetes_executor.py took 0.128 seconds
[2026-01-21T10:50:24.496+0000] {processor.py:161} INFO - Started process (PID=11719) to work on /home/airflow/.local/lib/python3.8/site-packages/airflow/example_dags/example_local_kubernetes_executor.py
[2026-01-21T10:50:24.498+0000] {processor.py:830} INFO - Processing file /home/airflow/.local/lib/python3.8/site-packages/airflow/example_dags/example_local_kubernetes_executor.py for tasks to queue
[2026-01-21T10:50:24.500+0000] {logging_mixin.py:188} INFO - [2026-01-21T10:50:24.500+0000] {dagbag.py:538} INFO - Filling up the DagBag from /home/airflow/.local/lib/python3.8/site-packages/airflow/example_dags/example_local_kubernetes_executor.py
[2026-01-21T10:50:24.513+0000] {processor.py:840} INFO - DAG(s) 'example_local_kubernetes_executor' retrieved from /home/airflow/.local/lib/python3.8/site-packages/airflow/example_dags/example_local_kubernetes_executor.py
[2026-01-21T10:50:24.577+0000] {logging_mixin.py:188} INFO - [2026-01-21T10:50:24.577+0000] {dag.py:3036} INFO - Sync 1 DAGs
[2026-01-21T10:50:24.601+0000] {logging_mixin.py:188} INFO - [2026-01-21T10:50:24.601+0000] {dag.py:3823} INFO - Setting next_dagrun for example_local_kubernetes_executor to None, run_after=None
[2026-01-21T10:50:24.634+0000] {processor.py:183} INFO - Processing /home/airflow/.local/lib/python3.8/site-packages/airflow/example_dags/example_local_kubernetes_executor.py took 0.144 seconds
[2026-01-21T10:50:54.953+0000] {processor.py:161} INFO - Started process (PID=11785) to work on /home/airflow/.local/lib/python3.8/site-packages/airflow/example_dags/example_local_kubernetes_executor.py
[2026-01-21T10:50:54.955+0000] {processor.py:830} INFO - Processing file /home/airflow/.local/lib/python3.8/site-packages/airflow/example_dags/example_local_kubernetes_executor.py for tasks to queue
[2026-01-21T10:50:54.958+0000] {logging_mixin.py:188} INFO - [2026-01-21T10:50:54.957+0000] {dagbag.py:538} INFO - Filling up the DagBag from /home/airflow/.local/lib/python3.8/site-packages/airflow/example_dags/example_local_kubernetes_executor.py
[2026-01-21T10:50:54.969+0000] {processor.py:840} INFO - DAG(s) 'example_local_kubernetes_executor' retrieved from /home/airflow/.local/lib/python3.8/site-packages/airflow/example_dags/example_local_kubernetes_executor.py
[2026-01-21T10:50:55.022+0000] {logging_mixin.py:188} INFO - [2026-01-21T10:50:55.021+0000] {dag.py:3036} INFO - Sync 1 DAGs
[2026-01-21T10:50:55.042+0000] {logging_mixin.py:188} INFO - [2026-01-21T10:50:55.042+0000] {dag.py:3823} INFO - Setting next_dagrun for example_local_kubernetes_executor to None, run_after=None
[2026-01-21T10:50:55.068+0000] {processor.py:183} INFO - Processing /home/airflow/.local/lib/python3.8/site-packages/airflow/example_dags/example_local_kubernetes_executor.py took 0.120 seconds
[2026-01-21T10:51:25.969+0000] {processor.py:161} INFO - Started process (PID=11849) to work on /home/airflow/.local/lib/python3.8/site-packages/airflow/example_dags/example_local_kubernetes_executor.py
[2026-01-21T10:51:25.970+0000] {processor.py:830} INFO - Processing file /home/airflow/.local/lib/python3.8/site-packages/airflow/example_dags/example_local_kubernetes_executor.py for tasks to queue
[2026-01-21T10:51:25.973+0000] {logging_mixin.py:188} INFO - [2026-01-21T10:51:25.972+0000] {dagbag.py:538} INFO - Filling up the DagBag from /home/airflow/.local/lib/python3.8/site-packages/airflow/example_dags/example_local_kubernetes_executor.py
[2026-01-21T10:51:25.983+0000] {processor.py:840} INFO - DAG(s) 'example_local_kubernetes_executor' retrieved from /home/airflow/.local/lib/python3.8/site-packages/airflow/example_dags/example_local_kubernetes_executor.py
[2026-01-21T10:51:26.046+0000] {logging_mixin.py:188} INFO - [2026-01-21T10:51:26.045+0000] {dag.py:3036} INFO - Sync 1 DAGs
[2026-01-21T10:51:26.070+0000] {logging_mixin.py:188} INFO - [2026-01-21T10:51:26.069+0000] {dag.py:3823} INFO - Setting next_dagrun for example_local_kubernetes_executor to None, run_after=None
[2026-01-21T10:51:26.106+0000] {processor.py:183} INFO - Processing /home/airflow/.local/lib/python3.8/site-packages/airflow/example_dags/example_local_kubernetes_executor.py took 0.142 seconds
[2026-01-21T10:51:56.219+0000] {processor.py:161} INFO - Started process (PID=11916) to work on /home/airflow/.local/lib/python3.8/site-packages/airflow/example_dags/example_local_kubernetes_executor.py
[2026-01-21T10:51:56.221+0000] {processor.py:830} INFO - Processing file /home/airflow/.local/lib/python3.8/site-packages/airflow/example_dags/example_local_kubernetes_executor.py for tasks to queue
[2026-01-21T10:51:56.223+0000] {logging_mixin.py:188} INFO - [2026-01-21T10:51:56.223+0000] {dagbag.py:538} INFO - Filling up the DagBag from /home/airflow/.local/lib/python3.8/site-packages/airflow/example_dags/example_local_kubernetes_executor.py
[2026-01-21T10:51:56.236+0000] {processor.py:840} INFO - DAG(s) 'example_local_kubernetes_executor' retrieved from /home/airflow/.local/lib/python3.8/site-packages/airflow/example_dags/example_local_kubernetes_executor.py
[2026-01-21T10:51:56.292+0000] {logging_mixin.py:188} INFO - [2026-01-21T10:51:56.292+0000] {dag.py:3036} INFO - Sync 1 DAGs
[2026-01-21T10:51:56.312+0000] {logging_mixin.py:188} INFO - [2026-01-21T10:51:56.312+0000] {dag.py:3823} INFO - Setting next_dagrun for example_local_kubernetes_executor to None, run_after=None
[2026-01-21T10:51:56.525+0000] {processor.py:183} INFO - Processing /home/airflow/.local/lib/python3.8/site-packages/airflow/example_dags/example_local_kubernetes_executor.py took 0.312 seconds
[2026-01-21T10:52:26.738+0000] {processor.py:161} INFO - Started process (PID=11982) to work on /home/airflow/.local/lib/python3.8/site-packages/airflow/example_dags/example_local_kubernetes_executor.py
[2026-01-21T10:52:26.740+0000] {processor.py:830} INFO - Processing file /home/airflow/.local/lib/python3.8/site-packages/airflow/example_dags/example_local_kubernetes_executor.py for tasks to queue
[2026-01-21T10:52:26.743+0000] {logging_mixin.py:188} INFO - [2026-01-21T10:52:26.743+0000] {dagbag.py:538} INFO - Filling up the DagBag from /home/airflow/.local/lib/python3.8/site-packages/airflow/example_dags/example_local_kubernetes_executor.py
[2026-01-21T10:52:26.762+0000] {processor.py:840} INFO - DAG(s) 'example_local_kubernetes_executor' retrieved from /home/airflow/.local/lib/python3.8/site-packages/airflow/example_dags/example_local_kubernetes_executor.py
[2026-01-21T10:52:26.852+0000] {logging_mixin.py:188} INFO - [2026-01-21T10:52:26.852+0000] {dag.py:3036} INFO - Sync 1 DAGs
[2026-01-21T10:52:26.874+0000] {logging_mixin.py:188} INFO - [2026-01-21T10:52:26.873+0000] {dag.py:3823} INFO - Setting next_dagrun for example_local_kubernetes_executor to None, run_after=None
[2026-01-21T10:52:26.903+0000] {processor.py:183} INFO - Processing /home/airflow/.local/lib/python3.8/site-packages/airflow/example_dags/example_local_kubernetes_executor.py took 0.172 seconds
[2026-01-21T10:52:57.016+0000] {processor.py:161} INFO - Started process (PID=12045) to work on /home/airflow/.local/lib/python3.8/site-packages/airflow/example_dags/example_local_kubernetes_executor.py
[2026-01-21T10:52:57.018+0000] {processor.py:830} INFO - Processing file /home/airflow/.local/lib/python3.8/site-packages/airflow/example_dags/example_local_kubernetes_executor.py for tasks to queue
[2026-01-21T10:52:57.021+0000] {logging_mixin.py:188} INFO - [2026-01-21T10:52:57.020+0000] {dagbag.py:538} INFO - Filling up the DagBag from /home/airflow/.local/lib/python3.8/site-packages/airflow/example_dags/example_local_kubernetes_executor.py
[2026-01-21T10:52:57.033+0000] {processor.py:840} INFO - DAG(s) 'example_local_kubernetes_executor' retrieved from /home/airflow/.local/lib/python3.8/site-packages/airflow/example_dags/example_local_kubernetes_executor.py
[2026-01-21T10:52:57.086+0000] {logging_mixin.py:188} INFO - [2026-01-21T10:52:57.086+0000] {dag.py:3036} INFO - Sync 1 DAGs
[2026-01-21T10:52:57.105+0000] {logging_mixin.py:188} INFO - [2026-01-21T10:52:57.105+0000] {dag.py:3823} INFO - Setting next_dagrun for example_local_kubernetes_executor to None, run_after=None
[2026-01-21T10:52:57.131+0000] {processor.py:183} INFO - Processing /home/airflow/.local/lib/python3.8/site-packages/airflow/example_dags/example_local_kubernetes_executor.py took 0.121 seconds
[2026-01-21T10:53:28.018+0000] {processor.py:161} INFO - Started process (PID=12117) to work on /home/airflow/.local/lib/python3.8/site-packages/airflow/example_dags/example_local_kubernetes_executor.py
[2026-01-21T10:53:28.019+0000] {processor.py:830} INFO - Processing file /home/airflow/.local/lib/python3.8/site-packages/airflow/example_dags/example_local_kubernetes_executor.py for tasks to queue
[2026-01-21T10:53:28.021+0000] {logging_mixin.py:188} INFO - [2026-01-21T10:53:28.021+0000] {dagbag.py:538} INFO - Filling up the DagBag from /home/airflow/.local/lib/python3.8/site-packages/airflow/example_dags/example_local_kubernetes_executor.py
[2026-01-21T10:53:28.032+0000] {processor.py:840} INFO - DAG(s) 'example_local_kubernetes_executor' retrieved from /home/airflow/.local/lib/python3.8/site-packages/airflow/example_dags/example_local_kubernetes_executor.py
[2026-01-21T10:53:28.256+0000] {logging_mixin.py:188} INFO - [2026-01-21T10:53:28.255+0000] {dag.py:3036} INFO - Sync 1 DAGs
[2026-01-21T10:53:28.278+0000] {logging_mixin.py:188} INFO - [2026-01-21T10:53:28.278+0000] {dag.py:3823} INFO - Setting next_dagrun for example_local_kubernetes_executor to None, run_after=None
[2026-01-21T10:53:28.307+0000] {processor.py:183} INFO - Processing /home/airflow/.local/lib/python3.8/site-packages/airflow/example_dags/example_local_kubernetes_executor.py took 0.294 seconds
[2026-01-21T10:53:58.714+0000] {processor.py:161} INFO - Started process (PID=12185) to work on /home/airflow/.local/lib/python3.8/site-packages/airflow/example_dags/example_local_kubernetes_executor.py
[2026-01-21T10:53:58.716+0000] {processor.py:830} INFO - Processing file /home/airflow/.local/lib/python3.8/site-packages/airflow/example_dags/example_local_kubernetes_executor.py for tasks to queue
[2026-01-21T10:53:58.718+0000] {logging_mixin.py:188} INFO - [2026-01-21T10:53:58.718+0000] {dagbag.py:538} INFO - Filling up the DagBag from /home/airflow/.local/lib/python3.8/site-packages/airflow/example_dags/example_local_kubernetes_executor.py
[2026-01-21T10:53:58.728+0000] {processor.py:840} INFO - DAG(s) 'example_local_kubernetes_executor' retrieved from /home/airflow/.local/lib/python3.8/site-packages/airflow/example_dags/example_local_kubernetes_executor.py
[2026-01-21T10:53:58.790+0000] {logging_mixin.py:188} INFO - [2026-01-21T10:53:58.790+0000] {dag.py:3036} INFO - Sync 1 DAGs
[2026-01-21T10:53:58.810+0000] {logging_mixin.py:188} INFO - [2026-01-21T10:53:58.810+0000] {dag.py:3823} INFO - Setting next_dagrun for example_local_kubernetes_executor to None, run_after=None
[2026-01-21T10:53:58.837+0000] {processor.py:183} INFO - Processing /home/airflow/.local/lib/python3.8/site-packages/airflow/example_dags/example_local_kubernetes_executor.py took 0.128 seconds
[2026-01-21T10:54:28.926+0000] {processor.py:161} INFO - Started process (PID=12251) to work on /home/airflow/.local/lib/python3.8/site-packages/airflow/example_dags/example_local_kubernetes_executor.py
[2026-01-21T10:54:28.927+0000] {processor.py:830} INFO - Processing file /home/airflow/.local/lib/python3.8/site-packages/airflow/example_dags/example_local_kubernetes_executor.py for tasks to queue
[2026-01-21T10:54:28.930+0000] {logging_mixin.py:188} INFO - [2026-01-21T10:54:28.929+0000] {dagbag.py:538} INFO - Filling up the DagBag from /home/airflow/.local/lib/python3.8/site-packages/airflow/example_dags/example_local_kubernetes_executor.py
[2026-01-21T10:54:28.943+0000] {processor.py:840} INFO - DAG(s) 'example_local_kubernetes_executor' retrieved from /home/airflow/.local/lib/python3.8/site-packages/airflow/example_dags/example_local_kubernetes_executor.py
[2026-01-21T10:54:28.995+0000] {logging_mixin.py:188} INFO - [2026-01-21T10:54:28.995+0000] {dag.py:3036} INFO - Sync 1 DAGs
[2026-01-21T10:54:29.015+0000] {logging_mixin.py:188} INFO - [2026-01-21T10:54:29.014+0000] {dag.py:3823} INFO - Setting next_dagrun for example_local_kubernetes_executor to None, run_after=None
[2026-01-21T10:54:29.041+0000] {processor.py:183} INFO - Processing /home/airflow/.local/lib/python3.8/site-packages/airflow/example_dags/example_local_kubernetes_executor.py took 0.121 seconds
[2026-01-21T10:54:59.428+0000] {processor.py:161} INFO - Started process (PID=12317) to work on /home/airflow/.local/lib/python3.8/site-packages/airflow/example_dags/example_local_kubernetes_executor.py
[2026-01-21T10:54:59.430+0000] {processor.py:830} INFO - Processing file /home/airflow/.local/lib/python3.8/site-packages/airflow/example_dags/example_local_kubernetes_executor.py for tasks to queue
[2026-01-21T10:54:59.433+0000] {logging_mixin.py:188} INFO - [2026-01-21T10:54:59.432+0000] {dagbag.py:538} INFO - Filling up the DagBag from /home/airflow/.local/lib/python3.8/site-packages/airflow/example_dags/example_local_kubernetes_executor.py
[2026-01-21T10:54:59.443+0000] {processor.py:840} INFO - DAG(s) 'example_local_kubernetes_executor' retrieved from /home/airflow/.local/lib/python3.8/site-packages/airflow/example_dags/example_local_kubernetes_executor.py
[2026-01-21T10:54:59.518+0000] {logging_mixin.py:188} INFO - [2026-01-21T10:54:59.518+0000] {dag.py:3036} INFO - Sync 1 DAGs
[2026-01-21T10:54:59.565+0000] {logging_mixin.py:188} INFO - [2026-01-21T10:54:59.564+0000] {dag.py:3823} INFO - Setting next_dagrun for example_local_kubernetes_executor to None, run_after=None
[2026-01-21T10:54:59.599+0000] {processor.py:183} INFO - Processing /home/airflow/.local/lib/python3.8/site-packages/airflow/example_dags/example_local_kubernetes_executor.py took 0.175 seconds
[2026-01-21T10:55:29.777+0000] {processor.py:161} INFO - Started process (PID=12384) to work on /home/airflow/.local/lib/python3.8/site-packages/airflow/example_dags/example_local_kubernetes_executor.py
[2026-01-21T10:55:29.778+0000] {processor.py:830} INFO - Processing file /home/airflow/.local/lib/python3.8/site-packages/airflow/example_dags/example_local_kubernetes_executor.py for tasks to queue
[2026-01-21T10:55:29.780+0000] {logging_mixin.py:188} INFO - [2026-01-21T10:55:29.779+0000] {dagbag.py:538} INFO - Filling up the DagBag from /home/airflow/.local/lib/python3.8/site-packages/airflow/example_dags/example_local_kubernetes_executor.py
[2026-01-21T10:55:29.790+0000] {processor.py:840} INFO - DAG(s) 'example_local_kubernetes_executor' retrieved from /home/airflow/.local/lib/python3.8/site-packages/airflow/example_dags/example_local_kubernetes_executor.py
[2026-01-21T10:55:29.842+0000] {logging_mixin.py:188} INFO - [2026-01-21T10:55:29.842+0000] {dag.py:3036} INFO - Sync 1 DAGs
[2026-01-21T10:55:29.861+0000] {logging_mixin.py:188} INFO - [2026-01-21T10:55:29.861+0000] {dag.py:3823} INFO - Setting next_dagrun for example_local_kubernetes_executor to None, run_after=None
[2026-01-21T10:55:29.886+0000] {processor.py:183} INFO - Processing /home/airflow/.local/lib/python3.8/site-packages/airflow/example_dags/example_local_kubernetes_executor.py took 0.114 seconds
[2026-01-21T10:56:00.204+0000] {processor.py:161} INFO - Started process (PID=12450) to work on /home/airflow/.local/lib/python3.8/site-packages/airflow/example_dags/example_local_kubernetes_executor.py
[2026-01-21T10:56:00.206+0000] {processor.py:830} INFO - Processing file /home/airflow/.local/lib/python3.8/site-packages/airflow/example_dags/example_local_kubernetes_executor.py for tasks to queue
[2026-01-21T10:56:00.208+0000] {logging_mixin.py:188} INFO - [2026-01-21T10:56:00.208+0000] {dagbag.py:538} INFO - Filling up the DagBag from /home/airflow/.local/lib/python3.8/site-packages/airflow/example_dags/example_local_kubernetes_executor.py
[2026-01-21T10:56:00.220+0000] {processor.py:840} INFO - DAG(s) 'example_local_kubernetes_executor' retrieved from /home/airflow/.local/lib/python3.8/site-packages/airflow/example_dags/example_local_kubernetes_executor.py
[2026-01-21T10:56:00.285+0000] {logging_mixin.py:188} INFO - [2026-01-21T10:56:00.285+0000] {dag.py:3036} INFO - Sync 1 DAGs
[2026-01-21T10:56:00.303+0000] {logging_mixin.py:188} INFO - [2026-01-21T10:56:00.302+0000] {dag.py:3823} INFO - Setting next_dagrun for example_local_kubernetes_executor to None, run_after=None
[2026-01-21T10:56:00.334+0000] {processor.py:183} INFO - Processing /home/airflow/.local/lib/python3.8/site-packages/airflow/example_dags/example_local_kubernetes_executor.py took 0.135 seconds
[2026-01-21T10:56:30.472+0000] {processor.py:161} INFO - Started process (PID=12523) to work on /home/airflow/.local/lib/python3.8/site-packages/airflow/example_dags/example_local_kubernetes_executor.py
[2026-01-21T10:56:30.473+0000] {processor.py:830} INFO - Processing file /home/airflow/.local/lib/python3.8/site-packages/airflow/example_dags/example_local_kubernetes_executor.py for tasks to queue
[2026-01-21T10:56:30.475+0000] {logging_mixin.py:188} INFO - [2026-01-21T10:56:30.475+0000] {dagbag.py:538} INFO - Filling up the DagBag from /home/airflow/.local/lib/python3.8/site-packages/airflow/example_dags/example_local_kubernetes_executor.py
[2026-01-21T10:56:30.486+0000] {processor.py:840} INFO - DAG(s) 'example_local_kubernetes_executor' retrieved from /home/airflow/.local/lib/python3.8/site-packages/airflow/example_dags/example_local_kubernetes_executor.py
[2026-01-21T10:56:30.538+0000] {logging_mixin.py:188} INFO - [2026-01-21T10:56:30.538+0000] {dag.py:3036} INFO - Sync 1 DAGs
[2026-01-21T10:56:30.556+0000] {logging_mixin.py:188} INFO - [2026-01-21T10:56:30.555+0000] {dag.py:3823} INFO - Setting next_dagrun for example_local_kubernetes_executor to None, run_after=None
[2026-01-21T10:56:30.581+0000] {processor.py:183} INFO - Processing /home/airflow/.local/lib/python3.8/site-packages/airflow/example_dags/example_local_kubernetes_executor.py took 0.115 seconds
[2026-01-21T10:57:00.763+0000] {processor.py:161} INFO - Started process (PID=12590) to work on /home/airflow/.local/lib/python3.8/site-packages/airflow/example_dags/example_local_kubernetes_executor.py
[2026-01-21T10:57:00.765+0000] {processor.py:830} INFO - Processing file /home/airflow/.local/lib/python3.8/site-packages/airflow/example_dags/example_local_kubernetes_executor.py for tasks to queue
[2026-01-21T10:57:00.767+0000] {logging_mixin.py:188} INFO - [2026-01-21T10:57:00.767+0000] {dagbag.py:538} INFO - Filling up the DagBag from /home/airflow/.local/lib/python3.8/site-packages/airflow/example_dags/example_local_kubernetes_executor.py
[2026-01-21T10:57:00.777+0000] {processor.py:840} INFO - DAG(s) 'example_local_kubernetes_executor' retrieved from /home/airflow/.local/lib/python3.8/site-packages/airflow/example_dags/example_local_kubernetes_executor.py
[2026-01-21T10:57:00.840+0000] {logging_mixin.py:188} INFO - [2026-01-21T10:57:00.839+0000] {dag.py:3036} INFO - Sync 1 DAGs
[2026-01-21T10:57:00.863+0000] {logging_mixin.py:188} INFO - [2026-01-21T10:57:00.863+0000] {dag.py:3823} INFO - Setting next_dagrun for example_local_kubernetes_executor to None, run_after=None
[2026-01-21T10:57:00.891+0000] {processor.py:183} INFO - Processing /home/airflow/.local/lib/python3.8/site-packages/airflow/example_dags/example_local_kubernetes_executor.py took 0.133 seconds
[2026-01-21T10:57:31.687+0000] {processor.py:161} INFO - Started process (PID=12656) to work on /home/airflow/.local/lib/python3.8/site-packages/airflow/example_dags/example_local_kubernetes_executor.py
[2026-01-21T10:57:31.689+0000] {processor.py:830} INFO - Processing file /home/airflow/.local/lib/python3.8/site-packages/airflow/example_dags/example_local_kubernetes_executor.py for tasks to queue
[2026-01-21T10:57:31.692+0000] {logging_mixin.py:188} INFO - [2026-01-21T10:57:31.691+0000] {dagbag.py:538} INFO - Filling up the DagBag from /home/airflow/.local/lib/python3.8/site-packages/airflow/example_dags/example_local_kubernetes_executor.py
[2026-01-21T10:57:31.718+0000] {processor.py:840} INFO - DAG(s) 'example_local_kubernetes_executor' retrieved from /home/airflow/.local/lib/python3.8/site-packages/airflow/example_dags/example_local_kubernetes_executor.py
[2026-01-21T10:57:31.883+0000] {logging_mixin.py:188} INFO - [2026-01-21T10:57:31.881+0000] {dag.py:3036} INFO - Sync 1 DAGs
[2026-01-21T10:57:31.906+0000] {logging_mixin.py:188} INFO - [2026-01-21T10:57:31.906+0000] {dag.py:3823} INFO - Setting next_dagrun for example_local_kubernetes_executor to None, run_after=None
[2026-01-21T10:57:31.963+0000] {processor.py:183} INFO - Processing /home/airflow/.local/lib/python3.8/site-packages/airflow/example_dags/example_local_kubernetes_executor.py took 0.294 seconds
[2026-01-21T10:58:02.258+0000] {processor.py:161} INFO - Started process (PID=12722) to work on /home/airflow/.local/lib/python3.8/site-packages/airflow/example_dags/example_local_kubernetes_executor.py
[2026-01-21T10:58:02.277+0000] {processor.py:830} INFO - Processing file /home/airflow/.local/lib/python3.8/site-packages/airflow/example_dags/example_local_kubernetes_executor.py for tasks to queue
[2026-01-21T10:58:02.280+0000] {logging_mixin.py:188} INFO - [2026-01-21T10:58:02.279+0000] {dagbag.py:538} INFO - Filling up the DagBag from /home/airflow/.local/lib/python3.8/site-packages/airflow/example_dags/example_local_kubernetes_executor.py
[2026-01-21T10:58:02.316+0000] {processor.py:840} INFO - DAG(s) 'example_local_kubernetes_executor' retrieved from /home/airflow/.local/lib/python3.8/site-packages/airflow/example_dags/example_local_kubernetes_executor.py
[2026-01-21T10:58:02.441+0000] {logging_mixin.py:188} INFO - [2026-01-21T10:58:02.441+0000] {dag.py:3036} INFO - Sync 1 DAGs
[2026-01-21T10:58:02.479+0000] {logging_mixin.py:188} INFO - [2026-01-21T10:58:02.479+0000] {dag.py:3823} INFO - Setting next_dagrun for example_local_kubernetes_executor to None, run_after=None
[2026-01-21T10:58:02.589+0000] {processor.py:183} INFO - Processing /home/airflow/.local/lib/python3.8/site-packages/airflow/example_dags/example_local_kubernetes_executor.py took 0.353 seconds
[2026-01-21T10:58:33.264+0000] {processor.py:161} INFO - Started process (PID=12788) to work on /home/airflow/.local/lib/python3.8/site-packages/airflow/example_dags/example_local_kubernetes_executor.py
[2026-01-21T10:58:33.265+0000] {processor.py:830} INFO - Processing file /home/airflow/.local/lib/python3.8/site-packages/airflow/example_dags/example_local_kubernetes_executor.py for tasks to queue
[2026-01-21T10:58:33.268+0000] {logging_mixin.py:188} INFO - [2026-01-21T10:58:33.267+0000] {dagbag.py:538} INFO - Filling up the DagBag from /home/airflow/.local/lib/python3.8/site-packages/airflow/example_dags/example_local_kubernetes_executor.py
[2026-01-21T10:58:33.278+0000] {processor.py:840} INFO - DAG(s) 'example_local_kubernetes_executor' retrieved from /home/airflow/.local/lib/python3.8/site-packages/airflow/example_dags/example_local_kubernetes_executor.py
[2026-01-21T10:58:33.328+0000] {logging_mixin.py:188} INFO - [2026-01-21T10:58:33.328+0000] {dag.py:3036} INFO - Sync 1 DAGs
[2026-01-21T10:58:33.346+0000] {logging_mixin.py:188} INFO - [2026-01-21T10:58:33.346+0000] {dag.py:3823} INFO - Setting next_dagrun for example_local_kubernetes_executor to None, run_after=None
[2026-01-21T10:58:33.377+0000] {processor.py:183} INFO - Processing /home/airflow/.local/lib/python3.8/site-packages/airflow/example_dags/example_local_kubernetes_executor.py took 0.118 seconds
[2026-01-21T10:59:03.594+0000] {processor.py:161} INFO - Started process (PID=12853) to work on /home/airflow/.local/lib/python3.8/site-packages/airflow/example_dags/example_local_kubernetes_executor.py
[2026-01-21T10:59:03.596+0000] {processor.py:830} INFO - Processing file /home/airflow/.local/lib/python3.8/site-packages/airflow/example_dags/example_local_kubernetes_executor.py for tasks to queue
[2026-01-21T10:59:03.598+0000] {logging_mixin.py:188} INFO - [2026-01-21T10:59:03.598+0000] {dagbag.py:538} INFO - Filling up the DagBag from /home/airflow/.local/lib/python3.8/site-packages/airflow/example_dags/example_local_kubernetes_executor.py
[2026-01-21T10:59:03.608+0000] {processor.py:840} INFO - DAG(s) 'example_local_kubernetes_executor' retrieved from /home/airflow/.local/lib/python3.8/site-packages/airflow/example_dags/example_local_kubernetes_executor.py
[2026-01-21T10:59:03.666+0000] {logging_mixin.py:188} INFO - [2026-01-21T10:59:03.666+0000] {dag.py:3036} INFO - Sync 1 DAGs
[2026-01-21T10:59:03.690+0000] {logging_mixin.py:188} INFO - [2026-01-21T10:59:03.690+0000] {dag.py:3823} INFO - Setting next_dagrun for example_local_kubernetes_executor to None, run_after=None
[2026-01-21T10:59:03.729+0000] {processor.py:183} INFO - Processing /home/airflow/.local/lib/python3.8/site-packages/airflow/example_dags/example_local_kubernetes_executor.py took 0.139 seconds
[2026-01-21T10:59:34.312+0000] {processor.py:161} INFO - Started process (PID=12919) to work on /home/airflow/.local/lib/python3.8/site-packages/airflow/example_dags/example_local_kubernetes_executor.py
[2026-01-21T10:59:34.313+0000] {processor.py:830} INFO - Processing file /home/airflow/.local/lib/python3.8/site-packages/airflow/example_dags/example_local_kubernetes_executor.py for tasks to queue
[2026-01-21T10:59:34.315+0000] {logging_mixin.py:188} INFO - [2026-01-21T10:59:34.315+0000] {dagbag.py:538} INFO - Filling up the DagBag from /home/airflow/.local/lib/python3.8/site-packages/airflow/example_dags/example_local_kubernetes_executor.py
[2026-01-21T10:59:34.325+0000] {processor.py:840} INFO - DAG(s) 'example_local_kubernetes_executor' retrieved from /home/airflow/.local/lib/python3.8/site-packages/airflow/example_dags/example_local_kubernetes_executor.py
[2026-01-21T10:59:34.383+0000] {logging_mixin.py:188} INFO - [2026-01-21T10:59:34.383+0000] {dag.py:3036} INFO - Sync 1 DAGs
[2026-01-21T10:59:34.408+0000] {logging_mixin.py:188} INFO - [2026-01-21T10:59:34.407+0000] {dag.py:3823} INFO - Setting next_dagrun for example_local_kubernetes_executor to None, run_after=None
[2026-01-21T10:59:34.438+0000] {processor.py:183} INFO - Processing /home/airflow/.local/lib/python3.8/site-packages/airflow/example_dags/example_local_kubernetes_executor.py took 0.131 seconds
[2026-01-21T11:00:04.760+0000] {processor.py:161} INFO - Started process (PID=12985) to work on /home/airflow/.local/lib/python3.8/site-packages/airflow/example_dags/example_local_kubernetes_executor.py
[2026-01-21T11:00:04.762+0000] {processor.py:830} INFO - Processing file /home/airflow/.local/lib/python3.8/site-packages/airflow/example_dags/example_local_kubernetes_executor.py for tasks to queue
[2026-01-21T11:00:04.765+0000] {logging_mixin.py:188} INFO - [2026-01-21T11:00:04.764+0000] {dagbag.py:538} INFO - Filling up the DagBag from /home/airflow/.local/lib/python3.8/site-packages/airflow/example_dags/example_local_kubernetes_executor.py
[2026-01-21T11:00:04.777+0000] {processor.py:840} INFO - DAG(s) 'example_local_kubernetes_executor' retrieved from /home/airflow/.local/lib/python3.8/site-packages/airflow/example_dags/example_local_kubernetes_executor.py
[2026-01-21T11:00:04.828+0000] {logging_mixin.py:188} INFO - [2026-01-21T11:00:04.828+0000] {dag.py:3036} INFO - Sync 1 DAGs
[2026-01-21T11:00:04.846+0000] {logging_mixin.py:188} INFO - [2026-01-21T11:00:04.846+0000] {dag.py:3823} INFO - Setting next_dagrun for example_local_kubernetes_executor to None, run_after=None
[2026-01-21T11:00:04.869+0000] {processor.py:183} INFO - Processing /home/airflow/.local/lib/python3.8/site-packages/airflow/example_dags/example_local_kubernetes_executor.py took 0.114 seconds
[2026-01-21T11:00:35.255+0000] {processor.py:161} INFO - Started process (PID=13058) to work on /home/airflow/.local/lib/python3.8/site-packages/airflow/example_dags/example_local_kubernetes_executor.py
[2026-01-21T11:00:35.256+0000] {processor.py:830} INFO - Processing file /home/airflow/.local/lib/python3.8/site-packages/airflow/example_dags/example_local_kubernetes_executor.py for tasks to queue
[2026-01-21T11:00:35.259+0000] {logging_mixin.py:188} INFO - [2026-01-21T11:00:35.259+0000] {dagbag.py:538} INFO - Filling up the DagBag from /home/airflow/.local/lib/python3.8/site-packages/airflow/example_dags/example_local_kubernetes_executor.py
[2026-01-21T11:00:35.273+0000] {processor.py:840} INFO - DAG(s) 'example_local_kubernetes_executor' retrieved from /home/airflow/.local/lib/python3.8/site-packages/airflow/example_dags/example_local_kubernetes_executor.py
[2026-01-21T11:00:35.353+0000] {logging_mixin.py:188} INFO - [2026-01-21T11:00:35.352+0000] {dag.py:3036} INFO - Sync 1 DAGs
[2026-01-21T11:00:35.376+0000] {logging_mixin.py:188} INFO - [2026-01-21T11:00:35.375+0000] {dag.py:3823} INFO - Setting next_dagrun for example_local_kubernetes_executor to None, run_after=None
[2026-01-21T11:00:35.408+0000] {processor.py:183} INFO - Processing /home/airflow/.local/lib/python3.8/site-packages/airflow/example_dags/example_local_kubernetes_executor.py took 0.160 seconds
[2026-01-21T11:01:05.721+0000] {processor.py:161} INFO - Started process (PID=13126) to work on /home/airflow/.local/lib/python3.8/site-packages/airflow/example_dags/example_local_kubernetes_executor.py
[2026-01-21T11:01:05.723+0000] {processor.py:830} INFO - Processing file /home/airflow/.local/lib/python3.8/site-packages/airflow/example_dags/example_local_kubernetes_executor.py for tasks to queue
[2026-01-21T11:01:05.725+0000] {logging_mixin.py:188} INFO - [2026-01-21T11:01:05.725+0000] {dagbag.py:538} INFO - Filling up the DagBag from /home/airflow/.local/lib/python3.8/site-packages/airflow/example_dags/example_local_kubernetes_executor.py
[2026-01-21T11:01:05.735+0000] {processor.py:840} INFO - DAG(s) 'example_local_kubernetes_executor' retrieved from /home/airflow/.local/lib/python3.8/site-packages/airflow/example_dags/example_local_kubernetes_executor.py
[2026-01-21T11:01:05.786+0000] {logging_mixin.py:188} INFO - [2026-01-21T11:01:05.786+0000] {dag.py:3036} INFO - Sync 1 DAGs
[2026-01-21T11:01:05.804+0000] {logging_mixin.py:188} INFO - [2026-01-21T11:01:05.804+0000] {dag.py:3823} INFO - Setting next_dagrun for example_local_kubernetes_executor to None, run_after=None
[2026-01-21T11:01:05.830+0000] {processor.py:183} INFO - Processing /home/airflow/.local/lib/python3.8/site-packages/airflow/example_dags/example_local_kubernetes_executor.py took 0.114 seconds
[2026-01-21T11:01:36.120+0000] {processor.py:161} INFO - Started process (PID=13192) to work on /home/airflow/.local/lib/python3.8/site-packages/airflow/example_dags/example_local_kubernetes_executor.py
[2026-01-21T11:01:36.121+0000] {processor.py:830} INFO - Processing file /home/airflow/.local/lib/python3.8/site-packages/airflow/example_dags/example_local_kubernetes_executor.py for tasks to queue
[2026-01-21T11:01:36.123+0000] {logging_mixin.py:188} INFO - [2026-01-21T11:01:36.123+0000] {dagbag.py:538} INFO - Filling up the DagBag from /home/airflow/.local/lib/python3.8/site-packages/airflow/example_dags/example_local_kubernetes_executor.py
[2026-01-21T11:01:36.134+0000] {processor.py:840} INFO - DAG(s) 'example_local_kubernetes_executor' retrieved from /home/airflow/.local/lib/python3.8/site-packages/airflow/example_dags/example_local_kubernetes_executor.py
[2026-01-21T11:01:36.187+0000] {logging_mixin.py:188} INFO - [2026-01-21T11:01:36.186+0000] {dag.py:3036} INFO - Sync 1 DAGs
[2026-01-21T11:01:36.205+0000] {logging_mixin.py:188} INFO - [2026-01-21T11:01:36.204+0000] {dag.py:3823} INFO - Setting next_dagrun for example_local_kubernetes_executor to None, run_after=None
[2026-01-21T11:01:36.229+0000] {processor.py:183} INFO - Processing /home/airflow/.local/lib/python3.8/site-packages/airflow/example_dags/example_local_kubernetes_executor.py took 0.114 seconds
[2026-01-21T11:02:06.328+0000] {processor.py:161} INFO - Started process (PID=13256) to work on /home/airflow/.local/lib/python3.8/site-packages/airflow/example_dags/example_local_kubernetes_executor.py
[2026-01-21T11:02:06.330+0000] {processor.py:830} INFO - Processing file /home/airflow/.local/lib/python3.8/site-packages/airflow/example_dags/example_local_kubernetes_executor.py for tasks to queue
[2026-01-21T11:02:06.332+0000] {logging_mixin.py:188} INFO - [2026-01-21T11:02:06.332+0000] {dagbag.py:538} INFO - Filling up the DagBag from /home/airflow/.local/lib/python3.8/site-packages/airflow/example_dags/example_local_kubernetes_executor.py
[2026-01-21T11:02:06.343+0000] {processor.py:840} INFO - DAG(s) 'example_local_kubernetes_executor' retrieved from /home/airflow/.local/lib/python3.8/site-packages/airflow/example_dags/example_local_kubernetes_executor.py
[2026-01-21T11:02:06.392+0000] {logging_mixin.py:188} INFO - [2026-01-21T11:02:06.391+0000] {dag.py:3036} INFO - Sync 1 DAGs
[2026-01-21T11:02:06.409+0000] {logging_mixin.py:188} INFO - [2026-01-21T11:02:06.409+0000] {dag.py:3823} INFO - Setting next_dagrun for example_local_kubernetes_executor to None, run_after=None
[2026-01-21T11:02:06.435+0000] {processor.py:183} INFO - Processing /home/airflow/.local/lib/python3.8/site-packages/airflow/example_dags/example_local_kubernetes_executor.py took 0.112 seconds
[2026-01-21T11:02:36.528+0000] {processor.py:161} INFO - Started process (PID=13322) to work on /home/airflow/.local/lib/python3.8/site-packages/airflow/example_dags/example_local_kubernetes_executor.py
[2026-01-21T11:02:36.529+0000] {processor.py:830} INFO - Processing file /home/airflow/.local/lib/python3.8/site-packages/airflow/example_dags/example_local_kubernetes_executor.py for tasks to queue
[2026-01-21T11:02:36.531+0000] {logging_mixin.py:188} INFO - [2026-01-21T11:02:36.531+0000] {dagbag.py:538} INFO - Filling up the DagBag from /home/airflow/.local/lib/python3.8/site-packages/airflow/example_dags/example_local_kubernetes_executor.py
[2026-01-21T11:02:36.542+0000] {processor.py:840} INFO - DAG(s) 'example_local_kubernetes_executor' retrieved from /home/airflow/.local/lib/python3.8/site-packages/airflow/example_dags/example_local_kubernetes_executor.py
[2026-01-21T11:02:36.591+0000] {logging_mixin.py:188} INFO - [2026-01-21T11:02:36.591+0000] {dag.py:3036} INFO - Sync 1 DAGs
[2026-01-21T11:02:36.609+0000] {logging_mixin.py:188} INFO - [2026-01-21T11:02:36.608+0000] {dag.py:3823} INFO - Setting next_dagrun for example_local_kubernetes_executor to None, run_after=None
[2026-01-21T11:02:36.633+0000] {processor.py:183} INFO - Processing /home/airflow/.local/lib/python3.8/site-packages/airflow/example_dags/example_local_kubernetes_executor.py took 0.110 seconds
[2026-01-21T11:03:06.736+0000] {processor.py:161} INFO - Started process (PID=13388) to work on /home/airflow/.local/lib/python3.8/site-packages/airflow/example_dags/example_local_kubernetes_executor.py
[2026-01-21T11:03:06.738+0000] {processor.py:830} INFO - Processing file /home/airflow/.local/lib/python3.8/site-packages/airflow/example_dags/example_local_kubernetes_executor.py for tasks to queue
[2026-01-21T11:03:06.741+0000] {logging_mixin.py:188} INFO - [2026-01-21T11:03:06.740+0000] {dagbag.py:538} INFO - Filling up the DagBag from /home/airflow/.local/lib/python3.8/site-packages/airflow/example_dags/example_local_kubernetes_executor.py
[2026-01-21T11:03:06.753+0000] {processor.py:840} INFO - DAG(s) 'example_local_kubernetes_executor' retrieved from /home/airflow/.local/lib/python3.8/site-packages/airflow/example_dags/example_local_kubernetes_executor.py
[2026-01-21T11:03:06.805+0000] {logging_mixin.py:188} INFO - [2026-01-21T11:03:06.805+0000] {dag.py:3036} INFO - Sync 1 DAGs
[2026-01-21T11:03:06.825+0000] {logging_mixin.py:188} INFO - [2026-01-21T11:03:06.825+0000] {dag.py:3823} INFO - Setting next_dagrun for example_local_kubernetes_executor to None, run_after=None
[2026-01-21T11:03:06.850+0000] {processor.py:183} INFO - Processing /home/airflow/.local/lib/python3.8/site-packages/airflow/example_dags/example_local_kubernetes_executor.py took 0.119 seconds
[2026-01-21T11:03:36.917+0000] {processor.py:161} INFO - Started process (PID=13454) to work on /home/airflow/.local/lib/python3.8/site-packages/airflow/example_dags/example_local_kubernetes_executor.py
[2026-01-21T11:03:36.918+0000] {processor.py:830} INFO - Processing file /home/airflow/.local/lib/python3.8/site-packages/airflow/example_dags/example_local_kubernetes_executor.py for tasks to queue
[2026-01-21T11:03:36.920+0000] {logging_mixin.py:188} INFO - [2026-01-21T11:03:36.920+0000] {dagbag.py:538} INFO - Filling up the DagBag from /home/airflow/.local/lib/python3.8/site-packages/airflow/example_dags/example_local_kubernetes_executor.py
[2026-01-21T11:03:36.931+0000] {processor.py:840} INFO - DAG(s) 'example_local_kubernetes_executor' retrieved from /home/airflow/.local/lib/python3.8/site-packages/airflow/example_dags/example_local_kubernetes_executor.py
[2026-01-21T11:03:36.983+0000] {logging_mixin.py:188} INFO - [2026-01-21T11:03:36.982+0000] {dag.py:3036} INFO - Sync 1 DAGs
[2026-01-21T11:03:37.000+0000] {logging_mixin.py:188} INFO - [2026-01-21T11:03:37.000+0000] {dag.py:3823} INFO - Setting next_dagrun for example_local_kubernetes_executor to None, run_after=None
[2026-01-21T11:03:37.026+0000] {processor.py:183} INFO - Processing /home/airflow/.local/lib/python3.8/site-packages/airflow/example_dags/example_local_kubernetes_executor.py took 0.114 seconds
[2026-01-21T11:04:07.116+0000] {processor.py:161} INFO - Started process (PID=13528) to work on /home/airflow/.local/lib/python3.8/site-packages/airflow/example_dags/example_local_kubernetes_executor.py
[2026-01-21T11:04:07.118+0000] {processor.py:830} INFO - Processing file /home/airflow/.local/lib/python3.8/site-packages/airflow/example_dags/example_local_kubernetes_executor.py for tasks to queue
[2026-01-21T11:04:07.121+0000] {logging_mixin.py:188} INFO - [2026-01-21T11:04:07.120+0000] {dagbag.py:538} INFO - Filling up the DagBag from /home/airflow/.local/lib/python3.8/site-packages/airflow/example_dags/example_local_kubernetes_executor.py
[2026-01-21T11:04:07.134+0000] {processor.py:840} INFO - DAG(s) 'example_local_kubernetes_executor' retrieved from /home/airflow/.local/lib/python3.8/site-packages/airflow/example_dags/example_local_kubernetes_executor.py
[2026-01-21T11:04:07.192+0000] {logging_mixin.py:188} INFO - [2026-01-21T11:04:07.192+0000] {dag.py:3036} INFO - Sync 1 DAGs
[2026-01-21T11:04:07.211+0000] {logging_mixin.py:188} INFO - [2026-01-21T11:04:07.211+0000] {dag.py:3823} INFO - Setting next_dagrun for example_local_kubernetes_executor to None, run_after=None
[2026-01-21T11:04:07.246+0000] {processor.py:183} INFO - Processing /home/airflow/.local/lib/python3.8/site-packages/airflow/example_dags/example_local_kubernetes_executor.py took 0.136 seconds
[2026-01-21T11:04:37.779+0000] {processor.py:161} INFO - Started process (PID=13593) to work on /home/airflow/.local/lib/python3.8/site-packages/airflow/example_dags/example_local_kubernetes_executor.py
[2026-01-21T11:04:37.780+0000] {processor.py:830} INFO - Processing file /home/airflow/.local/lib/python3.8/site-packages/airflow/example_dags/example_local_kubernetes_executor.py for tasks to queue
[2026-01-21T11:04:37.782+0000] {logging_mixin.py:188} INFO - [2026-01-21T11:04:37.782+0000] {dagbag.py:538} INFO - Filling up the DagBag from /home/airflow/.local/lib/python3.8/site-packages/airflow/example_dags/example_local_kubernetes_executor.py
[2026-01-21T11:04:37.792+0000] {processor.py:840} INFO - DAG(s) 'example_local_kubernetes_executor' retrieved from /home/airflow/.local/lib/python3.8/site-packages/airflow/example_dags/example_local_kubernetes_executor.py
[2026-01-21T11:04:37.852+0000] {logging_mixin.py:188} INFO - [2026-01-21T11:04:37.851+0000] {dag.py:3036} INFO - Sync 1 DAGs
[2026-01-21T11:04:37.877+0000] {logging_mixin.py:188} INFO - [2026-01-21T11:04:37.876+0000] {dag.py:3823} INFO - Setting next_dagrun for example_local_kubernetes_executor to None, run_after=None
[2026-01-21T11:04:37.901+0000] {processor.py:183} INFO - Processing /home/airflow/.local/lib/python3.8/site-packages/airflow/example_dags/example_local_kubernetes_executor.py took 0.127 seconds
[2026-01-21T11:05:08.019+0000] {processor.py:161} INFO - Started process (PID=13659) to work on /home/airflow/.local/lib/python3.8/site-packages/airflow/example_dags/example_local_kubernetes_executor.py
[2026-01-21T11:05:08.021+0000] {processor.py:830} INFO - Processing file /home/airflow/.local/lib/python3.8/site-packages/airflow/example_dags/example_local_kubernetes_executor.py for tasks to queue
[2026-01-21T11:05:08.023+0000] {logging_mixin.py:188} INFO - [2026-01-21T11:05:08.023+0000] {dagbag.py:538} INFO - Filling up the DagBag from /home/airflow/.local/lib/python3.8/site-packages/airflow/example_dags/example_local_kubernetes_executor.py
[2026-01-21T11:05:08.034+0000] {processor.py:840} INFO - DAG(s) 'example_local_kubernetes_executor' retrieved from /home/airflow/.local/lib/python3.8/site-packages/airflow/example_dags/example_local_kubernetes_executor.py
[2026-01-21T11:05:08.093+0000] {logging_mixin.py:188} INFO - [2026-01-21T11:05:08.092+0000] {dag.py:3036} INFO - Sync 1 DAGs
[2026-01-21T11:05:08.113+0000] {logging_mixin.py:188} INFO - [2026-01-21T11:05:08.113+0000] {dag.py:3823} INFO - Setting next_dagrun for example_local_kubernetes_executor to None, run_after=None
[2026-01-21T11:05:08.144+0000] {processor.py:183} INFO - Processing /home/airflow/.local/lib/python3.8/site-packages/airflow/example_dags/example_local_kubernetes_executor.py took 0.130 seconds
[2026-01-21T11:05:39.006+0000] {processor.py:161} INFO - Started process (PID=13725) to work on /home/airflow/.local/lib/python3.8/site-packages/airflow/example_dags/example_local_kubernetes_executor.py
[2026-01-21T11:05:39.007+0000] {processor.py:830} INFO - Processing file /home/airflow/.local/lib/python3.8/site-packages/airflow/example_dags/example_local_kubernetes_executor.py for tasks to queue
[2026-01-21T11:05:39.010+0000] {logging_mixin.py:188} INFO - [2026-01-21T11:05:39.009+0000] {dagbag.py:538} INFO - Filling up the DagBag from /home/airflow/.local/lib/python3.8/site-packages/airflow/example_dags/example_local_kubernetes_executor.py
[2026-01-21T11:05:39.020+0000] {processor.py:840} INFO - DAG(s) 'example_local_kubernetes_executor' retrieved from /home/airflow/.local/lib/python3.8/site-packages/airflow/example_dags/example_local_kubernetes_executor.py
[2026-01-21T11:05:39.080+0000] {logging_mixin.py:188} INFO - [2026-01-21T11:05:39.079+0000] {dag.py:3036} INFO - Sync 1 DAGs
[2026-01-21T11:05:39.103+0000] {logging_mixin.py:188} INFO - [2026-01-21T11:05:39.102+0000] {dag.py:3823} INFO - Setting next_dagrun for example_local_kubernetes_executor to None, run_after=None
[2026-01-21T11:05:39.132+0000] {processor.py:183} INFO - Processing /home/airflow/.local/lib/python3.8/site-packages/airflow/example_dags/example_local_kubernetes_executor.py took 0.130 seconds
[2026-01-21T11:06:09.559+0000] {processor.py:161} INFO - Started process (PID=13791) to work on /home/airflow/.local/lib/python3.8/site-packages/airflow/example_dags/example_local_kubernetes_executor.py
[2026-01-21T11:06:09.561+0000] {processor.py:830} INFO - Processing file /home/airflow/.local/lib/python3.8/site-packages/airflow/example_dags/example_local_kubernetes_executor.py for tasks to queue
[2026-01-21T11:06:09.563+0000] {logging_mixin.py:188} INFO - [2026-01-21T11:06:09.562+0000] {dagbag.py:538} INFO - Filling up the DagBag from /home/airflow/.local/lib/python3.8/site-packages/airflow/example_dags/example_local_kubernetes_executor.py
[2026-01-21T11:06:09.573+0000] {processor.py:840} INFO - DAG(s) 'example_local_kubernetes_executor' retrieved from /home/airflow/.local/lib/python3.8/site-packages/airflow/example_dags/example_local_kubernetes_executor.py
[2026-01-21T11:06:09.629+0000] {logging_mixin.py:188} INFO - [2026-01-21T11:06:09.629+0000] {dag.py:3036} INFO - Sync 1 DAGs
[2026-01-21T11:06:09.648+0000] {logging_mixin.py:188} INFO - [2026-01-21T11:06:09.648+0000] {dag.py:3823} INFO - Setting next_dagrun for example_local_kubernetes_executor to None, run_after=None
[2026-01-21T11:06:09.675+0000] {processor.py:183} INFO - Processing /home/airflow/.local/lib/python3.8/site-packages/airflow/example_dags/example_local_kubernetes_executor.py took 0.121 seconds
[2026-01-21T11:06:39.785+0000] {processor.py:161} INFO - Started process (PID=13856) to work on /home/airflow/.local/lib/python3.8/site-packages/airflow/example_dags/example_local_kubernetes_executor.py
[2026-01-21T11:06:39.786+0000] {processor.py:830} INFO - Processing file /home/airflow/.local/lib/python3.8/site-packages/airflow/example_dags/example_local_kubernetes_executor.py for tasks to queue
[2026-01-21T11:06:39.788+0000] {logging_mixin.py:188} INFO - [2026-01-21T11:06:39.788+0000] {dagbag.py:538} INFO - Filling up the DagBag from /home/airflow/.local/lib/python3.8/site-packages/airflow/example_dags/example_local_kubernetes_executor.py
[2026-01-21T11:06:39.798+0000] {processor.py:840} INFO - DAG(s) 'example_local_kubernetes_executor' retrieved from /home/airflow/.local/lib/python3.8/site-packages/airflow/example_dags/example_local_kubernetes_executor.py
[2026-01-21T11:06:39.849+0000] {logging_mixin.py:188} INFO - [2026-01-21T11:06:39.849+0000] {dag.py:3036} INFO - Sync 1 DAGs
[2026-01-21T11:06:39.869+0000] {logging_mixin.py:188} INFO - [2026-01-21T11:06:39.869+0000] {dag.py:3823} INFO - Setting next_dagrun for example_local_kubernetes_executor to None, run_after=None
[2026-01-21T11:06:39.894+0000] {processor.py:183} INFO - Processing /home/airflow/.local/lib/python3.8/site-packages/airflow/example_dags/example_local_kubernetes_executor.py took 0.114 seconds
[2026-01-21T11:07:10.055+0000] {processor.py:161} INFO - Started process (PID=13922) to work on /home/airflow/.local/lib/python3.8/site-packages/airflow/example_dags/example_local_kubernetes_executor.py
[2026-01-21T11:07:10.057+0000] {processor.py:830} INFO - Processing file /home/airflow/.local/lib/python3.8/site-packages/airflow/example_dags/example_local_kubernetes_executor.py for tasks to queue
[2026-01-21T11:07:10.059+0000] {logging_mixin.py:188} INFO - [2026-01-21T11:07:10.058+0000] {dagbag.py:538} INFO - Filling up the DagBag from /home/airflow/.local/lib/python3.8/site-packages/airflow/example_dags/example_local_kubernetes_executor.py
[2026-01-21T11:07:10.069+0000] {processor.py:840} INFO - DAG(s) 'example_local_kubernetes_executor' retrieved from /home/airflow/.local/lib/python3.8/site-packages/airflow/example_dags/example_local_kubernetes_executor.py
[2026-01-21T11:07:10.118+0000] {logging_mixin.py:188} INFO - [2026-01-21T11:07:10.118+0000] {dag.py:3036} INFO - Sync 1 DAGs
[2026-01-21T11:07:10.136+0000] {logging_mixin.py:188} INFO - [2026-01-21T11:07:10.136+0000] {dag.py:3823} INFO - Setting next_dagrun for example_local_kubernetes_executor to None, run_after=None
[2026-01-21T11:07:10.162+0000] {processor.py:183} INFO - Processing /home/airflow/.local/lib/python3.8/site-packages/airflow/example_dags/example_local_kubernetes_executor.py took 0.112 seconds
[2026-01-21T11:07:40.283+0000] {processor.py:161} INFO - Started process (PID=13997) to work on /home/airflow/.local/lib/python3.8/site-packages/airflow/example_dags/example_local_kubernetes_executor.py
[2026-01-21T11:07:40.285+0000] {processor.py:830} INFO - Processing file /home/airflow/.local/lib/python3.8/site-packages/airflow/example_dags/example_local_kubernetes_executor.py for tasks to queue
[2026-01-21T11:07:40.288+0000] {logging_mixin.py:188} INFO - [2026-01-21T11:07:40.287+0000] {dagbag.py:538} INFO - Filling up the DagBag from /home/airflow/.local/lib/python3.8/site-packages/airflow/example_dags/example_local_kubernetes_executor.py
[2026-01-21T11:07:40.300+0000] {processor.py:840} INFO - DAG(s) 'example_local_kubernetes_executor' retrieved from /home/airflow/.local/lib/python3.8/site-packages/airflow/example_dags/example_local_kubernetes_executor.py
[2026-01-21T11:07:40.364+0000] {logging_mixin.py:188} INFO - [2026-01-21T11:07:40.364+0000] {dag.py:3036} INFO - Sync 1 DAGs
[2026-01-21T11:07:40.387+0000] {logging_mixin.py:188} INFO - [2026-01-21T11:07:40.387+0000] {dag.py:3823} INFO - Setting next_dagrun for example_local_kubernetes_executor to None, run_after=None
[2026-01-21T11:07:40.419+0000] {processor.py:183} INFO - Processing /home/airflow/.local/lib/python3.8/site-packages/airflow/example_dags/example_local_kubernetes_executor.py took 0.141 seconds
[2026-01-21T11:08:10.626+0000] {processor.py:161} INFO - Started process (PID=14063) to work on /home/airflow/.local/lib/python3.8/site-packages/airflow/example_dags/example_local_kubernetes_executor.py
[2026-01-21T11:08:10.627+0000] {processor.py:830} INFO - Processing file /home/airflow/.local/lib/python3.8/site-packages/airflow/example_dags/example_local_kubernetes_executor.py for tasks to queue
[2026-01-21T11:08:10.630+0000] {logging_mixin.py:188} INFO - [2026-01-21T11:08:10.630+0000] {dagbag.py:538} INFO - Filling up the DagBag from /home/airflow/.local/lib/python3.8/site-packages/airflow/example_dags/example_local_kubernetes_executor.py
[2026-01-21T11:08:10.653+0000] {processor.py:840} INFO - DAG(s) 'example_local_kubernetes_executor' retrieved from /home/airflow/.local/lib/python3.8/site-packages/airflow/example_dags/example_local_kubernetes_executor.py
[2026-01-21T11:08:10.707+0000] {logging_mixin.py:188} INFO - [2026-01-21T11:08:10.707+0000] {dag.py:3036} INFO - Sync 1 DAGs
[2026-01-21T11:08:10.725+0000] {logging_mixin.py:188} INFO - [2026-01-21T11:08:10.725+0000] {dag.py:3823} INFO - Setting next_dagrun for example_local_kubernetes_executor to None, run_after=None
[2026-01-21T11:08:10.753+0000] {processor.py:183} INFO - Processing /home/airflow/.local/lib/python3.8/site-packages/airflow/example_dags/example_local_kubernetes_executor.py took 0.133 seconds
[2026-01-21T11:08:40.932+0000] {processor.py:161} INFO - Started process (PID=14128) to work on /home/airflow/.local/lib/python3.8/site-packages/airflow/example_dags/example_local_kubernetes_executor.py
[2026-01-21T11:08:40.934+0000] {processor.py:830} INFO - Processing file /home/airflow/.local/lib/python3.8/site-packages/airflow/example_dags/example_local_kubernetes_executor.py for tasks to queue
[2026-01-21T11:08:40.936+0000] {logging_mixin.py:188} INFO - [2026-01-21T11:08:40.936+0000] {dagbag.py:538} INFO - Filling up the DagBag from /home/airflow/.local/lib/python3.8/site-packages/airflow/example_dags/example_local_kubernetes_executor.py
[2026-01-21T11:08:40.949+0000] {processor.py:840} INFO - DAG(s) 'example_local_kubernetes_executor' retrieved from /home/airflow/.local/lib/python3.8/site-packages/airflow/example_dags/example_local_kubernetes_executor.py
[2026-01-21T11:08:41.013+0000] {logging_mixin.py:188} INFO - [2026-01-21T11:08:41.012+0000] {dag.py:3036} INFO - Sync 1 DAGs
[2026-01-21T11:08:41.039+0000] {logging_mixin.py:188} INFO - [2026-01-21T11:08:41.038+0000] {dag.py:3823} INFO - Setting next_dagrun for example_local_kubernetes_executor to None, run_after=None
[2026-01-21T11:08:41.071+0000] {processor.py:183} INFO - Processing /home/airflow/.local/lib/python3.8/site-packages/airflow/example_dags/example_local_kubernetes_executor.py took 0.145 seconds
[2026-01-21T11:09:11.380+0000] {processor.py:161} INFO - Started process (PID=14194) to work on /home/airflow/.local/lib/python3.8/site-packages/airflow/example_dags/example_local_kubernetes_executor.py
[2026-01-21T11:09:11.382+0000] {processor.py:830} INFO - Processing file /home/airflow/.local/lib/python3.8/site-packages/airflow/example_dags/example_local_kubernetes_executor.py for tasks to queue
[2026-01-21T11:09:11.384+0000] {logging_mixin.py:188} INFO - [2026-01-21T11:09:11.383+0000] {dagbag.py:538} INFO - Filling up the DagBag from /home/airflow/.local/lib/python3.8/site-packages/airflow/example_dags/example_local_kubernetes_executor.py
[2026-01-21T11:09:11.394+0000] {processor.py:840} INFO - DAG(s) 'example_local_kubernetes_executor' retrieved from /home/airflow/.local/lib/python3.8/site-packages/airflow/example_dags/example_local_kubernetes_executor.py
[2026-01-21T11:09:11.445+0000] {logging_mixin.py:188} INFO - [2026-01-21T11:09:11.444+0000] {dag.py:3036} INFO - Sync 1 DAGs
[2026-01-21T11:09:11.466+0000] {logging_mixin.py:188} INFO - [2026-01-21T11:09:11.466+0000] {dag.py:3823} INFO - Setting next_dagrun for example_local_kubernetes_executor to None, run_after=None
[2026-01-21T11:09:11.498+0000] {processor.py:183} INFO - Processing /home/airflow/.local/lib/python3.8/site-packages/airflow/example_dags/example_local_kubernetes_executor.py took 0.123 seconds
[2026-01-21T11:09:41.807+0000] {processor.py:161} INFO - Started process (PID=14259) to work on /home/airflow/.local/lib/python3.8/site-packages/airflow/example_dags/example_local_kubernetes_executor.py
[2026-01-21T11:09:41.809+0000] {processor.py:830} INFO - Processing file /home/airflow/.local/lib/python3.8/site-packages/airflow/example_dags/example_local_kubernetes_executor.py for tasks to queue
[2026-01-21T11:09:41.812+0000] {logging_mixin.py:188} INFO - [2026-01-21T11:09:41.811+0000] {dagbag.py:538} INFO - Filling up the DagBag from /home/airflow/.local/lib/python3.8/site-packages/airflow/example_dags/example_local_kubernetes_executor.py
[2026-01-21T11:09:41.824+0000] {processor.py:840} INFO - DAG(s) 'example_local_kubernetes_executor' retrieved from /home/airflow/.local/lib/python3.8/site-packages/airflow/example_dags/example_local_kubernetes_executor.py
[2026-01-21T11:09:41.887+0000] {logging_mixin.py:188} INFO - [2026-01-21T11:09:41.887+0000] {dag.py:3036} INFO - Sync 1 DAGs
[2026-01-21T11:09:41.911+0000] {logging_mixin.py:188} INFO - [2026-01-21T11:09:41.910+0000] {dag.py:3823} INFO - Setting next_dagrun for example_local_kubernetes_executor to None, run_after=None
[2026-01-21T11:09:41.941+0000] {processor.py:183} INFO - Processing /home/airflow/.local/lib/python3.8/site-packages/airflow/example_dags/example_local_kubernetes_executor.py took 0.141 seconds
[2026-01-21T11:10:12.088+0000] {processor.py:161} INFO - Started process (PID=14324) to work on /home/airflow/.local/lib/python3.8/site-packages/airflow/example_dags/example_local_kubernetes_executor.py
[2026-01-21T11:10:12.090+0000] {processor.py:830} INFO - Processing file /home/airflow/.local/lib/python3.8/site-packages/airflow/example_dags/example_local_kubernetes_executor.py for tasks to queue
[2026-01-21T11:10:12.092+0000] {logging_mixin.py:188} INFO - [2026-01-21T11:10:12.092+0000] {dagbag.py:538} INFO - Filling up the DagBag from /home/airflow/.local/lib/python3.8/site-packages/airflow/example_dags/example_local_kubernetes_executor.py
[2026-01-21T11:10:12.103+0000] {processor.py:840} INFO - DAG(s) 'example_local_kubernetes_executor' retrieved from /home/airflow/.local/lib/python3.8/site-packages/airflow/example_dags/example_local_kubernetes_executor.py
[2026-01-21T11:10:12.157+0000] {logging_mixin.py:188} INFO - [2026-01-21T11:10:12.157+0000] {dag.py:3036} INFO - Sync 1 DAGs
[2026-01-21T11:10:12.177+0000] {logging_mixin.py:188} INFO - [2026-01-21T11:10:12.177+0000] {dag.py:3823} INFO - Setting next_dagrun for example_local_kubernetes_executor to None, run_after=None
[2026-01-21T11:10:12.205+0000] {processor.py:183} INFO - Processing /home/airflow/.local/lib/python3.8/site-packages/airflow/example_dags/example_local_kubernetes_executor.py took 0.122 seconds
[2026-01-21T11:10:42.310+0000] {processor.py:161} INFO - Started process (PID=14391) to work on /home/airflow/.local/lib/python3.8/site-packages/airflow/example_dags/example_local_kubernetes_executor.py
[2026-01-21T11:10:42.311+0000] {processor.py:830} INFO - Processing file /home/airflow/.local/lib/python3.8/site-packages/airflow/example_dags/example_local_kubernetes_executor.py for tasks to queue
[2026-01-21T11:10:42.314+0000] {logging_mixin.py:188} INFO - [2026-01-21T11:10:42.314+0000] {dagbag.py:538} INFO - Filling up the DagBag from /home/airflow/.local/lib/python3.8/site-packages/airflow/example_dags/example_local_kubernetes_executor.py
[2026-01-21T11:10:42.327+0000] {processor.py:840} INFO - DAG(s) 'example_local_kubernetes_executor' retrieved from /home/airflow/.local/lib/python3.8/site-packages/airflow/example_dags/example_local_kubernetes_executor.py
[2026-01-21T11:10:42.393+0000] {logging_mixin.py:188} INFO - [2026-01-21T11:10:42.392+0000] {dag.py:3036} INFO - Sync 1 DAGs
[2026-01-21T11:10:42.417+0000] {logging_mixin.py:188} INFO - [2026-01-21T11:10:42.417+0000] {dag.py:3823} INFO - Setting next_dagrun for example_local_kubernetes_executor to None, run_after=None
[2026-01-21T11:10:42.449+0000] {processor.py:183} INFO - Processing /home/airflow/.local/lib/python3.8/site-packages/airflow/example_dags/example_local_kubernetes_executor.py took 0.145 seconds
[2026-01-21T11:11:12.649+0000] {processor.py:161} INFO - Started process (PID=14465) to work on /home/airflow/.local/lib/python3.8/site-packages/airflow/example_dags/example_local_kubernetes_executor.py
[2026-01-21T11:11:12.661+0000] {processor.py:830} INFO - Processing file /home/airflow/.local/lib/python3.8/site-packages/airflow/example_dags/example_local_kubernetes_executor.py for tasks to queue
[2026-01-21T11:11:12.664+0000] {logging_mixin.py:188} INFO - [2026-01-21T11:11:12.663+0000] {dagbag.py:538} INFO - Filling up the DagBag from /home/airflow/.local/lib/python3.8/site-packages/airflow/example_dags/example_local_kubernetes_executor.py
[2026-01-21T11:11:12.693+0000] {processor.py:840} INFO - DAG(s) 'example_local_kubernetes_executor' retrieved from /home/airflow/.local/lib/python3.8/site-packages/airflow/example_dags/example_local_kubernetes_executor.py
[2026-01-21T11:11:12.874+0000] {logging_mixin.py:188} INFO - [2026-01-21T11:11:12.873+0000] {dag.py:3036} INFO - Sync 1 DAGs
[2026-01-21T11:11:12.917+0000] {logging_mixin.py:188} INFO - [2026-01-21T11:11:12.917+0000] {dag.py:3823} INFO - Setting next_dagrun for example_local_kubernetes_executor to None, run_after=None
[2026-01-21T11:11:12.991+0000] {processor.py:183} INFO - Processing /home/airflow/.local/lib/python3.8/site-packages/airflow/example_dags/example_local_kubernetes_executor.py took 0.348 seconds
[2026-01-21T11:11:43.204+0000] {processor.py:161} INFO - Started process (PID=14532) to work on /home/airflow/.local/lib/python3.8/site-packages/airflow/example_dags/example_local_kubernetes_executor.py
[2026-01-21T11:11:43.217+0000] {processor.py:830} INFO - Processing file /home/airflow/.local/lib/python3.8/site-packages/airflow/example_dags/example_local_kubernetes_executor.py for tasks to queue
[2026-01-21T11:11:43.220+0000] {logging_mixin.py:188} INFO - [2026-01-21T11:11:43.220+0000] {dagbag.py:538} INFO - Filling up the DagBag from /home/airflow/.local/lib/python3.8/site-packages/airflow/example_dags/example_local_kubernetes_executor.py
[2026-01-21T11:11:43.245+0000] {processor.py:840} INFO - DAG(s) 'example_local_kubernetes_executor' retrieved from /home/airflow/.local/lib/python3.8/site-packages/airflow/example_dags/example_local_kubernetes_executor.py
[2026-01-21T11:11:43.371+0000] {logging_mixin.py:188} INFO - [2026-01-21T11:11:43.371+0000] {dag.py:3036} INFO - Sync 1 DAGs
[2026-01-21T11:11:43.395+0000] {logging_mixin.py:188} INFO - [2026-01-21T11:11:43.394+0000] {dag.py:3823} INFO - Setting next_dagrun for example_local_kubernetes_executor to None, run_after=None
[2026-01-21T11:11:43.438+0000] {processor.py:183} INFO - Processing /home/airflow/.local/lib/python3.8/site-packages/airflow/example_dags/example_local_kubernetes_executor.py took 0.240 seconds
[2026-01-21T11:12:13.558+0000] {processor.py:161} INFO - Started process (PID=14599) to work on /home/airflow/.local/lib/python3.8/site-packages/airflow/example_dags/example_local_kubernetes_executor.py
[2026-01-21T11:12:13.560+0000] {processor.py:830} INFO - Processing file /home/airflow/.local/lib/python3.8/site-packages/airflow/example_dags/example_local_kubernetes_executor.py for tasks to queue
[2026-01-21T11:12:13.562+0000] {logging_mixin.py:188} INFO - [2026-01-21T11:12:13.562+0000] {dagbag.py:538} INFO - Filling up the DagBag from /home/airflow/.local/lib/python3.8/site-packages/airflow/example_dags/example_local_kubernetes_executor.py
[2026-01-21T11:12:13.574+0000] {processor.py:840} INFO - DAG(s) 'example_local_kubernetes_executor' retrieved from /home/airflow/.local/lib/python3.8/site-packages/airflow/example_dags/example_local_kubernetes_executor.py
[2026-01-21T11:12:13.639+0000] {logging_mixin.py:188} INFO - [2026-01-21T11:12:13.638+0000] {dag.py:3036} INFO - Sync 1 DAGs
[2026-01-21T11:12:13.662+0000] {logging_mixin.py:188} INFO - [2026-01-21T11:12:13.662+0000] {dag.py:3823} INFO - Setting next_dagrun for example_local_kubernetes_executor to None, run_after=None
[2026-01-21T11:12:13.693+0000] {processor.py:183} INFO - Processing /home/airflow/.local/lib/python3.8/site-packages/airflow/example_dags/example_local_kubernetes_executor.py took 0.140 seconds
[2026-01-21T11:12:43.858+0000] {processor.py:161} INFO - Started process (PID=14666) to work on /home/airflow/.local/lib/python3.8/site-packages/airflow/example_dags/example_local_kubernetes_executor.py
[2026-01-21T11:12:43.860+0000] {processor.py:830} INFO - Processing file /home/airflow/.local/lib/python3.8/site-packages/airflow/example_dags/example_local_kubernetes_executor.py for tasks to queue
[2026-01-21T11:12:43.862+0000] {logging_mixin.py:188} INFO - [2026-01-21T11:12:43.862+0000] {dagbag.py:538} INFO - Filling up the DagBag from /home/airflow/.local/lib/python3.8/site-packages/airflow/example_dags/example_local_kubernetes_executor.py
[2026-01-21T11:12:43.872+0000] {processor.py:840} INFO - DAG(s) 'example_local_kubernetes_executor' retrieved from /home/airflow/.local/lib/python3.8/site-packages/airflow/example_dags/example_local_kubernetes_executor.py
[2026-01-21T11:12:43.926+0000] {logging_mixin.py:188} INFO - [2026-01-21T11:12:43.925+0000] {dag.py:3036} INFO - Sync 1 DAGs
[2026-01-21T11:12:43.945+0000] {logging_mixin.py:188} INFO - [2026-01-21T11:12:43.945+0000] {dag.py:3823} INFO - Setting next_dagrun for example_local_kubernetes_executor to None, run_after=None
[2026-01-21T11:12:43.971+0000] {processor.py:183} INFO - Processing /home/airflow/.local/lib/python3.8/site-packages/airflow/example_dags/example_local_kubernetes_executor.py took 0.118 seconds
[2026-01-21T11:13:14.195+0000] {processor.py:161} INFO - Started process (PID=14732) to work on /home/airflow/.local/lib/python3.8/site-packages/airflow/example_dags/example_local_kubernetes_executor.py
[2026-01-21T11:13:14.196+0000] {processor.py:830} INFO - Processing file /home/airflow/.local/lib/python3.8/site-packages/airflow/example_dags/example_local_kubernetes_executor.py for tasks to queue
[2026-01-21T11:13:14.199+0000] {logging_mixin.py:188} INFO - [2026-01-21T11:13:14.198+0000] {dagbag.py:538} INFO - Filling up the DagBag from /home/airflow/.local/lib/python3.8/site-packages/airflow/example_dags/example_local_kubernetes_executor.py
[2026-01-21T11:13:14.211+0000] {processor.py:840} INFO - DAG(s) 'example_local_kubernetes_executor' retrieved from /home/airflow/.local/lib/python3.8/site-packages/airflow/example_dags/example_local_kubernetes_executor.py
[2026-01-21T11:13:14.264+0000] {logging_mixin.py:188} INFO - [2026-01-21T11:13:14.263+0000] {dag.py:3036} INFO - Sync 1 DAGs
[2026-01-21T11:13:14.282+0000] {logging_mixin.py:188} INFO - [2026-01-21T11:13:14.281+0000] {dag.py:3823} INFO - Setting next_dagrun for example_local_kubernetes_executor to None, run_after=None
[2026-01-21T11:13:14.309+0000] {processor.py:183} INFO - Processing /home/airflow/.local/lib/python3.8/site-packages/airflow/example_dags/example_local_kubernetes_executor.py took 0.120 seconds
[2026-01-21T11:13:44.417+0000] {processor.py:161} INFO - Started process (PID=14798) to work on /home/airflow/.local/lib/python3.8/site-packages/airflow/example_dags/example_local_kubernetes_executor.py
[2026-01-21T11:13:44.419+0000] {processor.py:830} INFO - Processing file /home/airflow/.local/lib/python3.8/site-packages/airflow/example_dags/example_local_kubernetes_executor.py for tasks to queue
[2026-01-21T11:13:44.421+0000] {logging_mixin.py:188} INFO - [2026-01-21T11:13:44.421+0000] {dagbag.py:538} INFO - Filling up the DagBag from /home/airflow/.local/lib/python3.8/site-packages/airflow/example_dags/example_local_kubernetes_executor.py
[2026-01-21T11:13:44.431+0000] {processor.py:840} INFO - DAG(s) 'example_local_kubernetes_executor' retrieved from /home/airflow/.local/lib/python3.8/site-packages/airflow/example_dags/example_local_kubernetes_executor.py
[2026-01-21T11:13:44.481+0000] {logging_mixin.py:188} INFO - [2026-01-21T11:13:44.481+0000] {dag.py:3036} INFO - Sync 1 DAGs
[2026-01-21T11:13:44.499+0000] {logging_mixin.py:188} INFO - [2026-01-21T11:13:44.499+0000] {dag.py:3823} INFO - Setting next_dagrun for example_local_kubernetes_executor to None, run_after=None
[2026-01-21T11:13:44.523+0000] {processor.py:183} INFO - Processing /home/airflow/.local/lib/python3.8/site-packages/airflow/example_dags/example_local_kubernetes_executor.py took 0.110 seconds
[2026-01-21T11:14:14.612+0000] {processor.py:161} INFO - Started process (PID=14864) to work on /home/airflow/.local/lib/python3.8/site-packages/airflow/example_dags/example_local_kubernetes_executor.py
[2026-01-21T11:14:14.613+0000] {processor.py:830} INFO - Processing file /home/airflow/.local/lib/python3.8/site-packages/airflow/example_dags/example_local_kubernetes_executor.py for tasks to queue
[2026-01-21T11:14:14.615+0000] {logging_mixin.py:188} INFO - [2026-01-21T11:14:14.615+0000] {dagbag.py:538} INFO - Filling up the DagBag from /home/airflow/.local/lib/python3.8/site-packages/airflow/example_dags/example_local_kubernetes_executor.py
[2026-01-21T11:14:14.626+0000] {processor.py:840} INFO - DAG(s) 'example_local_kubernetes_executor' retrieved from /home/airflow/.local/lib/python3.8/site-packages/airflow/example_dags/example_local_kubernetes_executor.py
[2026-01-21T11:14:14.675+0000] {logging_mixin.py:188} INFO - [2026-01-21T11:14:14.675+0000] {dag.py:3036} INFO - Sync 1 DAGs
[2026-01-21T11:14:14.693+0000] {logging_mixin.py:188} INFO - [2026-01-21T11:14:14.692+0000] {dag.py:3823} INFO - Setting next_dagrun for example_local_kubernetes_executor to None, run_after=None
[2026-01-21T11:14:14.716+0000] {processor.py:183} INFO - Processing /home/airflow/.local/lib/python3.8/site-packages/airflow/example_dags/example_local_kubernetes_executor.py took 0.108 seconds
[2026-01-21T11:14:45.454+0000] {processor.py:161} INFO - Started process (PID=14931) to work on /home/airflow/.local/lib/python3.8/site-packages/airflow/example_dags/example_local_kubernetes_executor.py
[2026-01-21T11:14:45.456+0000] {processor.py:830} INFO - Processing file /home/airflow/.local/lib/python3.8/site-packages/airflow/example_dags/example_local_kubernetes_executor.py for tasks to queue
[2026-01-21T11:14:45.458+0000] {logging_mixin.py:188} INFO - [2026-01-21T11:14:45.458+0000] {dagbag.py:538} INFO - Filling up the DagBag from /home/airflow/.local/lib/python3.8/site-packages/airflow/example_dags/example_local_kubernetes_executor.py
[2026-01-21T11:14:45.471+0000] {processor.py:840} INFO - DAG(s) 'example_local_kubernetes_executor' retrieved from /home/airflow/.local/lib/python3.8/site-packages/airflow/example_dags/example_local_kubernetes_executor.py
[2026-01-21T11:14:45.550+0000] {logging_mixin.py:188} INFO - [2026-01-21T11:14:45.549+0000] {dag.py:3036} INFO - Sync 1 DAGs
[2026-01-21T11:14:45.571+0000] {logging_mixin.py:188} INFO - [2026-01-21T11:14:45.571+0000] {dag.py:3823} INFO - Setting next_dagrun for example_local_kubernetes_executor to None, run_after=None
[2026-01-21T11:14:45.601+0000] {processor.py:183} INFO - Processing /home/airflow/.local/lib/python3.8/site-packages/airflow/example_dags/example_local_kubernetes_executor.py took 0.152 seconds
[2026-01-21T11:15:15.788+0000] {processor.py:161} INFO - Started process (PID=15005) to work on /home/airflow/.local/lib/python3.8/site-packages/airflow/example_dags/example_local_kubernetes_executor.py
[2026-01-21T11:15:15.790+0000] {processor.py:830} INFO - Processing file /home/airflow/.local/lib/python3.8/site-packages/airflow/example_dags/example_local_kubernetes_executor.py for tasks to queue
[2026-01-21T11:15:15.793+0000] {logging_mixin.py:188} INFO - [2026-01-21T11:15:15.792+0000] {dagbag.py:538} INFO - Filling up the DagBag from /home/airflow/.local/lib/python3.8/site-packages/airflow/example_dags/example_local_kubernetes_executor.py
[2026-01-21T11:15:15.805+0000] {processor.py:840} INFO - DAG(s) 'example_local_kubernetes_executor' retrieved from /home/airflow/.local/lib/python3.8/site-packages/airflow/example_dags/example_local_kubernetes_executor.py
[2026-01-21T11:15:15.857+0000] {logging_mixin.py:188} INFO - [2026-01-21T11:15:15.857+0000] {dag.py:3036} INFO - Sync 1 DAGs
[2026-01-21T11:15:15.875+0000] {logging_mixin.py:188} INFO - [2026-01-21T11:15:15.875+0000] {dag.py:3823} INFO - Setting next_dagrun for example_local_kubernetes_executor to None, run_after=None
[2026-01-21T11:15:15.902+0000] {processor.py:183} INFO - Processing /home/airflow/.local/lib/python3.8/site-packages/airflow/example_dags/example_local_kubernetes_executor.py took 0.119 seconds
[2026-01-21T11:15:45.966+0000] {processor.py:161} INFO - Started process (PID=15069) to work on /home/airflow/.local/lib/python3.8/site-packages/airflow/example_dags/example_local_kubernetes_executor.py
[2026-01-21T11:15:45.967+0000] {processor.py:830} INFO - Processing file /home/airflow/.local/lib/python3.8/site-packages/airflow/example_dags/example_local_kubernetes_executor.py for tasks to queue
[2026-01-21T11:15:45.969+0000] {logging_mixin.py:188} INFO - [2026-01-21T11:15:45.969+0000] {dagbag.py:538} INFO - Filling up the DagBag from /home/airflow/.local/lib/python3.8/site-packages/airflow/example_dags/example_local_kubernetes_executor.py
[2026-01-21T11:15:45.979+0000] {processor.py:840} INFO - DAG(s) 'example_local_kubernetes_executor' retrieved from /home/airflow/.local/lib/python3.8/site-packages/airflow/example_dags/example_local_kubernetes_executor.py
[2026-01-21T11:15:46.029+0000] {logging_mixin.py:188} INFO - [2026-01-21T11:15:46.028+0000] {dag.py:3036} INFO - Sync 1 DAGs
[2026-01-21T11:15:46.048+0000] {logging_mixin.py:188} INFO - [2026-01-21T11:15:46.047+0000] {dag.py:3823} INFO - Setting next_dagrun for example_local_kubernetes_executor to None, run_after=None
[2026-01-21T11:15:46.072+0000] {processor.py:183} INFO - Processing /home/airflow/.local/lib/python3.8/site-packages/airflow/example_dags/example_local_kubernetes_executor.py took 0.110 seconds
[2026-01-21T11:16:16.824+0000] {processor.py:161} INFO - Started process (PID=15134) to work on /home/airflow/.local/lib/python3.8/site-packages/airflow/example_dags/example_local_kubernetes_executor.py
[2026-01-21T11:16:16.826+0000] {processor.py:830} INFO - Processing file /home/airflow/.local/lib/python3.8/site-packages/airflow/example_dags/example_local_kubernetes_executor.py for tasks to queue
[2026-01-21T11:16:16.829+0000] {logging_mixin.py:188} INFO - [2026-01-21T11:16:16.829+0000] {dagbag.py:538} INFO - Filling up the DagBag from /home/airflow/.local/lib/python3.8/site-packages/airflow/example_dags/example_local_kubernetes_executor.py
[2026-01-21T11:16:16.842+0000] {processor.py:840} INFO - DAG(s) 'example_local_kubernetes_executor' retrieved from /home/airflow/.local/lib/python3.8/site-packages/airflow/example_dags/example_local_kubernetes_executor.py
[2026-01-21T11:16:16.906+0000] {logging_mixin.py:188} INFO - [2026-01-21T11:16:16.906+0000] {dag.py:3036} INFO - Sync 1 DAGs
[2026-01-21T11:16:16.931+0000] {logging_mixin.py:188} INFO - [2026-01-21T11:16:16.930+0000] {dag.py:3823} INFO - Setting next_dagrun for example_local_kubernetes_executor to None, run_after=None
[2026-01-21T11:16:16.962+0000] {processor.py:183} INFO - Processing /home/airflow/.local/lib/python3.8/site-packages/airflow/example_dags/example_local_kubernetes_executor.py took 0.144 seconds
[2026-01-21T11:16:47.125+0000] {processor.py:161} INFO - Started process (PID=15199) to work on /home/airflow/.local/lib/python3.8/site-packages/airflow/example_dags/example_local_kubernetes_executor.py
[2026-01-21T11:16:47.127+0000] {processor.py:830} INFO - Processing file /home/airflow/.local/lib/python3.8/site-packages/airflow/example_dags/example_local_kubernetes_executor.py for tasks to queue
[2026-01-21T11:16:47.130+0000] {logging_mixin.py:188} INFO - [2026-01-21T11:16:47.129+0000] {dagbag.py:538} INFO - Filling up the DagBag from /home/airflow/.local/lib/python3.8/site-packages/airflow/example_dags/example_local_kubernetes_executor.py
[2026-01-21T11:16:47.143+0000] {processor.py:840} INFO - DAG(s) 'example_local_kubernetes_executor' retrieved from /home/airflow/.local/lib/python3.8/site-packages/airflow/example_dags/example_local_kubernetes_executor.py
[2026-01-21T11:16:47.203+0000] {logging_mixin.py:188} INFO - [2026-01-21T11:16:47.203+0000] {dag.py:3036} INFO - Sync 1 DAGs
[2026-01-21T11:16:47.226+0000] {logging_mixin.py:188} INFO - [2026-01-21T11:16:47.226+0000] {dag.py:3823} INFO - Setting next_dagrun for example_local_kubernetes_executor to None, run_after=None
[2026-01-21T11:16:47.261+0000] {processor.py:183} INFO - Processing /home/airflow/.local/lib/python3.8/site-packages/airflow/example_dags/example_local_kubernetes_executor.py took 0.142 seconds
[2026-01-21T11:17:17.632+0000] {processor.py:161} INFO - Started process (PID=15265) to work on /home/airflow/.local/lib/python3.8/site-packages/airflow/example_dags/example_local_kubernetes_executor.py
[2026-01-21T11:17:17.633+0000] {processor.py:830} INFO - Processing file /home/airflow/.local/lib/python3.8/site-packages/airflow/example_dags/example_local_kubernetes_executor.py for tasks to queue
[2026-01-21T11:17:17.636+0000] {logging_mixin.py:188} INFO - [2026-01-21T11:17:17.635+0000] {dagbag.py:538} INFO - Filling up the DagBag from /home/airflow/.local/lib/python3.8/site-packages/airflow/example_dags/example_local_kubernetes_executor.py
[2026-01-21T11:17:17.646+0000] {processor.py:840} INFO - DAG(s) 'example_local_kubernetes_executor' retrieved from /home/airflow/.local/lib/python3.8/site-packages/airflow/example_dags/example_local_kubernetes_executor.py
[2026-01-21T11:17:17.702+0000] {logging_mixin.py:188} INFO - [2026-01-21T11:17:17.701+0000] {dag.py:3036} INFO - Sync 1 DAGs
[2026-01-21T11:17:17.720+0000] {logging_mixin.py:188} INFO - [2026-01-21T11:17:17.720+0000] {dag.py:3823} INFO - Setting next_dagrun for example_local_kubernetes_executor to None, run_after=None
[2026-01-21T11:17:17.746+0000] {processor.py:183} INFO - Processing /home/airflow/.local/lib/python3.8/site-packages/airflow/example_dags/example_local_kubernetes_executor.py took 0.119 seconds
[2026-01-21T11:17:47.876+0000] {processor.py:161} INFO - Started process (PID=15331) to work on /home/airflow/.local/lib/python3.8/site-packages/airflow/example_dags/example_local_kubernetes_executor.py
[2026-01-21T11:17:47.878+0000] {processor.py:830} INFO - Processing file /home/airflow/.local/lib/python3.8/site-packages/airflow/example_dags/example_local_kubernetes_executor.py for tasks to queue
[2026-01-21T11:17:47.881+0000] {logging_mixin.py:188} INFO - [2026-01-21T11:17:47.880+0000] {dagbag.py:538} INFO - Filling up the DagBag from /home/airflow/.local/lib/python3.8/site-packages/airflow/example_dags/example_local_kubernetes_executor.py
[2026-01-21T11:17:47.891+0000] {processor.py:840} INFO - DAG(s) 'example_local_kubernetes_executor' retrieved from /home/airflow/.local/lib/python3.8/site-packages/airflow/example_dags/example_local_kubernetes_executor.py
[2026-01-21T11:17:47.950+0000] {logging_mixin.py:188} INFO - [2026-01-21T11:17:47.949+0000] {dag.py:3036} INFO - Sync 1 DAGs
[2026-01-21T11:17:47.968+0000] {logging_mixin.py:188} INFO - [2026-01-21T11:17:47.968+0000] {dag.py:3823} INFO - Setting next_dagrun for example_local_kubernetes_executor to None, run_after=None
[2026-01-21T11:17:47.996+0000] {processor.py:183} INFO - Processing /home/airflow/.local/lib/python3.8/site-packages/airflow/example_dags/example_local_kubernetes_executor.py took 0.124 seconds
[2026-01-21T11:18:18.133+0000] {processor.py:161} INFO - Started process (PID=15405) to work on /home/airflow/.local/lib/python3.8/site-packages/airflow/example_dags/example_local_kubernetes_executor.py
[2026-01-21T11:18:18.134+0000] {processor.py:830} INFO - Processing file /home/airflow/.local/lib/python3.8/site-packages/airflow/example_dags/example_local_kubernetes_executor.py for tasks to queue
[2026-01-21T11:18:18.137+0000] {logging_mixin.py:188} INFO - [2026-01-21T11:18:18.136+0000] {dagbag.py:538} INFO - Filling up the DagBag from /home/airflow/.local/lib/python3.8/site-packages/airflow/example_dags/example_local_kubernetes_executor.py
[2026-01-21T11:18:18.150+0000] {processor.py:840} INFO - DAG(s) 'example_local_kubernetes_executor' retrieved from /home/airflow/.local/lib/python3.8/site-packages/airflow/example_dags/example_local_kubernetes_executor.py
[2026-01-21T11:18:18.218+0000] {logging_mixin.py:188} INFO - [2026-01-21T11:18:18.218+0000] {dag.py:3036} INFO - Sync 1 DAGs
[2026-01-21T11:18:18.243+0000] {logging_mixin.py:188} INFO - [2026-01-21T11:18:18.242+0000] {dag.py:3823} INFO - Setting next_dagrun for example_local_kubernetes_executor to None, run_after=None
[2026-01-21T11:18:18.276+0000] {processor.py:183} INFO - Processing /home/airflow/.local/lib/python3.8/site-packages/airflow/example_dags/example_local_kubernetes_executor.py took 0.157 seconds
[2026-01-21T11:18:48.615+0000] {processor.py:161} INFO - Started process (PID=15472) to work on /home/airflow/.local/lib/python3.8/site-packages/airflow/example_dags/example_local_kubernetes_executor.py
[2026-01-21T11:18:48.617+0000] {processor.py:830} INFO - Processing file /home/airflow/.local/lib/python3.8/site-packages/airflow/example_dags/example_local_kubernetes_executor.py for tasks to queue
[2026-01-21T11:18:48.620+0000] {logging_mixin.py:188} INFO - [2026-01-21T11:18:48.619+0000] {dagbag.py:538} INFO - Filling up the DagBag from /home/airflow/.local/lib/python3.8/site-packages/airflow/example_dags/example_local_kubernetes_executor.py
[2026-01-21T11:18:48.640+0000] {processor.py:840} INFO - DAG(s) 'example_local_kubernetes_executor' retrieved from /home/airflow/.local/lib/python3.8/site-packages/airflow/example_dags/example_local_kubernetes_executor.py
[2026-01-21T11:18:48.724+0000] {logging_mixin.py:188} INFO - [2026-01-21T11:18:48.723+0000] {dag.py:3036} INFO - Sync 1 DAGs
[2026-01-21T11:18:48.747+0000] {logging_mixin.py:188} INFO - [2026-01-21T11:18:48.747+0000] {dag.py:3823} INFO - Setting next_dagrun for example_local_kubernetes_executor to None, run_after=None
[2026-01-21T11:18:48.779+0000] {processor.py:183} INFO - Processing /home/airflow/.local/lib/python3.8/site-packages/airflow/example_dags/example_local_kubernetes_executor.py took 0.170 seconds
[2026-01-21T11:19:19.060+0000] {processor.py:161} INFO - Started process (PID=15537) to work on /home/airflow/.local/lib/python3.8/site-packages/airflow/example_dags/example_local_kubernetes_executor.py
[2026-01-21T11:19:19.062+0000] {processor.py:830} INFO - Processing file /home/airflow/.local/lib/python3.8/site-packages/airflow/example_dags/example_local_kubernetes_executor.py for tasks to queue
[2026-01-21T11:19:19.064+0000] {logging_mixin.py:188} INFO - [2026-01-21T11:19:19.063+0000] {dagbag.py:538} INFO - Filling up the DagBag from /home/airflow/.local/lib/python3.8/site-packages/airflow/example_dags/example_local_kubernetes_executor.py
[2026-01-21T11:19:19.074+0000] {processor.py:840} INFO - DAG(s) 'example_local_kubernetes_executor' retrieved from /home/airflow/.local/lib/python3.8/site-packages/airflow/example_dags/example_local_kubernetes_executor.py
[2026-01-21T11:19:19.123+0000] {logging_mixin.py:188} INFO - [2026-01-21T11:19:19.123+0000] {dag.py:3036} INFO - Sync 1 DAGs
[2026-01-21T11:19:19.143+0000] {logging_mixin.py:188} INFO - [2026-01-21T11:19:19.142+0000] {dag.py:3823} INFO - Setting next_dagrun for example_local_kubernetes_executor to None, run_after=None
[2026-01-21T11:19:19.169+0000] {processor.py:183} INFO - Processing /home/airflow/.local/lib/python3.8/site-packages/airflow/example_dags/example_local_kubernetes_executor.py took 0.113 seconds
[2026-01-21T11:19:49.340+0000] {processor.py:161} INFO - Started process (PID=15602) to work on /home/airflow/.local/lib/python3.8/site-packages/airflow/example_dags/example_local_kubernetes_executor.py
[2026-01-21T11:19:49.342+0000] {processor.py:830} INFO - Processing file /home/airflow/.local/lib/python3.8/site-packages/airflow/example_dags/example_local_kubernetes_executor.py for tasks to queue
[2026-01-21T11:19:49.344+0000] {logging_mixin.py:188} INFO - [2026-01-21T11:19:49.344+0000] {dagbag.py:538} INFO - Filling up the DagBag from /home/airflow/.local/lib/python3.8/site-packages/airflow/example_dags/example_local_kubernetes_executor.py
[2026-01-21T11:19:49.354+0000] {processor.py:840} INFO - DAG(s) 'example_local_kubernetes_executor' retrieved from /home/airflow/.local/lib/python3.8/site-packages/airflow/example_dags/example_local_kubernetes_executor.py
[2026-01-21T11:19:49.403+0000] {logging_mixin.py:188} INFO - [2026-01-21T11:19:49.402+0000] {dag.py:3036} INFO - Sync 1 DAGs
[2026-01-21T11:19:49.420+0000] {logging_mixin.py:188} INFO - [2026-01-21T11:19:49.420+0000] {dag.py:3823} INFO - Setting next_dagrun for example_local_kubernetes_executor to None, run_after=None
[2026-01-21T11:19:49.446+0000] {processor.py:183} INFO - Processing /home/airflow/.local/lib/python3.8/site-packages/airflow/example_dags/example_local_kubernetes_executor.py took 0.111 seconds
[2026-01-21T11:20:19.519+0000] {processor.py:161} INFO - Started process (PID=15668) to work on /home/airflow/.local/lib/python3.8/site-packages/airflow/example_dags/example_local_kubernetes_executor.py
[2026-01-21T11:20:19.521+0000] {processor.py:830} INFO - Processing file /home/airflow/.local/lib/python3.8/site-packages/airflow/example_dags/example_local_kubernetes_executor.py for tasks to queue
[2026-01-21T11:20:19.523+0000] {logging_mixin.py:188} INFO - [2026-01-21T11:20:19.522+0000] {dagbag.py:538} INFO - Filling up the DagBag from /home/airflow/.local/lib/python3.8/site-packages/airflow/example_dags/example_local_kubernetes_executor.py
[2026-01-21T11:20:19.533+0000] {processor.py:840} INFO - DAG(s) 'example_local_kubernetes_executor' retrieved from /home/airflow/.local/lib/python3.8/site-packages/airflow/example_dags/example_local_kubernetes_executor.py
[2026-01-21T11:20:19.583+0000] {logging_mixin.py:188} INFO - [2026-01-21T11:20:19.583+0000] {dag.py:3036} INFO - Sync 1 DAGs
[2026-01-21T11:20:19.601+0000] {logging_mixin.py:188} INFO - [2026-01-21T11:20:19.600+0000] {dag.py:3823} INFO - Setting next_dagrun for example_local_kubernetes_executor to None, run_after=None
[2026-01-21T11:20:19.625+0000] {processor.py:183} INFO - Processing /home/airflow/.local/lib/python3.8/site-packages/airflow/example_dags/example_local_kubernetes_executor.py took 0.111 seconds
[2026-01-21T11:20:49.846+0000] {processor.py:161} INFO - Started process (PID=15733) to work on /home/airflow/.local/lib/python3.8/site-packages/airflow/example_dags/example_local_kubernetes_executor.py
[2026-01-21T11:20:49.848+0000] {processor.py:830} INFO - Processing file /home/airflow/.local/lib/python3.8/site-packages/airflow/example_dags/example_local_kubernetes_executor.py for tasks to queue
[2026-01-21T11:20:49.850+0000] {logging_mixin.py:188} INFO - [2026-01-21T11:20:49.850+0000] {dagbag.py:538} INFO - Filling up the DagBag from /home/airflow/.local/lib/python3.8/site-packages/airflow/example_dags/example_local_kubernetes_executor.py
[2026-01-21T11:20:49.860+0000] {processor.py:840} INFO - DAG(s) 'example_local_kubernetes_executor' retrieved from /home/airflow/.local/lib/python3.8/site-packages/airflow/example_dags/example_local_kubernetes_executor.py
[2026-01-21T11:20:49.909+0000] {logging_mixin.py:188} INFO - [2026-01-21T11:20:49.909+0000] {dag.py:3036} INFO - Sync 1 DAGs
[2026-01-21T11:20:49.927+0000] {logging_mixin.py:188} INFO - [2026-01-21T11:20:49.927+0000] {dag.py:3823} INFO - Setting next_dagrun for example_local_kubernetes_executor to None, run_after=None
[2026-01-21T11:20:49.952+0000] {processor.py:183} INFO - Processing /home/airflow/.local/lib/python3.8/site-packages/airflow/example_dags/example_local_kubernetes_executor.py took 0.111 seconds
[2026-01-21T11:21:20.182+0000] {processor.py:161} INFO - Started process (PID=15799) to work on /home/airflow/.local/lib/python3.8/site-packages/airflow/example_dags/example_local_kubernetes_executor.py
[2026-01-21T11:21:20.183+0000] {processor.py:830} INFO - Processing file /home/airflow/.local/lib/python3.8/site-packages/airflow/example_dags/example_local_kubernetes_executor.py for tasks to queue
[2026-01-21T11:21:20.186+0000] {logging_mixin.py:188} INFO - [2026-01-21T11:21:20.185+0000] {dagbag.py:538} INFO - Filling up the DagBag from /home/airflow/.local/lib/python3.8/site-packages/airflow/example_dags/example_local_kubernetes_executor.py
[2026-01-21T11:21:20.196+0000] {processor.py:840} INFO - DAG(s) 'example_local_kubernetes_executor' retrieved from /home/airflow/.local/lib/python3.8/site-packages/airflow/example_dags/example_local_kubernetes_executor.py
[2026-01-21T11:21:20.255+0000] {logging_mixin.py:188} INFO - [2026-01-21T11:21:20.255+0000] {dag.py:3036} INFO - Sync 1 DAGs
[2026-01-21T11:21:20.277+0000] {logging_mixin.py:188} INFO - [2026-01-21T11:21:20.277+0000] {dag.py:3823} INFO - Setting next_dagrun for example_local_kubernetes_executor to None, run_after=None
[2026-01-21T11:21:20.305+0000] {processor.py:183} INFO - Processing /home/airflow/.local/lib/python3.8/site-packages/airflow/example_dags/example_local_kubernetes_executor.py took 0.128 seconds
[2026-01-21T11:21:50.603+0000] {processor.py:161} INFO - Started process (PID=15865) to work on /home/airflow/.local/lib/python3.8/site-packages/airflow/example_dags/example_local_kubernetes_executor.py
[2026-01-21T11:21:50.605+0000] {processor.py:830} INFO - Processing file /home/airflow/.local/lib/python3.8/site-packages/airflow/example_dags/example_local_kubernetes_executor.py for tasks to queue
[2026-01-21T11:21:50.607+0000] {logging_mixin.py:188} INFO - [2026-01-21T11:21:50.607+0000] {dagbag.py:538} INFO - Filling up the DagBag from /home/airflow/.local/lib/python3.8/site-packages/airflow/example_dags/example_local_kubernetes_executor.py
[2026-01-21T11:21:50.618+0000] {processor.py:840} INFO - DAG(s) 'example_local_kubernetes_executor' retrieved from /home/airflow/.local/lib/python3.8/site-packages/airflow/example_dags/example_local_kubernetes_executor.py
[2026-01-21T11:21:50.672+0000] {logging_mixin.py:188} INFO - [2026-01-21T11:21:50.672+0000] {dag.py:3036} INFO - Sync 1 DAGs
[2026-01-21T11:21:50.691+0000] {logging_mixin.py:188} INFO - [2026-01-21T11:21:50.691+0000] {dag.py:3823} INFO - Setting next_dagrun for example_local_kubernetes_executor to None, run_after=None
[2026-01-21T11:21:50.719+0000] {processor.py:183} INFO - Processing /home/airflow/.local/lib/python3.8/site-packages/airflow/example_dags/example_local_kubernetes_executor.py took 0.120 seconds
[2026-01-21T11:22:20.929+0000] {processor.py:161} INFO - Started process (PID=15937) to work on /home/airflow/.local/lib/python3.8/site-packages/airflow/example_dags/example_local_kubernetes_executor.py
[2026-01-21T11:22:20.930+0000] {processor.py:830} INFO - Processing file /home/airflow/.local/lib/python3.8/site-packages/airflow/example_dags/example_local_kubernetes_executor.py for tasks to queue
[2026-01-21T11:22:20.933+0000] {logging_mixin.py:188} INFO - [2026-01-21T11:22:20.932+0000] {dagbag.py:538} INFO - Filling up the DagBag from /home/airflow/.local/lib/python3.8/site-packages/airflow/example_dags/example_local_kubernetes_executor.py
[2026-01-21T11:22:20.944+0000] {processor.py:840} INFO - DAG(s) 'example_local_kubernetes_executor' retrieved from /home/airflow/.local/lib/python3.8/site-packages/airflow/example_dags/example_local_kubernetes_executor.py
[2026-01-21T11:22:21.005+0000] {logging_mixin.py:188} INFO - [2026-01-21T11:22:21.005+0000] {dag.py:3036} INFO - Sync 1 DAGs
[2026-01-21T11:22:21.027+0000] {logging_mixin.py:188} INFO - [2026-01-21T11:22:21.027+0000] {dag.py:3823} INFO - Setting next_dagrun for example_local_kubernetes_executor to None, run_after=None
[2026-01-21T11:22:21.055+0000] {processor.py:183} INFO - Processing /home/airflow/.local/lib/python3.8/site-packages/airflow/example_dags/example_local_kubernetes_executor.py took 0.132 seconds
[2026-01-21T11:22:51.667+0000] {processor.py:161} INFO - Started process (PID=16005) to work on /home/airflow/.local/lib/python3.8/site-packages/airflow/example_dags/example_local_kubernetes_executor.py
[2026-01-21T11:22:51.669+0000] {processor.py:830} INFO - Processing file /home/airflow/.local/lib/python3.8/site-packages/airflow/example_dags/example_local_kubernetes_executor.py for tasks to queue
[2026-01-21T11:22:51.672+0000] {logging_mixin.py:188} INFO - [2026-01-21T11:22:51.672+0000] {dagbag.py:538} INFO - Filling up the DagBag from /home/airflow/.local/lib/python3.8/site-packages/airflow/example_dags/example_local_kubernetes_executor.py
[2026-01-21T11:22:51.686+0000] {processor.py:840} INFO - DAG(s) 'example_local_kubernetes_executor' retrieved from /home/airflow/.local/lib/python3.8/site-packages/airflow/example_dags/example_local_kubernetes_executor.py
[2026-01-21T11:22:51.753+0000] {logging_mixin.py:188} INFO - [2026-01-21T11:22:51.753+0000] {dag.py:3036} INFO - Sync 1 DAGs
[2026-01-21T11:22:51.783+0000] {logging_mixin.py:188} INFO - [2026-01-21T11:22:51.783+0000] {dag.py:3823} INFO - Setting next_dagrun for example_local_kubernetes_executor to None, run_after=None
[2026-01-21T11:22:51.817+0000] {processor.py:183} INFO - Processing /home/airflow/.local/lib/python3.8/site-packages/airflow/example_dags/example_local_kubernetes_executor.py took 0.156 seconds
[2026-01-21T11:23:22.182+0000] {processor.py:161} INFO - Started process (PID=16071) to work on /home/airflow/.local/lib/python3.8/site-packages/airflow/example_dags/example_local_kubernetes_executor.py
[2026-01-21T11:23:22.183+0000] {processor.py:830} INFO - Processing file /home/airflow/.local/lib/python3.8/site-packages/airflow/example_dags/example_local_kubernetes_executor.py for tasks to queue
[2026-01-21T11:23:22.186+0000] {logging_mixin.py:188} INFO - [2026-01-21T11:23:22.185+0000] {dagbag.py:538} INFO - Filling up the DagBag from /home/airflow/.local/lib/python3.8/site-packages/airflow/example_dags/example_local_kubernetes_executor.py
[2026-01-21T11:23:22.196+0000] {processor.py:840} INFO - DAG(s) 'example_local_kubernetes_executor' retrieved from /home/airflow/.local/lib/python3.8/site-packages/airflow/example_dags/example_local_kubernetes_executor.py
[2026-01-21T11:23:22.266+0000] {logging_mixin.py:188} INFO - [2026-01-21T11:23:22.266+0000] {dag.py:3036} INFO - Sync 1 DAGs
[2026-01-21T11:23:22.294+0000] {logging_mixin.py:188} INFO - [2026-01-21T11:23:22.293+0000] {dag.py:3823} INFO - Setting next_dagrun for example_local_kubernetes_executor to None, run_after=None
[2026-01-21T11:23:22.320+0000] {processor.py:183} INFO - Processing /home/airflow/.local/lib/python3.8/site-packages/airflow/example_dags/example_local_kubernetes_executor.py took 0.143 seconds
[2026-01-21T11:23:52.452+0000] {processor.py:161} INFO - Started process (PID=16137) to work on /home/airflow/.local/lib/python3.8/site-packages/airflow/example_dags/example_local_kubernetes_executor.py
[2026-01-21T11:23:52.454+0000] {processor.py:830} INFO - Processing file /home/airflow/.local/lib/python3.8/site-packages/airflow/example_dags/example_local_kubernetes_executor.py for tasks to queue
[2026-01-21T11:23:52.457+0000] {logging_mixin.py:188} INFO - [2026-01-21T11:23:52.456+0000] {dagbag.py:538} INFO - Filling up the DagBag from /home/airflow/.local/lib/python3.8/site-packages/airflow/example_dags/example_local_kubernetes_executor.py
[2026-01-21T11:23:52.467+0000] {processor.py:840} INFO - DAG(s) 'example_local_kubernetes_executor' retrieved from /home/airflow/.local/lib/python3.8/site-packages/airflow/example_dags/example_local_kubernetes_executor.py
[2026-01-21T11:23:52.531+0000] {logging_mixin.py:188} INFO - [2026-01-21T11:23:52.531+0000] {dag.py:3036} INFO - Sync 1 DAGs
[2026-01-21T11:23:52.561+0000] {logging_mixin.py:188} INFO - [2026-01-21T11:23:52.560+0000] {dag.py:3823} INFO - Setting next_dagrun for example_local_kubernetes_executor to None, run_after=None
[2026-01-21T11:23:52.602+0000] {processor.py:183} INFO - Processing /home/airflow/.local/lib/python3.8/site-packages/airflow/example_dags/example_local_kubernetes_executor.py took 0.155 seconds
[2026-01-21T11:24:23.056+0000] {processor.py:161} INFO - Started process (PID=16203) to work on /home/airflow/.local/lib/python3.8/site-packages/airflow/example_dags/example_local_kubernetes_executor.py
[2026-01-21T11:24:23.057+0000] {processor.py:830} INFO - Processing file /home/airflow/.local/lib/python3.8/site-packages/airflow/example_dags/example_local_kubernetes_executor.py for tasks to queue
[2026-01-21T11:24:23.060+0000] {logging_mixin.py:188} INFO - [2026-01-21T11:24:23.059+0000] {dagbag.py:538} INFO - Filling up the DagBag from /home/airflow/.local/lib/python3.8/site-packages/airflow/example_dags/example_local_kubernetes_executor.py
[2026-01-21T11:24:23.070+0000] {processor.py:840} INFO - DAG(s) 'example_local_kubernetes_executor' retrieved from /home/airflow/.local/lib/python3.8/site-packages/airflow/example_dags/example_local_kubernetes_executor.py
[2026-01-21T11:24:23.121+0000] {logging_mixin.py:188} INFO - [2026-01-21T11:24:23.121+0000] {dag.py:3036} INFO - Sync 1 DAGs
[2026-01-21T11:24:23.139+0000] {logging_mixin.py:188} INFO - [2026-01-21T11:24:23.139+0000] {dag.py:3823} INFO - Setting next_dagrun for example_local_kubernetes_executor to None, run_after=None
[2026-01-21T11:24:23.165+0000] {processor.py:183} INFO - Processing /home/airflow/.local/lib/python3.8/site-packages/airflow/example_dags/example_local_kubernetes_executor.py took 0.114 seconds
[2026-01-21T11:24:53.505+0000] {processor.py:161} INFO - Started process (PID=16269) to work on /home/airflow/.local/lib/python3.8/site-packages/airflow/example_dags/example_local_kubernetes_executor.py
[2026-01-21T11:24:53.507+0000] {processor.py:830} INFO - Processing file /home/airflow/.local/lib/python3.8/site-packages/airflow/example_dags/example_local_kubernetes_executor.py for tasks to queue
[2026-01-21T11:24:53.509+0000] {logging_mixin.py:188} INFO - [2026-01-21T11:24:53.509+0000] {dagbag.py:538} INFO - Filling up the DagBag from /home/airflow/.local/lib/python3.8/site-packages/airflow/example_dags/example_local_kubernetes_executor.py
[2026-01-21T11:24:53.522+0000] {processor.py:840} INFO - DAG(s) 'example_local_kubernetes_executor' retrieved from /home/airflow/.local/lib/python3.8/site-packages/airflow/example_dags/example_local_kubernetes_executor.py
[2026-01-21T11:24:53.575+0000] {logging_mixin.py:188} INFO - [2026-01-21T11:24:53.574+0000] {dag.py:3036} INFO - Sync 1 DAGs
[2026-01-21T11:24:53.593+0000] {logging_mixin.py:188} INFO - [2026-01-21T11:24:53.592+0000] {dag.py:3823} INFO - Setting next_dagrun for example_local_kubernetes_executor to None, run_after=None
[2026-01-21T11:24:53.625+0000] {processor.py:183} INFO - Processing /home/airflow/.local/lib/python3.8/site-packages/airflow/example_dags/example_local_kubernetes_executor.py took 0.126 seconds
[2026-01-21T11:25:24.129+0000] {processor.py:161} INFO - Started process (PID=16335) to work on /home/airflow/.local/lib/python3.8/site-packages/airflow/example_dags/example_local_kubernetes_executor.py
[2026-01-21T11:25:24.130+0000] {processor.py:830} INFO - Processing file /home/airflow/.local/lib/python3.8/site-packages/airflow/example_dags/example_local_kubernetes_executor.py for tasks to queue
[2026-01-21T11:25:24.133+0000] {logging_mixin.py:188} INFO - [2026-01-21T11:25:24.132+0000] {dagbag.py:538} INFO - Filling up the DagBag from /home/airflow/.local/lib/python3.8/site-packages/airflow/example_dags/example_local_kubernetes_executor.py
[2026-01-21T11:25:24.152+0000] {processor.py:840} INFO - DAG(s) 'example_local_kubernetes_executor' retrieved from /home/airflow/.local/lib/python3.8/site-packages/airflow/example_dags/example_local_kubernetes_executor.py
[2026-01-21T11:25:24.225+0000] {logging_mixin.py:188} INFO - [2026-01-21T11:25:24.224+0000] {dag.py:3036} INFO - Sync 1 DAGs
[2026-01-21T11:25:24.248+0000] {logging_mixin.py:188} INFO - [2026-01-21T11:25:24.248+0000] {dag.py:3823} INFO - Setting next_dagrun for example_local_kubernetes_executor to None, run_after=None
[2026-01-21T11:25:24.278+0000] {processor.py:183} INFO - Processing /home/airflow/.local/lib/python3.8/site-packages/airflow/example_dags/example_local_kubernetes_executor.py took 0.155 seconds
[2026-01-21T11:25:54.991+0000] {processor.py:161} INFO - Started process (PID=16408) to work on /home/airflow/.local/lib/python3.8/site-packages/airflow/example_dags/example_local_kubernetes_executor.py
[2026-01-21T11:25:54.997+0000] {processor.py:830} INFO - Processing file /home/airflow/.local/lib/python3.8/site-packages/airflow/example_dags/example_local_kubernetes_executor.py for tasks to queue
[2026-01-21T11:25:55.002+0000] {logging_mixin.py:188} INFO - [2026-01-21T11:25:55.001+0000] {dagbag.py:538} INFO - Filling up the DagBag from /home/airflow/.local/lib/python3.8/site-packages/airflow/example_dags/example_local_kubernetes_executor.py
[2026-01-21T11:25:55.030+0000] {processor.py:840} INFO - DAG(s) 'example_local_kubernetes_executor' retrieved from /home/airflow/.local/lib/python3.8/site-packages/airflow/example_dags/example_local_kubernetes_executor.py
[2026-01-21T11:25:55.145+0000] {logging_mixin.py:188} INFO - [2026-01-21T11:25:55.145+0000] {dag.py:3036} INFO - Sync 1 DAGs
[2026-01-21T11:25:55.189+0000] {logging_mixin.py:188} INFO - [2026-01-21T11:25:55.188+0000] {dag.py:3823} INFO - Setting next_dagrun for example_local_kubernetes_executor to None, run_after=None
[2026-01-21T11:25:55.247+0000] {processor.py:183} INFO - Processing /home/airflow/.local/lib/python3.8/site-packages/airflow/example_dags/example_local_kubernetes_executor.py took 0.261 seconds
[2026-01-21T11:26:25.468+0000] {processor.py:161} INFO - Started process (PID=16475) to work on /home/airflow/.local/lib/python3.8/site-packages/airflow/example_dags/example_local_kubernetes_executor.py
[2026-01-21T11:26:25.469+0000] {processor.py:830} INFO - Processing file /home/airflow/.local/lib/python3.8/site-packages/airflow/example_dags/example_local_kubernetes_executor.py for tasks to queue
[2026-01-21T11:26:25.472+0000] {logging_mixin.py:188} INFO - [2026-01-21T11:26:25.472+0000] {dagbag.py:538} INFO - Filling up the DagBag from /home/airflow/.local/lib/python3.8/site-packages/airflow/example_dags/example_local_kubernetes_executor.py
[2026-01-21T11:26:25.485+0000] {processor.py:840} INFO - DAG(s) 'example_local_kubernetes_executor' retrieved from /home/airflow/.local/lib/python3.8/site-packages/airflow/example_dags/example_local_kubernetes_executor.py
[2026-01-21T11:26:25.549+0000] {logging_mixin.py:188} INFO - [2026-01-21T11:26:25.549+0000] {dag.py:3036} INFO - Sync 1 DAGs
[2026-01-21T11:26:25.572+0000] {logging_mixin.py:188} INFO - [2026-01-21T11:26:25.571+0000] {dag.py:3823} INFO - Setting next_dagrun for example_local_kubernetes_executor to None, run_after=None
[2026-01-21T11:26:25.612+0000] {processor.py:183} INFO - Processing /home/airflow/.local/lib/python3.8/site-packages/airflow/example_dags/example_local_kubernetes_executor.py took 0.150 seconds
[2026-01-21T11:26:55.750+0000] {processor.py:161} INFO - Started process (PID=16541) to work on /home/airflow/.local/lib/python3.8/site-packages/airflow/example_dags/example_local_kubernetes_executor.py
[2026-01-21T11:26:55.752+0000] {processor.py:830} INFO - Processing file /home/airflow/.local/lib/python3.8/site-packages/airflow/example_dags/example_local_kubernetes_executor.py for tasks to queue
[2026-01-21T11:26:55.755+0000] {logging_mixin.py:188} INFO - [2026-01-21T11:26:55.754+0000] {dagbag.py:538} INFO - Filling up the DagBag from /home/airflow/.local/lib/python3.8/site-packages/airflow/example_dags/example_local_kubernetes_executor.py
[2026-01-21T11:26:55.767+0000] {processor.py:840} INFO - DAG(s) 'example_local_kubernetes_executor' retrieved from /home/airflow/.local/lib/python3.8/site-packages/airflow/example_dags/example_local_kubernetes_executor.py
[2026-01-21T11:26:55.821+0000] {logging_mixin.py:188} INFO - [2026-01-21T11:26:55.820+0000] {dag.py:3036} INFO - Sync 1 DAGs
[2026-01-21T11:26:55.838+0000] {logging_mixin.py:188} INFO - [2026-01-21T11:26:55.838+0000] {dag.py:3823} INFO - Setting next_dagrun for example_local_kubernetes_executor to None, run_after=None
[2026-01-21T11:26:55.861+0000] {processor.py:183} INFO - Processing /home/airflow/.local/lib/python3.8/site-packages/airflow/example_dags/example_local_kubernetes_executor.py took 0.117 seconds
[2026-01-21T11:27:26.761+0000] {processor.py:161} INFO - Started process (PID=16606) to work on /home/airflow/.local/lib/python3.8/site-packages/airflow/example_dags/example_local_kubernetes_executor.py
[2026-01-21T11:27:26.762+0000] {processor.py:830} INFO - Processing file /home/airflow/.local/lib/python3.8/site-packages/airflow/example_dags/example_local_kubernetes_executor.py for tasks to queue
[2026-01-21T11:27:26.765+0000] {logging_mixin.py:188} INFO - [2026-01-21T11:27:26.765+0000] {dagbag.py:538} INFO - Filling up the DagBag from /home/airflow/.local/lib/python3.8/site-packages/airflow/example_dags/example_local_kubernetes_executor.py
[2026-01-21T11:27:26.776+0000] {processor.py:840} INFO - DAG(s) 'example_local_kubernetes_executor' retrieved from /home/airflow/.local/lib/python3.8/site-packages/airflow/example_dags/example_local_kubernetes_executor.py
[2026-01-21T11:27:26.839+0000] {logging_mixin.py:188} INFO - [2026-01-21T11:27:26.839+0000] {dag.py:3036} INFO - Sync 1 DAGs
[2026-01-21T11:27:26.859+0000] {logging_mixin.py:188} INFO - [2026-01-21T11:27:26.858+0000] {dag.py:3823} INFO - Setting next_dagrun for example_local_kubernetes_executor to None, run_after=None
[2026-01-21T11:27:26.888+0000] {processor.py:183} INFO - Processing /home/airflow/.local/lib/python3.8/site-packages/airflow/example_dags/example_local_kubernetes_executor.py took 0.132 seconds
[2026-01-21T11:27:57.003+0000] {processor.py:161} INFO - Started process (PID=16672) to work on /home/airflow/.local/lib/python3.8/site-packages/airflow/example_dags/example_local_kubernetes_executor.py
[2026-01-21T11:27:57.005+0000] {processor.py:830} INFO - Processing file /home/airflow/.local/lib/python3.8/site-packages/airflow/example_dags/example_local_kubernetes_executor.py for tasks to queue
[2026-01-21T11:27:57.008+0000] {logging_mixin.py:188} INFO - [2026-01-21T11:27:57.008+0000] {dagbag.py:538} INFO - Filling up the DagBag from /home/airflow/.local/lib/python3.8/site-packages/airflow/example_dags/example_local_kubernetes_executor.py
[2026-01-21T11:27:57.021+0000] {processor.py:840} INFO - DAG(s) 'example_local_kubernetes_executor' retrieved from /home/airflow/.local/lib/python3.8/site-packages/airflow/example_dags/example_local_kubernetes_executor.py
[2026-01-21T11:27:57.078+0000] {logging_mixin.py:188} INFO - [2026-01-21T11:27:57.078+0000] {dag.py:3036} INFO - Sync 1 DAGs
[2026-01-21T11:27:57.096+0000] {logging_mixin.py:188} INFO - [2026-01-21T11:27:57.096+0000] {dag.py:3823} INFO - Setting next_dagrun for example_local_kubernetes_executor to None, run_after=None
[2026-01-21T11:27:57.123+0000] {processor.py:183} INFO - Processing /home/airflow/.local/lib/python3.8/site-packages/airflow/example_dags/example_local_kubernetes_executor.py took 0.126 seconds
[2026-01-21T11:28:27.477+0000] {processor.py:161} INFO - Started process (PID=16738) to work on /home/airflow/.local/lib/python3.8/site-packages/airflow/example_dags/example_local_kubernetes_executor.py
[2026-01-21T11:28:27.478+0000] {processor.py:830} INFO - Processing file /home/airflow/.local/lib/python3.8/site-packages/airflow/example_dags/example_local_kubernetes_executor.py for tasks to queue
[2026-01-21T11:28:27.480+0000] {logging_mixin.py:188} INFO - [2026-01-21T11:28:27.480+0000] {dagbag.py:538} INFO - Filling up the DagBag from /home/airflow/.local/lib/python3.8/site-packages/airflow/example_dags/example_local_kubernetes_executor.py
[2026-01-21T11:28:27.490+0000] {processor.py:840} INFO - DAG(s) 'example_local_kubernetes_executor' retrieved from /home/airflow/.local/lib/python3.8/site-packages/airflow/example_dags/example_local_kubernetes_executor.py
[2026-01-21T11:28:27.549+0000] {logging_mixin.py:188} INFO - [2026-01-21T11:28:27.548+0000] {dag.py:3036} INFO - Sync 1 DAGs
[2026-01-21T11:28:27.568+0000] {logging_mixin.py:188} INFO - [2026-01-21T11:28:27.568+0000] {dag.py:3823} INFO - Setting next_dagrun for example_local_kubernetes_executor to None, run_after=None
[2026-01-21T11:28:27.597+0000] {processor.py:183} INFO - Processing /home/airflow/.local/lib/python3.8/site-packages/airflow/example_dags/example_local_kubernetes_executor.py took 0.125 seconds
[2026-01-21T11:28:57.842+0000] {processor.py:161} INFO - Started process (PID=16811) to work on /home/airflow/.local/lib/python3.8/site-packages/airflow/example_dags/example_local_kubernetes_executor.py
[2026-01-21T11:28:57.844+0000] {processor.py:830} INFO - Processing file /home/airflow/.local/lib/python3.8/site-packages/airflow/example_dags/example_local_kubernetes_executor.py for tasks to queue
[2026-01-21T11:28:57.846+0000] {logging_mixin.py:188} INFO - [2026-01-21T11:28:57.846+0000] {dagbag.py:538} INFO - Filling up the DagBag from /home/airflow/.local/lib/python3.8/site-packages/airflow/example_dags/example_local_kubernetes_executor.py
[2026-01-21T11:28:57.856+0000] {processor.py:840} INFO - DAG(s) 'example_local_kubernetes_executor' retrieved from /home/airflow/.local/lib/python3.8/site-packages/airflow/example_dags/example_local_kubernetes_executor.py
[2026-01-21T11:28:57.908+0000] {logging_mixin.py:188} INFO - [2026-01-21T11:28:57.908+0000] {dag.py:3036} INFO - Sync 1 DAGs
[2026-01-21T11:28:57.929+0000] {logging_mixin.py:188} INFO - [2026-01-21T11:28:57.928+0000] {dag.py:3823} INFO - Setting next_dagrun for example_local_kubernetes_executor to None, run_after=None
[2026-01-21T11:28:57.954+0000] {processor.py:183} INFO - Processing /home/airflow/.local/lib/python3.8/site-packages/airflow/example_dags/example_local_kubernetes_executor.py took 0.117 seconds
[2026-01-21T11:29:28.392+0000] {processor.py:161} INFO - Started process (PID=16879) to work on /home/airflow/.local/lib/python3.8/site-packages/airflow/example_dags/example_local_kubernetes_executor.py
[2026-01-21T11:29:28.393+0000] {processor.py:830} INFO - Processing file /home/airflow/.local/lib/python3.8/site-packages/airflow/example_dags/example_local_kubernetes_executor.py for tasks to queue
[2026-01-21T11:29:28.396+0000] {logging_mixin.py:188} INFO - [2026-01-21T11:29:28.396+0000] {dagbag.py:538} INFO - Filling up the DagBag from /home/airflow/.local/lib/python3.8/site-packages/airflow/example_dags/example_local_kubernetes_executor.py
[2026-01-21T11:29:28.410+0000] {processor.py:840} INFO - DAG(s) 'example_local_kubernetes_executor' retrieved from /home/airflow/.local/lib/python3.8/site-packages/airflow/example_dags/example_local_kubernetes_executor.py
[2026-01-21T11:29:28.473+0000] {logging_mixin.py:188} INFO - [2026-01-21T11:29:28.473+0000] {dag.py:3036} INFO - Sync 1 DAGs
[2026-01-21T11:29:28.498+0000] {logging_mixin.py:188} INFO - [2026-01-21T11:29:28.497+0000] {dag.py:3823} INFO - Setting next_dagrun for example_local_kubernetes_executor to None, run_after=None
[2026-01-21T11:29:28.532+0000] {processor.py:183} INFO - Processing /home/airflow/.local/lib/python3.8/site-packages/airflow/example_dags/example_local_kubernetes_executor.py took 0.146 seconds
[2026-01-21T11:29:58.669+0000] {processor.py:161} INFO - Started process (PID=16945) to work on /home/airflow/.local/lib/python3.8/site-packages/airflow/example_dags/example_local_kubernetes_executor.py
[2026-01-21T11:29:58.671+0000] {processor.py:830} INFO - Processing file /home/airflow/.local/lib/python3.8/site-packages/airflow/example_dags/example_local_kubernetes_executor.py for tasks to queue
[2026-01-21T11:29:58.673+0000] {logging_mixin.py:188} INFO - [2026-01-21T11:29:58.673+0000] {dagbag.py:538} INFO - Filling up the DagBag from /home/airflow/.local/lib/python3.8/site-packages/airflow/example_dags/example_local_kubernetes_executor.py
[2026-01-21T11:29:58.684+0000] {processor.py:840} INFO - DAG(s) 'example_local_kubernetes_executor' retrieved from /home/airflow/.local/lib/python3.8/site-packages/airflow/example_dags/example_local_kubernetes_executor.py
[2026-01-21T11:29:58.735+0000] {logging_mixin.py:188} INFO - [2026-01-21T11:29:58.735+0000] {dag.py:3036} INFO - Sync 1 DAGs
[2026-01-21T11:29:58.754+0000] {logging_mixin.py:188} INFO - [2026-01-21T11:29:58.754+0000] {dag.py:3823} INFO - Setting next_dagrun for example_local_kubernetes_executor to None, run_after=None
[2026-01-21T11:29:58.780+0000] {processor.py:183} INFO - Processing /home/airflow/.local/lib/python3.8/site-packages/airflow/example_dags/example_local_kubernetes_executor.py took 0.117 seconds
[2026-01-21T11:30:29.284+0000] {processor.py:161} INFO - Started process (PID=17010) to work on /home/airflow/.local/lib/python3.8/site-packages/airflow/example_dags/example_local_kubernetes_executor.py
[2026-01-21T11:30:29.286+0000] {processor.py:830} INFO - Processing file /home/airflow/.local/lib/python3.8/site-packages/airflow/example_dags/example_local_kubernetes_executor.py for tasks to queue
[2026-01-21T11:30:29.288+0000] {logging_mixin.py:188} INFO - [2026-01-21T11:30:29.288+0000] {dagbag.py:538} INFO - Filling up the DagBag from /home/airflow/.local/lib/python3.8/site-packages/airflow/example_dags/example_local_kubernetes_executor.py
[2026-01-21T11:30:29.301+0000] {processor.py:840} INFO - DAG(s) 'example_local_kubernetes_executor' retrieved from /home/airflow/.local/lib/python3.8/site-packages/airflow/example_dags/example_local_kubernetes_executor.py
[2026-01-21T11:30:29.364+0000] {logging_mixin.py:188} INFO - [2026-01-21T11:30:29.363+0000] {dag.py:3036} INFO - Sync 1 DAGs
[2026-01-21T11:30:29.387+0000] {logging_mixin.py:188} INFO - [2026-01-21T11:30:29.386+0000] {dag.py:3823} INFO - Setting next_dagrun for example_local_kubernetes_executor to None, run_after=None
[2026-01-21T11:30:29.415+0000] {processor.py:183} INFO - Processing /home/airflow/.local/lib/python3.8/site-packages/airflow/example_dags/example_local_kubernetes_executor.py took 0.137 seconds
[2026-01-21T11:30:59.576+0000] {processor.py:161} INFO - Started process (PID=17075) to work on /home/airflow/.local/lib/python3.8/site-packages/airflow/example_dags/example_local_kubernetes_executor.py
[2026-01-21T11:30:59.578+0000] {processor.py:830} INFO - Processing file /home/airflow/.local/lib/python3.8/site-packages/airflow/example_dags/example_local_kubernetes_executor.py for tasks to queue
[2026-01-21T11:30:59.580+0000] {logging_mixin.py:188} INFO - [2026-01-21T11:30:59.580+0000] {dagbag.py:538} INFO - Filling up the DagBag from /home/airflow/.local/lib/python3.8/site-packages/airflow/example_dags/example_local_kubernetes_executor.py
[2026-01-21T11:30:59.590+0000] {processor.py:840} INFO - DAG(s) 'example_local_kubernetes_executor' retrieved from /home/airflow/.local/lib/python3.8/site-packages/airflow/example_dags/example_local_kubernetes_executor.py
[2026-01-21T11:30:59.641+0000] {logging_mixin.py:188} INFO - [2026-01-21T11:30:59.641+0000] {dag.py:3036} INFO - Sync 1 DAGs
[2026-01-21T11:30:59.659+0000] {logging_mixin.py:188} INFO - [2026-01-21T11:30:59.659+0000] {dag.py:3823} INFO - Setting next_dagrun for example_local_kubernetes_executor to None, run_after=None
[2026-01-21T11:30:59.684+0000] {processor.py:183} INFO - Processing /home/airflow/.local/lib/python3.8/site-packages/airflow/example_dags/example_local_kubernetes_executor.py took 0.112 seconds
[2026-01-21T11:31:29.812+0000] {processor.py:161} INFO - Started process (PID=17141) to work on /home/airflow/.local/lib/python3.8/site-packages/airflow/example_dags/example_local_kubernetes_executor.py
[2026-01-21T11:31:29.813+0000] {processor.py:830} INFO - Processing file /home/airflow/.local/lib/python3.8/site-packages/airflow/example_dags/example_local_kubernetes_executor.py for tasks to queue
[2026-01-21T11:31:29.815+0000] {logging_mixin.py:188} INFO - [2026-01-21T11:31:29.815+0000] {dagbag.py:538} INFO - Filling up the DagBag from /home/airflow/.local/lib/python3.8/site-packages/airflow/example_dags/example_local_kubernetes_executor.py
[2026-01-21T11:31:29.827+0000] {processor.py:840} INFO - DAG(s) 'example_local_kubernetes_executor' retrieved from /home/airflow/.local/lib/python3.8/site-packages/airflow/example_dags/example_local_kubernetes_executor.py
[2026-01-21T11:31:29.886+0000] {logging_mixin.py:188} INFO - [2026-01-21T11:31:29.886+0000] {dag.py:3036} INFO - Sync 1 DAGs
[2026-01-21T11:31:29.909+0000] {logging_mixin.py:188} INFO - [2026-01-21T11:31:29.909+0000] {dag.py:3823} INFO - Setting next_dagrun for example_local_kubernetes_executor to None, run_after=None
[2026-01-21T11:31:29.939+0000] {processor.py:183} INFO - Processing /home/airflow/.local/lib/python3.8/site-packages/airflow/example_dags/example_local_kubernetes_executor.py took 0.132 seconds
[2026-01-21T11:32:00.081+0000] {processor.py:161} INFO - Started process (PID=17208) to work on /home/airflow/.local/lib/python3.8/site-packages/airflow/example_dags/example_local_kubernetes_executor.py
[2026-01-21T11:32:00.083+0000] {processor.py:830} INFO - Processing file /home/airflow/.local/lib/python3.8/site-packages/airflow/example_dags/example_local_kubernetes_executor.py for tasks to queue
[2026-01-21T11:32:00.086+0000] {logging_mixin.py:188} INFO - [2026-01-21T11:32:00.085+0000] {dagbag.py:538} INFO - Filling up the DagBag from /home/airflow/.local/lib/python3.8/site-packages/airflow/example_dags/example_local_kubernetes_executor.py
[2026-01-21T11:32:00.095+0000] {processor.py:840} INFO - DAG(s) 'example_local_kubernetes_executor' retrieved from /home/airflow/.local/lib/python3.8/site-packages/airflow/example_dags/example_local_kubernetes_executor.py
[2026-01-21T11:32:00.155+0000] {logging_mixin.py:188} INFO - [2026-01-21T11:32:00.155+0000] {dag.py:3036} INFO - Sync 1 DAGs
[2026-01-21T11:32:00.178+0000] {logging_mixin.py:188} INFO - [2026-01-21T11:32:00.177+0000] {dag.py:3823} INFO - Setting next_dagrun for example_local_kubernetes_executor to None, run_after=None
[2026-01-21T11:32:00.208+0000] {processor.py:183} INFO - Processing /home/airflow/.local/lib/python3.8/site-packages/airflow/example_dags/example_local_kubernetes_executor.py took 0.132 seconds
[2026-01-21T11:32:30.587+0000] {processor.py:161} INFO - Started process (PID=17282) to work on /home/airflow/.local/lib/python3.8/site-packages/airflow/example_dags/example_local_kubernetes_executor.py
[2026-01-21T11:32:30.588+0000] {processor.py:830} INFO - Processing file /home/airflow/.local/lib/python3.8/site-packages/airflow/example_dags/example_local_kubernetes_executor.py for tasks to queue
[2026-01-21T11:32:30.590+0000] {logging_mixin.py:188} INFO - [2026-01-21T11:32:30.590+0000] {dagbag.py:538} INFO - Filling up the DagBag from /home/airflow/.local/lib/python3.8/site-packages/airflow/example_dags/example_local_kubernetes_executor.py
[2026-01-21T11:32:30.600+0000] {processor.py:840} INFO - DAG(s) 'example_local_kubernetes_executor' retrieved from /home/airflow/.local/lib/python3.8/site-packages/airflow/example_dags/example_local_kubernetes_executor.py
[2026-01-21T11:32:30.662+0000] {logging_mixin.py:188} INFO - [2026-01-21T11:32:30.661+0000] {dag.py:3036} INFO - Sync 1 DAGs
[2026-01-21T11:32:30.687+0000] {logging_mixin.py:188} INFO - [2026-01-21T11:32:30.687+0000] {dag.py:3823} INFO - Setting next_dagrun for example_local_kubernetes_executor to None, run_after=None
[2026-01-21T11:32:30.718+0000] {processor.py:183} INFO - Processing /home/airflow/.local/lib/python3.8/site-packages/airflow/example_dags/example_local_kubernetes_executor.py took 0.134 seconds
[2026-01-21T11:33:01.410+0000] {processor.py:161} INFO - Started process (PID=17348) to work on /home/airflow/.local/lib/python3.8/site-packages/airflow/example_dags/example_local_kubernetes_executor.py
[2026-01-21T11:33:01.412+0000] {processor.py:830} INFO - Processing file /home/airflow/.local/lib/python3.8/site-packages/airflow/example_dags/example_local_kubernetes_executor.py for tasks to queue
[2026-01-21T11:33:01.415+0000] {logging_mixin.py:188} INFO - [2026-01-21T11:33:01.414+0000] {dagbag.py:538} INFO - Filling up the DagBag from /home/airflow/.local/lib/python3.8/site-packages/airflow/example_dags/example_local_kubernetes_executor.py
[2026-01-21T11:33:01.428+0000] {processor.py:840} INFO - DAG(s) 'example_local_kubernetes_executor' retrieved from /home/airflow/.local/lib/python3.8/site-packages/airflow/example_dags/example_local_kubernetes_executor.py
[2026-01-21T11:33:01.492+0000] {logging_mixin.py:188} INFO - [2026-01-21T11:33:01.492+0000] {dag.py:3036} INFO - Sync 1 DAGs
[2026-01-21T11:33:01.517+0000] {logging_mixin.py:188} INFO - [2026-01-21T11:33:01.517+0000] {dag.py:3823} INFO - Setting next_dagrun for example_local_kubernetes_executor to None, run_after=None
[2026-01-21T11:33:01.551+0000] {processor.py:183} INFO - Processing /home/airflow/.local/lib/python3.8/site-packages/airflow/example_dags/example_local_kubernetes_executor.py took 0.147 seconds
[2026-01-21T11:33:31.678+0000] {processor.py:161} INFO - Started process (PID=17413) to work on /home/airflow/.local/lib/python3.8/site-packages/airflow/example_dags/example_local_kubernetes_executor.py
[2026-01-21T11:33:31.680+0000] {processor.py:830} INFO - Processing file /home/airflow/.local/lib/python3.8/site-packages/airflow/example_dags/example_local_kubernetes_executor.py for tasks to queue
[2026-01-21T11:33:31.682+0000] {logging_mixin.py:188} INFO - [2026-01-21T11:33:31.681+0000] {dagbag.py:538} INFO - Filling up the DagBag from /home/airflow/.local/lib/python3.8/site-packages/airflow/example_dags/example_local_kubernetes_executor.py
[2026-01-21T11:33:31.692+0000] {processor.py:840} INFO - DAG(s) 'example_local_kubernetes_executor' retrieved from /home/airflow/.local/lib/python3.8/site-packages/airflow/example_dags/example_local_kubernetes_executor.py
[2026-01-21T11:33:31.741+0000] {logging_mixin.py:188} INFO - [2026-01-21T11:33:31.741+0000] {dag.py:3036} INFO - Sync 1 DAGs
[2026-01-21T11:33:31.759+0000] {logging_mixin.py:188} INFO - [2026-01-21T11:33:31.758+0000] {dag.py:3823} INFO - Setting next_dagrun for example_local_kubernetes_executor to None, run_after=None
[2026-01-21T11:33:31.783+0000] {processor.py:183} INFO - Processing /home/airflow/.local/lib/python3.8/site-packages/airflow/example_dags/example_local_kubernetes_executor.py took 0.109 seconds
[2026-01-21T11:34:01.933+0000] {processor.py:161} INFO - Started process (PID=17479) to work on /home/airflow/.local/lib/python3.8/site-packages/airflow/example_dags/example_local_kubernetes_executor.py
[2026-01-21T11:34:01.935+0000] {processor.py:830} INFO - Processing file /home/airflow/.local/lib/python3.8/site-packages/airflow/example_dags/example_local_kubernetes_executor.py for tasks to queue
[2026-01-21T11:34:01.938+0000] {logging_mixin.py:188} INFO - [2026-01-21T11:34:01.937+0000] {dagbag.py:538} INFO - Filling up the DagBag from /home/airflow/.local/lib/python3.8/site-packages/airflow/example_dags/example_local_kubernetes_executor.py
[2026-01-21T11:34:01.948+0000] {processor.py:840} INFO - DAG(s) 'example_local_kubernetes_executor' retrieved from /home/airflow/.local/lib/python3.8/site-packages/airflow/example_dags/example_local_kubernetes_executor.py
[2026-01-21T11:34:01.999+0000] {logging_mixin.py:188} INFO - [2026-01-21T11:34:01.998+0000] {dag.py:3036} INFO - Sync 1 DAGs
[2026-01-21T11:34:02.017+0000] {logging_mixin.py:188} INFO - [2026-01-21T11:34:02.017+0000] {dag.py:3823} INFO - Setting next_dagrun for example_local_kubernetes_executor to None, run_after=None
[2026-01-21T11:34:02.044+0000] {processor.py:183} INFO - Processing /home/airflow/.local/lib/python3.8/site-packages/airflow/example_dags/example_local_kubernetes_executor.py took 0.116 seconds
[2026-01-21T11:34:32.248+0000] {processor.py:161} INFO - Started process (PID=17545) to work on /home/airflow/.local/lib/python3.8/site-packages/airflow/example_dags/example_local_kubernetes_executor.py
[2026-01-21T11:34:32.250+0000] {processor.py:830} INFO - Processing file /home/airflow/.local/lib/python3.8/site-packages/airflow/example_dags/example_local_kubernetes_executor.py for tasks to queue
[2026-01-21T11:34:32.252+0000] {logging_mixin.py:188} INFO - [2026-01-21T11:34:32.252+0000] {dagbag.py:538} INFO - Filling up the DagBag from /home/airflow/.local/lib/python3.8/site-packages/airflow/example_dags/example_local_kubernetes_executor.py
[2026-01-21T11:34:32.262+0000] {processor.py:840} INFO - DAG(s) 'example_local_kubernetes_executor' retrieved from /home/airflow/.local/lib/python3.8/site-packages/airflow/example_dags/example_local_kubernetes_executor.py
[2026-01-21T11:34:32.312+0000] {logging_mixin.py:188} INFO - [2026-01-21T11:34:32.312+0000] {dag.py:3036} INFO - Sync 1 DAGs
[2026-01-21T11:34:32.330+0000] {logging_mixin.py:188} INFO - [2026-01-21T11:34:32.330+0000] {dag.py:3823} INFO - Setting next_dagrun for example_local_kubernetes_executor to None, run_after=None
[2026-01-21T11:34:32.355+0000] {processor.py:183} INFO - Processing /home/airflow/.local/lib/python3.8/site-packages/airflow/example_dags/example_local_kubernetes_executor.py took 0.111 seconds
[2026-01-21T11:35:02.940+0000] {processor.py:161} INFO - Started process (PID=17612) to work on /home/airflow/.local/lib/python3.8/site-packages/airflow/example_dags/example_local_kubernetes_executor.py
[2026-01-21T11:35:02.942+0000] {processor.py:830} INFO - Processing file /home/airflow/.local/lib/python3.8/site-packages/airflow/example_dags/example_local_kubernetes_executor.py for tasks to queue
[2026-01-21T11:35:02.944+0000] {logging_mixin.py:188} INFO - [2026-01-21T11:35:02.944+0000] {dagbag.py:538} INFO - Filling up the DagBag from /home/airflow/.local/lib/python3.8/site-packages/airflow/example_dags/example_local_kubernetes_executor.py
[2026-01-21T11:35:02.956+0000] {processor.py:840} INFO - DAG(s) 'example_local_kubernetes_executor' retrieved from /home/airflow/.local/lib/python3.8/site-packages/airflow/example_dags/example_local_kubernetes_executor.py
[2026-01-21T11:35:03.008+0000] {logging_mixin.py:188} INFO - [2026-01-21T11:35:03.008+0000] {dag.py:3036} INFO - Sync 1 DAGs
[2026-01-21T11:35:03.029+0000] {logging_mixin.py:188} INFO - [2026-01-21T11:35:03.029+0000] {dag.py:3823} INFO - Setting next_dagrun for example_local_kubernetes_executor to None, run_after=None
[2026-01-21T11:35:03.062+0000] {processor.py:183} INFO - Processing /home/airflow/.local/lib/python3.8/site-packages/airflow/example_dags/example_local_kubernetes_executor.py took 0.127 seconds
[2026-01-21T11:35:33.705+0000] {processor.py:161} INFO - Started process (PID=17684) to work on /home/airflow/.local/lib/python3.8/site-packages/airflow/example_dags/example_local_kubernetes_executor.py
[2026-01-21T11:35:33.707+0000] {processor.py:830} INFO - Processing file /home/airflow/.local/lib/python3.8/site-packages/airflow/example_dags/example_local_kubernetes_executor.py for tasks to queue
[2026-01-21T11:35:33.709+0000] {logging_mixin.py:188} INFO - [2026-01-21T11:35:33.709+0000] {dagbag.py:538} INFO - Filling up the DagBag from /home/airflow/.local/lib/python3.8/site-packages/airflow/example_dags/example_local_kubernetes_executor.py
[2026-01-21T11:35:33.722+0000] {processor.py:840} INFO - DAG(s) 'example_local_kubernetes_executor' retrieved from /home/airflow/.local/lib/python3.8/site-packages/airflow/example_dags/example_local_kubernetes_executor.py
[2026-01-21T11:35:33.789+0000] {logging_mixin.py:188} INFO - [2026-01-21T11:35:33.788+0000] {dag.py:3036} INFO - Sync 1 DAGs
[2026-01-21T11:35:33.814+0000] {logging_mixin.py:188} INFO - [2026-01-21T11:35:33.814+0000] {dag.py:3823} INFO - Setting next_dagrun for example_local_kubernetes_executor to None, run_after=None
[2026-01-21T11:35:33.844+0000] {processor.py:183} INFO - Processing /home/airflow/.local/lib/python3.8/site-packages/airflow/example_dags/example_local_kubernetes_executor.py took 0.144 seconds
[2026-01-21T11:36:04.621+0000] {processor.py:161} INFO - Started process (PID=17752) to work on /home/airflow/.local/lib/python3.8/site-packages/airflow/example_dags/example_local_kubernetes_executor.py
[2026-01-21T11:36:04.623+0000] {processor.py:830} INFO - Processing file /home/airflow/.local/lib/python3.8/site-packages/airflow/example_dags/example_local_kubernetes_executor.py for tasks to queue
[2026-01-21T11:36:04.626+0000] {logging_mixin.py:188} INFO - [2026-01-21T11:36:04.625+0000] {dagbag.py:538} INFO - Filling up the DagBag from /home/airflow/.local/lib/python3.8/site-packages/airflow/example_dags/example_local_kubernetes_executor.py
[2026-01-21T11:36:04.638+0000] {processor.py:840} INFO - DAG(s) 'example_local_kubernetes_executor' retrieved from /home/airflow/.local/lib/python3.8/site-packages/airflow/example_dags/example_local_kubernetes_executor.py
[2026-01-21T11:36:04.701+0000] {logging_mixin.py:188} INFO - [2026-01-21T11:36:04.701+0000] {dag.py:3036} INFO - Sync 1 DAGs
[2026-01-21T11:36:04.732+0000] {logging_mixin.py:188} INFO - [2026-01-21T11:36:04.731+0000] {dag.py:3823} INFO - Setting next_dagrun for example_local_kubernetes_executor to None, run_after=None
[2026-01-21T11:36:04.762+0000] {processor.py:183} INFO - Processing /home/airflow/.local/lib/python3.8/site-packages/airflow/example_dags/example_local_kubernetes_executor.py took 0.146 seconds
[2026-01-21T11:36:35.316+0000] {processor.py:161} INFO - Started process (PID=17819) to work on /home/airflow/.local/lib/python3.8/site-packages/airflow/example_dags/example_local_kubernetes_executor.py
[2026-01-21T11:36:35.329+0000] {processor.py:830} INFO - Processing file /home/airflow/.local/lib/python3.8/site-packages/airflow/example_dags/example_local_kubernetes_executor.py for tasks to queue
[2026-01-21T11:36:35.331+0000] {logging_mixin.py:188} INFO - [2026-01-21T11:36:35.331+0000] {dagbag.py:538} INFO - Filling up the DagBag from /home/airflow/.local/lib/python3.8/site-packages/airflow/example_dags/example_local_kubernetes_executor.py
[2026-01-21T11:36:35.356+0000] {processor.py:840} INFO - DAG(s) 'example_local_kubernetes_executor' retrieved from /home/airflow/.local/lib/python3.8/site-packages/airflow/example_dags/example_local_kubernetes_executor.py
[2026-01-21T11:36:35.473+0000] {logging_mixin.py:188} INFO - [2026-01-21T11:36:35.472+0000] {dag.py:3036} INFO - Sync 1 DAGs
[2026-01-21T11:36:35.497+0000] {logging_mixin.py:188} INFO - [2026-01-21T11:36:35.496+0000] {dag.py:3823} INFO - Setting next_dagrun for example_local_kubernetes_executor to None, run_after=None
[2026-01-21T11:36:35.527+0000] {processor.py:183} INFO - Processing /home/airflow/.local/lib/python3.8/site-packages/airflow/example_dags/example_local_kubernetes_executor.py took 0.230 seconds
[2026-01-21T11:37:05.631+0000] {processor.py:161} INFO - Started process (PID=17885) to work on /home/airflow/.local/lib/python3.8/site-packages/airflow/example_dags/example_local_kubernetes_executor.py
[2026-01-21T11:37:05.632+0000] {processor.py:830} INFO - Processing file /home/airflow/.local/lib/python3.8/site-packages/airflow/example_dags/example_local_kubernetes_executor.py for tasks to queue
[2026-01-21T11:37:05.635+0000] {logging_mixin.py:188} INFO - [2026-01-21T11:37:05.634+0000] {dagbag.py:538} INFO - Filling up the DagBag from /home/airflow/.local/lib/python3.8/site-packages/airflow/example_dags/example_local_kubernetes_executor.py
[2026-01-21T11:37:05.645+0000] {processor.py:840} INFO - DAG(s) 'example_local_kubernetes_executor' retrieved from /home/airflow/.local/lib/python3.8/site-packages/airflow/example_dags/example_local_kubernetes_executor.py
[2026-01-21T11:37:05.694+0000] {logging_mixin.py:188} INFO - [2026-01-21T11:37:05.694+0000] {dag.py:3036} INFO - Sync 1 DAGs
[2026-01-21T11:37:05.711+0000] {logging_mixin.py:188} INFO - [2026-01-21T11:37:05.711+0000] {dag.py:3823} INFO - Setting next_dagrun for example_local_kubernetes_executor to None, run_after=None
[2026-01-21T11:37:05.736+0000] {processor.py:183} INFO - Processing /home/airflow/.local/lib/python3.8/site-packages/airflow/example_dags/example_local_kubernetes_executor.py took 0.111 seconds
[2026-01-21T11:37:36.164+0000] {processor.py:161} INFO - Started process (PID=17951) to work on /home/airflow/.local/lib/python3.8/site-packages/airflow/example_dags/example_local_kubernetes_executor.py
[2026-01-21T11:37:36.166+0000] {processor.py:830} INFO - Processing file /home/airflow/.local/lib/python3.8/site-packages/airflow/example_dags/example_local_kubernetes_executor.py for tasks to queue
[2026-01-21T11:37:36.168+0000] {logging_mixin.py:188} INFO - [2026-01-21T11:37:36.167+0000] {dagbag.py:538} INFO - Filling up the DagBag from /home/airflow/.local/lib/python3.8/site-packages/airflow/example_dags/example_local_kubernetes_executor.py
[2026-01-21T11:37:36.178+0000] {processor.py:840} INFO - DAG(s) 'example_local_kubernetes_executor' retrieved from /home/airflow/.local/lib/python3.8/site-packages/airflow/example_dags/example_local_kubernetes_executor.py
[2026-01-21T11:37:36.228+0000] {logging_mixin.py:188} INFO - [2026-01-21T11:37:36.228+0000] {dag.py:3036} INFO - Sync 1 DAGs
[2026-01-21T11:37:36.247+0000] {logging_mixin.py:188} INFO - [2026-01-21T11:37:36.247+0000] {dag.py:3823} INFO - Setting next_dagrun for example_local_kubernetes_executor to None, run_after=None
[2026-01-21T11:37:36.276+0000] {processor.py:183} INFO - Processing /home/airflow/.local/lib/python3.8/site-packages/airflow/example_dags/example_local_kubernetes_executor.py took 0.116 seconds
[2026-01-21T11:38:06.501+0000] {processor.py:161} INFO - Started process (PID=18016) to work on /home/airflow/.local/lib/python3.8/site-packages/airflow/example_dags/example_local_kubernetes_executor.py
[2026-01-21T11:38:06.503+0000] {processor.py:830} INFO - Processing file /home/airflow/.local/lib/python3.8/site-packages/airflow/example_dags/example_local_kubernetes_executor.py for tasks to queue
[2026-01-21T11:38:06.506+0000] {logging_mixin.py:188} INFO - [2026-01-21T11:38:06.506+0000] {dagbag.py:538} INFO - Filling up the DagBag from /home/airflow/.local/lib/python3.8/site-packages/airflow/example_dags/example_local_kubernetes_executor.py
[2026-01-21T11:38:06.518+0000] {processor.py:840} INFO - DAG(s) 'example_local_kubernetes_executor' retrieved from /home/airflow/.local/lib/python3.8/site-packages/airflow/example_dags/example_local_kubernetes_executor.py
[2026-01-21T11:38:06.579+0000] {logging_mixin.py:188} INFO - [2026-01-21T11:38:06.579+0000] {dag.py:3036} INFO - Sync 1 DAGs
[2026-01-21T11:38:06.603+0000] {logging_mixin.py:188} INFO - [2026-01-21T11:38:06.602+0000] {dag.py:3823} INFO - Setting next_dagrun for example_local_kubernetes_executor to None, run_after=None
[2026-01-21T11:38:06.631+0000] {processor.py:183} INFO - Processing /home/airflow/.local/lib/python3.8/site-packages/airflow/example_dags/example_local_kubernetes_executor.py took 0.135 seconds
[2026-01-21T11:38:37.056+0000] {processor.py:161} INFO - Started process (PID=18082) to work on /home/airflow/.local/lib/python3.8/site-packages/airflow/example_dags/example_local_kubernetes_executor.py
[2026-01-21T11:38:37.058+0000] {processor.py:830} INFO - Processing file /home/airflow/.local/lib/python3.8/site-packages/airflow/example_dags/example_local_kubernetes_executor.py for tasks to queue
[2026-01-21T11:38:37.061+0000] {logging_mixin.py:188} INFO - [2026-01-21T11:38:37.060+0000] {dagbag.py:538} INFO - Filling up the DagBag from /home/airflow/.local/lib/python3.8/site-packages/airflow/example_dags/example_local_kubernetes_executor.py
[2026-01-21T11:38:37.073+0000] {processor.py:840} INFO - DAG(s) 'example_local_kubernetes_executor' retrieved from /home/airflow/.local/lib/python3.8/site-packages/airflow/example_dags/example_local_kubernetes_executor.py
[2026-01-21T11:38:37.137+0000] {logging_mixin.py:188} INFO - [2026-01-21T11:38:37.137+0000] {dag.py:3036} INFO - Sync 1 DAGs
[2026-01-21T11:38:37.157+0000] {logging_mixin.py:188} INFO - [2026-01-21T11:38:37.157+0000] {dag.py:3823} INFO - Setting next_dagrun for example_local_kubernetes_executor to None, run_after=None
[2026-01-21T11:38:37.184+0000] {processor.py:183} INFO - Processing /home/airflow/.local/lib/python3.8/site-packages/airflow/example_dags/example_local_kubernetes_executor.py took 0.133 seconds
[2026-01-21T11:39:07.317+0000] {processor.py:161} INFO - Started process (PID=18155) to work on /home/airflow/.local/lib/python3.8/site-packages/airflow/example_dags/example_local_kubernetes_executor.py
[2026-01-21T11:39:07.319+0000] {processor.py:830} INFO - Processing file /home/airflow/.local/lib/python3.8/site-packages/airflow/example_dags/example_local_kubernetes_executor.py for tasks to queue
[2026-01-21T11:39:07.322+0000] {logging_mixin.py:188} INFO - [2026-01-21T11:39:07.321+0000] {dagbag.py:538} INFO - Filling up the DagBag from /home/airflow/.local/lib/python3.8/site-packages/airflow/example_dags/example_local_kubernetes_executor.py
[2026-01-21T11:39:07.334+0000] {processor.py:840} INFO - DAG(s) 'example_local_kubernetes_executor' retrieved from /home/airflow/.local/lib/python3.8/site-packages/airflow/example_dags/example_local_kubernetes_executor.py
[2026-01-21T11:39:07.397+0000] {logging_mixin.py:188} INFO - [2026-01-21T11:39:07.396+0000] {dag.py:3036} INFO - Sync 1 DAGs
[2026-01-21T11:39:07.420+0000] {logging_mixin.py:188} INFO - [2026-01-21T11:39:07.419+0000] {dag.py:3823} INFO - Setting next_dagrun for example_local_kubernetes_executor to None, run_after=None
[2026-01-21T11:39:07.451+0000] {processor.py:183} INFO - Processing /home/airflow/.local/lib/python3.8/site-packages/airflow/example_dags/example_local_kubernetes_executor.py took 0.139 seconds
[2026-01-21T11:39:37.785+0000] {processor.py:161} INFO - Started process (PID=18221) to work on /home/airflow/.local/lib/python3.8/site-packages/airflow/example_dags/example_local_kubernetes_executor.py
[2026-01-21T11:39:37.787+0000] {processor.py:830} INFO - Processing file /home/airflow/.local/lib/python3.8/site-packages/airflow/example_dags/example_local_kubernetes_executor.py for tasks to queue
[2026-01-21T11:39:37.789+0000] {logging_mixin.py:188} INFO - [2026-01-21T11:39:37.789+0000] {dagbag.py:538} INFO - Filling up the DagBag from /home/airflow/.local/lib/python3.8/site-packages/airflow/example_dags/example_local_kubernetes_executor.py
[2026-01-21T11:39:37.799+0000] {processor.py:840} INFO - DAG(s) 'example_local_kubernetes_executor' retrieved from /home/airflow/.local/lib/python3.8/site-packages/airflow/example_dags/example_local_kubernetes_executor.py
[2026-01-21T11:39:37.853+0000] {logging_mixin.py:188} INFO - [2026-01-21T11:39:37.852+0000] {dag.py:3036} INFO - Sync 1 DAGs
[2026-01-21T11:39:37.873+0000] {logging_mixin.py:188} INFO - [2026-01-21T11:39:37.873+0000] {dag.py:3823} INFO - Setting next_dagrun for example_local_kubernetes_executor to None, run_after=None
[2026-01-21T11:39:37.905+0000] {processor.py:183} INFO - Processing /home/airflow/.local/lib/python3.8/site-packages/airflow/example_dags/example_local_kubernetes_executor.py took 0.124 seconds
[2026-01-21T11:40:08.264+0000] {processor.py:161} INFO - Started process (PID=18285) to work on /home/airflow/.local/lib/python3.8/site-packages/airflow/example_dags/example_local_kubernetes_executor.py
[2026-01-21T11:40:08.265+0000] {processor.py:830} INFO - Processing file /home/airflow/.local/lib/python3.8/site-packages/airflow/example_dags/example_local_kubernetes_executor.py for tasks to queue
[2026-01-21T11:40:08.268+0000] {logging_mixin.py:188} INFO - [2026-01-21T11:40:08.268+0000] {dagbag.py:538} INFO - Filling up the DagBag from /home/airflow/.local/lib/python3.8/site-packages/airflow/example_dags/example_local_kubernetes_executor.py
[2026-01-21T11:40:08.281+0000] {processor.py:840} INFO - DAG(s) 'example_local_kubernetes_executor' retrieved from /home/airflow/.local/lib/python3.8/site-packages/airflow/example_dags/example_local_kubernetes_executor.py
[2026-01-21T11:40:08.342+0000] {logging_mixin.py:188} INFO - [2026-01-21T11:40:08.342+0000] {dag.py:3036} INFO - Sync 1 DAGs
[2026-01-21T11:40:08.364+0000] {logging_mixin.py:188} INFO - [2026-01-21T11:40:08.364+0000] {dag.py:3823} INFO - Setting next_dagrun for example_local_kubernetes_executor to None, run_after=None
[2026-01-21T11:40:08.396+0000] {processor.py:183} INFO - Processing /home/airflow/.local/lib/python3.8/site-packages/airflow/example_dags/example_local_kubernetes_executor.py took 0.138 seconds
[2026-01-21T11:40:38.448+0000] {processor.py:161} INFO - Started process (PID=18349) to work on /home/airflow/.local/lib/python3.8/site-packages/airflow/example_dags/example_local_kubernetes_executor.py
[2026-01-21T11:40:38.450+0000] {processor.py:830} INFO - Processing file /home/airflow/.local/lib/python3.8/site-packages/airflow/example_dags/example_local_kubernetes_executor.py for tasks to queue
[2026-01-21T11:40:38.452+0000] {logging_mixin.py:188} INFO - [2026-01-21T11:40:38.452+0000] {dagbag.py:538} INFO - Filling up the DagBag from /home/airflow/.local/lib/python3.8/site-packages/airflow/example_dags/example_local_kubernetes_executor.py
[2026-01-21T11:40:38.463+0000] {processor.py:840} INFO - DAG(s) 'example_local_kubernetes_executor' retrieved from /home/airflow/.local/lib/python3.8/site-packages/airflow/example_dags/example_local_kubernetes_executor.py
[2026-01-21T11:40:38.512+0000] {logging_mixin.py:188} INFO - [2026-01-21T11:40:38.511+0000] {dag.py:3036} INFO - Sync 1 DAGs
[2026-01-21T11:40:38.530+0000] {logging_mixin.py:188} INFO - [2026-01-21T11:40:38.530+0000] {dag.py:3823} INFO - Setting next_dagrun for example_local_kubernetes_executor to None, run_after=None
[2026-01-21T11:40:38.556+0000] {processor.py:183} INFO - Processing /home/airflow/.local/lib/python3.8/site-packages/airflow/example_dags/example_local_kubernetes_executor.py took 0.114 seconds
[2026-01-21T11:41:08.952+0000] {processor.py:161} INFO - Started process (PID=18417) to work on /home/airflow/.local/lib/python3.8/site-packages/airflow/example_dags/example_local_kubernetes_executor.py
[2026-01-21T11:41:08.953+0000] {processor.py:830} INFO - Processing file /home/airflow/.local/lib/python3.8/site-packages/airflow/example_dags/example_local_kubernetes_executor.py for tasks to queue
[2026-01-21T11:41:08.956+0000] {logging_mixin.py:188} INFO - [2026-01-21T11:41:08.956+0000] {dagbag.py:538} INFO - Filling up the DagBag from /home/airflow/.local/lib/python3.8/site-packages/airflow/example_dags/example_local_kubernetes_executor.py
[2026-01-21T11:41:08.969+0000] {processor.py:840} INFO - DAG(s) 'example_local_kubernetes_executor' retrieved from /home/airflow/.local/lib/python3.8/site-packages/airflow/example_dags/example_local_kubernetes_executor.py
[2026-01-21T11:41:09.020+0000] {logging_mixin.py:188} INFO - [2026-01-21T11:41:09.020+0000] {dag.py:3036} INFO - Sync 1 DAGs
[2026-01-21T11:41:09.039+0000] {logging_mixin.py:188} INFO - [2026-01-21T11:41:09.039+0000] {dag.py:3823} INFO - Setting next_dagrun for example_local_kubernetes_executor to None, run_after=None
[2026-01-21T11:41:09.065+0000] {processor.py:183} INFO - Processing /home/airflow/.local/lib/python3.8/site-packages/airflow/example_dags/example_local_kubernetes_executor.py took 0.119 seconds
[2026-01-21T11:41:39.418+0000] {processor.py:161} INFO - Started process (PID=18482) to work on /home/airflow/.local/lib/python3.8/site-packages/airflow/example_dags/example_local_kubernetes_executor.py
[2026-01-21T11:41:39.420+0000] {processor.py:830} INFO - Processing file /home/airflow/.local/lib/python3.8/site-packages/airflow/example_dags/example_local_kubernetes_executor.py for tasks to queue
[2026-01-21T11:41:39.424+0000] {logging_mixin.py:188} INFO - [2026-01-21T11:41:39.423+0000] {dagbag.py:538} INFO - Filling up the DagBag from /home/airflow/.local/lib/python3.8/site-packages/airflow/example_dags/example_local_kubernetes_executor.py
[2026-01-21T11:41:39.438+0000] {processor.py:840} INFO - DAG(s) 'example_local_kubernetes_executor' retrieved from /home/airflow/.local/lib/python3.8/site-packages/airflow/example_dags/example_local_kubernetes_executor.py
[2026-01-21T11:41:39.513+0000] {logging_mixin.py:188} INFO - [2026-01-21T11:41:39.513+0000] {dag.py:3036} INFO - Sync 1 DAGs
[2026-01-21T11:41:39.538+0000] {logging_mixin.py:188} INFO - [2026-01-21T11:41:39.538+0000] {dag.py:3823} INFO - Setting next_dagrun for example_local_kubernetes_executor to None, run_after=None
[2026-01-21T11:41:39.570+0000] {processor.py:183} INFO - Processing /home/airflow/.local/lib/python3.8/site-packages/airflow/example_dags/example_local_kubernetes_executor.py took 0.159 seconds
[2026-01-21T11:42:10.158+0000] {processor.py:161} INFO - Started process (PID=18548) to work on /home/airflow/.local/lib/python3.8/site-packages/airflow/example_dags/example_local_kubernetes_executor.py
[2026-01-21T11:42:10.159+0000] {processor.py:830} INFO - Processing file /home/airflow/.local/lib/python3.8/site-packages/airflow/example_dags/example_local_kubernetes_executor.py for tasks to queue
[2026-01-21T11:42:10.162+0000] {logging_mixin.py:188} INFO - [2026-01-21T11:42:10.161+0000] {dagbag.py:538} INFO - Filling up the DagBag from /home/airflow/.local/lib/python3.8/site-packages/airflow/example_dags/example_local_kubernetes_executor.py
[2026-01-21T11:42:10.173+0000] {processor.py:840} INFO - DAG(s) 'example_local_kubernetes_executor' retrieved from /home/airflow/.local/lib/python3.8/site-packages/airflow/example_dags/example_local_kubernetes_executor.py
[2026-01-21T11:42:10.237+0000] {logging_mixin.py:188} INFO - [2026-01-21T11:42:10.237+0000] {dag.py:3036} INFO - Sync 1 DAGs
[2026-01-21T11:42:10.261+0000] {logging_mixin.py:188} INFO - [2026-01-21T11:42:10.260+0000] {dag.py:3823} INFO - Setting next_dagrun for example_local_kubernetes_executor to None, run_after=None
[2026-01-21T11:42:10.290+0000] {processor.py:183} INFO - Processing /home/airflow/.local/lib/python3.8/site-packages/airflow/example_dags/example_local_kubernetes_executor.py took 0.137 seconds
[2026-01-21T11:42:40.508+0000] {processor.py:161} INFO - Started process (PID=18614) to work on /home/airflow/.local/lib/python3.8/site-packages/airflow/example_dags/example_local_kubernetes_executor.py
[2026-01-21T11:42:40.510+0000] {processor.py:830} INFO - Processing file /home/airflow/.local/lib/python3.8/site-packages/airflow/example_dags/example_local_kubernetes_executor.py for tasks to queue
[2026-01-21T11:42:40.512+0000] {logging_mixin.py:188} INFO - [2026-01-21T11:42:40.512+0000] {dagbag.py:538} INFO - Filling up the DagBag from /home/airflow/.local/lib/python3.8/site-packages/airflow/example_dags/example_local_kubernetes_executor.py
[2026-01-21T11:42:40.522+0000] {processor.py:840} INFO - DAG(s) 'example_local_kubernetes_executor' retrieved from /home/airflow/.local/lib/python3.8/site-packages/airflow/example_dags/example_local_kubernetes_executor.py
[2026-01-21T11:42:40.578+0000] {logging_mixin.py:188} INFO - [2026-01-21T11:42:40.577+0000] {dag.py:3036} INFO - Sync 1 DAGs
[2026-01-21T11:42:40.597+0000] {logging_mixin.py:188} INFO - [2026-01-21T11:42:40.596+0000] {dag.py:3823} INFO - Setting next_dagrun for example_local_kubernetes_executor to None, run_after=None
[2026-01-21T11:42:40.622+0000] {processor.py:183} INFO - Processing /home/airflow/.local/lib/python3.8/site-packages/airflow/example_dags/example_local_kubernetes_executor.py took 0.119 seconds
[2026-01-21T11:43:10.786+0000] {processor.py:161} INFO - Started process (PID=18687) to work on /home/airflow/.local/lib/python3.8/site-packages/airflow/example_dags/example_local_kubernetes_executor.py
[2026-01-21T11:43:10.787+0000] {processor.py:830} INFO - Processing file /home/airflow/.local/lib/python3.8/site-packages/airflow/example_dags/example_local_kubernetes_executor.py for tasks to queue
[2026-01-21T11:43:10.790+0000] {logging_mixin.py:188} INFO - [2026-01-21T11:43:10.790+0000] {dagbag.py:538} INFO - Filling up the DagBag from /home/airflow/.local/lib/python3.8/site-packages/airflow/example_dags/example_local_kubernetes_executor.py
[2026-01-21T11:43:10.802+0000] {processor.py:840} INFO - DAG(s) 'example_local_kubernetes_executor' retrieved from /home/airflow/.local/lib/python3.8/site-packages/airflow/example_dags/example_local_kubernetes_executor.py
[2026-01-21T11:43:10.856+0000] {logging_mixin.py:188} INFO - [2026-01-21T11:43:10.856+0000] {dag.py:3036} INFO - Sync 1 DAGs
[2026-01-21T11:43:10.876+0000] {logging_mixin.py:188} INFO - [2026-01-21T11:43:10.875+0000] {dag.py:3823} INFO - Setting next_dagrun for example_local_kubernetes_executor to None, run_after=None
[2026-01-21T11:43:10.906+0000] {processor.py:183} INFO - Processing /home/airflow/.local/lib/python3.8/site-packages/airflow/example_dags/example_local_kubernetes_executor.py took 0.125 seconds
[2026-01-21T11:43:41.361+0000] {processor.py:161} INFO - Started process (PID=18752) to work on /home/airflow/.local/lib/python3.8/site-packages/airflow/example_dags/example_local_kubernetes_executor.py
[2026-01-21T11:43:41.363+0000] {processor.py:830} INFO - Processing file /home/airflow/.local/lib/python3.8/site-packages/airflow/example_dags/example_local_kubernetes_executor.py for tasks to queue
[2026-01-21T11:43:41.365+0000] {logging_mixin.py:188} INFO - [2026-01-21T11:43:41.365+0000] {dagbag.py:538} INFO - Filling up the DagBag from /home/airflow/.local/lib/python3.8/site-packages/airflow/example_dags/example_local_kubernetes_executor.py
[2026-01-21T11:43:41.375+0000] {processor.py:840} INFO - DAG(s) 'example_local_kubernetes_executor' retrieved from /home/airflow/.local/lib/python3.8/site-packages/airflow/example_dags/example_local_kubernetes_executor.py
[2026-01-21T11:43:41.430+0000] {logging_mixin.py:188} INFO - [2026-01-21T11:43:41.429+0000] {dag.py:3036} INFO - Sync 1 DAGs
[2026-01-21T11:43:41.451+0000] {logging_mixin.py:188} INFO - [2026-01-21T11:43:41.451+0000] {dag.py:3823} INFO - Setting next_dagrun for example_local_kubernetes_executor to None, run_after=None
[2026-01-21T11:43:41.479+0000] {processor.py:183} INFO - Processing /home/airflow/.local/lib/python3.8/site-packages/airflow/example_dags/example_local_kubernetes_executor.py took 0.123 seconds
[2026-01-21T11:44:11.637+0000] {processor.py:161} INFO - Started process (PID=18818) to work on /home/airflow/.local/lib/python3.8/site-packages/airflow/example_dags/example_local_kubernetes_executor.py
[2026-01-21T11:44:11.638+0000] {processor.py:830} INFO - Processing file /home/airflow/.local/lib/python3.8/site-packages/airflow/example_dags/example_local_kubernetes_executor.py for tasks to queue
[2026-01-21T11:44:11.640+0000] {logging_mixin.py:188} INFO - [2026-01-21T11:44:11.640+0000] {dagbag.py:538} INFO - Filling up the DagBag from /home/airflow/.local/lib/python3.8/site-packages/airflow/example_dags/example_local_kubernetes_executor.py
[2026-01-21T11:44:11.650+0000] {processor.py:840} INFO - DAG(s) 'example_local_kubernetes_executor' retrieved from /home/airflow/.local/lib/python3.8/site-packages/airflow/example_dags/example_local_kubernetes_executor.py
[2026-01-21T11:44:11.710+0000] {logging_mixin.py:188} INFO - [2026-01-21T11:44:11.709+0000] {dag.py:3036} INFO - Sync 1 DAGs
[2026-01-21T11:44:11.733+0000] {logging_mixin.py:188} INFO - [2026-01-21T11:44:11.732+0000] {dag.py:3823} INFO - Setting next_dagrun for example_local_kubernetes_executor to None, run_after=None
[2026-01-21T11:44:11.772+0000] {processor.py:183} INFO - Processing /home/airflow/.local/lib/python3.8/site-packages/airflow/example_dags/example_local_kubernetes_executor.py took 0.140 seconds
[2026-01-21T11:44:42.202+0000] {processor.py:161} INFO - Started process (PID=18883) to work on /home/airflow/.local/lib/python3.8/site-packages/airflow/example_dags/example_local_kubernetes_executor.py
[2026-01-21T11:44:42.204+0000] {processor.py:830} INFO - Processing file /home/airflow/.local/lib/python3.8/site-packages/airflow/example_dags/example_local_kubernetes_executor.py for tasks to queue
[2026-01-21T11:44:42.206+0000] {logging_mixin.py:188} INFO - [2026-01-21T11:44:42.206+0000] {dagbag.py:538} INFO - Filling up the DagBag from /home/airflow/.local/lib/python3.8/site-packages/airflow/example_dags/example_local_kubernetes_executor.py
[2026-01-21T11:44:42.216+0000] {processor.py:840} INFO - DAG(s) 'example_local_kubernetes_executor' retrieved from /home/airflow/.local/lib/python3.8/site-packages/airflow/example_dags/example_local_kubernetes_executor.py
[2026-01-21T11:44:42.275+0000] {logging_mixin.py:188} INFO - [2026-01-21T11:44:42.274+0000] {dag.py:3036} INFO - Sync 1 DAGs
[2026-01-21T11:44:42.297+0000] {logging_mixin.py:188} INFO - [2026-01-21T11:44:42.296+0000] {dag.py:3823} INFO - Setting next_dagrun for example_local_kubernetes_executor to None, run_after=None
[2026-01-21T11:44:42.326+0000] {processor.py:183} INFO - Processing /home/airflow/.local/lib/python3.8/site-packages/airflow/example_dags/example_local_kubernetes_executor.py took 0.129 seconds
[2026-01-21T11:45:12.536+0000] {processor.py:161} INFO - Started process (PID=18950) to work on /home/airflow/.local/lib/python3.8/site-packages/airflow/example_dags/example_local_kubernetes_executor.py
[2026-01-21T11:45:12.537+0000] {processor.py:830} INFO - Processing file /home/airflow/.local/lib/python3.8/site-packages/airflow/example_dags/example_local_kubernetes_executor.py for tasks to queue
[2026-01-21T11:45:12.539+0000] {logging_mixin.py:188} INFO - [2026-01-21T11:45:12.539+0000] {dagbag.py:538} INFO - Filling up the DagBag from /home/airflow/.local/lib/python3.8/site-packages/airflow/example_dags/example_local_kubernetes_executor.py
[2026-01-21T11:45:12.550+0000] {processor.py:840} INFO - DAG(s) 'example_local_kubernetes_executor' retrieved from /home/airflow/.local/lib/python3.8/site-packages/airflow/example_dags/example_local_kubernetes_executor.py
[2026-01-21T11:45:12.601+0000] {logging_mixin.py:188} INFO - [2026-01-21T11:45:12.600+0000] {dag.py:3036} INFO - Sync 1 DAGs
[2026-01-21T11:45:12.618+0000] {logging_mixin.py:188} INFO - [2026-01-21T11:45:12.618+0000] {dag.py:3823} INFO - Setting next_dagrun for example_local_kubernetes_executor to None, run_after=None
[2026-01-21T11:45:12.642+0000] {processor.py:183} INFO - Processing /home/airflow/.local/lib/python3.8/site-packages/airflow/example_dags/example_local_kubernetes_executor.py took 0.111 seconds
[2026-01-21T11:45:42.830+0000] {processor.py:161} INFO - Started process (PID=19014) to work on /home/airflow/.local/lib/python3.8/site-packages/airflow/example_dags/example_local_kubernetes_executor.py
[2026-01-21T11:45:42.831+0000] {processor.py:830} INFO - Processing file /home/airflow/.local/lib/python3.8/site-packages/airflow/example_dags/example_local_kubernetes_executor.py for tasks to queue
[2026-01-21T11:45:42.834+0000] {logging_mixin.py:188} INFO - [2026-01-21T11:45:42.833+0000] {dagbag.py:538} INFO - Filling up the DagBag from /home/airflow/.local/lib/python3.8/site-packages/airflow/example_dags/example_local_kubernetes_executor.py
[2026-01-21T11:45:42.844+0000] {processor.py:840} INFO - DAG(s) 'example_local_kubernetes_executor' retrieved from /home/airflow/.local/lib/python3.8/site-packages/airflow/example_dags/example_local_kubernetes_executor.py
[2026-01-21T11:45:42.893+0000] {logging_mixin.py:188} INFO - [2026-01-21T11:45:42.893+0000] {dag.py:3036} INFO - Sync 1 DAGs
[2026-01-21T11:45:42.912+0000] {logging_mixin.py:188} INFO - [2026-01-21T11:45:42.911+0000] {dag.py:3823} INFO - Setting next_dagrun for example_local_kubernetes_executor to None, run_after=None
[2026-01-21T11:45:42.939+0000] {processor.py:183} INFO - Processing /home/airflow/.local/lib/python3.8/site-packages/airflow/example_dags/example_local_kubernetes_executor.py took 0.113 seconds
[2026-01-21T11:46:13.378+0000] {processor.py:161} INFO - Started process (PID=19085) to work on /home/airflow/.local/lib/python3.8/site-packages/airflow/example_dags/example_local_kubernetes_executor.py
[2026-01-21T11:46:13.379+0000] {processor.py:830} INFO - Processing file /home/airflow/.local/lib/python3.8/site-packages/airflow/example_dags/example_local_kubernetes_executor.py for tasks to queue
[2026-01-21T11:46:13.382+0000] {logging_mixin.py:188} INFO - [2026-01-21T11:46:13.382+0000] {dagbag.py:538} INFO - Filling up the DagBag from /home/airflow/.local/lib/python3.8/site-packages/airflow/example_dags/example_local_kubernetes_executor.py
[2026-01-21T11:46:13.394+0000] {processor.py:840} INFO - DAG(s) 'example_local_kubernetes_executor' retrieved from /home/airflow/.local/lib/python3.8/site-packages/airflow/example_dags/example_local_kubernetes_executor.py
[2026-01-21T11:46:13.450+0000] {logging_mixin.py:188} INFO - [2026-01-21T11:46:13.450+0000] {dag.py:3036} INFO - Sync 1 DAGs
[2026-01-21T11:46:13.469+0000] {logging_mixin.py:188} INFO - [2026-01-21T11:46:13.468+0000] {dag.py:3823} INFO - Setting next_dagrun for example_local_kubernetes_executor to None, run_after=None
[2026-01-21T11:46:13.496+0000] {processor.py:183} INFO - Processing /home/airflow/.local/lib/python3.8/site-packages/airflow/example_dags/example_local_kubernetes_executor.py took 0.123 seconds
[2026-01-21T11:46:44.485+0000] {processor.py:161} INFO - Started process (PID=19152) to work on /home/airflow/.local/lib/python3.8/site-packages/airflow/example_dags/example_local_kubernetes_executor.py
[2026-01-21T11:46:44.486+0000] {processor.py:830} INFO - Processing file /home/airflow/.local/lib/python3.8/site-packages/airflow/example_dags/example_local_kubernetes_executor.py for tasks to queue
[2026-01-21T11:46:44.489+0000] {logging_mixin.py:188} INFO - [2026-01-21T11:46:44.488+0000] {dagbag.py:538} INFO - Filling up the DagBag from /home/airflow/.local/lib/python3.8/site-packages/airflow/example_dags/example_local_kubernetes_executor.py
[2026-01-21T11:46:44.501+0000] {processor.py:840} INFO - DAG(s) 'example_local_kubernetes_executor' retrieved from /home/airflow/.local/lib/python3.8/site-packages/airflow/example_dags/example_local_kubernetes_executor.py
[2026-01-21T11:46:44.565+0000] {logging_mixin.py:188} INFO - [2026-01-21T11:46:44.565+0000] {dag.py:3036} INFO - Sync 1 DAGs
[2026-01-21T11:46:44.588+0000] {logging_mixin.py:188} INFO - [2026-01-21T11:46:44.588+0000] {dag.py:3823} INFO - Setting next_dagrun for example_local_kubernetes_executor to None, run_after=None
[2026-01-21T11:46:44.620+0000] {processor.py:183} INFO - Processing /home/airflow/.local/lib/python3.8/site-packages/airflow/example_dags/example_local_kubernetes_executor.py took 0.141 seconds
[2026-01-21T11:47:14.776+0000] {processor.py:161} INFO - Started process (PID=19218) to work on /home/airflow/.local/lib/python3.8/site-packages/airflow/example_dags/example_local_kubernetes_executor.py
[2026-01-21T11:47:14.778+0000] {processor.py:830} INFO - Processing file /home/airflow/.local/lib/python3.8/site-packages/airflow/example_dags/example_local_kubernetes_executor.py for tasks to queue
[2026-01-21T11:47:14.781+0000] {logging_mixin.py:188} INFO - [2026-01-21T11:47:14.780+0000] {dagbag.py:538} INFO - Filling up the DagBag from /home/airflow/.local/lib/python3.8/site-packages/airflow/example_dags/example_local_kubernetes_executor.py
[2026-01-21T11:47:14.794+0000] {processor.py:840} INFO - DAG(s) 'example_local_kubernetes_executor' retrieved from /home/airflow/.local/lib/python3.8/site-packages/airflow/example_dags/example_local_kubernetes_executor.py
[2026-01-21T11:47:14.858+0000] {logging_mixin.py:188} INFO - [2026-01-21T11:47:14.858+0000] {dag.py:3036} INFO - Sync 1 DAGs
[2026-01-21T11:47:14.888+0000] {logging_mixin.py:188} INFO - [2026-01-21T11:47:14.888+0000] {dag.py:3823} INFO - Setting next_dagrun for example_local_kubernetes_executor to None, run_after=None
[2026-01-21T11:47:14.920+0000] {processor.py:183} INFO - Processing /home/airflow/.local/lib/python3.8/site-packages/airflow/example_dags/example_local_kubernetes_executor.py took 0.150 seconds
[2026-01-21T11:47:45.206+0000] {processor.py:161} INFO - Started process (PID=19284) to work on /home/airflow/.local/lib/python3.8/site-packages/airflow/example_dags/example_local_kubernetes_executor.py
[2026-01-21T11:47:45.207+0000] {processor.py:830} INFO - Processing file /home/airflow/.local/lib/python3.8/site-packages/airflow/example_dags/example_local_kubernetes_executor.py for tasks to queue
[2026-01-21T11:47:45.209+0000] {logging_mixin.py:188} INFO - [2026-01-21T11:47:45.209+0000] {dagbag.py:538} INFO - Filling up the DagBag from /home/airflow/.local/lib/python3.8/site-packages/airflow/example_dags/example_local_kubernetes_executor.py
[2026-01-21T11:47:45.219+0000] {processor.py:840} INFO - DAG(s) 'example_local_kubernetes_executor' retrieved from /home/airflow/.local/lib/python3.8/site-packages/airflow/example_dags/example_local_kubernetes_executor.py
[2026-01-21T11:47:45.270+0000] {logging_mixin.py:188} INFO - [2026-01-21T11:47:45.269+0000] {dag.py:3036} INFO - Sync 1 DAGs
[2026-01-21T11:47:45.288+0000] {logging_mixin.py:188} INFO - [2026-01-21T11:47:45.287+0000] {dag.py:3823} INFO - Setting next_dagrun for example_local_kubernetes_executor to None, run_after=None
[2026-01-21T11:47:45.312+0000] {processor.py:183} INFO - Processing /home/airflow/.local/lib/python3.8/site-packages/airflow/example_dags/example_local_kubernetes_executor.py took 0.110 seconds
[2026-01-21T11:48:15.530+0000] {processor.py:161} INFO - Started process (PID=19350) to work on /home/airflow/.local/lib/python3.8/site-packages/airflow/example_dags/example_local_kubernetes_executor.py
[2026-01-21T11:48:15.531+0000] {processor.py:830} INFO - Processing file /home/airflow/.local/lib/python3.8/site-packages/airflow/example_dags/example_local_kubernetes_executor.py for tasks to queue
[2026-01-21T11:48:15.534+0000] {logging_mixin.py:188} INFO - [2026-01-21T11:48:15.533+0000] {dagbag.py:538} INFO - Filling up the DagBag from /home/airflow/.local/lib/python3.8/site-packages/airflow/example_dags/example_local_kubernetes_executor.py
[2026-01-21T11:48:15.545+0000] {processor.py:840} INFO - DAG(s) 'example_local_kubernetes_executor' retrieved from /home/airflow/.local/lib/python3.8/site-packages/airflow/example_dags/example_local_kubernetes_executor.py
[2026-01-21T11:48:15.598+0000] {logging_mixin.py:188} INFO - [2026-01-21T11:48:15.597+0000] {dag.py:3036} INFO - Sync 1 DAGs
[2026-01-21T11:48:15.618+0000] {logging_mixin.py:188} INFO - [2026-01-21T11:48:15.617+0000] {dag.py:3823} INFO - Setting next_dagrun for example_local_kubernetes_executor to None, run_after=None
[2026-01-21T11:48:15.645+0000] {processor.py:183} INFO - Processing /home/airflow/.local/lib/python3.8/site-packages/airflow/example_dags/example_local_kubernetes_executor.py took 0.120 seconds
[2026-01-21T11:48:45.775+0000] {processor.py:161} INFO - Started process (PID=19418) to work on /home/airflow/.local/lib/python3.8/site-packages/airflow/example_dags/example_local_kubernetes_executor.py
[2026-01-21T11:48:45.776+0000] {processor.py:830} INFO - Processing file /home/airflow/.local/lib/python3.8/site-packages/airflow/example_dags/example_local_kubernetes_executor.py for tasks to queue
[2026-01-21T11:48:45.778+0000] {logging_mixin.py:188} INFO - [2026-01-21T11:48:45.778+0000] {dagbag.py:538} INFO - Filling up the DagBag from /home/airflow/.local/lib/python3.8/site-packages/airflow/example_dags/example_local_kubernetes_executor.py
[2026-01-21T11:48:45.788+0000] {processor.py:840} INFO - DAG(s) 'example_local_kubernetes_executor' retrieved from /home/airflow/.local/lib/python3.8/site-packages/airflow/example_dags/example_local_kubernetes_executor.py
[2026-01-21T11:48:45.840+0000] {logging_mixin.py:188} INFO - [2026-01-21T11:48:45.840+0000] {dag.py:3036} INFO - Sync 1 DAGs
[2026-01-21T11:48:45.861+0000] {logging_mixin.py:188} INFO - [2026-01-21T11:48:45.861+0000] {dag.py:3823} INFO - Setting next_dagrun for example_local_kubernetes_executor to None, run_after=None
[2026-01-21T11:48:45.890+0000] {processor.py:183} INFO - Processing /home/airflow/.local/lib/python3.8/site-packages/airflow/example_dags/example_local_kubernetes_executor.py took 0.120 seconds
[2026-01-21T11:49:15.970+0000] {processor.py:161} INFO - Started process (PID=19484) to work on /home/airflow/.local/lib/python3.8/site-packages/airflow/example_dags/example_local_kubernetes_executor.py
[2026-01-21T11:49:15.972+0000] {processor.py:830} INFO - Processing file /home/airflow/.local/lib/python3.8/site-packages/airflow/example_dags/example_local_kubernetes_executor.py for tasks to queue
[2026-01-21T11:49:15.975+0000] {logging_mixin.py:188} INFO - [2026-01-21T11:49:15.975+0000] {dagbag.py:538} INFO - Filling up the DagBag from /home/airflow/.local/lib/python3.8/site-packages/airflow/example_dags/example_local_kubernetes_executor.py
[2026-01-21T11:49:15.988+0000] {processor.py:840} INFO - DAG(s) 'example_local_kubernetes_executor' retrieved from /home/airflow/.local/lib/python3.8/site-packages/airflow/example_dags/example_local_kubernetes_executor.py
[2026-01-21T11:49:16.039+0000] {logging_mixin.py:188} INFO - [2026-01-21T11:49:16.038+0000] {dag.py:3036} INFO - Sync 1 DAGs
[2026-01-21T11:49:16.057+0000] {logging_mixin.py:188} INFO - [2026-01-21T11:49:16.056+0000] {dag.py:3823} INFO - Setting next_dagrun for example_local_kubernetes_executor to None, run_after=None
[2026-01-21T11:49:16.085+0000] {processor.py:183} INFO - Processing /home/airflow/.local/lib/python3.8/site-packages/airflow/example_dags/example_local_kubernetes_executor.py took 0.120 seconds
[2026-01-21T11:49:46.778+0000] {processor.py:161} INFO - Started process (PID=19549) to work on /home/airflow/.local/lib/python3.8/site-packages/airflow/example_dags/example_local_kubernetes_executor.py
[2026-01-21T11:49:46.781+0000] {processor.py:830} INFO - Processing file /home/airflow/.local/lib/python3.8/site-packages/airflow/example_dags/example_local_kubernetes_executor.py for tasks to queue
[2026-01-21T11:49:46.783+0000] {logging_mixin.py:188} INFO - [2026-01-21T11:49:46.783+0000] {dagbag.py:538} INFO - Filling up the DagBag from /home/airflow/.local/lib/python3.8/site-packages/airflow/example_dags/example_local_kubernetes_executor.py
[2026-01-21T11:49:46.796+0000] {processor.py:840} INFO - DAG(s) 'example_local_kubernetes_executor' retrieved from /home/airflow/.local/lib/python3.8/site-packages/airflow/example_dags/example_local_kubernetes_executor.py
[2026-01-21T11:49:46.867+0000] {logging_mixin.py:188} INFO - [2026-01-21T11:49:46.866+0000] {dag.py:3036} INFO - Sync 1 DAGs
[2026-01-21T11:49:46.890+0000] {logging_mixin.py:188} INFO - [2026-01-21T11:49:46.889+0000] {dag.py:3823} INFO - Setting next_dagrun for example_local_kubernetes_executor to None, run_after=None
[2026-01-21T11:49:46.922+0000] {processor.py:183} INFO - Processing /home/airflow/.local/lib/python3.8/site-packages/airflow/example_dags/example_local_kubernetes_executor.py took 0.149 seconds
[2026-01-21T11:50:17.214+0000] {processor.py:161} INFO - Started process (PID=19622) to work on /home/airflow/.local/lib/python3.8/site-packages/airflow/example_dags/example_local_kubernetes_executor.py
[2026-01-21T11:50:17.215+0000] {processor.py:830} INFO - Processing file /home/airflow/.local/lib/python3.8/site-packages/airflow/example_dags/example_local_kubernetes_executor.py for tasks to queue
[2026-01-21T11:50:17.217+0000] {logging_mixin.py:188} INFO - [2026-01-21T11:50:17.217+0000] {dagbag.py:538} INFO - Filling up the DagBag from /home/airflow/.local/lib/python3.8/site-packages/airflow/example_dags/example_local_kubernetes_executor.py
[2026-01-21T11:50:17.228+0000] {processor.py:840} INFO - DAG(s) 'example_local_kubernetes_executor' retrieved from /home/airflow/.local/lib/python3.8/site-packages/airflow/example_dags/example_local_kubernetes_executor.py
[2026-01-21T11:50:17.291+0000] {logging_mixin.py:188} INFO - [2026-01-21T11:50:17.291+0000] {dag.py:3036} INFO - Sync 1 DAGs
[2026-01-21T11:50:17.322+0000] {logging_mixin.py:188} INFO - [2026-01-21T11:50:17.321+0000] {dag.py:3823} INFO - Setting next_dagrun for example_local_kubernetes_executor to None, run_after=None
[2026-01-21T11:50:17.351+0000] {processor.py:183} INFO - Processing /home/airflow/.local/lib/python3.8/site-packages/airflow/example_dags/example_local_kubernetes_executor.py took 0.142 seconds
[2026-01-21T11:50:47.635+0000] {processor.py:161} INFO - Started process (PID=19690) to work on /home/airflow/.local/lib/python3.8/site-packages/airflow/example_dags/example_local_kubernetes_executor.py
[2026-01-21T11:50:47.637+0000] {processor.py:830} INFO - Processing file /home/airflow/.local/lib/python3.8/site-packages/airflow/example_dags/example_local_kubernetes_executor.py for tasks to queue
[2026-01-21T11:50:47.640+0000] {logging_mixin.py:188} INFO - [2026-01-21T11:50:47.640+0000] {dagbag.py:538} INFO - Filling up the DagBag from /home/airflow/.local/lib/python3.8/site-packages/airflow/example_dags/example_local_kubernetes_executor.py
[2026-01-21T11:50:47.653+0000] {processor.py:840} INFO - DAG(s) 'example_local_kubernetes_executor' retrieved from /home/airflow/.local/lib/python3.8/site-packages/airflow/example_dags/example_local_kubernetes_executor.py
[2026-01-21T11:50:47.716+0000] {logging_mixin.py:188} INFO - [2026-01-21T11:50:47.716+0000] {dag.py:3036} INFO - Sync 1 DAGs
[2026-01-21T11:50:47.746+0000] {logging_mixin.py:188} INFO - [2026-01-21T11:50:47.745+0000] {dag.py:3823} INFO - Setting next_dagrun for example_local_kubernetes_executor to None, run_after=None
[2026-01-21T11:50:47.777+0000] {processor.py:183} INFO - Processing /home/airflow/.local/lib/python3.8/site-packages/airflow/example_dags/example_local_kubernetes_executor.py took 0.148 seconds
[2026-01-21T11:51:18.262+0000] {processor.py:161} INFO - Started process (PID=19757) to work on /home/airflow/.local/lib/python3.8/site-packages/airflow/example_dags/example_local_kubernetes_executor.py
[2026-01-21T11:51:18.263+0000] {processor.py:830} INFO - Processing file /home/airflow/.local/lib/python3.8/site-packages/airflow/example_dags/example_local_kubernetes_executor.py for tasks to queue
[2026-01-21T11:51:18.265+0000] {logging_mixin.py:188} INFO - [2026-01-21T11:51:18.265+0000] {dagbag.py:538} INFO - Filling up the DagBag from /home/airflow/.local/lib/python3.8/site-packages/airflow/example_dags/example_local_kubernetes_executor.py
[2026-01-21T11:51:18.276+0000] {processor.py:840} INFO - DAG(s) 'example_local_kubernetes_executor' retrieved from /home/airflow/.local/lib/python3.8/site-packages/airflow/example_dags/example_local_kubernetes_executor.py
[2026-01-21T11:51:18.327+0000] {logging_mixin.py:188} INFO - [2026-01-21T11:51:18.327+0000] {dag.py:3036} INFO - Sync 1 DAGs
[2026-01-21T11:51:18.346+0000] {logging_mixin.py:188} INFO - [2026-01-21T11:51:18.346+0000] {dag.py:3823} INFO - Setting next_dagrun for example_local_kubernetes_executor to None, run_after=None
[2026-01-21T11:51:18.372+0000] {processor.py:183} INFO - Processing /home/airflow/.local/lib/python3.8/site-packages/airflow/example_dags/example_local_kubernetes_executor.py took 0.115 seconds
[2026-01-21T11:51:48.540+0000] {processor.py:161} INFO - Started process (PID=19823) to work on /home/airflow/.local/lib/python3.8/site-packages/airflow/example_dags/example_local_kubernetes_executor.py
[2026-01-21T11:51:48.542+0000] {processor.py:830} INFO - Processing file /home/airflow/.local/lib/python3.8/site-packages/airflow/example_dags/example_local_kubernetes_executor.py for tasks to queue
[2026-01-21T11:51:48.545+0000] {logging_mixin.py:188} INFO - [2026-01-21T11:51:48.545+0000] {dagbag.py:538} INFO - Filling up the DagBag from /home/airflow/.local/lib/python3.8/site-packages/airflow/example_dags/example_local_kubernetes_executor.py
[2026-01-21T11:51:48.558+0000] {processor.py:840} INFO - DAG(s) 'example_local_kubernetes_executor' retrieved from /home/airflow/.local/lib/python3.8/site-packages/airflow/example_dags/example_local_kubernetes_executor.py
[2026-01-21T11:51:48.609+0000] {logging_mixin.py:188} INFO - [2026-01-21T11:51:48.608+0000] {dag.py:3036} INFO - Sync 1 DAGs
[2026-01-21T11:51:48.628+0000] {logging_mixin.py:188} INFO - [2026-01-21T11:51:48.627+0000] {dag.py:3823} INFO - Setting next_dagrun for example_local_kubernetes_executor to None, run_after=None
[2026-01-21T11:51:48.654+0000] {processor.py:183} INFO - Processing /home/airflow/.local/lib/python3.8/site-packages/airflow/example_dags/example_local_kubernetes_executor.py took 0.119 seconds
[2026-01-21T11:52:19.101+0000] {processor.py:161} INFO - Started process (PID=19888) to work on /home/airflow/.local/lib/python3.8/site-packages/airflow/example_dags/example_local_kubernetes_executor.py
[2026-01-21T11:52:19.103+0000] {processor.py:830} INFO - Processing file /home/airflow/.local/lib/python3.8/site-packages/airflow/example_dags/example_local_kubernetes_executor.py for tasks to queue
[2026-01-21T11:52:19.106+0000] {logging_mixin.py:188} INFO - [2026-01-21T11:52:19.105+0000] {dagbag.py:538} INFO - Filling up the DagBag from /home/airflow/.local/lib/python3.8/site-packages/airflow/example_dags/example_local_kubernetes_executor.py
[2026-01-21T11:52:19.118+0000] {processor.py:840} INFO - DAG(s) 'example_local_kubernetes_executor' retrieved from /home/airflow/.local/lib/python3.8/site-packages/airflow/example_dags/example_local_kubernetes_executor.py
[2026-01-21T11:52:19.185+0000] {logging_mixin.py:188} INFO - [2026-01-21T11:52:19.184+0000] {dag.py:3036} INFO - Sync 1 DAGs
[2026-01-21T11:52:19.206+0000] {logging_mixin.py:188} INFO - [2026-01-21T11:52:19.206+0000] {dag.py:3823} INFO - Setting next_dagrun for example_local_kubernetes_executor to None, run_after=None
[2026-01-21T11:52:19.236+0000] {processor.py:183} INFO - Processing /home/airflow/.local/lib/python3.8/site-packages/airflow/example_dags/example_local_kubernetes_executor.py took 0.141 seconds
[2026-01-21T11:52:50.111+0000] {processor.py:161} INFO - Started process (PID=19953) to work on /home/airflow/.local/lib/python3.8/site-packages/airflow/example_dags/example_local_kubernetes_executor.py
[2026-01-21T11:52:50.113+0000] {processor.py:830} INFO - Processing file /home/airflow/.local/lib/python3.8/site-packages/airflow/example_dags/example_local_kubernetes_executor.py for tasks to queue
[2026-01-21T11:52:50.115+0000] {logging_mixin.py:188} INFO - [2026-01-21T11:52:50.115+0000] {dagbag.py:538} INFO - Filling up the DagBag from /home/airflow/.local/lib/python3.8/site-packages/airflow/example_dags/example_local_kubernetes_executor.py
[2026-01-21T11:52:50.126+0000] {processor.py:840} INFO - DAG(s) 'example_local_kubernetes_executor' retrieved from /home/airflow/.local/lib/python3.8/site-packages/airflow/example_dags/example_local_kubernetes_executor.py
[2026-01-21T11:52:50.182+0000] {logging_mixin.py:188} INFO - [2026-01-21T11:52:50.182+0000] {dag.py:3036} INFO - Sync 1 DAGs
[2026-01-21T11:52:50.200+0000] {logging_mixin.py:188} INFO - [2026-01-21T11:52:50.199+0000] {dag.py:3823} INFO - Setting next_dagrun for example_local_kubernetes_executor to None, run_after=None
[2026-01-21T11:52:50.226+0000] {processor.py:183} INFO - Processing /home/airflow/.local/lib/python3.8/site-packages/airflow/example_dags/example_local_kubernetes_executor.py took 0.119 seconds
[2026-01-21T11:53:20.507+0000] {processor.py:161} INFO - Started process (PID=20026) to work on /home/airflow/.local/lib/python3.8/site-packages/airflow/example_dags/example_local_kubernetes_executor.py
[2026-01-21T11:53:20.508+0000] {processor.py:830} INFO - Processing file /home/airflow/.local/lib/python3.8/site-packages/airflow/example_dags/example_local_kubernetes_executor.py for tasks to queue
[2026-01-21T11:53:20.511+0000] {logging_mixin.py:188} INFO - [2026-01-21T11:53:20.510+0000] {dagbag.py:538} INFO - Filling up the DagBag from /home/airflow/.local/lib/python3.8/site-packages/airflow/example_dags/example_local_kubernetes_executor.py
[2026-01-21T11:53:20.523+0000] {processor.py:840} INFO - DAG(s) 'example_local_kubernetes_executor' retrieved from /home/airflow/.local/lib/python3.8/site-packages/airflow/example_dags/example_local_kubernetes_executor.py
[2026-01-21T11:53:20.783+0000] {logging_mixin.py:188} INFO - [2026-01-21T11:53:20.782+0000] {dag.py:3036} INFO - Sync 1 DAGs
[2026-01-21T11:53:20.805+0000] {logging_mixin.py:188} INFO - [2026-01-21T11:53:20.805+0000] {dag.py:3823} INFO - Setting next_dagrun for example_local_kubernetes_executor to None, run_after=None
[2026-01-21T11:53:20.859+0000] {processor.py:183} INFO - Processing /home/airflow/.local/lib/python3.8/site-packages/airflow/example_dags/example_local_kubernetes_executor.py took 0.358 seconds
[2026-01-21T11:53:51.127+0000] {processor.py:161} INFO - Started process (PID=20091) to work on /home/airflow/.local/lib/python3.8/site-packages/airflow/example_dags/example_local_kubernetes_executor.py
[2026-01-21T11:53:51.129+0000] {processor.py:830} INFO - Processing file /home/airflow/.local/lib/python3.8/site-packages/airflow/example_dags/example_local_kubernetes_executor.py for tasks to queue
[2026-01-21T11:53:51.132+0000] {logging_mixin.py:188} INFO - [2026-01-21T11:53:51.131+0000] {dagbag.py:538} INFO - Filling up the DagBag from /home/airflow/.local/lib/python3.8/site-packages/airflow/example_dags/example_local_kubernetes_executor.py
[2026-01-21T11:53:51.145+0000] {processor.py:840} INFO - DAG(s) 'example_local_kubernetes_executor' retrieved from /home/airflow/.local/lib/python3.8/site-packages/airflow/example_dags/example_local_kubernetes_executor.py
[2026-01-21T11:53:51.412+0000] {logging_mixin.py:188} INFO - [2026-01-21T11:53:51.411+0000] {dag.py:3036} INFO - Sync 1 DAGs
[2026-01-21T11:53:51.434+0000] {logging_mixin.py:188} INFO - [2026-01-21T11:53:51.434+0000] {dag.py:3823} INFO - Setting next_dagrun for example_local_kubernetes_executor to None, run_after=None
[2026-01-21T11:53:51.467+0000] {processor.py:183} INFO - Processing /home/airflow/.local/lib/python3.8/site-packages/airflow/example_dags/example_local_kubernetes_executor.py took 0.346 seconds
[2026-01-21T11:54:21.940+0000] {processor.py:161} INFO - Started process (PID=20158) to work on /home/airflow/.local/lib/python3.8/site-packages/airflow/example_dags/example_local_kubernetes_executor.py
[2026-01-21T11:54:21.941+0000] {processor.py:830} INFO - Processing file /home/airflow/.local/lib/python3.8/site-packages/airflow/example_dags/example_local_kubernetes_executor.py for tasks to queue
[2026-01-21T11:54:21.943+0000] {logging_mixin.py:188} INFO - [2026-01-21T11:54:21.943+0000] {dagbag.py:538} INFO - Filling up the DagBag from /home/airflow/.local/lib/python3.8/site-packages/airflow/example_dags/example_local_kubernetes_executor.py
[2026-01-21T11:54:21.953+0000] {processor.py:840} INFO - DAG(s) 'example_local_kubernetes_executor' retrieved from /home/airflow/.local/lib/python3.8/site-packages/airflow/example_dags/example_local_kubernetes_executor.py
[2026-01-21T11:54:22.007+0000] {logging_mixin.py:188} INFO - [2026-01-21T11:54:22.006+0000] {dag.py:3036} INFO - Sync 1 DAGs
[2026-01-21T11:54:22.026+0000] {logging_mixin.py:188} INFO - [2026-01-21T11:54:22.026+0000] {dag.py:3823} INFO - Setting next_dagrun for example_local_kubernetes_executor to None, run_after=None
[2026-01-21T11:54:22.054+0000] {processor.py:183} INFO - Processing /home/airflow/.local/lib/python3.8/site-packages/airflow/example_dags/example_local_kubernetes_executor.py took 0.119 seconds
[2026-01-21T11:54:52.206+0000] {processor.py:161} INFO - Started process (PID=20224) to work on /home/airflow/.local/lib/python3.8/site-packages/airflow/example_dags/example_local_kubernetes_executor.py
[2026-01-21T11:54:52.208+0000] {processor.py:830} INFO - Processing file /home/airflow/.local/lib/python3.8/site-packages/airflow/example_dags/example_local_kubernetes_executor.py for tasks to queue
[2026-01-21T11:54:52.210+0000] {logging_mixin.py:188} INFO - [2026-01-21T11:54:52.210+0000] {dagbag.py:538} INFO - Filling up the DagBag from /home/airflow/.local/lib/python3.8/site-packages/airflow/example_dags/example_local_kubernetes_executor.py
[2026-01-21T11:54:52.221+0000] {processor.py:840} INFO - DAG(s) 'example_local_kubernetes_executor' retrieved from /home/airflow/.local/lib/python3.8/site-packages/airflow/example_dags/example_local_kubernetes_executor.py
[2026-01-21T11:54:52.273+0000] {logging_mixin.py:188} INFO - [2026-01-21T11:54:52.272+0000] {dag.py:3036} INFO - Sync 1 DAGs
[2026-01-21T11:54:52.296+0000] {logging_mixin.py:188} INFO - [2026-01-21T11:54:52.295+0000] {dag.py:3823} INFO - Setting next_dagrun for example_local_kubernetes_executor to None, run_after=None
[2026-01-21T11:54:52.328+0000] {processor.py:183} INFO - Processing /home/airflow/.local/lib/python3.8/site-packages/airflow/example_dags/example_local_kubernetes_executor.py took 0.126 seconds
[2026-01-21T11:55:23.153+0000] {processor.py:161} INFO - Started process (PID=20289) to work on /home/airflow/.local/lib/python3.8/site-packages/airflow/example_dags/example_local_kubernetes_executor.py
[2026-01-21T11:55:23.155+0000] {processor.py:830} INFO - Processing file /home/airflow/.local/lib/python3.8/site-packages/airflow/example_dags/example_local_kubernetes_executor.py for tasks to queue
[2026-01-21T11:55:23.158+0000] {logging_mixin.py:188} INFO - [2026-01-21T11:55:23.157+0000] {dagbag.py:538} INFO - Filling up the DagBag from /home/airflow/.local/lib/python3.8/site-packages/airflow/example_dags/example_local_kubernetes_executor.py
[2026-01-21T11:55:23.174+0000] {processor.py:840} INFO - DAG(s) 'example_local_kubernetes_executor' retrieved from /home/airflow/.local/lib/python3.8/site-packages/airflow/example_dags/example_local_kubernetes_executor.py
[2026-01-21T11:55:23.231+0000] {logging_mixin.py:188} INFO - [2026-01-21T11:55:23.230+0000] {dag.py:3036} INFO - Sync 1 DAGs
[2026-01-21T11:55:23.251+0000] {logging_mixin.py:188} INFO - [2026-01-21T11:55:23.251+0000] {dag.py:3823} INFO - Setting next_dagrun for example_local_kubernetes_executor to None, run_after=None
[2026-01-21T11:55:23.282+0000] {processor.py:183} INFO - Processing /home/airflow/.local/lib/python3.8/site-packages/airflow/example_dags/example_local_kubernetes_executor.py took 0.135 seconds
[2026-01-21T11:55:53.422+0000] {processor.py:161} INFO - Started process (PID=20353) to work on /home/airflow/.local/lib/python3.8/site-packages/airflow/example_dags/example_local_kubernetes_executor.py
[2026-01-21T11:55:53.423+0000] {processor.py:830} INFO - Processing file /home/airflow/.local/lib/python3.8/site-packages/airflow/example_dags/example_local_kubernetes_executor.py for tasks to queue
[2026-01-21T11:55:53.425+0000] {logging_mixin.py:188} INFO - [2026-01-21T11:55:53.425+0000] {dagbag.py:538} INFO - Filling up the DagBag from /home/airflow/.local/lib/python3.8/site-packages/airflow/example_dags/example_local_kubernetes_executor.py
[2026-01-21T11:55:53.435+0000] {processor.py:840} INFO - DAG(s) 'example_local_kubernetes_executor' retrieved from /home/airflow/.local/lib/python3.8/site-packages/airflow/example_dags/example_local_kubernetes_executor.py
[2026-01-21T11:55:53.487+0000] {logging_mixin.py:188} INFO - [2026-01-21T11:55:53.487+0000] {dag.py:3036} INFO - Sync 1 DAGs
[2026-01-21T11:55:53.509+0000] {logging_mixin.py:188} INFO - [2026-01-21T11:55:53.509+0000] {dag.py:3823} INFO - Setting next_dagrun for example_local_kubernetes_executor to None, run_after=None
[2026-01-21T11:55:53.535+0000] {processor.py:183} INFO - Processing /home/airflow/.local/lib/python3.8/site-packages/airflow/example_dags/example_local_kubernetes_executor.py took 0.118 seconds
[2026-01-21T11:56:23.677+0000] {processor.py:161} INFO - Started process (PID=20418) to work on /home/airflow/.local/lib/python3.8/site-packages/airflow/example_dags/example_local_kubernetes_executor.py
[2026-01-21T11:56:23.679+0000] {processor.py:830} INFO - Processing file /home/airflow/.local/lib/python3.8/site-packages/airflow/example_dags/example_local_kubernetes_executor.py for tasks to queue
[2026-01-21T11:56:23.682+0000] {logging_mixin.py:188} INFO - [2026-01-21T11:56:23.681+0000] {dagbag.py:538} INFO - Filling up the DagBag from /home/airflow/.local/lib/python3.8/site-packages/airflow/example_dags/example_local_kubernetes_executor.py
[2026-01-21T11:56:23.693+0000] {processor.py:840} INFO - DAG(s) 'example_local_kubernetes_executor' retrieved from /home/airflow/.local/lib/python3.8/site-packages/airflow/example_dags/example_local_kubernetes_executor.py
[2026-01-21T11:56:23.742+0000] {logging_mixin.py:188} INFO - [2026-01-21T11:56:23.742+0000] {dag.py:3036} INFO - Sync 1 DAGs
[2026-01-21T11:56:23.762+0000] {logging_mixin.py:188} INFO - [2026-01-21T11:56:23.762+0000] {dag.py:3823} INFO - Setting next_dagrun for example_local_kubernetes_executor to None, run_after=None
[2026-01-21T11:56:23.786+0000] {processor.py:183} INFO - Processing /home/airflow/.local/lib/python3.8/site-packages/airflow/example_dags/example_local_kubernetes_executor.py took 0.115 seconds
[2026-01-21T11:56:54.541+0000] {processor.py:161} INFO - Started process (PID=20492) to work on /home/airflow/.local/lib/python3.8/site-packages/airflow/example_dags/example_local_kubernetes_executor.py
[2026-01-21T11:56:54.542+0000] {processor.py:830} INFO - Processing file /home/airflow/.local/lib/python3.8/site-packages/airflow/example_dags/example_local_kubernetes_executor.py for tasks to queue
[2026-01-21T11:56:54.546+0000] {logging_mixin.py:188} INFO - [2026-01-21T11:56:54.545+0000] {dagbag.py:538} INFO - Filling up the DagBag from /home/airflow/.local/lib/python3.8/site-packages/airflow/example_dags/example_local_kubernetes_executor.py
[2026-01-21T11:56:54.569+0000] {processor.py:840} INFO - DAG(s) 'example_local_kubernetes_executor' retrieved from /home/airflow/.local/lib/python3.8/site-packages/airflow/example_dags/example_local_kubernetes_executor.py
[2026-01-21T11:56:54.633+0000] {logging_mixin.py:188} INFO - [2026-01-21T11:56:54.632+0000] {dag.py:3036} INFO - Sync 1 DAGs
[2026-01-21T11:56:54.655+0000] {logging_mixin.py:188} INFO - [2026-01-21T11:56:54.655+0000] {dag.py:3823} INFO - Setting next_dagrun for example_local_kubernetes_executor to None, run_after=None
[2026-01-21T11:56:54.683+0000] {processor.py:183} INFO - Processing /home/airflow/.local/lib/python3.8/site-packages/airflow/example_dags/example_local_kubernetes_executor.py took 0.147 seconds
[2026-01-21T11:57:25.333+0000] {processor.py:161} INFO - Started process (PID=20558) to work on /home/airflow/.local/lib/python3.8/site-packages/airflow/example_dags/example_local_kubernetes_executor.py
[2026-01-21T11:57:25.335+0000] {processor.py:830} INFO - Processing file /home/airflow/.local/lib/python3.8/site-packages/airflow/example_dags/example_local_kubernetes_executor.py for tasks to queue
[2026-01-21T11:57:25.337+0000] {logging_mixin.py:188} INFO - [2026-01-21T11:57:25.336+0000] {dagbag.py:538} INFO - Filling up the DagBag from /home/airflow/.local/lib/python3.8/site-packages/airflow/example_dags/example_local_kubernetes_executor.py
[2026-01-21T11:57:25.347+0000] {processor.py:840} INFO - DAG(s) 'example_local_kubernetes_executor' retrieved from /home/airflow/.local/lib/python3.8/site-packages/airflow/example_dags/example_local_kubernetes_executor.py
[2026-01-21T11:57:25.408+0000] {logging_mixin.py:188} INFO - [2026-01-21T11:57:25.408+0000] {dag.py:3036} INFO - Sync 1 DAGs
[2026-01-21T11:57:25.433+0000] {logging_mixin.py:188} INFO - [2026-01-21T11:57:25.432+0000] {dag.py:3823} INFO - Setting next_dagrun for example_local_kubernetes_executor to None, run_after=None
[2026-01-21T11:57:25.461+0000] {processor.py:183} INFO - Processing /home/airflow/.local/lib/python3.8/site-packages/airflow/example_dags/example_local_kubernetes_executor.py took 0.133 seconds
[2026-01-21T11:57:55.659+0000] {processor.py:161} INFO - Started process (PID=20623) to work on /home/airflow/.local/lib/python3.8/site-packages/airflow/example_dags/example_local_kubernetes_executor.py
[2026-01-21T11:57:55.660+0000] {processor.py:830} INFO - Processing file /home/airflow/.local/lib/python3.8/site-packages/airflow/example_dags/example_local_kubernetes_executor.py for tasks to queue
[2026-01-21T11:57:55.662+0000] {logging_mixin.py:188} INFO - [2026-01-21T11:57:55.661+0000] {dagbag.py:538} INFO - Filling up the DagBag from /home/airflow/.local/lib/python3.8/site-packages/airflow/example_dags/example_local_kubernetes_executor.py
[2026-01-21T11:57:55.674+0000] {processor.py:840} INFO - DAG(s) 'example_local_kubernetes_executor' retrieved from /home/airflow/.local/lib/python3.8/site-packages/airflow/example_dags/example_local_kubernetes_executor.py
[2026-01-21T11:57:55.734+0000] {logging_mixin.py:188} INFO - [2026-01-21T11:57:55.733+0000] {dag.py:3036} INFO - Sync 1 DAGs
[2026-01-21T11:57:55.758+0000] {logging_mixin.py:188} INFO - [2026-01-21T11:57:55.757+0000] {dag.py:3823} INFO - Setting next_dagrun for example_local_kubernetes_executor to None, run_after=None
[2026-01-21T11:57:55.790+0000] {processor.py:183} INFO - Processing /home/airflow/.local/lib/python3.8/site-packages/airflow/example_dags/example_local_kubernetes_executor.py took 0.136 seconds
[2026-01-21T11:58:26.142+0000] {processor.py:161} INFO - Started process (PID=20687) to work on /home/airflow/.local/lib/python3.8/site-packages/airflow/example_dags/example_local_kubernetes_executor.py
[2026-01-21T11:58:26.144+0000] {processor.py:830} INFO - Processing file /home/airflow/.local/lib/python3.8/site-packages/airflow/example_dags/example_local_kubernetes_executor.py for tasks to queue
[2026-01-21T11:58:26.146+0000] {logging_mixin.py:188} INFO - [2026-01-21T11:58:26.146+0000] {dagbag.py:538} INFO - Filling up the DagBag from /home/airflow/.local/lib/python3.8/site-packages/airflow/example_dags/example_local_kubernetes_executor.py
[2026-01-21T11:58:26.156+0000] {processor.py:840} INFO - DAG(s) 'example_local_kubernetes_executor' retrieved from /home/airflow/.local/lib/python3.8/site-packages/airflow/example_dags/example_local_kubernetes_executor.py
[2026-01-21T11:58:26.206+0000] {logging_mixin.py:188} INFO - [2026-01-21T11:58:26.205+0000] {dag.py:3036} INFO - Sync 1 DAGs
[2026-01-21T11:58:26.226+0000] {logging_mixin.py:188} INFO - [2026-01-21T11:58:26.226+0000] {dag.py:3823} INFO - Setting next_dagrun for example_local_kubernetes_executor to None, run_after=None
[2026-01-21T11:58:26.252+0000] {processor.py:183} INFO - Processing /home/airflow/.local/lib/python3.8/site-packages/airflow/example_dags/example_local_kubernetes_executor.py took 0.115 seconds
[2026-01-21T11:58:56.941+0000] {processor.py:161} INFO - Started process (PID=20753) to work on /home/airflow/.local/lib/python3.8/site-packages/airflow/example_dags/example_local_kubernetes_executor.py
[2026-01-21T11:58:56.942+0000] {processor.py:830} INFO - Processing file /home/airflow/.local/lib/python3.8/site-packages/airflow/example_dags/example_local_kubernetes_executor.py for tasks to queue
[2026-01-21T11:58:56.944+0000] {logging_mixin.py:188} INFO - [2026-01-21T11:58:56.944+0000] {dagbag.py:538} INFO - Filling up the DagBag from /home/airflow/.local/lib/python3.8/site-packages/airflow/example_dags/example_local_kubernetes_executor.py
[2026-01-21T11:58:56.954+0000] {processor.py:840} INFO - DAG(s) 'example_local_kubernetes_executor' retrieved from /home/airflow/.local/lib/python3.8/site-packages/airflow/example_dags/example_local_kubernetes_executor.py
[2026-01-21T11:58:57.004+0000] {logging_mixin.py:188} INFO - [2026-01-21T11:58:57.003+0000] {dag.py:3036} INFO - Sync 1 DAGs
[2026-01-21T11:58:57.023+0000] {logging_mixin.py:188} INFO - [2026-01-21T11:58:57.023+0000] {dag.py:3823} INFO - Setting next_dagrun for example_local_kubernetes_executor to None, run_after=None
[2026-01-21T11:58:57.052+0000] {processor.py:183} INFO - Processing /home/airflow/.local/lib/python3.8/site-packages/airflow/example_dags/example_local_kubernetes_executor.py took 0.116 seconds
[2026-01-21T11:59:27.332+0000] {processor.py:161} INFO - Started process (PID=20818) to work on /home/airflow/.local/lib/python3.8/site-packages/airflow/example_dags/example_local_kubernetes_executor.py
[2026-01-21T11:59:27.334+0000] {processor.py:830} INFO - Processing file /home/airflow/.local/lib/python3.8/site-packages/airflow/example_dags/example_local_kubernetes_executor.py for tasks to queue
[2026-01-21T11:59:27.336+0000] {logging_mixin.py:188} INFO - [2026-01-21T11:59:27.336+0000] {dagbag.py:538} INFO - Filling up the DagBag from /home/airflow/.local/lib/python3.8/site-packages/airflow/example_dags/example_local_kubernetes_executor.py
[2026-01-21T11:59:27.347+0000] {processor.py:840} INFO - DAG(s) 'example_local_kubernetes_executor' retrieved from /home/airflow/.local/lib/python3.8/site-packages/airflow/example_dags/example_local_kubernetes_executor.py
[2026-01-21T11:59:27.398+0000] {logging_mixin.py:188} INFO - [2026-01-21T11:59:27.398+0000] {dag.py:3036} INFO - Sync 1 DAGs
[2026-01-21T11:59:27.418+0000] {logging_mixin.py:188} INFO - [2026-01-21T11:59:27.418+0000] {dag.py:3823} INFO - Setting next_dagrun for example_local_kubernetes_executor to None, run_after=None
[2026-01-21T11:59:27.443+0000] {processor.py:183} INFO - Processing /home/airflow/.local/lib/python3.8/site-packages/airflow/example_dags/example_local_kubernetes_executor.py took 0.116 seconds
[2026-01-21T11:59:57.492+0000] {processor.py:161} INFO - Started process (PID=20884) to work on /home/airflow/.local/lib/python3.8/site-packages/airflow/example_dags/example_local_kubernetes_executor.py
[2026-01-21T11:59:57.494+0000] {processor.py:830} INFO - Processing file /home/airflow/.local/lib/python3.8/site-packages/airflow/example_dags/example_local_kubernetes_executor.py for tasks to queue
[2026-01-21T11:59:57.496+0000] {logging_mixin.py:188} INFO - [2026-01-21T11:59:57.496+0000] {dagbag.py:538} INFO - Filling up the DagBag from /home/airflow/.local/lib/python3.8/site-packages/airflow/example_dags/example_local_kubernetes_executor.py
[2026-01-21T11:59:57.507+0000] {processor.py:840} INFO - DAG(s) 'example_local_kubernetes_executor' retrieved from /home/airflow/.local/lib/python3.8/site-packages/airflow/example_dags/example_local_kubernetes_executor.py
[2026-01-21T11:59:57.556+0000] {logging_mixin.py:188} INFO - [2026-01-21T11:59:57.556+0000] {dag.py:3036} INFO - Sync 1 DAGs
[2026-01-21T11:59:57.579+0000] {logging_mixin.py:188} INFO - [2026-01-21T11:59:57.579+0000] {dag.py:3823} INFO - Setting next_dagrun for example_local_kubernetes_executor to None, run_after=None
[2026-01-21T11:59:57.607+0000] {processor.py:183} INFO - Processing /home/airflow/.local/lib/python3.8/site-packages/airflow/example_dags/example_local_kubernetes_executor.py took 0.120 seconds
[2026-01-21T12:00:28.062+0000] {processor.py:161} INFO - Started process (PID=20951) to work on /home/airflow/.local/lib/python3.8/site-packages/airflow/example_dags/example_local_kubernetes_executor.py
[2026-01-21T12:00:28.069+0000] {processor.py:830} INFO - Processing file /home/airflow/.local/lib/python3.8/site-packages/airflow/example_dags/example_local_kubernetes_executor.py for tasks to queue
[2026-01-21T12:00:28.071+0000] {logging_mixin.py:188} INFO - [2026-01-21T12:00:28.071+0000] {dagbag.py:538} INFO - Filling up the DagBag from /home/airflow/.local/lib/python3.8/site-packages/airflow/example_dags/example_local_kubernetes_executor.py
[2026-01-21T12:00:28.085+0000] {processor.py:840} INFO - DAG(s) 'example_local_kubernetes_executor' retrieved from /home/airflow/.local/lib/python3.8/site-packages/airflow/example_dags/example_local_kubernetes_executor.py
[2026-01-21T12:00:28.159+0000] {logging_mixin.py:188} INFO - [2026-01-21T12:00:28.158+0000] {dag.py:3036} INFO - Sync 1 DAGs
[2026-01-21T12:00:28.195+0000] {logging_mixin.py:188} INFO - [2026-01-21T12:00:28.194+0000] {dag.py:3823} INFO - Setting next_dagrun for example_local_kubernetes_executor to None, run_after=None
[2026-01-21T12:00:28.227+0000] {processor.py:183} INFO - Processing /home/airflow/.local/lib/python3.8/site-packages/airflow/example_dags/example_local_kubernetes_executor.py took 0.171 seconds
[2026-01-21T12:00:58.669+0000] {processor.py:161} INFO - Started process (PID=21025) to work on /home/airflow/.local/lib/python3.8/site-packages/airflow/example_dags/example_local_kubernetes_executor.py
[2026-01-21T12:00:58.671+0000] {processor.py:830} INFO - Processing file /home/airflow/.local/lib/python3.8/site-packages/airflow/example_dags/example_local_kubernetes_executor.py for tasks to queue
[2026-01-21T12:00:58.673+0000] {logging_mixin.py:188} INFO - [2026-01-21T12:00:58.673+0000] {dagbag.py:538} INFO - Filling up the DagBag from /home/airflow/.local/lib/python3.8/site-packages/airflow/example_dags/example_local_kubernetes_executor.py
[2026-01-21T12:00:58.684+0000] {processor.py:840} INFO - DAG(s) 'example_local_kubernetes_executor' retrieved from /home/airflow/.local/lib/python3.8/site-packages/airflow/example_dags/example_local_kubernetes_executor.py
[2026-01-21T12:00:58.746+0000] {logging_mixin.py:188} INFO - [2026-01-21T12:00:58.745+0000] {dag.py:3036} INFO - Sync 1 DAGs
[2026-01-21T12:00:58.769+0000] {logging_mixin.py:188} INFO - [2026-01-21T12:00:58.769+0000] {dag.py:3823} INFO - Setting next_dagrun for example_local_kubernetes_executor to None, run_after=None
[2026-01-21T12:00:58.803+0000] {processor.py:183} INFO - Processing /home/airflow/.local/lib/python3.8/site-packages/airflow/example_dags/example_local_kubernetes_executor.py took 0.140 seconds
[2026-01-21T12:01:28.863+0000] {processor.py:161} INFO - Started process (PID=21091) to work on /home/airflow/.local/lib/python3.8/site-packages/airflow/example_dags/example_local_kubernetes_executor.py
[2026-01-21T12:01:28.865+0000] {processor.py:830} INFO - Processing file /home/airflow/.local/lib/python3.8/site-packages/airflow/example_dags/example_local_kubernetes_executor.py for tasks to queue
[2026-01-21T12:01:28.867+0000] {logging_mixin.py:188} INFO - [2026-01-21T12:01:28.867+0000] {dagbag.py:538} INFO - Filling up the DagBag from /home/airflow/.local/lib/python3.8/site-packages/airflow/example_dags/example_local_kubernetes_executor.py
[2026-01-21T12:01:28.877+0000] {processor.py:840} INFO - DAG(s) 'example_local_kubernetes_executor' retrieved from /home/airflow/.local/lib/python3.8/site-packages/airflow/example_dags/example_local_kubernetes_executor.py
[2026-01-21T12:01:28.939+0000] {logging_mixin.py:188} INFO - [2026-01-21T12:01:28.939+0000] {dag.py:3036} INFO - Sync 1 DAGs
[2026-01-21T12:01:28.963+0000] {logging_mixin.py:188} INFO - [2026-01-21T12:01:28.963+0000] {dag.py:3823} INFO - Setting next_dagrun for example_local_kubernetes_executor to None, run_after=None
[2026-01-21T12:01:28.996+0000] {processor.py:183} INFO - Processing /home/airflow/.local/lib/python3.8/site-packages/airflow/example_dags/example_local_kubernetes_executor.py took 0.138 seconds
[2026-01-21T12:01:59.285+0000] {processor.py:161} INFO - Started process (PID=21157) to work on /home/airflow/.local/lib/python3.8/site-packages/airflow/example_dags/example_local_kubernetes_executor.py
[2026-01-21T12:01:59.286+0000] {processor.py:830} INFO - Processing file /home/airflow/.local/lib/python3.8/site-packages/airflow/example_dags/example_local_kubernetes_executor.py for tasks to queue
[2026-01-21T12:01:59.288+0000] {logging_mixin.py:188} INFO - [2026-01-21T12:01:59.288+0000] {dagbag.py:538} INFO - Filling up the DagBag from /home/airflow/.local/lib/python3.8/site-packages/airflow/example_dags/example_local_kubernetes_executor.py
[2026-01-21T12:01:59.299+0000] {processor.py:840} INFO - DAG(s) 'example_local_kubernetes_executor' retrieved from /home/airflow/.local/lib/python3.8/site-packages/airflow/example_dags/example_local_kubernetes_executor.py
[2026-01-21T12:01:59.348+0000] {logging_mixin.py:188} INFO - [2026-01-21T12:01:59.347+0000] {dag.py:3036} INFO - Sync 1 DAGs
[2026-01-21T12:01:59.365+0000] {logging_mixin.py:188} INFO - [2026-01-21T12:01:59.365+0000] {dag.py:3823} INFO - Setting next_dagrun for example_local_kubernetes_executor to None, run_after=None
[2026-01-21T12:01:59.389+0000] {processor.py:183} INFO - Processing /home/airflow/.local/lib/python3.8/site-packages/airflow/example_dags/example_local_kubernetes_executor.py took 0.109 seconds
[2026-01-21T12:02:29.586+0000] {processor.py:161} INFO - Started process (PID=21222) to work on /home/airflow/.local/lib/python3.8/site-packages/airflow/example_dags/example_local_kubernetes_executor.py
[2026-01-21T12:02:29.588+0000] {processor.py:830} INFO - Processing file /home/airflow/.local/lib/python3.8/site-packages/airflow/example_dags/example_local_kubernetes_executor.py for tasks to queue
[2026-01-21T12:02:29.590+0000] {logging_mixin.py:188} INFO - [2026-01-21T12:02:29.590+0000] {dagbag.py:538} INFO - Filling up the DagBag from /home/airflow/.local/lib/python3.8/site-packages/airflow/example_dags/example_local_kubernetes_executor.py
[2026-01-21T12:02:29.601+0000] {processor.py:840} INFO - DAG(s) 'example_local_kubernetes_executor' retrieved from /home/airflow/.local/lib/python3.8/site-packages/airflow/example_dags/example_local_kubernetes_executor.py
[2026-01-21T12:02:29.661+0000] {logging_mixin.py:188} INFO - [2026-01-21T12:02:29.661+0000] {dag.py:3036} INFO - Sync 1 DAGs
[2026-01-21T12:02:29.683+0000] {logging_mixin.py:188} INFO - [2026-01-21T12:02:29.683+0000] {dag.py:3823} INFO - Setting next_dagrun for example_local_kubernetes_executor to None, run_after=None
[2026-01-21T12:02:29.713+0000] {processor.py:183} INFO - Processing /home/airflow/.local/lib/python3.8/site-packages/airflow/example_dags/example_local_kubernetes_executor.py took 0.131 seconds
[2026-01-21T12:03:00.423+0000] {processor.py:161} INFO - Started process (PID=21286) to work on /home/airflow/.local/lib/python3.8/site-packages/airflow/example_dags/example_local_kubernetes_executor.py
[2026-01-21T12:03:00.425+0000] {processor.py:830} INFO - Processing file /home/airflow/.local/lib/python3.8/site-packages/airflow/example_dags/example_local_kubernetes_executor.py for tasks to queue
[2026-01-21T12:03:00.428+0000] {logging_mixin.py:188} INFO - [2026-01-21T12:03:00.428+0000] {dagbag.py:538} INFO - Filling up the DagBag from /home/airflow/.local/lib/python3.8/site-packages/airflow/example_dags/example_local_kubernetes_executor.py
[2026-01-21T12:03:00.442+0000] {processor.py:840} INFO - DAG(s) 'example_local_kubernetes_executor' retrieved from /home/airflow/.local/lib/python3.8/site-packages/airflow/example_dags/example_local_kubernetes_executor.py
[2026-01-21T12:03:00.502+0000] {logging_mixin.py:188} INFO - [2026-01-21T12:03:00.502+0000] {dag.py:3036} INFO - Sync 1 DAGs
[2026-01-21T12:03:00.525+0000] {logging_mixin.py:188} INFO - [2026-01-21T12:03:00.524+0000] {dag.py:3823} INFO - Setting next_dagrun for example_local_kubernetes_executor to None, run_after=None
[2026-01-21T12:03:00.556+0000] {processor.py:183} INFO - Processing /home/airflow/.local/lib/python3.8/site-packages/airflow/example_dags/example_local_kubernetes_executor.py took 0.139 seconds
[2026-01-21T12:03:30.629+0000] {processor.py:161} INFO - Started process (PID=21351) to work on /home/airflow/.local/lib/python3.8/site-packages/airflow/example_dags/example_local_kubernetes_executor.py
[2026-01-21T12:03:30.631+0000] {processor.py:830} INFO - Processing file /home/airflow/.local/lib/python3.8/site-packages/airflow/example_dags/example_local_kubernetes_executor.py for tasks to queue
[2026-01-21T12:03:30.634+0000] {logging_mixin.py:188} INFO - [2026-01-21T12:03:30.634+0000] {dagbag.py:538} INFO - Filling up the DagBag from /home/airflow/.local/lib/python3.8/site-packages/airflow/example_dags/example_local_kubernetes_executor.py
[2026-01-21T12:03:30.646+0000] {processor.py:840} INFO - DAG(s) 'example_local_kubernetes_executor' retrieved from /home/airflow/.local/lib/python3.8/site-packages/airflow/example_dags/example_local_kubernetes_executor.py
[2026-01-21T12:03:30.708+0000] {logging_mixin.py:188} INFO - [2026-01-21T12:03:30.707+0000] {dag.py:3036} INFO - Sync 1 DAGs
[2026-01-21T12:03:30.731+0000] {logging_mixin.py:188} INFO - [2026-01-21T12:03:30.731+0000] {dag.py:3823} INFO - Setting next_dagrun for example_local_kubernetes_executor to None, run_after=None
[2026-01-21T12:03:30.762+0000] {processor.py:183} INFO - Processing /home/airflow/.local/lib/python3.8/site-packages/airflow/example_dags/example_local_kubernetes_executor.py took 0.139 seconds
[2026-01-21T12:04:01.538+0000] {processor.py:161} INFO - Started process (PID=21426) to work on /home/airflow/.local/lib/python3.8/site-packages/airflow/example_dags/example_local_kubernetes_executor.py
[2026-01-21T12:04:01.540+0000] {processor.py:830} INFO - Processing file /home/airflow/.local/lib/python3.8/site-packages/airflow/example_dags/example_local_kubernetes_executor.py for tasks to queue
[2026-01-21T12:04:01.543+0000] {logging_mixin.py:188} INFO - [2026-01-21T12:04:01.542+0000] {dagbag.py:538} INFO - Filling up the DagBag from /home/airflow/.local/lib/python3.8/site-packages/airflow/example_dags/example_local_kubernetes_executor.py
[2026-01-21T12:04:01.555+0000] {processor.py:840} INFO - DAG(s) 'example_local_kubernetes_executor' retrieved from /home/airflow/.local/lib/python3.8/site-packages/airflow/example_dags/example_local_kubernetes_executor.py
[2026-01-21T12:04:01.622+0000] {logging_mixin.py:188} INFO - [2026-01-21T12:04:01.622+0000] {dag.py:3036} INFO - Sync 1 DAGs
[2026-01-21T12:04:01.646+0000] {logging_mixin.py:188} INFO - [2026-01-21T12:04:01.646+0000] {dag.py:3823} INFO - Setting next_dagrun for example_local_kubernetes_executor to None, run_after=None
[2026-01-21T12:04:01.677+0000] {processor.py:183} INFO - Processing /home/airflow/.local/lib/python3.8/site-packages/airflow/example_dags/example_local_kubernetes_executor.py took 0.144 seconds
[2026-01-21T12:04:32.017+0000] {processor.py:161} INFO - Started process (PID=21491) to work on /home/airflow/.local/lib/python3.8/site-packages/airflow/example_dags/example_local_kubernetes_executor.py
[2026-01-21T12:04:32.019+0000] {processor.py:830} INFO - Processing file /home/airflow/.local/lib/python3.8/site-packages/airflow/example_dags/example_local_kubernetes_executor.py for tasks to queue
[2026-01-21T12:04:32.022+0000] {logging_mixin.py:188} INFO - [2026-01-21T12:04:32.022+0000] {dagbag.py:538} INFO - Filling up the DagBag from /home/airflow/.local/lib/python3.8/site-packages/airflow/example_dags/example_local_kubernetes_executor.py
[2026-01-21T12:04:32.036+0000] {processor.py:840} INFO - DAG(s) 'example_local_kubernetes_executor' retrieved from /home/airflow/.local/lib/python3.8/site-packages/airflow/example_dags/example_local_kubernetes_executor.py
[2026-01-21T12:04:32.100+0000] {logging_mixin.py:188} INFO - [2026-01-21T12:04:32.099+0000] {dag.py:3036} INFO - Sync 1 DAGs
[2026-01-21T12:04:32.125+0000] {logging_mixin.py:188} INFO - [2026-01-21T12:04:32.125+0000] {dag.py:3823} INFO - Setting next_dagrun for example_local_kubernetes_executor to None, run_after=None
[2026-01-21T12:04:32.155+0000] {processor.py:183} INFO - Processing /home/airflow/.local/lib/python3.8/site-packages/airflow/example_dags/example_local_kubernetes_executor.py took 0.143 seconds
[2026-01-21T12:05:02.234+0000] {processor.py:161} INFO - Started process (PID=21557) to work on /home/airflow/.local/lib/python3.8/site-packages/airflow/example_dags/example_local_kubernetes_executor.py
[2026-01-21T12:05:02.235+0000] {processor.py:830} INFO - Processing file /home/airflow/.local/lib/python3.8/site-packages/airflow/example_dags/example_local_kubernetes_executor.py for tasks to queue
[2026-01-21T12:05:02.238+0000] {logging_mixin.py:188} INFO - [2026-01-21T12:05:02.237+0000] {dagbag.py:538} INFO - Filling up the DagBag from /home/airflow/.local/lib/python3.8/site-packages/airflow/example_dags/example_local_kubernetes_executor.py
[2026-01-21T12:05:02.250+0000] {processor.py:840} INFO - DAG(s) 'example_local_kubernetes_executor' retrieved from /home/airflow/.local/lib/python3.8/site-packages/airflow/example_dags/example_local_kubernetes_executor.py
[2026-01-21T12:05:02.303+0000] {logging_mixin.py:188} INFO - [2026-01-21T12:05:02.303+0000] {dag.py:3036} INFO - Sync 1 DAGs
[2026-01-21T12:05:02.327+0000] {logging_mixin.py:188} INFO - [2026-01-21T12:05:02.327+0000] {dag.py:3823} INFO - Setting next_dagrun for example_local_kubernetes_executor to None, run_after=None
[2026-01-21T12:05:02.371+0000] {processor.py:183} INFO - Processing /home/airflow/.local/lib/python3.8/site-packages/airflow/example_dags/example_local_kubernetes_executor.py took 0.142 seconds
[2026-01-21T12:05:32.872+0000] {processor.py:161} INFO - Started process (PID=21623) to work on /home/airflow/.local/lib/python3.8/site-packages/airflow/example_dags/example_local_kubernetes_executor.py
[2026-01-21T12:05:32.873+0000] {processor.py:830} INFO - Processing file /home/airflow/.local/lib/python3.8/site-packages/airflow/example_dags/example_local_kubernetes_executor.py for tasks to queue
[2026-01-21T12:05:32.876+0000] {logging_mixin.py:188} INFO - [2026-01-21T12:05:32.875+0000] {dagbag.py:538} INFO - Filling up the DagBag from /home/airflow/.local/lib/python3.8/site-packages/airflow/example_dags/example_local_kubernetes_executor.py
[2026-01-21T12:05:32.886+0000] {processor.py:840} INFO - DAG(s) 'example_local_kubernetes_executor' retrieved from /home/airflow/.local/lib/python3.8/site-packages/airflow/example_dags/example_local_kubernetes_executor.py
[2026-01-21T12:05:32.937+0000] {logging_mixin.py:188} INFO - [2026-01-21T12:05:32.936+0000] {dag.py:3036} INFO - Sync 1 DAGs
[2026-01-21T12:05:32.955+0000] {logging_mixin.py:188} INFO - [2026-01-21T12:05:32.954+0000] {dag.py:3823} INFO - Setting next_dagrun for example_local_kubernetes_executor to None, run_after=None
[2026-01-21T12:05:32.981+0000] {processor.py:183} INFO - Processing /home/airflow/.local/lib/python3.8/site-packages/airflow/example_dags/example_local_kubernetes_executor.py took 0.114 seconds
[2026-01-21T12:06:03.081+0000] {processor.py:161} INFO - Started process (PID=21689) to work on /home/airflow/.local/lib/python3.8/site-packages/airflow/example_dags/example_local_kubernetes_executor.py
[2026-01-21T12:06:03.082+0000] {processor.py:830} INFO - Processing file /home/airflow/.local/lib/python3.8/site-packages/airflow/example_dags/example_local_kubernetes_executor.py for tasks to queue
[2026-01-21T12:06:03.084+0000] {logging_mixin.py:188} INFO - [2026-01-21T12:06:03.084+0000] {dagbag.py:538} INFO - Filling up the DagBag from /home/airflow/.local/lib/python3.8/site-packages/airflow/example_dags/example_local_kubernetes_executor.py
[2026-01-21T12:06:03.095+0000] {processor.py:840} INFO - DAG(s) 'example_local_kubernetes_executor' retrieved from /home/airflow/.local/lib/python3.8/site-packages/airflow/example_dags/example_local_kubernetes_executor.py
[2026-01-21T12:06:03.144+0000] {logging_mixin.py:188} INFO - [2026-01-21T12:06:03.143+0000] {dag.py:3036} INFO - Sync 1 DAGs
[2026-01-21T12:06:03.162+0000] {logging_mixin.py:188} INFO - [2026-01-21T12:06:03.162+0000] {dag.py:3823} INFO - Setting next_dagrun for example_local_kubernetes_executor to None, run_after=None
[2026-01-21T12:06:03.187+0000] {processor.py:183} INFO - Processing /home/airflow/.local/lib/python3.8/site-packages/airflow/example_dags/example_local_kubernetes_executor.py took 0.111 seconds
[2026-01-21T12:06:33.785+0000] {processor.py:161} INFO - Started process (PID=21755) to work on /home/airflow/.local/lib/python3.8/site-packages/airflow/example_dags/example_local_kubernetes_executor.py
[2026-01-21T12:06:33.787+0000] {processor.py:830} INFO - Processing file /home/airflow/.local/lib/python3.8/site-packages/airflow/example_dags/example_local_kubernetes_executor.py for tasks to queue
[2026-01-21T12:06:33.789+0000] {logging_mixin.py:188} INFO - [2026-01-21T12:06:33.788+0000] {dagbag.py:538} INFO - Filling up the DagBag from /home/airflow/.local/lib/python3.8/site-packages/airflow/example_dags/example_local_kubernetes_executor.py
[2026-01-21T12:06:33.799+0000] {processor.py:840} INFO - DAG(s) 'example_local_kubernetes_executor' retrieved from /home/airflow/.local/lib/python3.8/site-packages/airflow/example_dags/example_local_kubernetes_executor.py
[2026-01-21T12:06:33.848+0000] {logging_mixin.py:188} INFO - [2026-01-21T12:06:33.848+0000] {dag.py:3036} INFO - Sync 1 DAGs
[2026-01-21T12:06:33.866+0000] {logging_mixin.py:188} INFO - [2026-01-21T12:06:33.866+0000] {dag.py:3823} INFO - Setting next_dagrun for example_local_kubernetes_executor to None, run_after=None
[2026-01-21T12:06:33.890+0000] {processor.py:183} INFO - Processing /home/airflow/.local/lib/python3.8/site-packages/airflow/example_dags/example_local_kubernetes_executor.py took 0.110 seconds
[2026-01-21T12:07:04.362+0000] {processor.py:161} INFO - Started process (PID=21829) to work on /home/airflow/.local/lib/python3.8/site-packages/airflow/example_dags/example_local_kubernetes_executor.py
[2026-01-21T12:07:04.364+0000] {processor.py:830} INFO - Processing file /home/airflow/.local/lib/python3.8/site-packages/airflow/example_dags/example_local_kubernetes_executor.py for tasks to queue
[2026-01-21T12:07:04.366+0000] {logging_mixin.py:188} INFO - [2026-01-21T12:07:04.366+0000] {dagbag.py:538} INFO - Filling up the DagBag from /home/airflow/.local/lib/python3.8/site-packages/airflow/example_dags/example_local_kubernetes_executor.py
[2026-01-21T12:07:04.377+0000] {processor.py:840} INFO - DAG(s) 'example_local_kubernetes_executor' retrieved from /home/airflow/.local/lib/python3.8/site-packages/airflow/example_dags/example_local_kubernetes_executor.py
[2026-01-21T12:07:04.428+0000] {logging_mixin.py:188} INFO - [2026-01-21T12:07:04.428+0000] {dag.py:3036} INFO - Sync 1 DAGs
[2026-01-21T12:07:04.447+0000] {logging_mixin.py:188} INFO - [2026-01-21T12:07:04.446+0000] {dag.py:3823} INFO - Setting next_dagrun for example_local_kubernetes_executor to None, run_after=None
[2026-01-21T12:07:04.473+0000] {processor.py:183} INFO - Processing /home/airflow/.local/lib/python3.8/site-packages/airflow/example_dags/example_local_kubernetes_executor.py took 0.115 seconds
[2026-01-21T12:07:34.553+0000] {processor.py:161} INFO - Started process (PID=21895) to work on /home/airflow/.local/lib/python3.8/site-packages/airflow/example_dags/example_local_kubernetes_executor.py
[2026-01-21T12:07:34.554+0000] {processor.py:830} INFO - Processing file /home/airflow/.local/lib/python3.8/site-packages/airflow/example_dags/example_local_kubernetes_executor.py for tasks to queue
[2026-01-21T12:07:34.556+0000] {logging_mixin.py:188} INFO - [2026-01-21T12:07:34.556+0000] {dagbag.py:538} INFO - Filling up the DagBag from /home/airflow/.local/lib/python3.8/site-packages/airflow/example_dags/example_local_kubernetes_executor.py
[2026-01-21T12:07:34.566+0000] {processor.py:840} INFO - DAG(s) 'example_local_kubernetes_executor' retrieved from /home/airflow/.local/lib/python3.8/site-packages/airflow/example_dags/example_local_kubernetes_executor.py
[2026-01-21T12:07:34.618+0000] {logging_mixin.py:188} INFO - [2026-01-21T12:07:34.617+0000] {dag.py:3036} INFO - Sync 1 DAGs
[2026-01-21T12:07:34.635+0000] {logging_mixin.py:188} INFO - [2026-01-21T12:07:34.635+0000] {dag.py:3823} INFO - Setting next_dagrun for example_local_kubernetes_executor to None, run_after=None
[2026-01-21T12:07:34.661+0000] {processor.py:183} INFO - Processing /home/airflow/.local/lib/python3.8/site-packages/airflow/example_dags/example_local_kubernetes_executor.py took 0.113 seconds
[2026-01-21T12:08:05.102+0000] {processor.py:161} INFO - Started process (PID=21960) to work on /home/airflow/.local/lib/python3.8/site-packages/airflow/example_dags/example_local_kubernetes_executor.py
[2026-01-21T12:08:05.104+0000] {processor.py:830} INFO - Processing file /home/airflow/.local/lib/python3.8/site-packages/airflow/example_dags/example_local_kubernetes_executor.py for tasks to queue
[2026-01-21T12:08:05.106+0000] {logging_mixin.py:188} INFO - [2026-01-21T12:08:05.105+0000] {dagbag.py:538} INFO - Filling up the DagBag from /home/airflow/.local/lib/python3.8/site-packages/airflow/example_dags/example_local_kubernetes_executor.py
[2026-01-21T12:08:05.116+0000] {processor.py:840} INFO - DAG(s) 'example_local_kubernetes_executor' retrieved from /home/airflow/.local/lib/python3.8/site-packages/airflow/example_dags/example_local_kubernetes_executor.py
[2026-01-21T12:08:05.168+0000] {logging_mixin.py:188} INFO - [2026-01-21T12:08:05.168+0000] {dag.py:3036} INFO - Sync 1 DAGs
[2026-01-21T12:08:05.187+0000] {logging_mixin.py:188} INFO - [2026-01-21T12:08:05.187+0000] {dag.py:3823} INFO - Setting next_dagrun for example_local_kubernetes_executor to None, run_after=None
[2026-01-21T12:08:05.216+0000] {processor.py:183} INFO - Processing /home/airflow/.local/lib/python3.8/site-packages/airflow/example_dags/example_local_kubernetes_executor.py took 0.118 seconds
[2026-01-21T12:08:35.781+0000] {processor.py:161} INFO - Started process (PID=22025) to work on /home/airflow/.local/lib/python3.8/site-packages/airflow/example_dags/example_local_kubernetes_executor.py
[2026-01-21T12:08:35.782+0000] {processor.py:830} INFO - Processing file /home/airflow/.local/lib/python3.8/site-packages/airflow/example_dags/example_local_kubernetes_executor.py for tasks to queue
[2026-01-21T12:08:35.785+0000] {logging_mixin.py:188} INFO - [2026-01-21T12:08:35.784+0000] {dagbag.py:538} INFO - Filling up the DagBag from /home/airflow/.local/lib/python3.8/site-packages/airflow/example_dags/example_local_kubernetes_executor.py
[2026-01-21T12:08:35.795+0000] {processor.py:840} INFO - DAG(s) 'example_local_kubernetes_executor' retrieved from /home/airflow/.local/lib/python3.8/site-packages/airflow/example_dags/example_local_kubernetes_executor.py
[2026-01-21T12:08:35.857+0000] {logging_mixin.py:188} INFO - [2026-01-21T12:08:35.857+0000] {dag.py:3036} INFO - Sync 1 DAGs
[2026-01-21T12:08:35.884+0000] {logging_mixin.py:188} INFO - [2026-01-21T12:08:35.884+0000] {dag.py:3823} INFO - Setting next_dagrun for example_local_kubernetes_executor to None, run_after=None
[2026-01-21T12:08:35.911+0000] {processor.py:183} INFO - Processing /home/airflow/.local/lib/python3.8/site-packages/airflow/example_dags/example_local_kubernetes_executor.py took 0.135 seconds
[2026-01-21T12:09:06.324+0000] {processor.py:161} INFO - Started process (PID=22091) to work on /home/airflow/.local/lib/python3.8/site-packages/airflow/example_dags/example_local_kubernetes_executor.py
[2026-01-21T12:09:06.325+0000] {processor.py:830} INFO - Processing file /home/airflow/.local/lib/python3.8/site-packages/airflow/example_dags/example_local_kubernetes_executor.py for tasks to queue
[2026-01-21T12:09:06.328+0000] {logging_mixin.py:188} INFO - [2026-01-21T12:09:06.328+0000] {dagbag.py:538} INFO - Filling up the DagBag from /home/airflow/.local/lib/python3.8/site-packages/airflow/example_dags/example_local_kubernetes_executor.py
[2026-01-21T12:09:06.341+0000] {processor.py:840} INFO - DAG(s) 'example_local_kubernetes_executor' retrieved from /home/airflow/.local/lib/python3.8/site-packages/airflow/example_dags/example_local_kubernetes_executor.py
[2026-01-21T12:09:06.394+0000] {logging_mixin.py:188} INFO - [2026-01-21T12:09:06.394+0000] {dag.py:3036} INFO - Sync 1 DAGs
[2026-01-21T12:09:06.415+0000] {logging_mixin.py:188} INFO - [2026-01-21T12:09:06.415+0000] {dag.py:3823} INFO - Setting next_dagrun for example_local_kubernetes_executor to None, run_after=None
[2026-01-21T12:09:06.442+0000] {processor.py:183} INFO - Processing /home/airflow/.local/lib/python3.8/site-packages/airflow/example_dags/example_local_kubernetes_executor.py took 0.124 seconds
[2026-01-21T12:09:36.772+0000] {processor.py:161} INFO - Started process (PID=22157) to work on /home/airflow/.local/lib/python3.8/site-packages/airflow/example_dags/example_local_kubernetes_executor.py
[2026-01-21T12:09:36.774+0000] {processor.py:830} INFO - Processing file /home/airflow/.local/lib/python3.8/site-packages/airflow/example_dags/example_local_kubernetes_executor.py for tasks to queue
[2026-01-21T12:09:36.776+0000] {logging_mixin.py:188} INFO - [2026-01-21T12:09:36.776+0000] {dagbag.py:538} INFO - Filling up the DagBag from /home/airflow/.local/lib/python3.8/site-packages/airflow/example_dags/example_local_kubernetes_executor.py
[2026-01-21T12:09:36.786+0000] {processor.py:840} INFO - DAG(s) 'example_local_kubernetes_executor' retrieved from /home/airflow/.local/lib/python3.8/site-packages/airflow/example_dags/example_local_kubernetes_executor.py
[2026-01-21T12:09:36.836+0000] {logging_mixin.py:188} INFO - [2026-01-21T12:09:36.836+0000] {dag.py:3036} INFO - Sync 1 DAGs
[2026-01-21T12:09:36.855+0000] {logging_mixin.py:188} INFO - [2026-01-21T12:09:36.854+0000] {dag.py:3823} INFO - Setting next_dagrun for example_local_kubernetes_executor to None, run_after=None
[2026-01-21T12:09:36.879+0000] {processor.py:183} INFO - Processing /home/airflow/.local/lib/python3.8/site-packages/airflow/example_dags/example_local_kubernetes_executor.py took 0.111 seconds
[2026-01-21T12:10:06.949+0000] {processor.py:161} INFO - Started process (PID=22223) to work on /home/airflow/.local/lib/python3.8/site-packages/airflow/example_dags/example_local_kubernetes_executor.py
[2026-01-21T12:10:06.950+0000] {processor.py:830} INFO - Processing file /home/airflow/.local/lib/python3.8/site-packages/airflow/example_dags/example_local_kubernetes_executor.py for tasks to queue
[2026-01-21T12:10:06.952+0000] {logging_mixin.py:188} INFO - [2026-01-21T12:10:06.952+0000] {dagbag.py:538} INFO - Filling up the DagBag from /home/airflow/.local/lib/python3.8/site-packages/airflow/example_dags/example_local_kubernetes_executor.py
[2026-01-21T12:10:06.963+0000] {processor.py:840} INFO - DAG(s) 'example_local_kubernetes_executor' retrieved from /home/airflow/.local/lib/python3.8/site-packages/airflow/example_dags/example_local_kubernetes_executor.py
[2026-01-21T12:10:07.014+0000] {logging_mixin.py:188} INFO - [2026-01-21T12:10:07.013+0000] {dag.py:3036} INFO - Sync 1 DAGs
[2026-01-21T12:10:07.033+0000] {logging_mixin.py:188} INFO - [2026-01-21T12:10:07.032+0000] {dag.py:3823} INFO - Setting next_dagrun for example_local_kubernetes_executor to None, run_after=None
[2026-01-21T12:10:07.057+0000] {processor.py:183} INFO - Processing /home/airflow/.local/lib/python3.8/site-packages/airflow/example_dags/example_local_kubernetes_executor.py took 0.112 seconds
[2026-01-21T12:10:37.227+0000] {processor.py:161} INFO - Started process (PID=22295) to work on /home/airflow/.local/lib/python3.8/site-packages/airflow/example_dags/example_local_kubernetes_executor.py
[2026-01-21T12:10:37.229+0000] {processor.py:830} INFO - Processing file /home/airflow/.local/lib/python3.8/site-packages/airflow/example_dags/example_local_kubernetes_executor.py for tasks to queue
[2026-01-21T12:10:37.232+0000] {logging_mixin.py:188} INFO - [2026-01-21T12:10:37.232+0000] {dagbag.py:538} INFO - Filling up the DagBag from /home/airflow/.local/lib/python3.8/site-packages/airflow/example_dags/example_local_kubernetes_executor.py
[2026-01-21T12:10:37.245+0000] {processor.py:840} INFO - DAG(s) 'example_local_kubernetes_executor' retrieved from /home/airflow/.local/lib/python3.8/site-packages/airflow/example_dags/example_local_kubernetes_executor.py
[2026-01-21T12:10:37.308+0000] {logging_mixin.py:188} INFO - [2026-01-21T12:10:37.307+0000] {dag.py:3036} INFO - Sync 1 DAGs
[2026-01-21T12:10:37.331+0000] {logging_mixin.py:188} INFO - [2026-01-21T12:10:37.331+0000] {dag.py:3823} INFO - Setting next_dagrun for example_local_kubernetes_executor to None, run_after=None
[2026-01-21T12:10:37.365+0000] {processor.py:183} INFO - Processing /home/airflow/.local/lib/python3.8/site-packages/airflow/example_dags/example_local_kubernetes_executor.py took 0.145 seconds
[2026-01-21T12:11:07.822+0000] {processor.py:161} INFO - Started process (PID=22363) to work on /home/airflow/.local/lib/python3.8/site-packages/airflow/example_dags/example_local_kubernetes_executor.py
[2026-01-21T12:11:07.824+0000] {processor.py:830} INFO - Processing file /home/airflow/.local/lib/python3.8/site-packages/airflow/example_dags/example_local_kubernetes_executor.py for tasks to queue
[2026-01-21T12:11:07.827+0000] {logging_mixin.py:188} INFO - [2026-01-21T12:11:07.826+0000] {dagbag.py:538} INFO - Filling up the DagBag from /home/airflow/.local/lib/python3.8/site-packages/airflow/example_dags/example_local_kubernetes_executor.py
[2026-01-21T12:11:07.840+0000] {processor.py:840} INFO - DAG(s) 'example_local_kubernetes_executor' retrieved from /home/airflow/.local/lib/python3.8/site-packages/airflow/example_dags/example_local_kubernetes_executor.py
[2026-01-21T12:11:07.903+0000] {logging_mixin.py:188} INFO - [2026-01-21T12:11:07.903+0000] {dag.py:3036} INFO - Sync 1 DAGs
[2026-01-21T12:11:07.927+0000] {logging_mixin.py:188} INFO - [2026-01-21T12:11:07.926+0000] {dag.py:3823} INFO - Setting next_dagrun for example_local_kubernetes_executor to None, run_after=None
[2026-01-21T12:11:07.960+0000] {processor.py:183} INFO - Processing /home/airflow/.local/lib/python3.8/site-packages/airflow/example_dags/example_local_kubernetes_executor.py took 0.143 seconds
[2026-01-21T12:11:38.494+0000] {processor.py:161} INFO - Started process (PID=22428) to work on /home/airflow/.local/lib/python3.8/site-packages/airflow/example_dags/example_local_kubernetes_executor.py
[2026-01-21T12:11:38.496+0000] {processor.py:830} INFO - Processing file /home/airflow/.local/lib/python3.8/site-packages/airflow/example_dags/example_local_kubernetes_executor.py for tasks to queue
[2026-01-21T12:11:38.499+0000] {logging_mixin.py:188} INFO - [2026-01-21T12:11:38.499+0000] {dagbag.py:538} INFO - Filling up the DagBag from /home/airflow/.local/lib/python3.8/site-packages/airflow/example_dags/example_local_kubernetes_executor.py
[2026-01-21T12:11:38.511+0000] {processor.py:840} INFO - DAG(s) 'example_local_kubernetes_executor' retrieved from /home/airflow/.local/lib/python3.8/site-packages/airflow/example_dags/example_local_kubernetes_executor.py
[2026-01-21T12:11:38.561+0000] {logging_mixin.py:188} INFO - [2026-01-21T12:11:38.561+0000] {dag.py:3036} INFO - Sync 1 DAGs
[2026-01-21T12:11:38.583+0000] {logging_mixin.py:188} INFO - [2026-01-21T12:11:38.583+0000] {dag.py:3823} INFO - Setting next_dagrun for example_local_kubernetes_executor to None, run_after=None
[2026-01-21T12:11:38.613+0000] {processor.py:183} INFO - Processing /home/airflow/.local/lib/python3.8/site-packages/airflow/example_dags/example_local_kubernetes_executor.py took 0.125 seconds
[2026-01-21T12:12:08.707+0000] {processor.py:161} INFO - Started process (PID=22493) to work on /home/airflow/.local/lib/python3.8/site-packages/airflow/example_dags/example_local_kubernetes_executor.py
[2026-01-21T12:12:08.709+0000] {processor.py:830} INFO - Processing file /home/airflow/.local/lib/python3.8/site-packages/airflow/example_dags/example_local_kubernetes_executor.py for tasks to queue
[2026-01-21T12:12:08.711+0000] {logging_mixin.py:188} INFO - [2026-01-21T12:12:08.710+0000] {dagbag.py:538} INFO - Filling up the DagBag from /home/airflow/.local/lib/python3.8/site-packages/airflow/example_dags/example_local_kubernetes_executor.py
[2026-01-21T12:12:08.721+0000] {processor.py:840} INFO - DAG(s) 'example_local_kubernetes_executor' retrieved from /home/airflow/.local/lib/python3.8/site-packages/airflow/example_dags/example_local_kubernetes_executor.py
[2026-01-21T12:12:08.773+0000] {logging_mixin.py:188} INFO - [2026-01-21T12:12:08.772+0000] {dag.py:3036} INFO - Sync 1 DAGs
[2026-01-21T12:12:08.792+0000] {logging_mixin.py:188} INFO - [2026-01-21T12:12:08.791+0000] {dag.py:3823} INFO - Setting next_dagrun for example_local_kubernetes_executor to None, run_after=None
[2026-01-21T12:12:08.820+0000] {processor.py:183} INFO - Processing /home/airflow/.local/lib/python3.8/site-packages/airflow/example_dags/example_local_kubernetes_executor.py took 0.117 seconds
[2026-01-21T12:12:38.908+0000] {processor.py:161} INFO - Started process (PID=22560) to work on /home/airflow/.local/lib/python3.8/site-packages/airflow/example_dags/example_local_kubernetes_executor.py
[2026-01-21T12:12:38.910+0000] {processor.py:830} INFO - Processing file /home/airflow/.local/lib/python3.8/site-packages/airflow/example_dags/example_local_kubernetes_executor.py for tasks to queue
[2026-01-21T12:12:38.913+0000] {logging_mixin.py:188} INFO - [2026-01-21T12:12:38.912+0000] {dagbag.py:538} INFO - Filling up the DagBag from /home/airflow/.local/lib/python3.8/site-packages/airflow/example_dags/example_local_kubernetes_executor.py
[2026-01-21T12:12:38.923+0000] {processor.py:840} INFO - DAG(s) 'example_local_kubernetes_executor' retrieved from /home/airflow/.local/lib/python3.8/site-packages/airflow/example_dags/example_local_kubernetes_executor.py
[2026-01-21T12:12:38.975+0000] {logging_mixin.py:188} INFO - [2026-01-21T12:12:38.974+0000] {dag.py:3036} INFO - Sync 1 DAGs
[2026-01-21T12:12:38.994+0000] {logging_mixin.py:188} INFO - [2026-01-21T12:12:38.994+0000] {dag.py:3823} INFO - Setting next_dagrun for example_local_kubernetes_executor to None, run_after=None
[2026-01-21T12:12:39.020+0000] {processor.py:183} INFO - Processing /home/airflow/.local/lib/python3.8/site-packages/airflow/example_dags/example_local_kubernetes_executor.py took 0.117 seconds
[2026-01-21T12:13:09.466+0000] {processor.py:161} INFO - Started process (PID=22628) to work on /home/airflow/.local/lib/python3.8/site-packages/airflow/example_dags/example_local_kubernetes_executor.py
[2026-01-21T12:13:09.467+0000] {processor.py:830} INFO - Processing file /home/airflow/.local/lib/python3.8/site-packages/airflow/example_dags/example_local_kubernetes_executor.py for tasks to queue
[2026-01-21T12:13:09.469+0000] {logging_mixin.py:188} INFO - [2026-01-21T12:13:09.469+0000] {dagbag.py:538} INFO - Filling up the DagBag from /home/airflow/.local/lib/python3.8/site-packages/airflow/example_dags/example_local_kubernetes_executor.py
[2026-01-21T12:13:09.480+0000] {processor.py:840} INFO - DAG(s) 'example_local_kubernetes_executor' retrieved from /home/airflow/.local/lib/python3.8/site-packages/airflow/example_dags/example_local_kubernetes_executor.py
[2026-01-21T12:13:09.530+0000] {logging_mixin.py:188} INFO - [2026-01-21T12:13:09.530+0000] {dag.py:3036} INFO - Sync 1 DAGs
[2026-01-21T12:13:09.550+0000] {logging_mixin.py:188} INFO - [2026-01-21T12:13:09.550+0000] {dag.py:3823} INFO - Setting next_dagrun for example_local_kubernetes_executor to None, run_after=None
[2026-01-21T12:13:09.582+0000] {processor.py:183} INFO - Processing /home/airflow/.local/lib/python3.8/site-packages/airflow/example_dags/example_local_kubernetes_executor.py took 0.121 seconds
[2026-01-21T12:13:39.906+0000] {processor.py:161} INFO - Started process (PID=22693) to work on /home/airflow/.local/lib/python3.8/site-packages/airflow/example_dags/example_local_kubernetes_executor.py
[2026-01-21T12:13:39.907+0000] {processor.py:830} INFO - Processing file /home/airflow/.local/lib/python3.8/site-packages/airflow/example_dags/example_local_kubernetes_executor.py for tasks to queue
[2026-01-21T12:13:39.910+0000] {logging_mixin.py:188} INFO - [2026-01-21T12:13:39.909+0000] {dagbag.py:538} INFO - Filling up the DagBag from /home/airflow/.local/lib/python3.8/site-packages/airflow/example_dags/example_local_kubernetes_executor.py
[2026-01-21T12:13:39.920+0000] {processor.py:840} INFO - DAG(s) 'example_local_kubernetes_executor' retrieved from /home/airflow/.local/lib/python3.8/site-packages/airflow/example_dags/example_local_kubernetes_executor.py
[2026-01-21T12:13:39.972+0000] {logging_mixin.py:188} INFO - [2026-01-21T12:13:39.972+0000] {dag.py:3036} INFO - Sync 1 DAGs
[2026-01-21T12:13:39.994+0000] {logging_mixin.py:188} INFO - [2026-01-21T12:13:39.994+0000] {dag.py:3823} INFO - Setting next_dagrun for example_local_kubernetes_executor to None, run_after=None
[2026-01-21T12:13:40.033+0000] {processor.py:183} INFO - Processing /home/airflow/.local/lib/python3.8/site-packages/airflow/example_dags/example_local_kubernetes_executor.py took 0.132 seconds
[2026-01-21T12:14:10.162+0000] {processor.py:161} INFO - Started process (PID=22758) to work on /home/airflow/.local/lib/python3.8/site-packages/airflow/example_dags/example_local_kubernetes_executor.py
[2026-01-21T12:14:10.164+0000] {processor.py:830} INFO - Processing file /home/airflow/.local/lib/python3.8/site-packages/airflow/example_dags/example_local_kubernetes_executor.py for tasks to queue
[2026-01-21T12:14:10.166+0000] {logging_mixin.py:188} INFO - [2026-01-21T12:14:10.166+0000] {dagbag.py:538} INFO - Filling up the DagBag from /home/airflow/.local/lib/python3.8/site-packages/airflow/example_dags/example_local_kubernetes_executor.py
[2026-01-21T12:14:10.177+0000] {processor.py:840} INFO - DAG(s) 'example_local_kubernetes_executor' retrieved from /home/airflow/.local/lib/python3.8/site-packages/airflow/example_dags/example_local_kubernetes_executor.py
[2026-01-21T12:14:10.252+0000] {logging_mixin.py:188} INFO - [2026-01-21T12:14:10.251+0000] {dag.py:3036} INFO - Sync 1 DAGs
[2026-01-21T12:14:10.277+0000] {logging_mixin.py:188} INFO - [2026-01-21T12:14:10.277+0000] {dag.py:3823} INFO - Setting next_dagrun for example_local_kubernetes_executor to None, run_after=None
[2026-01-21T12:14:10.322+0000] {processor.py:183} INFO - Processing /home/airflow/.local/lib/python3.8/site-packages/airflow/example_dags/example_local_kubernetes_executor.py took 0.164 seconds
[2026-01-21T12:14:40.939+0000] {processor.py:161} INFO - Started process (PID=22832) to work on /home/airflow/.local/lib/python3.8/site-packages/airflow/example_dags/example_local_kubernetes_executor.py
[2026-01-21T12:14:40.940+0000] {processor.py:830} INFO - Processing file /home/airflow/.local/lib/python3.8/site-packages/airflow/example_dags/example_local_kubernetes_executor.py for tasks to queue
[2026-01-21T12:14:40.942+0000] {logging_mixin.py:188} INFO - [2026-01-21T12:14:40.942+0000] {dagbag.py:538} INFO - Filling up the DagBag from /home/airflow/.local/lib/python3.8/site-packages/airflow/example_dags/example_local_kubernetes_executor.py
[2026-01-21T12:14:40.953+0000] {processor.py:840} INFO - DAG(s) 'example_local_kubernetes_executor' retrieved from /home/airflow/.local/lib/python3.8/site-packages/airflow/example_dags/example_local_kubernetes_executor.py
[2026-01-21T12:14:41.007+0000] {logging_mixin.py:188} INFO - [2026-01-21T12:14:41.007+0000] {dag.py:3036} INFO - Sync 1 DAGs
[2026-01-21T12:14:41.025+0000] {logging_mixin.py:188} INFO - [2026-01-21T12:14:41.025+0000] {dag.py:3823} INFO - Setting next_dagrun for example_local_kubernetes_executor to None, run_after=None
[2026-01-21T12:14:41.051+0000] {processor.py:183} INFO - Processing /home/airflow/.local/lib/python3.8/site-packages/airflow/example_dags/example_local_kubernetes_executor.py took 0.117 seconds
[2026-01-21T12:15:11.588+0000] {processor.py:161} INFO - Started process (PID=22897) to work on /home/airflow/.local/lib/python3.8/site-packages/airflow/example_dags/example_local_kubernetes_executor.py
[2026-01-21T12:15:11.590+0000] {processor.py:830} INFO - Processing file /home/airflow/.local/lib/python3.8/site-packages/airflow/example_dags/example_local_kubernetes_executor.py for tasks to queue
[2026-01-21T12:15:11.593+0000] {logging_mixin.py:188} INFO - [2026-01-21T12:15:11.593+0000] {dagbag.py:538} INFO - Filling up the DagBag from /home/airflow/.local/lib/python3.8/site-packages/airflow/example_dags/example_local_kubernetes_executor.py
[2026-01-21T12:15:11.606+0000] {processor.py:840} INFO - DAG(s) 'example_local_kubernetes_executor' retrieved from /home/airflow/.local/lib/python3.8/site-packages/airflow/example_dags/example_local_kubernetes_executor.py
[2026-01-21T12:15:11.669+0000] {logging_mixin.py:188} INFO - [2026-01-21T12:15:11.669+0000] {dag.py:3036} INFO - Sync 1 DAGs
[2026-01-21T12:15:11.693+0000] {logging_mixin.py:188} INFO - [2026-01-21T12:15:11.692+0000] {dag.py:3823} INFO - Setting next_dagrun for example_local_kubernetes_executor to None, run_after=None
[2026-01-21T12:15:11.727+0000] {processor.py:183} INFO - Processing /home/airflow/.local/lib/python3.8/site-packages/airflow/example_dags/example_local_kubernetes_executor.py took 0.144 seconds
[2026-01-21T12:15:41.999+0000] {processor.py:161} INFO - Started process (PID=22963) to work on /home/airflow/.local/lib/python3.8/site-packages/airflow/example_dags/example_local_kubernetes_executor.py
[2026-01-21T12:15:42.000+0000] {processor.py:830} INFO - Processing file /home/airflow/.local/lib/python3.8/site-packages/airflow/example_dags/example_local_kubernetes_executor.py for tasks to queue
[2026-01-21T12:15:42.003+0000] {logging_mixin.py:188} INFO - [2026-01-21T12:15:42.002+0000] {dagbag.py:538} INFO - Filling up the DagBag from /home/airflow/.local/lib/python3.8/site-packages/airflow/example_dags/example_local_kubernetes_executor.py
[2026-01-21T12:15:42.017+0000] {processor.py:840} INFO - DAG(s) 'example_local_kubernetes_executor' retrieved from /home/airflow/.local/lib/python3.8/site-packages/airflow/example_dags/example_local_kubernetes_executor.py
[2026-01-21T12:15:42.081+0000] {logging_mixin.py:188} INFO - [2026-01-21T12:15:42.081+0000] {dag.py:3036} INFO - Sync 1 DAGs
[2026-01-21T12:15:42.104+0000] {logging_mixin.py:188} INFO - [2026-01-21T12:15:42.103+0000] {dag.py:3823} INFO - Setting next_dagrun for example_local_kubernetes_executor to None, run_after=None
[2026-01-21T12:15:42.130+0000] {processor.py:183} INFO - Processing /home/airflow/.local/lib/python3.8/site-packages/airflow/example_dags/example_local_kubernetes_executor.py took 0.137 seconds
[2026-01-21T12:16:12.330+0000] {processor.py:161} INFO - Started process (PID=23029) to work on /home/airflow/.local/lib/python3.8/site-packages/airflow/example_dags/example_local_kubernetes_executor.py
[2026-01-21T12:16:12.332+0000] {processor.py:830} INFO - Processing file /home/airflow/.local/lib/python3.8/site-packages/airflow/example_dags/example_local_kubernetes_executor.py for tasks to queue
[2026-01-21T12:16:12.336+0000] {logging_mixin.py:188} INFO - [2026-01-21T12:16:12.335+0000] {dagbag.py:538} INFO - Filling up the DagBag from /home/airflow/.local/lib/python3.8/site-packages/airflow/example_dags/example_local_kubernetes_executor.py
[2026-01-21T12:16:12.350+0000] {processor.py:840} INFO - DAG(s) 'example_local_kubernetes_executor' retrieved from /home/airflow/.local/lib/python3.8/site-packages/airflow/example_dags/example_local_kubernetes_executor.py
[2026-01-21T12:16:12.414+0000] {logging_mixin.py:188} INFO - [2026-01-21T12:16:12.414+0000] {dag.py:3036} INFO - Sync 1 DAGs
[2026-01-21T12:16:12.432+0000] {logging_mixin.py:188} INFO - [2026-01-21T12:16:12.431+0000] {dag.py:3823} INFO - Setting next_dagrun for example_local_kubernetes_executor to None, run_after=None
[2026-01-21T12:16:12.456+0000] {processor.py:183} INFO - Processing /home/airflow/.local/lib/python3.8/site-packages/airflow/example_dags/example_local_kubernetes_executor.py took 0.132 seconds
[2026-01-21T12:16:42.636+0000] {processor.py:161} INFO - Started process (PID=23094) to work on /home/airflow/.local/lib/python3.8/site-packages/airflow/example_dags/example_local_kubernetes_executor.py
[2026-01-21T12:16:42.638+0000] {processor.py:830} INFO - Processing file /home/airflow/.local/lib/python3.8/site-packages/airflow/example_dags/example_local_kubernetes_executor.py for tasks to queue
[2026-01-21T12:16:42.641+0000] {logging_mixin.py:188} INFO - [2026-01-21T12:16:42.640+0000] {dagbag.py:538} INFO - Filling up the DagBag from /home/airflow/.local/lib/python3.8/site-packages/airflow/example_dags/example_local_kubernetes_executor.py
[2026-01-21T12:16:42.654+0000] {processor.py:840} INFO - DAG(s) 'example_local_kubernetes_executor' retrieved from /home/airflow/.local/lib/python3.8/site-packages/airflow/example_dags/example_local_kubernetes_executor.py
[2026-01-21T12:16:42.718+0000] {logging_mixin.py:188} INFO - [2026-01-21T12:16:42.717+0000] {dag.py:3036} INFO - Sync 1 DAGs
[2026-01-21T12:16:42.741+0000] {logging_mixin.py:188} INFO - [2026-01-21T12:16:42.741+0000] {dag.py:3823} INFO - Setting next_dagrun for example_local_kubernetes_executor to None, run_after=None
[2026-01-21T12:16:42.773+0000] {processor.py:183} INFO - Processing /home/airflow/.local/lib/python3.8/site-packages/airflow/example_dags/example_local_kubernetes_executor.py took 0.142 seconds
[2026-01-21T12:17:13.643+0000] {processor.py:161} INFO - Started process (PID=23159) to work on /home/airflow/.local/lib/python3.8/site-packages/airflow/example_dags/example_local_kubernetes_executor.py
[2026-01-21T12:17:13.644+0000] {processor.py:830} INFO - Processing file /home/airflow/.local/lib/python3.8/site-packages/airflow/example_dags/example_local_kubernetes_executor.py for tasks to queue
[2026-01-21T12:17:13.647+0000] {logging_mixin.py:188} INFO - [2026-01-21T12:17:13.646+0000] {dagbag.py:538} INFO - Filling up the DagBag from /home/airflow/.local/lib/python3.8/site-packages/airflow/example_dags/example_local_kubernetes_executor.py
[2026-01-21T12:17:13.657+0000] {processor.py:840} INFO - DAG(s) 'example_local_kubernetes_executor' retrieved from /home/airflow/.local/lib/python3.8/site-packages/airflow/example_dags/example_local_kubernetes_executor.py
[2026-01-21T12:17:13.705+0000] {logging_mixin.py:188} INFO - [2026-01-21T12:17:13.705+0000] {dag.py:3036} INFO - Sync 1 DAGs
[2026-01-21T12:17:13.723+0000] {logging_mixin.py:188} INFO - [2026-01-21T12:17:13.722+0000] {dag.py:3823} INFO - Setting next_dagrun for example_local_kubernetes_executor to None, run_after=None
[2026-01-21T12:17:13.746+0000] {processor.py:183} INFO - Processing /home/airflow/.local/lib/python3.8/site-packages/airflow/example_dags/example_local_kubernetes_executor.py took 0.108 seconds
[2026-01-21T12:17:43.924+0000] {processor.py:161} INFO - Started process (PID=23232) to work on /home/airflow/.local/lib/python3.8/site-packages/airflow/example_dags/example_local_kubernetes_executor.py
[2026-01-21T12:17:43.925+0000] {processor.py:830} INFO - Processing file /home/airflow/.local/lib/python3.8/site-packages/airflow/example_dags/example_local_kubernetes_executor.py for tasks to queue
[2026-01-21T12:17:43.927+0000] {logging_mixin.py:188} INFO - [2026-01-21T12:17:43.926+0000] {dagbag.py:538} INFO - Filling up the DagBag from /home/airflow/.local/lib/python3.8/site-packages/airflow/example_dags/example_local_kubernetes_executor.py
[2026-01-21T12:17:43.937+0000] {processor.py:840} INFO - DAG(s) 'example_local_kubernetes_executor' retrieved from /home/airflow/.local/lib/python3.8/site-packages/airflow/example_dags/example_local_kubernetes_executor.py
[2026-01-21T12:17:43.996+0000] {logging_mixin.py:188} INFO - [2026-01-21T12:17:43.996+0000] {dag.py:3036} INFO - Sync 1 DAGs
[2026-01-21T12:17:44.018+0000] {logging_mixin.py:188} INFO - [2026-01-21T12:17:44.017+0000] {dag.py:3823} INFO - Setting next_dagrun for example_local_kubernetes_executor to None, run_after=None
[2026-01-21T12:17:44.042+0000] {processor.py:183} INFO - Processing /home/airflow/.local/lib/python3.8/site-packages/airflow/example_dags/example_local_kubernetes_executor.py took 0.123 seconds
[2026-01-21T12:18:14.392+0000] {processor.py:161} INFO - Started process (PID=23298) to work on /home/airflow/.local/lib/python3.8/site-packages/airflow/example_dags/example_local_kubernetes_executor.py
[2026-01-21T12:18:14.395+0000] {processor.py:830} INFO - Processing file /home/airflow/.local/lib/python3.8/site-packages/airflow/example_dags/example_local_kubernetes_executor.py for tasks to queue
[2026-01-21T12:18:14.398+0000] {logging_mixin.py:188} INFO - [2026-01-21T12:18:14.398+0000] {dagbag.py:538} INFO - Filling up the DagBag from /home/airflow/.local/lib/python3.8/site-packages/airflow/example_dags/example_local_kubernetes_executor.py
[2026-01-21T12:18:14.413+0000] {processor.py:840} INFO - DAG(s) 'example_local_kubernetes_executor' retrieved from /home/airflow/.local/lib/python3.8/site-packages/airflow/example_dags/example_local_kubernetes_executor.py
[2026-01-21T12:18:14.463+0000] {logging_mixin.py:188} INFO - [2026-01-21T12:18:14.463+0000] {dag.py:3036} INFO - Sync 1 DAGs
[2026-01-21T12:18:14.481+0000] {logging_mixin.py:188} INFO - [2026-01-21T12:18:14.480+0000] {dag.py:3823} INFO - Setting next_dagrun for example_local_kubernetes_executor to None, run_after=None
[2026-01-21T12:18:14.505+0000] {processor.py:183} INFO - Processing /home/airflow/.local/lib/python3.8/site-packages/airflow/example_dags/example_local_kubernetes_executor.py took 0.118 seconds
[2026-01-21T12:18:44.728+0000] {processor.py:161} INFO - Started process (PID=23365) to work on /home/airflow/.local/lib/python3.8/site-packages/airflow/example_dags/example_local_kubernetes_executor.py
[2026-01-21T12:18:44.729+0000] {processor.py:830} INFO - Processing file /home/airflow/.local/lib/python3.8/site-packages/airflow/example_dags/example_local_kubernetes_executor.py for tasks to queue
[2026-01-21T12:18:44.731+0000] {logging_mixin.py:188} INFO - [2026-01-21T12:18:44.731+0000] {dagbag.py:538} INFO - Filling up the DagBag from /home/airflow/.local/lib/python3.8/site-packages/airflow/example_dags/example_local_kubernetes_executor.py
[2026-01-21T12:18:44.741+0000] {processor.py:840} INFO - DAG(s) 'example_local_kubernetes_executor' retrieved from /home/airflow/.local/lib/python3.8/site-packages/airflow/example_dags/example_local_kubernetes_executor.py
[2026-01-21T12:18:44.809+0000] {logging_mixin.py:188} INFO - [2026-01-21T12:18:44.808+0000] {dag.py:3036} INFO - Sync 1 DAGs
[2026-01-21T12:18:44.829+0000] {logging_mixin.py:188} INFO - [2026-01-21T12:18:44.829+0000] {dag.py:3823} INFO - Setting next_dagrun for example_local_kubernetes_executor to None, run_after=None
[2026-01-21T12:18:44.856+0000] {processor.py:183} INFO - Processing /home/airflow/.local/lib/python3.8/site-packages/airflow/example_dags/example_local_kubernetes_executor.py took 0.132 seconds
[2026-01-21T12:19:15.128+0000] {processor.py:161} INFO - Started process (PID=23431) to work on /home/airflow/.local/lib/python3.8/site-packages/airflow/example_dags/example_local_kubernetes_executor.py
[2026-01-21T12:19:15.130+0000] {processor.py:830} INFO - Processing file /home/airflow/.local/lib/python3.8/site-packages/airflow/example_dags/example_local_kubernetes_executor.py for tasks to queue
[2026-01-21T12:19:15.133+0000] {logging_mixin.py:188} INFO - [2026-01-21T12:19:15.132+0000] {dagbag.py:538} INFO - Filling up the DagBag from /home/airflow/.local/lib/python3.8/site-packages/airflow/example_dags/example_local_kubernetes_executor.py
[2026-01-21T12:19:15.145+0000] {processor.py:840} INFO - DAG(s) 'example_local_kubernetes_executor' retrieved from /home/airflow/.local/lib/python3.8/site-packages/airflow/example_dags/example_local_kubernetes_executor.py
[2026-01-21T12:19:15.197+0000] {logging_mixin.py:188} INFO - [2026-01-21T12:19:15.197+0000] {dag.py:3036} INFO - Sync 1 DAGs
[2026-01-21T12:19:15.216+0000] {logging_mixin.py:188} INFO - [2026-01-21T12:19:15.216+0000] {dag.py:3823} INFO - Setting next_dagrun for example_local_kubernetes_executor to None, run_after=None
[2026-01-21T12:19:15.244+0000] {processor.py:183} INFO - Processing /home/airflow/.local/lib/python3.8/site-packages/airflow/example_dags/example_local_kubernetes_executor.py took 0.122 seconds
[2026-01-21T12:19:45.441+0000] {processor.py:161} INFO - Started process (PID=23497) to work on /home/airflow/.local/lib/python3.8/site-packages/airflow/example_dags/example_local_kubernetes_executor.py
[2026-01-21T12:19:45.442+0000] {processor.py:830} INFO - Processing file /home/airflow/.local/lib/python3.8/site-packages/airflow/example_dags/example_local_kubernetes_executor.py for tasks to queue
[2026-01-21T12:19:45.444+0000] {logging_mixin.py:188} INFO - [2026-01-21T12:19:45.444+0000] {dagbag.py:538} INFO - Filling up the DagBag from /home/airflow/.local/lib/python3.8/site-packages/airflow/example_dags/example_local_kubernetes_executor.py
[2026-01-21T12:19:45.455+0000] {processor.py:840} INFO - DAG(s) 'example_local_kubernetes_executor' retrieved from /home/airflow/.local/lib/python3.8/site-packages/airflow/example_dags/example_local_kubernetes_executor.py
[2026-01-21T12:19:45.506+0000] {logging_mixin.py:188} INFO - [2026-01-21T12:19:45.506+0000] {dag.py:3036} INFO - Sync 1 DAGs
[2026-01-21T12:19:45.524+0000] {logging_mixin.py:188} INFO - [2026-01-21T12:19:45.524+0000] {dag.py:3823} INFO - Setting next_dagrun for example_local_kubernetes_executor to None, run_after=None
[2026-01-21T12:19:45.550+0000] {processor.py:183} INFO - Processing /home/airflow/.local/lib/python3.8/site-packages/airflow/example_dags/example_local_kubernetes_executor.py took 0.113 seconds
[2026-01-21T12:20:15.727+0000] {processor.py:161} INFO - Started process (PID=23562) to work on /home/airflow/.local/lib/python3.8/site-packages/airflow/example_dags/example_local_kubernetes_executor.py
[2026-01-21T12:20:15.729+0000] {processor.py:830} INFO - Processing file /home/airflow/.local/lib/python3.8/site-packages/airflow/example_dags/example_local_kubernetes_executor.py for tasks to queue
[2026-01-21T12:20:15.731+0000] {logging_mixin.py:188} INFO - [2026-01-21T12:20:15.731+0000] {dagbag.py:538} INFO - Filling up the DagBag from /home/airflow/.local/lib/python3.8/site-packages/airflow/example_dags/example_local_kubernetes_executor.py
[2026-01-21T12:20:15.742+0000] {processor.py:840} INFO - DAG(s) 'example_local_kubernetes_executor' retrieved from /home/airflow/.local/lib/python3.8/site-packages/airflow/example_dags/example_local_kubernetes_executor.py
[2026-01-21T12:20:15.800+0000] {logging_mixin.py:188} INFO - [2026-01-21T12:20:15.799+0000] {dag.py:3036} INFO - Sync 1 DAGs
[2026-01-21T12:20:15.821+0000] {logging_mixin.py:188} INFO - [2026-01-21T12:20:15.820+0000] {dag.py:3823} INFO - Setting next_dagrun for example_local_kubernetes_executor to None, run_after=None
[2026-01-21T12:20:15.846+0000] {processor.py:183} INFO - Processing /home/airflow/.local/lib/python3.8/site-packages/airflow/example_dags/example_local_kubernetes_executor.py took 0.124 seconds
[2026-01-21T12:20:46.324+0000] {processor.py:161} INFO - Started process (PID=23626) to work on /home/airflow/.local/lib/python3.8/site-packages/airflow/example_dags/example_local_kubernetes_executor.py
[2026-01-21T12:20:46.325+0000] {processor.py:830} INFO - Processing file /home/airflow/.local/lib/python3.8/site-packages/airflow/example_dags/example_local_kubernetes_executor.py for tasks to queue
[2026-01-21T12:20:46.327+0000] {logging_mixin.py:188} INFO - [2026-01-21T12:20:46.327+0000] {dagbag.py:538} INFO - Filling up the DagBag from /home/airflow/.local/lib/python3.8/site-packages/airflow/example_dags/example_local_kubernetes_executor.py
[2026-01-21T12:20:46.338+0000] {processor.py:840} INFO - DAG(s) 'example_local_kubernetes_executor' retrieved from /home/airflow/.local/lib/python3.8/site-packages/airflow/example_dags/example_local_kubernetes_executor.py
[2026-01-21T12:20:46.386+0000] {logging_mixin.py:188} INFO - [2026-01-21T12:20:46.386+0000] {dag.py:3036} INFO - Sync 1 DAGs
[2026-01-21T12:20:46.405+0000] {logging_mixin.py:188} INFO - [2026-01-21T12:20:46.405+0000] {dag.py:3823} INFO - Setting next_dagrun for example_local_kubernetes_executor to None, run_after=None
[2026-01-21T12:20:46.430+0000] {processor.py:183} INFO - Processing /home/airflow/.local/lib/python3.8/site-packages/airflow/example_dags/example_local_kubernetes_executor.py took 0.110 seconds
[2026-01-21T12:21:16.735+0000] {processor.py:161} INFO - Started process (PID=23701) to work on /home/airflow/.local/lib/python3.8/site-packages/airflow/example_dags/example_local_kubernetes_executor.py
[2026-01-21T12:21:16.737+0000] {processor.py:830} INFO - Processing file /home/airflow/.local/lib/python3.8/site-packages/airflow/example_dags/example_local_kubernetes_executor.py for tasks to queue
[2026-01-21T12:21:16.739+0000] {logging_mixin.py:188} INFO - [2026-01-21T12:21:16.739+0000] {dagbag.py:538} INFO - Filling up the DagBag from /home/airflow/.local/lib/python3.8/site-packages/airflow/example_dags/example_local_kubernetes_executor.py
[2026-01-21T12:21:16.750+0000] {processor.py:840} INFO - DAG(s) 'example_local_kubernetes_executor' retrieved from /home/airflow/.local/lib/python3.8/site-packages/airflow/example_dags/example_local_kubernetes_executor.py
[2026-01-21T12:21:16.802+0000] {logging_mixin.py:188} INFO - [2026-01-21T12:21:16.801+0000] {dag.py:3036} INFO - Sync 1 DAGs
[2026-01-21T12:21:16.821+0000] {logging_mixin.py:188} INFO - [2026-01-21T12:21:16.821+0000] {dag.py:3823} INFO - Setting next_dagrun for example_local_kubernetes_executor to None, run_after=None
[2026-01-21T12:21:16.845+0000] {processor.py:183} INFO - Processing /home/airflow/.local/lib/python3.8/site-packages/airflow/example_dags/example_local_kubernetes_executor.py took 0.115 seconds
[2026-01-21T12:21:47.344+0000] {processor.py:161} INFO - Started process (PID=23767) to work on /home/airflow/.local/lib/python3.8/site-packages/airflow/example_dags/example_local_kubernetes_executor.py
[2026-01-21T12:21:47.345+0000] {processor.py:830} INFO - Processing file /home/airflow/.local/lib/python3.8/site-packages/airflow/example_dags/example_local_kubernetes_executor.py for tasks to queue
[2026-01-21T12:21:47.347+0000] {logging_mixin.py:188} INFO - [2026-01-21T12:21:47.347+0000] {dagbag.py:538} INFO - Filling up the DagBag from /home/airflow/.local/lib/python3.8/site-packages/airflow/example_dags/example_local_kubernetes_executor.py
[2026-01-21T12:21:47.358+0000] {processor.py:840} INFO - DAG(s) 'example_local_kubernetes_executor' retrieved from /home/airflow/.local/lib/python3.8/site-packages/airflow/example_dags/example_local_kubernetes_executor.py
[2026-01-21T12:21:47.422+0000] {logging_mixin.py:188} INFO - [2026-01-21T12:21:47.422+0000] {dag.py:3036} INFO - Sync 1 DAGs
[2026-01-21T12:21:47.447+0000] {logging_mixin.py:188} INFO - [2026-01-21T12:21:47.447+0000] {dag.py:3823} INFO - Setting next_dagrun for example_local_kubernetes_executor to None, run_after=None
[2026-01-21T12:21:47.483+0000] {processor.py:183} INFO - Processing /home/airflow/.local/lib/python3.8/site-packages/airflow/example_dags/example_local_kubernetes_executor.py took 0.144 seconds
[2026-01-21T12:22:18.317+0000] {processor.py:161} INFO - Started process (PID=23833) to work on /home/airflow/.local/lib/python3.8/site-packages/airflow/example_dags/example_local_kubernetes_executor.py
[2026-01-21T12:22:18.319+0000] {processor.py:830} INFO - Processing file /home/airflow/.local/lib/python3.8/site-packages/airflow/example_dags/example_local_kubernetes_executor.py for tasks to queue
[2026-01-21T12:22:18.321+0000] {logging_mixin.py:188} INFO - [2026-01-21T12:22:18.321+0000] {dagbag.py:538} INFO - Filling up the DagBag from /home/airflow/.local/lib/python3.8/site-packages/airflow/example_dags/example_local_kubernetes_executor.py
[2026-01-21T12:22:18.332+0000] {processor.py:840} INFO - DAG(s) 'example_local_kubernetes_executor' retrieved from /home/airflow/.local/lib/python3.8/site-packages/airflow/example_dags/example_local_kubernetes_executor.py
[2026-01-21T12:22:18.381+0000] {logging_mixin.py:188} INFO - [2026-01-21T12:22:18.380+0000] {dag.py:3036} INFO - Sync 1 DAGs
[2026-01-21T12:22:18.399+0000] {logging_mixin.py:188} INFO - [2026-01-21T12:22:18.398+0000] {dag.py:3823} INFO - Setting next_dagrun for example_local_kubernetes_executor to None, run_after=None
[2026-01-21T12:22:18.425+0000] {processor.py:183} INFO - Processing /home/airflow/.local/lib/python3.8/site-packages/airflow/example_dags/example_local_kubernetes_executor.py took 0.113 seconds
[2026-01-21T12:22:48.567+0000] {processor.py:161} INFO - Started process (PID=23899) to work on /home/airflow/.local/lib/python3.8/site-packages/airflow/example_dags/example_local_kubernetes_executor.py
[2026-01-21T12:22:48.569+0000] {processor.py:830} INFO - Processing file /home/airflow/.local/lib/python3.8/site-packages/airflow/example_dags/example_local_kubernetes_executor.py for tasks to queue
[2026-01-21T12:22:48.571+0000] {logging_mixin.py:188} INFO - [2026-01-21T12:22:48.570+0000] {dagbag.py:538} INFO - Filling up the DagBag from /home/airflow/.local/lib/python3.8/site-packages/airflow/example_dags/example_local_kubernetes_executor.py
[2026-01-21T12:22:48.581+0000] {processor.py:840} INFO - DAG(s) 'example_local_kubernetes_executor' retrieved from /home/airflow/.local/lib/python3.8/site-packages/airflow/example_dags/example_local_kubernetes_executor.py
[2026-01-21T12:22:48.642+0000] {logging_mixin.py:188} INFO - [2026-01-21T12:22:48.641+0000] {dag.py:3036} INFO - Sync 1 DAGs
[2026-01-21T12:22:48.661+0000] {logging_mixin.py:188} INFO - [2026-01-21T12:22:48.660+0000] {dag.py:3823} INFO - Setting next_dagrun for example_local_kubernetes_executor to None, run_after=None
[2026-01-21T12:22:48.686+0000] {processor.py:183} INFO - Processing /home/airflow/.local/lib/python3.8/site-packages/airflow/example_dags/example_local_kubernetes_executor.py took 0.124 seconds
[2026-01-21T12:23:18.906+0000] {processor.py:161} INFO - Started process (PID=23964) to work on /home/airflow/.local/lib/python3.8/site-packages/airflow/example_dags/example_local_kubernetes_executor.py
[2026-01-21T12:23:18.908+0000] {processor.py:830} INFO - Processing file /home/airflow/.local/lib/python3.8/site-packages/airflow/example_dags/example_local_kubernetes_executor.py for tasks to queue
[2026-01-21T12:23:18.910+0000] {logging_mixin.py:188} INFO - [2026-01-21T12:23:18.910+0000] {dagbag.py:538} INFO - Filling up the DagBag from /home/airflow/.local/lib/python3.8/site-packages/airflow/example_dags/example_local_kubernetes_executor.py
[2026-01-21T12:23:18.920+0000] {processor.py:840} INFO - DAG(s) 'example_local_kubernetes_executor' retrieved from /home/airflow/.local/lib/python3.8/site-packages/airflow/example_dags/example_local_kubernetes_executor.py
[2026-01-21T12:23:18.969+0000] {logging_mixin.py:188} INFO - [2026-01-21T12:23:18.969+0000] {dag.py:3036} INFO - Sync 1 DAGs
[2026-01-21T12:23:18.987+0000] {logging_mixin.py:188} INFO - [2026-01-21T12:23:18.986+0000] {dag.py:3823} INFO - Setting next_dagrun for example_local_kubernetes_executor to None, run_after=None
[2026-01-21T12:23:19.010+0000] {processor.py:183} INFO - Processing /home/airflow/.local/lib/python3.8/site-packages/airflow/example_dags/example_local_kubernetes_executor.py took 0.109 seconds
[2026-01-21T12:23:49.366+0000] {processor.py:161} INFO - Started process (PID=24030) to work on /home/airflow/.local/lib/python3.8/site-packages/airflow/example_dags/example_local_kubernetes_executor.py
[2026-01-21T12:23:49.368+0000] {processor.py:830} INFO - Processing file /home/airflow/.local/lib/python3.8/site-packages/airflow/example_dags/example_local_kubernetes_executor.py for tasks to queue
[2026-01-21T12:23:49.370+0000] {logging_mixin.py:188} INFO - [2026-01-21T12:23:49.370+0000] {dagbag.py:538} INFO - Filling up the DagBag from /home/airflow/.local/lib/python3.8/site-packages/airflow/example_dags/example_local_kubernetes_executor.py
[2026-01-21T12:23:49.381+0000] {processor.py:840} INFO - DAG(s) 'example_local_kubernetes_executor' retrieved from /home/airflow/.local/lib/python3.8/site-packages/airflow/example_dags/example_local_kubernetes_executor.py
[2026-01-21T12:23:49.430+0000] {logging_mixin.py:188} INFO - [2026-01-21T12:23:49.430+0000] {dag.py:3036} INFO - Sync 1 DAGs
[2026-01-21T12:23:49.448+0000] {logging_mixin.py:188} INFO - [2026-01-21T12:23:49.447+0000] {dag.py:3823} INFO - Setting next_dagrun for example_local_kubernetes_executor to None, run_after=None
[2026-01-21T12:23:49.471+0000] {processor.py:183} INFO - Processing /home/airflow/.local/lib/python3.8/site-packages/airflow/example_dags/example_local_kubernetes_executor.py took 0.110 seconds
[2026-01-21T12:24:19.703+0000] {processor.py:161} INFO - Started process (PID=24096) to work on /home/airflow/.local/lib/python3.8/site-packages/airflow/example_dags/example_local_kubernetes_executor.py
[2026-01-21T12:24:19.705+0000] {processor.py:830} INFO - Processing file /home/airflow/.local/lib/python3.8/site-packages/airflow/example_dags/example_local_kubernetes_executor.py for tasks to queue
[2026-01-21T12:24:19.707+0000] {logging_mixin.py:188} INFO - [2026-01-21T12:24:19.707+0000] {dagbag.py:538} INFO - Filling up the DagBag from /home/airflow/.local/lib/python3.8/site-packages/airflow/example_dags/example_local_kubernetes_executor.py
[2026-01-21T12:24:19.717+0000] {processor.py:840} INFO - DAG(s) 'example_local_kubernetes_executor' retrieved from /home/airflow/.local/lib/python3.8/site-packages/airflow/example_dags/example_local_kubernetes_executor.py
[2026-01-21T12:24:19.766+0000] {logging_mixin.py:188} INFO - [2026-01-21T12:24:19.766+0000] {dag.py:3036} INFO - Sync 1 DAGs
[2026-01-21T12:24:19.787+0000] {logging_mixin.py:188} INFO - [2026-01-21T12:24:19.787+0000] {dag.py:3823} INFO - Setting next_dagrun for example_local_kubernetes_executor to None, run_after=None
[2026-01-21T12:24:19.817+0000] {processor.py:183} INFO - Processing /home/airflow/.local/lib/python3.8/site-packages/airflow/example_dags/example_local_kubernetes_executor.py took 0.119 seconds
[2026-01-21T12:24:50.346+0000] {processor.py:161} INFO - Started process (PID=24169) to work on /home/airflow/.local/lib/python3.8/site-packages/airflow/example_dags/example_local_kubernetes_executor.py
[2026-01-21T12:24:50.347+0000] {processor.py:830} INFO - Processing file /home/airflow/.local/lib/python3.8/site-packages/airflow/example_dags/example_local_kubernetes_executor.py for tasks to queue
[2026-01-21T12:24:50.350+0000] {logging_mixin.py:188} INFO - [2026-01-21T12:24:50.350+0000] {dagbag.py:538} INFO - Filling up the DagBag from /home/airflow/.local/lib/python3.8/site-packages/airflow/example_dags/example_local_kubernetes_executor.py
[2026-01-21T12:24:50.363+0000] {processor.py:840} INFO - DAG(s) 'example_local_kubernetes_executor' retrieved from /home/airflow/.local/lib/python3.8/site-packages/airflow/example_dags/example_local_kubernetes_executor.py
[2026-01-21T12:24:50.428+0000] {logging_mixin.py:188} INFO - [2026-01-21T12:24:50.428+0000] {dag.py:3036} INFO - Sync 1 DAGs
[2026-01-21T12:24:50.452+0000] {logging_mixin.py:188} INFO - [2026-01-21T12:24:50.452+0000] {dag.py:3823} INFO - Setting next_dagrun for example_local_kubernetes_executor to None, run_after=None
[2026-01-21T12:24:50.485+0000] {processor.py:183} INFO - Processing /home/airflow/.local/lib/python3.8/site-packages/airflow/example_dags/example_local_kubernetes_executor.py took 0.145 seconds
[2026-01-21T12:25:20.859+0000] {processor.py:161} INFO - Started process (PID=24236) to work on /home/airflow/.local/lib/python3.8/site-packages/airflow/example_dags/example_local_kubernetes_executor.py
[2026-01-21T12:25:20.861+0000] {processor.py:830} INFO - Processing file /home/airflow/.local/lib/python3.8/site-packages/airflow/example_dags/example_local_kubernetes_executor.py for tasks to queue
[2026-01-21T12:25:20.863+0000] {logging_mixin.py:188} INFO - [2026-01-21T12:25:20.863+0000] {dagbag.py:538} INFO - Filling up the DagBag from /home/airflow/.local/lib/python3.8/site-packages/airflow/example_dags/example_local_kubernetes_executor.py
[2026-01-21T12:25:20.880+0000] {processor.py:840} INFO - DAG(s) 'example_local_kubernetes_executor' retrieved from /home/airflow/.local/lib/python3.8/site-packages/airflow/example_dags/example_local_kubernetes_executor.py
[2026-01-21T12:25:20.949+0000] {logging_mixin.py:188} INFO - [2026-01-21T12:25:20.948+0000] {dag.py:3036} INFO - Sync 1 DAGs
[2026-01-21T12:25:20.971+0000] {logging_mixin.py:188} INFO - [2026-01-21T12:25:20.971+0000] {dag.py:3823} INFO - Setting next_dagrun for example_local_kubernetes_executor to None, run_after=None
[2026-01-21T12:25:21.005+0000] {processor.py:183} INFO - Processing /home/airflow/.local/lib/python3.8/site-packages/airflow/example_dags/example_local_kubernetes_executor.py took 0.151 seconds
[2026-01-21T12:25:51.185+0000] {processor.py:161} INFO - Started process (PID=24302) to work on /home/airflow/.local/lib/python3.8/site-packages/airflow/example_dags/example_local_kubernetes_executor.py
[2026-01-21T12:25:51.186+0000] {processor.py:830} INFO - Processing file /home/airflow/.local/lib/python3.8/site-packages/airflow/example_dags/example_local_kubernetes_executor.py for tasks to queue
[2026-01-21T12:25:51.188+0000] {logging_mixin.py:188} INFO - [2026-01-21T12:25:51.188+0000] {dagbag.py:538} INFO - Filling up the DagBag from /home/airflow/.local/lib/python3.8/site-packages/airflow/example_dags/example_local_kubernetes_executor.py
[2026-01-21T12:25:51.199+0000] {processor.py:840} INFO - DAG(s) 'example_local_kubernetes_executor' retrieved from /home/airflow/.local/lib/python3.8/site-packages/airflow/example_dags/example_local_kubernetes_executor.py
[2026-01-21T12:25:51.252+0000] {logging_mixin.py:188} INFO - [2026-01-21T12:25:51.252+0000] {dag.py:3036} INFO - Sync 1 DAGs
[2026-01-21T12:25:51.271+0000] {logging_mixin.py:188} INFO - [2026-01-21T12:25:51.271+0000] {dag.py:3823} INFO - Setting next_dagrun for example_local_kubernetes_executor to None, run_after=None
[2026-01-21T12:25:51.296+0000] {processor.py:183} INFO - Processing /home/airflow/.local/lib/python3.8/site-packages/airflow/example_dags/example_local_kubernetes_executor.py took 0.116 seconds
[2026-01-21T12:26:21.714+0000] {processor.py:161} INFO - Started process (PID=24368) to work on /home/airflow/.local/lib/python3.8/site-packages/airflow/example_dags/example_local_kubernetes_executor.py
[2026-01-21T12:26:21.716+0000] {processor.py:830} INFO - Processing file /home/airflow/.local/lib/python3.8/site-packages/airflow/example_dags/example_local_kubernetes_executor.py for tasks to queue
[2026-01-21T12:26:21.718+0000] {logging_mixin.py:188} INFO - [2026-01-21T12:26:21.718+0000] {dagbag.py:538} INFO - Filling up the DagBag from /home/airflow/.local/lib/python3.8/site-packages/airflow/example_dags/example_local_kubernetes_executor.py
[2026-01-21T12:26:21.728+0000] {processor.py:840} INFO - DAG(s) 'example_local_kubernetes_executor' retrieved from /home/airflow/.local/lib/python3.8/site-packages/airflow/example_dags/example_local_kubernetes_executor.py
[2026-01-21T12:26:21.777+0000] {logging_mixin.py:188} INFO - [2026-01-21T12:26:21.776+0000] {dag.py:3036} INFO - Sync 1 DAGs
[2026-01-21T12:26:21.794+0000] {logging_mixin.py:188} INFO - [2026-01-21T12:26:21.794+0000] {dag.py:3823} INFO - Setting next_dagrun for example_local_kubernetes_executor to None, run_after=None
[2026-01-21T12:26:21.821+0000] {processor.py:183} INFO - Processing /home/airflow/.local/lib/python3.8/site-packages/airflow/example_dags/example_local_kubernetes_executor.py took 0.111 seconds
[2026-01-21T12:26:52.327+0000] {processor.py:161} INFO - Started process (PID=24435) to work on /home/airflow/.local/lib/python3.8/site-packages/airflow/example_dags/example_local_kubernetes_executor.py
[2026-01-21T12:26:52.329+0000] {processor.py:830} INFO - Processing file /home/airflow/.local/lib/python3.8/site-packages/airflow/example_dags/example_local_kubernetes_executor.py for tasks to queue
[2026-01-21T12:26:52.331+0000] {logging_mixin.py:188} INFO - [2026-01-21T12:26:52.331+0000] {dagbag.py:538} INFO - Filling up the DagBag from /home/airflow/.local/lib/python3.8/site-packages/airflow/example_dags/example_local_kubernetes_executor.py
[2026-01-21T12:26:52.341+0000] {processor.py:840} INFO - DAG(s) 'example_local_kubernetes_executor' retrieved from /home/airflow/.local/lib/python3.8/site-packages/airflow/example_dags/example_local_kubernetes_executor.py
[2026-01-21T12:26:52.393+0000] {logging_mixin.py:188} INFO - [2026-01-21T12:26:52.392+0000] {dag.py:3036} INFO - Sync 1 DAGs
[2026-01-21T12:26:52.411+0000] {logging_mixin.py:188} INFO - [2026-01-21T12:26:52.410+0000] {dag.py:3823} INFO - Setting next_dagrun for example_local_kubernetes_executor to None, run_after=None
[2026-01-21T12:26:52.439+0000] {processor.py:183} INFO - Processing /home/airflow/.local/lib/python3.8/site-packages/airflow/example_dags/example_local_kubernetes_executor.py took 0.117 seconds
[2026-01-21T12:27:22.654+0000] {processor.py:161} INFO - Started process (PID=24501) to work on /home/airflow/.local/lib/python3.8/site-packages/airflow/example_dags/example_local_kubernetes_executor.py
[2026-01-21T12:27:22.655+0000] {processor.py:830} INFO - Processing file /home/airflow/.local/lib/python3.8/site-packages/airflow/example_dags/example_local_kubernetes_executor.py for tasks to queue
[2026-01-21T12:27:22.658+0000] {logging_mixin.py:188} INFO - [2026-01-21T12:27:22.657+0000] {dagbag.py:538} INFO - Filling up the DagBag from /home/airflow/.local/lib/python3.8/site-packages/airflow/example_dags/example_local_kubernetes_executor.py
[2026-01-21T12:27:22.668+0000] {processor.py:840} INFO - DAG(s) 'example_local_kubernetes_executor' retrieved from /home/airflow/.local/lib/python3.8/site-packages/airflow/example_dags/example_local_kubernetes_executor.py
[2026-01-21T12:27:22.718+0000] {logging_mixin.py:188} INFO - [2026-01-21T12:27:22.718+0000] {dag.py:3036} INFO - Sync 1 DAGs
[2026-01-21T12:27:22.737+0000] {logging_mixin.py:188} INFO - [2026-01-21T12:27:22.736+0000] {dag.py:3823} INFO - Setting next_dagrun for example_local_kubernetes_executor to None, run_after=None
[2026-01-21T12:27:22.762+0000] {processor.py:183} INFO - Processing /home/airflow/.local/lib/python3.8/site-packages/airflow/example_dags/example_local_kubernetes_executor.py took 0.113 seconds
[2026-01-21T12:27:53.100+0000] {processor.py:161} INFO - Started process (PID=24566) to work on /home/airflow/.local/lib/python3.8/site-packages/airflow/example_dags/example_local_kubernetes_executor.py
[2026-01-21T12:27:53.103+0000] {processor.py:830} INFO - Processing file /home/airflow/.local/lib/python3.8/site-packages/airflow/example_dags/example_local_kubernetes_executor.py for tasks to queue
[2026-01-21T12:27:53.105+0000] {logging_mixin.py:188} INFO - [2026-01-21T12:27:53.105+0000] {dagbag.py:538} INFO - Filling up the DagBag from /home/airflow/.local/lib/python3.8/site-packages/airflow/example_dags/example_local_kubernetes_executor.py
[2026-01-21T12:27:53.118+0000] {processor.py:840} INFO - DAG(s) 'example_local_kubernetes_executor' retrieved from /home/airflow/.local/lib/python3.8/site-packages/airflow/example_dags/example_local_kubernetes_executor.py
[2026-01-21T12:27:53.184+0000] {logging_mixin.py:188} INFO - [2026-01-21T12:27:53.183+0000] {dag.py:3036} INFO - Sync 1 DAGs
[2026-01-21T12:27:53.208+0000] {logging_mixin.py:188} INFO - [2026-01-21T12:27:53.207+0000] {dag.py:3823} INFO - Setting next_dagrun for example_local_kubernetes_executor to None, run_after=None
[2026-01-21T12:27:53.238+0000] {processor.py:183} INFO - Processing /home/airflow/.local/lib/python3.8/site-packages/airflow/example_dags/example_local_kubernetes_executor.py took 0.146 seconds
[2026-01-21T12:28:23.303+0000] {processor.py:161} INFO - Started process (PID=24640) to work on /home/airflow/.local/lib/python3.8/site-packages/airflow/example_dags/example_local_kubernetes_executor.py
[2026-01-21T12:28:23.306+0000] {processor.py:830} INFO - Processing file /home/airflow/.local/lib/python3.8/site-packages/airflow/example_dags/example_local_kubernetes_executor.py for tasks to queue
[2026-01-21T12:28:23.322+0000] {logging_mixin.py:188} INFO - [2026-01-21T12:28:23.322+0000] {dagbag.py:538} INFO - Filling up the DagBag from /home/airflow/.local/lib/python3.8/site-packages/airflow/example_dags/example_local_kubernetes_executor.py
[2026-01-21T12:28:23.355+0000] {processor.py:840} INFO - DAG(s) 'example_local_kubernetes_executor' retrieved from /home/airflow/.local/lib/python3.8/site-packages/airflow/example_dags/example_local_kubernetes_executor.py
[2026-01-21T12:28:23.425+0000] {logging_mixin.py:188} INFO - [2026-01-21T12:28:23.424+0000] {dag.py:3036} INFO - Sync 1 DAGs
[2026-01-21T12:28:23.448+0000] {logging_mixin.py:188} INFO - [2026-01-21T12:28:23.448+0000] {dag.py:3823} INFO - Setting next_dagrun for example_local_kubernetes_executor to None, run_after=None
[2026-01-21T12:28:23.478+0000] {processor.py:183} INFO - Processing /home/airflow/.local/lib/python3.8/site-packages/airflow/example_dags/example_local_kubernetes_executor.py took 0.181 seconds
[2026-01-21T12:28:53.689+0000] {processor.py:161} INFO - Started process (PID=24702) to work on /home/airflow/.local/lib/python3.8/site-packages/airflow/example_dags/example_local_kubernetes_executor.py
[2026-01-21T12:28:53.692+0000] {processor.py:830} INFO - Processing file /home/airflow/.local/lib/python3.8/site-packages/airflow/example_dags/example_local_kubernetes_executor.py for tasks to queue
[2026-01-21T12:28:53.694+0000] {logging_mixin.py:188} INFO - [2026-01-21T12:28:53.694+0000] {dagbag.py:538} INFO - Filling up the DagBag from /home/airflow/.local/lib/python3.8/site-packages/airflow/example_dags/example_local_kubernetes_executor.py
[2026-01-21T12:28:53.707+0000] {processor.py:840} INFO - DAG(s) 'example_local_kubernetes_executor' retrieved from /home/airflow/.local/lib/python3.8/site-packages/airflow/example_dags/example_local_kubernetes_executor.py
[2026-01-21T12:28:53.777+0000] {logging_mixin.py:188} INFO - [2026-01-21T12:28:53.776+0000] {dag.py:3036} INFO - Sync 1 DAGs
[2026-01-21T12:28:53.806+0000] {logging_mixin.py:188} INFO - [2026-01-21T12:28:53.806+0000] {dag.py:3823} INFO - Setting next_dagrun for example_local_kubernetes_executor to None, run_after=None
[2026-01-21T12:28:53.861+0000] {processor.py:183} INFO - Processing /home/airflow/.local/lib/python3.8/site-packages/airflow/example_dags/example_local_kubernetes_executor.py took 0.177 seconds
[2026-01-21T12:29:24.657+0000] {processor.py:161} INFO - Started process (PID=24766) to work on /home/airflow/.local/lib/python3.8/site-packages/airflow/example_dags/example_local_kubernetes_executor.py
[2026-01-21T12:29:24.658+0000] {processor.py:830} INFO - Processing file /home/airflow/.local/lib/python3.8/site-packages/airflow/example_dags/example_local_kubernetes_executor.py for tasks to queue
[2026-01-21T12:29:24.660+0000] {logging_mixin.py:188} INFO - [2026-01-21T12:29:24.660+0000] {dagbag.py:538} INFO - Filling up the DagBag from /home/airflow/.local/lib/python3.8/site-packages/airflow/example_dags/example_local_kubernetes_executor.py
[2026-01-21T12:29:24.670+0000] {processor.py:840} INFO - DAG(s) 'example_local_kubernetes_executor' retrieved from /home/airflow/.local/lib/python3.8/site-packages/airflow/example_dags/example_local_kubernetes_executor.py
[2026-01-21T12:29:24.723+0000] {logging_mixin.py:188} INFO - [2026-01-21T12:29:24.722+0000] {dag.py:3036} INFO - Sync 1 DAGs
[2026-01-21T12:29:24.742+0000] {logging_mixin.py:188} INFO - [2026-01-21T12:29:24.742+0000] {dag.py:3823} INFO - Setting next_dagrun for example_local_kubernetes_executor to None, run_after=None
[2026-01-21T12:29:24.770+0000] {processor.py:183} INFO - Processing /home/airflow/.local/lib/python3.8/site-packages/airflow/example_dags/example_local_kubernetes_executor.py took 0.118 seconds
[2026-01-21T12:29:54.839+0000] {processor.py:161} INFO - Started process (PID=24832) to work on /home/airflow/.local/lib/python3.8/site-packages/airflow/example_dags/example_local_kubernetes_executor.py
[2026-01-21T12:29:54.841+0000] {processor.py:830} INFO - Processing file /home/airflow/.local/lib/python3.8/site-packages/airflow/example_dags/example_local_kubernetes_executor.py for tasks to queue
[2026-01-21T12:29:54.843+0000] {logging_mixin.py:188} INFO - [2026-01-21T12:29:54.843+0000] {dagbag.py:538} INFO - Filling up the DagBag from /home/airflow/.local/lib/python3.8/site-packages/airflow/example_dags/example_local_kubernetes_executor.py
[2026-01-21T12:29:54.853+0000] {processor.py:840} INFO - DAG(s) 'example_local_kubernetes_executor' retrieved from /home/airflow/.local/lib/python3.8/site-packages/airflow/example_dags/example_local_kubernetes_executor.py
[2026-01-21T12:29:54.903+0000] {logging_mixin.py:188} INFO - [2026-01-21T12:29:54.902+0000] {dag.py:3036} INFO - Sync 1 DAGs
[2026-01-21T12:29:54.922+0000] {logging_mixin.py:188} INFO - [2026-01-21T12:29:54.922+0000] {dag.py:3823} INFO - Setting next_dagrun for example_local_kubernetes_executor to None, run_after=None
[2026-01-21T12:29:54.956+0000] {processor.py:183} INFO - Processing /home/airflow/.local/lib/python3.8/site-packages/airflow/example_dags/example_local_kubernetes_executor.py took 0.122 seconds
[2026-01-21T12:30:25.144+0000] {processor.py:161} INFO - Started process (PID=24898) to work on /home/airflow/.local/lib/python3.8/site-packages/airflow/example_dags/example_local_kubernetes_executor.py
[2026-01-21T12:30:25.146+0000] {processor.py:830} INFO - Processing file /home/airflow/.local/lib/python3.8/site-packages/airflow/example_dags/example_local_kubernetes_executor.py for tasks to queue
[2026-01-21T12:30:25.148+0000] {logging_mixin.py:188} INFO - [2026-01-21T12:30:25.147+0000] {dagbag.py:538} INFO - Filling up the DagBag from /home/airflow/.local/lib/python3.8/site-packages/airflow/example_dags/example_local_kubernetes_executor.py
[2026-01-21T12:30:25.158+0000] {processor.py:840} INFO - DAG(s) 'example_local_kubernetes_executor' retrieved from /home/airflow/.local/lib/python3.8/site-packages/airflow/example_dags/example_local_kubernetes_executor.py
[2026-01-21T12:30:25.211+0000] {logging_mixin.py:188} INFO - [2026-01-21T12:30:25.211+0000] {dag.py:3036} INFO - Sync 1 DAGs
[2026-01-21T12:30:25.229+0000] {logging_mixin.py:188} INFO - [2026-01-21T12:30:25.229+0000] {dag.py:3823} INFO - Setting next_dagrun for example_local_kubernetes_executor to None, run_after=None
[2026-01-21T12:30:25.257+0000] {processor.py:183} INFO - Processing /home/airflow/.local/lib/python3.8/site-packages/airflow/example_dags/example_local_kubernetes_executor.py took 0.118 seconds
[2026-01-21T12:30:55.440+0000] {processor.py:161} INFO - Started process (PID=24963) to work on /home/airflow/.local/lib/python3.8/site-packages/airflow/example_dags/example_local_kubernetes_executor.py
[2026-01-21T12:30:55.442+0000] {processor.py:830} INFO - Processing file /home/airflow/.local/lib/python3.8/site-packages/airflow/example_dags/example_local_kubernetes_executor.py for tasks to queue
[2026-01-21T12:30:55.445+0000] {logging_mixin.py:188} INFO - [2026-01-21T12:30:55.444+0000] {dagbag.py:538} INFO - Filling up the DagBag from /home/airflow/.local/lib/python3.8/site-packages/airflow/example_dags/example_local_kubernetes_executor.py
[2026-01-21T12:30:55.455+0000] {processor.py:840} INFO - DAG(s) 'example_local_kubernetes_executor' retrieved from /home/airflow/.local/lib/python3.8/site-packages/airflow/example_dags/example_local_kubernetes_executor.py
[2026-01-21T12:30:55.509+0000] {logging_mixin.py:188} INFO - [2026-01-21T12:30:55.508+0000] {dag.py:3036} INFO - Sync 1 DAGs
[2026-01-21T12:30:55.527+0000] {logging_mixin.py:188} INFO - [2026-01-21T12:30:55.527+0000] {dag.py:3823} INFO - Setting next_dagrun for example_local_kubernetes_executor to None, run_after=None
[2026-01-21T12:30:55.557+0000] {processor.py:183} INFO - Processing /home/airflow/.local/lib/python3.8/site-packages/airflow/example_dags/example_local_kubernetes_executor.py took 0.122 seconds
[2026-01-21T12:31:26.115+0000] {processor.py:161} INFO - Started process (PID=25037) to work on /home/airflow/.local/lib/python3.8/site-packages/airflow/example_dags/example_local_kubernetes_executor.py
[2026-01-21T12:31:26.117+0000] {processor.py:830} INFO - Processing file /home/airflow/.local/lib/python3.8/site-packages/airflow/example_dags/example_local_kubernetes_executor.py for tasks to queue
[2026-01-21T12:31:26.121+0000] {logging_mixin.py:188} INFO - [2026-01-21T12:31:26.121+0000] {dagbag.py:538} INFO - Filling up the DagBag from /home/airflow/.local/lib/python3.8/site-packages/airflow/example_dags/example_local_kubernetes_executor.py
[2026-01-21T12:31:26.136+0000] {processor.py:840} INFO - DAG(s) 'example_local_kubernetes_executor' retrieved from /home/airflow/.local/lib/python3.8/site-packages/airflow/example_dags/example_local_kubernetes_executor.py
[2026-01-21T12:31:26.196+0000] {logging_mixin.py:188} INFO - [2026-01-21T12:31:26.195+0000] {dag.py:3036} INFO - Sync 1 DAGs
[2026-01-21T12:31:26.218+0000] {logging_mixin.py:188} INFO - [2026-01-21T12:31:26.218+0000] {dag.py:3823} INFO - Setting next_dagrun for example_local_kubernetes_executor to None, run_after=None
[2026-01-21T12:31:26.251+0000] {processor.py:183} INFO - Processing /home/airflow/.local/lib/python3.8/site-packages/airflow/example_dags/example_local_kubernetes_executor.py took 0.142 seconds
[2026-01-21T12:31:56.783+0000] {processor.py:161} INFO - Started process (PID=25102) to work on /home/airflow/.local/lib/python3.8/site-packages/airflow/example_dags/example_local_kubernetes_executor.py
[2026-01-21T12:31:56.785+0000] {processor.py:830} INFO - Processing file /home/airflow/.local/lib/python3.8/site-packages/airflow/example_dags/example_local_kubernetes_executor.py for tasks to queue
[2026-01-21T12:31:56.788+0000] {logging_mixin.py:188} INFO - [2026-01-21T12:31:56.787+0000] {dagbag.py:538} INFO - Filling up the DagBag from /home/airflow/.local/lib/python3.8/site-packages/airflow/example_dags/example_local_kubernetes_executor.py
[2026-01-21T12:31:56.800+0000] {processor.py:840} INFO - DAG(s) 'example_local_kubernetes_executor' retrieved from /home/airflow/.local/lib/python3.8/site-packages/airflow/example_dags/example_local_kubernetes_executor.py
[2026-01-21T12:31:56.880+0000] {logging_mixin.py:188} INFO - [2026-01-21T12:31:56.879+0000] {dag.py:3036} INFO - Sync 1 DAGs
[2026-01-21T12:31:56.904+0000] {logging_mixin.py:188} INFO - [2026-01-21T12:31:56.904+0000] {dag.py:3823} INFO - Setting next_dagrun for example_local_kubernetes_executor to None, run_after=None
[2026-01-21T12:31:56.952+0000] {processor.py:183} INFO - Processing /home/airflow/.local/lib/python3.8/site-packages/airflow/example_dags/example_local_kubernetes_executor.py took 0.175 seconds
[2026-01-21T12:32:27.100+0000] {processor.py:161} INFO - Started process (PID=25168) to work on /home/airflow/.local/lib/python3.8/site-packages/airflow/example_dags/example_local_kubernetes_executor.py
[2026-01-21T12:32:27.101+0000] {processor.py:830} INFO - Processing file /home/airflow/.local/lib/python3.8/site-packages/airflow/example_dags/example_local_kubernetes_executor.py for tasks to queue
[2026-01-21T12:32:27.104+0000] {logging_mixin.py:188} INFO - [2026-01-21T12:32:27.104+0000] {dagbag.py:538} INFO - Filling up the DagBag from /home/airflow/.local/lib/python3.8/site-packages/airflow/example_dags/example_local_kubernetes_executor.py
[2026-01-21T12:32:27.117+0000] {processor.py:840} INFO - DAG(s) 'example_local_kubernetes_executor' retrieved from /home/airflow/.local/lib/python3.8/site-packages/airflow/example_dags/example_local_kubernetes_executor.py
[2026-01-21T12:32:27.179+0000] {logging_mixin.py:188} INFO - [2026-01-21T12:32:27.178+0000] {dag.py:3036} INFO - Sync 1 DAGs
[2026-01-21T12:32:27.212+0000] {logging_mixin.py:188} INFO - [2026-01-21T12:32:27.212+0000] {dag.py:3823} INFO - Setting next_dagrun for example_local_kubernetes_executor to None, run_after=None
[2026-01-21T12:32:27.244+0000] {processor.py:183} INFO - Processing /home/airflow/.local/lib/python3.8/site-packages/airflow/example_dags/example_local_kubernetes_executor.py took 0.150 seconds
[2026-01-21T12:32:57.504+0000] {processor.py:161} INFO - Started process (PID=25234) to work on /home/airflow/.local/lib/python3.8/site-packages/airflow/example_dags/example_local_kubernetes_executor.py
[2026-01-21T12:32:57.506+0000] {processor.py:830} INFO - Processing file /home/airflow/.local/lib/python3.8/site-packages/airflow/example_dags/example_local_kubernetes_executor.py for tasks to queue
[2026-01-21T12:32:57.509+0000] {logging_mixin.py:188} INFO - [2026-01-21T12:32:57.509+0000] {dagbag.py:538} INFO - Filling up the DagBag from /home/airflow/.local/lib/python3.8/site-packages/airflow/example_dags/example_local_kubernetes_executor.py
[2026-01-21T12:32:57.522+0000] {processor.py:840} INFO - DAG(s) 'example_local_kubernetes_executor' retrieved from /home/airflow/.local/lib/python3.8/site-packages/airflow/example_dags/example_local_kubernetes_executor.py
[2026-01-21T12:32:57.593+0000] {logging_mixin.py:188} INFO - [2026-01-21T12:32:57.592+0000] {dag.py:3036} INFO - Sync 1 DAGs
[2026-01-21T12:32:57.614+0000] {logging_mixin.py:188} INFO - [2026-01-21T12:32:57.614+0000] {dag.py:3823} INFO - Setting next_dagrun for example_local_kubernetes_executor to None, run_after=None
[2026-01-21T12:32:57.644+0000] {processor.py:183} INFO - Processing /home/airflow/.local/lib/python3.8/site-packages/airflow/example_dags/example_local_kubernetes_executor.py took 0.163 seconds
[2026-01-21T12:33:28.139+0000] {processor.py:161} INFO - Started process (PID=25300) to work on /home/airflow/.local/lib/python3.8/site-packages/airflow/example_dags/example_local_kubernetes_executor.py
[2026-01-21T12:33:28.141+0000] {processor.py:830} INFO - Processing file /home/airflow/.local/lib/python3.8/site-packages/airflow/example_dags/example_local_kubernetes_executor.py for tasks to queue
[2026-01-21T12:33:28.143+0000] {logging_mixin.py:188} INFO - [2026-01-21T12:33:28.143+0000] {dagbag.py:538} INFO - Filling up the DagBag from /home/airflow/.local/lib/python3.8/site-packages/airflow/example_dags/example_local_kubernetes_executor.py
[2026-01-21T12:33:28.153+0000] {processor.py:840} INFO - DAG(s) 'example_local_kubernetes_executor' retrieved from /home/airflow/.local/lib/python3.8/site-packages/airflow/example_dags/example_local_kubernetes_executor.py
[2026-01-21T12:33:28.203+0000] {logging_mixin.py:188} INFO - [2026-01-21T12:33:28.202+0000] {dag.py:3036} INFO - Sync 1 DAGs
[2026-01-21T12:33:28.224+0000] {logging_mixin.py:188} INFO - [2026-01-21T12:33:28.224+0000] {dag.py:3823} INFO - Setting next_dagrun for example_local_kubernetes_executor to None, run_after=None
[2026-01-21T12:33:28.250+0000] {processor.py:183} INFO - Processing /home/airflow/.local/lib/python3.8/site-packages/airflow/example_dags/example_local_kubernetes_executor.py took 0.116 seconds
[2026-01-21T12:33:58.867+0000] {processor.py:161} INFO - Started process (PID=25365) to work on /home/airflow/.local/lib/python3.8/site-packages/airflow/example_dags/example_local_kubernetes_executor.py
[2026-01-21T12:33:58.869+0000] {processor.py:830} INFO - Processing file /home/airflow/.local/lib/python3.8/site-packages/airflow/example_dags/example_local_kubernetes_executor.py for tasks to queue
[2026-01-21T12:33:58.871+0000] {logging_mixin.py:188} INFO - [2026-01-21T12:33:58.870+0000] {dagbag.py:538} INFO - Filling up the DagBag from /home/airflow/.local/lib/python3.8/site-packages/airflow/example_dags/example_local_kubernetes_executor.py
[2026-01-21T12:33:58.881+0000] {processor.py:840} INFO - DAG(s) 'example_local_kubernetes_executor' retrieved from /home/airflow/.local/lib/python3.8/site-packages/airflow/example_dags/example_local_kubernetes_executor.py
[2026-01-21T12:33:58.933+0000] {logging_mixin.py:188} INFO - [2026-01-21T12:33:58.933+0000] {dag.py:3036} INFO - Sync 1 DAGs
[2026-01-21T12:33:58.956+0000] {logging_mixin.py:188} INFO - [2026-01-21T12:33:58.955+0000] {dag.py:3823} INFO - Setting next_dagrun for example_local_kubernetes_executor to None, run_after=None
[2026-01-21T12:33:58.986+0000] {processor.py:183} INFO - Processing /home/airflow/.local/lib/python3.8/site-packages/airflow/example_dags/example_local_kubernetes_executor.py took 0.124 seconds
[2026-01-21T12:34:29.607+0000] {processor.py:161} INFO - Started process (PID=25430) to work on /home/airflow/.local/lib/python3.8/site-packages/airflow/example_dags/example_local_kubernetes_executor.py
[2026-01-21T12:34:29.608+0000] {processor.py:830} INFO - Processing file /home/airflow/.local/lib/python3.8/site-packages/airflow/example_dags/example_local_kubernetes_executor.py for tasks to queue
[2026-01-21T12:34:29.611+0000] {logging_mixin.py:188} INFO - [2026-01-21T12:34:29.610+0000] {dagbag.py:538} INFO - Filling up the DagBag from /home/airflow/.local/lib/python3.8/site-packages/airflow/example_dags/example_local_kubernetes_executor.py
[2026-01-21T12:34:29.621+0000] {processor.py:840} INFO - DAG(s) 'example_local_kubernetes_executor' retrieved from /home/airflow/.local/lib/python3.8/site-packages/airflow/example_dags/example_local_kubernetes_executor.py
[2026-01-21T12:34:29.671+0000] {logging_mixin.py:188} INFO - [2026-01-21T12:34:29.670+0000] {dag.py:3036} INFO - Sync 1 DAGs
[2026-01-21T12:34:29.689+0000] {logging_mixin.py:188} INFO - [2026-01-21T12:34:29.689+0000] {dag.py:3823} INFO - Setting next_dagrun for example_local_kubernetes_executor to None, run_after=None
[2026-01-21T12:34:29.716+0000] {processor.py:183} INFO - Processing /home/airflow/.local/lib/python3.8/site-packages/airflow/example_dags/example_local_kubernetes_executor.py took 0.114 seconds
[2026-01-21T12:35:00.114+0000] {processor.py:161} INFO - Started process (PID=25502) to work on /home/airflow/.local/lib/python3.8/site-packages/airflow/example_dags/example_local_kubernetes_executor.py
[2026-01-21T12:35:00.115+0000] {processor.py:830} INFO - Processing file /home/airflow/.local/lib/python3.8/site-packages/airflow/example_dags/example_local_kubernetes_executor.py for tasks to queue
[2026-01-21T12:35:00.118+0000] {logging_mixin.py:188} INFO - [2026-01-21T12:35:00.117+0000] {dagbag.py:538} INFO - Filling up the DagBag from /home/airflow/.local/lib/python3.8/site-packages/airflow/example_dags/example_local_kubernetes_executor.py
[2026-01-21T12:35:00.130+0000] {processor.py:840} INFO - DAG(s) 'example_local_kubernetes_executor' retrieved from /home/airflow/.local/lib/python3.8/site-packages/airflow/example_dags/example_local_kubernetes_executor.py
[2026-01-21T12:35:00.198+0000] {logging_mixin.py:188} INFO - [2026-01-21T12:35:00.198+0000] {dag.py:3036} INFO - Sync 1 DAGs
[2026-01-21T12:35:00.221+0000] {logging_mixin.py:188} INFO - [2026-01-21T12:35:00.221+0000] {dag.py:3823} INFO - Setting next_dagrun for example_local_kubernetes_executor to None, run_after=None
[2026-01-21T12:35:00.251+0000] {processor.py:183} INFO - Processing /home/airflow/.local/lib/python3.8/site-packages/airflow/example_dags/example_local_kubernetes_executor.py took 0.143 seconds
[2026-01-21T12:35:30.854+0000] {processor.py:161} INFO - Started process (PID=25568) to work on /home/airflow/.local/lib/python3.8/site-packages/airflow/example_dags/example_local_kubernetes_executor.py
[2026-01-21T12:35:30.857+0000] {processor.py:830} INFO - Processing file /home/airflow/.local/lib/python3.8/site-packages/airflow/example_dags/example_local_kubernetes_executor.py for tasks to queue
[2026-01-21T12:35:30.860+0000] {logging_mixin.py:188} INFO - [2026-01-21T12:35:30.859+0000] {dagbag.py:538} INFO - Filling up the DagBag from /home/airflow/.local/lib/python3.8/site-packages/airflow/example_dags/example_local_kubernetes_executor.py
[2026-01-21T12:35:30.881+0000] {processor.py:840} INFO - DAG(s) 'example_local_kubernetes_executor' retrieved from /home/airflow/.local/lib/python3.8/site-packages/airflow/example_dags/example_local_kubernetes_executor.py
[2026-01-21T12:35:30.948+0000] {logging_mixin.py:188} INFO - [2026-01-21T12:35:30.948+0000] {dag.py:3036} INFO - Sync 1 DAGs
[2026-01-21T12:35:30.974+0000] {logging_mixin.py:188} INFO - [2026-01-21T12:35:30.974+0000] {dag.py:3823} INFO - Setting next_dagrun for example_local_kubernetes_executor to None, run_after=None
[2026-01-21T12:35:31.008+0000] {processor.py:183} INFO - Processing /home/airflow/.local/lib/python3.8/site-packages/airflow/example_dags/example_local_kubernetes_executor.py took 0.159 seconds
[2026-01-21T12:36:01.474+0000] {processor.py:161} INFO - Started process (PID=25635) to work on /home/airflow/.local/lib/python3.8/site-packages/airflow/example_dags/example_local_kubernetes_executor.py
[2026-01-21T12:36:01.475+0000] {processor.py:830} INFO - Processing file /home/airflow/.local/lib/python3.8/site-packages/airflow/example_dags/example_local_kubernetes_executor.py for tasks to queue
[2026-01-21T12:36:01.478+0000] {logging_mixin.py:188} INFO - [2026-01-21T12:36:01.477+0000] {dagbag.py:538} INFO - Filling up the DagBag from /home/airflow/.local/lib/python3.8/site-packages/airflow/example_dags/example_local_kubernetes_executor.py
[2026-01-21T12:36:01.489+0000] {processor.py:840} INFO - DAG(s) 'example_local_kubernetes_executor' retrieved from /home/airflow/.local/lib/python3.8/site-packages/airflow/example_dags/example_local_kubernetes_executor.py
[2026-01-21T12:36:01.546+0000] {logging_mixin.py:188} INFO - [2026-01-21T12:36:01.546+0000] {dag.py:3036} INFO - Sync 1 DAGs
[2026-01-21T12:36:01.564+0000] {logging_mixin.py:188} INFO - [2026-01-21T12:36:01.564+0000] {dag.py:3823} INFO - Setting next_dagrun for example_local_kubernetes_executor to None, run_after=None
[2026-01-21T12:36:01.590+0000] {processor.py:183} INFO - Processing /home/airflow/.local/lib/python3.8/site-packages/airflow/example_dags/example_local_kubernetes_executor.py took 0.121 seconds
[2026-01-21T12:36:31.856+0000] {processor.py:161} INFO - Started process (PID=25701) to work on /home/airflow/.local/lib/python3.8/site-packages/airflow/example_dags/example_local_kubernetes_executor.py
[2026-01-21T12:36:31.858+0000] {processor.py:830} INFO - Processing file /home/airflow/.local/lib/python3.8/site-packages/airflow/example_dags/example_local_kubernetes_executor.py for tasks to queue
[2026-01-21T12:36:31.860+0000] {logging_mixin.py:188} INFO - [2026-01-21T12:36:31.860+0000] {dagbag.py:538} INFO - Filling up the DagBag from /home/airflow/.local/lib/python3.8/site-packages/airflow/example_dags/example_local_kubernetes_executor.py
[2026-01-21T12:36:31.871+0000] {processor.py:840} INFO - DAG(s) 'example_local_kubernetes_executor' retrieved from /home/airflow/.local/lib/python3.8/site-packages/airflow/example_dags/example_local_kubernetes_executor.py
[2026-01-21T12:36:31.920+0000] {logging_mixin.py:188} INFO - [2026-01-21T12:36:31.920+0000] {dag.py:3036} INFO - Sync 1 DAGs
[2026-01-21T12:36:31.939+0000] {logging_mixin.py:188} INFO - [2026-01-21T12:36:31.939+0000] {dag.py:3823} INFO - Setting next_dagrun for example_local_kubernetes_executor to None, run_after=None
[2026-01-21T12:36:31.965+0000] {processor.py:183} INFO - Processing /home/airflow/.local/lib/python3.8/site-packages/airflow/example_dags/example_local_kubernetes_executor.py took 0.113 seconds
[2026-01-21T12:37:02.124+0000] {processor.py:161} INFO - Started process (PID=25768) to work on /home/airflow/.local/lib/python3.8/site-packages/airflow/example_dags/example_local_kubernetes_executor.py
[2026-01-21T12:37:02.125+0000] {processor.py:830} INFO - Processing file /home/airflow/.local/lib/python3.8/site-packages/airflow/example_dags/example_local_kubernetes_executor.py for tasks to queue
[2026-01-21T12:37:02.128+0000] {logging_mixin.py:188} INFO - [2026-01-21T12:37:02.127+0000] {dagbag.py:538} INFO - Filling up the DagBag from /home/airflow/.local/lib/python3.8/site-packages/airflow/example_dags/example_local_kubernetes_executor.py
[2026-01-21T12:37:02.138+0000] {processor.py:840} INFO - DAG(s) 'example_local_kubernetes_executor' retrieved from /home/airflow/.local/lib/python3.8/site-packages/airflow/example_dags/example_local_kubernetes_executor.py
[2026-01-21T12:37:02.195+0000] {logging_mixin.py:188} INFO - [2026-01-21T12:37:02.195+0000] {dag.py:3036} INFO - Sync 1 DAGs
[2026-01-21T12:37:02.216+0000] {logging_mixin.py:188} INFO - [2026-01-21T12:37:02.216+0000] {dag.py:3823} INFO - Setting next_dagrun for example_local_kubernetes_executor to None, run_after=None
[2026-01-21T12:37:02.244+0000] {processor.py:183} INFO - Processing /home/airflow/.local/lib/python3.8/site-packages/airflow/example_dags/example_local_kubernetes_executor.py took 0.125 seconds
[2026-01-21T12:37:32.548+0000] {processor.py:161} INFO - Started process (PID=25835) to work on /home/airflow/.local/lib/python3.8/site-packages/airflow/example_dags/example_local_kubernetes_executor.py
[2026-01-21T12:37:32.550+0000] {processor.py:830} INFO - Processing file /home/airflow/.local/lib/python3.8/site-packages/airflow/example_dags/example_local_kubernetes_executor.py for tasks to queue
[2026-01-21T12:37:32.553+0000] {logging_mixin.py:188} INFO - [2026-01-21T12:37:32.552+0000] {dagbag.py:538} INFO - Filling up the DagBag from /home/airflow/.local/lib/python3.8/site-packages/airflow/example_dags/example_local_kubernetes_executor.py
[2026-01-21T12:37:32.564+0000] {processor.py:840} INFO - DAG(s) 'example_local_kubernetes_executor' retrieved from /home/airflow/.local/lib/python3.8/site-packages/airflow/example_dags/example_local_kubernetes_executor.py
[2026-01-21T12:37:32.623+0000] {logging_mixin.py:188} INFO - [2026-01-21T12:37:32.622+0000] {dag.py:3036} INFO - Sync 1 DAGs
[2026-01-21T12:37:32.650+0000] {logging_mixin.py:188} INFO - [2026-01-21T12:37:32.650+0000] {dag.py:3823} INFO - Setting next_dagrun for example_local_kubernetes_executor to None, run_after=None
[2026-01-21T12:37:32.686+0000] {processor.py:183} INFO - Processing /home/airflow/.local/lib/python3.8/site-packages/airflow/example_dags/example_local_kubernetes_executor.py took 0.142 seconds
[2026-01-21T12:38:03.286+0000] {processor.py:161} INFO - Started process (PID=25900) to work on /home/airflow/.local/lib/python3.8/site-packages/airflow/example_dags/example_local_kubernetes_executor.py
[2026-01-21T12:38:03.288+0000] {processor.py:830} INFO - Processing file /home/airflow/.local/lib/python3.8/site-packages/airflow/example_dags/example_local_kubernetes_executor.py for tasks to queue
[2026-01-21T12:38:03.291+0000] {logging_mixin.py:188} INFO - [2026-01-21T12:38:03.290+0000] {dagbag.py:538} INFO - Filling up the DagBag from /home/airflow/.local/lib/python3.8/site-packages/airflow/example_dags/example_local_kubernetes_executor.py
[2026-01-21T12:38:03.303+0000] {processor.py:840} INFO - DAG(s) 'example_local_kubernetes_executor' retrieved from /home/airflow/.local/lib/python3.8/site-packages/airflow/example_dags/example_local_kubernetes_executor.py
[2026-01-21T12:38:03.367+0000] {logging_mixin.py:188} INFO - [2026-01-21T12:38:03.367+0000] {dag.py:3036} INFO - Sync 1 DAGs
[2026-01-21T12:38:03.401+0000] {logging_mixin.py:188} INFO - [2026-01-21T12:38:03.401+0000] {dag.py:3823} INFO - Setting next_dagrun for example_local_kubernetes_executor to None, run_after=None
[2026-01-21T12:38:03.433+0000] {processor.py:183} INFO - Processing /home/airflow/.local/lib/python3.8/site-packages/airflow/example_dags/example_local_kubernetes_executor.py took 0.153 seconds
[2026-01-21T12:38:33.668+0000] {processor.py:161} INFO - Started process (PID=25965) to work on /home/airflow/.local/lib/python3.8/site-packages/airflow/example_dags/example_local_kubernetes_executor.py
[2026-01-21T12:38:33.670+0000] {processor.py:830} INFO - Processing file /home/airflow/.local/lib/python3.8/site-packages/airflow/example_dags/example_local_kubernetes_executor.py for tasks to queue
[2026-01-21T12:38:33.673+0000] {logging_mixin.py:188} INFO - [2026-01-21T12:38:33.672+0000] {dagbag.py:538} INFO - Filling up the DagBag from /home/airflow/.local/lib/python3.8/site-packages/airflow/example_dags/example_local_kubernetes_executor.py
[2026-01-21T12:38:33.686+0000] {processor.py:840} INFO - DAG(s) 'example_local_kubernetes_executor' retrieved from /home/airflow/.local/lib/python3.8/site-packages/airflow/example_dags/example_local_kubernetes_executor.py
[2026-01-21T12:38:33.757+0000] {logging_mixin.py:188} INFO - [2026-01-21T12:38:33.757+0000] {dag.py:3036} INFO - Sync 1 DAGs
[2026-01-21T12:38:33.782+0000] {logging_mixin.py:188} INFO - [2026-01-21T12:38:33.782+0000] {dag.py:3823} INFO - Setting next_dagrun for example_local_kubernetes_executor to None, run_after=None
[2026-01-21T12:38:33.814+0000] {processor.py:183} INFO - Processing /home/airflow/.local/lib/python3.8/site-packages/airflow/example_dags/example_local_kubernetes_executor.py took 0.152 seconds
[2026-01-21T12:39:04.006+0000] {processor.py:161} INFO - Started process (PID=26039) to work on /home/airflow/.local/lib/python3.8/site-packages/airflow/example_dags/example_local_kubernetes_executor.py
[2026-01-21T12:39:04.008+0000] {processor.py:830} INFO - Processing file /home/airflow/.local/lib/python3.8/site-packages/airflow/example_dags/example_local_kubernetes_executor.py for tasks to queue
[2026-01-21T12:39:04.010+0000] {logging_mixin.py:188} INFO - [2026-01-21T12:39:04.010+0000] {dagbag.py:538} INFO - Filling up the DagBag from /home/airflow/.local/lib/python3.8/site-packages/airflow/example_dags/example_local_kubernetes_executor.py
[2026-01-21T12:39:04.023+0000] {processor.py:840} INFO - DAG(s) 'example_local_kubernetes_executor' retrieved from /home/airflow/.local/lib/python3.8/site-packages/airflow/example_dags/example_local_kubernetes_executor.py
[2026-01-21T12:39:04.087+0000] {logging_mixin.py:188} INFO - [2026-01-21T12:39:04.087+0000] {dag.py:3036} INFO - Sync 1 DAGs
[2026-01-21T12:39:04.112+0000] {logging_mixin.py:188} INFO - [2026-01-21T12:39:04.112+0000] {dag.py:3823} INFO - Setting next_dagrun for example_local_kubernetes_executor to None, run_after=None
[2026-01-21T12:39:04.179+0000] {processor.py:183} INFO - Processing /home/airflow/.local/lib/python3.8/site-packages/airflow/example_dags/example_local_kubernetes_executor.py took 0.178 seconds
[2026-01-21T12:39:34.938+0000] {processor.py:161} INFO - Started process (PID=26106) to work on /home/airflow/.local/lib/python3.8/site-packages/airflow/example_dags/example_local_kubernetes_executor.py
[2026-01-21T12:39:34.940+0000] {processor.py:830} INFO - Processing file /home/airflow/.local/lib/python3.8/site-packages/airflow/example_dags/example_local_kubernetes_executor.py for tasks to queue
[2026-01-21T12:39:34.943+0000] {logging_mixin.py:188} INFO - [2026-01-21T12:39:34.942+0000] {dagbag.py:538} INFO - Filling up the DagBag from /home/airflow/.local/lib/python3.8/site-packages/airflow/example_dags/example_local_kubernetes_executor.py
[2026-01-21T12:39:34.964+0000] {processor.py:840} INFO - DAG(s) 'example_local_kubernetes_executor' retrieved from /home/airflow/.local/lib/python3.8/site-packages/airflow/example_dags/example_local_kubernetes_executor.py
[2026-01-21T12:39:35.067+0000] {logging_mixin.py:188} INFO - [2026-01-21T12:39:35.066+0000] {dag.py:3036} INFO - Sync 1 DAGs
[2026-01-21T12:39:35.091+0000] {logging_mixin.py:188} INFO - [2026-01-21T12:39:35.091+0000] {dag.py:3823} INFO - Setting next_dagrun for example_local_kubernetes_executor to None, run_after=None
[2026-01-21T12:39:35.120+0000] {processor.py:183} INFO - Processing /home/airflow/.local/lib/python3.8/site-packages/airflow/example_dags/example_local_kubernetes_executor.py took 0.187 seconds
[2026-01-21T12:40:05.740+0000] {processor.py:161} INFO - Started process (PID=26172) to work on /home/airflow/.local/lib/python3.8/site-packages/airflow/example_dags/example_local_kubernetes_executor.py
[2026-01-21T12:40:05.742+0000] {processor.py:830} INFO - Processing file /home/airflow/.local/lib/python3.8/site-packages/airflow/example_dags/example_local_kubernetes_executor.py for tasks to queue
[2026-01-21T12:40:05.746+0000] {logging_mixin.py:188} INFO - [2026-01-21T12:40:05.745+0000] {dagbag.py:538} INFO - Filling up the DagBag from /home/airflow/.local/lib/python3.8/site-packages/airflow/example_dags/example_local_kubernetes_executor.py
[2026-01-21T12:40:05.768+0000] {processor.py:840} INFO - DAG(s) 'example_local_kubernetes_executor' retrieved from /home/airflow/.local/lib/python3.8/site-packages/airflow/example_dags/example_local_kubernetes_executor.py
[2026-01-21T12:40:05.821+0000] {logging_mixin.py:188} INFO - [2026-01-21T12:40:05.821+0000] {dag.py:3036} INFO - Sync 1 DAGs
[2026-01-21T12:40:05.839+0000] {logging_mixin.py:188} INFO - [2026-01-21T12:40:05.838+0000] {dag.py:3823} INFO - Setting next_dagrun for example_local_kubernetes_executor to None, run_after=None
[2026-01-21T12:40:05.863+0000] {processor.py:183} INFO - Processing /home/airflow/.local/lib/python3.8/site-packages/airflow/example_dags/example_local_kubernetes_executor.py took 0.129 seconds
[2026-01-21T12:40:36.198+0000] {processor.py:161} INFO - Started process (PID=26238) to work on /home/airflow/.local/lib/python3.8/site-packages/airflow/example_dags/example_local_kubernetes_executor.py
[2026-01-21T12:40:36.200+0000] {processor.py:830} INFO - Processing file /home/airflow/.local/lib/python3.8/site-packages/airflow/example_dags/example_local_kubernetes_executor.py for tasks to queue
[2026-01-21T12:40:36.203+0000] {logging_mixin.py:188} INFO - [2026-01-21T12:40:36.203+0000] {dagbag.py:538} INFO - Filling up the DagBag from /home/airflow/.local/lib/python3.8/site-packages/airflow/example_dags/example_local_kubernetes_executor.py
[2026-01-21T12:40:36.215+0000] {processor.py:840} INFO - DAG(s) 'example_local_kubernetes_executor' retrieved from /home/airflow/.local/lib/python3.8/site-packages/airflow/example_dags/example_local_kubernetes_executor.py
[2026-01-21T12:40:36.299+0000] {logging_mixin.py:188} INFO - [2026-01-21T12:40:36.298+0000] {dag.py:3036} INFO - Sync 1 DAGs
[2026-01-21T12:40:36.324+0000] {logging_mixin.py:188} INFO - [2026-01-21T12:40:36.324+0000] {dag.py:3823} INFO - Setting next_dagrun for example_local_kubernetes_executor to None, run_after=None
[2026-01-21T12:40:36.362+0000] {processor.py:183} INFO - Processing /home/airflow/.local/lib/python3.8/site-packages/airflow/example_dags/example_local_kubernetes_executor.py took 0.168 seconds
[2026-01-21T12:41:06.945+0000] {processor.py:161} INFO - Started process (PID=26305) to work on /home/airflow/.local/lib/python3.8/site-packages/airflow/example_dags/example_local_kubernetes_executor.py
[2026-01-21T12:41:06.947+0000] {processor.py:830} INFO - Processing file /home/airflow/.local/lib/python3.8/site-packages/airflow/example_dags/example_local_kubernetes_executor.py for tasks to queue
[2026-01-21T12:41:06.949+0000] {logging_mixin.py:188} INFO - [2026-01-21T12:41:06.949+0000] {dagbag.py:538} INFO - Filling up the DagBag from /home/airflow/.local/lib/python3.8/site-packages/airflow/example_dags/example_local_kubernetes_executor.py
[2026-01-21T12:41:06.959+0000] {processor.py:840} INFO - DAG(s) 'example_local_kubernetes_executor' retrieved from /home/airflow/.local/lib/python3.8/site-packages/airflow/example_dags/example_local_kubernetes_executor.py
[2026-01-21T12:41:07.009+0000] {logging_mixin.py:188} INFO - [2026-01-21T12:41:07.008+0000] {dag.py:3036} INFO - Sync 1 DAGs
[2026-01-21T12:41:07.027+0000] {logging_mixin.py:188} INFO - [2026-01-21T12:41:07.026+0000] {dag.py:3823} INFO - Setting next_dagrun for example_local_kubernetes_executor to None, run_after=None
[2026-01-21T12:41:07.055+0000] {processor.py:183} INFO - Processing /home/airflow/.local/lib/python3.8/site-packages/airflow/example_dags/example_local_kubernetes_executor.py took 0.114 seconds
[2026-01-21T12:41:37.560+0000] {processor.py:161} INFO - Started process (PID=26378) to work on /home/airflow/.local/lib/python3.8/site-packages/airflow/example_dags/example_local_kubernetes_executor.py
[2026-01-21T12:41:37.562+0000] {processor.py:830} INFO - Processing file /home/airflow/.local/lib/python3.8/site-packages/airflow/example_dags/example_local_kubernetes_executor.py for tasks to queue
[2026-01-21T12:41:37.564+0000] {logging_mixin.py:188} INFO - [2026-01-21T12:41:37.564+0000] {dagbag.py:538} INFO - Filling up the DagBag from /home/airflow/.local/lib/python3.8/site-packages/airflow/example_dags/example_local_kubernetes_executor.py
[2026-01-21T12:41:37.577+0000] {processor.py:840} INFO - DAG(s) 'example_local_kubernetes_executor' retrieved from /home/airflow/.local/lib/python3.8/site-packages/airflow/example_dags/example_local_kubernetes_executor.py
[2026-01-21T12:41:37.640+0000] {logging_mixin.py:188} INFO - [2026-01-21T12:41:37.640+0000] {dag.py:3036} INFO - Sync 1 DAGs
[2026-01-21T12:41:37.664+0000] {logging_mixin.py:188} INFO - [2026-01-21T12:41:37.663+0000] {dag.py:3823} INFO - Setting next_dagrun for example_local_kubernetes_executor to None, run_after=None
[2026-01-21T12:41:37.694+0000] {processor.py:183} INFO - Processing /home/airflow/.local/lib/python3.8/site-packages/airflow/example_dags/example_local_kubernetes_executor.py took 0.139 seconds
[2026-01-21T12:42:08.362+0000] {processor.py:161} INFO - Started process (PID=26445) to work on /home/airflow/.local/lib/python3.8/site-packages/airflow/example_dags/example_local_kubernetes_executor.py
[2026-01-21T12:42:08.364+0000] {processor.py:830} INFO - Processing file /home/airflow/.local/lib/python3.8/site-packages/airflow/example_dags/example_local_kubernetes_executor.py for tasks to queue
[2026-01-21T12:42:08.366+0000] {logging_mixin.py:188} INFO - [2026-01-21T12:42:08.366+0000] {dagbag.py:538} INFO - Filling up the DagBag from /home/airflow/.local/lib/python3.8/site-packages/airflow/example_dags/example_local_kubernetes_executor.py
[2026-01-21T12:42:08.379+0000] {processor.py:840} INFO - DAG(s) 'example_local_kubernetes_executor' retrieved from /home/airflow/.local/lib/python3.8/site-packages/airflow/example_dags/example_local_kubernetes_executor.py
[2026-01-21T12:42:08.451+0000] {logging_mixin.py:188} INFO - [2026-01-21T12:42:08.451+0000] {dag.py:3036} INFO - Sync 1 DAGs
[2026-01-21T12:42:08.490+0000] {logging_mixin.py:188} INFO - [2026-01-21T12:42:08.489+0000] {dag.py:3823} INFO - Setting next_dagrun for example_local_kubernetes_executor to None, run_after=None
[2026-01-21T12:42:08.523+0000] {processor.py:183} INFO - Processing /home/airflow/.local/lib/python3.8/site-packages/airflow/example_dags/example_local_kubernetes_executor.py took 0.167 seconds
[2026-01-21T12:42:38.662+0000] {processor.py:161} INFO - Started process (PID=26511) to work on /home/airflow/.local/lib/python3.8/site-packages/airflow/example_dags/example_local_kubernetes_executor.py
[2026-01-21T12:42:38.663+0000] {processor.py:830} INFO - Processing file /home/airflow/.local/lib/python3.8/site-packages/airflow/example_dags/example_local_kubernetes_executor.py for tasks to queue
[2026-01-21T12:42:38.666+0000] {logging_mixin.py:188} INFO - [2026-01-21T12:42:38.666+0000] {dagbag.py:538} INFO - Filling up the DagBag from /home/airflow/.local/lib/python3.8/site-packages/airflow/example_dags/example_local_kubernetes_executor.py
[2026-01-21T12:42:38.679+0000] {processor.py:840} INFO - DAG(s) 'example_local_kubernetes_executor' retrieved from /home/airflow/.local/lib/python3.8/site-packages/airflow/example_dags/example_local_kubernetes_executor.py
[2026-01-21T12:42:38.745+0000] {logging_mixin.py:188} INFO - [2026-01-21T12:42:38.744+0000] {dag.py:3036} INFO - Sync 1 DAGs
[2026-01-21T12:42:38.770+0000] {logging_mixin.py:188} INFO - [2026-01-21T12:42:38.770+0000] {dag.py:3823} INFO - Setting next_dagrun for example_local_kubernetes_executor to None, run_after=None
[2026-01-21T12:42:38.803+0000] {processor.py:183} INFO - Processing /home/airflow/.local/lib/python3.8/site-packages/airflow/example_dags/example_local_kubernetes_executor.py took 0.147 seconds
[2026-01-21T12:43:08.897+0000] {processor.py:161} INFO - Started process (PID=26577) to work on /home/airflow/.local/lib/python3.8/site-packages/airflow/example_dags/example_local_kubernetes_executor.py
[2026-01-21T12:43:08.901+0000] {processor.py:830} INFO - Processing file /home/airflow/.local/lib/python3.8/site-packages/airflow/example_dags/example_local_kubernetes_executor.py for tasks to queue
[2026-01-21T12:43:08.904+0000] {logging_mixin.py:188} INFO - [2026-01-21T12:43:08.904+0000] {dagbag.py:538} INFO - Filling up the DagBag from /home/airflow/.local/lib/python3.8/site-packages/airflow/example_dags/example_local_kubernetes_executor.py
[2026-01-21T12:43:08.917+0000] {processor.py:840} INFO - DAG(s) 'example_local_kubernetes_executor' retrieved from /home/airflow/.local/lib/python3.8/site-packages/airflow/example_dags/example_local_kubernetes_executor.py
[2026-01-21T12:43:09.016+0000] {logging_mixin.py:188} INFO - [2026-01-21T12:43:09.015+0000] {dag.py:3036} INFO - Sync 1 DAGs
[2026-01-21T12:43:09.041+0000] {logging_mixin.py:188} INFO - [2026-01-21T12:43:09.041+0000] {dag.py:3823} INFO - Setting next_dagrun for example_local_kubernetes_executor to None, run_after=None
[2026-01-21T12:43:09.071+0000] {processor.py:183} INFO - Processing /home/airflow/.local/lib/python3.8/site-packages/airflow/example_dags/example_local_kubernetes_executor.py took 0.179 seconds
[2026-01-21T12:43:39.221+0000] {processor.py:161} INFO - Started process (PID=26643) to work on /home/airflow/.local/lib/python3.8/site-packages/airflow/example_dags/example_local_kubernetes_executor.py
[2026-01-21T12:43:39.222+0000] {processor.py:830} INFO - Processing file /home/airflow/.local/lib/python3.8/site-packages/airflow/example_dags/example_local_kubernetes_executor.py for tasks to queue
[2026-01-21T12:43:39.224+0000] {logging_mixin.py:188} INFO - [2026-01-21T12:43:39.224+0000] {dagbag.py:538} INFO - Filling up the DagBag from /home/airflow/.local/lib/python3.8/site-packages/airflow/example_dags/example_local_kubernetes_executor.py
[2026-01-21T12:43:39.234+0000] {processor.py:840} INFO - DAG(s) 'example_local_kubernetes_executor' retrieved from /home/airflow/.local/lib/python3.8/site-packages/airflow/example_dags/example_local_kubernetes_executor.py
[2026-01-21T12:43:39.287+0000] {logging_mixin.py:188} INFO - [2026-01-21T12:43:39.286+0000] {dag.py:3036} INFO - Sync 1 DAGs
[2026-01-21T12:43:39.305+0000] {logging_mixin.py:188} INFO - [2026-01-21T12:43:39.304+0000] {dag.py:3823} INFO - Setting next_dagrun for example_local_kubernetes_executor to None, run_after=None
[2026-01-21T12:43:39.330+0000] {processor.py:183} INFO - Processing /home/airflow/.local/lib/python3.8/site-packages/airflow/example_dags/example_local_kubernetes_executor.py took 0.114 seconds
[2026-01-21T12:44:09.379+0000] {processor.py:161} INFO - Started process (PID=26708) to work on /home/airflow/.local/lib/python3.8/site-packages/airflow/example_dags/example_local_kubernetes_executor.py
[2026-01-21T12:44:09.381+0000] {processor.py:830} INFO - Processing file /home/airflow/.local/lib/python3.8/site-packages/airflow/example_dags/example_local_kubernetes_executor.py for tasks to queue
[2026-01-21T12:44:09.383+0000] {logging_mixin.py:188} INFO - [2026-01-21T12:44:09.383+0000] {dagbag.py:538} INFO - Filling up the DagBag from /home/airflow/.local/lib/python3.8/site-packages/airflow/example_dags/example_local_kubernetes_executor.py
[2026-01-21T12:44:09.394+0000] {processor.py:840} INFO - DAG(s) 'example_local_kubernetes_executor' retrieved from /home/airflow/.local/lib/python3.8/site-packages/airflow/example_dags/example_local_kubernetes_executor.py
[2026-01-21T12:44:09.443+0000] {logging_mixin.py:188} INFO - [2026-01-21T12:44:09.442+0000] {dag.py:3036} INFO - Sync 1 DAGs
[2026-01-21T12:44:09.462+0000] {logging_mixin.py:188} INFO - [2026-01-21T12:44:09.461+0000] {dag.py:3823} INFO - Setting next_dagrun for example_local_kubernetes_executor to None, run_after=None
[2026-01-21T12:44:09.485+0000] {processor.py:183} INFO - Processing /home/airflow/.local/lib/python3.8/site-packages/airflow/example_dags/example_local_kubernetes_executor.py took 0.110 seconds
[2026-01-21T12:44:40.177+0000] {processor.py:161} INFO - Started process (PID=26775) to work on /home/airflow/.local/lib/python3.8/site-packages/airflow/example_dags/example_local_kubernetes_executor.py
[2026-01-21T12:44:40.178+0000] {processor.py:830} INFO - Processing file /home/airflow/.local/lib/python3.8/site-packages/airflow/example_dags/example_local_kubernetes_executor.py for tasks to queue
[2026-01-21T12:44:40.180+0000] {logging_mixin.py:188} INFO - [2026-01-21T12:44:40.180+0000] {dagbag.py:538} INFO - Filling up the DagBag from /home/airflow/.local/lib/python3.8/site-packages/airflow/example_dags/example_local_kubernetes_executor.py
[2026-01-21T12:44:40.191+0000] {processor.py:840} INFO - DAG(s) 'example_local_kubernetes_executor' retrieved from /home/airflow/.local/lib/python3.8/site-packages/airflow/example_dags/example_local_kubernetes_executor.py
[2026-01-21T12:44:40.242+0000] {logging_mixin.py:188} INFO - [2026-01-21T12:44:40.242+0000] {dag.py:3036} INFO - Sync 1 DAGs
[2026-01-21T12:44:40.261+0000] {logging_mixin.py:188} INFO - [2026-01-21T12:44:40.261+0000] {dag.py:3823} INFO - Setting next_dagrun for example_local_kubernetes_executor to None, run_after=None
[2026-01-21T12:44:40.292+0000] {processor.py:183} INFO - Processing /home/airflow/.local/lib/python3.8/site-packages/airflow/example_dags/example_local_kubernetes_executor.py took 0.120 seconds
[2026-01-21T12:45:10.606+0000] {processor.py:161} INFO - Started process (PID=26848) to work on /home/airflow/.local/lib/python3.8/site-packages/airflow/example_dags/example_local_kubernetes_executor.py
[2026-01-21T12:45:10.608+0000] {processor.py:830} INFO - Processing file /home/airflow/.local/lib/python3.8/site-packages/airflow/example_dags/example_local_kubernetes_executor.py for tasks to queue
[2026-01-21T12:45:10.611+0000] {logging_mixin.py:188} INFO - [2026-01-21T12:45:10.610+0000] {dagbag.py:538} INFO - Filling up the DagBag from /home/airflow/.local/lib/python3.8/site-packages/airflow/example_dags/example_local_kubernetes_executor.py
[2026-01-21T12:45:10.623+0000] {processor.py:840} INFO - DAG(s) 'example_local_kubernetes_executor' retrieved from /home/airflow/.local/lib/python3.8/site-packages/airflow/example_dags/example_local_kubernetes_executor.py
[2026-01-21T12:45:10.677+0000] {logging_mixin.py:188} INFO - [2026-01-21T12:45:10.677+0000] {dag.py:3036} INFO - Sync 1 DAGs
[2026-01-21T12:45:10.695+0000] {logging_mixin.py:188} INFO - [2026-01-21T12:45:10.695+0000] {dag.py:3823} INFO - Setting next_dagrun for example_local_kubernetes_executor to None, run_after=None
[2026-01-21T12:45:10.726+0000] {processor.py:183} INFO - Processing /home/airflow/.local/lib/python3.8/site-packages/airflow/example_dags/example_local_kubernetes_executor.py took 0.125 seconds
[2026-01-21T12:45:40.867+0000] {processor.py:161} INFO - Started process (PID=26915) to work on /home/airflow/.local/lib/python3.8/site-packages/airflow/example_dags/example_local_kubernetes_executor.py
[2026-01-21T12:45:40.869+0000] {processor.py:830} INFO - Processing file /home/airflow/.local/lib/python3.8/site-packages/airflow/example_dags/example_local_kubernetes_executor.py for tasks to queue
[2026-01-21T12:45:40.871+0000] {logging_mixin.py:188} INFO - [2026-01-21T12:45:40.870+0000] {dagbag.py:538} INFO - Filling up the DagBag from /home/airflow/.local/lib/python3.8/site-packages/airflow/example_dags/example_local_kubernetes_executor.py
[2026-01-21T12:45:40.881+0000] {processor.py:840} INFO - DAG(s) 'example_local_kubernetes_executor' retrieved from /home/airflow/.local/lib/python3.8/site-packages/airflow/example_dags/example_local_kubernetes_executor.py
[2026-01-21T12:45:40.930+0000] {logging_mixin.py:188} INFO - [2026-01-21T12:45:40.929+0000] {dag.py:3036} INFO - Sync 1 DAGs
[2026-01-21T12:45:40.953+0000] {logging_mixin.py:188} INFO - [2026-01-21T12:45:40.953+0000] {dag.py:3823} INFO - Setting next_dagrun for example_local_kubernetes_executor to None, run_after=None
[2026-01-21T12:45:40.983+0000] {processor.py:183} INFO - Processing /home/airflow/.local/lib/python3.8/site-packages/airflow/example_dags/example_local_kubernetes_executor.py took 0.120 seconds
[2026-01-21T12:46:11.547+0000] {processor.py:161} INFO - Started process (PID=26981) to work on /home/airflow/.local/lib/python3.8/site-packages/airflow/example_dags/example_local_kubernetes_executor.py
[2026-01-21T12:46:11.549+0000] {processor.py:830} INFO - Processing file /home/airflow/.local/lib/python3.8/site-packages/airflow/example_dags/example_local_kubernetes_executor.py for tasks to queue
[2026-01-21T12:46:11.553+0000] {logging_mixin.py:188} INFO - [2026-01-21T12:46:11.552+0000] {dagbag.py:538} INFO - Filling up the DagBag from /home/airflow/.local/lib/python3.8/site-packages/airflow/example_dags/example_local_kubernetes_executor.py
[2026-01-21T12:46:11.571+0000] {processor.py:840} INFO - DAG(s) 'example_local_kubernetes_executor' retrieved from /home/airflow/.local/lib/python3.8/site-packages/airflow/example_dags/example_local_kubernetes_executor.py
[2026-01-21T12:46:11.625+0000] {logging_mixin.py:188} INFO - [2026-01-21T12:46:11.624+0000] {dag.py:3036} INFO - Sync 1 DAGs
[2026-01-21T12:46:11.644+0000] {logging_mixin.py:188} INFO - [2026-01-21T12:46:11.643+0000] {dag.py:3823} INFO - Setting next_dagrun for example_local_kubernetes_executor to None, run_after=None
[2026-01-21T12:46:11.671+0000] {processor.py:183} INFO - Processing /home/airflow/.local/lib/python3.8/site-packages/airflow/example_dags/example_local_kubernetes_executor.py took 0.130 seconds
[2026-01-21T12:46:42.439+0000] {processor.py:161} INFO - Started process (PID=27046) to work on /home/airflow/.local/lib/python3.8/site-packages/airflow/example_dags/example_local_kubernetes_executor.py
[2026-01-21T12:46:42.440+0000] {processor.py:830} INFO - Processing file /home/airflow/.local/lib/python3.8/site-packages/airflow/example_dags/example_local_kubernetes_executor.py for tasks to queue
[2026-01-21T12:46:42.443+0000] {logging_mixin.py:188} INFO - [2026-01-21T12:46:42.443+0000] {dagbag.py:538} INFO - Filling up the DagBag from /home/airflow/.local/lib/python3.8/site-packages/airflow/example_dags/example_local_kubernetes_executor.py
[2026-01-21T12:46:42.454+0000] {processor.py:840} INFO - DAG(s) 'example_local_kubernetes_executor' retrieved from /home/airflow/.local/lib/python3.8/site-packages/airflow/example_dags/example_local_kubernetes_executor.py
[2026-01-21T12:46:42.506+0000] {logging_mixin.py:188} INFO - [2026-01-21T12:46:42.505+0000] {dag.py:3036} INFO - Sync 1 DAGs
[2026-01-21T12:46:42.524+0000] {logging_mixin.py:188} INFO - [2026-01-21T12:46:42.524+0000] {dag.py:3823} INFO - Setting next_dagrun for example_local_kubernetes_executor to None, run_after=None
[2026-01-21T12:46:42.551+0000] {processor.py:183} INFO - Processing /home/airflow/.local/lib/python3.8/site-packages/airflow/example_dags/example_local_kubernetes_executor.py took 0.116 seconds
[2026-01-21T12:47:12.881+0000] {processor.py:161} INFO - Started process (PID=27111) to work on /home/airflow/.local/lib/python3.8/site-packages/airflow/example_dags/example_local_kubernetes_executor.py
[2026-01-21T12:47:12.883+0000] {processor.py:830} INFO - Processing file /home/airflow/.local/lib/python3.8/site-packages/airflow/example_dags/example_local_kubernetes_executor.py for tasks to queue
[2026-01-21T12:47:12.885+0000] {logging_mixin.py:188} INFO - [2026-01-21T12:47:12.885+0000] {dagbag.py:538} INFO - Filling up the DagBag from /home/airflow/.local/lib/python3.8/site-packages/airflow/example_dags/example_local_kubernetes_executor.py
[2026-01-21T12:47:12.895+0000] {processor.py:840} INFO - DAG(s) 'example_local_kubernetes_executor' retrieved from /home/airflow/.local/lib/python3.8/site-packages/airflow/example_dags/example_local_kubernetes_executor.py
[2026-01-21T12:47:12.953+0000] {logging_mixin.py:188} INFO - [2026-01-21T12:47:12.953+0000] {dag.py:3036} INFO - Sync 1 DAGs
[2026-01-21T12:47:12.975+0000] {logging_mixin.py:188} INFO - [2026-01-21T12:47:12.975+0000] {dag.py:3823} INFO - Setting next_dagrun for example_local_kubernetes_executor to None, run_after=None
[2026-01-21T12:47:13.006+0000] {processor.py:183} INFO - Processing /home/airflow/.local/lib/python3.8/site-packages/airflow/example_dags/example_local_kubernetes_executor.py took 0.130 seconds
[2026-01-21T12:47:43.163+0000] {processor.py:161} INFO - Started process (PID=27178) to work on /home/airflow/.local/lib/python3.8/site-packages/airflow/example_dags/example_local_kubernetes_executor.py
[2026-01-21T12:47:43.164+0000] {processor.py:830} INFO - Processing file /home/airflow/.local/lib/python3.8/site-packages/airflow/example_dags/example_local_kubernetes_executor.py for tasks to queue
[2026-01-21T12:47:43.167+0000] {logging_mixin.py:188} INFO - [2026-01-21T12:47:43.167+0000] {dagbag.py:538} INFO - Filling up the DagBag from /home/airflow/.local/lib/python3.8/site-packages/airflow/example_dags/example_local_kubernetes_executor.py
[2026-01-21T12:47:43.178+0000] {processor.py:840} INFO - DAG(s) 'example_local_kubernetes_executor' retrieved from /home/airflow/.local/lib/python3.8/site-packages/airflow/example_dags/example_local_kubernetes_executor.py
[2026-01-21T12:47:43.232+0000] {logging_mixin.py:188} INFO - [2026-01-21T12:47:43.232+0000] {dag.py:3036} INFO - Sync 1 DAGs
[2026-01-21T12:47:43.251+0000] {logging_mixin.py:188} INFO - [2026-01-21T12:47:43.250+0000] {dag.py:3823} INFO - Setting next_dagrun for example_local_kubernetes_executor to None, run_after=None
[2026-01-21T12:47:43.277+0000] {processor.py:183} INFO - Processing /home/airflow/.local/lib/python3.8/site-packages/airflow/example_dags/example_local_kubernetes_executor.py took 0.119 seconds
[2026-01-21T12:48:13.560+0000] {processor.py:161} INFO - Started process (PID=27244) to work on /home/airflow/.local/lib/python3.8/site-packages/airflow/example_dags/example_local_kubernetes_executor.py
[2026-01-21T12:48:13.562+0000] {processor.py:830} INFO - Processing file /home/airflow/.local/lib/python3.8/site-packages/airflow/example_dags/example_local_kubernetes_executor.py for tasks to queue
[2026-01-21T12:48:13.564+0000] {logging_mixin.py:188} INFO - [2026-01-21T12:48:13.564+0000] {dagbag.py:538} INFO - Filling up the DagBag from /home/airflow/.local/lib/python3.8/site-packages/airflow/example_dags/example_local_kubernetes_executor.py
[2026-01-21T12:48:13.574+0000] {processor.py:840} INFO - DAG(s) 'example_local_kubernetes_executor' retrieved from /home/airflow/.local/lib/python3.8/site-packages/airflow/example_dags/example_local_kubernetes_executor.py
[2026-01-21T12:48:13.636+0000] {logging_mixin.py:188} INFO - [2026-01-21T12:48:13.636+0000] {dag.py:3036} INFO - Sync 1 DAGs
[2026-01-21T12:48:13.660+0000] {logging_mixin.py:188} INFO - [2026-01-21T12:48:13.659+0000] {dag.py:3823} INFO - Setting next_dagrun for example_local_kubernetes_executor to None, run_after=None
[2026-01-21T12:48:13.690+0000] {processor.py:183} INFO - Processing /home/airflow/.local/lib/python3.8/site-packages/airflow/example_dags/example_local_kubernetes_executor.py took 0.134 seconds
[2026-01-21T12:48:43.934+0000] {processor.py:161} INFO - Started process (PID=27309) to work on /home/airflow/.local/lib/python3.8/site-packages/airflow/example_dags/example_local_kubernetes_executor.py
[2026-01-21T12:48:43.936+0000] {processor.py:830} INFO - Processing file /home/airflow/.local/lib/python3.8/site-packages/airflow/example_dags/example_local_kubernetes_executor.py for tasks to queue
[2026-01-21T12:48:43.939+0000] {logging_mixin.py:188} INFO - [2026-01-21T12:48:43.938+0000] {dagbag.py:538} INFO - Filling up the DagBag from /home/airflow/.local/lib/python3.8/site-packages/airflow/example_dags/example_local_kubernetes_executor.py
[2026-01-21T12:48:43.951+0000] {processor.py:840} INFO - DAG(s) 'example_local_kubernetes_executor' retrieved from /home/airflow/.local/lib/python3.8/site-packages/airflow/example_dags/example_local_kubernetes_executor.py
[2026-01-21T12:48:44.014+0000] {logging_mixin.py:188} INFO - [2026-01-21T12:48:44.014+0000] {dag.py:3036} INFO - Sync 1 DAGs
[2026-01-21T12:48:44.039+0000] {logging_mixin.py:188} INFO - [2026-01-21T12:48:44.038+0000] {dag.py:3823} INFO - Setting next_dagrun for example_local_kubernetes_executor to None, run_after=None
[2026-01-21T12:48:44.069+0000] {processor.py:183} INFO - Processing /home/airflow/.local/lib/python3.8/site-packages/airflow/example_dags/example_local_kubernetes_executor.py took 0.141 seconds
[2026-01-21T12:49:14.334+0000] {processor.py:161} INFO - Started process (PID=27384) to work on /home/airflow/.local/lib/python3.8/site-packages/airflow/example_dags/example_local_kubernetes_executor.py
[2026-01-21T12:49:14.335+0000] {processor.py:830} INFO - Processing file /home/airflow/.local/lib/python3.8/site-packages/airflow/example_dags/example_local_kubernetes_executor.py for tasks to queue
[2026-01-21T12:49:14.339+0000] {logging_mixin.py:188} INFO - [2026-01-21T12:49:14.338+0000] {dagbag.py:538} INFO - Filling up the DagBag from /home/airflow/.local/lib/python3.8/site-packages/airflow/example_dags/example_local_kubernetes_executor.py
[2026-01-21T12:49:14.353+0000] {processor.py:840} INFO - DAG(s) 'example_local_kubernetes_executor' retrieved from /home/airflow/.local/lib/python3.8/site-packages/airflow/example_dags/example_local_kubernetes_executor.py
[2026-01-21T12:49:14.406+0000] {logging_mixin.py:188} INFO - [2026-01-21T12:49:14.406+0000] {dag.py:3036} INFO - Sync 1 DAGs
[2026-01-21T12:49:14.425+0000] {logging_mixin.py:188} INFO - [2026-01-21T12:49:14.425+0000] {dag.py:3823} INFO - Setting next_dagrun for example_local_kubernetes_executor to None, run_after=None
[2026-01-21T12:49:14.455+0000] {processor.py:183} INFO - Processing /home/airflow/.local/lib/python3.8/site-packages/airflow/example_dags/example_local_kubernetes_executor.py took 0.128 seconds
[2026-01-21T12:49:45.380+0000] {processor.py:161} INFO - Started process (PID=27450) to work on /home/airflow/.local/lib/python3.8/site-packages/airflow/example_dags/example_local_kubernetes_executor.py
[2026-01-21T12:49:45.382+0000] {processor.py:830} INFO - Processing file /home/airflow/.local/lib/python3.8/site-packages/airflow/example_dags/example_local_kubernetes_executor.py for tasks to queue
[2026-01-21T12:49:45.385+0000] {logging_mixin.py:188} INFO - [2026-01-21T12:49:45.384+0000] {dagbag.py:538} INFO - Filling up the DagBag from /home/airflow/.local/lib/python3.8/site-packages/airflow/example_dags/example_local_kubernetes_executor.py
[2026-01-21T12:49:45.397+0000] {processor.py:840} INFO - DAG(s) 'example_local_kubernetes_executor' retrieved from /home/airflow/.local/lib/python3.8/site-packages/airflow/example_dags/example_local_kubernetes_executor.py
[2026-01-21T12:49:45.460+0000] {logging_mixin.py:188} INFO - [2026-01-21T12:49:45.460+0000] {dag.py:3036} INFO - Sync 1 DAGs
[2026-01-21T12:49:45.490+0000] {logging_mixin.py:188} INFO - [2026-01-21T12:49:45.489+0000] {dag.py:3823} INFO - Setting next_dagrun for example_local_kubernetes_executor to None, run_after=None
[2026-01-21T12:49:45.525+0000] {processor.py:183} INFO - Processing /home/airflow/.local/lib/python3.8/site-packages/airflow/example_dags/example_local_kubernetes_executor.py took 0.151 seconds
[2026-01-21T12:50:16.019+0000] {processor.py:161} INFO - Started process (PID=27516) to work on /home/airflow/.local/lib/python3.8/site-packages/airflow/example_dags/example_local_kubernetes_executor.py
[2026-01-21T12:50:16.021+0000] {processor.py:830} INFO - Processing file /home/airflow/.local/lib/python3.8/site-packages/airflow/example_dags/example_local_kubernetes_executor.py for tasks to queue
[2026-01-21T12:50:16.024+0000] {logging_mixin.py:188} INFO - [2026-01-21T12:50:16.024+0000] {dagbag.py:538} INFO - Filling up the DagBag from /home/airflow/.local/lib/python3.8/site-packages/airflow/example_dags/example_local_kubernetes_executor.py
[2026-01-21T12:50:16.037+0000] {processor.py:840} INFO - DAG(s) 'example_local_kubernetes_executor' retrieved from /home/airflow/.local/lib/python3.8/site-packages/airflow/example_dags/example_local_kubernetes_executor.py
[2026-01-21T12:50:16.100+0000] {logging_mixin.py:188} INFO - [2026-01-21T12:50:16.099+0000] {dag.py:3036} INFO - Sync 1 DAGs
[2026-01-21T12:50:16.123+0000] {logging_mixin.py:188} INFO - [2026-01-21T12:50:16.123+0000] {dag.py:3823} INFO - Setting next_dagrun for example_local_kubernetes_executor to None, run_after=None
[2026-01-21T12:50:16.158+0000] {processor.py:183} INFO - Processing /home/airflow/.local/lib/python3.8/site-packages/airflow/example_dags/example_local_kubernetes_executor.py took 0.145 seconds
[2026-01-21T12:50:46.414+0000] {processor.py:161} INFO - Started process (PID=27583) to work on /home/airflow/.local/lib/python3.8/site-packages/airflow/example_dags/example_local_kubernetes_executor.py
[2026-01-21T12:50:46.421+0000] {processor.py:830} INFO - Processing file /home/airflow/.local/lib/python3.8/site-packages/airflow/example_dags/example_local_kubernetes_executor.py for tasks to queue
[2026-01-21T12:50:46.425+0000] {logging_mixin.py:188} INFO - [2026-01-21T12:50:46.424+0000] {dagbag.py:538} INFO - Filling up the DagBag from /home/airflow/.local/lib/python3.8/site-packages/airflow/example_dags/example_local_kubernetes_executor.py
[2026-01-21T12:50:46.439+0000] {processor.py:840} INFO - DAG(s) 'example_local_kubernetes_executor' retrieved from /home/airflow/.local/lib/python3.8/site-packages/airflow/example_dags/example_local_kubernetes_executor.py
[2026-01-21T12:50:46.492+0000] {logging_mixin.py:188} INFO - [2026-01-21T12:50:46.492+0000] {dag.py:3036} INFO - Sync 1 DAGs
[2026-01-21T12:50:46.511+0000] {logging_mixin.py:188} INFO - [2026-01-21T12:50:46.511+0000] {dag.py:3823} INFO - Setting next_dagrun for example_local_kubernetes_executor to None, run_after=None
[2026-01-21T12:50:46.541+0000] {processor.py:183} INFO - Processing /home/airflow/.local/lib/python3.8/site-packages/airflow/example_dags/example_local_kubernetes_executor.py took 0.133 seconds
[2026-01-21T12:51:17.119+0000] {processor.py:161} INFO - Started process (PID=27649) to work on /home/airflow/.local/lib/python3.8/site-packages/airflow/example_dags/example_local_kubernetes_executor.py
[2026-01-21T12:51:17.121+0000] {processor.py:830} INFO - Processing file /home/airflow/.local/lib/python3.8/site-packages/airflow/example_dags/example_local_kubernetes_executor.py for tasks to queue
[2026-01-21T12:51:17.124+0000] {logging_mixin.py:188} INFO - [2026-01-21T12:51:17.124+0000] {dagbag.py:538} INFO - Filling up the DagBag from /home/airflow/.local/lib/python3.8/site-packages/airflow/example_dags/example_local_kubernetes_executor.py
[2026-01-21T12:51:17.137+0000] {processor.py:840} INFO - DAG(s) 'example_local_kubernetes_executor' retrieved from /home/airflow/.local/lib/python3.8/site-packages/airflow/example_dags/example_local_kubernetes_executor.py
[2026-01-21T12:51:17.202+0000] {logging_mixin.py:188} INFO - [2026-01-21T12:51:17.201+0000] {dag.py:3036} INFO - Sync 1 DAGs
[2026-01-21T12:51:17.225+0000] {logging_mixin.py:188} INFO - [2026-01-21T12:51:17.225+0000] {dag.py:3823} INFO - Setting next_dagrun for example_local_kubernetes_executor to None, run_after=None
[2026-01-21T12:51:17.256+0000] {processor.py:183} INFO - Processing /home/airflow/.local/lib/python3.8/site-packages/airflow/example_dags/example_local_kubernetes_executor.py took 0.143 seconds
[2026-01-21T12:51:47.747+0000] {processor.py:161} INFO - Started process (PID=27714) to work on /home/airflow/.local/lib/python3.8/site-packages/airflow/example_dags/example_local_kubernetes_executor.py
[2026-01-21T12:51:47.748+0000] {processor.py:830} INFO - Processing file /home/airflow/.local/lib/python3.8/site-packages/airflow/example_dags/example_local_kubernetes_executor.py for tasks to queue
[2026-01-21T12:51:47.751+0000] {logging_mixin.py:188} INFO - [2026-01-21T12:51:47.750+0000] {dagbag.py:538} INFO - Filling up the DagBag from /home/airflow/.local/lib/python3.8/site-packages/airflow/example_dags/example_local_kubernetes_executor.py
[2026-01-21T12:51:47.764+0000] {processor.py:840} INFO - DAG(s) 'example_local_kubernetes_executor' retrieved from /home/airflow/.local/lib/python3.8/site-packages/airflow/example_dags/example_local_kubernetes_executor.py
[2026-01-21T12:51:48.012+0000] {logging_mixin.py:188} INFO - [2026-01-21T12:51:48.012+0000] {dag.py:3036} INFO - Sync 1 DAGs
[2026-01-21T12:51:48.034+0000] {logging_mixin.py:188} INFO - [2026-01-21T12:51:48.034+0000] {dag.py:3823} INFO - Setting next_dagrun for example_local_kubernetes_executor to None, run_after=None
[2026-01-21T12:51:48.064+0000] {processor.py:183} INFO - Processing /home/airflow/.local/lib/python3.8/site-packages/airflow/example_dags/example_local_kubernetes_executor.py took 0.323 seconds
[2026-01-21T12:52:18.363+0000] {processor.py:161} INFO - Started process (PID=27787) to work on /home/airflow/.local/lib/python3.8/site-packages/airflow/example_dags/example_local_kubernetes_executor.py
[2026-01-21T12:52:18.364+0000] {processor.py:830} INFO - Processing file /home/airflow/.local/lib/python3.8/site-packages/airflow/example_dags/example_local_kubernetes_executor.py for tasks to queue
[2026-01-21T12:52:18.367+0000] {logging_mixin.py:188} INFO - [2026-01-21T12:52:18.366+0000] {dagbag.py:538} INFO - Filling up the DagBag from /home/airflow/.local/lib/python3.8/site-packages/airflow/example_dags/example_local_kubernetes_executor.py
[2026-01-21T12:52:18.380+0000] {processor.py:840} INFO - DAG(s) 'example_local_kubernetes_executor' retrieved from /home/airflow/.local/lib/python3.8/site-packages/airflow/example_dags/example_local_kubernetes_executor.py
[2026-01-21T12:52:18.444+0000] {logging_mixin.py:188} INFO - [2026-01-21T12:52:18.444+0000] {dag.py:3036} INFO - Sync 1 DAGs
[2026-01-21T12:52:18.646+0000] {logging_mixin.py:188} INFO - [2026-01-21T12:52:18.645+0000] {dag.py:3823} INFO - Setting next_dagrun for example_local_kubernetes_executor to None, run_after=None
[2026-01-21T12:52:18.675+0000] {processor.py:183} INFO - Processing /home/airflow/.local/lib/python3.8/site-packages/airflow/example_dags/example_local_kubernetes_executor.py took 0.318 seconds
[2026-01-21T12:52:49.073+0000] {processor.py:161} INFO - Started process (PID=27853) to work on /home/airflow/.local/lib/python3.8/site-packages/airflow/example_dags/example_local_kubernetes_executor.py
[2026-01-21T12:52:49.075+0000] {processor.py:830} INFO - Processing file /home/airflow/.local/lib/python3.8/site-packages/airflow/example_dags/example_local_kubernetes_executor.py for tasks to queue
[2026-01-21T12:52:49.078+0000] {logging_mixin.py:188} INFO - [2026-01-21T12:52:49.078+0000] {dagbag.py:538} INFO - Filling up the DagBag from /home/airflow/.local/lib/python3.8/site-packages/airflow/example_dags/example_local_kubernetes_executor.py
[2026-01-21T12:52:49.089+0000] {processor.py:840} INFO - DAG(s) 'example_local_kubernetes_executor' retrieved from /home/airflow/.local/lib/python3.8/site-packages/airflow/example_dags/example_local_kubernetes_executor.py
[2026-01-21T12:52:49.139+0000] {logging_mixin.py:188} INFO - [2026-01-21T12:52:49.139+0000] {dag.py:3036} INFO - Sync 1 DAGs
[2026-01-21T12:52:49.158+0000] {logging_mixin.py:188} INFO - [2026-01-21T12:52:49.158+0000] {dag.py:3823} INFO - Setting next_dagrun for example_local_kubernetes_executor to None, run_after=None
[2026-01-21T12:52:49.358+0000] {processor.py:183} INFO - Processing /home/airflow/.local/lib/python3.8/site-packages/airflow/example_dags/example_local_kubernetes_executor.py took 0.291 seconds
[2026-01-21T12:53:19.667+0000] {processor.py:161} INFO - Started process (PID=27920) to work on /home/airflow/.local/lib/python3.8/site-packages/airflow/example_dags/example_local_kubernetes_executor.py
[2026-01-21T12:53:19.669+0000] {processor.py:830} INFO - Processing file /home/airflow/.local/lib/python3.8/site-packages/airflow/example_dags/example_local_kubernetes_executor.py for tasks to queue
[2026-01-21T12:53:19.671+0000] {logging_mixin.py:188} INFO - [2026-01-21T12:53:19.671+0000] {dagbag.py:538} INFO - Filling up the DagBag from /home/airflow/.local/lib/python3.8/site-packages/airflow/example_dags/example_local_kubernetes_executor.py
[2026-01-21T12:53:19.682+0000] {processor.py:840} INFO - DAG(s) 'example_local_kubernetes_executor' retrieved from /home/airflow/.local/lib/python3.8/site-packages/airflow/example_dags/example_local_kubernetes_executor.py
[2026-01-21T12:53:19.731+0000] {logging_mixin.py:188} INFO - [2026-01-21T12:53:19.731+0000] {dag.py:3036} INFO - Sync 1 DAGs
[2026-01-21T12:53:19.748+0000] {logging_mixin.py:188} INFO - [2026-01-21T12:53:19.748+0000] {dag.py:3823} INFO - Setting next_dagrun for example_local_kubernetes_executor to None, run_after=None
[2026-01-21T12:53:19.772+0000] {processor.py:183} INFO - Processing /home/airflow/.local/lib/python3.8/site-packages/airflow/example_dags/example_local_kubernetes_executor.py took 0.110 seconds
[2026-01-21T12:53:50.506+0000] {processor.py:161} INFO - Started process (PID=27986) to work on /home/airflow/.local/lib/python3.8/site-packages/airflow/example_dags/example_local_kubernetes_executor.py
[2026-01-21T12:53:50.508+0000] {processor.py:830} INFO - Processing file /home/airflow/.local/lib/python3.8/site-packages/airflow/example_dags/example_local_kubernetes_executor.py for tasks to queue
[2026-01-21T12:53:50.510+0000] {logging_mixin.py:188} INFO - [2026-01-21T12:53:50.510+0000] {dagbag.py:538} INFO - Filling up the DagBag from /home/airflow/.local/lib/python3.8/site-packages/airflow/example_dags/example_local_kubernetes_executor.py
[2026-01-21T12:53:50.710+0000] {processor.py:840} INFO - DAG(s) 'example_local_kubernetes_executor' retrieved from /home/airflow/.local/lib/python3.8/site-packages/airflow/example_dags/example_local_kubernetes_executor.py
[2026-01-21T12:53:50.758+0000] {logging_mixin.py:188} INFO - [2026-01-21T12:53:50.758+0000] {dag.py:3036} INFO - Sync 1 DAGs
[2026-01-21T12:53:50.774+0000] {logging_mixin.py:188} INFO - [2026-01-21T12:53:50.774+0000] {dag.py:3823} INFO - Setting next_dagrun for example_local_kubernetes_executor to None, run_after=None
[2026-01-21T12:53:50.798+0000] {processor.py:183} INFO - Processing /home/airflow/.local/lib/python3.8/site-packages/airflow/example_dags/example_local_kubernetes_executor.py took 0.297 seconds
[2026-01-21T12:54:21.587+0000] {processor.py:161} INFO - Started process (PID=28052) to work on /home/airflow/.local/lib/python3.8/site-packages/airflow/example_dags/example_local_kubernetes_executor.py
[2026-01-21T12:54:21.588+0000] {processor.py:830} INFO - Processing file /home/airflow/.local/lib/python3.8/site-packages/airflow/example_dags/example_local_kubernetes_executor.py for tasks to queue
[2026-01-21T12:54:21.590+0000] {logging_mixin.py:188} INFO - [2026-01-21T12:54:21.590+0000] {dagbag.py:538} INFO - Filling up the DagBag from /home/airflow/.local/lib/python3.8/site-packages/airflow/example_dags/example_local_kubernetes_executor.py
[2026-01-21T12:54:21.602+0000] {processor.py:840} INFO - DAG(s) 'example_local_kubernetes_executor' retrieved from /home/airflow/.local/lib/python3.8/site-packages/airflow/example_dags/example_local_kubernetes_executor.py
[2026-01-21T12:54:21.652+0000] {logging_mixin.py:188} INFO - [2026-01-21T12:54:21.651+0000] {dag.py:3036} INFO - Sync 1 DAGs
[2026-01-21T12:54:21.669+0000] {logging_mixin.py:188} INFO - [2026-01-21T12:54:21.669+0000] {dag.py:3823} INFO - Setting next_dagrun for example_local_kubernetes_executor to None, run_after=None
[2026-01-21T12:54:21.694+0000] {processor.py:183} INFO - Processing /home/airflow/.local/lib/python3.8/site-packages/airflow/example_dags/example_local_kubernetes_executor.py took 0.112 seconds
[2026-01-21T12:54:51.849+0000] {processor.py:161} INFO - Started process (PID=28118) to work on /home/airflow/.local/lib/python3.8/site-packages/airflow/example_dags/example_local_kubernetes_executor.py
[2026-01-21T12:54:51.850+0000] {processor.py:830} INFO - Processing file /home/airflow/.local/lib/python3.8/site-packages/airflow/example_dags/example_local_kubernetes_executor.py for tasks to queue
[2026-01-21T12:54:51.852+0000] {logging_mixin.py:188} INFO - [2026-01-21T12:54:51.852+0000] {dagbag.py:538} INFO - Filling up the DagBag from /home/airflow/.local/lib/python3.8/site-packages/airflow/example_dags/example_local_kubernetes_executor.py
[2026-01-21T12:54:51.863+0000] {processor.py:840} INFO - DAG(s) 'example_local_kubernetes_executor' retrieved from /home/airflow/.local/lib/python3.8/site-packages/airflow/example_dags/example_local_kubernetes_executor.py
[2026-01-21T12:54:51.913+0000] {logging_mixin.py:188} INFO - [2026-01-21T12:54:51.912+0000] {dag.py:3036} INFO - Sync 1 DAGs
[2026-01-21T12:54:51.930+0000] {logging_mixin.py:188} INFO - [2026-01-21T12:54:51.930+0000] {dag.py:3823} INFO - Setting next_dagrun for example_local_kubernetes_executor to None, run_after=None
[2026-01-21T12:54:51.954+0000] {processor.py:183} INFO - Processing /home/airflow/.local/lib/python3.8/site-packages/airflow/example_dags/example_local_kubernetes_executor.py took 0.110 seconds
[2026-01-21T12:55:22.157+0000] {processor.py:161} INFO - Started process (PID=28192) to work on /home/airflow/.local/lib/python3.8/site-packages/airflow/example_dags/example_local_kubernetes_executor.py
[2026-01-21T12:55:22.158+0000] {processor.py:830} INFO - Processing file /home/airflow/.local/lib/python3.8/site-packages/airflow/example_dags/example_local_kubernetes_executor.py for tasks to queue
[2026-01-21T12:55:22.160+0000] {logging_mixin.py:188} INFO - [2026-01-21T12:55:22.160+0000] {dagbag.py:538} INFO - Filling up the DagBag from /home/airflow/.local/lib/python3.8/site-packages/airflow/example_dags/example_local_kubernetes_executor.py
[2026-01-21T12:55:22.171+0000] {processor.py:840} INFO - DAG(s) 'example_local_kubernetes_executor' retrieved from /home/airflow/.local/lib/python3.8/site-packages/airflow/example_dags/example_local_kubernetes_executor.py
[2026-01-21T12:55:22.230+0000] {logging_mixin.py:188} INFO - [2026-01-21T12:55:22.230+0000] {dag.py:3036} INFO - Sync 1 DAGs
[2026-01-21T12:55:22.252+0000] {logging_mixin.py:188} INFO - [2026-01-21T12:55:22.251+0000] {dag.py:3823} INFO - Setting next_dagrun for example_local_kubernetes_executor to None, run_after=None
[2026-01-21T12:55:22.276+0000] {processor.py:183} INFO - Processing /home/airflow/.local/lib/python3.8/site-packages/airflow/example_dags/example_local_kubernetes_executor.py took 0.124 seconds
[2026-01-21T12:55:52.370+0000] {processor.py:161} INFO - Started process (PID=28258) to work on /home/airflow/.local/lib/python3.8/site-packages/airflow/example_dags/example_local_kubernetes_executor.py
[2026-01-21T12:55:52.372+0000] {processor.py:830} INFO - Processing file /home/airflow/.local/lib/python3.8/site-packages/airflow/example_dags/example_local_kubernetes_executor.py for tasks to queue
[2026-01-21T12:55:52.375+0000] {logging_mixin.py:188} INFO - [2026-01-21T12:55:52.375+0000] {dagbag.py:538} INFO - Filling up the DagBag from /home/airflow/.local/lib/python3.8/site-packages/airflow/example_dags/example_local_kubernetes_executor.py
[2026-01-21T12:55:52.390+0000] {processor.py:840} INFO - DAG(s) 'example_local_kubernetes_executor' retrieved from /home/airflow/.local/lib/python3.8/site-packages/airflow/example_dags/example_local_kubernetes_executor.py
[2026-01-21T12:55:52.468+0000] {logging_mixin.py:188} INFO - [2026-01-21T12:55:52.467+0000] {dag.py:3036} INFO - Sync 1 DAGs
[2026-01-21T12:55:52.492+0000] {logging_mixin.py:188} INFO - [2026-01-21T12:55:52.492+0000] {dag.py:3823} INFO - Setting next_dagrun for example_local_kubernetes_executor to None, run_after=None
[2026-01-21T12:55:52.522+0000] {processor.py:183} INFO - Processing /home/airflow/.local/lib/python3.8/site-packages/airflow/example_dags/example_local_kubernetes_executor.py took 0.161 seconds
[2026-01-21T12:56:23.213+0000] {processor.py:161} INFO - Started process (PID=28325) to work on /home/airflow/.local/lib/python3.8/site-packages/airflow/example_dags/example_local_kubernetes_executor.py
[2026-01-21T12:56:23.215+0000] {processor.py:830} INFO - Processing file /home/airflow/.local/lib/python3.8/site-packages/airflow/example_dags/example_local_kubernetes_executor.py for tasks to queue
[2026-01-21T12:56:23.217+0000] {logging_mixin.py:188} INFO - [2026-01-21T12:56:23.216+0000] {dagbag.py:538} INFO - Filling up the DagBag from /home/airflow/.local/lib/python3.8/site-packages/airflow/example_dags/example_local_kubernetes_executor.py
[2026-01-21T12:56:23.227+0000] {processor.py:840} INFO - DAG(s) 'example_local_kubernetes_executor' retrieved from /home/airflow/.local/lib/python3.8/site-packages/airflow/example_dags/example_local_kubernetes_executor.py
[2026-01-21T12:56:23.277+0000] {logging_mixin.py:188} INFO - [2026-01-21T12:56:23.276+0000] {dag.py:3036} INFO - Sync 1 DAGs
[2026-01-21T12:56:23.296+0000] {logging_mixin.py:188} INFO - [2026-01-21T12:56:23.296+0000] {dag.py:3823} INFO - Setting next_dagrun for example_local_kubernetes_executor to None, run_after=None
[2026-01-21T12:56:23.337+0000] {processor.py:183} INFO - Processing /home/airflow/.local/lib/python3.8/site-packages/airflow/example_dags/example_local_kubernetes_executor.py took 0.129 seconds
[2026-01-21T12:56:53.553+0000] {processor.py:161} INFO - Started process (PID=28392) to work on /home/airflow/.local/lib/python3.8/site-packages/airflow/example_dags/example_local_kubernetes_executor.py
[2026-01-21T12:56:53.555+0000] {processor.py:830} INFO - Processing file /home/airflow/.local/lib/python3.8/site-packages/airflow/example_dags/example_local_kubernetes_executor.py for tasks to queue
[2026-01-21T12:56:53.557+0000] {logging_mixin.py:188} INFO - [2026-01-21T12:56:53.556+0000] {dagbag.py:538} INFO - Filling up the DagBag from /home/airflow/.local/lib/python3.8/site-packages/airflow/example_dags/example_local_kubernetes_executor.py
[2026-01-21T12:56:53.567+0000] {processor.py:840} INFO - DAG(s) 'example_local_kubernetes_executor' retrieved from /home/airflow/.local/lib/python3.8/site-packages/airflow/example_dags/example_local_kubernetes_executor.py
[2026-01-21T12:56:53.617+0000] {logging_mixin.py:188} INFO - [2026-01-21T12:56:53.617+0000] {dag.py:3036} INFO - Sync 1 DAGs
[2026-01-21T12:56:53.637+0000] {logging_mixin.py:188} INFO - [2026-01-21T12:56:53.637+0000] {dag.py:3823} INFO - Setting next_dagrun for example_local_kubernetes_executor to None, run_after=None
[2026-01-21T12:56:53.662+0000] {processor.py:183} INFO - Processing /home/airflow/.local/lib/python3.8/site-packages/airflow/example_dags/example_local_kubernetes_executor.py took 0.114 seconds
[2026-01-21T12:57:23.902+0000] {processor.py:161} INFO - Started process (PID=28458) to work on /home/airflow/.local/lib/python3.8/site-packages/airflow/example_dags/example_local_kubernetes_executor.py
[2026-01-21T12:57:23.903+0000] {processor.py:830} INFO - Processing file /home/airflow/.local/lib/python3.8/site-packages/airflow/example_dags/example_local_kubernetes_executor.py for tasks to queue
[2026-01-21T12:57:23.906+0000] {logging_mixin.py:188} INFO - [2026-01-21T12:57:23.905+0000] {dagbag.py:538} INFO - Filling up the DagBag from /home/airflow/.local/lib/python3.8/site-packages/airflow/example_dags/example_local_kubernetes_executor.py
[2026-01-21T12:57:23.916+0000] {processor.py:840} INFO - DAG(s) 'example_local_kubernetes_executor' retrieved from /home/airflow/.local/lib/python3.8/site-packages/airflow/example_dags/example_local_kubernetes_executor.py
[2026-01-21T12:57:23.968+0000] {logging_mixin.py:188} INFO - [2026-01-21T12:57:23.968+0000] {dag.py:3036} INFO - Sync 1 DAGs
[2026-01-21T12:57:23.986+0000] {logging_mixin.py:188} INFO - [2026-01-21T12:57:23.986+0000] {dag.py:3823} INFO - Setting next_dagrun for example_local_kubernetes_executor to None, run_after=None
[2026-01-21T12:57:24.013+0000] {processor.py:183} INFO - Processing /home/airflow/.local/lib/python3.8/site-packages/airflow/example_dags/example_local_kubernetes_executor.py took 0.116 seconds
[2026-01-21T12:57:54.541+0000] {processor.py:161} INFO - Started process (PID=28524) to work on /home/airflow/.local/lib/python3.8/site-packages/airflow/example_dags/example_local_kubernetes_executor.py
[2026-01-21T12:57:54.542+0000] {processor.py:830} INFO - Processing file /home/airflow/.local/lib/python3.8/site-packages/airflow/example_dags/example_local_kubernetes_executor.py for tasks to queue
[2026-01-21T12:57:54.545+0000] {logging_mixin.py:188} INFO - [2026-01-21T12:57:54.544+0000] {dagbag.py:538} INFO - Filling up the DagBag from /home/airflow/.local/lib/python3.8/site-packages/airflow/example_dags/example_local_kubernetes_executor.py
[2026-01-21T12:57:54.556+0000] {processor.py:840} INFO - DAG(s) 'example_local_kubernetes_executor' retrieved from /home/airflow/.local/lib/python3.8/site-packages/airflow/example_dags/example_local_kubernetes_executor.py
[2026-01-21T12:57:54.607+0000] {logging_mixin.py:188} INFO - [2026-01-21T12:57:54.606+0000] {dag.py:3036} INFO - Sync 1 DAGs
[2026-01-21T12:57:54.624+0000] {logging_mixin.py:188} INFO - [2026-01-21T12:57:54.624+0000] {dag.py:3823} INFO - Setting next_dagrun for example_local_kubernetes_executor to None, run_after=None
[2026-01-21T12:57:54.649+0000] {processor.py:183} INFO - Processing /home/airflow/.local/lib/python3.8/site-packages/airflow/example_dags/example_local_kubernetes_executor.py took 0.113 seconds
[2026-01-21T12:58:25.039+0000] {processor.py:161} INFO - Started process (PID=28590) to work on /home/airflow/.local/lib/python3.8/site-packages/airflow/example_dags/example_local_kubernetes_executor.py
[2026-01-21T12:58:25.041+0000] {processor.py:830} INFO - Processing file /home/airflow/.local/lib/python3.8/site-packages/airflow/example_dags/example_local_kubernetes_executor.py for tasks to queue
[2026-01-21T12:58:25.043+0000] {logging_mixin.py:188} INFO - [2026-01-21T12:58:25.043+0000] {dagbag.py:538} INFO - Filling up the DagBag from /home/airflow/.local/lib/python3.8/site-packages/airflow/example_dags/example_local_kubernetes_executor.py
[2026-01-21T12:58:25.053+0000] {processor.py:840} INFO - DAG(s) 'example_local_kubernetes_executor' retrieved from /home/airflow/.local/lib/python3.8/site-packages/airflow/example_dags/example_local_kubernetes_executor.py
[2026-01-21T12:58:25.103+0000] {logging_mixin.py:188} INFO - [2026-01-21T12:58:25.103+0000] {dag.py:3036} INFO - Sync 1 DAGs
[2026-01-21T12:58:25.121+0000] {logging_mixin.py:188} INFO - [2026-01-21T12:58:25.121+0000] {dag.py:3823} INFO - Setting next_dagrun for example_local_kubernetes_executor to None, run_after=None
[2026-01-21T12:58:25.147+0000] {processor.py:183} INFO - Processing /home/airflow/.local/lib/python3.8/site-packages/airflow/example_dags/example_local_kubernetes_executor.py took 0.112 seconds
[2026-01-21T12:58:55.383+0000] {processor.py:161} INFO - Started process (PID=28656) to work on /home/airflow/.local/lib/python3.8/site-packages/airflow/example_dags/example_local_kubernetes_executor.py
[2026-01-21T12:58:55.384+0000] {processor.py:830} INFO - Processing file /home/airflow/.local/lib/python3.8/site-packages/airflow/example_dags/example_local_kubernetes_executor.py for tasks to queue
[2026-01-21T12:58:55.386+0000] {logging_mixin.py:188} INFO - [2026-01-21T12:58:55.386+0000] {dagbag.py:538} INFO - Filling up the DagBag from /home/airflow/.local/lib/python3.8/site-packages/airflow/example_dags/example_local_kubernetes_executor.py
[2026-01-21T12:58:55.396+0000] {processor.py:840} INFO - DAG(s) 'example_local_kubernetes_executor' retrieved from /home/airflow/.local/lib/python3.8/site-packages/airflow/example_dags/example_local_kubernetes_executor.py
[2026-01-21T12:58:55.447+0000] {logging_mixin.py:188} INFO - [2026-01-21T12:58:55.446+0000] {dag.py:3036} INFO - Sync 1 DAGs
[2026-01-21T12:58:55.464+0000] {logging_mixin.py:188} INFO - [2026-01-21T12:58:55.463+0000] {dag.py:3823} INFO - Setting next_dagrun for example_local_kubernetes_executor to None, run_after=None
[2026-01-21T12:58:55.487+0000] {processor.py:183} INFO - Processing /home/airflow/.local/lib/python3.8/site-packages/airflow/example_dags/example_local_kubernetes_executor.py took 0.108 seconds
[2026-01-21T12:59:25.816+0000] {processor.py:161} INFO - Started process (PID=28722) to work on /home/airflow/.local/lib/python3.8/site-packages/airflow/example_dags/example_local_kubernetes_executor.py
[2026-01-21T12:59:25.818+0000] {processor.py:830} INFO - Processing file /home/airflow/.local/lib/python3.8/site-packages/airflow/example_dags/example_local_kubernetes_executor.py for tasks to queue
[2026-01-21T12:59:25.821+0000] {logging_mixin.py:188} INFO - [2026-01-21T12:59:25.820+0000] {dagbag.py:538} INFO - Filling up the DagBag from /home/airflow/.local/lib/python3.8/site-packages/airflow/example_dags/example_local_kubernetes_executor.py
[2026-01-21T12:59:25.834+0000] {processor.py:840} INFO - DAG(s) 'example_local_kubernetes_executor' retrieved from /home/airflow/.local/lib/python3.8/site-packages/airflow/example_dags/example_local_kubernetes_executor.py
[2026-01-21T12:59:25.890+0000] {logging_mixin.py:188} INFO - [2026-01-21T12:59:25.889+0000] {dag.py:3036} INFO - Sync 1 DAGs
[2026-01-21T12:59:25.909+0000] {logging_mixin.py:188} INFO - [2026-01-21T12:59:25.909+0000] {dag.py:3823} INFO - Setting next_dagrun for example_local_kubernetes_executor to None, run_after=None
[2026-01-21T12:59:25.934+0000] {processor.py:183} INFO - Processing /home/airflow/.local/lib/python3.8/site-packages/airflow/example_dags/example_local_kubernetes_executor.py took 0.124 seconds
[2026-01-21T12:59:56.351+0000] {processor.py:161} INFO - Started process (PID=28796) to work on /home/airflow/.local/lib/python3.8/site-packages/airflow/example_dags/example_local_kubernetes_executor.py
[2026-01-21T12:59:56.352+0000] {processor.py:830} INFO - Processing file /home/airflow/.local/lib/python3.8/site-packages/airflow/example_dags/example_local_kubernetes_executor.py for tasks to queue
[2026-01-21T12:59:56.355+0000] {logging_mixin.py:188} INFO - [2026-01-21T12:59:56.354+0000] {dagbag.py:538} INFO - Filling up the DagBag from /home/airflow/.local/lib/python3.8/site-packages/airflow/example_dags/example_local_kubernetes_executor.py
[2026-01-21T12:59:56.366+0000] {processor.py:840} INFO - DAG(s) 'example_local_kubernetes_executor' retrieved from /home/airflow/.local/lib/python3.8/site-packages/airflow/example_dags/example_local_kubernetes_executor.py
[2026-01-21T12:59:56.416+0000] {logging_mixin.py:188} INFO - [2026-01-21T12:59:56.415+0000] {dag.py:3036} INFO - Sync 1 DAGs
[2026-01-21T12:59:56.435+0000] {logging_mixin.py:188} INFO - [2026-01-21T12:59:56.435+0000] {dag.py:3823} INFO - Setting next_dagrun for example_local_kubernetes_executor to None, run_after=None
[2026-01-21T12:59:56.459+0000] {processor.py:183} INFO - Processing /home/airflow/.local/lib/python3.8/site-packages/airflow/example_dags/example_local_kubernetes_executor.py took 0.114 seconds
[2026-01-21T13:00:26.775+0000] {processor.py:161} INFO - Started process (PID=28861) to work on /home/airflow/.local/lib/python3.8/site-packages/airflow/example_dags/example_local_kubernetes_executor.py
[2026-01-21T13:00:26.777+0000] {processor.py:830} INFO - Processing file /home/airflow/.local/lib/python3.8/site-packages/airflow/example_dags/example_local_kubernetes_executor.py for tasks to queue
[2026-01-21T13:00:26.779+0000] {logging_mixin.py:188} INFO - [2026-01-21T13:00:26.778+0000] {dagbag.py:538} INFO - Filling up the DagBag from /home/airflow/.local/lib/python3.8/site-packages/airflow/example_dags/example_local_kubernetes_executor.py
[2026-01-21T13:00:26.789+0000] {processor.py:840} INFO - DAG(s) 'example_local_kubernetes_executor' retrieved from /home/airflow/.local/lib/python3.8/site-packages/airflow/example_dags/example_local_kubernetes_executor.py
[2026-01-21T13:00:26.839+0000] {logging_mixin.py:188} INFO - [2026-01-21T13:00:26.838+0000] {dag.py:3036} INFO - Sync 1 DAGs
[2026-01-21T13:00:26.856+0000] {logging_mixin.py:188} INFO - [2026-01-21T13:00:26.856+0000] {dag.py:3823} INFO - Setting next_dagrun for example_local_kubernetes_executor to None, run_after=None
[2026-01-21T13:00:26.881+0000] {processor.py:183} INFO - Processing /home/airflow/.local/lib/python3.8/site-packages/airflow/example_dags/example_local_kubernetes_executor.py took 0.111 seconds
[2026-01-21T13:00:57.008+0000] {processor.py:161} INFO - Started process (PID=28927) to work on /home/airflow/.local/lib/python3.8/site-packages/airflow/example_dags/example_local_kubernetes_executor.py
[2026-01-21T13:00:57.009+0000] {processor.py:830} INFO - Processing file /home/airflow/.local/lib/python3.8/site-packages/airflow/example_dags/example_local_kubernetes_executor.py for tasks to queue
[2026-01-21T13:00:57.011+0000] {logging_mixin.py:188} INFO - [2026-01-21T13:00:57.011+0000] {dagbag.py:538} INFO - Filling up the DagBag from /home/airflow/.local/lib/python3.8/site-packages/airflow/example_dags/example_local_kubernetes_executor.py
[2026-01-21T13:00:57.021+0000] {processor.py:840} INFO - DAG(s) 'example_local_kubernetes_executor' retrieved from /home/airflow/.local/lib/python3.8/site-packages/airflow/example_dags/example_local_kubernetes_executor.py
[2026-01-21T13:00:57.070+0000] {logging_mixin.py:188} INFO - [2026-01-21T13:00:57.069+0000] {dag.py:3036} INFO - Sync 1 DAGs
[2026-01-21T13:00:57.087+0000] {logging_mixin.py:188} INFO - [2026-01-21T13:00:57.086+0000] {dag.py:3823} INFO - Setting next_dagrun for example_local_kubernetes_executor to None, run_after=None
[2026-01-21T13:00:57.112+0000] {processor.py:183} INFO - Processing /home/airflow/.local/lib/python3.8/site-packages/airflow/example_dags/example_local_kubernetes_executor.py took 0.109 seconds
[2026-01-21T13:01:27.312+0000] {processor.py:161} INFO - Started process (PID=28993) to work on /home/airflow/.local/lib/python3.8/site-packages/airflow/example_dags/example_local_kubernetes_executor.py
[2026-01-21T13:01:27.314+0000] {processor.py:830} INFO - Processing file /home/airflow/.local/lib/python3.8/site-packages/airflow/example_dags/example_local_kubernetes_executor.py for tasks to queue
[2026-01-21T13:01:27.316+0000] {logging_mixin.py:188} INFO - [2026-01-21T13:01:27.316+0000] {dagbag.py:538} INFO - Filling up the DagBag from /home/airflow/.local/lib/python3.8/site-packages/airflow/example_dags/example_local_kubernetes_executor.py
[2026-01-21T13:01:27.327+0000] {processor.py:840} INFO - DAG(s) 'example_local_kubernetes_executor' retrieved from /home/airflow/.local/lib/python3.8/site-packages/airflow/example_dags/example_local_kubernetes_executor.py
[2026-01-21T13:01:27.380+0000] {logging_mixin.py:188} INFO - [2026-01-21T13:01:27.379+0000] {dag.py:3036} INFO - Sync 1 DAGs
[2026-01-21T13:01:27.399+0000] {logging_mixin.py:188} INFO - [2026-01-21T13:01:27.399+0000] {dag.py:3823} INFO - Setting next_dagrun for example_local_kubernetes_executor to None, run_after=None
[2026-01-21T13:01:27.425+0000] {processor.py:183} INFO - Processing /home/airflow/.local/lib/python3.8/site-packages/airflow/example_dags/example_local_kubernetes_executor.py took 0.119 seconds
[2026-01-21T13:01:57.753+0000] {processor.py:161} INFO - Started process (PID=29060) to work on /home/airflow/.local/lib/python3.8/site-packages/airflow/example_dags/example_local_kubernetes_executor.py
[2026-01-21T13:01:57.755+0000] {processor.py:830} INFO - Processing file /home/airflow/.local/lib/python3.8/site-packages/airflow/example_dags/example_local_kubernetes_executor.py for tasks to queue
[2026-01-21T13:01:57.757+0000] {logging_mixin.py:188} INFO - [2026-01-21T13:01:57.757+0000] {dagbag.py:538} INFO - Filling up the DagBag from /home/airflow/.local/lib/python3.8/site-packages/airflow/example_dags/example_local_kubernetes_executor.py
[2026-01-21T13:01:57.770+0000] {processor.py:840} INFO - DAG(s) 'example_local_kubernetes_executor' retrieved from /home/airflow/.local/lib/python3.8/site-packages/airflow/example_dags/example_local_kubernetes_executor.py
[2026-01-21T13:01:57.835+0000] {logging_mixin.py:188} INFO - [2026-01-21T13:01:57.835+0000] {dag.py:3036} INFO - Sync 1 DAGs
[2026-01-21T13:01:57.859+0000] {logging_mixin.py:188} INFO - [2026-01-21T13:01:57.859+0000] {dag.py:3823} INFO - Setting next_dagrun for example_local_kubernetes_executor to None, run_after=None
[2026-01-21T13:01:57.890+0000] {processor.py:183} INFO - Processing /home/airflow/.local/lib/python3.8/site-packages/airflow/example_dags/example_local_kubernetes_executor.py took 0.143 seconds
[2026-01-21T13:02:28.583+0000] {processor.py:161} INFO - Started process (PID=29131) to work on /home/airflow/.local/lib/python3.8/site-packages/airflow/example_dags/example_local_kubernetes_executor.py
[2026-01-21T13:02:28.585+0000] {processor.py:830} INFO - Processing file /home/airflow/.local/lib/python3.8/site-packages/airflow/example_dags/example_local_kubernetes_executor.py for tasks to queue
[2026-01-21T13:02:28.587+0000] {logging_mixin.py:188} INFO - [2026-01-21T13:02:28.587+0000] {dagbag.py:538} INFO - Filling up the DagBag from /home/airflow/.local/lib/python3.8/site-packages/airflow/example_dags/example_local_kubernetes_executor.py
[2026-01-21T13:02:28.598+0000] {processor.py:840} INFO - DAG(s) 'example_local_kubernetes_executor' retrieved from /home/airflow/.local/lib/python3.8/site-packages/airflow/example_dags/example_local_kubernetes_executor.py
[2026-01-21T13:02:28.648+0000] {logging_mixin.py:188} INFO - [2026-01-21T13:02:28.647+0000] {dag.py:3036} INFO - Sync 1 DAGs
[2026-01-21T13:02:28.666+0000] {logging_mixin.py:188} INFO - [2026-01-21T13:02:28.666+0000] {dag.py:3823} INFO - Setting next_dagrun for example_local_kubernetes_executor to None, run_after=None
[2026-01-21T13:02:28.690+0000] {processor.py:183} INFO - Processing /home/airflow/.local/lib/python3.8/site-packages/airflow/example_dags/example_local_kubernetes_executor.py took 0.113 seconds
[2026-01-21T13:02:59.027+0000] {processor.py:161} INFO - Started process (PID=29199) to work on /home/airflow/.local/lib/python3.8/site-packages/airflow/example_dags/example_local_kubernetes_executor.py
[2026-01-21T13:02:59.029+0000] {processor.py:830} INFO - Processing file /home/airflow/.local/lib/python3.8/site-packages/airflow/example_dags/example_local_kubernetes_executor.py for tasks to queue
[2026-01-21T13:02:59.032+0000] {logging_mixin.py:188} INFO - [2026-01-21T13:02:59.032+0000] {dagbag.py:538} INFO - Filling up the DagBag from /home/airflow/.local/lib/python3.8/site-packages/airflow/example_dags/example_local_kubernetes_executor.py
[2026-01-21T13:02:59.045+0000] {processor.py:840} INFO - DAG(s) 'example_local_kubernetes_executor' retrieved from /home/airflow/.local/lib/python3.8/site-packages/airflow/example_dags/example_local_kubernetes_executor.py
[2026-01-21T13:02:59.110+0000] {logging_mixin.py:188} INFO - [2026-01-21T13:02:59.110+0000] {dag.py:3036} INFO - Sync 1 DAGs
[2026-01-21T13:02:59.134+0000] {logging_mixin.py:188} INFO - [2026-01-21T13:02:59.133+0000] {dag.py:3823} INFO - Setting next_dagrun for example_local_kubernetes_executor to None, run_after=None
[2026-01-21T13:02:59.164+0000] {processor.py:183} INFO - Processing /home/airflow/.local/lib/python3.8/site-packages/airflow/example_dags/example_local_kubernetes_executor.py took 0.142 seconds
[2026-01-21T13:03:29.655+0000] {processor.py:161} INFO - Started process (PID=29264) to work on /home/airflow/.local/lib/python3.8/site-packages/airflow/example_dags/example_local_kubernetes_executor.py
[2026-01-21T13:03:29.657+0000] {processor.py:830} INFO - Processing file /home/airflow/.local/lib/python3.8/site-packages/airflow/example_dags/example_local_kubernetes_executor.py for tasks to queue
[2026-01-21T13:03:29.661+0000] {logging_mixin.py:188} INFO - [2026-01-21T13:03:29.660+0000] {dagbag.py:538} INFO - Filling up the DagBag from /home/airflow/.local/lib/python3.8/site-packages/airflow/example_dags/example_local_kubernetes_executor.py
[2026-01-21T13:03:29.674+0000] {processor.py:840} INFO - DAG(s) 'example_local_kubernetes_executor' retrieved from /home/airflow/.local/lib/python3.8/site-packages/airflow/example_dags/example_local_kubernetes_executor.py
[2026-01-21T13:03:29.750+0000] {logging_mixin.py:188} INFO - [2026-01-21T13:03:29.750+0000] {dag.py:3036} INFO - Sync 1 DAGs
[2026-01-21T13:03:29.777+0000] {logging_mixin.py:188} INFO - [2026-01-21T13:03:29.776+0000] {dag.py:3823} INFO - Setting next_dagrun for example_local_kubernetes_executor to None, run_after=None
[2026-01-21T13:03:29.832+0000] {processor.py:183} INFO - Processing /home/airflow/.local/lib/python3.8/site-packages/airflow/example_dags/example_local_kubernetes_executor.py took 0.182 seconds
[2026-01-21T13:04:00.106+0000] {processor.py:161} INFO - Started process (PID=29330) to work on /home/airflow/.local/lib/python3.8/site-packages/airflow/example_dags/example_local_kubernetes_executor.py
[2026-01-21T13:04:00.108+0000] {processor.py:830} INFO - Processing file /home/airflow/.local/lib/python3.8/site-packages/airflow/example_dags/example_local_kubernetes_executor.py for tasks to queue
[2026-01-21T13:04:00.110+0000] {logging_mixin.py:188} INFO - [2026-01-21T13:04:00.110+0000] {dagbag.py:538} INFO - Filling up the DagBag from /home/airflow/.local/lib/python3.8/site-packages/airflow/example_dags/example_local_kubernetes_executor.py
[2026-01-21T13:04:00.124+0000] {processor.py:840} INFO - DAG(s) 'example_local_kubernetes_executor' retrieved from /home/airflow/.local/lib/python3.8/site-packages/airflow/example_dags/example_local_kubernetes_executor.py
[2026-01-21T13:04:00.179+0000] {logging_mixin.py:188} INFO - [2026-01-21T13:04:00.178+0000] {dag.py:3036} INFO - Sync 1 DAGs
[2026-01-21T13:04:00.197+0000] {logging_mixin.py:188} INFO - [2026-01-21T13:04:00.196+0000] {dag.py:3823} INFO - Setting next_dagrun for example_local_kubernetes_executor to None, run_after=None
[2026-01-21T13:04:00.222+0000] {processor.py:183} INFO - Processing /home/airflow/.local/lib/python3.8/site-packages/airflow/example_dags/example_local_kubernetes_executor.py took 0.122 seconds
[2026-01-21T13:04:30.749+0000] {processor.py:161} INFO - Started process (PID=29396) to work on /home/airflow/.local/lib/python3.8/site-packages/airflow/example_dags/example_local_kubernetes_executor.py
[2026-01-21T13:04:30.751+0000] {processor.py:830} INFO - Processing file /home/airflow/.local/lib/python3.8/site-packages/airflow/example_dags/example_local_kubernetes_executor.py for tasks to queue
[2026-01-21T13:04:30.754+0000] {logging_mixin.py:188} INFO - [2026-01-21T13:04:30.753+0000] {dagbag.py:538} INFO - Filling up the DagBag from /home/airflow/.local/lib/python3.8/site-packages/airflow/example_dags/example_local_kubernetes_executor.py
[2026-01-21T13:04:30.766+0000] {processor.py:840} INFO - DAG(s) 'example_local_kubernetes_executor' retrieved from /home/airflow/.local/lib/python3.8/site-packages/airflow/example_dags/example_local_kubernetes_executor.py
[2026-01-21T13:04:30.831+0000] {logging_mixin.py:188} INFO - [2026-01-21T13:04:30.830+0000] {dag.py:3036} INFO - Sync 1 DAGs
[2026-01-21T13:04:30.850+0000] {logging_mixin.py:188} INFO - [2026-01-21T13:04:30.850+0000] {dag.py:3823} INFO - Setting next_dagrun for example_local_kubernetes_executor to None, run_after=None
[2026-01-21T13:04:30.876+0000] {processor.py:183} INFO - Processing /home/airflow/.local/lib/python3.8/site-packages/airflow/example_dags/example_local_kubernetes_executor.py took 0.132 seconds
[2026-01-21T13:05:01.567+0000] {processor.py:161} INFO - Started process (PID=29462) to work on /home/airflow/.local/lib/python3.8/site-packages/airflow/example_dags/example_local_kubernetes_executor.py
[2026-01-21T13:05:01.568+0000] {processor.py:830} INFO - Processing file /home/airflow/.local/lib/python3.8/site-packages/airflow/example_dags/example_local_kubernetes_executor.py for tasks to queue
[2026-01-21T13:05:01.571+0000] {logging_mixin.py:188} INFO - [2026-01-21T13:05:01.570+0000] {dagbag.py:538} INFO - Filling up the DagBag from /home/airflow/.local/lib/python3.8/site-packages/airflow/example_dags/example_local_kubernetes_executor.py
[2026-01-21T13:05:01.581+0000] {processor.py:840} INFO - DAG(s) 'example_local_kubernetes_executor' retrieved from /home/airflow/.local/lib/python3.8/site-packages/airflow/example_dags/example_local_kubernetes_executor.py
[2026-01-21T13:05:01.633+0000] {logging_mixin.py:188} INFO - [2026-01-21T13:05:01.633+0000] {dag.py:3036} INFO - Sync 1 DAGs
[2026-01-21T13:05:01.653+0000] {logging_mixin.py:188} INFO - [2026-01-21T13:05:01.652+0000] {dag.py:3823} INFO - Setting next_dagrun for example_local_kubernetes_executor to None, run_after=None
[2026-01-21T13:05:01.679+0000] {processor.py:183} INFO - Processing /home/airflow/.local/lib/python3.8/site-packages/airflow/example_dags/example_local_kubernetes_executor.py took 0.118 seconds
[2026-01-21T13:05:31.882+0000] {processor.py:161} INFO - Started process (PID=29528) to work on /home/airflow/.local/lib/python3.8/site-packages/airflow/example_dags/example_local_kubernetes_executor.py
[2026-01-21T13:05:31.883+0000] {processor.py:830} INFO - Processing file /home/airflow/.local/lib/python3.8/site-packages/airflow/example_dags/example_local_kubernetes_executor.py for tasks to queue
[2026-01-21T13:05:31.886+0000] {logging_mixin.py:188} INFO - [2026-01-21T13:05:31.885+0000] {dagbag.py:538} INFO - Filling up the DagBag from /home/airflow/.local/lib/python3.8/site-packages/airflow/example_dags/example_local_kubernetes_executor.py
[2026-01-21T13:05:31.896+0000] {processor.py:840} INFO - DAG(s) 'example_local_kubernetes_executor' retrieved from /home/airflow/.local/lib/python3.8/site-packages/airflow/example_dags/example_local_kubernetes_executor.py
[2026-01-21T13:05:31.945+0000] {logging_mixin.py:188} INFO - [2026-01-21T13:05:31.945+0000] {dag.py:3036} INFO - Sync 1 DAGs
[2026-01-21T13:05:31.965+0000] {logging_mixin.py:188} INFO - [2026-01-21T13:05:31.964+0000] {dag.py:3823} INFO - Setting next_dagrun for example_local_kubernetes_executor to None, run_after=None
[2026-01-21T13:05:31.991+0000] {processor.py:183} INFO - Processing /home/airflow/.local/lib/python3.8/site-packages/airflow/example_dags/example_local_kubernetes_executor.py took 0.113 seconds
[2026-01-21T13:06:02.067+0000] {processor.py:161} INFO - Started process (PID=29601) to work on /home/airflow/.local/lib/python3.8/site-packages/airflow/example_dags/example_local_kubernetes_executor.py
[2026-01-21T13:06:02.068+0000] {processor.py:830} INFO - Processing file /home/airflow/.local/lib/python3.8/site-packages/airflow/example_dags/example_local_kubernetes_executor.py for tasks to queue
[2026-01-21T13:06:02.071+0000] {logging_mixin.py:188} INFO - [2026-01-21T13:06:02.071+0000] {dagbag.py:538} INFO - Filling up the DagBag from /home/airflow/.local/lib/python3.8/site-packages/airflow/example_dags/example_local_kubernetes_executor.py
[2026-01-21T13:06:02.081+0000] {processor.py:840} INFO - DAG(s) 'example_local_kubernetes_executor' retrieved from /home/airflow/.local/lib/python3.8/site-packages/airflow/example_dags/example_local_kubernetes_executor.py
[2026-01-21T13:06:02.135+0000] {logging_mixin.py:188} INFO - [2026-01-21T13:06:02.134+0000] {dag.py:3036} INFO - Sync 1 DAGs
[2026-01-21T13:06:02.164+0000] {logging_mixin.py:188} INFO - [2026-01-21T13:06:02.164+0000] {dag.py:3823} INFO - Setting next_dagrun for example_local_kubernetes_executor to None, run_after=None
[2026-01-21T13:06:02.202+0000] {processor.py:183} INFO - Processing /home/airflow/.local/lib/python3.8/site-packages/airflow/example_dags/example_local_kubernetes_executor.py took 0.140 seconds
[2026-01-21T13:06:32.375+0000] {processor.py:161} INFO - Started process (PID=29667) to work on /home/airflow/.local/lib/python3.8/site-packages/airflow/example_dags/example_local_kubernetes_executor.py
[2026-01-21T13:06:32.377+0000] {processor.py:830} INFO - Processing file /home/airflow/.local/lib/python3.8/site-packages/airflow/example_dags/example_local_kubernetes_executor.py for tasks to queue
[2026-01-21T13:06:32.380+0000] {logging_mixin.py:188} INFO - [2026-01-21T13:06:32.379+0000] {dagbag.py:538} INFO - Filling up the DagBag from /home/airflow/.local/lib/python3.8/site-packages/airflow/example_dags/example_local_kubernetes_executor.py
[2026-01-21T13:06:32.393+0000] {processor.py:840} INFO - DAG(s) 'example_local_kubernetes_executor' retrieved from /home/airflow/.local/lib/python3.8/site-packages/airflow/example_dags/example_local_kubernetes_executor.py
[2026-01-21T13:06:32.475+0000] {logging_mixin.py:188} INFO - [2026-01-21T13:06:32.474+0000] {dag.py:3036} INFO - Sync 1 DAGs
[2026-01-21T13:06:32.500+0000] {logging_mixin.py:188} INFO - [2026-01-21T13:06:32.500+0000] {dag.py:3823} INFO - Setting next_dagrun for example_local_kubernetes_executor to None, run_after=None
[2026-01-21T13:06:32.532+0000] {processor.py:183} INFO - Processing /home/airflow/.local/lib/python3.8/site-packages/airflow/example_dags/example_local_kubernetes_executor.py took 0.163 seconds
[2026-01-21T13:07:02.844+0000] {processor.py:161} INFO - Started process (PID=29732) to work on /home/airflow/.local/lib/python3.8/site-packages/airflow/example_dags/example_local_kubernetes_executor.py
[2026-01-21T13:07:02.846+0000] {processor.py:830} INFO - Processing file /home/airflow/.local/lib/python3.8/site-packages/airflow/example_dags/example_local_kubernetes_executor.py for tasks to queue
[2026-01-21T13:07:02.850+0000] {logging_mixin.py:188} INFO - [2026-01-21T13:07:02.849+0000] {dagbag.py:538} INFO - Filling up the DagBag from /home/airflow/.local/lib/python3.8/site-packages/airflow/example_dags/example_local_kubernetes_executor.py
[2026-01-21T13:07:02.860+0000] {processor.py:840} INFO - DAG(s) 'example_local_kubernetes_executor' retrieved from /home/airflow/.local/lib/python3.8/site-packages/airflow/example_dags/example_local_kubernetes_executor.py
[2026-01-21T13:07:02.919+0000] {logging_mixin.py:188} INFO - [2026-01-21T13:07:02.919+0000] {dag.py:3036} INFO - Sync 1 DAGs
[2026-01-21T13:07:02.943+0000] {logging_mixin.py:188} INFO - [2026-01-21T13:07:02.943+0000] {dag.py:3823} INFO - Setting next_dagrun for example_local_kubernetes_executor to None, run_after=None
[2026-01-21T13:07:02.976+0000] {processor.py:183} INFO - Processing /home/airflow/.local/lib/python3.8/site-packages/airflow/example_dags/example_local_kubernetes_executor.py took 0.139 seconds
[2026-01-21T13:07:33.204+0000] {processor.py:161} INFO - Started process (PID=29799) to work on /home/airflow/.local/lib/python3.8/site-packages/airflow/example_dags/example_local_kubernetes_executor.py
[2026-01-21T13:07:33.206+0000] {processor.py:830} INFO - Processing file /home/airflow/.local/lib/python3.8/site-packages/airflow/example_dags/example_local_kubernetes_executor.py for tasks to queue
[2026-01-21T13:07:33.208+0000] {logging_mixin.py:188} INFO - [2026-01-21T13:07:33.207+0000] {dagbag.py:538} INFO - Filling up the DagBag from /home/airflow/.local/lib/python3.8/site-packages/airflow/example_dags/example_local_kubernetes_executor.py
[2026-01-21T13:07:33.218+0000] {processor.py:840} INFO - DAG(s) 'example_local_kubernetes_executor' retrieved from /home/airflow/.local/lib/python3.8/site-packages/airflow/example_dags/example_local_kubernetes_executor.py
[2026-01-21T13:07:33.267+0000] {logging_mixin.py:188} INFO - [2026-01-21T13:07:33.267+0000] {dag.py:3036} INFO - Sync 1 DAGs
[2026-01-21T13:07:33.285+0000] {logging_mixin.py:188} INFO - [2026-01-21T13:07:33.285+0000] {dag.py:3823} INFO - Setting next_dagrun for example_local_kubernetes_executor to None, run_after=None
[2026-01-21T13:07:33.310+0000] {processor.py:183} INFO - Processing /home/airflow/.local/lib/python3.8/site-packages/airflow/example_dags/example_local_kubernetes_executor.py took 0.111 seconds
[2026-01-21T13:08:03.381+0000] {processor.py:161} INFO - Started process (PID=29865) to work on /home/airflow/.local/lib/python3.8/site-packages/airflow/example_dags/example_local_kubernetes_executor.py
[2026-01-21T13:08:03.382+0000] {processor.py:830} INFO - Processing file /home/airflow/.local/lib/python3.8/site-packages/airflow/example_dags/example_local_kubernetes_executor.py for tasks to queue
[2026-01-21T13:08:03.384+0000] {logging_mixin.py:188} INFO - [2026-01-21T13:08:03.384+0000] {dagbag.py:538} INFO - Filling up the DagBag from /home/airflow/.local/lib/python3.8/site-packages/airflow/example_dags/example_local_kubernetes_executor.py
[2026-01-21T13:08:03.394+0000] {processor.py:840} INFO - DAG(s) 'example_local_kubernetes_executor' retrieved from /home/airflow/.local/lib/python3.8/site-packages/airflow/example_dags/example_local_kubernetes_executor.py
[2026-01-21T13:08:03.443+0000] {logging_mixin.py:188} INFO - [2026-01-21T13:08:03.443+0000] {dag.py:3036} INFO - Sync 1 DAGs
[2026-01-21T13:08:03.460+0000] {logging_mixin.py:188} INFO - [2026-01-21T13:08:03.460+0000] {dag.py:3823} INFO - Setting next_dagrun for example_local_kubernetes_executor to None, run_after=None
[2026-01-21T13:08:03.485+0000] {processor.py:183} INFO - Processing /home/airflow/.local/lib/python3.8/site-packages/airflow/example_dags/example_local_kubernetes_executor.py took 0.109 seconds
[2026-01-21T13:08:33.601+0000] {processor.py:161} INFO - Started process (PID=29930) to work on /home/airflow/.local/lib/python3.8/site-packages/airflow/example_dags/example_local_kubernetes_executor.py
[2026-01-21T13:08:33.603+0000] {processor.py:830} INFO - Processing file /home/airflow/.local/lib/python3.8/site-packages/airflow/example_dags/example_local_kubernetes_executor.py for tasks to queue
[2026-01-21T13:08:33.605+0000] {logging_mixin.py:188} INFO - [2026-01-21T13:08:33.605+0000] {dagbag.py:538} INFO - Filling up the DagBag from /home/airflow/.local/lib/python3.8/site-packages/airflow/example_dags/example_local_kubernetes_executor.py
[2026-01-21T13:08:33.615+0000] {processor.py:840} INFO - DAG(s) 'example_local_kubernetes_executor' retrieved from /home/airflow/.local/lib/python3.8/site-packages/airflow/example_dags/example_local_kubernetes_executor.py
[2026-01-21T13:08:33.668+0000] {logging_mixin.py:188} INFO - [2026-01-21T13:08:33.667+0000] {dag.py:3036} INFO - Sync 1 DAGs
[2026-01-21T13:08:33.689+0000] {logging_mixin.py:188} INFO - [2026-01-21T13:08:33.689+0000] {dag.py:3823} INFO - Setting next_dagrun for example_local_kubernetes_executor to None, run_after=None
[2026-01-21T13:08:33.716+0000] {processor.py:183} INFO - Processing /home/airflow/.local/lib/python3.8/site-packages/airflow/example_dags/example_local_kubernetes_executor.py took 0.119 seconds
[2026-01-21T13:09:04.118+0000] {processor.py:161} INFO - Started process (PID=29996) to work on /home/airflow/.local/lib/python3.8/site-packages/airflow/example_dags/example_local_kubernetes_executor.py
[2026-01-21T13:09:04.119+0000] {processor.py:830} INFO - Processing file /home/airflow/.local/lib/python3.8/site-packages/airflow/example_dags/example_local_kubernetes_executor.py for tasks to queue
[2026-01-21T13:09:04.121+0000] {logging_mixin.py:188} INFO - [2026-01-21T13:09:04.121+0000] {dagbag.py:538} INFO - Filling up the DagBag from /home/airflow/.local/lib/python3.8/site-packages/airflow/example_dags/example_local_kubernetes_executor.py
[2026-01-21T13:09:04.132+0000] {processor.py:840} INFO - DAG(s) 'example_local_kubernetes_executor' retrieved from /home/airflow/.local/lib/python3.8/site-packages/airflow/example_dags/example_local_kubernetes_executor.py
[2026-01-21T13:09:04.185+0000] {logging_mixin.py:188} INFO - [2026-01-21T13:09:04.185+0000] {dag.py:3036} INFO - Sync 1 DAGs
[2026-01-21T13:09:04.204+0000] {logging_mixin.py:188} INFO - [2026-01-21T13:09:04.204+0000] {dag.py:3823} INFO - Setting next_dagrun for example_local_kubernetes_executor to None, run_after=None
[2026-01-21T13:09:04.231+0000] {processor.py:183} INFO - Processing /home/airflow/.local/lib/python3.8/site-packages/airflow/example_dags/example_local_kubernetes_executor.py took 0.118 seconds
[2026-01-21T13:09:34.830+0000] {processor.py:161} INFO - Started process (PID=30070) to work on /home/airflow/.local/lib/python3.8/site-packages/airflow/example_dags/example_local_kubernetes_executor.py
[2026-01-21T13:09:34.832+0000] {processor.py:830} INFO - Processing file /home/airflow/.local/lib/python3.8/site-packages/airflow/example_dags/example_local_kubernetes_executor.py for tasks to queue
[2026-01-21T13:09:34.835+0000] {logging_mixin.py:188} INFO - [2026-01-21T13:09:34.835+0000] {dagbag.py:538} INFO - Filling up the DagBag from /home/airflow/.local/lib/python3.8/site-packages/airflow/example_dags/example_local_kubernetes_executor.py
[2026-01-21T13:09:34.846+0000] {processor.py:840} INFO - DAG(s) 'example_local_kubernetes_executor' retrieved from /home/airflow/.local/lib/python3.8/site-packages/airflow/example_dags/example_local_kubernetes_executor.py
[2026-01-21T13:09:34.904+0000] {logging_mixin.py:188} INFO - [2026-01-21T13:09:34.904+0000] {dag.py:3036} INFO - Sync 1 DAGs
[2026-01-21T13:09:34.932+0000] {logging_mixin.py:188} INFO - [2026-01-21T13:09:34.932+0000] {dag.py:3823} INFO - Setting next_dagrun for example_local_kubernetes_executor to None, run_after=None
[2026-01-21T13:09:34.961+0000] {processor.py:183} INFO - Processing /home/airflow/.local/lib/python3.8/site-packages/airflow/example_dags/example_local_kubernetes_executor.py took 0.135 seconds
[2026-01-21T13:10:05.459+0000] {processor.py:161} INFO - Started process (PID=30136) to work on /home/airflow/.local/lib/python3.8/site-packages/airflow/example_dags/example_local_kubernetes_executor.py
[2026-01-21T13:10:05.461+0000] {processor.py:830} INFO - Processing file /home/airflow/.local/lib/python3.8/site-packages/airflow/example_dags/example_local_kubernetes_executor.py for tasks to queue
[2026-01-21T13:10:05.464+0000] {logging_mixin.py:188} INFO - [2026-01-21T13:10:05.463+0000] {dagbag.py:538} INFO - Filling up the DagBag from /home/airflow/.local/lib/python3.8/site-packages/airflow/example_dags/example_local_kubernetes_executor.py
[2026-01-21T13:10:05.476+0000] {processor.py:840} INFO - DAG(s) 'example_local_kubernetes_executor' retrieved from /home/airflow/.local/lib/python3.8/site-packages/airflow/example_dags/example_local_kubernetes_executor.py
[2026-01-21T13:10:05.543+0000] {logging_mixin.py:188} INFO - [2026-01-21T13:10:05.543+0000] {dag.py:3036} INFO - Sync 1 DAGs
[2026-01-21T13:10:05.570+0000] {logging_mixin.py:188} INFO - [2026-01-21T13:10:05.570+0000] {dag.py:3823} INFO - Setting next_dagrun for example_local_kubernetes_executor to None, run_after=None
[2026-01-21T13:10:05.603+0000] {processor.py:183} INFO - Processing /home/airflow/.local/lib/python3.8/site-packages/airflow/example_dags/example_local_kubernetes_executor.py took 0.149 seconds
[2026-01-21T13:10:35.914+0000] {processor.py:161} INFO - Started process (PID=30202) to work on /home/airflow/.local/lib/python3.8/site-packages/airflow/example_dags/example_local_kubernetes_executor.py
[2026-01-21T13:10:35.916+0000] {processor.py:830} INFO - Processing file /home/airflow/.local/lib/python3.8/site-packages/airflow/example_dags/example_local_kubernetes_executor.py for tasks to queue
[2026-01-21T13:10:35.918+0000] {logging_mixin.py:188} INFO - [2026-01-21T13:10:35.918+0000] {dagbag.py:538} INFO - Filling up the DagBag from /home/airflow/.local/lib/python3.8/site-packages/airflow/example_dags/example_local_kubernetes_executor.py
[2026-01-21T13:10:35.928+0000] {processor.py:840} INFO - DAG(s) 'example_local_kubernetes_executor' retrieved from /home/airflow/.local/lib/python3.8/site-packages/airflow/example_dags/example_local_kubernetes_executor.py
[2026-01-21T13:10:35.978+0000] {logging_mixin.py:188} INFO - [2026-01-21T13:10:35.978+0000] {dag.py:3036} INFO - Sync 1 DAGs
[2026-01-21T13:10:35.996+0000] {logging_mixin.py:188} INFO - [2026-01-21T13:10:35.996+0000] {dag.py:3823} INFO - Setting next_dagrun for example_local_kubernetes_executor to None, run_after=None
[2026-01-21T13:10:36.024+0000] {processor.py:183} INFO - Processing /home/airflow/.local/lib/python3.8/site-packages/airflow/example_dags/example_local_kubernetes_executor.py took 0.115 seconds
[2026-01-21T13:11:06.240+0000] {processor.py:161} INFO - Started process (PID=30267) to work on /home/airflow/.local/lib/python3.8/site-packages/airflow/example_dags/example_local_kubernetes_executor.py
[2026-01-21T13:11:06.241+0000] {processor.py:830} INFO - Processing file /home/airflow/.local/lib/python3.8/site-packages/airflow/example_dags/example_local_kubernetes_executor.py for tasks to queue
[2026-01-21T13:11:06.244+0000] {logging_mixin.py:188} INFO - [2026-01-21T13:11:06.243+0000] {dagbag.py:538} INFO - Filling up the DagBag from /home/airflow/.local/lib/python3.8/site-packages/airflow/example_dags/example_local_kubernetes_executor.py
[2026-01-21T13:11:06.254+0000] {processor.py:840} INFO - DAG(s) 'example_local_kubernetes_executor' retrieved from /home/airflow/.local/lib/python3.8/site-packages/airflow/example_dags/example_local_kubernetes_executor.py
[2026-01-21T13:11:06.303+0000] {logging_mixin.py:188} INFO - [2026-01-21T13:11:06.303+0000] {dag.py:3036} INFO - Sync 1 DAGs
[2026-01-21T13:11:06.321+0000] {logging_mixin.py:188} INFO - [2026-01-21T13:11:06.320+0000] {dag.py:3823} INFO - Setting next_dagrun for example_local_kubernetes_executor to None, run_after=None
[2026-01-21T13:11:06.344+0000] {processor.py:183} INFO - Processing /home/airflow/.local/lib/python3.8/site-packages/airflow/example_dags/example_local_kubernetes_executor.py took 0.109 seconds
[2026-01-21T13:11:36.490+0000] {processor.py:161} INFO - Started process (PID=30332) to work on /home/airflow/.local/lib/python3.8/site-packages/airflow/example_dags/example_local_kubernetes_executor.py
[2026-01-21T13:11:36.492+0000] {processor.py:830} INFO - Processing file /home/airflow/.local/lib/python3.8/site-packages/airflow/example_dags/example_local_kubernetes_executor.py for tasks to queue
[2026-01-21T13:11:36.494+0000] {logging_mixin.py:188} INFO - [2026-01-21T13:11:36.494+0000] {dagbag.py:538} INFO - Filling up the DagBag from /home/airflow/.local/lib/python3.8/site-packages/airflow/example_dags/example_local_kubernetes_executor.py
[2026-01-21T13:11:36.504+0000] {processor.py:840} INFO - DAG(s) 'example_local_kubernetes_executor' retrieved from /home/airflow/.local/lib/python3.8/site-packages/airflow/example_dags/example_local_kubernetes_executor.py
[2026-01-21T13:11:36.552+0000] {logging_mixin.py:188} INFO - [2026-01-21T13:11:36.552+0000] {dag.py:3036} INFO - Sync 1 DAGs
[2026-01-21T13:11:36.570+0000] {logging_mixin.py:188} INFO - [2026-01-21T13:11:36.569+0000] {dag.py:3823} INFO - Setting next_dagrun for example_local_kubernetes_executor to None, run_after=None
[2026-01-21T13:11:36.594+0000] {processor.py:183} INFO - Processing /home/airflow/.local/lib/python3.8/site-packages/airflow/example_dags/example_local_kubernetes_executor.py took 0.108 seconds
[2026-01-21T13:12:06.907+0000] {processor.py:161} INFO - Started process (PID=30400) to work on /home/airflow/.local/lib/python3.8/site-packages/airflow/example_dags/example_local_kubernetes_executor.py
[2026-01-21T13:12:06.908+0000] {processor.py:830} INFO - Processing file /home/airflow/.local/lib/python3.8/site-packages/airflow/example_dags/example_local_kubernetes_executor.py for tasks to queue
[2026-01-21T13:12:06.911+0000] {logging_mixin.py:188} INFO - [2026-01-21T13:12:06.910+0000] {dagbag.py:538} INFO - Filling up the DagBag from /home/airflow/.local/lib/python3.8/site-packages/airflow/example_dags/example_local_kubernetes_executor.py
[2026-01-21T13:12:06.921+0000] {processor.py:840} INFO - DAG(s) 'example_local_kubernetes_executor' retrieved from /home/airflow/.local/lib/python3.8/site-packages/airflow/example_dags/example_local_kubernetes_executor.py
[2026-01-21T13:12:06.973+0000] {logging_mixin.py:188} INFO - [2026-01-21T13:12:06.973+0000] {dag.py:3036} INFO - Sync 1 DAGs
[2026-01-21T13:12:06.992+0000] {logging_mixin.py:188} INFO - [2026-01-21T13:12:06.991+0000] {dag.py:3823} INFO - Setting next_dagrun for example_local_kubernetes_executor to None, run_after=None
[2026-01-21T13:12:07.019+0000] {processor.py:183} INFO - Processing /home/airflow/.local/lib/python3.8/site-packages/airflow/example_dags/example_local_kubernetes_executor.py took 0.116 seconds
[2026-01-21T13:12:37.130+0000] {processor.py:161} INFO - Started process (PID=30466) to work on /home/airflow/.local/lib/python3.8/site-packages/airflow/example_dags/example_local_kubernetes_executor.py
[2026-01-21T13:12:37.132+0000] {processor.py:830} INFO - Processing file /home/airflow/.local/lib/python3.8/site-packages/airflow/example_dags/example_local_kubernetes_executor.py for tasks to queue
[2026-01-21T13:12:37.134+0000] {logging_mixin.py:188} INFO - [2026-01-21T13:12:37.134+0000] {dagbag.py:538} INFO - Filling up the DagBag from /home/airflow/.local/lib/python3.8/site-packages/airflow/example_dags/example_local_kubernetes_executor.py
[2026-01-21T13:12:37.144+0000] {processor.py:840} INFO - DAG(s) 'example_local_kubernetes_executor' retrieved from /home/airflow/.local/lib/python3.8/site-packages/airflow/example_dags/example_local_kubernetes_executor.py
[2026-01-21T13:12:37.195+0000] {logging_mixin.py:188} INFO - [2026-01-21T13:12:37.195+0000] {dag.py:3036} INFO - Sync 1 DAGs
[2026-01-21T13:12:37.213+0000] {logging_mixin.py:188} INFO - [2026-01-21T13:12:37.213+0000] {dag.py:3823} INFO - Setting next_dagrun for example_local_kubernetes_executor to None, run_after=None
[2026-01-21T13:12:37.238+0000] {processor.py:183} INFO - Processing /home/airflow/.local/lib/python3.8/site-packages/airflow/example_dags/example_local_kubernetes_executor.py took 0.113 seconds
[2026-01-21T13:13:07.486+0000] {processor.py:161} INFO - Started process (PID=30532) to work on /home/airflow/.local/lib/python3.8/site-packages/airflow/example_dags/example_local_kubernetes_executor.py
[2026-01-21T13:13:07.487+0000] {processor.py:830} INFO - Processing file /home/airflow/.local/lib/python3.8/site-packages/airflow/example_dags/example_local_kubernetes_executor.py for tasks to queue
[2026-01-21T13:13:07.490+0000] {logging_mixin.py:188} INFO - [2026-01-21T13:13:07.490+0000] {dagbag.py:538} INFO - Filling up the DagBag from /home/airflow/.local/lib/python3.8/site-packages/airflow/example_dags/example_local_kubernetes_executor.py
[2026-01-21T13:13:07.504+0000] {processor.py:840} INFO - DAG(s) 'example_local_kubernetes_executor' retrieved from /home/airflow/.local/lib/python3.8/site-packages/airflow/example_dags/example_local_kubernetes_executor.py
[2026-01-21T13:13:07.567+0000] {logging_mixin.py:188} INFO - [2026-01-21T13:13:07.567+0000] {dag.py:3036} INFO - Sync 1 DAGs
[2026-01-21T13:13:07.589+0000] {logging_mixin.py:188} INFO - [2026-01-21T13:13:07.589+0000] {dag.py:3823} INFO - Setting next_dagrun for example_local_kubernetes_executor to None, run_after=None
[2026-01-21T13:13:07.622+0000] {processor.py:183} INFO - Processing /home/airflow/.local/lib/python3.8/site-packages/airflow/example_dags/example_local_kubernetes_executor.py took 0.142 seconds
[2026-01-21T13:13:37.719+0000] {processor.py:161} INFO - Started process (PID=30597) to work on /home/airflow/.local/lib/python3.8/site-packages/airflow/example_dags/example_local_kubernetes_executor.py
[2026-01-21T13:13:37.720+0000] {processor.py:830} INFO - Processing file /home/airflow/.local/lib/python3.8/site-packages/airflow/example_dags/example_local_kubernetes_executor.py for tasks to queue
[2026-01-21T13:13:37.723+0000] {logging_mixin.py:188} INFO - [2026-01-21T13:13:37.723+0000] {dagbag.py:538} INFO - Filling up the DagBag from /home/airflow/.local/lib/python3.8/site-packages/airflow/example_dags/example_local_kubernetes_executor.py
[2026-01-21T13:13:37.734+0000] {processor.py:840} INFO - DAG(s) 'example_local_kubernetes_executor' retrieved from /home/airflow/.local/lib/python3.8/site-packages/airflow/example_dags/example_local_kubernetes_executor.py
[2026-01-21T13:13:37.796+0000] {logging_mixin.py:188} INFO - [2026-01-21T13:13:37.796+0000] {dag.py:3036} INFO - Sync 1 DAGs
[2026-01-21T13:13:37.821+0000] {logging_mixin.py:188} INFO - [2026-01-21T13:13:37.821+0000] {dag.py:3823} INFO - Setting next_dagrun for example_local_kubernetes_executor to None, run_after=None
[2026-01-21T13:13:37.860+0000] {processor.py:183} INFO - Processing /home/airflow/.local/lib/python3.8/site-packages/airflow/example_dags/example_local_kubernetes_executor.py took 0.147 seconds
[2026-01-21T13:14:08.062+0000] {processor.py:161} INFO - Started process (PID=30672) to work on /home/airflow/.local/lib/python3.8/site-packages/airflow/example_dags/example_local_kubernetes_executor.py
[2026-01-21T13:14:08.064+0000] {processor.py:830} INFO - Processing file /home/airflow/.local/lib/python3.8/site-packages/airflow/example_dags/example_local_kubernetes_executor.py for tasks to queue
[2026-01-21T13:14:08.067+0000] {logging_mixin.py:188} INFO - [2026-01-21T13:14:08.066+0000] {dagbag.py:538} INFO - Filling up the DagBag from /home/airflow/.local/lib/python3.8/site-packages/airflow/example_dags/example_local_kubernetes_executor.py
[2026-01-21T13:14:08.079+0000] {processor.py:840} INFO - DAG(s) 'example_local_kubernetes_executor' retrieved from /home/airflow/.local/lib/python3.8/site-packages/airflow/example_dags/example_local_kubernetes_executor.py
[2026-01-21T13:14:08.140+0000] {logging_mixin.py:188} INFO - [2026-01-21T13:14:08.140+0000] {dag.py:3036} INFO - Sync 1 DAGs
[2026-01-21T13:14:08.165+0000] {logging_mixin.py:188} INFO - [2026-01-21T13:14:08.165+0000] {dag.py:3823} INFO - Setting next_dagrun for example_local_kubernetes_executor to None, run_after=None
[2026-01-21T13:14:08.197+0000] {processor.py:183} INFO - Processing /home/airflow/.local/lib/python3.8/site-packages/airflow/example_dags/example_local_kubernetes_executor.py took 0.140 seconds
[2026-01-21T13:14:38.405+0000] {processor.py:161} INFO - Started process (PID=30737) to work on /home/airflow/.local/lib/python3.8/site-packages/airflow/example_dags/example_local_kubernetes_executor.py
[2026-01-21T13:14:38.406+0000] {processor.py:830} INFO - Processing file /home/airflow/.local/lib/python3.8/site-packages/airflow/example_dags/example_local_kubernetes_executor.py for tasks to queue
[2026-01-21T13:14:38.408+0000] {logging_mixin.py:188} INFO - [2026-01-21T13:14:38.408+0000] {dagbag.py:538} INFO - Filling up the DagBag from /home/airflow/.local/lib/python3.8/site-packages/airflow/example_dags/example_local_kubernetes_executor.py
[2026-01-21T13:14:38.418+0000] {processor.py:840} INFO - DAG(s) 'example_local_kubernetes_executor' retrieved from /home/airflow/.local/lib/python3.8/site-packages/airflow/example_dags/example_local_kubernetes_executor.py
[2026-01-21T13:14:38.466+0000] {logging_mixin.py:188} INFO - [2026-01-21T13:14:38.466+0000] {dag.py:3036} INFO - Sync 1 DAGs
[2026-01-21T13:14:38.485+0000] {logging_mixin.py:188} INFO - [2026-01-21T13:14:38.485+0000] {dag.py:3823} INFO - Setting next_dagrun for example_local_kubernetes_executor to None, run_after=None
[2026-01-21T13:14:38.510+0000] {processor.py:183} INFO - Processing /home/airflow/.local/lib/python3.8/site-packages/airflow/example_dags/example_local_kubernetes_executor.py took 0.110 seconds
[2026-01-21T13:15:08.560+0000] {processor.py:161} INFO - Started process (PID=30801) to work on /home/airflow/.local/lib/python3.8/site-packages/airflow/example_dags/example_local_kubernetes_executor.py
[2026-01-21T13:15:08.562+0000] {processor.py:830} INFO - Processing file /home/airflow/.local/lib/python3.8/site-packages/airflow/example_dags/example_local_kubernetes_executor.py for tasks to queue
[2026-01-21T13:15:08.564+0000] {logging_mixin.py:188} INFO - [2026-01-21T13:15:08.563+0000] {dagbag.py:538} INFO - Filling up the DagBag from /home/airflow/.local/lib/python3.8/site-packages/airflow/example_dags/example_local_kubernetes_executor.py
[2026-01-21T13:15:08.574+0000] {processor.py:840} INFO - DAG(s) 'example_local_kubernetes_executor' retrieved from /home/airflow/.local/lib/python3.8/site-packages/airflow/example_dags/example_local_kubernetes_executor.py
[2026-01-21T13:15:08.623+0000] {logging_mixin.py:188} INFO - [2026-01-21T13:15:08.623+0000] {dag.py:3036} INFO - Sync 1 DAGs
[2026-01-21T13:15:08.642+0000] {logging_mixin.py:188} INFO - [2026-01-21T13:15:08.642+0000] {dag.py:3823} INFO - Setting next_dagrun for example_local_kubernetes_executor to None, run_after=None
[2026-01-21T13:15:08.666+0000] {processor.py:183} INFO - Processing /home/airflow/.local/lib/python3.8/site-packages/airflow/example_dags/example_local_kubernetes_executor.py took 0.111 seconds
[2026-01-21T13:15:39.187+0000] {processor.py:161} INFO - Started process (PID=30869) to work on /home/airflow/.local/lib/python3.8/site-packages/airflow/example_dags/example_local_kubernetes_executor.py
[2026-01-21T13:15:39.188+0000] {processor.py:830} INFO - Processing file /home/airflow/.local/lib/python3.8/site-packages/airflow/example_dags/example_local_kubernetes_executor.py for tasks to queue
[2026-01-21T13:15:39.191+0000] {logging_mixin.py:188} INFO - [2026-01-21T13:15:39.191+0000] {dagbag.py:538} INFO - Filling up the DagBag from /home/airflow/.local/lib/python3.8/site-packages/airflow/example_dags/example_local_kubernetes_executor.py
[2026-01-21T13:15:39.205+0000] {processor.py:840} INFO - DAG(s) 'example_local_kubernetes_executor' retrieved from /home/airflow/.local/lib/python3.8/site-packages/airflow/example_dags/example_local_kubernetes_executor.py
[2026-01-21T13:15:39.276+0000] {logging_mixin.py:188} INFO - [2026-01-21T13:15:39.276+0000] {dag.py:3036} INFO - Sync 1 DAGs
[2026-01-21T13:15:39.320+0000] {logging_mixin.py:188} INFO - [2026-01-21T13:15:39.320+0000] {dag.py:3823} INFO - Setting next_dagrun for example_local_kubernetes_executor to None, run_after=None
[2026-01-21T13:15:39.356+0000] {processor.py:183} INFO - Processing /home/airflow/.local/lib/python3.8/site-packages/airflow/example_dags/example_local_kubernetes_executor.py took 0.175 seconds
[2026-01-21T13:16:09.674+0000] {processor.py:161} INFO - Started process (PID=30935) to work on /home/airflow/.local/lib/python3.8/site-packages/airflow/example_dags/example_local_kubernetes_executor.py
[2026-01-21T13:16:09.676+0000] {processor.py:830} INFO - Processing file /home/airflow/.local/lib/python3.8/site-packages/airflow/example_dags/example_local_kubernetes_executor.py for tasks to queue
[2026-01-21T13:16:09.679+0000] {logging_mixin.py:188} INFO - [2026-01-21T13:16:09.678+0000] {dagbag.py:538} INFO - Filling up the DagBag from /home/airflow/.local/lib/python3.8/site-packages/airflow/example_dags/example_local_kubernetes_executor.py
[2026-01-21T13:16:09.692+0000] {processor.py:840} INFO - DAG(s) 'example_local_kubernetes_executor' retrieved from /home/airflow/.local/lib/python3.8/site-packages/airflow/example_dags/example_local_kubernetes_executor.py
[2026-01-21T13:16:09.755+0000] {logging_mixin.py:188} INFO - [2026-01-21T13:16:09.755+0000] {dag.py:3036} INFO - Sync 1 DAGs
[2026-01-21T13:16:09.780+0000] {logging_mixin.py:188} INFO - [2026-01-21T13:16:09.779+0000] {dag.py:3823} INFO - Setting next_dagrun for example_local_kubernetes_executor to None, run_after=None
[2026-01-21T13:16:09.835+0000] {processor.py:183} INFO - Processing /home/airflow/.local/lib/python3.8/site-packages/airflow/example_dags/example_local_kubernetes_executor.py took 0.167 seconds
[2026-01-21T13:16:39.945+0000] {processor.py:161} INFO - Started process (PID=31001) to work on /home/airflow/.local/lib/python3.8/site-packages/airflow/example_dags/example_local_kubernetes_executor.py
[2026-01-21T13:16:39.947+0000] {processor.py:830} INFO - Processing file /home/airflow/.local/lib/python3.8/site-packages/airflow/example_dags/example_local_kubernetes_executor.py for tasks to queue
[2026-01-21T13:16:39.950+0000] {logging_mixin.py:188} INFO - [2026-01-21T13:16:39.949+0000] {dagbag.py:538} INFO - Filling up the DagBag from /home/airflow/.local/lib/python3.8/site-packages/airflow/example_dags/example_local_kubernetes_executor.py
[2026-01-21T13:16:39.963+0000] {processor.py:840} INFO - DAG(s) 'example_local_kubernetes_executor' retrieved from /home/airflow/.local/lib/python3.8/site-packages/airflow/example_dags/example_local_kubernetes_executor.py
[2026-01-21T13:16:40.027+0000] {logging_mixin.py:188} INFO - [2026-01-21T13:16:40.027+0000] {dag.py:3036} INFO - Sync 1 DAGs
[2026-01-21T13:16:40.052+0000] {logging_mixin.py:188} INFO - [2026-01-21T13:16:40.052+0000] {dag.py:3823} INFO - Setting next_dagrun for example_local_kubernetes_executor to None, run_after=None
[2026-01-21T13:16:40.087+0000] {processor.py:183} INFO - Processing /home/airflow/.local/lib/python3.8/site-packages/airflow/example_dags/example_local_kubernetes_executor.py took 0.148 seconds
[2026-01-21T13:17:10.313+0000] {processor.py:161} INFO - Started process (PID=31073) to work on /home/airflow/.local/lib/python3.8/site-packages/airflow/example_dags/example_local_kubernetes_executor.py
[2026-01-21T13:17:10.315+0000] {processor.py:830} INFO - Processing file /home/airflow/.local/lib/python3.8/site-packages/airflow/example_dags/example_local_kubernetes_executor.py for tasks to queue
[2026-01-21T13:17:10.317+0000] {logging_mixin.py:188} INFO - [2026-01-21T13:17:10.317+0000] {dagbag.py:538} INFO - Filling up the DagBag from /home/airflow/.local/lib/python3.8/site-packages/airflow/example_dags/example_local_kubernetes_executor.py
[2026-01-21T13:17:10.330+0000] {processor.py:840} INFO - DAG(s) 'example_local_kubernetes_executor' retrieved from /home/airflow/.local/lib/python3.8/site-packages/airflow/example_dags/example_local_kubernetes_executor.py
[2026-01-21T13:17:10.394+0000] {logging_mixin.py:188} INFO - [2026-01-21T13:17:10.394+0000] {dag.py:3036} INFO - Sync 1 DAGs
[2026-01-21T13:17:10.418+0000] {logging_mixin.py:188} INFO - [2026-01-21T13:17:10.417+0000] {dag.py:3823} INFO - Setting next_dagrun for example_local_kubernetes_executor to None, run_after=None
[2026-01-21T13:17:10.449+0000] {processor.py:183} INFO - Processing /home/airflow/.local/lib/python3.8/site-packages/airflow/example_dags/example_local_kubernetes_executor.py took 0.142 seconds
[2026-01-21T13:17:41.334+0000] {processor.py:161} INFO - Started process (PID=31138) to work on /home/airflow/.local/lib/python3.8/site-packages/airflow/example_dags/example_local_kubernetes_executor.py
[2026-01-21T13:17:41.336+0000] {processor.py:830} INFO - Processing file /home/airflow/.local/lib/python3.8/site-packages/airflow/example_dags/example_local_kubernetes_executor.py for tasks to queue
[2026-01-21T13:17:41.338+0000] {logging_mixin.py:188} INFO - [2026-01-21T13:17:41.338+0000] {dagbag.py:538} INFO - Filling up the DagBag from /home/airflow/.local/lib/python3.8/site-packages/airflow/example_dags/example_local_kubernetes_executor.py
[2026-01-21T13:17:41.348+0000] {processor.py:840} INFO - DAG(s) 'example_local_kubernetes_executor' retrieved from /home/airflow/.local/lib/python3.8/site-packages/airflow/example_dags/example_local_kubernetes_executor.py
[2026-01-21T13:17:41.396+0000] {logging_mixin.py:188} INFO - [2026-01-21T13:17:41.396+0000] {dag.py:3036} INFO - Sync 1 DAGs
[2026-01-21T13:17:41.413+0000] {logging_mixin.py:188} INFO - [2026-01-21T13:17:41.413+0000] {dag.py:3823} INFO - Setting next_dagrun for example_local_kubernetes_executor to None, run_after=None
[2026-01-21T13:17:41.436+0000] {processor.py:183} INFO - Processing /home/airflow/.local/lib/python3.8/site-packages/airflow/example_dags/example_local_kubernetes_executor.py took 0.106 seconds
[2026-01-21T13:18:11.651+0000] {processor.py:161} INFO - Started process (PID=31203) to work on /home/airflow/.local/lib/python3.8/site-packages/airflow/example_dags/example_local_kubernetes_executor.py
[2026-01-21T13:18:11.652+0000] {processor.py:830} INFO - Processing file /home/airflow/.local/lib/python3.8/site-packages/airflow/example_dags/example_local_kubernetes_executor.py for tasks to queue
[2026-01-21T13:18:11.655+0000] {logging_mixin.py:188} INFO - [2026-01-21T13:18:11.655+0000] {dagbag.py:538} INFO - Filling up the DagBag from /home/airflow/.local/lib/python3.8/site-packages/airflow/example_dags/example_local_kubernetes_executor.py
[2026-01-21T13:18:11.668+0000] {processor.py:840} INFO - DAG(s) 'example_local_kubernetes_executor' retrieved from /home/airflow/.local/lib/python3.8/site-packages/airflow/example_dags/example_local_kubernetes_executor.py
[2026-01-21T13:18:11.733+0000] {logging_mixin.py:188} INFO - [2026-01-21T13:18:11.733+0000] {dag.py:3036} INFO - Sync 1 DAGs
[2026-01-21T13:18:11.755+0000] {logging_mixin.py:188} INFO - [2026-01-21T13:18:11.755+0000] {dag.py:3823} INFO - Setting next_dagrun for example_local_kubernetes_executor to None, run_after=None
[2026-01-21T13:18:11.787+0000] {processor.py:183} INFO - Processing /home/airflow/.local/lib/python3.8/site-packages/airflow/example_dags/example_local_kubernetes_executor.py took 0.141 seconds
[2026-01-21T13:18:42.197+0000] {processor.py:161} INFO - Started process (PID=31268) to work on /home/airflow/.local/lib/python3.8/site-packages/airflow/example_dags/example_local_kubernetes_executor.py
[2026-01-21T13:18:42.199+0000] {processor.py:830} INFO - Processing file /home/airflow/.local/lib/python3.8/site-packages/airflow/example_dags/example_local_kubernetes_executor.py for tasks to queue
[2026-01-21T13:18:42.201+0000] {logging_mixin.py:188} INFO - [2026-01-21T13:18:42.201+0000] {dagbag.py:538} INFO - Filling up the DagBag from /home/airflow/.local/lib/python3.8/site-packages/airflow/example_dags/example_local_kubernetes_executor.py
[2026-01-21T13:18:42.214+0000] {processor.py:840} INFO - DAG(s) 'example_local_kubernetes_executor' retrieved from /home/airflow/.local/lib/python3.8/site-packages/airflow/example_dags/example_local_kubernetes_executor.py
[2026-01-21T13:18:42.278+0000] {logging_mixin.py:188} INFO - [2026-01-21T13:18:42.278+0000] {dag.py:3036} INFO - Sync 1 DAGs
[2026-01-21T13:18:42.301+0000] {logging_mixin.py:188} INFO - [2026-01-21T13:18:42.301+0000] {dag.py:3823} INFO - Setting next_dagrun for example_local_kubernetes_executor to None, run_after=None
[2026-01-21T13:18:42.334+0000] {processor.py:183} INFO - Processing /home/airflow/.local/lib/python3.8/site-packages/airflow/example_dags/example_local_kubernetes_executor.py took 0.143 seconds
[2026-01-21T13:19:12.667+0000] {processor.py:161} INFO - Started process (PID=31334) to work on /home/airflow/.local/lib/python3.8/site-packages/airflow/example_dags/example_local_kubernetes_executor.py
[2026-01-21T13:19:12.668+0000] {processor.py:830} INFO - Processing file /home/airflow/.local/lib/python3.8/site-packages/airflow/example_dags/example_local_kubernetes_executor.py for tasks to queue
[2026-01-21T13:19:12.670+0000] {logging_mixin.py:188} INFO - [2026-01-21T13:19:12.670+0000] {dagbag.py:538} INFO - Filling up the DagBag from /home/airflow/.local/lib/python3.8/site-packages/airflow/example_dags/example_local_kubernetes_executor.py
[2026-01-21T13:19:12.681+0000] {processor.py:840} INFO - DAG(s) 'example_local_kubernetes_executor' retrieved from /home/airflow/.local/lib/python3.8/site-packages/airflow/example_dags/example_local_kubernetes_executor.py
[2026-01-21T13:19:12.730+0000] {logging_mixin.py:188} INFO - [2026-01-21T13:19:12.730+0000] {dag.py:3036} INFO - Sync 1 DAGs
[2026-01-21T13:19:12.748+0000] {logging_mixin.py:188} INFO - [2026-01-21T13:19:12.748+0000] {dag.py:3823} INFO - Setting next_dagrun for example_local_kubernetes_executor to None, run_after=None
[2026-01-21T13:19:12.772+0000] {processor.py:183} INFO - Processing /home/airflow/.local/lib/python3.8/site-packages/airflow/example_dags/example_local_kubernetes_executor.py took 0.110 seconds
[2026-01-21T13:19:42.854+0000] {processor.py:161} INFO - Started process (PID=31399) to work on /home/airflow/.local/lib/python3.8/site-packages/airflow/example_dags/example_local_kubernetes_executor.py
[2026-01-21T13:19:42.855+0000] {processor.py:830} INFO - Processing file /home/airflow/.local/lib/python3.8/site-packages/airflow/example_dags/example_local_kubernetes_executor.py for tasks to queue
[2026-01-21T13:19:42.857+0000] {logging_mixin.py:188} INFO - [2026-01-21T13:19:42.857+0000] {dagbag.py:538} INFO - Filling up the DagBag from /home/airflow/.local/lib/python3.8/site-packages/airflow/example_dags/example_local_kubernetes_executor.py
[2026-01-21T13:19:42.867+0000] {processor.py:840} INFO - DAG(s) 'example_local_kubernetes_executor' retrieved from /home/airflow/.local/lib/python3.8/site-packages/airflow/example_dags/example_local_kubernetes_executor.py
[2026-01-21T13:19:42.918+0000] {logging_mixin.py:188} INFO - [2026-01-21T13:19:42.917+0000] {dag.py:3036} INFO - Sync 1 DAGs
[2026-01-21T13:19:42.936+0000] {logging_mixin.py:188} INFO - [2026-01-21T13:19:42.936+0000] {dag.py:3823} INFO - Setting next_dagrun for example_local_kubernetes_executor to None, run_after=None
[2026-01-21T13:19:42.961+0000] {processor.py:183} INFO - Processing /home/airflow/.local/lib/python3.8/site-packages/airflow/example_dags/example_local_kubernetes_executor.py took 0.111 seconds
[2026-01-21T13:20:13.474+0000] {processor.py:161} INFO - Started process (PID=31465) to work on /home/airflow/.local/lib/python3.8/site-packages/airflow/example_dags/example_local_kubernetes_executor.py
[2026-01-21T13:20:13.476+0000] {processor.py:830} INFO - Processing file /home/airflow/.local/lib/python3.8/site-packages/airflow/example_dags/example_local_kubernetes_executor.py for tasks to queue
[2026-01-21T13:20:13.478+0000] {logging_mixin.py:188} INFO - [2026-01-21T13:20:13.478+0000] {dagbag.py:538} INFO - Filling up the DagBag from /home/airflow/.local/lib/python3.8/site-packages/airflow/example_dags/example_local_kubernetes_executor.py
[2026-01-21T13:20:13.489+0000] {processor.py:840} INFO - DAG(s) 'example_local_kubernetes_executor' retrieved from /home/airflow/.local/lib/python3.8/site-packages/airflow/example_dags/example_local_kubernetes_executor.py
[2026-01-21T13:20:13.540+0000] {logging_mixin.py:188} INFO - [2026-01-21T13:20:13.540+0000] {dag.py:3036} INFO - Sync 1 DAGs
[2026-01-21T13:20:13.558+0000] {logging_mixin.py:188} INFO - [2026-01-21T13:20:13.558+0000] {dag.py:3823} INFO - Setting next_dagrun for example_local_kubernetes_executor to None, run_after=None
[2026-01-21T13:20:13.583+0000] {processor.py:183} INFO - Processing /home/airflow/.local/lib/python3.8/site-packages/airflow/example_dags/example_local_kubernetes_executor.py took 0.113 seconds
[2026-01-21T13:20:44.181+0000] {processor.py:161} INFO - Started process (PID=31540) to work on /home/airflow/.local/lib/python3.8/site-packages/airflow/example_dags/example_local_kubernetes_executor.py
[2026-01-21T13:20:44.182+0000] {processor.py:830} INFO - Processing file /home/airflow/.local/lib/python3.8/site-packages/airflow/example_dags/example_local_kubernetes_executor.py for tasks to queue
[2026-01-21T13:20:44.184+0000] {logging_mixin.py:188} INFO - [2026-01-21T13:20:44.183+0000] {dagbag.py:538} INFO - Filling up the DagBag from /home/airflow/.local/lib/python3.8/site-packages/airflow/example_dags/example_local_kubernetes_executor.py
[2026-01-21T13:20:44.194+0000] {processor.py:840} INFO - DAG(s) 'example_local_kubernetes_executor' retrieved from /home/airflow/.local/lib/python3.8/site-packages/airflow/example_dags/example_local_kubernetes_executor.py
[2026-01-21T13:20:44.246+0000] {logging_mixin.py:188} INFO - [2026-01-21T13:20:44.246+0000] {dag.py:3036} INFO - Sync 1 DAGs
[2026-01-21T13:20:44.264+0000] {logging_mixin.py:188} INFO - [2026-01-21T13:20:44.263+0000] {dag.py:3823} INFO - Setting next_dagrun for example_local_kubernetes_executor to None, run_after=None
[2026-01-21T13:20:44.291+0000] {processor.py:183} INFO - Processing /home/airflow/.local/lib/python3.8/site-packages/airflow/example_dags/example_local_kubernetes_executor.py took 0.115 seconds
[2026-01-21T13:21:14.474+0000] {processor.py:161} INFO - Started process (PID=31606) to work on /home/airflow/.local/lib/python3.8/site-packages/airflow/example_dags/example_local_kubernetes_executor.py
[2026-01-21T13:21:14.481+0000] {processor.py:830} INFO - Processing file /home/airflow/.local/lib/python3.8/site-packages/airflow/example_dags/example_local_kubernetes_executor.py for tasks to queue
[2026-01-21T13:21:14.484+0000] {logging_mixin.py:188} INFO - [2026-01-21T13:21:14.483+0000] {dagbag.py:538} INFO - Filling up the DagBag from /home/airflow/.local/lib/python3.8/site-packages/airflow/example_dags/example_local_kubernetes_executor.py
[2026-01-21T13:21:14.517+0000] {processor.py:840} INFO - DAG(s) 'example_local_kubernetes_executor' retrieved from /home/airflow/.local/lib/python3.8/site-packages/airflow/example_dags/example_local_kubernetes_executor.py
[2026-01-21T13:21:14.580+0000] {logging_mixin.py:188} INFO - [2026-01-21T13:21:14.580+0000] {dag.py:3036} INFO - Sync 1 DAGs
[2026-01-21T13:21:14.600+0000] {logging_mixin.py:188} INFO - [2026-01-21T13:21:14.599+0000] {dag.py:3823} INFO - Setting next_dagrun for example_local_kubernetes_executor to None, run_after=None
[2026-01-21T13:21:14.624+0000] {processor.py:183} INFO - Processing /home/airflow/.local/lib/python3.8/site-packages/airflow/example_dags/example_local_kubernetes_executor.py took 0.157 seconds
[2026-01-21T13:21:45.595+0000] {processor.py:161} INFO - Started process (PID=31672) to work on /home/airflow/.local/lib/python3.8/site-packages/airflow/example_dags/example_local_kubernetes_executor.py
[2026-01-21T13:21:45.596+0000] {processor.py:830} INFO - Processing file /home/airflow/.local/lib/python3.8/site-packages/airflow/example_dags/example_local_kubernetes_executor.py for tasks to queue
[2026-01-21T13:21:45.598+0000] {logging_mixin.py:188} INFO - [2026-01-21T13:21:45.598+0000] {dagbag.py:538} INFO - Filling up the DagBag from /home/airflow/.local/lib/python3.8/site-packages/airflow/example_dags/example_local_kubernetes_executor.py
[2026-01-21T13:21:45.608+0000] {processor.py:840} INFO - DAG(s) 'example_local_kubernetes_executor' retrieved from /home/airflow/.local/lib/python3.8/site-packages/airflow/example_dags/example_local_kubernetes_executor.py
[2026-01-21T13:21:45.661+0000] {logging_mixin.py:188} INFO - [2026-01-21T13:21:45.660+0000] {dag.py:3036} INFO - Sync 1 DAGs
[2026-01-21T13:21:45.679+0000] {logging_mixin.py:188} INFO - [2026-01-21T13:21:45.679+0000] {dag.py:3823} INFO - Setting next_dagrun for example_local_kubernetes_executor to None, run_after=None
[2026-01-21T13:21:45.706+0000] {processor.py:183} INFO - Processing /home/airflow/.local/lib/python3.8/site-packages/airflow/example_dags/example_local_kubernetes_executor.py took 0.116 seconds
[2026-01-21T13:22:16.090+0000] {processor.py:161} INFO - Started process (PID=31738) to work on /home/airflow/.local/lib/python3.8/site-packages/airflow/example_dags/example_local_kubernetes_executor.py
[2026-01-21T13:22:16.092+0000] {processor.py:830} INFO - Processing file /home/airflow/.local/lib/python3.8/site-packages/airflow/example_dags/example_local_kubernetes_executor.py for tasks to queue
[2026-01-21T13:22:16.095+0000] {logging_mixin.py:188} INFO - [2026-01-21T13:22:16.095+0000] {dagbag.py:538} INFO - Filling up the DagBag from /home/airflow/.local/lib/python3.8/site-packages/airflow/example_dags/example_local_kubernetes_executor.py
[2026-01-21T13:22:16.124+0000] {processor.py:840} INFO - DAG(s) 'example_local_kubernetes_executor' retrieved from /home/airflow/.local/lib/python3.8/site-packages/airflow/example_dags/example_local_kubernetes_executor.py
[2026-01-21T13:22:16.182+0000] {logging_mixin.py:188} INFO - [2026-01-21T13:22:16.182+0000] {dag.py:3036} INFO - Sync 1 DAGs
[2026-01-21T13:22:16.205+0000] {logging_mixin.py:188} INFO - [2026-01-21T13:22:16.205+0000] {dag.py:3823} INFO - Setting next_dagrun for example_local_kubernetes_executor to None, run_after=None
[2026-01-21T13:22:16.235+0000] {processor.py:183} INFO - Processing /home/airflow/.local/lib/python3.8/site-packages/airflow/example_dags/example_local_kubernetes_executor.py took 0.150 seconds
[2026-01-21T13:22:46.665+0000] {processor.py:161} INFO - Started process (PID=31804) to work on /home/airflow/.local/lib/python3.8/site-packages/airflow/example_dags/example_local_kubernetes_executor.py
[2026-01-21T13:22:46.666+0000] {processor.py:830} INFO - Processing file /home/airflow/.local/lib/python3.8/site-packages/airflow/example_dags/example_local_kubernetes_executor.py for tasks to queue
[2026-01-21T13:22:46.669+0000] {logging_mixin.py:188} INFO - [2026-01-21T13:22:46.668+0000] {dagbag.py:538} INFO - Filling up the DagBag from /home/airflow/.local/lib/python3.8/site-packages/airflow/example_dags/example_local_kubernetes_executor.py
[2026-01-21T13:22:46.679+0000] {processor.py:840} INFO - DAG(s) 'example_local_kubernetes_executor' retrieved from /home/airflow/.local/lib/python3.8/site-packages/airflow/example_dags/example_local_kubernetes_executor.py
[2026-01-21T13:22:46.730+0000] {logging_mixin.py:188} INFO - [2026-01-21T13:22:46.729+0000] {dag.py:3036} INFO - Sync 1 DAGs
[2026-01-21T13:22:46.748+0000] {logging_mixin.py:188} INFO - [2026-01-21T13:22:46.748+0000] {dag.py:3823} INFO - Setting next_dagrun for example_local_kubernetes_executor to None, run_after=None
[2026-01-21T13:22:46.775+0000] {processor.py:183} INFO - Processing /home/airflow/.local/lib/python3.8/site-packages/airflow/example_dags/example_local_kubernetes_executor.py took 0.114 seconds
[2026-01-21T13:23:17.415+0000] {processor.py:161} INFO - Started process (PID=31870) to work on /home/airflow/.local/lib/python3.8/site-packages/airflow/example_dags/example_local_kubernetes_executor.py
[2026-01-21T13:23:17.417+0000] {processor.py:830} INFO - Processing file /home/airflow/.local/lib/python3.8/site-packages/airflow/example_dags/example_local_kubernetes_executor.py for tasks to queue
[2026-01-21T13:23:17.419+0000] {logging_mixin.py:188} INFO - [2026-01-21T13:23:17.419+0000] {dagbag.py:538} INFO - Filling up the DagBag from /home/airflow/.local/lib/python3.8/site-packages/airflow/example_dags/example_local_kubernetes_executor.py
[2026-01-21T13:23:17.430+0000] {processor.py:840} INFO - DAG(s) 'example_local_kubernetes_executor' retrieved from /home/airflow/.local/lib/python3.8/site-packages/airflow/example_dags/example_local_kubernetes_executor.py
[2026-01-21T13:23:17.479+0000] {logging_mixin.py:188} INFO - [2026-01-21T13:23:17.479+0000] {dag.py:3036} INFO - Sync 1 DAGs
[2026-01-21T13:23:17.497+0000] {logging_mixin.py:188} INFO - [2026-01-21T13:23:17.497+0000] {dag.py:3823} INFO - Setting next_dagrun for example_local_kubernetes_executor to None, run_after=None
[2026-01-21T13:23:17.523+0000] {processor.py:183} INFO - Processing /home/airflow/.local/lib/python3.8/site-packages/airflow/example_dags/example_local_kubernetes_executor.py took 0.112 seconds
[2026-01-21T13:23:47.723+0000] {processor.py:161} INFO - Started process (PID=31936) to work on /home/airflow/.local/lib/python3.8/site-packages/airflow/example_dags/example_local_kubernetes_executor.py
[2026-01-21T13:23:47.724+0000] {processor.py:830} INFO - Processing file /home/airflow/.local/lib/python3.8/site-packages/airflow/example_dags/example_local_kubernetes_executor.py for tasks to queue
[2026-01-21T13:23:47.727+0000] {logging_mixin.py:188} INFO - [2026-01-21T13:23:47.727+0000] {dagbag.py:538} INFO - Filling up the DagBag from /home/airflow/.local/lib/python3.8/site-packages/airflow/example_dags/example_local_kubernetes_executor.py
[2026-01-21T13:23:47.737+0000] {processor.py:840} INFO - DAG(s) 'example_local_kubernetes_executor' retrieved from /home/airflow/.local/lib/python3.8/site-packages/airflow/example_dags/example_local_kubernetes_executor.py
[2026-01-21T13:23:47.789+0000] {logging_mixin.py:188} INFO - [2026-01-21T13:23:47.788+0000] {dag.py:3036} INFO - Sync 1 DAGs
[2026-01-21T13:23:47.807+0000] {logging_mixin.py:188} INFO - [2026-01-21T13:23:47.806+0000] {dag.py:3823} INFO - Setting next_dagrun for example_local_kubernetes_executor to None, run_after=None
[2026-01-21T13:23:47.832+0000] {processor.py:183} INFO - Processing /home/airflow/.local/lib/python3.8/site-packages/airflow/example_dags/example_local_kubernetes_executor.py took 0.114 seconds
[2026-01-21T13:24:18.617+0000] {processor.py:161} INFO - Started process (PID=32002) to work on /home/airflow/.local/lib/python3.8/site-packages/airflow/example_dags/example_local_kubernetes_executor.py
[2026-01-21T13:24:18.619+0000] {processor.py:830} INFO - Processing file /home/airflow/.local/lib/python3.8/site-packages/airflow/example_dags/example_local_kubernetes_executor.py for tasks to queue
[2026-01-21T13:24:18.622+0000] {logging_mixin.py:188} INFO - [2026-01-21T13:24:18.622+0000] {dagbag.py:538} INFO - Filling up the DagBag from /home/airflow/.local/lib/python3.8/site-packages/airflow/example_dags/example_local_kubernetes_executor.py
[2026-01-21T13:24:18.635+0000] {processor.py:840} INFO - DAG(s) 'example_local_kubernetes_executor' retrieved from /home/airflow/.local/lib/python3.8/site-packages/airflow/example_dags/example_local_kubernetes_executor.py
[2026-01-21T13:24:18.689+0000] {logging_mixin.py:188} INFO - [2026-01-21T13:24:18.689+0000] {dag.py:3036} INFO - Sync 1 DAGs
[2026-01-21T13:24:18.707+0000] {logging_mixin.py:188} INFO - [2026-01-21T13:24:18.707+0000] {dag.py:3823} INFO - Setting next_dagrun for example_local_kubernetes_executor to None, run_after=None
[2026-01-21T13:24:18.732+0000] {processor.py:183} INFO - Processing /home/airflow/.local/lib/python3.8/site-packages/airflow/example_dags/example_local_kubernetes_executor.py took 0.121 seconds
[2026-01-21T13:24:49.387+0000] {processor.py:161} INFO - Started process (PID=32075) to work on /home/airflow/.local/lib/python3.8/site-packages/airflow/example_dags/example_local_kubernetes_executor.py
[2026-01-21T13:24:49.389+0000] {processor.py:830} INFO - Processing file /home/airflow/.local/lib/python3.8/site-packages/airflow/example_dags/example_local_kubernetes_executor.py for tasks to queue
[2026-01-21T13:24:49.392+0000] {logging_mixin.py:188} INFO - [2026-01-21T13:24:49.391+0000] {dagbag.py:538} INFO - Filling up the DagBag from /home/airflow/.local/lib/python3.8/site-packages/airflow/example_dags/example_local_kubernetes_executor.py
[2026-01-21T13:24:49.407+0000] {processor.py:840} INFO - DAG(s) 'example_local_kubernetes_executor' retrieved from /home/airflow/.local/lib/python3.8/site-packages/airflow/example_dags/example_local_kubernetes_executor.py
[2026-01-21T13:24:49.498+0000] {logging_mixin.py:188} INFO - [2026-01-21T13:24:49.498+0000] {dag.py:3036} INFO - Sync 1 DAGs
[2026-01-21T13:24:49.528+0000] {logging_mixin.py:188} INFO - [2026-01-21T13:24:49.527+0000] {dag.py:3823} INFO - Setting next_dagrun for example_local_kubernetes_executor to None, run_after=None
[2026-01-21T13:24:49.564+0000] {processor.py:183} INFO - Processing /home/airflow/.local/lib/python3.8/site-packages/airflow/example_dags/example_local_kubernetes_executor.py took 0.183 seconds
[2026-01-21T13:25:19.736+0000] {processor.py:161} INFO - Started process (PID=32142) to work on /home/airflow/.local/lib/python3.8/site-packages/airflow/example_dags/example_local_kubernetes_executor.py
[2026-01-21T13:25:19.738+0000] {processor.py:830} INFO - Processing file /home/airflow/.local/lib/python3.8/site-packages/airflow/example_dags/example_local_kubernetes_executor.py for tasks to queue
[2026-01-21T13:25:19.740+0000] {logging_mixin.py:188} INFO - [2026-01-21T13:25:19.740+0000] {dagbag.py:538} INFO - Filling up the DagBag from /home/airflow/.local/lib/python3.8/site-packages/airflow/example_dags/example_local_kubernetes_executor.py
[2026-01-21T13:25:19.751+0000] {processor.py:840} INFO - DAG(s) 'example_local_kubernetes_executor' retrieved from /home/airflow/.local/lib/python3.8/site-packages/airflow/example_dags/example_local_kubernetes_executor.py
[2026-01-21T13:25:19.816+0000] {logging_mixin.py:188} INFO - [2026-01-21T13:25:19.816+0000] {dag.py:3036} INFO - Sync 1 DAGs
[2026-01-21T13:25:19.837+0000] {logging_mixin.py:188} INFO - [2026-01-21T13:25:19.837+0000] {dag.py:3823} INFO - Setting next_dagrun for example_local_kubernetes_executor to None, run_after=None
[2026-01-21T13:25:19.867+0000] {processor.py:183} INFO - Processing /home/airflow/.local/lib/python3.8/site-packages/airflow/example_dags/example_local_kubernetes_executor.py took 0.136 seconds
[2026-01-21T13:25:50.350+0000] {processor.py:161} INFO - Started process (PID=32207) to work on /home/airflow/.local/lib/python3.8/site-packages/airflow/example_dags/example_local_kubernetes_executor.py
[2026-01-21T13:25:50.351+0000] {processor.py:830} INFO - Processing file /home/airflow/.local/lib/python3.8/site-packages/airflow/example_dags/example_local_kubernetes_executor.py for tasks to queue
[2026-01-21T13:25:50.354+0000] {logging_mixin.py:188} INFO - [2026-01-21T13:25:50.353+0000] {dagbag.py:538} INFO - Filling up the DagBag from /home/airflow/.local/lib/python3.8/site-packages/airflow/example_dags/example_local_kubernetes_executor.py
[2026-01-21T13:25:50.364+0000] {processor.py:840} INFO - DAG(s) 'example_local_kubernetes_executor' retrieved from /home/airflow/.local/lib/python3.8/site-packages/airflow/example_dags/example_local_kubernetes_executor.py
[2026-01-21T13:25:50.414+0000] {logging_mixin.py:188} INFO - [2026-01-21T13:25:50.413+0000] {dag.py:3036} INFO - Sync 1 DAGs
[2026-01-21T13:25:50.433+0000] {logging_mixin.py:188} INFO - [2026-01-21T13:25:50.432+0000] {dag.py:3823} INFO - Setting next_dagrun for example_local_kubernetes_executor to None, run_after=None
[2026-01-21T13:25:50.461+0000] {processor.py:183} INFO - Processing /home/airflow/.local/lib/python3.8/site-packages/airflow/example_dags/example_local_kubernetes_executor.py took 0.115 seconds
[2026-01-21T13:26:20.895+0000] {processor.py:161} INFO - Started process (PID=32272) to work on /home/airflow/.local/lib/python3.8/site-packages/airflow/example_dags/example_local_kubernetes_executor.py
[2026-01-21T13:26:20.897+0000] {processor.py:830} INFO - Processing file /home/airflow/.local/lib/python3.8/site-packages/airflow/example_dags/example_local_kubernetes_executor.py for tasks to queue
[2026-01-21T13:26:20.900+0000] {logging_mixin.py:188} INFO - [2026-01-21T13:26:20.900+0000] {dagbag.py:538} INFO - Filling up the DagBag from /home/airflow/.local/lib/python3.8/site-packages/airflow/example_dags/example_local_kubernetes_executor.py
[2026-01-21T13:26:20.913+0000] {processor.py:840} INFO - DAG(s) 'example_local_kubernetes_executor' retrieved from /home/airflow/.local/lib/python3.8/site-packages/airflow/example_dags/example_local_kubernetes_executor.py
[2026-01-21T13:26:20.977+0000] {logging_mixin.py:188} INFO - [2026-01-21T13:26:20.977+0000] {dag.py:3036} INFO - Sync 1 DAGs
[2026-01-21T13:26:21.003+0000] {logging_mixin.py:188} INFO - [2026-01-21T13:26:21.003+0000] {dag.py:3823} INFO - Setting next_dagrun for example_local_kubernetes_executor to None, run_after=None
[2026-01-21T13:26:21.037+0000] {processor.py:183} INFO - Processing /home/airflow/.local/lib/python3.8/site-packages/airflow/example_dags/example_local_kubernetes_executor.py took 0.148 seconds
[2026-01-21T13:26:51.651+0000] {processor.py:161} INFO - Started process (PID=32340) to work on /home/airflow/.local/lib/python3.8/site-packages/airflow/example_dags/example_local_kubernetes_executor.py
[2026-01-21T13:26:51.652+0000] {processor.py:830} INFO - Processing file /home/airflow/.local/lib/python3.8/site-packages/airflow/example_dags/example_local_kubernetes_executor.py for tasks to queue
[2026-01-21T13:26:51.655+0000] {logging_mixin.py:188} INFO - [2026-01-21T13:26:51.654+0000] {dagbag.py:538} INFO - Filling up the DagBag from /home/airflow/.local/lib/python3.8/site-packages/airflow/example_dags/example_local_kubernetes_executor.py
[2026-01-21T13:26:51.668+0000] {processor.py:840} INFO - DAG(s) 'example_local_kubernetes_executor' retrieved from /home/airflow/.local/lib/python3.8/site-packages/airflow/example_dags/example_local_kubernetes_executor.py
[2026-01-21T13:26:51.721+0000] {logging_mixin.py:188} INFO - [2026-01-21T13:26:51.721+0000] {dag.py:3036} INFO - Sync 1 DAGs
[2026-01-21T13:26:51.741+0000] {logging_mixin.py:188} INFO - [2026-01-21T13:26:51.741+0000] {dag.py:3823} INFO - Setting next_dagrun for example_local_kubernetes_executor to None, run_after=None
[2026-01-21T13:26:51.770+0000] {processor.py:183} INFO - Processing /home/airflow/.local/lib/python3.8/site-packages/airflow/example_dags/example_local_kubernetes_executor.py took 0.126 seconds
[2026-01-21T13:27:21.882+0000] {processor.py:161} INFO - Started process (PID=32412) to work on /home/airflow/.local/lib/python3.8/site-packages/airflow/example_dags/example_local_kubernetes_executor.py
[2026-01-21T13:27:21.883+0000] {processor.py:830} INFO - Processing file /home/airflow/.local/lib/python3.8/site-packages/airflow/example_dags/example_local_kubernetes_executor.py for tasks to queue
[2026-01-21T13:27:21.886+0000] {logging_mixin.py:188} INFO - [2026-01-21T13:27:21.886+0000] {dagbag.py:538} INFO - Filling up the DagBag from /home/airflow/.local/lib/python3.8/site-packages/airflow/example_dags/example_local_kubernetes_executor.py
[2026-01-21T13:27:21.899+0000] {processor.py:840} INFO - DAG(s) 'example_local_kubernetes_executor' retrieved from /home/airflow/.local/lib/python3.8/site-packages/airflow/example_dags/example_local_kubernetes_executor.py
[2026-01-21T13:27:21.964+0000] {logging_mixin.py:188} INFO - [2026-01-21T13:27:21.963+0000] {dag.py:3036} INFO - Sync 1 DAGs
[2026-01-21T13:27:21.995+0000] {logging_mixin.py:188} INFO - [2026-01-21T13:27:21.995+0000] {dag.py:3823} INFO - Setting next_dagrun for example_local_kubernetes_executor to None, run_after=None
[2026-01-21T13:27:22.028+0000] {processor.py:183} INFO - Processing /home/airflow/.local/lib/python3.8/site-packages/airflow/example_dags/example_local_kubernetes_executor.py took 0.152 seconds
[2026-01-21T13:27:52.700+0000] {processor.py:161} INFO - Started process (PID=32480) to work on /home/airflow/.local/lib/python3.8/site-packages/airflow/example_dags/example_local_kubernetes_executor.py
[2026-01-21T13:27:52.705+0000] {processor.py:830} INFO - Processing file /home/airflow/.local/lib/python3.8/site-packages/airflow/example_dags/example_local_kubernetes_executor.py for tasks to queue
[2026-01-21T13:27:52.707+0000] {logging_mixin.py:188} INFO - [2026-01-21T13:27:52.707+0000] {dagbag.py:538} INFO - Filling up the DagBag from /home/airflow/.local/lib/python3.8/site-packages/airflow/example_dags/example_local_kubernetes_executor.py
[2026-01-21T13:27:52.720+0000] {processor.py:840} INFO - DAG(s) 'example_local_kubernetes_executor' retrieved from /home/airflow/.local/lib/python3.8/site-packages/airflow/example_dags/example_local_kubernetes_executor.py
[2026-01-21T13:27:52.801+0000] {logging_mixin.py:188} INFO - [2026-01-21T13:27:52.801+0000] {dag.py:3036} INFO - Sync 1 DAGs
[2026-01-21T13:27:52.833+0000] {logging_mixin.py:188} INFO - [2026-01-21T13:27:52.832+0000] {dag.py:3823} INFO - Setting next_dagrun for example_local_kubernetes_executor to None, run_after=None
[2026-01-21T13:27:52.886+0000] {processor.py:183} INFO - Processing /home/airflow/.local/lib/python3.8/site-packages/airflow/example_dags/example_local_kubernetes_executor.py took 0.191 seconds
[2026-01-21T13:28:23.281+0000] {processor.py:161} INFO - Started process (PID=32546) to work on /home/airflow/.local/lib/python3.8/site-packages/airflow/example_dags/example_local_kubernetes_executor.py
[2026-01-21T13:28:23.283+0000] {processor.py:830} INFO - Processing file /home/airflow/.local/lib/python3.8/site-packages/airflow/example_dags/example_local_kubernetes_executor.py for tasks to queue
[2026-01-21T13:28:23.285+0000] {logging_mixin.py:188} INFO - [2026-01-21T13:28:23.285+0000] {dagbag.py:538} INFO - Filling up the DagBag from /home/airflow/.local/lib/python3.8/site-packages/airflow/example_dags/example_local_kubernetes_executor.py
[2026-01-21T13:28:23.297+0000] {processor.py:840} INFO - DAG(s) 'example_local_kubernetes_executor' retrieved from /home/airflow/.local/lib/python3.8/site-packages/airflow/example_dags/example_local_kubernetes_executor.py
[2026-01-21T13:28:23.364+0000] {logging_mixin.py:188} INFO - [2026-01-21T13:28:23.363+0000] {dag.py:3036} INFO - Sync 1 DAGs
[2026-01-21T13:28:23.392+0000] {logging_mixin.py:188} INFO - [2026-01-21T13:28:23.391+0000] {dag.py:3823} INFO - Setting next_dagrun for example_local_kubernetes_executor to None, run_after=None
[2026-01-21T13:28:23.425+0000] {processor.py:183} INFO - Processing /home/airflow/.local/lib/python3.8/site-packages/airflow/example_dags/example_local_kubernetes_executor.py took 0.149 seconds
[2026-01-21T13:28:53.673+0000] {processor.py:161} INFO - Started process (PID=32611) to work on /home/airflow/.local/lib/python3.8/site-packages/airflow/example_dags/example_local_kubernetes_executor.py
[2026-01-21T13:28:53.674+0000] {processor.py:830} INFO - Processing file /home/airflow/.local/lib/python3.8/site-packages/airflow/example_dags/example_local_kubernetes_executor.py for tasks to queue
[2026-01-21T13:28:53.677+0000] {logging_mixin.py:188} INFO - [2026-01-21T13:28:53.676+0000] {dagbag.py:538} INFO - Filling up the DagBag from /home/airflow/.local/lib/python3.8/site-packages/airflow/example_dags/example_local_kubernetes_executor.py
[2026-01-21T13:28:53.689+0000] {processor.py:840} INFO - DAG(s) 'example_local_kubernetes_executor' retrieved from /home/airflow/.local/lib/python3.8/site-packages/airflow/example_dags/example_local_kubernetes_executor.py
[2026-01-21T13:28:53.753+0000] {logging_mixin.py:188} INFO - [2026-01-21T13:28:53.752+0000] {dag.py:3036} INFO - Sync 1 DAGs
[2026-01-21T13:28:53.790+0000] {logging_mixin.py:188} INFO - [2026-01-21T13:28:53.790+0000] {dag.py:3823} INFO - Setting next_dagrun for example_local_kubernetes_executor to None, run_after=None
[2026-01-21T13:28:53.825+0000] {processor.py:183} INFO - Processing /home/airflow/.local/lib/python3.8/site-packages/airflow/example_dags/example_local_kubernetes_executor.py took 0.158 seconds
[2026-01-21T13:29:24.391+0000] {processor.py:161} INFO - Started process (PID=32677) to work on /home/airflow/.local/lib/python3.8/site-packages/airflow/example_dags/example_local_kubernetes_executor.py
[2026-01-21T13:29:24.393+0000] {processor.py:830} INFO - Processing file /home/airflow/.local/lib/python3.8/site-packages/airflow/example_dags/example_local_kubernetes_executor.py for tasks to queue
[2026-01-21T13:29:24.395+0000] {logging_mixin.py:188} INFO - [2026-01-21T13:29:24.395+0000] {dagbag.py:538} INFO - Filling up the DagBag from /home/airflow/.local/lib/python3.8/site-packages/airflow/example_dags/example_local_kubernetes_executor.py
[2026-01-21T13:29:24.405+0000] {processor.py:840} INFO - DAG(s) 'example_local_kubernetes_executor' retrieved from /home/airflow/.local/lib/python3.8/site-packages/airflow/example_dags/example_local_kubernetes_executor.py
[2026-01-21T13:29:24.465+0000] {logging_mixin.py:188} INFO - [2026-01-21T13:29:24.465+0000] {dag.py:3036} INFO - Sync 1 DAGs
[2026-01-21T13:29:24.484+0000] {logging_mixin.py:188} INFO - [2026-01-21T13:29:24.483+0000] {dag.py:3823} INFO - Setting next_dagrun for example_local_kubernetes_executor to None, run_after=None
[2026-01-21T13:29:24.510+0000] {processor.py:183} INFO - Processing /home/airflow/.local/lib/python3.8/site-packages/airflow/example_dags/example_local_kubernetes_executor.py took 0.124 seconds
[2026-01-21T13:29:54.788+0000] {processor.py:161} INFO - Started process (PID=32743) to work on /home/airflow/.local/lib/python3.8/site-packages/airflow/example_dags/example_local_kubernetes_executor.py
[2026-01-21T13:29:54.789+0000] {processor.py:830} INFO - Processing file /home/airflow/.local/lib/python3.8/site-packages/airflow/example_dags/example_local_kubernetes_executor.py for tasks to queue
[2026-01-21T13:29:54.791+0000] {logging_mixin.py:188} INFO - [2026-01-21T13:29:54.791+0000] {dagbag.py:538} INFO - Filling up the DagBag from /home/airflow/.local/lib/python3.8/site-packages/airflow/example_dags/example_local_kubernetes_executor.py
[2026-01-21T13:29:54.802+0000] {processor.py:840} INFO - DAG(s) 'example_local_kubernetes_executor' retrieved from /home/airflow/.local/lib/python3.8/site-packages/airflow/example_dags/example_local_kubernetes_executor.py
[2026-01-21T13:29:54.853+0000] {logging_mixin.py:188} INFO - [2026-01-21T13:29:54.853+0000] {dag.py:3036} INFO - Sync 1 DAGs
[2026-01-21T13:29:54.871+0000] {logging_mixin.py:188} INFO - [2026-01-21T13:29:54.871+0000] {dag.py:3823} INFO - Setting next_dagrun for example_local_kubernetes_executor to None, run_after=None
[2026-01-21T13:29:54.897+0000] {processor.py:183} INFO - Processing /home/airflow/.local/lib/python3.8/site-packages/airflow/example_dags/example_local_kubernetes_executor.py took 0.114 seconds
[2026-01-21T13:30:25.142+0000] {processor.py:161} INFO - Started process (PID=32809) to work on /home/airflow/.local/lib/python3.8/site-packages/airflow/example_dags/example_local_kubernetes_executor.py
[2026-01-21T13:30:25.143+0000] {processor.py:830} INFO - Processing file /home/airflow/.local/lib/python3.8/site-packages/airflow/example_dags/example_local_kubernetes_executor.py for tasks to queue
[2026-01-21T13:30:25.145+0000] {logging_mixin.py:188} INFO - [2026-01-21T13:30:25.145+0000] {dagbag.py:538} INFO - Filling up the DagBag from /home/airflow/.local/lib/python3.8/site-packages/airflow/example_dags/example_local_kubernetes_executor.py
[2026-01-21T13:30:25.167+0000] {processor.py:840} INFO - DAG(s) 'example_local_kubernetes_executor' retrieved from /home/airflow/.local/lib/python3.8/site-packages/airflow/example_dags/example_local_kubernetes_executor.py
[2026-01-21T13:30:25.219+0000] {logging_mixin.py:188} INFO - [2026-01-21T13:30:25.219+0000] {dag.py:3036} INFO - Sync 1 DAGs
[2026-01-21T13:30:25.237+0000] {logging_mixin.py:188} INFO - [2026-01-21T13:30:25.237+0000] {dag.py:3823} INFO - Setting next_dagrun for example_local_kubernetes_executor to None, run_after=None
[2026-01-21T13:30:25.264+0000] {processor.py:183} INFO - Processing /home/airflow/.local/lib/python3.8/site-packages/airflow/example_dags/example_local_kubernetes_executor.py took 0.127 seconds
[2026-01-21T13:30:55.605+0000] {processor.py:161} INFO - Started process (PID=32883) to work on /home/airflow/.local/lib/python3.8/site-packages/airflow/example_dags/example_local_kubernetes_executor.py
[2026-01-21T13:30:55.608+0000] {processor.py:830} INFO - Processing file /home/airflow/.local/lib/python3.8/site-packages/airflow/example_dags/example_local_kubernetes_executor.py for tasks to queue
[2026-01-21T13:30:55.612+0000] {logging_mixin.py:188} INFO - [2026-01-21T13:30:55.612+0000] {dagbag.py:538} INFO - Filling up the DagBag from /home/airflow/.local/lib/python3.8/site-packages/airflow/example_dags/example_local_kubernetes_executor.py
[2026-01-21T13:30:55.626+0000] {processor.py:840} INFO - DAG(s) 'example_local_kubernetes_executor' retrieved from /home/airflow/.local/lib/python3.8/site-packages/airflow/example_dags/example_local_kubernetes_executor.py
[2026-01-21T13:30:55.691+0000] {logging_mixin.py:188} INFO - [2026-01-21T13:30:55.690+0000] {dag.py:3036} INFO - Sync 1 DAGs
[2026-01-21T13:30:55.713+0000] {logging_mixin.py:188} INFO - [2026-01-21T13:30:55.713+0000] {dag.py:3823} INFO - Setting next_dagrun for example_local_kubernetes_executor to None, run_after=None
[2026-01-21T13:30:55.736+0000] {processor.py:183} INFO - Processing /home/airflow/.local/lib/python3.8/site-packages/airflow/example_dags/example_local_kubernetes_executor.py took 0.137 seconds
[2026-01-21T13:31:25.942+0000] {processor.py:161} INFO - Started process (PID=32950) to work on /home/airflow/.local/lib/python3.8/site-packages/airflow/example_dags/example_local_kubernetes_executor.py
[2026-01-21T13:31:25.944+0000] {processor.py:830} INFO - Processing file /home/airflow/.local/lib/python3.8/site-packages/airflow/example_dags/example_local_kubernetes_executor.py for tasks to queue
[2026-01-21T13:31:25.947+0000] {logging_mixin.py:188} INFO - [2026-01-21T13:31:25.946+0000] {dagbag.py:538} INFO - Filling up the DagBag from /home/airflow/.local/lib/python3.8/site-packages/airflow/example_dags/example_local_kubernetes_executor.py
[2026-01-21T13:31:25.959+0000] {processor.py:840} INFO - DAG(s) 'example_local_kubernetes_executor' retrieved from /home/airflow/.local/lib/python3.8/site-packages/airflow/example_dags/example_local_kubernetes_executor.py
[2026-01-21T13:31:26.033+0000] {logging_mixin.py:188} INFO - [2026-01-21T13:31:26.032+0000] {dag.py:3036} INFO - Sync 1 DAGs
[2026-01-21T13:31:26.068+0000] {logging_mixin.py:188} INFO - [2026-01-21T13:31:26.067+0000] {dag.py:3823} INFO - Setting next_dagrun for example_local_kubernetes_executor to None, run_after=None
[2026-01-21T13:31:26.111+0000] {processor.py:183} INFO - Processing /home/airflow/.local/lib/python3.8/site-packages/airflow/example_dags/example_local_kubernetes_executor.py took 0.175 seconds
[2026-01-21T13:31:57.020+0000] {processor.py:161} INFO - Started process (PID=33016) to work on /home/airflow/.local/lib/python3.8/site-packages/airflow/example_dags/example_local_kubernetes_executor.py
[2026-01-21T13:31:57.022+0000] {processor.py:830} INFO - Processing file /home/airflow/.local/lib/python3.8/site-packages/airflow/example_dags/example_local_kubernetes_executor.py for tasks to queue
[2026-01-21T13:31:57.024+0000] {logging_mixin.py:188} INFO - [2026-01-21T13:31:57.024+0000] {dagbag.py:538} INFO - Filling up the DagBag from /home/airflow/.local/lib/python3.8/site-packages/airflow/example_dags/example_local_kubernetes_executor.py
[2026-01-21T13:31:57.035+0000] {processor.py:840} INFO - DAG(s) 'example_local_kubernetes_executor' retrieved from /home/airflow/.local/lib/python3.8/site-packages/airflow/example_dags/example_local_kubernetes_executor.py
[2026-01-21T13:31:57.095+0000] {logging_mixin.py:188} INFO - [2026-01-21T13:31:57.094+0000] {dag.py:3036} INFO - Sync 1 DAGs
[2026-01-21T13:31:57.117+0000] {logging_mixin.py:188} INFO - [2026-01-21T13:31:57.117+0000] {dag.py:3823} INFO - Setting next_dagrun for example_local_kubernetes_executor to None, run_after=None
[2026-01-21T13:31:57.148+0000] {processor.py:183} INFO - Processing /home/airflow/.local/lib/python3.8/site-packages/airflow/example_dags/example_local_kubernetes_executor.py took 0.133 seconds
[2026-01-21T13:32:27.235+0000] {processor.py:161} INFO - Started process (PID=33082) to work on /home/airflow/.local/lib/python3.8/site-packages/airflow/example_dags/example_local_kubernetes_executor.py
[2026-01-21T13:32:27.236+0000] {processor.py:830} INFO - Processing file /home/airflow/.local/lib/python3.8/site-packages/airflow/example_dags/example_local_kubernetes_executor.py for tasks to queue
[2026-01-21T13:32:27.239+0000] {logging_mixin.py:188} INFO - [2026-01-21T13:32:27.238+0000] {dagbag.py:538} INFO - Filling up the DagBag from /home/airflow/.local/lib/python3.8/site-packages/airflow/example_dags/example_local_kubernetes_executor.py
[2026-01-21T13:32:27.250+0000] {processor.py:840} INFO - DAG(s) 'example_local_kubernetes_executor' retrieved from /home/airflow/.local/lib/python3.8/site-packages/airflow/example_dags/example_local_kubernetes_executor.py
[2026-01-21T13:32:27.310+0000] {logging_mixin.py:188} INFO - [2026-01-21T13:32:27.309+0000] {dag.py:3036} INFO - Sync 1 DAGs
[2026-01-21T13:32:27.332+0000] {logging_mixin.py:188} INFO - [2026-01-21T13:32:27.331+0000] {dag.py:3823} INFO - Setting next_dagrun for example_local_kubernetes_executor to None, run_after=None
[2026-01-21T13:32:27.358+0000] {processor.py:183} INFO - Processing /home/airflow/.local/lib/python3.8/site-packages/airflow/example_dags/example_local_kubernetes_executor.py took 0.128 seconds
[2026-01-21T13:32:57.832+0000] {processor.py:161} INFO - Started process (PID=33148) to work on /home/airflow/.local/lib/python3.8/site-packages/airflow/example_dags/example_local_kubernetes_executor.py
[2026-01-21T13:32:57.833+0000] {processor.py:830} INFO - Processing file /home/airflow/.local/lib/python3.8/site-packages/airflow/example_dags/example_local_kubernetes_executor.py for tasks to queue
[2026-01-21T13:32:57.836+0000] {logging_mixin.py:188} INFO - [2026-01-21T13:32:57.836+0000] {dagbag.py:538} INFO - Filling up the DagBag from /home/airflow/.local/lib/python3.8/site-packages/airflow/example_dags/example_local_kubernetes_executor.py
[2026-01-21T13:32:57.846+0000] {processor.py:840} INFO - DAG(s) 'example_local_kubernetes_executor' retrieved from /home/airflow/.local/lib/python3.8/site-packages/airflow/example_dags/example_local_kubernetes_executor.py
[2026-01-21T13:32:57.900+0000] {logging_mixin.py:188} INFO - [2026-01-21T13:32:57.900+0000] {dag.py:3036} INFO - Sync 1 DAGs
[2026-01-21T13:32:57.917+0000] {logging_mixin.py:188} INFO - [2026-01-21T13:32:57.917+0000] {dag.py:3823} INFO - Setting next_dagrun for example_local_kubernetes_executor to None, run_after=None
[2026-01-21T13:32:57.941+0000] {processor.py:183} INFO - Processing /home/airflow/.local/lib/python3.8/site-packages/airflow/example_dags/example_local_kubernetes_executor.py took 0.114 seconds
[2026-01-21T13:33:28.528+0000] {processor.py:161} INFO - Started process (PID=33215) to work on /home/airflow/.local/lib/python3.8/site-packages/airflow/example_dags/example_local_kubernetes_executor.py
[2026-01-21T13:33:28.529+0000] {processor.py:830} INFO - Processing file /home/airflow/.local/lib/python3.8/site-packages/airflow/example_dags/example_local_kubernetes_executor.py for tasks to queue
[2026-01-21T13:33:28.531+0000] {logging_mixin.py:188} INFO - [2026-01-21T13:33:28.531+0000] {dagbag.py:538} INFO - Filling up the DagBag from /home/airflow/.local/lib/python3.8/site-packages/airflow/example_dags/example_local_kubernetes_executor.py
[2026-01-21T13:33:28.541+0000] {processor.py:840} INFO - DAG(s) 'example_local_kubernetes_executor' retrieved from /home/airflow/.local/lib/python3.8/site-packages/airflow/example_dags/example_local_kubernetes_executor.py
[2026-01-21T13:33:28.594+0000] {logging_mixin.py:188} INFO - [2026-01-21T13:33:28.594+0000] {dag.py:3036} INFO - Sync 1 DAGs
[2026-01-21T13:33:28.613+0000] {logging_mixin.py:188} INFO - [2026-01-21T13:33:28.613+0000] {dag.py:3823} INFO - Setting next_dagrun for example_local_kubernetes_executor to None, run_after=None
[2026-01-21T13:33:28.640+0000] {processor.py:183} INFO - Processing /home/airflow/.local/lib/python3.8/site-packages/airflow/example_dags/example_local_kubernetes_executor.py took 0.116 seconds
[2026-01-21T13:33:59.188+0000] {processor.py:161} INFO - Started process (PID=33280) to work on /home/airflow/.local/lib/python3.8/site-packages/airflow/example_dags/example_local_kubernetes_executor.py
[2026-01-21T13:33:59.189+0000] {processor.py:830} INFO - Processing file /home/airflow/.local/lib/python3.8/site-packages/airflow/example_dags/example_local_kubernetes_executor.py for tasks to queue
[2026-01-21T13:33:59.192+0000] {logging_mixin.py:188} INFO - [2026-01-21T13:33:59.191+0000] {dagbag.py:538} INFO - Filling up the DagBag from /home/airflow/.local/lib/python3.8/site-packages/airflow/example_dags/example_local_kubernetes_executor.py
[2026-01-21T13:33:59.202+0000] {processor.py:840} INFO - DAG(s) 'example_local_kubernetes_executor' retrieved from /home/airflow/.local/lib/python3.8/site-packages/airflow/example_dags/example_local_kubernetes_executor.py
[2026-01-21T13:33:59.251+0000] {logging_mixin.py:188} INFO - [2026-01-21T13:33:59.251+0000] {dag.py:3036} INFO - Sync 1 DAGs
[2026-01-21T13:33:59.270+0000] {logging_mixin.py:188} INFO - [2026-01-21T13:33:59.270+0000] {dag.py:3823} INFO - Setting next_dagrun for example_local_kubernetes_executor to None, run_after=None
[2026-01-21T13:33:59.294+0000] {processor.py:183} INFO - Processing /home/airflow/.local/lib/python3.8/site-packages/airflow/example_dags/example_local_kubernetes_executor.py took 0.110 seconds
[2026-01-21T13:34:29.477+0000] {processor.py:161} INFO - Started process (PID=33354) to work on /home/airflow/.local/lib/python3.8/site-packages/airflow/example_dags/example_local_kubernetes_executor.py
[2026-01-21T13:34:29.479+0000] {processor.py:830} INFO - Processing file /home/airflow/.local/lib/python3.8/site-packages/airflow/example_dags/example_local_kubernetes_executor.py for tasks to queue
[2026-01-21T13:34:29.482+0000] {logging_mixin.py:188} INFO - [2026-01-21T13:34:29.481+0000] {dagbag.py:538} INFO - Filling up the DagBag from /home/airflow/.local/lib/python3.8/site-packages/airflow/example_dags/example_local_kubernetes_executor.py
[2026-01-21T13:34:29.495+0000] {processor.py:840} INFO - DAG(s) 'example_local_kubernetes_executor' retrieved from /home/airflow/.local/lib/python3.8/site-packages/airflow/example_dags/example_local_kubernetes_executor.py
[2026-01-21T13:34:29.562+0000] {logging_mixin.py:188} INFO - [2026-01-21T13:34:29.561+0000] {dag.py:3036} INFO - Sync 1 DAGs
[2026-01-21T13:34:29.596+0000] {logging_mixin.py:188} INFO - [2026-01-21T13:34:29.595+0000] {dag.py:3823} INFO - Setting next_dagrun for example_local_kubernetes_executor to None, run_after=None
[2026-01-21T13:34:29.632+0000] {processor.py:183} INFO - Processing /home/airflow/.local/lib/python3.8/site-packages/airflow/example_dags/example_local_kubernetes_executor.py took 0.161 seconds
[2026-01-21T13:35:00.471+0000] {processor.py:161} INFO - Started process (PID=33420) to work on /home/airflow/.local/lib/python3.8/site-packages/airflow/example_dags/example_local_kubernetes_executor.py
[2026-01-21T13:35:00.473+0000] {processor.py:830} INFO - Processing file /home/airflow/.local/lib/python3.8/site-packages/airflow/example_dags/example_local_kubernetes_executor.py for tasks to queue
[2026-01-21T13:35:00.476+0000] {logging_mixin.py:188} INFO - [2026-01-21T13:35:00.475+0000] {dagbag.py:538} INFO - Filling up the DagBag from /home/airflow/.local/lib/python3.8/site-packages/airflow/example_dags/example_local_kubernetes_executor.py
[2026-01-21T13:35:00.489+0000] {processor.py:840} INFO - DAG(s) 'example_local_kubernetes_executor' retrieved from /home/airflow/.local/lib/python3.8/site-packages/airflow/example_dags/example_local_kubernetes_executor.py
[2026-01-21T13:35:00.554+0000] {logging_mixin.py:188} INFO - [2026-01-21T13:35:00.553+0000] {dag.py:3036} INFO - Sync 1 DAGs
[2026-01-21T13:35:00.578+0000] {logging_mixin.py:188} INFO - [2026-01-21T13:35:00.577+0000] {dag.py:3823} INFO - Setting next_dagrun for example_local_kubernetes_executor to None, run_after=None
[2026-01-21T13:35:00.613+0000] {processor.py:183} INFO - Processing /home/airflow/.local/lib/python3.8/site-packages/airflow/example_dags/example_local_kubernetes_executor.py took 0.148 seconds
[2026-01-21T13:35:30.769+0000] {processor.py:161} INFO - Started process (PID=33486) to work on /home/airflow/.local/lib/python3.8/site-packages/airflow/example_dags/example_local_kubernetes_executor.py
[2026-01-21T13:35:30.770+0000] {processor.py:830} INFO - Processing file /home/airflow/.local/lib/python3.8/site-packages/airflow/example_dags/example_local_kubernetes_executor.py for tasks to queue
[2026-01-21T13:35:30.772+0000] {logging_mixin.py:188} INFO - [2026-01-21T13:35:30.772+0000] {dagbag.py:538} INFO - Filling up the DagBag from /home/airflow/.local/lib/python3.8/site-packages/airflow/example_dags/example_local_kubernetes_executor.py
[2026-01-21T13:35:30.783+0000] {processor.py:840} INFO - DAG(s) 'example_local_kubernetes_executor' retrieved from /home/airflow/.local/lib/python3.8/site-packages/airflow/example_dags/example_local_kubernetes_executor.py
[2026-01-21T13:35:30.845+0000] {logging_mixin.py:188} INFO - [2026-01-21T13:35:30.845+0000] {dag.py:3036} INFO - Sync 1 DAGs
[2026-01-21T13:35:30.867+0000] {logging_mixin.py:188} INFO - [2026-01-21T13:35:30.867+0000] {dag.py:3823} INFO - Setting next_dagrun for example_local_kubernetes_executor to None, run_after=None
[2026-01-21T13:35:30.900+0000] {processor.py:183} INFO - Processing /home/airflow/.local/lib/python3.8/site-packages/airflow/example_dags/example_local_kubernetes_executor.py took 0.136 seconds
[2026-01-21T13:36:01.082+0000] {processor.py:161} INFO - Started process (PID=33552) to work on /home/airflow/.local/lib/python3.8/site-packages/airflow/example_dags/example_local_kubernetes_executor.py
[2026-01-21T13:36:01.083+0000] {processor.py:830} INFO - Processing file /home/airflow/.local/lib/python3.8/site-packages/airflow/example_dags/example_local_kubernetes_executor.py for tasks to queue
[2026-01-21T13:36:01.087+0000] {logging_mixin.py:188} INFO - [2026-01-21T13:36:01.086+0000] {dagbag.py:538} INFO - Filling up the DagBag from /home/airflow/.local/lib/python3.8/site-packages/airflow/example_dags/example_local_kubernetes_executor.py
[2026-01-21T13:36:01.099+0000] {processor.py:840} INFO - DAG(s) 'example_local_kubernetes_executor' retrieved from /home/airflow/.local/lib/python3.8/site-packages/airflow/example_dags/example_local_kubernetes_executor.py
[2026-01-21T13:36:01.158+0000] {logging_mixin.py:188} INFO - [2026-01-21T13:36:01.158+0000] {dag.py:3036} INFO - Sync 1 DAGs
[2026-01-21T13:36:01.176+0000] {logging_mixin.py:188} INFO - [2026-01-21T13:36:01.176+0000] {dag.py:3823} INFO - Setting next_dagrun for example_local_kubernetes_executor to None, run_after=None
[2026-01-21T13:36:01.203+0000] {processor.py:183} INFO - Processing /home/airflow/.local/lib/python3.8/site-packages/airflow/example_dags/example_local_kubernetes_executor.py took 0.129 seconds
