[2026-02-14T19:54:56.824+0000] {processor.py:161} INFO - Started process (PID=78) to work on /home/airflow/.local/lib/python3.8/site-packages/airflow/example_dags/tutorial_objectstorage.py
[2026-02-14T19:54:56.825+0000] {processor.py:830} INFO - Processing file /home/airflow/.local/lib/python3.8/site-packages/airflow/example_dags/tutorial_objectstorage.py for tasks to queue
[2026-02-14T19:54:56.830+0000] {logging_mixin.py:188} INFO - [2026-02-14T19:54:56.829+0000] {dagbag.py:538} INFO - Filling up the DagBag from /home/airflow/.local/lib/python3.8/site-packages/airflow/example_dags/tutorial_objectstorage.py
[2026-02-14T19:54:56.843+0000] {processor.py:840} INFO - DAG(s) 'tutorial_objectstorage' retrieved from /home/airflow/.local/lib/python3.8/site-packages/airflow/example_dags/tutorial_objectstorage.py
[2026-02-14T19:54:56.889+0000] {logging_mixin.py:188} INFO - [2026-02-14T19:54:56.888+0000] {dag.py:3036} INFO - Sync 1 DAGs
[2026-02-14T19:54:56.920+0000] {logging_mixin.py:188} INFO - [2026-02-14T19:54:56.919+0000] {dag.py:3823} INFO - Setting next_dagrun for tutorial_objectstorage to None, run_after=None
[2026-02-14T19:54:56.959+0000] {processor.py:183} INFO - Processing /home/airflow/.local/lib/python3.8/site-packages/airflow/example_dags/tutorial_objectstorage.py took 0.142 seconds
[2026-02-14T19:55:27.534+0000] {processor.py:161} INFO - Started process (PID=161) to work on /home/airflow/.local/lib/python3.8/site-packages/airflow/example_dags/tutorial_objectstorage.py
[2026-02-14T19:55:27.535+0000] {processor.py:830} INFO - Processing file /home/airflow/.local/lib/python3.8/site-packages/airflow/example_dags/tutorial_objectstorage.py for tasks to queue
[2026-02-14T19:55:27.538+0000] {logging_mixin.py:188} INFO - [2026-02-14T19:55:27.537+0000] {dagbag.py:538} INFO - Filling up the DagBag from /home/airflow/.local/lib/python3.8/site-packages/airflow/example_dags/tutorial_objectstorage.py
[2026-02-14T19:55:27.547+0000] {processor.py:840} INFO - DAG(s) 'tutorial_objectstorage' retrieved from /home/airflow/.local/lib/python3.8/site-packages/airflow/example_dags/tutorial_objectstorage.py
[2026-02-14T19:55:27.575+0000] {logging_mixin.py:188} INFO - [2026-02-14T19:55:27.575+0000] {dag.py:3036} INFO - Sync 1 DAGs
[2026-02-14T19:55:27.594+0000] {logging_mixin.py:188} INFO - [2026-02-14T19:55:27.593+0000] {dag.py:3823} INFO - Setting next_dagrun for tutorial_objectstorage to None, run_after=None
[2026-02-14T19:55:27.621+0000] {processor.py:183} INFO - Processing /home/airflow/.local/lib/python3.8/site-packages/airflow/example_dags/tutorial_objectstorage.py took 0.091 seconds
[2026-02-14T19:55:57.866+0000] {processor.py:161} INFO - Started process (PID=245) to work on /home/airflow/.local/lib/python3.8/site-packages/airflow/example_dags/tutorial_objectstorage.py
[2026-02-14T19:55:57.868+0000] {processor.py:830} INFO - Processing file /home/airflow/.local/lib/python3.8/site-packages/airflow/example_dags/tutorial_objectstorage.py for tasks to queue
[2026-02-14T19:55:57.871+0000] {logging_mixin.py:188} INFO - [2026-02-14T19:55:57.870+0000] {dagbag.py:538} INFO - Filling up the DagBag from /home/airflow/.local/lib/python3.8/site-packages/airflow/example_dags/tutorial_objectstorage.py
[2026-02-14T19:55:57.880+0000] {processor.py:840} INFO - DAG(s) 'tutorial_objectstorage' retrieved from /home/airflow/.local/lib/python3.8/site-packages/airflow/example_dags/tutorial_objectstorage.py
[2026-02-14T19:55:57.912+0000] {logging_mixin.py:188} INFO - [2026-02-14T19:55:57.912+0000] {dag.py:3036} INFO - Sync 1 DAGs
[2026-02-14T19:55:57.932+0000] {logging_mixin.py:188} INFO - [2026-02-14T19:55:57.931+0000] {dag.py:3823} INFO - Setting next_dagrun for tutorial_objectstorage to None, run_after=None
[2026-02-14T19:55:57.969+0000] {processor.py:183} INFO - Processing /home/airflow/.local/lib/python3.8/site-packages/airflow/example_dags/tutorial_objectstorage.py took 0.108 seconds
[2026-02-14T19:56:28.117+0000] {processor.py:161} INFO - Started process (PID=328) to work on /home/airflow/.local/lib/python3.8/site-packages/airflow/example_dags/tutorial_objectstorage.py
[2026-02-14T19:56:28.119+0000] {processor.py:830} INFO - Processing file /home/airflow/.local/lib/python3.8/site-packages/airflow/example_dags/tutorial_objectstorage.py for tasks to queue
[2026-02-14T19:56:28.121+0000] {logging_mixin.py:188} INFO - [2026-02-14T19:56:28.121+0000] {dagbag.py:538} INFO - Filling up the DagBag from /home/airflow/.local/lib/python3.8/site-packages/airflow/example_dags/tutorial_objectstorage.py
[2026-02-14T19:56:28.131+0000] {processor.py:840} INFO - DAG(s) 'tutorial_objectstorage' retrieved from /home/airflow/.local/lib/python3.8/site-packages/airflow/example_dags/tutorial_objectstorage.py
[2026-02-14T19:56:28.163+0000] {logging_mixin.py:188} INFO - [2026-02-14T19:56:28.163+0000] {dag.py:3036} INFO - Sync 1 DAGs
[2026-02-14T19:56:28.183+0000] {logging_mixin.py:188} INFO - [2026-02-14T19:56:28.182+0000] {dag.py:3823} INFO - Setting next_dagrun for tutorial_objectstorage to None, run_after=None
[2026-02-14T19:56:28.213+0000] {processor.py:183} INFO - Processing /home/airflow/.local/lib/python3.8/site-packages/airflow/example_dags/tutorial_objectstorage.py took 0.100 seconds
[2026-02-14T19:56:58.561+0000] {processor.py:161} INFO - Started process (PID=411) to work on /home/airflow/.local/lib/python3.8/site-packages/airflow/example_dags/tutorial_objectstorage.py
[2026-02-14T19:56:58.563+0000] {processor.py:830} INFO - Processing file /home/airflow/.local/lib/python3.8/site-packages/airflow/example_dags/tutorial_objectstorage.py for tasks to queue
[2026-02-14T19:56:58.565+0000] {logging_mixin.py:188} INFO - [2026-02-14T19:56:58.565+0000] {dagbag.py:538} INFO - Filling up the DagBag from /home/airflow/.local/lib/python3.8/site-packages/airflow/example_dags/tutorial_objectstorage.py
[2026-02-14T19:56:58.575+0000] {processor.py:840} INFO - DAG(s) 'tutorial_objectstorage' retrieved from /home/airflow/.local/lib/python3.8/site-packages/airflow/example_dags/tutorial_objectstorage.py
[2026-02-14T19:56:58.609+0000] {logging_mixin.py:188} INFO - [2026-02-14T19:56:58.608+0000] {dag.py:3036} INFO - Sync 1 DAGs
[2026-02-14T19:56:58.633+0000] {logging_mixin.py:188} INFO - [2026-02-14T19:56:58.633+0000] {dag.py:3823} INFO - Setting next_dagrun for tutorial_objectstorage to None, run_after=None
[2026-02-14T19:56:58.664+0000] {processor.py:183} INFO - Processing /home/airflow/.local/lib/python3.8/site-packages/airflow/example_dags/tutorial_objectstorage.py took 0.109 seconds
[2026-02-14T19:57:29.056+0000] {processor.py:161} INFO - Started process (PID=493) to work on /home/airflow/.local/lib/python3.8/site-packages/airflow/example_dags/tutorial_objectstorage.py
[2026-02-14T19:57:29.058+0000] {processor.py:830} INFO - Processing file /home/airflow/.local/lib/python3.8/site-packages/airflow/example_dags/tutorial_objectstorage.py for tasks to queue
[2026-02-14T19:57:29.060+0000] {logging_mixin.py:188} INFO - [2026-02-14T19:57:29.060+0000] {dagbag.py:538} INFO - Filling up the DagBag from /home/airflow/.local/lib/python3.8/site-packages/airflow/example_dags/tutorial_objectstorage.py
[2026-02-14T19:57:29.070+0000] {processor.py:840} INFO - DAG(s) 'tutorial_objectstorage' retrieved from /home/airflow/.local/lib/python3.8/site-packages/airflow/example_dags/tutorial_objectstorage.py
[2026-02-14T19:57:29.099+0000] {logging_mixin.py:188} INFO - [2026-02-14T19:57:29.098+0000] {dag.py:3036} INFO - Sync 1 DAGs
[2026-02-14T19:57:29.118+0000] {logging_mixin.py:188} INFO - [2026-02-14T19:57:29.118+0000] {dag.py:3823} INFO - Setting next_dagrun for tutorial_objectstorage to None, run_after=None
[2026-02-14T19:57:29.148+0000] {processor.py:183} INFO - Processing /home/airflow/.local/lib/python3.8/site-packages/airflow/example_dags/tutorial_objectstorage.py took 0.097 seconds
[2026-02-14T19:57:59.617+0000] {processor.py:161} INFO - Started process (PID=576) to work on /home/airflow/.local/lib/python3.8/site-packages/airflow/example_dags/tutorial_objectstorage.py
[2026-02-14T19:57:59.620+0000] {processor.py:830} INFO - Processing file /home/airflow/.local/lib/python3.8/site-packages/airflow/example_dags/tutorial_objectstorage.py for tasks to queue
[2026-02-14T19:57:59.624+0000] {logging_mixin.py:188} INFO - [2026-02-14T19:57:59.623+0000] {dagbag.py:538} INFO - Filling up the DagBag from /home/airflow/.local/lib/python3.8/site-packages/airflow/example_dags/tutorial_objectstorage.py
[2026-02-14T19:57:59.637+0000] {processor.py:840} INFO - DAG(s) 'tutorial_objectstorage' retrieved from /home/airflow/.local/lib/python3.8/site-packages/airflow/example_dags/tutorial_objectstorage.py
[2026-02-14T19:57:59.674+0000] {logging_mixin.py:188} INFO - [2026-02-14T19:57:59.674+0000] {dag.py:3036} INFO - Sync 1 DAGs
[2026-02-14T19:57:59.697+0000] {logging_mixin.py:188} INFO - [2026-02-14T19:57:59.696+0000] {dag.py:3823} INFO - Setting next_dagrun for tutorial_objectstorage to None, run_after=None
[2026-02-14T19:57:59.731+0000] {processor.py:183} INFO - Processing /home/airflow/.local/lib/python3.8/site-packages/airflow/example_dags/tutorial_objectstorage.py took 0.120 seconds
[2026-02-14T19:58:30.483+0000] {processor.py:161} INFO - Started process (PID=667) to work on /home/airflow/.local/lib/python3.8/site-packages/airflow/example_dags/tutorial_objectstorage.py
[2026-02-14T19:58:30.484+0000] {processor.py:830} INFO - Processing file /home/airflow/.local/lib/python3.8/site-packages/airflow/example_dags/tutorial_objectstorage.py for tasks to queue
[2026-02-14T19:58:30.487+0000] {logging_mixin.py:188} INFO - [2026-02-14T19:58:30.486+0000] {dagbag.py:538} INFO - Filling up the DagBag from /home/airflow/.local/lib/python3.8/site-packages/airflow/example_dags/tutorial_objectstorage.py
[2026-02-14T19:58:30.498+0000] {processor.py:840} INFO - DAG(s) 'tutorial_objectstorage' retrieved from /home/airflow/.local/lib/python3.8/site-packages/airflow/example_dags/tutorial_objectstorage.py
[2026-02-14T19:58:30.534+0000] {logging_mixin.py:188} INFO - [2026-02-14T19:58:30.533+0000] {dag.py:3036} INFO - Sync 1 DAGs
[2026-02-14T19:58:30.558+0000] {logging_mixin.py:188} INFO - [2026-02-14T19:58:30.558+0000] {dag.py:3823} INFO - Setting next_dagrun for tutorial_objectstorage to None, run_after=None
[2026-02-14T19:58:30.592+0000] {processor.py:183} INFO - Processing /home/airflow/.local/lib/python3.8/site-packages/airflow/example_dags/tutorial_objectstorage.py took 0.115 seconds
[2026-02-14T19:59:01.237+0000] {processor.py:161} INFO - Started process (PID=750) to work on /home/airflow/.local/lib/python3.8/site-packages/airflow/example_dags/tutorial_objectstorage.py
[2026-02-14T19:59:01.239+0000] {processor.py:830} INFO - Processing file /home/airflow/.local/lib/python3.8/site-packages/airflow/example_dags/tutorial_objectstorage.py for tasks to queue
[2026-02-14T19:59:01.241+0000] {logging_mixin.py:188} INFO - [2026-02-14T19:59:01.241+0000] {dagbag.py:538} INFO - Filling up the DagBag from /home/airflow/.local/lib/python3.8/site-packages/airflow/example_dags/tutorial_objectstorage.py
[2026-02-14T19:59:01.251+0000] {processor.py:840} INFO - DAG(s) 'tutorial_objectstorage' retrieved from /home/airflow/.local/lib/python3.8/site-packages/airflow/example_dags/tutorial_objectstorage.py
[2026-02-14T19:59:01.285+0000] {logging_mixin.py:188} INFO - [2026-02-14T19:59:01.284+0000] {dag.py:3036} INFO - Sync 1 DAGs
[2026-02-14T19:59:01.304+0000] {logging_mixin.py:188} INFO - [2026-02-14T19:59:01.303+0000] {dag.py:3823} INFO - Setting next_dagrun for tutorial_objectstorage to None, run_after=None
[2026-02-14T19:59:01.331+0000] {processor.py:183} INFO - Processing /home/airflow/.local/lib/python3.8/site-packages/airflow/example_dags/tutorial_objectstorage.py took 0.099 seconds
[2026-02-14T19:59:31.644+0000] {processor.py:161} INFO - Started process (PID=833) to work on /home/airflow/.local/lib/python3.8/site-packages/airflow/example_dags/tutorial_objectstorage.py
[2026-02-14T19:59:31.645+0000] {processor.py:830} INFO - Processing file /home/airflow/.local/lib/python3.8/site-packages/airflow/example_dags/tutorial_objectstorage.py for tasks to queue
[2026-02-14T19:59:31.648+0000] {logging_mixin.py:188} INFO - [2026-02-14T19:59:31.647+0000] {dagbag.py:538} INFO - Filling up the DagBag from /home/airflow/.local/lib/python3.8/site-packages/airflow/example_dags/tutorial_objectstorage.py
[2026-02-14T19:59:31.657+0000] {processor.py:840} INFO - DAG(s) 'tutorial_objectstorage' retrieved from /home/airflow/.local/lib/python3.8/site-packages/airflow/example_dags/tutorial_objectstorage.py
[2026-02-14T19:59:31.698+0000] {logging_mixin.py:188} INFO - [2026-02-14T19:59:31.697+0000] {dag.py:3036} INFO - Sync 1 DAGs
[2026-02-14T19:59:31.744+0000] {logging_mixin.py:188} INFO - [2026-02-14T19:59:31.743+0000] {dag.py:3823} INFO - Setting next_dagrun for tutorial_objectstorage to None, run_after=None
[2026-02-14T19:59:31.776+0000] {processor.py:183} INFO - Processing /home/airflow/.local/lib/python3.8/site-packages/airflow/example_dags/tutorial_objectstorage.py took 0.137 seconds
[2026-02-14T20:00:01.902+0000] {processor.py:161} INFO - Started process (PID=917) to work on /home/airflow/.local/lib/python3.8/site-packages/airflow/example_dags/tutorial_objectstorage.py
[2026-02-14T20:00:01.904+0000] {processor.py:830} INFO - Processing file /home/airflow/.local/lib/python3.8/site-packages/airflow/example_dags/tutorial_objectstorage.py for tasks to queue
[2026-02-14T20:00:01.907+0000] {logging_mixin.py:188} INFO - [2026-02-14T20:00:01.906+0000] {dagbag.py:538} INFO - Filling up the DagBag from /home/airflow/.local/lib/python3.8/site-packages/airflow/example_dags/tutorial_objectstorage.py
[2026-02-14T20:00:01.921+0000] {processor.py:840} INFO - DAG(s) 'tutorial_objectstorage' retrieved from /home/airflow/.local/lib/python3.8/site-packages/airflow/example_dags/tutorial_objectstorage.py
[2026-02-14T20:00:01.955+0000] {logging_mixin.py:188} INFO - [2026-02-14T20:00:01.955+0000] {dag.py:3036} INFO - Sync 1 DAGs
[2026-02-14T20:00:01.984+0000] {logging_mixin.py:188} INFO - [2026-02-14T20:00:01.984+0000] {dag.py:3823} INFO - Setting next_dagrun for tutorial_objectstorage to None, run_after=None
[2026-02-14T20:00:02.017+0000] {processor.py:183} INFO - Processing /home/airflow/.local/lib/python3.8/site-packages/airflow/example_dags/tutorial_objectstorage.py took 0.119 seconds
[2026-02-14T20:00:32.186+0000] {processor.py:161} INFO - Started process (PID=1000) to work on /home/airflow/.local/lib/python3.8/site-packages/airflow/example_dags/tutorial_objectstorage.py
[2026-02-14T20:00:32.188+0000] {processor.py:830} INFO - Processing file /home/airflow/.local/lib/python3.8/site-packages/airflow/example_dags/tutorial_objectstorage.py for tasks to queue
[2026-02-14T20:00:32.191+0000] {logging_mixin.py:188} INFO - [2026-02-14T20:00:32.190+0000] {dagbag.py:538} INFO - Filling up the DagBag from /home/airflow/.local/lib/python3.8/site-packages/airflow/example_dags/tutorial_objectstorage.py
[2026-02-14T20:00:32.203+0000] {processor.py:840} INFO - DAG(s) 'tutorial_objectstorage' retrieved from /home/airflow/.local/lib/python3.8/site-packages/airflow/example_dags/tutorial_objectstorage.py
[2026-02-14T20:00:32.237+0000] {logging_mixin.py:188} INFO - [2026-02-14T20:00:32.236+0000] {dag.py:3036} INFO - Sync 1 DAGs
[2026-02-14T20:00:32.259+0000] {logging_mixin.py:188} INFO - [2026-02-14T20:00:32.258+0000] {dag.py:3823} INFO - Setting next_dagrun for tutorial_objectstorage to None, run_after=None
[2026-02-14T20:00:32.288+0000] {processor.py:183} INFO - Processing /home/airflow/.local/lib/python3.8/site-packages/airflow/example_dags/tutorial_objectstorage.py took 0.108 seconds
[2026-02-14T20:01:02.692+0000] {processor.py:161} INFO - Started process (PID=1083) to work on /home/airflow/.local/lib/python3.8/site-packages/airflow/example_dags/tutorial_objectstorage.py
[2026-02-14T20:01:02.693+0000] {processor.py:830} INFO - Processing file /home/airflow/.local/lib/python3.8/site-packages/airflow/example_dags/tutorial_objectstorage.py for tasks to queue
[2026-02-14T20:01:02.696+0000] {logging_mixin.py:188} INFO - [2026-02-14T20:01:02.696+0000] {dagbag.py:538} INFO - Filling up the DagBag from /home/airflow/.local/lib/python3.8/site-packages/airflow/example_dags/tutorial_objectstorage.py
[2026-02-14T20:01:02.708+0000] {processor.py:840} INFO - DAG(s) 'tutorial_objectstorage' retrieved from /home/airflow/.local/lib/python3.8/site-packages/airflow/example_dags/tutorial_objectstorage.py
[2026-02-14T20:01:02.741+0000] {logging_mixin.py:188} INFO - [2026-02-14T20:01:02.740+0000] {dag.py:3036} INFO - Sync 1 DAGs
[2026-02-14T20:01:02.762+0000] {logging_mixin.py:188} INFO - [2026-02-14T20:01:02.762+0000] {dag.py:3823} INFO - Setting next_dagrun for tutorial_objectstorage to None, run_after=None
[2026-02-14T20:01:02.793+0000] {processor.py:183} INFO - Processing /home/airflow/.local/lib/python3.8/site-packages/airflow/example_dags/tutorial_objectstorage.py took 0.107 seconds
[2026-02-14T20:01:32.859+0000] {processor.py:161} INFO - Started process (PID=1165) to work on /home/airflow/.local/lib/python3.8/site-packages/airflow/example_dags/tutorial_objectstorage.py
[2026-02-14T20:01:32.861+0000] {processor.py:830} INFO - Processing file /home/airflow/.local/lib/python3.8/site-packages/airflow/example_dags/tutorial_objectstorage.py for tasks to queue
[2026-02-14T20:01:32.864+0000] {logging_mixin.py:188} INFO - [2026-02-14T20:01:32.864+0000] {dagbag.py:538} INFO - Filling up the DagBag from /home/airflow/.local/lib/python3.8/site-packages/airflow/example_dags/tutorial_objectstorage.py
[2026-02-14T20:01:32.873+0000] {processor.py:840} INFO - DAG(s) 'tutorial_objectstorage' retrieved from /home/airflow/.local/lib/python3.8/site-packages/airflow/example_dags/tutorial_objectstorage.py
[2026-02-14T20:01:32.903+0000] {logging_mixin.py:188} INFO - [2026-02-14T20:01:32.902+0000] {dag.py:3036} INFO - Sync 1 DAGs
[2026-02-14T20:01:32.921+0000] {logging_mixin.py:188} INFO - [2026-02-14T20:01:32.921+0000] {dag.py:3823} INFO - Setting next_dagrun for tutorial_objectstorage to None, run_after=None
[2026-02-14T20:01:32.950+0000] {processor.py:183} INFO - Processing /home/airflow/.local/lib/python3.8/site-packages/airflow/example_dags/tutorial_objectstorage.py took 0.096 seconds
[2026-02-14T20:02:03.356+0000] {processor.py:161} INFO - Started process (PID=1249) to work on /home/airflow/.local/lib/python3.8/site-packages/airflow/example_dags/tutorial_objectstorage.py
[2026-02-14T20:02:03.357+0000] {processor.py:830} INFO - Processing file /home/airflow/.local/lib/python3.8/site-packages/airflow/example_dags/tutorial_objectstorage.py for tasks to queue
[2026-02-14T20:02:03.360+0000] {logging_mixin.py:188} INFO - [2026-02-14T20:02:03.359+0000] {dagbag.py:538} INFO - Filling up the DagBag from /home/airflow/.local/lib/python3.8/site-packages/airflow/example_dags/tutorial_objectstorage.py
[2026-02-14T20:02:03.371+0000] {processor.py:840} INFO - DAG(s) 'tutorial_objectstorage' retrieved from /home/airflow/.local/lib/python3.8/site-packages/airflow/example_dags/tutorial_objectstorage.py
[2026-02-14T20:02:03.403+0000] {logging_mixin.py:188} INFO - [2026-02-14T20:02:03.402+0000] {dag.py:3036} INFO - Sync 1 DAGs
[2026-02-14T20:02:03.423+0000] {logging_mixin.py:188} INFO - [2026-02-14T20:02:03.423+0000] {dag.py:3823} INFO - Setting next_dagrun for tutorial_objectstorage to None, run_after=None
[2026-02-14T20:02:03.451+0000] {processor.py:183} INFO - Processing /home/airflow/.local/lib/python3.8/site-packages/airflow/example_dags/tutorial_objectstorage.py took 0.100 seconds
[2026-02-14T20:02:33.805+0000] {processor.py:161} INFO - Started process (PID=1341) to work on /home/airflow/.local/lib/python3.8/site-packages/airflow/example_dags/tutorial_objectstorage.py
[2026-02-14T20:02:33.807+0000] {processor.py:830} INFO - Processing file /home/airflow/.local/lib/python3.8/site-packages/airflow/example_dags/tutorial_objectstorage.py for tasks to queue
[2026-02-14T20:02:33.810+0000] {logging_mixin.py:188} INFO - [2026-02-14T20:02:33.809+0000] {dagbag.py:538} INFO - Filling up the DagBag from /home/airflow/.local/lib/python3.8/site-packages/airflow/example_dags/tutorial_objectstorage.py
[2026-02-14T20:02:33.820+0000] {processor.py:840} INFO - DAG(s) 'tutorial_objectstorage' retrieved from /home/airflow/.local/lib/python3.8/site-packages/airflow/example_dags/tutorial_objectstorage.py
[2026-02-14T20:02:33.848+0000] {logging_mixin.py:188} INFO - [2026-02-14T20:02:33.848+0000] {dag.py:3036} INFO - Sync 1 DAGs
[2026-02-14T20:02:33.870+0000] {logging_mixin.py:188} INFO - [2026-02-14T20:02:33.869+0000] {dag.py:3823} INFO - Setting next_dagrun for tutorial_objectstorage to None, run_after=None
[2026-02-14T20:02:33.901+0000] {processor.py:183} INFO - Processing /home/airflow/.local/lib/python3.8/site-packages/airflow/example_dags/tutorial_objectstorage.py took 0.102 seconds
[2026-02-14T20:03:04.784+0000] {processor.py:161} INFO - Started process (PID=1425) to work on /home/airflow/.local/lib/python3.8/site-packages/airflow/example_dags/tutorial_objectstorage.py
[2026-02-14T20:03:04.786+0000] {processor.py:830} INFO - Processing file /home/airflow/.local/lib/python3.8/site-packages/airflow/example_dags/tutorial_objectstorage.py for tasks to queue
[2026-02-14T20:03:04.788+0000] {logging_mixin.py:188} INFO - [2026-02-14T20:03:04.787+0000] {dagbag.py:538} INFO - Filling up the DagBag from /home/airflow/.local/lib/python3.8/site-packages/airflow/example_dags/tutorial_objectstorage.py
[2026-02-14T20:03:04.798+0000] {processor.py:840} INFO - DAG(s) 'tutorial_objectstorage' retrieved from /home/airflow/.local/lib/python3.8/site-packages/airflow/example_dags/tutorial_objectstorage.py
[2026-02-14T20:03:04.831+0000] {logging_mixin.py:188} INFO - [2026-02-14T20:03:04.830+0000] {dag.py:3036} INFO - Sync 1 DAGs
[2026-02-14T20:03:04.855+0000] {logging_mixin.py:188} INFO - [2026-02-14T20:03:04.855+0000] {dag.py:3823} INFO - Setting next_dagrun for tutorial_objectstorage to None, run_after=None
[2026-02-14T20:03:04.890+0000] {processor.py:183} INFO - Processing /home/airflow/.local/lib/python3.8/site-packages/airflow/example_dags/tutorial_objectstorage.py took 0.110 seconds
[2026-02-14T20:03:35.739+0000] {processor.py:161} INFO - Started process (PID=1509) to work on /home/airflow/.local/lib/python3.8/site-packages/airflow/example_dags/tutorial_objectstorage.py
[2026-02-14T20:03:35.741+0000] {processor.py:830} INFO - Processing file /home/airflow/.local/lib/python3.8/site-packages/airflow/example_dags/tutorial_objectstorage.py for tasks to queue
[2026-02-14T20:03:35.744+0000] {logging_mixin.py:188} INFO - [2026-02-14T20:03:35.743+0000] {dagbag.py:538} INFO - Filling up the DagBag from /home/airflow/.local/lib/python3.8/site-packages/airflow/example_dags/tutorial_objectstorage.py
[2026-02-14T20:03:35.755+0000] {processor.py:840} INFO - DAG(s) 'tutorial_objectstorage' retrieved from /home/airflow/.local/lib/python3.8/site-packages/airflow/example_dags/tutorial_objectstorage.py
[2026-02-14T20:03:35.792+0000] {logging_mixin.py:188} INFO - [2026-02-14T20:03:35.792+0000] {dag.py:3036} INFO - Sync 1 DAGs
[2026-02-14T20:03:35.817+0000] {logging_mixin.py:188} INFO - [2026-02-14T20:03:35.816+0000] {dag.py:3823} INFO - Setting next_dagrun for tutorial_objectstorage to None, run_after=None
[2026-02-14T20:03:35.850+0000] {processor.py:183} INFO - Processing /home/airflow/.local/lib/python3.8/site-packages/airflow/example_dags/tutorial_objectstorage.py took 0.118 seconds
[2026-02-14T20:04:06.249+0000] {processor.py:161} INFO - Started process (PID=1592) to work on /home/airflow/.local/lib/python3.8/site-packages/airflow/example_dags/tutorial_objectstorage.py
[2026-02-14T20:04:06.250+0000] {processor.py:830} INFO - Processing file /home/airflow/.local/lib/python3.8/site-packages/airflow/example_dags/tutorial_objectstorage.py for tasks to queue
[2026-02-14T20:04:06.253+0000] {logging_mixin.py:188} INFO - [2026-02-14T20:04:06.252+0000] {dagbag.py:538} INFO - Filling up the DagBag from /home/airflow/.local/lib/python3.8/site-packages/airflow/example_dags/tutorial_objectstorage.py
[2026-02-14T20:04:06.263+0000] {processor.py:840} INFO - DAG(s) 'tutorial_objectstorage' retrieved from /home/airflow/.local/lib/python3.8/site-packages/airflow/example_dags/tutorial_objectstorage.py
[2026-02-14T20:04:06.299+0000] {logging_mixin.py:188} INFO - [2026-02-14T20:04:06.299+0000] {dag.py:3036} INFO - Sync 1 DAGs
[2026-02-14T20:04:06.321+0000] {logging_mixin.py:188} INFO - [2026-02-14T20:04:06.321+0000] {dag.py:3823} INFO - Setting next_dagrun for tutorial_objectstorage to None, run_after=None
[2026-02-14T20:04:06.353+0000] {processor.py:183} INFO - Processing /home/airflow/.local/lib/python3.8/site-packages/airflow/example_dags/tutorial_objectstorage.py took 0.109 seconds
[2026-02-14T20:04:36.574+0000] {processor.py:161} INFO - Started process (PID=1674) to work on /home/airflow/.local/lib/python3.8/site-packages/airflow/example_dags/tutorial_objectstorage.py
[2026-02-14T20:04:36.576+0000] {processor.py:830} INFO - Processing file /home/airflow/.local/lib/python3.8/site-packages/airflow/example_dags/tutorial_objectstorage.py for tasks to queue
[2026-02-14T20:04:36.579+0000] {logging_mixin.py:188} INFO - [2026-02-14T20:04:36.579+0000] {dagbag.py:538} INFO - Filling up the DagBag from /home/airflow/.local/lib/python3.8/site-packages/airflow/example_dags/tutorial_objectstorage.py
[2026-02-14T20:04:36.589+0000] {processor.py:840} INFO - DAG(s) 'tutorial_objectstorage' retrieved from /home/airflow/.local/lib/python3.8/site-packages/airflow/example_dags/tutorial_objectstorage.py
[2026-02-14T20:04:36.618+0000] {logging_mixin.py:188} INFO - [2026-02-14T20:04:36.617+0000] {dag.py:3036} INFO - Sync 1 DAGs
[2026-02-14T20:04:36.636+0000] {logging_mixin.py:188} INFO - [2026-02-14T20:04:36.636+0000] {dag.py:3823} INFO - Setting next_dagrun for tutorial_objectstorage to None, run_after=None
[2026-02-14T20:04:36.664+0000] {processor.py:183} INFO - Processing /home/airflow/.local/lib/python3.8/site-packages/airflow/example_dags/tutorial_objectstorage.py took 0.094 seconds
[2026-02-14T20:05:06.911+0000] {processor.py:161} INFO - Started process (PID=1756) to work on /home/airflow/.local/lib/python3.8/site-packages/airflow/example_dags/tutorial_objectstorage.py
[2026-02-14T20:05:06.912+0000] {processor.py:830} INFO - Processing file /home/airflow/.local/lib/python3.8/site-packages/airflow/example_dags/tutorial_objectstorage.py for tasks to queue
[2026-02-14T20:05:06.915+0000] {logging_mixin.py:188} INFO - [2026-02-14T20:05:06.915+0000] {dagbag.py:538} INFO - Filling up the DagBag from /home/airflow/.local/lib/python3.8/site-packages/airflow/example_dags/tutorial_objectstorage.py
[2026-02-14T20:05:06.924+0000] {processor.py:840} INFO - DAG(s) 'tutorial_objectstorage' retrieved from /home/airflow/.local/lib/python3.8/site-packages/airflow/example_dags/tutorial_objectstorage.py
[2026-02-14T20:05:06.953+0000] {logging_mixin.py:188} INFO - [2026-02-14T20:05:06.952+0000] {dag.py:3036} INFO - Sync 1 DAGs
[2026-02-14T20:05:06.971+0000] {logging_mixin.py:188} INFO - [2026-02-14T20:05:06.971+0000] {dag.py:3823} INFO - Setting next_dagrun for tutorial_objectstorage to None, run_after=None
[2026-02-14T20:05:07.005+0000] {processor.py:183} INFO - Processing /home/airflow/.local/lib/python3.8/site-packages/airflow/example_dags/tutorial_objectstorage.py took 0.099 seconds
[2026-02-14T20:05:37.469+0000] {processor.py:161} INFO - Started process (PID=1839) to work on /home/airflow/.local/lib/python3.8/site-packages/airflow/example_dags/tutorial_objectstorage.py
[2026-02-14T20:05:37.472+0000] {processor.py:830} INFO - Processing file /home/airflow/.local/lib/python3.8/site-packages/airflow/example_dags/tutorial_objectstorage.py for tasks to queue
[2026-02-14T20:05:37.474+0000] {logging_mixin.py:188} INFO - [2026-02-14T20:05:37.474+0000] {dagbag.py:538} INFO - Filling up the DagBag from /home/airflow/.local/lib/python3.8/site-packages/airflow/example_dags/tutorial_objectstorage.py
[2026-02-14T20:05:37.487+0000] {processor.py:840} INFO - DAG(s) 'tutorial_objectstorage' retrieved from /home/airflow/.local/lib/python3.8/site-packages/airflow/example_dags/tutorial_objectstorage.py
[2026-02-14T20:05:37.521+0000] {logging_mixin.py:188} INFO - [2026-02-14T20:05:37.521+0000] {dag.py:3036} INFO - Sync 1 DAGs
[2026-02-14T20:05:37.541+0000] {logging_mixin.py:188} INFO - [2026-02-14T20:05:37.540+0000] {dag.py:3823} INFO - Setting next_dagrun for tutorial_objectstorage to None, run_after=None
[2026-02-14T20:05:37.572+0000] {processor.py:183} INFO - Processing /home/airflow/.local/lib/python3.8/site-packages/airflow/example_dags/tutorial_objectstorage.py took 0.108 seconds
[2026-02-14T20:06:08.092+0000] {processor.py:161} INFO - Started process (PID=1922) to work on /home/airflow/.local/lib/python3.8/site-packages/airflow/example_dags/tutorial_objectstorage.py
[2026-02-14T20:06:08.093+0000] {processor.py:830} INFO - Processing file /home/airflow/.local/lib/python3.8/site-packages/airflow/example_dags/tutorial_objectstorage.py for tasks to queue
[2026-02-14T20:06:08.096+0000] {logging_mixin.py:188} INFO - [2026-02-14T20:06:08.095+0000] {dagbag.py:538} INFO - Filling up the DagBag from /home/airflow/.local/lib/python3.8/site-packages/airflow/example_dags/tutorial_objectstorage.py
[2026-02-14T20:06:08.105+0000] {processor.py:840} INFO - DAG(s) 'tutorial_objectstorage' retrieved from /home/airflow/.local/lib/python3.8/site-packages/airflow/example_dags/tutorial_objectstorage.py
[2026-02-14T20:06:08.136+0000] {logging_mixin.py:188} INFO - [2026-02-14T20:06:08.136+0000] {dag.py:3036} INFO - Sync 1 DAGs
[2026-02-14T20:06:08.157+0000] {logging_mixin.py:188} INFO - [2026-02-14T20:06:08.157+0000] {dag.py:3823} INFO - Setting next_dagrun for tutorial_objectstorage to None, run_after=None
[2026-02-14T20:06:08.199+0000] {processor.py:183} INFO - Processing /home/airflow/.local/lib/python3.8/site-packages/airflow/example_dags/tutorial_objectstorage.py took 0.112 seconds
[2026-02-14T20:06:38.347+0000] {processor.py:161} INFO - Started process (PID=2003) to work on /home/airflow/.local/lib/python3.8/site-packages/airflow/example_dags/tutorial_objectstorage.py
[2026-02-14T20:06:38.349+0000] {processor.py:830} INFO - Processing file /home/airflow/.local/lib/python3.8/site-packages/airflow/example_dags/tutorial_objectstorage.py for tasks to queue
[2026-02-14T20:06:38.353+0000] {logging_mixin.py:188} INFO - [2026-02-14T20:06:38.352+0000] {dagbag.py:538} INFO - Filling up the DagBag from /home/airflow/.local/lib/python3.8/site-packages/airflow/example_dags/tutorial_objectstorage.py
[2026-02-14T20:06:38.364+0000] {processor.py:840} INFO - DAG(s) 'tutorial_objectstorage' retrieved from /home/airflow/.local/lib/python3.8/site-packages/airflow/example_dags/tutorial_objectstorage.py
[2026-02-14T20:06:38.402+0000] {logging_mixin.py:188} INFO - [2026-02-14T20:06:38.402+0000] {dag.py:3036} INFO - Sync 1 DAGs
[2026-02-14T20:06:38.426+0000] {logging_mixin.py:188} INFO - [2026-02-14T20:06:38.426+0000] {dag.py:3823} INFO - Setting next_dagrun for tutorial_objectstorage to None, run_after=None
[2026-02-14T20:06:38.461+0000] {processor.py:183} INFO - Processing /home/airflow/.local/lib/python3.8/site-packages/airflow/example_dags/tutorial_objectstorage.py took 0.120 seconds
[2026-02-14T20:07:09.014+0000] {processor.py:161} INFO - Started process (PID=2092) to work on /home/airflow/.local/lib/python3.8/site-packages/airflow/example_dags/tutorial_objectstorage.py
[2026-02-14T20:07:09.015+0000] {processor.py:830} INFO - Processing file /home/airflow/.local/lib/python3.8/site-packages/airflow/example_dags/tutorial_objectstorage.py for tasks to queue
[2026-02-14T20:07:09.018+0000] {logging_mixin.py:188} INFO - [2026-02-14T20:07:09.018+0000] {dagbag.py:538} INFO - Filling up the DagBag from /home/airflow/.local/lib/python3.8/site-packages/airflow/example_dags/tutorial_objectstorage.py
[2026-02-14T20:07:09.027+0000] {processor.py:840} INFO - DAG(s) 'tutorial_objectstorage' retrieved from /home/airflow/.local/lib/python3.8/site-packages/airflow/example_dags/tutorial_objectstorage.py
[2026-02-14T20:07:09.062+0000] {logging_mixin.py:188} INFO - [2026-02-14T20:07:09.062+0000] {dag.py:3036} INFO - Sync 1 DAGs
[2026-02-14T20:07:09.084+0000] {logging_mixin.py:188} INFO - [2026-02-14T20:07:09.084+0000] {dag.py:3823} INFO - Setting next_dagrun for tutorial_objectstorage to None, run_after=None
[2026-02-14T20:07:09.118+0000] {processor.py:183} INFO - Processing /home/airflow/.local/lib/python3.8/site-packages/airflow/example_dags/tutorial_objectstorage.py took 0.108 seconds
[2026-02-14T20:07:39.393+0000] {processor.py:161} INFO - Started process (PID=2177) to work on /home/airflow/.local/lib/python3.8/site-packages/airflow/example_dags/tutorial_objectstorage.py
[2026-02-14T20:07:39.395+0000] {processor.py:830} INFO - Processing file /home/airflow/.local/lib/python3.8/site-packages/airflow/example_dags/tutorial_objectstorage.py for tasks to queue
[2026-02-14T20:07:39.398+0000] {logging_mixin.py:188} INFO - [2026-02-14T20:07:39.397+0000] {dagbag.py:538} INFO - Filling up the DagBag from /home/airflow/.local/lib/python3.8/site-packages/airflow/example_dags/tutorial_objectstorage.py
[2026-02-14T20:07:39.412+0000] {processor.py:840} INFO - DAG(s) 'tutorial_objectstorage' retrieved from /home/airflow/.local/lib/python3.8/site-packages/airflow/example_dags/tutorial_objectstorage.py
[2026-02-14T20:07:39.447+0000] {logging_mixin.py:188} INFO - [2026-02-14T20:07:39.446+0000] {dag.py:3036} INFO - Sync 1 DAGs
[2026-02-14T20:07:39.472+0000] {logging_mixin.py:188} INFO - [2026-02-14T20:07:39.472+0000] {dag.py:3823} INFO - Setting next_dagrun for tutorial_objectstorage to None, run_after=None
[2026-02-14T20:07:39.507+0000] {processor.py:183} INFO - Processing /home/airflow/.local/lib/python3.8/site-packages/airflow/example_dags/tutorial_objectstorage.py took 0.120 seconds
[2026-02-14T20:08:10.036+0000] {processor.py:161} INFO - Started process (PID=2260) to work on /home/airflow/.local/lib/python3.8/site-packages/airflow/example_dags/tutorial_objectstorage.py
[2026-02-14T20:08:10.037+0000] {processor.py:830} INFO - Processing file /home/airflow/.local/lib/python3.8/site-packages/airflow/example_dags/tutorial_objectstorage.py for tasks to queue
[2026-02-14T20:08:10.040+0000] {logging_mixin.py:188} INFO - [2026-02-14T20:08:10.040+0000] {dagbag.py:538} INFO - Filling up the DagBag from /home/airflow/.local/lib/python3.8/site-packages/airflow/example_dags/tutorial_objectstorage.py
[2026-02-14T20:08:10.052+0000] {processor.py:840} INFO - DAG(s) 'tutorial_objectstorage' retrieved from /home/airflow/.local/lib/python3.8/site-packages/airflow/example_dags/tutorial_objectstorage.py
[2026-02-14T20:08:10.086+0000] {logging_mixin.py:188} INFO - [2026-02-14T20:08:10.085+0000] {dag.py:3036} INFO - Sync 1 DAGs
[2026-02-14T20:08:10.106+0000] {logging_mixin.py:188} INFO - [2026-02-14T20:08:10.106+0000] {dag.py:3823} INFO - Setting next_dagrun for tutorial_objectstorage to None, run_after=None
[2026-02-14T20:08:10.141+0000] {processor.py:183} INFO - Processing /home/airflow/.local/lib/python3.8/site-packages/airflow/example_dags/tutorial_objectstorage.py took 0.111 seconds
[2026-02-14T20:08:40.625+0000] {processor.py:161} INFO - Started process (PID=2343) to work on /home/airflow/.local/lib/python3.8/site-packages/airflow/example_dags/tutorial_objectstorage.py
[2026-02-14T20:08:40.627+0000] {processor.py:830} INFO - Processing file /home/airflow/.local/lib/python3.8/site-packages/airflow/example_dags/tutorial_objectstorage.py for tasks to queue
[2026-02-14T20:08:40.630+0000] {logging_mixin.py:188} INFO - [2026-02-14T20:08:40.629+0000] {dagbag.py:538} INFO - Filling up the DagBag from /home/airflow/.local/lib/python3.8/site-packages/airflow/example_dags/tutorial_objectstorage.py
[2026-02-14T20:08:40.639+0000] {processor.py:840} INFO - DAG(s) 'tutorial_objectstorage' retrieved from /home/airflow/.local/lib/python3.8/site-packages/airflow/example_dags/tutorial_objectstorage.py
[2026-02-14T20:08:40.668+0000] {logging_mixin.py:188} INFO - [2026-02-14T20:08:40.667+0000] {dag.py:3036} INFO - Sync 1 DAGs
[2026-02-14T20:08:40.692+0000] {logging_mixin.py:188} INFO - [2026-02-14T20:08:40.691+0000] {dag.py:3823} INFO - Setting next_dagrun for tutorial_objectstorage to None, run_after=None
[2026-02-14T20:08:40.724+0000] {processor.py:183} INFO - Processing /home/airflow/.local/lib/python3.8/site-packages/airflow/example_dags/tutorial_objectstorage.py took 0.105 seconds
[2026-02-14T20:09:11.591+0000] {processor.py:161} INFO - Started process (PID=2425) to work on /home/airflow/.local/lib/python3.8/site-packages/airflow/example_dags/tutorial_objectstorage.py
[2026-02-14T20:09:11.593+0000] {processor.py:830} INFO - Processing file /home/airflow/.local/lib/python3.8/site-packages/airflow/example_dags/tutorial_objectstorage.py for tasks to queue
[2026-02-14T20:09:11.595+0000] {logging_mixin.py:188} INFO - [2026-02-14T20:09:11.595+0000] {dagbag.py:538} INFO - Filling up the DagBag from /home/airflow/.local/lib/python3.8/site-packages/airflow/example_dags/tutorial_objectstorage.py
[2026-02-14T20:09:11.605+0000] {processor.py:840} INFO - DAG(s) 'tutorial_objectstorage' retrieved from /home/airflow/.local/lib/python3.8/site-packages/airflow/example_dags/tutorial_objectstorage.py
[2026-02-14T20:09:11.640+0000] {logging_mixin.py:188} INFO - [2026-02-14T20:09:11.640+0000] {dag.py:3036} INFO - Sync 1 DAGs
[2026-02-14T20:09:11.661+0000] {logging_mixin.py:188} INFO - [2026-02-14T20:09:11.660+0000] {dag.py:3823} INFO - Setting next_dagrun for tutorial_objectstorage to None, run_after=None
[2026-02-14T20:09:11.693+0000] {processor.py:183} INFO - Processing /home/airflow/.local/lib/python3.8/site-packages/airflow/example_dags/tutorial_objectstorage.py took 0.106 seconds
[2026-02-14T20:09:42.177+0000] {processor.py:161} INFO - Started process (PID=2508) to work on /home/airflow/.local/lib/python3.8/site-packages/airflow/example_dags/tutorial_objectstorage.py
[2026-02-14T20:09:42.179+0000] {processor.py:830} INFO - Processing file /home/airflow/.local/lib/python3.8/site-packages/airflow/example_dags/tutorial_objectstorage.py for tasks to queue
[2026-02-14T20:09:42.181+0000] {logging_mixin.py:188} INFO - [2026-02-14T20:09:42.181+0000] {dagbag.py:538} INFO - Filling up the DagBag from /home/airflow/.local/lib/python3.8/site-packages/airflow/example_dags/tutorial_objectstorage.py
[2026-02-14T20:09:42.191+0000] {processor.py:840} INFO - DAG(s) 'tutorial_objectstorage' retrieved from /home/airflow/.local/lib/python3.8/site-packages/airflow/example_dags/tutorial_objectstorage.py
[2026-02-14T20:09:42.235+0000] {logging_mixin.py:188} INFO - [2026-02-14T20:09:42.235+0000] {dag.py:3036} INFO - Sync 1 DAGs
[2026-02-14T20:09:42.255+0000] {logging_mixin.py:188} INFO - [2026-02-14T20:09:42.255+0000] {dag.py:3823} INFO - Setting next_dagrun for tutorial_objectstorage to None, run_after=None
[2026-02-14T20:09:42.285+0000] {processor.py:183} INFO - Processing /home/airflow/.local/lib/python3.8/site-packages/airflow/example_dags/tutorial_objectstorage.py took 0.113 seconds
[2026-02-14T20:10:12.876+0000] {processor.py:161} INFO - Started process (PID=2590) to work on /home/airflow/.local/lib/python3.8/site-packages/airflow/example_dags/tutorial_objectstorage.py
[2026-02-14T20:10:12.878+0000] {processor.py:830} INFO - Processing file /home/airflow/.local/lib/python3.8/site-packages/airflow/example_dags/tutorial_objectstorage.py for tasks to queue
[2026-02-14T20:10:12.880+0000] {logging_mixin.py:188} INFO - [2026-02-14T20:10:12.880+0000] {dagbag.py:538} INFO - Filling up the DagBag from /home/airflow/.local/lib/python3.8/site-packages/airflow/example_dags/tutorial_objectstorage.py
[2026-02-14T20:10:12.890+0000] {processor.py:840} INFO - DAG(s) 'tutorial_objectstorage' retrieved from /home/airflow/.local/lib/python3.8/site-packages/airflow/example_dags/tutorial_objectstorage.py
[2026-02-14T20:10:12.923+0000] {logging_mixin.py:188} INFO - [2026-02-14T20:10:12.923+0000] {dag.py:3036} INFO - Sync 1 DAGs
[2026-02-14T20:10:12.944+0000] {logging_mixin.py:188} INFO - [2026-02-14T20:10:12.944+0000] {dag.py:3823} INFO - Setting next_dagrun for tutorial_objectstorage to None, run_after=None
[2026-02-14T20:10:12.979+0000] {processor.py:183} INFO - Processing /home/airflow/.local/lib/python3.8/site-packages/airflow/example_dags/tutorial_objectstorage.py took 0.108 seconds
[2026-02-14T20:10:43.115+0000] {processor.py:161} INFO - Started process (PID=2673) to work on /home/airflow/.local/lib/python3.8/site-packages/airflow/example_dags/tutorial_objectstorage.py
[2026-02-14T20:10:43.117+0000] {processor.py:830} INFO - Processing file /home/airflow/.local/lib/python3.8/site-packages/airflow/example_dags/tutorial_objectstorage.py for tasks to queue
[2026-02-14T20:10:43.120+0000] {logging_mixin.py:188} INFO - [2026-02-14T20:10:43.120+0000] {dagbag.py:538} INFO - Filling up the DagBag from /home/airflow/.local/lib/python3.8/site-packages/airflow/example_dags/tutorial_objectstorage.py
[2026-02-14T20:10:43.132+0000] {processor.py:840} INFO - DAG(s) 'tutorial_objectstorage' retrieved from /home/airflow/.local/lib/python3.8/site-packages/airflow/example_dags/tutorial_objectstorage.py
[2026-02-14T20:10:43.167+0000] {logging_mixin.py:188} INFO - [2026-02-14T20:10:43.166+0000] {dag.py:3036} INFO - Sync 1 DAGs
[2026-02-14T20:10:43.190+0000] {logging_mixin.py:188} INFO - [2026-02-14T20:10:43.190+0000] {dag.py:3823} INFO - Setting next_dagrun for tutorial_objectstorage to None, run_after=None
[2026-02-14T20:10:43.223+0000] {processor.py:183} INFO - Processing /home/airflow/.local/lib/python3.8/site-packages/airflow/example_dags/tutorial_objectstorage.py took 0.114 seconds
[2026-02-14T20:11:13.288+0000] {processor.py:161} INFO - Started process (PID=2755) to work on /home/airflow/.local/lib/python3.8/site-packages/airflow/example_dags/tutorial_objectstorage.py
[2026-02-14T20:11:13.290+0000] {processor.py:830} INFO - Processing file /home/airflow/.local/lib/python3.8/site-packages/airflow/example_dags/tutorial_objectstorage.py for tasks to queue
[2026-02-14T20:11:13.293+0000] {logging_mixin.py:188} INFO - [2026-02-14T20:11:13.292+0000] {dagbag.py:538} INFO - Filling up the DagBag from /home/airflow/.local/lib/python3.8/site-packages/airflow/example_dags/tutorial_objectstorage.py
[2026-02-14T20:11:13.303+0000] {processor.py:840} INFO - DAG(s) 'tutorial_objectstorage' retrieved from /home/airflow/.local/lib/python3.8/site-packages/airflow/example_dags/tutorial_objectstorage.py
[2026-02-14T20:11:13.349+0000] {logging_mixin.py:188} INFO - [2026-02-14T20:11:13.348+0000] {dag.py:3036} INFO - Sync 1 DAGs
[2026-02-14T20:11:13.372+0000] {logging_mixin.py:188} INFO - [2026-02-14T20:11:13.372+0000] {dag.py:3823} INFO - Setting next_dagrun for tutorial_objectstorage to None, run_after=None
[2026-02-14T20:11:13.408+0000] {processor.py:183} INFO - Processing /home/airflow/.local/lib/python3.8/site-packages/airflow/example_dags/tutorial_objectstorage.py took 0.125 seconds
[2026-02-14T20:11:43.677+0000] {processor.py:161} INFO - Started process (PID=2845) to work on /home/airflow/.local/lib/python3.8/site-packages/airflow/example_dags/tutorial_objectstorage.py
[2026-02-14T20:11:43.679+0000] {processor.py:830} INFO - Processing file /home/airflow/.local/lib/python3.8/site-packages/airflow/example_dags/tutorial_objectstorage.py for tasks to queue
[2026-02-14T20:11:43.682+0000] {logging_mixin.py:188} INFO - [2026-02-14T20:11:43.682+0000] {dagbag.py:538} INFO - Filling up the DagBag from /home/airflow/.local/lib/python3.8/site-packages/airflow/example_dags/tutorial_objectstorage.py
[2026-02-14T20:11:43.693+0000] {processor.py:840} INFO - DAG(s) 'tutorial_objectstorage' retrieved from /home/airflow/.local/lib/python3.8/site-packages/airflow/example_dags/tutorial_objectstorage.py
[2026-02-14T20:11:43.722+0000] {logging_mixin.py:188} INFO - [2026-02-14T20:11:43.722+0000] {dag.py:3036} INFO - Sync 1 DAGs
[2026-02-14T20:11:43.751+0000] {logging_mixin.py:188} INFO - [2026-02-14T20:11:43.751+0000] {dag.py:3823} INFO - Setting next_dagrun for tutorial_objectstorage to None, run_after=None
[2026-02-14T20:11:43.787+0000] {processor.py:183} INFO - Processing /home/airflow/.local/lib/python3.8/site-packages/airflow/example_dags/tutorial_objectstorage.py took 0.115 seconds
[2026-02-14T20:12:13.897+0000] {processor.py:161} INFO - Started process (PID=2928) to work on /home/airflow/.local/lib/python3.8/site-packages/airflow/example_dags/tutorial_objectstorage.py
[2026-02-14T20:12:13.899+0000] {processor.py:830} INFO - Processing file /home/airflow/.local/lib/python3.8/site-packages/airflow/example_dags/tutorial_objectstorage.py for tasks to queue
[2026-02-14T20:12:13.901+0000] {logging_mixin.py:188} INFO - [2026-02-14T20:12:13.901+0000] {dagbag.py:538} INFO - Filling up the DagBag from /home/airflow/.local/lib/python3.8/site-packages/airflow/example_dags/tutorial_objectstorage.py
[2026-02-14T20:12:13.912+0000] {processor.py:840} INFO - DAG(s) 'tutorial_objectstorage' retrieved from /home/airflow/.local/lib/python3.8/site-packages/airflow/example_dags/tutorial_objectstorage.py
[2026-02-14T20:12:13.942+0000] {logging_mixin.py:188} INFO - [2026-02-14T20:12:13.942+0000] {dag.py:3036} INFO - Sync 1 DAGs
[2026-02-14T20:12:13.967+0000] {logging_mixin.py:188} INFO - [2026-02-14T20:12:13.966+0000] {dag.py:3823} INFO - Setting next_dagrun for tutorial_objectstorage to None, run_after=None
[2026-02-14T20:12:14.002+0000] {processor.py:183} INFO - Processing /home/airflow/.local/lib/python3.8/site-packages/airflow/example_dags/tutorial_objectstorage.py took 0.111 seconds
[2026-02-14T20:12:44.380+0000] {processor.py:161} INFO - Started process (PID=3011) to work on /home/airflow/.local/lib/python3.8/site-packages/airflow/example_dags/tutorial_objectstorage.py
[2026-02-14T20:12:44.383+0000] {processor.py:830} INFO - Processing file /home/airflow/.local/lib/python3.8/site-packages/airflow/example_dags/tutorial_objectstorage.py for tasks to queue
[2026-02-14T20:12:44.386+0000] {logging_mixin.py:188} INFO - [2026-02-14T20:12:44.385+0000] {dagbag.py:538} INFO - Filling up the DagBag from /home/airflow/.local/lib/python3.8/site-packages/airflow/example_dags/tutorial_objectstorage.py
[2026-02-14T20:12:44.398+0000] {processor.py:840} INFO - DAG(s) 'tutorial_objectstorage' retrieved from /home/airflow/.local/lib/python3.8/site-packages/airflow/example_dags/tutorial_objectstorage.py
[2026-02-14T20:12:44.430+0000] {logging_mixin.py:188} INFO - [2026-02-14T20:12:44.430+0000] {dag.py:3036} INFO - Sync 1 DAGs
[2026-02-14T20:12:44.454+0000] {logging_mixin.py:188} INFO - [2026-02-14T20:12:44.454+0000] {dag.py:3823} INFO - Setting next_dagrun for tutorial_objectstorage to None, run_after=None
[2026-02-14T20:12:44.488+0000] {processor.py:183} INFO - Processing /home/airflow/.local/lib/python3.8/site-packages/airflow/example_dags/tutorial_objectstorage.py took 0.113 seconds
[2026-02-14T20:13:14.775+0000] {processor.py:161} INFO - Started process (PID=3094) to work on /home/airflow/.local/lib/python3.8/site-packages/airflow/example_dags/tutorial_objectstorage.py
[2026-02-14T20:13:14.777+0000] {processor.py:830} INFO - Processing file /home/airflow/.local/lib/python3.8/site-packages/airflow/example_dags/tutorial_objectstorage.py for tasks to queue
[2026-02-14T20:13:14.779+0000] {logging_mixin.py:188} INFO - [2026-02-14T20:13:14.779+0000] {dagbag.py:538} INFO - Filling up the DagBag from /home/airflow/.local/lib/python3.8/site-packages/airflow/example_dags/tutorial_objectstorage.py
[2026-02-14T20:13:14.790+0000] {processor.py:840} INFO - DAG(s) 'tutorial_objectstorage' retrieved from /home/airflow/.local/lib/python3.8/site-packages/airflow/example_dags/tutorial_objectstorage.py
[2026-02-14T20:13:14.831+0000] {logging_mixin.py:188} INFO - [2026-02-14T20:13:14.830+0000] {dag.py:3036} INFO - Sync 1 DAGs
[2026-02-14T20:13:14.865+0000] {logging_mixin.py:188} INFO - [2026-02-14T20:13:14.865+0000] {dag.py:3823} INFO - Setting next_dagrun for tutorial_objectstorage to None, run_after=None
[2026-02-14T20:13:14.908+0000] {processor.py:183} INFO - Processing /home/airflow/.local/lib/python3.8/site-packages/airflow/example_dags/tutorial_objectstorage.py took 0.138 seconds
[2026-02-14T20:13:45.305+0000] {processor.py:161} INFO - Started process (PID=3177) to work on /home/airflow/.local/lib/python3.8/site-packages/airflow/example_dags/tutorial_objectstorage.py
[2026-02-14T20:13:45.306+0000] {processor.py:830} INFO - Processing file /home/airflow/.local/lib/python3.8/site-packages/airflow/example_dags/tutorial_objectstorage.py for tasks to queue
[2026-02-14T20:13:45.309+0000] {logging_mixin.py:188} INFO - [2026-02-14T20:13:45.308+0000] {dagbag.py:538} INFO - Filling up the DagBag from /home/airflow/.local/lib/python3.8/site-packages/airflow/example_dags/tutorial_objectstorage.py
[2026-02-14T20:13:45.319+0000] {processor.py:840} INFO - DAG(s) 'tutorial_objectstorage' retrieved from /home/airflow/.local/lib/python3.8/site-packages/airflow/example_dags/tutorial_objectstorage.py
[2026-02-14T20:13:45.370+0000] {logging_mixin.py:188} INFO - [2026-02-14T20:13:45.369+0000] {dag.py:3036} INFO - Sync 1 DAGs
[2026-02-14T20:13:45.396+0000] {logging_mixin.py:188} INFO - [2026-02-14T20:13:45.395+0000] {dag.py:3823} INFO - Setting next_dagrun for tutorial_objectstorage to None, run_after=None
[2026-02-14T20:13:45.430+0000] {processor.py:183} INFO - Processing /home/airflow/.local/lib/python3.8/site-packages/airflow/example_dags/tutorial_objectstorage.py took 0.130 seconds
[2026-02-14T20:14:15.824+0000] {processor.py:161} INFO - Started process (PID=3260) to work on /home/airflow/.local/lib/python3.8/site-packages/airflow/example_dags/tutorial_objectstorage.py
[2026-02-14T20:14:15.826+0000] {processor.py:830} INFO - Processing file /home/airflow/.local/lib/python3.8/site-packages/airflow/example_dags/tutorial_objectstorage.py for tasks to queue
[2026-02-14T20:14:15.829+0000] {logging_mixin.py:188} INFO - [2026-02-14T20:14:15.829+0000] {dagbag.py:538} INFO - Filling up the DagBag from /home/airflow/.local/lib/python3.8/site-packages/airflow/example_dags/tutorial_objectstorage.py
[2026-02-14T20:14:15.841+0000] {processor.py:840} INFO - DAG(s) 'tutorial_objectstorage' retrieved from /home/airflow/.local/lib/python3.8/site-packages/airflow/example_dags/tutorial_objectstorage.py
[2026-02-14T20:14:15.887+0000] {logging_mixin.py:188} INFO - [2026-02-14T20:14:15.886+0000] {dag.py:3036} INFO - Sync 1 DAGs
[2026-02-14T20:14:15.908+0000] {logging_mixin.py:188} INFO - [2026-02-14T20:14:15.908+0000] {dag.py:3823} INFO - Setting next_dagrun for tutorial_objectstorage to None, run_after=None
[2026-02-14T20:14:15.936+0000] {processor.py:183} INFO - Processing /home/airflow/.local/lib/python3.8/site-packages/airflow/example_dags/tutorial_objectstorage.py took 0.118 seconds
[2026-02-14T20:14:46.233+0000] {processor.py:161} INFO - Started process (PID=3345) to work on /home/airflow/.local/lib/python3.8/site-packages/airflow/example_dags/tutorial_objectstorage.py
[2026-02-14T20:14:46.234+0000] {processor.py:830} INFO - Processing file /home/airflow/.local/lib/python3.8/site-packages/airflow/example_dags/tutorial_objectstorage.py for tasks to queue
[2026-02-14T20:14:46.237+0000] {logging_mixin.py:188} INFO - [2026-02-14T20:14:46.236+0000] {dagbag.py:538} INFO - Filling up the DagBag from /home/airflow/.local/lib/python3.8/site-packages/airflow/example_dags/tutorial_objectstorage.py
[2026-02-14T20:14:46.248+0000] {processor.py:840} INFO - DAG(s) 'tutorial_objectstorage' retrieved from /home/airflow/.local/lib/python3.8/site-packages/airflow/example_dags/tutorial_objectstorage.py
[2026-02-14T20:14:46.281+0000] {logging_mixin.py:188} INFO - [2026-02-14T20:14:46.280+0000] {dag.py:3036} INFO - Sync 1 DAGs
[2026-02-14T20:14:46.301+0000] {logging_mixin.py:188} INFO - [2026-02-14T20:14:46.301+0000] {dag.py:3823} INFO - Setting next_dagrun for tutorial_objectstorage to None, run_after=None
[2026-02-14T20:14:46.337+0000] {processor.py:183} INFO - Processing /home/airflow/.local/lib/python3.8/site-packages/airflow/example_dags/tutorial_objectstorage.py took 0.110 seconds
[2026-02-14T20:15:17.081+0000] {processor.py:161} INFO - Started process (PID=3428) to work on /home/airflow/.local/lib/python3.8/site-packages/airflow/example_dags/tutorial_objectstorage.py
[2026-02-14T20:15:17.083+0000] {processor.py:830} INFO - Processing file /home/airflow/.local/lib/python3.8/site-packages/airflow/example_dags/tutorial_objectstorage.py for tasks to queue
[2026-02-14T20:15:17.086+0000] {logging_mixin.py:188} INFO - [2026-02-14T20:15:17.086+0000] {dagbag.py:538} INFO - Filling up the DagBag from /home/airflow/.local/lib/python3.8/site-packages/airflow/example_dags/tutorial_objectstorage.py
[2026-02-14T20:15:17.096+0000] {processor.py:840} INFO - DAG(s) 'tutorial_objectstorage' retrieved from /home/airflow/.local/lib/python3.8/site-packages/airflow/example_dags/tutorial_objectstorage.py
[2026-02-14T20:15:17.130+0000] {logging_mixin.py:188} INFO - [2026-02-14T20:15:17.129+0000] {dag.py:3036} INFO - Sync 1 DAGs
[2026-02-14T20:15:17.154+0000] {logging_mixin.py:188} INFO - [2026-02-14T20:15:17.153+0000] {dag.py:3823} INFO - Setting next_dagrun for tutorial_objectstorage to None, run_after=None
[2026-02-14T20:15:17.190+0000] {processor.py:183} INFO - Processing /home/airflow/.local/lib/python3.8/site-packages/airflow/example_dags/tutorial_objectstorage.py took 0.113 seconds
[2026-02-14T20:15:47.508+0000] {processor.py:161} INFO - Started process (PID=3511) to work on /home/airflow/.local/lib/python3.8/site-packages/airflow/example_dags/tutorial_objectstorage.py
[2026-02-14T20:15:47.510+0000] {processor.py:830} INFO - Processing file /home/airflow/.local/lib/python3.8/site-packages/airflow/example_dags/tutorial_objectstorage.py for tasks to queue
[2026-02-14T20:15:47.513+0000] {logging_mixin.py:188} INFO - [2026-02-14T20:15:47.512+0000] {dagbag.py:538} INFO - Filling up the DagBag from /home/airflow/.local/lib/python3.8/site-packages/airflow/example_dags/tutorial_objectstorage.py
[2026-02-14T20:15:47.523+0000] {processor.py:840} INFO - DAG(s) 'tutorial_objectstorage' retrieved from /home/airflow/.local/lib/python3.8/site-packages/airflow/example_dags/tutorial_objectstorage.py
[2026-02-14T20:15:47.553+0000] {logging_mixin.py:188} INFO - [2026-02-14T20:15:47.552+0000] {dag.py:3036} INFO - Sync 1 DAGs
[2026-02-14T20:15:47.572+0000] {logging_mixin.py:188} INFO - [2026-02-14T20:15:47.571+0000] {dag.py:3823} INFO - Setting next_dagrun for tutorial_objectstorage to None, run_after=None
[2026-02-14T20:15:47.601+0000] {processor.py:183} INFO - Processing /home/airflow/.local/lib/python3.8/site-packages/airflow/example_dags/tutorial_objectstorage.py took 0.099 seconds
[2026-02-14T20:16:17.910+0000] {processor.py:161} INFO - Started process (PID=3601) to work on /home/airflow/.local/lib/python3.8/site-packages/airflow/example_dags/tutorial_objectstorage.py
[2026-02-14T20:16:17.912+0000] {processor.py:830} INFO - Processing file /home/airflow/.local/lib/python3.8/site-packages/airflow/example_dags/tutorial_objectstorage.py for tasks to queue
[2026-02-14T20:16:17.915+0000] {logging_mixin.py:188} INFO - [2026-02-14T20:16:17.914+0000] {dagbag.py:538} INFO - Filling up the DagBag from /home/airflow/.local/lib/python3.8/site-packages/airflow/example_dags/tutorial_objectstorage.py
[2026-02-14T20:16:17.926+0000] {processor.py:840} INFO - DAG(s) 'tutorial_objectstorage' retrieved from /home/airflow/.local/lib/python3.8/site-packages/airflow/example_dags/tutorial_objectstorage.py
[2026-02-14T20:16:17.962+0000] {logging_mixin.py:188} INFO - [2026-02-14T20:16:17.961+0000] {dag.py:3036} INFO - Sync 1 DAGs
[2026-02-14T20:16:17.986+0000] {logging_mixin.py:188} INFO - [2026-02-14T20:16:17.985+0000] {dag.py:3823} INFO - Setting next_dagrun for tutorial_objectstorage to None, run_after=None
[2026-02-14T20:16:18.019+0000] {processor.py:183} INFO - Processing /home/airflow/.local/lib/python3.8/site-packages/airflow/example_dags/tutorial_objectstorage.py took 0.116 seconds
[2026-02-14T20:16:48.478+0000] {processor.py:161} INFO - Started process (PID=3685) to work on /home/airflow/.local/lib/python3.8/site-packages/airflow/example_dags/tutorial_objectstorage.py
[2026-02-14T20:16:48.481+0000] {processor.py:830} INFO - Processing file /home/airflow/.local/lib/python3.8/site-packages/airflow/example_dags/tutorial_objectstorage.py for tasks to queue
[2026-02-14T20:16:48.484+0000] {logging_mixin.py:188} INFO - [2026-02-14T20:16:48.484+0000] {dagbag.py:538} INFO - Filling up the DagBag from /home/airflow/.local/lib/python3.8/site-packages/airflow/example_dags/tutorial_objectstorage.py
[2026-02-14T20:16:48.498+0000] {processor.py:840} INFO - DAG(s) 'tutorial_objectstorage' retrieved from /home/airflow/.local/lib/python3.8/site-packages/airflow/example_dags/tutorial_objectstorage.py
[2026-02-14T20:16:48.533+0000] {logging_mixin.py:188} INFO - [2026-02-14T20:16:48.532+0000] {dag.py:3036} INFO - Sync 1 DAGs
[2026-02-14T20:16:48.558+0000] {logging_mixin.py:188} INFO - [2026-02-14T20:16:48.558+0000] {dag.py:3823} INFO - Setting next_dagrun for tutorial_objectstorage to None, run_after=None
[2026-02-14T20:16:48.590+0000] {processor.py:183} INFO - Processing /home/airflow/.local/lib/python3.8/site-packages/airflow/example_dags/tutorial_objectstorage.py took 0.118 seconds
[2026-02-14T20:17:19.230+0000] {processor.py:161} INFO - Started process (PID=3768) to work on /home/airflow/.local/lib/python3.8/site-packages/airflow/example_dags/tutorial_objectstorage.py
[2026-02-14T20:17:19.232+0000] {processor.py:830} INFO - Processing file /home/airflow/.local/lib/python3.8/site-packages/airflow/example_dags/tutorial_objectstorage.py for tasks to queue
[2026-02-14T20:17:19.235+0000] {logging_mixin.py:188} INFO - [2026-02-14T20:17:19.235+0000] {dagbag.py:538} INFO - Filling up the DagBag from /home/airflow/.local/lib/python3.8/site-packages/airflow/example_dags/tutorial_objectstorage.py
[2026-02-14T20:17:19.247+0000] {processor.py:840} INFO - DAG(s) 'tutorial_objectstorage' retrieved from /home/airflow/.local/lib/python3.8/site-packages/airflow/example_dags/tutorial_objectstorage.py
[2026-02-14T20:17:19.282+0000] {logging_mixin.py:188} INFO - [2026-02-14T20:17:19.282+0000] {dag.py:3036} INFO - Sync 1 DAGs
[2026-02-14T20:17:19.310+0000] {logging_mixin.py:188} INFO - [2026-02-14T20:17:19.310+0000] {dag.py:3823} INFO - Setting next_dagrun for tutorial_objectstorage to None, run_after=None
[2026-02-14T20:17:19.343+0000] {processor.py:183} INFO - Processing /home/airflow/.local/lib/python3.8/site-packages/airflow/example_dags/tutorial_objectstorage.py took 0.119 seconds
[2026-02-14T20:17:49.616+0000] {processor.py:161} INFO - Started process (PID=3853) to work on /home/airflow/.local/lib/python3.8/site-packages/airflow/example_dags/tutorial_objectstorage.py
[2026-02-14T20:17:49.618+0000] {processor.py:830} INFO - Processing file /home/airflow/.local/lib/python3.8/site-packages/airflow/example_dags/tutorial_objectstorage.py for tasks to queue
[2026-02-14T20:17:49.620+0000] {logging_mixin.py:188} INFO - [2026-02-14T20:17:49.620+0000] {dagbag.py:538} INFO - Filling up the DagBag from /home/airflow/.local/lib/python3.8/site-packages/airflow/example_dags/tutorial_objectstorage.py
[2026-02-14T20:17:49.631+0000] {processor.py:840} INFO - DAG(s) 'tutorial_objectstorage' retrieved from /home/airflow/.local/lib/python3.8/site-packages/airflow/example_dags/tutorial_objectstorage.py
[2026-02-14T20:17:49.663+0000] {logging_mixin.py:188} INFO - [2026-02-14T20:17:49.663+0000] {dag.py:3036} INFO - Sync 1 DAGs
[2026-02-14T20:17:49.687+0000] {logging_mixin.py:188} INFO - [2026-02-14T20:17:49.687+0000] {dag.py:3823} INFO - Setting next_dagrun for tutorial_objectstorage to None, run_after=None
[2026-02-14T20:17:49.727+0000] {processor.py:183} INFO - Processing /home/airflow/.local/lib/python3.8/site-packages/airflow/example_dags/tutorial_objectstorage.py took 0.115 seconds
[2026-02-14T20:18:20.084+0000] {processor.py:161} INFO - Started process (PID=3936) to work on /home/airflow/.local/lib/python3.8/site-packages/airflow/example_dags/tutorial_objectstorage.py
[2026-02-14T20:18:20.086+0000] {processor.py:830} INFO - Processing file /home/airflow/.local/lib/python3.8/site-packages/airflow/example_dags/tutorial_objectstorage.py for tasks to queue
[2026-02-14T20:18:20.089+0000] {logging_mixin.py:188} INFO - [2026-02-14T20:18:20.089+0000] {dagbag.py:538} INFO - Filling up the DagBag from /home/airflow/.local/lib/python3.8/site-packages/airflow/example_dags/tutorial_objectstorage.py
[2026-02-14T20:18:20.100+0000] {processor.py:840} INFO - DAG(s) 'tutorial_objectstorage' retrieved from /home/airflow/.local/lib/python3.8/site-packages/airflow/example_dags/tutorial_objectstorage.py
[2026-02-14T20:18:20.133+0000] {logging_mixin.py:188} INFO - [2026-02-14T20:18:20.132+0000] {dag.py:3036} INFO - Sync 1 DAGs
[2026-02-14T20:18:20.152+0000] {logging_mixin.py:188} INFO - [2026-02-14T20:18:20.152+0000] {dag.py:3823} INFO - Setting next_dagrun for tutorial_objectstorage to None, run_after=None
[2026-02-14T20:18:20.183+0000] {processor.py:183} INFO - Processing /home/airflow/.local/lib/python3.8/site-packages/airflow/example_dags/tutorial_objectstorage.py took 0.104 seconds
[2026-02-14T20:18:51.036+0000] {processor.py:161} INFO - Started process (PID=4018) to work on /home/airflow/.local/lib/python3.8/site-packages/airflow/example_dags/tutorial_objectstorage.py
[2026-02-14T20:18:51.038+0000] {processor.py:830} INFO - Processing file /home/airflow/.local/lib/python3.8/site-packages/airflow/example_dags/tutorial_objectstorage.py for tasks to queue
[2026-02-14T20:18:51.040+0000] {logging_mixin.py:188} INFO - [2026-02-14T20:18:51.040+0000] {dagbag.py:538} INFO - Filling up the DagBag from /home/airflow/.local/lib/python3.8/site-packages/airflow/example_dags/tutorial_objectstorage.py
[2026-02-14T20:18:51.050+0000] {processor.py:840} INFO - DAG(s) 'tutorial_objectstorage' retrieved from /home/airflow/.local/lib/python3.8/site-packages/airflow/example_dags/tutorial_objectstorage.py
[2026-02-14T20:18:51.083+0000] {logging_mixin.py:188} INFO - [2026-02-14T20:18:51.083+0000] {dag.py:3036} INFO - Sync 1 DAGs
[2026-02-14T20:18:51.105+0000] {logging_mixin.py:188} INFO - [2026-02-14T20:18:51.105+0000] {dag.py:3823} INFO - Setting next_dagrun for tutorial_objectstorage to None, run_after=None
[2026-02-14T20:18:51.132+0000] {processor.py:183} INFO - Processing /home/airflow/.local/lib/python3.8/site-packages/airflow/example_dags/tutorial_objectstorage.py took 0.100 seconds
[2026-02-14T20:19:21.499+0000] {processor.py:161} INFO - Started process (PID=4102) to work on /home/airflow/.local/lib/python3.8/site-packages/airflow/example_dags/tutorial_objectstorage.py
[2026-02-14T20:19:21.501+0000] {processor.py:830} INFO - Processing file /home/airflow/.local/lib/python3.8/site-packages/airflow/example_dags/tutorial_objectstorage.py for tasks to queue
[2026-02-14T20:19:21.504+0000] {logging_mixin.py:188} INFO - [2026-02-14T20:19:21.503+0000] {dagbag.py:538} INFO - Filling up the DagBag from /home/airflow/.local/lib/python3.8/site-packages/airflow/example_dags/tutorial_objectstorage.py
[2026-02-14T20:19:21.513+0000] {processor.py:840} INFO - DAG(s) 'tutorial_objectstorage' retrieved from /home/airflow/.local/lib/python3.8/site-packages/airflow/example_dags/tutorial_objectstorage.py
[2026-02-14T20:19:21.542+0000] {logging_mixin.py:188} INFO - [2026-02-14T20:19:21.542+0000] {dag.py:3036} INFO - Sync 1 DAGs
[2026-02-14T20:19:21.560+0000] {logging_mixin.py:188} INFO - [2026-02-14T20:19:21.560+0000] {dag.py:3823} INFO - Setting next_dagrun for tutorial_objectstorage to None, run_after=None
[2026-02-14T20:19:21.589+0000] {processor.py:183} INFO - Processing /home/airflow/.local/lib/python3.8/site-packages/airflow/example_dags/tutorial_objectstorage.py took 0.095 seconds
[2026-02-14T20:19:52.216+0000] {processor.py:161} INFO - Started process (PID=4183) to work on /home/airflow/.local/lib/python3.8/site-packages/airflow/example_dags/tutorial_objectstorage.py
[2026-02-14T20:19:52.217+0000] {processor.py:830} INFO - Processing file /home/airflow/.local/lib/python3.8/site-packages/airflow/example_dags/tutorial_objectstorage.py for tasks to queue
[2026-02-14T20:19:52.220+0000] {logging_mixin.py:188} INFO - [2026-02-14T20:19:52.219+0000] {dagbag.py:538} INFO - Filling up the DagBag from /home/airflow/.local/lib/python3.8/site-packages/airflow/example_dags/tutorial_objectstorage.py
[2026-02-14T20:19:52.230+0000] {processor.py:840} INFO - DAG(s) 'tutorial_objectstorage' retrieved from /home/airflow/.local/lib/python3.8/site-packages/airflow/example_dags/tutorial_objectstorage.py
[2026-02-14T20:19:52.264+0000] {logging_mixin.py:188} INFO - [2026-02-14T20:19:52.263+0000] {dag.py:3036} INFO - Sync 1 DAGs
[2026-02-14T20:19:52.287+0000] {logging_mixin.py:188} INFO - [2026-02-14T20:19:52.286+0000] {dag.py:3823} INFO - Setting next_dagrun for tutorial_objectstorage to None, run_after=None
[2026-02-14T20:19:52.323+0000] {processor.py:183} INFO - Processing /home/airflow/.local/lib/python3.8/site-packages/airflow/example_dags/tutorial_objectstorage.py took 0.112 seconds
[2026-02-14T20:20:23.155+0000] {processor.py:161} INFO - Started process (PID=4267) to work on /home/airflow/.local/lib/python3.8/site-packages/airflow/example_dags/tutorial_objectstorage.py
[2026-02-14T20:20:23.157+0000] {processor.py:830} INFO - Processing file /home/airflow/.local/lib/python3.8/site-packages/airflow/example_dags/tutorial_objectstorage.py for tasks to queue
[2026-02-14T20:20:23.160+0000] {logging_mixin.py:188} INFO - [2026-02-14T20:20:23.160+0000] {dagbag.py:538} INFO - Filling up the DagBag from /home/airflow/.local/lib/python3.8/site-packages/airflow/example_dags/tutorial_objectstorage.py
[2026-02-14T20:20:23.172+0000] {processor.py:840} INFO - DAG(s) 'tutorial_objectstorage' retrieved from /home/airflow/.local/lib/python3.8/site-packages/airflow/example_dags/tutorial_objectstorage.py
[2026-02-14T20:20:23.207+0000] {logging_mixin.py:188} INFO - [2026-02-14T20:20:23.207+0000] {dag.py:3036} INFO - Sync 1 DAGs
[2026-02-14T20:20:23.231+0000] {logging_mixin.py:188} INFO - [2026-02-14T20:20:23.231+0000] {dag.py:3823} INFO - Setting next_dagrun for tutorial_objectstorage to None, run_after=None
[2026-02-14T20:20:23.266+0000] {processor.py:183} INFO - Processing /home/airflow/.local/lib/python3.8/site-packages/airflow/example_dags/tutorial_objectstorage.py took 0.117 seconds
[2026-02-14T20:20:55.259+0000] {processor.py:161} INFO - Started process (PID=4360) to work on /home/airflow/.local/lib/python3.8/site-packages/airflow/example_dags/tutorial_objectstorage.py
[2026-02-14T20:20:55.261+0000] {processor.py:830} INFO - Processing file /home/airflow/.local/lib/python3.8/site-packages/airflow/example_dags/tutorial_objectstorage.py for tasks to queue
[2026-02-14T20:20:55.264+0000] {logging_mixin.py:188} INFO - [2026-02-14T20:20:55.264+0000] {dagbag.py:538} INFO - Filling up the DagBag from /home/airflow/.local/lib/python3.8/site-packages/airflow/example_dags/tutorial_objectstorage.py
[2026-02-14T20:20:55.276+0000] {processor.py:840} INFO - DAG(s) 'tutorial_objectstorage' retrieved from /home/airflow/.local/lib/python3.8/site-packages/airflow/example_dags/tutorial_objectstorage.py
[2026-02-14T20:20:55.308+0000] {logging_mixin.py:188} INFO - [2026-02-14T20:20:55.308+0000] {dag.py:3036} INFO - Sync 1 DAGs
[2026-02-14T20:20:55.332+0000] {logging_mixin.py:188} INFO - [2026-02-14T20:20:55.331+0000] {dag.py:3823} INFO - Setting next_dagrun for tutorial_objectstorage to None, run_after=None
[2026-02-14T20:20:55.553+0000] {processor.py:183} INFO - Processing /home/airflow/.local/lib/python3.8/site-packages/airflow/example_dags/tutorial_objectstorage.py took 0.300 seconds
[2026-02-14T20:21:26.474+0000] {processor.py:161} INFO - Started process (PID=4445) to work on /home/airflow/.local/lib/python3.8/site-packages/airflow/example_dags/tutorial_objectstorage.py
[2026-02-14T20:21:26.475+0000] {processor.py:830} INFO - Processing file /home/airflow/.local/lib/python3.8/site-packages/airflow/example_dags/tutorial_objectstorage.py for tasks to queue
[2026-02-14T20:21:26.478+0000] {logging_mixin.py:188} INFO - [2026-02-14T20:21:26.478+0000] {dagbag.py:538} INFO - Filling up the DagBag from /home/airflow/.local/lib/python3.8/site-packages/airflow/example_dags/tutorial_objectstorage.py
[2026-02-14T20:21:26.490+0000] {processor.py:840} INFO - DAG(s) 'tutorial_objectstorage' retrieved from /home/airflow/.local/lib/python3.8/site-packages/airflow/example_dags/tutorial_objectstorage.py
[2026-02-14T20:21:26.525+0000] {logging_mixin.py:188} INFO - [2026-02-14T20:21:26.524+0000] {dag.py:3036} INFO - Sync 1 DAGs
[2026-02-14T20:21:26.550+0000] {logging_mixin.py:188} INFO - [2026-02-14T20:21:26.549+0000] {dag.py:3823} INFO - Setting next_dagrun for tutorial_objectstorage to None, run_after=None
[2026-02-14T20:21:26.584+0000] {processor.py:183} INFO - Processing /home/airflow/.local/lib/python3.8/site-packages/airflow/example_dags/tutorial_objectstorage.py took 0.116 seconds
[2026-02-14T20:21:57.318+0000] {processor.py:161} INFO - Started process (PID=4527) to work on /home/airflow/.local/lib/python3.8/site-packages/airflow/example_dags/tutorial_objectstorage.py
[2026-02-14T20:21:57.319+0000] {processor.py:830} INFO - Processing file /home/airflow/.local/lib/python3.8/site-packages/airflow/example_dags/tutorial_objectstorage.py for tasks to queue
[2026-02-14T20:21:57.322+0000] {logging_mixin.py:188} INFO - [2026-02-14T20:21:57.322+0000] {dagbag.py:538} INFO - Filling up the DagBag from /home/airflow/.local/lib/python3.8/site-packages/airflow/example_dags/tutorial_objectstorage.py
[2026-02-14T20:21:57.332+0000] {processor.py:840} INFO - DAG(s) 'tutorial_objectstorage' retrieved from /home/airflow/.local/lib/python3.8/site-packages/airflow/example_dags/tutorial_objectstorage.py
[2026-02-14T20:21:57.364+0000] {logging_mixin.py:188} INFO - [2026-02-14T20:21:57.364+0000] {dag.py:3036} INFO - Sync 1 DAGs
[2026-02-14T20:21:57.386+0000] {logging_mixin.py:188} INFO - [2026-02-14T20:21:57.385+0000] {dag.py:3823} INFO - Setting next_dagrun for tutorial_objectstorage to None, run_after=None
[2026-02-14T20:21:57.417+0000] {processor.py:183} INFO - Processing /home/airflow/.local/lib/python3.8/site-packages/airflow/example_dags/tutorial_objectstorage.py took 0.104 seconds
[2026-02-14T20:22:27.784+0000] {processor.py:161} INFO - Started process (PID=4609) to work on /home/airflow/.local/lib/python3.8/site-packages/airflow/example_dags/tutorial_objectstorage.py
[2026-02-14T20:22:27.785+0000] {processor.py:830} INFO - Processing file /home/airflow/.local/lib/python3.8/site-packages/airflow/example_dags/tutorial_objectstorage.py for tasks to queue
[2026-02-14T20:22:27.788+0000] {logging_mixin.py:188} INFO - [2026-02-14T20:22:27.787+0000] {dagbag.py:538} INFO - Filling up the DagBag from /home/airflow/.local/lib/python3.8/site-packages/airflow/example_dags/tutorial_objectstorage.py
[2026-02-14T20:22:27.798+0000] {processor.py:840} INFO - DAG(s) 'tutorial_objectstorage' retrieved from /home/airflow/.local/lib/python3.8/site-packages/airflow/example_dags/tutorial_objectstorage.py
[2026-02-14T20:22:27.827+0000] {logging_mixin.py:188} INFO - [2026-02-14T20:22:27.827+0000] {dag.py:3036} INFO - Sync 1 DAGs
[2026-02-14T20:22:27.846+0000] {logging_mixin.py:188} INFO - [2026-02-14T20:22:27.846+0000] {dag.py:3823} INFO - Setting next_dagrun for tutorial_objectstorage to None, run_after=None
[2026-02-14T20:22:27.874+0000] {processor.py:183} INFO - Processing /home/airflow/.local/lib/python3.8/site-packages/airflow/example_dags/tutorial_objectstorage.py took 0.095 seconds
[2026-02-14T20:22:58.659+0000] {processor.py:161} INFO - Started process (PID=4691) to work on /home/airflow/.local/lib/python3.8/site-packages/airflow/example_dags/tutorial_objectstorage.py
[2026-02-14T20:22:58.661+0000] {processor.py:830} INFO - Processing file /home/airflow/.local/lib/python3.8/site-packages/airflow/example_dags/tutorial_objectstorage.py for tasks to queue
[2026-02-14T20:22:58.664+0000] {logging_mixin.py:188} INFO - [2026-02-14T20:22:58.664+0000] {dagbag.py:538} INFO - Filling up the DagBag from /home/airflow/.local/lib/python3.8/site-packages/airflow/example_dags/tutorial_objectstorage.py
[2026-02-14T20:22:58.676+0000] {processor.py:840} INFO - DAG(s) 'tutorial_objectstorage' retrieved from /home/airflow/.local/lib/python3.8/site-packages/airflow/example_dags/tutorial_objectstorage.py
[2026-02-14T20:22:58.710+0000] {logging_mixin.py:188} INFO - [2026-02-14T20:22:58.710+0000] {dag.py:3036} INFO - Sync 1 DAGs
[2026-02-14T20:22:58.734+0000] {logging_mixin.py:188} INFO - [2026-02-14T20:22:58.734+0000] {dag.py:3823} INFO - Setting next_dagrun for tutorial_objectstorage to None, run_after=None
[2026-02-14T20:22:58.767+0000] {processor.py:183} INFO - Processing /home/airflow/.local/lib/python3.8/site-packages/airflow/example_dags/tutorial_objectstorage.py took 0.116 seconds
[2026-02-14T20:23:29.685+0000] {processor.py:161} INFO - Started process (PID=4773) to work on /home/airflow/.local/lib/python3.8/site-packages/airflow/example_dags/tutorial_objectstorage.py
[2026-02-14T20:23:29.686+0000] {processor.py:830} INFO - Processing file /home/airflow/.local/lib/python3.8/site-packages/airflow/example_dags/tutorial_objectstorage.py for tasks to queue
[2026-02-14T20:23:29.689+0000] {logging_mixin.py:188} INFO - [2026-02-14T20:23:29.688+0000] {dagbag.py:538} INFO - Filling up the DagBag from /home/airflow/.local/lib/python3.8/site-packages/airflow/example_dags/tutorial_objectstorage.py
[2026-02-14T20:23:29.699+0000] {processor.py:840} INFO - DAG(s) 'tutorial_objectstorage' retrieved from /home/airflow/.local/lib/python3.8/site-packages/airflow/example_dags/tutorial_objectstorage.py
[2026-02-14T20:23:29.955+0000] {logging_mixin.py:188} INFO - [2026-02-14T20:23:29.954+0000] {dag.py:3036} INFO - Sync 1 DAGs
[2026-02-14T20:23:29.976+0000] {logging_mixin.py:188} INFO - [2026-02-14T20:23:29.975+0000] {dag.py:3823} INFO - Setting next_dagrun for tutorial_objectstorage to None, run_after=None
[2026-02-14T20:23:30.006+0000] {processor.py:183} INFO - Processing /home/airflow/.local/lib/python3.8/site-packages/airflow/example_dags/tutorial_objectstorage.py took 0.326 seconds
[2026-02-14T20:24:00.195+0000] {processor.py:161} INFO - Started process (PID=4856) to work on /home/airflow/.local/lib/python3.8/site-packages/airflow/example_dags/tutorial_objectstorage.py
[2026-02-14T20:24:00.197+0000] {processor.py:830} INFO - Processing file /home/airflow/.local/lib/python3.8/site-packages/airflow/example_dags/tutorial_objectstorage.py for tasks to queue
[2026-02-14T20:24:00.201+0000] {logging_mixin.py:188} INFO - [2026-02-14T20:24:00.200+0000] {dagbag.py:538} INFO - Filling up the DagBag from /home/airflow/.local/lib/python3.8/site-packages/airflow/example_dags/tutorial_objectstorage.py
[2026-02-14T20:24:00.216+0000] {processor.py:840} INFO - DAG(s) 'tutorial_objectstorage' retrieved from /home/airflow/.local/lib/python3.8/site-packages/airflow/example_dags/tutorial_objectstorage.py
[2026-02-14T20:24:00.250+0000] {logging_mixin.py:188} INFO - [2026-02-14T20:24:00.250+0000] {dag.py:3036} INFO - Sync 1 DAGs
[2026-02-14T20:24:00.441+0000] {logging_mixin.py:188} INFO - [2026-02-14T20:24:00.440+0000] {dag.py:3823} INFO - Setting next_dagrun for tutorial_objectstorage to None, run_after=None
[2026-02-14T20:24:00.469+0000] {processor.py:183} INFO - Processing /home/airflow/.local/lib/python3.8/site-packages/airflow/example_dags/tutorial_objectstorage.py took 0.288 seconds
[2026-02-14T20:24:31.140+0000] {processor.py:161} INFO - Started process (PID=4949) to work on /home/airflow/.local/lib/python3.8/site-packages/airflow/example_dags/tutorial_objectstorage.py
[2026-02-14T20:24:31.143+0000] {processor.py:830} INFO - Processing file /home/airflow/.local/lib/python3.8/site-packages/airflow/example_dags/tutorial_objectstorage.py for tasks to queue
[2026-02-14T20:24:31.146+0000] {logging_mixin.py:188} INFO - [2026-02-14T20:24:31.145+0000] {dagbag.py:538} INFO - Filling up the DagBag from /home/airflow/.local/lib/python3.8/site-packages/airflow/example_dags/tutorial_objectstorage.py
[2026-02-14T20:24:31.158+0000] {processor.py:840} INFO - DAG(s) 'tutorial_objectstorage' retrieved from /home/airflow/.local/lib/python3.8/site-packages/airflow/example_dags/tutorial_objectstorage.py
[2026-02-14T20:24:31.194+0000] {logging_mixin.py:188} INFO - [2026-02-14T20:24:31.194+0000] {dag.py:3036} INFO - Sync 1 DAGs
[2026-02-14T20:24:31.221+0000] {logging_mixin.py:188} INFO - [2026-02-14T20:24:31.220+0000] {dag.py:3823} INFO - Setting next_dagrun for tutorial_objectstorage to None, run_after=None
[2026-02-14T20:24:31.259+0000] {processor.py:183} INFO - Processing /home/airflow/.local/lib/python3.8/site-packages/airflow/example_dags/tutorial_objectstorage.py took 0.124 seconds
[2026-02-14T20:25:01.494+0000] {processor.py:161} INFO - Started process (PID=5031) to work on /home/airflow/.local/lib/python3.8/site-packages/airflow/example_dags/tutorial_objectstorage.py
[2026-02-14T20:25:01.495+0000] {processor.py:830} INFO - Processing file /home/airflow/.local/lib/python3.8/site-packages/airflow/example_dags/tutorial_objectstorage.py for tasks to queue
[2026-02-14T20:25:01.501+0000] {logging_mixin.py:188} INFO - [2026-02-14T20:25:01.500+0000] {dagbag.py:538} INFO - Filling up the DagBag from /home/airflow/.local/lib/python3.8/site-packages/airflow/example_dags/tutorial_objectstorage.py
[2026-02-14T20:25:01.517+0000] {processor.py:840} INFO - DAG(s) 'tutorial_objectstorage' retrieved from /home/airflow/.local/lib/python3.8/site-packages/airflow/example_dags/tutorial_objectstorage.py
[2026-02-14T20:25:01.549+0000] {logging_mixin.py:188} INFO - [2026-02-14T20:25:01.549+0000] {dag.py:3036} INFO - Sync 1 DAGs
[2026-02-14T20:25:01.572+0000] {logging_mixin.py:188} INFO - [2026-02-14T20:25:01.571+0000] {dag.py:3823} INFO - Setting next_dagrun for tutorial_objectstorage to None, run_after=None
[2026-02-14T20:25:01.603+0000] {processor.py:183} INFO - Processing /home/airflow/.local/lib/python3.8/site-packages/airflow/example_dags/tutorial_objectstorage.py took 0.115 seconds
[2026-02-14T20:25:31.839+0000] {processor.py:161} INFO - Started process (PID=5115) to work on /home/airflow/.local/lib/python3.8/site-packages/airflow/example_dags/tutorial_objectstorage.py
[2026-02-14T20:25:31.841+0000] {processor.py:830} INFO - Processing file /home/airflow/.local/lib/python3.8/site-packages/airflow/example_dags/tutorial_objectstorage.py for tasks to queue
[2026-02-14T20:25:31.845+0000] {logging_mixin.py:188} INFO - [2026-02-14T20:25:31.844+0000] {dagbag.py:538} INFO - Filling up the DagBag from /home/airflow/.local/lib/python3.8/site-packages/airflow/example_dags/tutorial_objectstorage.py
[2026-02-14T20:25:31.857+0000] {processor.py:840} INFO - DAG(s) 'tutorial_objectstorage' retrieved from /home/airflow/.local/lib/python3.8/site-packages/airflow/example_dags/tutorial_objectstorage.py
[2026-02-14T20:25:31.892+0000] {logging_mixin.py:188} INFO - [2026-02-14T20:25:31.892+0000] {dag.py:3036} INFO - Sync 1 DAGs
[2026-02-14T20:25:31.917+0000] {logging_mixin.py:188} INFO - [2026-02-14T20:25:31.916+0000] {dag.py:3823} INFO - Setting next_dagrun for tutorial_objectstorage to None, run_after=None
[2026-02-14T20:25:31.951+0000] {processor.py:183} INFO - Processing /home/airflow/.local/lib/python3.8/site-packages/airflow/example_dags/tutorial_objectstorage.py took 0.118 seconds
[2026-02-14T20:26:02.136+0000] {processor.py:161} INFO - Started process (PID=5199) to work on /home/airflow/.local/lib/python3.8/site-packages/airflow/example_dags/tutorial_objectstorage.py
[2026-02-14T20:26:02.138+0000] {processor.py:830} INFO - Processing file /home/airflow/.local/lib/python3.8/site-packages/airflow/example_dags/tutorial_objectstorage.py for tasks to queue
[2026-02-14T20:26:02.140+0000] {logging_mixin.py:188} INFO - [2026-02-14T20:26:02.140+0000] {dagbag.py:538} INFO - Filling up the DagBag from /home/airflow/.local/lib/python3.8/site-packages/airflow/example_dags/tutorial_objectstorage.py
[2026-02-14T20:26:02.150+0000] {processor.py:840} INFO - DAG(s) 'tutorial_objectstorage' retrieved from /home/airflow/.local/lib/python3.8/site-packages/airflow/example_dags/tutorial_objectstorage.py
[2026-02-14T20:26:02.181+0000] {logging_mixin.py:188} INFO - [2026-02-14T20:26:02.180+0000] {dag.py:3036} INFO - Sync 1 DAGs
[2026-02-14T20:26:02.200+0000] {logging_mixin.py:188} INFO - [2026-02-14T20:26:02.200+0000] {dag.py:3823} INFO - Setting next_dagrun for tutorial_objectstorage to None, run_after=None
[2026-02-14T20:26:02.229+0000] {processor.py:183} INFO - Processing /home/airflow/.local/lib/python3.8/site-packages/airflow/example_dags/tutorial_objectstorage.py took 0.098 seconds
[2026-02-14T20:26:32.724+0000] {processor.py:161} INFO - Started process (PID=5282) to work on /home/airflow/.local/lib/python3.8/site-packages/airflow/example_dags/tutorial_objectstorage.py
[2026-02-14T20:26:32.726+0000] {processor.py:830} INFO - Processing file /home/airflow/.local/lib/python3.8/site-packages/airflow/example_dags/tutorial_objectstorage.py for tasks to queue
[2026-02-14T20:26:32.728+0000] {logging_mixin.py:188} INFO - [2026-02-14T20:26:32.728+0000] {dagbag.py:538} INFO - Filling up the DagBag from /home/airflow/.local/lib/python3.8/site-packages/airflow/example_dags/tutorial_objectstorage.py
[2026-02-14T20:26:32.738+0000] {processor.py:840} INFO - DAG(s) 'tutorial_objectstorage' retrieved from /home/airflow/.local/lib/python3.8/site-packages/airflow/example_dags/tutorial_objectstorage.py
[2026-02-14T20:26:32.766+0000] {logging_mixin.py:188} INFO - [2026-02-14T20:26:32.766+0000] {dag.py:3036} INFO - Sync 1 DAGs
[2026-02-14T20:26:32.785+0000] {logging_mixin.py:188} INFO - [2026-02-14T20:26:32.785+0000] {dag.py:3823} INFO - Setting next_dagrun for tutorial_objectstorage to None, run_after=None
[2026-02-14T20:26:32.813+0000] {processor.py:183} INFO - Processing /home/airflow/.local/lib/python3.8/site-packages/airflow/example_dags/tutorial_objectstorage.py took 0.093 seconds
[2026-02-14T20:27:03.036+0000] {processor.py:161} INFO - Started process (PID=5365) to work on /home/airflow/.local/lib/python3.8/site-packages/airflow/example_dags/tutorial_objectstorage.py
[2026-02-14T20:27:03.037+0000] {processor.py:830} INFO - Processing file /home/airflow/.local/lib/python3.8/site-packages/airflow/example_dags/tutorial_objectstorage.py for tasks to queue
[2026-02-14T20:27:03.040+0000] {logging_mixin.py:188} INFO - [2026-02-14T20:27:03.040+0000] {dagbag.py:538} INFO - Filling up the DagBag from /home/airflow/.local/lib/python3.8/site-packages/airflow/example_dags/tutorial_objectstorage.py
[2026-02-14T20:27:03.051+0000] {processor.py:840} INFO - DAG(s) 'tutorial_objectstorage' retrieved from /home/airflow/.local/lib/python3.8/site-packages/airflow/example_dags/tutorial_objectstorage.py
[2026-02-14T20:27:03.084+0000] {logging_mixin.py:188} INFO - [2026-02-14T20:27:03.084+0000] {dag.py:3036} INFO - Sync 1 DAGs
[2026-02-14T20:27:03.107+0000] {logging_mixin.py:188} INFO - [2026-02-14T20:27:03.106+0000] {dag.py:3823} INFO - Setting next_dagrun for tutorial_objectstorage to None, run_after=None
[2026-02-14T20:27:03.137+0000] {processor.py:183} INFO - Processing /home/airflow/.local/lib/python3.8/site-packages/airflow/example_dags/tutorial_objectstorage.py took 0.107 seconds
[2026-02-14T20:27:33.795+0000] {processor.py:161} INFO - Started process (PID=5448) to work on /home/airflow/.local/lib/python3.8/site-packages/airflow/example_dags/tutorial_objectstorage.py
[2026-02-14T20:27:33.797+0000] {processor.py:830} INFO - Processing file /home/airflow/.local/lib/python3.8/site-packages/airflow/example_dags/tutorial_objectstorage.py for tasks to queue
[2026-02-14T20:27:33.799+0000] {logging_mixin.py:188} INFO - [2026-02-14T20:27:33.799+0000] {dagbag.py:538} INFO - Filling up the DagBag from /home/airflow/.local/lib/python3.8/site-packages/airflow/example_dags/tutorial_objectstorage.py
[2026-02-14T20:27:33.809+0000] {processor.py:840} INFO - DAG(s) 'tutorial_objectstorage' retrieved from /home/airflow/.local/lib/python3.8/site-packages/airflow/example_dags/tutorial_objectstorage.py
[2026-02-14T20:27:33.843+0000] {logging_mixin.py:188} INFO - [2026-02-14T20:27:33.842+0000] {dag.py:3036} INFO - Sync 1 DAGs
[2026-02-14T20:27:33.864+0000] {logging_mixin.py:188} INFO - [2026-02-14T20:27:33.864+0000] {dag.py:3823} INFO - Setting next_dagrun for tutorial_objectstorage to None, run_after=None
[2026-02-14T20:27:33.895+0000] {processor.py:183} INFO - Processing /home/airflow/.local/lib/python3.8/site-packages/airflow/example_dags/tutorial_objectstorage.py took 0.105 seconds
[2026-02-14T20:28:04.110+0000] {processor.py:161} INFO - Started process (PID=5532) to work on /home/airflow/.local/lib/python3.8/site-packages/airflow/example_dags/tutorial_objectstorage.py
[2026-02-14T20:28:04.112+0000] {processor.py:830} INFO - Processing file /home/airflow/.local/lib/python3.8/site-packages/airflow/example_dags/tutorial_objectstorage.py for tasks to queue
[2026-02-14T20:28:04.115+0000] {logging_mixin.py:188} INFO - [2026-02-14T20:28:04.114+0000] {dagbag.py:538} INFO - Filling up the DagBag from /home/airflow/.local/lib/python3.8/site-packages/airflow/example_dags/tutorial_objectstorage.py
[2026-02-14T20:28:04.125+0000] {processor.py:840} INFO - DAG(s) 'tutorial_objectstorage' retrieved from /home/airflow/.local/lib/python3.8/site-packages/airflow/example_dags/tutorial_objectstorage.py
[2026-02-14T20:28:04.166+0000] {logging_mixin.py:188} INFO - [2026-02-14T20:28:04.166+0000] {dag.py:3036} INFO - Sync 1 DAGs
[2026-02-14T20:28:04.187+0000] {logging_mixin.py:188} INFO - [2026-02-14T20:28:04.187+0000] {dag.py:3823} INFO - Setting next_dagrun for tutorial_objectstorage to None, run_after=None
[2026-02-14T20:28:04.220+0000] {processor.py:183} INFO - Processing /home/airflow/.local/lib/python3.8/site-packages/airflow/example_dags/tutorial_objectstorage.py took 0.114 seconds
[2026-02-14T20:28:34.505+0000] {processor.py:161} INFO - Started process (PID=5621) to work on /home/airflow/.local/lib/python3.8/site-packages/airflow/example_dags/tutorial_objectstorage.py
[2026-02-14T20:28:34.507+0000] {processor.py:830} INFO - Processing file /home/airflow/.local/lib/python3.8/site-packages/airflow/example_dags/tutorial_objectstorage.py for tasks to queue
[2026-02-14T20:28:34.510+0000] {logging_mixin.py:188} INFO - [2026-02-14T20:28:34.510+0000] {dagbag.py:538} INFO - Filling up the DagBag from /home/airflow/.local/lib/python3.8/site-packages/airflow/example_dags/tutorial_objectstorage.py
[2026-02-14T20:28:34.521+0000] {processor.py:840} INFO - DAG(s) 'tutorial_objectstorage' retrieved from /home/airflow/.local/lib/python3.8/site-packages/airflow/example_dags/tutorial_objectstorage.py
[2026-02-14T20:28:34.557+0000] {logging_mixin.py:188} INFO - [2026-02-14T20:28:34.556+0000] {dag.py:3036} INFO - Sync 1 DAGs
[2026-02-14T20:28:34.581+0000] {logging_mixin.py:188} INFO - [2026-02-14T20:28:34.581+0000] {dag.py:3823} INFO - Setting next_dagrun for tutorial_objectstorage to None, run_after=None
[2026-02-14T20:28:34.612+0000] {processor.py:183} INFO - Processing /home/airflow/.local/lib/python3.8/site-packages/airflow/example_dags/tutorial_objectstorage.py took 0.114 seconds
[2026-02-14T20:29:05.000+0000] {processor.py:161} INFO - Started process (PID=5703) to work on /home/airflow/.local/lib/python3.8/site-packages/airflow/example_dags/tutorial_objectstorage.py
[2026-02-14T20:29:05.002+0000] {processor.py:830} INFO - Processing file /home/airflow/.local/lib/python3.8/site-packages/airflow/example_dags/tutorial_objectstorage.py for tasks to queue
[2026-02-14T20:29:05.005+0000] {logging_mixin.py:188} INFO - [2026-02-14T20:29:05.004+0000] {dagbag.py:538} INFO - Filling up the DagBag from /home/airflow/.local/lib/python3.8/site-packages/airflow/example_dags/tutorial_objectstorage.py
[2026-02-14T20:29:05.021+0000] {processor.py:840} INFO - DAG(s) 'tutorial_objectstorage' retrieved from /home/airflow/.local/lib/python3.8/site-packages/airflow/example_dags/tutorial_objectstorage.py
[2026-02-14T20:29:05.061+0000] {logging_mixin.py:188} INFO - [2026-02-14T20:29:05.061+0000] {dag.py:3036} INFO - Sync 1 DAGs
[2026-02-14T20:29:05.087+0000] {logging_mixin.py:188} INFO - [2026-02-14T20:29:05.087+0000] {dag.py:3823} INFO - Setting next_dagrun for tutorial_objectstorage to None, run_after=None
[2026-02-14T20:29:05.120+0000] {processor.py:183} INFO - Processing /home/airflow/.local/lib/python3.8/site-packages/airflow/example_dags/tutorial_objectstorage.py took 0.126 seconds
[2026-02-14T20:29:35.473+0000] {processor.py:161} INFO - Started process (PID=5787) to work on /home/airflow/.local/lib/python3.8/site-packages/airflow/example_dags/tutorial_objectstorage.py
[2026-02-14T20:29:35.480+0000] {processor.py:830} INFO - Processing file /home/airflow/.local/lib/python3.8/site-packages/airflow/example_dags/tutorial_objectstorage.py for tasks to queue
[2026-02-14T20:29:35.486+0000] {logging_mixin.py:188} INFO - [2026-02-14T20:29:35.485+0000] {dagbag.py:538} INFO - Filling up the DagBag from /home/airflow/.local/lib/python3.8/site-packages/airflow/example_dags/tutorial_objectstorage.py
[2026-02-14T20:29:35.516+0000] {processor.py:840} INFO - DAG(s) 'tutorial_objectstorage' retrieved from /home/airflow/.local/lib/python3.8/site-packages/airflow/example_dags/tutorial_objectstorage.py
[2026-02-14T20:29:35.589+0000] {logging_mixin.py:188} INFO - [2026-02-14T20:29:35.588+0000] {dag.py:3036} INFO - Sync 1 DAGs
[2026-02-14T20:29:35.612+0000] {logging_mixin.py:188} INFO - [2026-02-14T20:29:35.612+0000] {dag.py:3823} INFO - Setting next_dagrun for tutorial_objectstorage to None, run_after=None
[2026-02-14T20:29:35.646+0000] {processor.py:183} INFO - Processing /home/airflow/.local/lib/python3.8/site-packages/airflow/example_dags/tutorial_objectstorage.py took 0.184 seconds
[2026-02-14T20:30:05.918+0000] {processor.py:161} INFO - Started process (PID=5871) to work on /home/airflow/.local/lib/python3.8/site-packages/airflow/example_dags/tutorial_objectstorage.py
[2026-02-14T20:30:05.920+0000] {processor.py:830} INFO - Processing file /home/airflow/.local/lib/python3.8/site-packages/airflow/example_dags/tutorial_objectstorage.py for tasks to queue
[2026-02-14T20:30:05.923+0000] {logging_mixin.py:188} INFO - [2026-02-14T20:30:05.922+0000] {dagbag.py:538} INFO - Filling up the DagBag from /home/airflow/.local/lib/python3.8/site-packages/airflow/example_dags/tutorial_objectstorage.py
[2026-02-14T20:30:05.943+0000] {processor.py:840} INFO - DAG(s) 'tutorial_objectstorage' retrieved from /home/airflow/.local/lib/python3.8/site-packages/airflow/example_dags/tutorial_objectstorage.py
[2026-02-14T20:30:05.980+0000] {logging_mixin.py:188} INFO - [2026-02-14T20:30:05.980+0000] {dag.py:3036} INFO - Sync 1 DAGs
[2026-02-14T20:30:06.004+0000] {logging_mixin.py:188} INFO - [2026-02-14T20:30:06.004+0000] {dag.py:3823} INFO - Setting next_dagrun for tutorial_objectstorage to None, run_after=None
[2026-02-14T20:30:06.040+0000] {processor.py:183} INFO - Processing /home/airflow/.local/lib/python3.8/site-packages/airflow/example_dags/tutorial_objectstorage.py took 0.143 seconds
[2026-02-14T20:30:36.347+0000] {processor.py:161} INFO - Started process (PID=5954) to work on /home/airflow/.local/lib/python3.8/site-packages/airflow/example_dags/tutorial_objectstorage.py
[2026-02-14T20:30:36.350+0000] {processor.py:830} INFO - Processing file /home/airflow/.local/lib/python3.8/site-packages/airflow/example_dags/tutorial_objectstorage.py for tasks to queue
[2026-02-14T20:30:36.353+0000] {logging_mixin.py:188} INFO - [2026-02-14T20:30:36.352+0000] {dagbag.py:538} INFO - Filling up the DagBag from /home/airflow/.local/lib/python3.8/site-packages/airflow/example_dags/tutorial_objectstorage.py
[2026-02-14T20:30:36.363+0000] {processor.py:840} INFO - DAG(s) 'tutorial_objectstorage' retrieved from /home/airflow/.local/lib/python3.8/site-packages/airflow/example_dags/tutorial_objectstorage.py
[2026-02-14T20:30:36.395+0000] {logging_mixin.py:188} INFO - [2026-02-14T20:30:36.395+0000] {dag.py:3036} INFO - Sync 1 DAGs
[2026-02-14T20:30:36.419+0000] {logging_mixin.py:188} INFO - [2026-02-14T20:30:36.419+0000] {dag.py:3823} INFO - Setting next_dagrun for tutorial_objectstorage to None, run_after=None
[2026-02-14T20:30:36.460+0000] {processor.py:183} INFO - Processing /home/airflow/.local/lib/python3.8/site-packages/airflow/example_dags/tutorial_objectstorage.py took 0.118 seconds
[2026-02-14T20:31:07.307+0000] {processor.py:161} INFO - Started process (PID=6037) to work on /home/airflow/.local/lib/python3.8/site-packages/airflow/example_dags/tutorial_objectstorage.py
[2026-02-14T20:31:07.311+0000] {processor.py:830} INFO - Processing file /home/airflow/.local/lib/python3.8/site-packages/airflow/example_dags/tutorial_objectstorage.py for tasks to queue
[2026-02-14T20:31:07.313+0000] {logging_mixin.py:188} INFO - [2026-02-14T20:31:07.313+0000] {dagbag.py:538} INFO - Filling up the DagBag from /home/airflow/.local/lib/python3.8/site-packages/airflow/example_dags/tutorial_objectstorage.py
[2026-02-14T20:31:07.323+0000] {processor.py:840} INFO - DAG(s) 'tutorial_objectstorage' retrieved from /home/airflow/.local/lib/python3.8/site-packages/airflow/example_dags/tutorial_objectstorage.py
[2026-02-14T20:31:07.353+0000] {logging_mixin.py:188} INFO - [2026-02-14T20:31:07.353+0000] {dag.py:3036} INFO - Sync 1 DAGs
[2026-02-14T20:31:07.373+0000] {logging_mixin.py:188} INFO - [2026-02-14T20:31:07.373+0000] {dag.py:3823} INFO - Setting next_dagrun for tutorial_objectstorage to None, run_after=None
[2026-02-14T20:31:07.406+0000] {processor.py:183} INFO - Processing /home/airflow/.local/lib/python3.8/site-packages/airflow/example_dags/tutorial_objectstorage.py took 0.104 seconds
[2026-02-14T20:31:37.851+0000] {processor.py:161} INFO - Started process (PID=6120) to work on /home/airflow/.local/lib/python3.8/site-packages/airflow/example_dags/tutorial_objectstorage.py
[2026-02-14T20:31:37.852+0000] {processor.py:830} INFO - Processing file /home/airflow/.local/lib/python3.8/site-packages/airflow/example_dags/tutorial_objectstorage.py for tasks to queue
[2026-02-14T20:31:37.855+0000] {logging_mixin.py:188} INFO - [2026-02-14T20:31:37.855+0000] {dagbag.py:538} INFO - Filling up the DagBag from /home/airflow/.local/lib/python3.8/site-packages/airflow/example_dags/tutorial_objectstorage.py
[2026-02-14T20:31:37.865+0000] {processor.py:840} INFO - DAG(s) 'tutorial_objectstorage' retrieved from /home/airflow/.local/lib/python3.8/site-packages/airflow/example_dags/tutorial_objectstorage.py
[2026-02-14T20:31:37.895+0000] {logging_mixin.py:188} INFO - [2026-02-14T20:31:37.895+0000] {dag.py:3036} INFO - Sync 1 DAGs
[2026-02-14T20:31:37.916+0000] {logging_mixin.py:188} INFO - [2026-02-14T20:31:37.915+0000] {dag.py:3823} INFO - Setting next_dagrun for tutorial_objectstorage to None, run_after=None
[2026-02-14T20:31:37.945+0000] {processor.py:183} INFO - Processing /home/airflow/.local/lib/python3.8/site-packages/airflow/example_dags/tutorial_objectstorage.py took 0.099 seconds
[2026-02-14T20:32:08.561+0000] {processor.py:161} INFO - Started process (PID=6204) to work on /home/airflow/.local/lib/python3.8/site-packages/airflow/example_dags/tutorial_objectstorage.py
[2026-02-14T20:32:08.562+0000] {processor.py:830} INFO - Processing file /home/airflow/.local/lib/python3.8/site-packages/airflow/example_dags/tutorial_objectstorage.py for tasks to queue
[2026-02-14T20:32:08.565+0000] {logging_mixin.py:188} INFO - [2026-02-14T20:32:08.565+0000] {dagbag.py:538} INFO - Filling up the DagBag from /home/airflow/.local/lib/python3.8/site-packages/airflow/example_dags/tutorial_objectstorage.py
[2026-02-14T20:32:08.577+0000] {processor.py:840} INFO - DAG(s) 'tutorial_objectstorage' retrieved from /home/airflow/.local/lib/python3.8/site-packages/airflow/example_dags/tutorial_objectstorage.py
[2026-02-14T20:32:08.607+0000] {logging_mixin.py:188} INFO - [2026-02-14T20:32:08.607+0000] {dag.py:3036} INFO - Sync 1 DAGs
[2026-02-14T20:32:08.627+0000] {logging_mixin.py:188} INFO - [2026-02-14T20:32:08.627+0000] {dag.py:3823} INFO - Setting next_dagrun for tutorial_objectstorage to None, run_after=None
[2026-02-14T20:32:08.668+0000] {processor.py:183} INFO - Processing /home/airflow/.local/lib/python3.8/site-packages/airflow/example_dags/tutorial_objectstorage.py took 0.112 seconds
[2026-02-14T20:32:38.966+0000] {processor.py:161} INFO - Started process (PID=6287) to work on /home/airflow/.local/lib/python3.8/site-packages/airflow/example_dags/tutorial_objectstorage.py
[2026-02-14T20:32:38.968+0000] {processor.py:830} INFO - Processing file /home/airflow/.local/lib/python3.8/site-packages/airflow/example_dags/tutorial_objectstorage.py for tasks to queue
[2026-02-14T20:32:38.970+0000] {logging_mixin.py:188} INFO - [2026-02-14T20:32:38.970+0000] {dagbag.py:538} INFO - Filling up the DagBag from /home/airflow/.local/lib/python3.8/site-packages/airflow/example_dags/tutorial_objectstorage.py
[2026-02-14T20:32:38.982+0000] {processor.py:840} INFO - DAG(s) 'tutorial_objectstorage' retrieved from /home/airflow/.local/lib/python3.8/site-packages/airflow/example_dags/tutorial_objectstorage.py
[2026-02-14T20:32:39.015+0000] {logging_mixin.py:188} INFO - [2026-02-14T20:32:39.014+0000] {dag.py:3036} INFO - Sync 1 DAGs
[2026-02-14T20:32:39.036+0000] {logging_mixin.py:188} INFO - [2026-02-14T20:32:39.035+0000] {dag.py:3823} INFO - Setting next_dagrun for tutorial_objectstorage to None, run_after=None
[2026-02-14T20:32:39.065+0000] {processor.py:183} INFO - Processing /home/airflow/.local/lib/python3.8/site-packages/airflow/example_dags/tutorial_objectstorage.py took 0.106 seconds
[2026-02-14T20:33:09.620+0000] {processor.py:161} INFO - Started process (PID=6371) to work on /home/airflow/.local/lib/python3.8/site-packages/airflow/example_dags/tutorial_objectstorage.py
[2026-02-14T20:33:09.622+0000] {processor.py:830} INFO - Processing file /home/airflow/.local/lib/python3.8/site-packages/airflow/example_dags/tutorial_objectstorage.py for tasks to queue
[2026-02-14T20:33:09.625+0000] {logging_mixin.py:188} INFO - [2026-02-14T20:33:09.625+0000] {dagbag.py:538} INFO - Filling up the DagBag from /home/airflow/.local/lib/python3.8/site-packages/airflow/example_dags/tutorial_objectstorage.py
[2026-02-14T20:33:09.635+0000] {processor.py:840} INFO - DAG(s) 'tutorial_objectstorage' retrieved from /home/airflow/.local/lib/python3.8/site-packages/airflow/example_dags/tutorial_objectstorage.py
[2026-02-14T20:33:09.671+0000] {logging_mixin.py:188} INFO - [2026-02-14T20:33:09.670+0000] {dag.py:3036} INFO - Sync 1 DAGs
[2026-02-14T20:33:09.690+0000] {logging_mixin.py:188} INFO - [2026-02-14T20:33:09.690+0000] {dag.py:3823} INFO - Setting next_dagrun for tutorial_objectstorage to None, run_after=None
[2026-02-14T20:33:09.719+0000] {processor.py:183} INFO - Processing /home/airflow/.local/lib/python3.8/site-packages/airflow/example_dags/tutorial_objectstorage.py took 0.104 seconds
[2026-02-14T20:33:40.178+0000] {processor.py:161} INFO - Started process (PID=6461) to work on /home/airflow/.local/lib/python3.8/site-packages/airflow/example_dags/tutorial_objectstorage.py
[2026-02-14T20:33:40.179+0000] {processor.py:830} INFO - Processing file /home/airflow/.local/lib/python3.8/site-packages/airflow/example_dags/tutorial_objectstorage.py for tasks to queue
[2026-02-14T20:33:40.182+0000] {logging_mixin.py:188} INFO - [2026-02-14T20:33:40.181+0000] {dagbag.py:538} INFO - Filling up the DagBag from /home/airflow/.local/lib/python3.8/site-packages/airflow/example_dags/tutorial_objectstorage.py
[2026-02-14T20:33:40.192+0000] {processor.py:840} INFO - DAG(s) 'tutorial_objectstorage' retrieved from /home/airflow/.local/lib/python3.8/site-packages/airflow/example_dags/tutorial_objectstorage.py
[2026-02-14T20:33:40.224+0000] {logging_mixin.py:188} INFO - [2026-02-14T20:33:40.223+0000] {dag.py:3036} INFO - Sync 1 DAGs
[2026-02-14T20:33:40.246+0000] {logging_mixin.py:188} INFO - [2026-02-14T20:33:40.245+0000] {dag.py:3823} INFO - Setting next_dagrun for tutorial_objectstorage to None, run_after=None
[2026-02-14T20:33:40.277+0000] {processor.py:183} INFO - Processing /home/airflow/.local/lib/python3.8/site-packages/airflow/example_dags/tutorial_objectstorage.py took 0.104 seconds
[2026-02-14T20:34:10.424+0000] {processor.py:161} INFO - Started process (PID=6545) to work on /home/airflow/.local/lib/python3.8/site-packages/airflow/example_dags/tutorial_objectstorage.py
[2026-02-14T20:34:10.425+0000] {processor.py:830} INFO - Processing file /home/airflow/.local/lib/python3.8/site-packages/airflow/example_dags/tutorial_objectstorage.py for tasks to queue
[2026-02-14T20:34:10.428+0000] {logging_mixin.py:188} INFO - [2026-02-14T20:34:10.427+0000] {dagbag.py:538} INFO - Filling up the DagBag from /home/airflow/.local/lib/python3.8/site-packages/airflow/example_dags/tutorial_objectstorage.py
[2026-02-14T20:34:10.438+0000] {processor.py:840} INFO - DAG(s) 'tutorial_objectstorage' retrieved from /home/airflow/.local/lib/python3.8/site-packages/airflow/example_dags/tutorial_objectstorage.py
[2026-02-14T20:34:10.468+0000] {logging_mixin.py:188} INFO - [2026-02-14T20:34:10.467+0000] {dag.py:3036} INFO - Sync 1 DAGs
[2026-02-14T20:34:10.491+0000] {logging_mixin.py:188} INFO - [2026-02-14T20:34:10.491+0000] {dag.py:3823} INFO - Setting next_dagrun for tutorial_objectstorage to None, run_after=None
[2026-02-14T20:34:10.527+0000] {processor.py:183} INFO - Processing /home/airflow/.local/lib/python3.8/site-packages/airflow/example_dags/tutorial_objectstorage.py took 0.108 seconds
[2026-02-14T20:34:40.989+0000] {processor.py:161} INFO - Started process (PID=6629) to work on /home/airflow/.local/lib/python3.8/site-packages/airflow/example_dags/tutorial_objectstorage.py
[2026-02-14T20:34:40.992+0000] {processor.py:830} INFO - Processing file /home/airflow/.local/lib/python3.8/site-packages/airflow/example_dags/tutorial_objectstorage.py for tasks to queue
[2026-02-14T20:34:40.995+0000] {logging_mixin.py:188} INFO - [2026-02-14T20:34:40.995+0000] {dagbag.py:538} INFO - Filling up the DagBag from /home/airflow/.local/lib/python3.8/site-packages/airflow/example_dags/tutorial_objectstorage.py
[2026-02-14T20:34:41.015+0000] {processor.py:840} INFO - DAG(s) 'tutorial_objectstorage' retrieved from /home/airflow/.local/lib/python3.8/site-packages/airflow/example_dags/tutorial_objectstorage.py
[2026-02-14T20:34:41.050+0000] {logging_mixin.py:188} INFO - [2026-02-14T20:34:41.049+0000] {dag.py:3036} INFO - Sync 1 DAGs
[2026-02-14T20:34:41.076+0000] {logging_mixin.py:188} INFO - [2026-02-14T20:34:41.076+0000] {dag.py:3823} INFO - Setting next_dagrun for tutorial_objectstorage to None, run_after=None
[2026-02-14T20:34:41.111+0000] {processor.py:183} INFO - Processing /home/airflow/.local/lib/python3.8/site-packages/airflow/example_dags/tutorial_objectstorage.py took 0.128 seconds
[2026-02-14T20:35:11.540+0000] {processor.py:161} INFO - Started process (PID=6712) to work on /home/airflow/.local/lib/python3.8/site-packages/airflow/example_dags/tutorial_objectstorage.py
[2026-02-14T20:35:11.542+0000] {processor.py:830} INFO - Processing file /home/airflow/.local/lib/python3.8/site-packages/airflow/example_dags/tutorial_objectstorage.py for tasks to queue
[2026-02-14T20:35:11.545+0000] {logging_mixin.py:188} INFO - [2026-02-14T20:35:11.544+0000] {dagbag.py:538} INFO - Filling up the DagBag from /home/airflow/.local/lib/python3.8/site-packages/airflow/example_dags/tutorial_objectstorage.py
[2026-02-14T20:35:11.555+0000] {processor.py:840} INFO - DAG(s) 'tutorial_objectstorage' retrieved from /home/airflow/.local/lib/python3.8/site-packages/airflow/example_dags/tutorial_objectstorage.py
[2026-02-14T20:35:11.587+0000] {logging_mixin.py:188} INFO - [2026-02-14T20:35:11.587+0000] {dag.py:3036} INFO - Sync 1 DAGs
[2026-02-14T20:35:11.610+0000] {logging_mixin.py:188} INFO - [2026-02-14T20:35:11.609+0000] {dag.py:3823} INFO - Setting next_dagrun for tutorial_objectstorage to None, run_after=None
[2026-02-14T20:35:11.640+0000] {processor.py:183} INFO - Processing /home/airflow/.local/lib/python3.8/site-packages/airflow/example_dags/tutorial_objectstorage.py took 0.105 seconds
[2026-02-14T20:35:41.895+0000] {processor.py:161} INFO - Started process (PID=6795) to work on /home/airflow/.local/lib/python3.8/site-packages/airflow/example_dags/tutorial_objectstorage.py
[2026-02-14T20:35:41.897+0000] {processor.py:830} INFO - Processing file /home/airflow/.local/lib/python3.8/site-packages/airflow/example_dags/tutorial_objectstorage.py for tasks to queue
[2026-02-14T20:35:41.900+0000] {logging_mixin.py:188} INFO - [2026-02-14T20:35:41.900+0000] {dagbag.py:538} INFO - Filling up the DagBag from /home/airflow/.local/lib/python3.8/site-packages/airflow/example_dags/tutorial_objectstorage.py
[2026-02-14T20:35:41.912+0000] {processor.py:840} INFO - DAG(s) 'tutorial_objectstorage' retrieved from /home/airflow/.local/lib/python3.8/site-packages/airflow/example_dags/tutorial_objectstorage.py
[2026-02-14T20:35:41.949+0000] {logging_mixin.py:188} INFO - [2026-02-14T20:35:41.949+0000] {dag.py:3036} INFO - Sync 1 DAGs
[2026-02-14T20:35:41.977+0000] {logging_mixin.py:188} INFO - [2026-02-14T20:35:41.976+0000] {dag.py:3823} INFO - Setting next_dagrun for tutorial_objectstorage to None, run_after=None
[2026-02-14T20:35:42.013+0000] {processor.py:183} INFO - Processing /home/airflow/.local/lib/python3.8/site-packages/airflow/example_dags/tutorial_objectstorage.py took 0.124 seconds
[2026-02-14T20:36:12.251+0000] {processor.py:161} INFO - Started process (PID=6877) to work on /home/airflow/.local/lib/python3.8/site-packages/airflow/example_dags/tutorial_objectstorage.py
[2026-02-14T20:36:12.253+0000] {processor.py:830} INFO - Processing file /home/airflow/.local/lib/python3.8/site-packages/airflow/example_dags/tutorial_objectstorage.py for tasks to queue
[2026-02-14T20:36:12.256+0000] {logging_mixin.py:188} INFO - [2026-02-14T20:36:12.256+0000] {dagbag.py:538} INFO - Filling up the DagBag from /home/airflow/.local/lib/python3.8/site-packages/airflow/example_dags/tutorial_objectstorage.py
[2026-02-14T20:36:12.268+0000] {processor.py:840} INFO - DAG(s) 'tutorial_objectstorage' retrieved from /home/airflow/.local/lib/python3.8/site-packages/airflow/example_dags/tutorial_objectstorage.py
[2026-02-14T20:36:12.301+0000] {logging_mixin.py:188} INFO - [2026-02-14T20:36:12.301+0000] {dag.py:3036} INFO - Sync 1 DAGs
[2026-02-14T20:36:12.328+0000] {logging_mixin.py:188} INFO - [2026-02-14T20:36:12.327+0000] {dag.py:3823} INFO - Setting next_dagrun for tutorial_objectstorage to None, run_after=None
[2026-02-14T20:36:12.361+0000] {processor.py:183} INFO - Processing /home/airflow/.local/lib/python3.8/site-packages/airflow/example_dags/tutorial_objectstorage.py took 0.116 seconds
[2026-02-14T20:36:42.606+0000] {processor.py:161} INFO - Started process (PID=6959) to work on /home/airflow/.local/lib/python3.8/site-packages/airflow/example_dags/tutorial_objectstorage.py
[2026-02-14T20:36:42.607+0000] {processor.py:830} INFO - Processing file /home/airflow/.local/lib/python3.8/site-packages/airflow/example_dags/tutorial_objectstorage.py for tasks to queue
[2026-02-14T20:36:42.610+0000] {logging_mixin.py:188} INFO - [2026-02-14T20:36:42.610+0000] {dagbag.py:538} INFO - Filling up the DagBag from /home/airflow/.local/lib/python3.8/site-packages/airflow/example_dags/tutorial_objectstorage.py
[2026-02-14T20:36:42.619+0000] {processor.py:840} INFO - DAG(s) 'tutorial_objectstorage' retrieved from /home/airflow/.local/lib/python3.8/site-packages/airflow/example_dags/tutorial_objectstorage.py
[2026-02-14T20:36:42.653+0000] {logging_mixin.py:188} INFO - [2026-02-14T20:36:42.653+0000] {dag.py:3036} INFO - Sync 1 DAGs
[2026-02-14T20:36:42.678+0000] {logging_mixin.py:188} INFO - [2026-02-14T20:36:42.677+0000] {dag.py:3823} INFO - Setting next_dagrun for tutorial_objectstorage to None, run_after=None
[2026-02-14T20:36:42.712+0000] {processor.py:183} INFO - Processing /home/airflow/.local/lib/python3.8/site-packages/airflow/example_dags/tutorial_objectstorage.py took 0.110 seconds
[2026-02-14T20:37:13.183+0000] {processor.py:161} INFO - Started process (PID=7043) to work on /home/airflow/.local/lib/python3.8/site-packages/airflow/example_dags/tutorial_objectstorage.py
[2026-02-14T20:37:13.185+0000] {processor.py:830} INFO - Processing file /home/airflow/.local/lib/python3.8/site-packages/airflow/example_dags/tutorial_objectstorage.py for tasks to queue
[2026-02-14T20:37:13.188+0000] {logging_mixin.py:188} INFO - [2026-02-14T20:37:13.187+0000] {dagbag.py:538} INFO - Filling up the DagBag from /home/airflow/.local/lib/python3.8/site-packages/airflow/example_dags/tutorial_objectstorage.py
[2026-02-14T20:37:13.197+0000] {processor.py:840} INFO - DAG(s) 'tutorial_objectstorage' retrieved from /home/airflow/.local/lib/python3.8/site-packages/airflow/example_dags/tutorial_objectstorage.py
[2026-02-14T20:37:13.226+0000] {logging_mixin.py:188} INFO - [2026-02-14T20:37:13.226+0000] {dag.py:3036} INFO - Sync 1 DAGs
[2026-02-14T20:37:13.246+0000] {logging_mixin.py:188} INFO - [2026-02-14T20:37:13.246+0000] {dag.py:3823} INFO - Setting next_dagrun for tutorial_objectstorage to None, run_after=None
[2026-02-14T20:37:13.276+0000] {processor.py:183} INFO - Processing /home/airflow/.local/lib/python3.8/site-packages/airflow/example_dags/tutorial_objectstorage.py took 0.097 seconds
[2026-02-14T20:37:43.423+0000] {processor.py:161} INFO - Started process (PID=7126) to work on /home/airflow/.local/lib/python3.8/site-packages/airflow/example_dags/tutorial_objectstorage.py
[2026-02-14T20:37:43.424+0000] {processor.py:830} INFO - Processing file /home/airflow/.local/lib/python3.8/site-packages/airflow/example_dags/tutorial_objectstorage.py for tasks to queue
[2026-02-14T20:37:43.426+0000] {logging_mixin.py:188} INFO - [2026-02-14T20:37:43.426+0000] {dagbag.py:538} INFO - Filling up the DagBag from /home/airflow/.local/lib/python3.8/site-packages/airflow/example_dags/tutorial_objectstorage.py
[2026-02-14T20:37:43.435+0000] {processor.py:840} INFO - DAG(s) 'tutorial_objectstorage' retrieved from /home/airflow/.local/lib/python3.8/site-packages/airflow/example_dags/tutorial_objectstorage.py
[2026-02-14T20:37:43.467+0000] {logging_mixin.py:188} INFO - [2026-02-14T20:37:43.467+0000] {dag.py:3036} INFO - Sync 1 DAGs
[2026-02-14T20:37:43.486+0000] {logging_mixin.py:188} INFO - [2026-02-14T20:37:43.486+0000] {dag.py:3823} INFO - Setting next_dagrun for tutorial_objectstorage to None, run_after=None
[2026-02-14T20:37:43.515+0000] {processor.py:183} INFO - Processing /home/airflow/.local/lib/python3.8/site-packages/airflow/example_dags/tutorial_objectstorage.py took 0.097 seconds
[2026-02-14T20:38:13.584+0000] {processor.py:161} INFO - Started process (PID=7209) to work on /home/airflow/.local/lib/python3.8/site-packages/airflow/example_dags/tutorial_objectstorage.py
[2026-02-14T20:38:13.586+0000] {processor.py:830} INFO - Processing file /home/airflow/.local/lib/python3.8/site-packages/airflow/example_dags/tutorial_objectstorage.py for tasks to queue
[2026-02-14T20:38:13.588+0000] {logging_mixin.py:188} INFO - [2026-02-14T20:38:13.588+0000] {dagbag.py:538} INFO - Filling up the DagBag from /home/airflow/.local/lib/python3.8/site-packages/airflow/example_dags/tutorial_objectstorage.py
[2026-02-14T20:38:13.598+0000] {processor.py:840} INFO - DAG(s) 'tutorial_objectstorage' retrieved from /home/airflow/.local/lib/python3.8/site-packages/airflow/example_dags/tutorial_objectstorage.py
[2026-02-14T20:38:13.631+0000] {logging_mixin.py:188} INFO - [2026-02-14T20:38:13.630+0000] {dag.py:3036} INFO - Sync 1 DAGs
[2026-02-14T20:38:13.650+0000] {logging_mixin.py:188} INFO - [2026-02-14T20:38:13.649+0000] {dag.py:3823} INFO - Setting next_dagrun for tutorial_objectstorage to None, run_after=None
[2026-02-14T20:38:13.678+0000] {processor.py:183} INFO - Processing /home/airflow/.local/lib/python3.8/site-packages/airflow/example_dags/tutorial_objectstorage.py took 0.099 seconds
[2026-02-14T20:38:44.312+0000] {processor.py:161} INFO - Started process (PID=7301) to work on /home/airflow/.local/lib/python3.8/site-packages/airflow/example_dags/tutorial_objectstorage.py
[2026-02-14T20:38:44.313+0000] {processor.py:830} INFO - Processing file /home/airflow/.local/lib/python3.8/site-packages/airflow/example_dags/tutorial_objectstorage.py for tasks to queue
[2026-02-14T20:38:44.317+0000] {logging_mixin.py:188} INFO - [2026-02-14T20:38:44.316+0000] {dagbag.py:538} INFO - Filling up the DagBag from /home/airflow/.local/lib/python3.8/site-packages/airflow/example_dags/tutorial_objectstorage.py
[2026-02-14T20:38:44.329+0000] {processor.py:840} INFO - DAG(s) 'tutorial_objectstorage' retrieved from /home/airflow/.local/lib/python3.8/site-packages/airflow/example_dags/tutorial_objectstorage.py
[2026-02-14T20:38:44.363+0000] {logging_mixin.py:188} INFO - [2026-02-14T20:38:44.362+0000] {dag.py:3036} INFO - Sync 1 DAGs
[2026-02-14T20:38:44.387+0000] {logging_mixin.py:188} INFO - [2026-02-14T20:38:44.386+0000] {dag.py:3823} INFO - Setting next_dagrun for tutorial_objectstorage to None, run_after=None
[2026-02-14T20:38:44.419+0000] {processor.py:183} INFO - Processing /home/airflow/.local/lib/python3.8/site-packages/airflow/example_dags/tutorial_objectstorage.py took 0.113 seconds
[2026-02-14T20:39:15.220+0000] {processor.py:161} INFO - Started process (PID=7385) to work on /home/airflow/.local/lib/python3.8/site-packages/airflow/example_dags/tutorial_objectstorage.py
[2026-02-14T20:39:15.229+0000] {processor.py:830} INFO - Processing file /home/airflow/.local/lib/python3.8/site-packages/airflow/example_dags/tutorial_objectstorage.py for tasks to queue
[2026-02-14T20:39:15.233+0000] {logging_mixin.py:188} INFO - [2026-02-14T20:39:15.232+0000] {dagbag.py:538} INFO - Filling up the DagBag from /home/airflow/.local/lib/python3.8/site-packages/airflow/example_dags/tutorial_objectstorage.py
[2026-02-14T20:39:15.244+0000] {processor.py:840} INFO - DAG(s) 'tutorial_objectstorage' retrieved from /home/airflow/.local/lib/python3.8/site-packages/airflow/example_dags/tutorial_objectstorage.py
[2026-02-14T20:39:15.290+0000] {logging_mixin.py:188} INFO - [2026-02-14T20:39:15.290+0000] {dag.py:3036} INFO - Sync 1 DAGs
[2026-02-14T20:39:15.316+0000] {logging_mixin.py:188} INFO - [2026-02-14T20:39:15.315+0000] {dag.py:3823} INFO - Setting next_dagrun for tutorial_objectstorage to None, run_after=None
[2026-02-14T20:39:15.356+0000] {processor.py:183} INFO - Processing /home/airflow/.local/lib/python3.8/site-packages/airflow/example_dags/tutorial_objectstorage.py took 0.142 seconds
[2026-02-14T20:39:45.672+0000] {processor.py:161} INFO - Started process (PID=7467) to work on /home/airflow/.local/lib/python3.8/site-packages/airflow/example_dags/tutorial_objectstorage.py
[2026-02-14T20:39:45.673+0000] {processor.py:830} INFO - Processing file /home/airflow/.local/lib/python3.8/site-packages/airflow/example_dags/tutorial_objectstorage.py for tasks to queue
[2026-02-14T20:39:45.677+0000] {logging_mixin.py:188} INFO - [2026-02-14T20:39:45.676+0000] {dagbag.py:538} INFO - Filling up the DagBag from /home/airflow/.local/lib/python3.8/site-packages/airflow/example_dags/tutorial_objectstorage.py
[2026-02-14T20:39:45.689+0000] {processor.py:840} INFO - DAG(s) 'tutorial_objectstorage' retrieved from /home/airflow/.local/lib/python3.8/site-packages/airflow/example_dags/tutorial_objectstorage.py
[2026-02-14T20:39:45.728+0000] {logging_mixin.py:188} INFO - [2026-02-14T20:39:45.728+0000] {dag.py:3036} INFO - Sync 1 DAGs
[2026-02-14T20:39:45.754+0000] {logging_mixin.py:188} INFO - [2026-02-14T20:39:45.754+0000] {dag.py:3823} INFO - Setting next_dagrun for tutorial_objectstorage to None, run_after=None
[2026-02-14T20:39:45.793+0000] {processor.py:183} INFO - Processing /home/airflow/.local/lib/python3.8/site-packages/airflow/example_dags/tutorial_objectstorage.py took 0.128 seconds
[2026-02-14T20:40:15.891+0000] {processor.py:161} INFO - Started process (PID=7550) to work on /home/airflow/.local/lib/python3.8/site-packages/airflow/example_dags/tutorial_objectstorage.py
[2026-02-14T20:40:15.893+0000] {processor.py:830} INFO - Processing file /home/airflow/.local/lib/python3.8/site-packages/airflow/example_dags/tutorial_objectstorage.py for tasks to queue
[2026-02-14T20:40:15.896+0000] {logging_mixin.py:188} INFO - [2026-02-14T20:40:15.895+0000] {dagbag.py:538} INFO - Filling up the DagBag from /home/airflow/.local/lib/python3.8/site-packages/airflow/example_dags/tutorial_objectstorage.py
[2026-02-14T20:40:15.905+0000] {processor.py:840} INFO - DAG(s) 'tutorial_objectstorage' retrieved from /home/airflow/.local/lib/python3.8/site-packages/airflow/example_dags/tutorial_objectstorage.py
[2026-02-14T20:40:15.936+0000] {logging_mixin.py:188} INFO - [2026-02-14T20:40:15.936+0000] {dag.py:3036} INFO - Sync 1 DAGs
[2026-02-14T20:40:15.956+0000] {logging_mixin.py:188} INFO - [2026-02-14T20:40:15.956+0000] {dag.py:3823} INFO - Setting next_dagrun for tutorial_objectstorage to None, run_after=None
[2026-02-14T20:40:15.986+0000] {processor.py:183} INFO - Processing /home/airflow/.local/lib/python3.8/site-packages/airflow/example_dags/tutorial_objectstorage.py took 0.100 seconds
[2026-02-14T20:40:46.134+0000] {processor.py:161} INFO - Started process (PID=7632) to work on /home/airflow/.local/lib/python3.8/site-packages/airflow/example_dags/tutorial_objectstorage.py
[2026-02-14T20:40:46.135+0000] {processor.py:830} INFO - Processing file /home/airflow/.local/lib/python3.8/site-packages/airflow/example_dags/tutorial_objectstorage.py for tasks to queue
[2026-02-14T20:40:46.137+0000] {logging_mixin.py:188} INFO - [2026-02-14T20:40:46.137+0000] {dagbag.py:538} INFO - Filling up the DagBag from /home/airflow/.local/lib/python3.8/site-packages/airflow/example_dags/tutorial_objectstorage.py
[2026-02-14T20:40:46.149+0000] {processor.py:840} INFO - DAG(s) 'tutorial_objectstorage' retrieved from /home/airflow/.local/lib/python3.8/site-packages/airflow/example_dags/tutorial_objectstorage.py
[2026-02-14T20:40:46.182+0000] {logging_mixin.py:188} INFO - [2026-02-14T20:40:46.182+0000] {dag.py:3036} INFO - Sync 1 DAGs
[2026-02-14T20:40:46.203+0000] {logging_mixin.py:188} INFO - [2026-02-14T20:40:46.203+0000] {dag.py:3823} INFO - Setting next_dagrun for tutorial_objectstorage to None, run_after=None
[2026-02-14T20:40:46.232+0000] {processor.py:183} INFO - Processing /home/airflow/.local/lib/python3.8/site-packages/airflow/example_dags/tutorial_objectstorage.py took 0.104 seconds
[2026-02-14T20:41:16.411+0000] {processor.py:161} INFO - Started process (PID=7715) to work on /home/airflow/.local/lib/python3.8/site-packages/airflow/example_dags/tutorial_objectstorage.py
[2026-02-14T20:41:16.413+0000] {processor.py:830} INFO - Processing file /home/airflow/.local/lib/python3.8/site-packages/airflow/example_dags/tutorial_objectstorage.py for tasks to queue
[2026-02-14T20:41:16.415+0000] {logging_mixin.py:188} INFO - [2026-02-14T20:41:16.415+0000] {dagbag.py:538} INFO - Filling up the DagBag from /home/airflow/.local/lib/python3.8/site-packages/airflow/example_dags/tutorial_objectstorage.py
[2026-02-14T20:41:16.426+0000] {processor.py:840} INFO - DAG(s) 'tutorial_objectstorage' retrieved from /home/airflow/.local/lib/python3.8/site-packages/airflow/example_dags/tutorial_objectstorage.py
[2026-02-14T20:41:16.455+0000] {logging_mixin.py:188} INFO - [2026-02-14T20:41:16.455+0000] {dag.py:3036} INFO - Sync 1 DAGs
[2026-02-14T20:41:16.474+0000] {logging_mixin.py:188} INFO - [2026-02-14T20:41:16.474+0000] {dag.py:3823} INFO - Setting next_dagrun for tutorial_objectstorage to None, run_after=None
[2026-02-14T20:41:16.504+0000] {processor.py:183} INFO - Processing /home/airflow/.local/lib/python3.8/site-packages/airflow/example_dags/tutorial_objectstorage.py took 0.097 seconds
[2026-02-14T20:41:46.665+0000] {processor.py:161} INFO - Started process (PID=7798) to work on /home/airflow/.local/lib/python3.8/site-packages/airflow/example_dags/tutorial_objectstorage.py
[2026-02-14T20:41:46.666+0000] {processor.py:830} INFO - Processing file /home/airflow/.local/lib/python3.8/site-packages/airflow/example_dags/tutorial_objectstorage.py for tasks to queue
[2026-02-14T20:41:46.669+0000] {logging_mixin.py:188} INFO - [2026-02-14T20:41:46.669+0000] {dagbag.py:538} INFO - Filling up the DagBag from /home/airflow/.local/lib/python3.8/site-packages/airflow/example_dags/tutorial_objectstorage.py
[2026-02-14T20:41:46.680+0000] {processor.py:840} INFO - DAG(s) 'tutorial_objectstorage' retrieved from /home/airflow/.local/lib/python3.8/site-packages/airflow/example_dags/tutorial_objectstorage.py
[2026-02-14T20:41:46.715+0000] {logging_mixin.py:188} INFO - [2026-02-14T20:41:46.715+0000] {dag.py:3036} INFO - Sync 1 DAGs
[2026-02-14T20:41:46.742+0000] {logging_mixin.py:188} INFO - [2026-02-14T20:41:46.740+0000] {dag.py:3823} INFO - Setting next_dagrun for tutorial_objectstorage to None, run_after=None
[2026-02-14T20:41:46.779+0000] {processor.py:183} INFO - Processing /home/airflow/.local/lib/python3.8/site-packages/airflow/example_dags/tutorial_objectstorage.py took 0.119 seconds
[2026-02-14T20:42:17.292+0000] {processor.py:161} INFO - Started process (PID=7881) to work on /home/airflow/.local/lib/python3.8/site-packages/airflow/example_dags/tutorial_objectstorage.py
[2026-02-14T20:42:17.294+0000] {processor.py:830} INFO - Processing file /home/airflow/.local/lib/python3.8/site-packages/airflow/example_dags/tutorial_objectstorage.py for tasks to queue
[2026-02-14T20:42:17.297+0000] {logging_mixin.py:188} INFO - [2026-02-14T20:42:17.296+0000] {dagbag.py:538} INFO - Filling up the DagBag from /home/airflow/.local/lib/python3.8/site-packages/airflow/example_dags/tutorial_objectstorage.py
[2026-02-14T20:42:17.307+0000] {processor.py:840} INFO - DAG(s) 'tutorial_objectstorage' retrieved from /home/airflow/.local/lib/python3.8/site-packages/airflow/example_dags/tutorial_objectstorage.py
[2026-02-14T20:42:17.339+0000] {logging_mixin.py:188} INFO - [2026-02-14T20:42:17.339+0000] {dag.py:3036} INFO - Sync 1 DAGs
[2026-02-14T20:42:17.360+0000] {logging_mixin.py:188} INFO - [2026-02-14T20:42:17.360+0000] {dag.py:3823} INFO - Setting next_dagrun for tutorial_objectstorage to None, run_after=None
[2026-02-14T20:42:17.394+0000] {processor.py:183} INFO - Processing /home/airflow/.local/lib/python3.8/site-packages/airflow/example_dags/tutorial_objectstorage.py took 0.107 seconds
[2026-02-14T20:42:47.756+0000] {processor.py:161} INFO - Started process (PID=7963) to work on /home/airflow/.local/lib/python3.8/site-packages/airflow/example_dags/tutorial_objectstorage.py
[2026-02-14T20:42:47.758+0000] {processor.py:830} INFO - Processing file /home/airflow/.local/lib/python3.8/site-packages/airflow/example_dags/tutorial_objectstorage.py for tasks to queue
[2026-02-14T20:42:47.760+0000] {logging_mixin.py:188} INFO - [2026-02-14T20:42:47.760+0000] {dagbag.py:538} INFO - Filling up the DagBag from /home/airflow/.local/lib/python3.8/site-packages/airflow/example_dags/tutorial_objectstorage.py
[2026-02-14T20:42:47.773+0000] {processor.py:840} INFO - DAG(s) 'tutorial_objectstorage' retrieved from /home/airflow/.local/lib/python3.8/site-packages/airflow/example_dags/tutorial_objectstorage.py
[2026-02-14T20:42:47.808+0000] {logging_mixin.py:188} INFO - [2026-02-14T20:42:47.807+0000] {dag.py:3036} INFO - Sync 1 DAGs
[2026-02-14T20:42:47.831+0000] {logging_mixin.py:188} INFO - [2026-02-14T20:42:47.830+0000] {dag.py:3823} INFO - Setting next_dagrun for tutorial_objectstorage to None, run_after=None
[2026-02-14T20:42:47.868+0000] {processor.py:183} INFO - Processing /home/airflow/.local/lib/python3.8/site-packages/airflow/example_dags/tutorial_objectstorage.py took 0.118 seconds
[2026-02-14T20:43:18.842+0000] {processor.py:161} INFO - Started process (PID=8046) to work on /home/airflow/.local/lib/python3.8/site-packages/airflow/example_dags/tutorial_objectstorage.py
[2026-02-14T20:43:18.844+0000] {processor.py:830} INFO - Processing file /home/airflow/.local/lib/python3.8/site-packages/airflow/example_dags/tutorial_objectstorage.py for tasks to queue
[2026-02-14T20:43:18.847+0000] {logging_mixin.py:188} INFO - [2026-02-14T20:43:18.846+0000] {dagbag.py:538} INFO - Filling up the DagBag from /home/airflow/.local/lib/python3.8/site-packages/airflow/example_dags/tutorial_objectstorage.py
[2026-02-14T20:43:18.864+0000] {processor.py:840} INFO - DAG(s) 'tutorial_objectstorage' retrieved from /home/airflow/.local/lib/python3.8/site-packages/airflow/example_dags/tutorial_objectstorage.py
[2026-02-14T20:43:18.897+0000] {logging_mixin.py:188} INFO - [2026-02-14T20:43:18.897+0000] {dag.py:3036} INFO - Sync 1 DAGs
[2026-02-14T20:43:18.918+0000] {logging_mixin.py:188} INFO - [2026-02-14T20:43:18.918+0000] {dag.py:3823} INFO - Setting next_dagrun for tutorial_objectstorage to None, run_after=None
[2026-02-14T20:43:18.958+0000] {processor.py:183} INFO - Processing /home/airflow/.local/lib/python3.8/site-packages/airflow/example_dags/tutorial_objectstorage.py took 0.120 seconds
[2026-02-14T20:43:49.366+0000] {processor.py:161} INFO - Started process (PID=8128) to work on /home/airflow/.local/lib/python3.8/site-packages/airflow/example_dags/tutorial_objectstorage.py
[2026-02-14T20:43:49.368+0000] {processor.py:830} INFO - Processing file /home/airflow/.local/lib/python3.8/site-packages/airflow/example_dags/tutorial_objectstorage.py for tasks to queue
[2026-02-14T20:43:49.371+0000] {logging_mixin.py:188} INFO - [2026-02-14T20:43:49.370+0000] {dagbag.py:538} INFO - Filling up the DagBag from /home/airflow/.local/lib/python3.8/site-packages/airflow/example_dags/tutorial_objectstorage.py
[2026-02-14T20:43:49.382+0000] {processor.py:840} INFO - DAG(s) 'tutorial_objectstorage' retrieved from /home/airflow/.local/lib/python3.8/site-packages/airflow/example_dags/tutorial_objectstorage.py
[2026-02-14T20:43:49.415+0000] {logging_mixin.py:188} INFO - [2026-02-14T20:43:49.415+0000] {dag.py:3036} INFO - Sync 1 DAGs
[2026-02-14T20:43:49.436+0000] {logging_mixin.py:188} INFO - [2026-02-14T20:43:49.436+0000] {dag.py:3823} INFO - Setting next_dagrun for tutorial_objectstorage to None, run_after=None
[2026-02-14T20:43:49.469+0000] {processor.py:183} INFO - Processing /home/airflow/.local/lib/python3.8/site-packages/airflow/example_dags/tutorial_objectstorage.py took 0.110 seconds
[2026-02-14T20:44:20.028+0000] {processor.py:161} INFO - Started process (PID=8219) to work on /home/airflow/.local/lib/python3.8/site-packages/airflow/example_dags/tutorial_objectstorage.py
[2026-02-14T20:44:20.030+0000] {processor.py:830} INFO - Processing file /home/airflow/.local/lib/python3.8/site-packages/airflow/example_dags/tutorial_objectstorage.py for tasks to queue
[2026-02-14T20:44:20.032+0000] {logging_mixin.py:188} INFO - [2026-02-14T20:44:20.032+0000] {dagbag.py:538} INFO - Filling up the DagBag from /home/airflow/.local/lib/python3.8/site-packages/airflow/example_dags/tutorial_objectstorage.py
[2026-02-14T20:44:20.043+0000] {processor.py:840} INFO - DAG(s) 'tutorial_objectstorage' retrieved from /home/airflow/.local/lib/python3.8/site-packages/airflow/example_dags/tutorial_objectstorage.py
[2026-02-14T20:44:20.074+0000] {logging_mixin.py:188} INFO - [2026-02-14T20:44:20.073+0000] {dag.py:3036} INFO - Sync 1 DAGs
[2026-02-14T20:44:20.098+0000] {logging_mixin.py:188} INFO - [2026-02-14T20:44:20.098+0000] {dag.py:3823} INFO - Setting next_dagrun for tutorial_objectstorage to None, run_after=None
[2026-02-14T20:44:20.132+0000] {processor.py:183} INFO - Processing /home/airflow/.local/lib/python3.8/site-packages/airflow/example_dags/tutorial_objectstorage.py took 0.109 seconds
[2026-02-14T20:44:50.859+0000] {processor.py:161} INFO - Started process (PID=8299) to work on /home/airflow/.local/lib/python3.8/site-packages/airflow/example_dags/tutorial_objectstorage.py
[2026-02-14T20:44:50.863+0000] {processor.py:830} INFO - Processing file /home/airflow/.local/lib/python3.8/site-packages/airflow/example_dags/tutorial_objectstorage.py for tasks to queue
[2026-02-14T20:44:50.867+0000] {logging_mixin.py:188} INFO - [2026-02-14T20:44:50.866+0000] {dagbag.py:538} INFO - Filling up the DagBag from /home/airflow/.local/lib/python3.8/site-packages/airflow/example_dags/tutorial_objectstorage.py
[2026-02-14T20:44:50.882+0000] {processor.py:840} INFO - DAG(s) 'tutorial_objectstorage' retrieved from /home/airflow/.local/lib/python3.8/site-packages/airflow/example_dags/tutorial_objectstorage.py
[2026-02-14T20:44:50.922+0000] {logging_mixin.py:188} INFO - [2026-02-14T20:44:50.922+0000] {dag.py:3036} INFO - Sync 1 DAGs
[2026-02-14T20:44:50.946+0000] {logging_mixin.py:188} INFO - [2026-02-14T20:44:50.945+0000] {dag.py:3823} INFO - Setting next_dagrun for tutorial_objectstorage to None, run_after=None
[2026-02-14T20:44:50.982+0000] {processor.py:183} INFO - Processing /home/airflow/.local/lib/python3.8/site-packages/airflow/example_dags/tutorial_objectstorage.py took 0.130 seconds
[2026-02-14T20:45:21.816+0000] {processor.py:161} INFO - Started process (PID=8382) to work on /home/airflow/.local/lib/python3.8/site-packages/airflow/example_dags/tutorial_objectstorage.py
[2026-02-14T20:45:21.818+0000] {processor.py:830} INFO - Processing file /home/airflow/.local/lib/python3.8/site-packages/airflow/example_dags/tutorial_objectstorage.py for tasks to queue
[2026-02-14T20:45:21.821+0000] {logging_mixin.py:188} INFO - [2026-02-14T20:45:21.820+0000] {dagbag.py:538} INFO - Filling up the DagBag from /home/airflow/.local/lib/python3.8/site-packages/airflow/example_dags/tutorial_objectstorage.py
[2026-02-14T20:45:21.832+0000] {processor.py:840} INFO - DAG(s) 'tutorial_objectstorage' retrieved from /home/airflow/.local/lib/python3.8/site-packages/airflow/example_dags/tutorial_objectstorage.py
[2026-02-14T20:45:21.863+0000] {logging_mixin.py:188} INFO - [2026-02-14T20:45:21.863+0000] {dag.py:3036} INFO - Sync 1 DAGs
[2026-02-14T20:45:21.887+0000] {logging_mixin.py:188} INFO - [2026-02-14T20:45:21.886+0000] {dag.py:3823} INFO - Setting next_dagrun for tutorial_objectstorage to None, run_after=None
[2026-02-14T20:45:21.921+0000] {processor.py:183} INFO - Processing /home/airflow/.local/lib/python3.8/site-packages/airflow/example_dags/tutorial_objectstorage.py took 0.109 seconds
[2026-02-14T20:45:52.028+0000] {processor.py:161} INFO - Started process (PID=8465) to work on /home/airflow/.local/lib/python3.8/site-packages/airflow/example_dags/tutorial_objectstorage.py
[2026-02-14T20:45:52.030+0000] {processor.py:830} INFO - Processing file /home/airflow/.local/lib/python3.8/site-packages/airflow/example_dags/tutorial_objectstorage.py for tasks to queue
[2026-02-14T20:45:52.033+0000] {logging_mixin.py:188} INFO - [2026-02-14T20:45:52.033+0000] {dagbag.py:538} INFO - Filling up the DagBag from /home/airflow/.local/lib/python3.8/site-packages/airflow/example_dags/tutorial_objectstorage.py
[2026-02-14T20:45:52.044+0000] {processor.py:840} INFO - DAG(s) 'tutorial_objectstorage' retrieved from /home/airflow/.local/lib/python3.8/site-packages/airflow/example_dags/tutorial_objectstorage.py
[2026-02-14T20:45:52.074+0000] {logging_mixin.py:188} INFO - [2026-02-14T20:45:52.074+0000] {dag.py:3036} INFO - Sync 1 DAGs
[2026-02-14T20:45:52.094+0000] {logging_mixin.py:188} INFO - [2026-02-14T20:45:52.094+0000] {dag.py:3823} INFO - Setting next_dagrun for tutorial_objectstorage to None, run_after=None
[2026-02-14T20:45:52.127+0000] {processor.py:183} INFO - Processing /home/airflow/.local/lib/python3.8/site-packages/airflow/example_dags/tutorial_objectstorage.py took 0.105 seconds
[2026-02-14T20:46:22.398+0000] {processor.py:161} INFO - Started process (PID=8548) to work on /home/airflow/.local/lib/python3.8/site-packages/airflow/example_dags/tutorial_objectstorage.py
[2026-02-14T20:46:22.400+0000] {processor.py:830} INFO - Processing file /home/airflow/.local/lib/python3.8/site-packages/airflow/example_dags/tutorial_objectstorage.py for tasks to queue
[2026-02-14T20:46:22.403+0000] {logging_mixin.py:188} INFO - [2026-02-14T20:46:22.402+0000] {dagbag.py:538} INFO - Filling up the DagBag from /home/airflow/.local/lib/python3.8/site-packages/airflow/example_dags/tutorial_objectstorage.py
[2026-02-14T20:46:22.415+0000] {processor.py:840} INFO - DAG(s) 'tutorial_objectstorage' retrieved from /home/airflow/.local/lib/python3.8/site-packages/airflow/example_dags/tutorial_objectstorage.py
[2026-02-14T20:46:22.445+0000] {logging_mixin.py:188} INFO - [2026-02-14T20:46:22.444+0000] {dag.py:3036} INFO - Sync 1 DAGs
[2026-02-14T20:46:22.468+0000] {logging_mixin.py:188} INFO - [2026-02-14T20:46:22.467+0000] {dag.py:3823} INFO - Setting next_dagrun for tutorial_objectstorage to None, run_after=None
[2026-02-14T20:46:22.500+0000] {processor.py:183} INFO - Processing /home/airflow/.local/lib/python3.8/site-packages/airflow/example_dags/tutorial_objectstorage.py took 0.109 seconds
[2026-02-14T20:46:52.580+0000] {processor.py:161} INFO - Started process (PID=8632) to work on /home/airflow/.local/lib/python3.8/site-packages/airflow/example_dags/tutorial_objectstorage.py
[2026-02-14T20:46:52.586+0000] {processor.py:830} INFO - Processing file /home/airflow/.local/lib/python3.8/site-packages/airflow/example_dags/tutorial_objectstorage.py for tasks to queue
[2026-02-14T20:46:52.589+0000] {logging_mixin.py:188} INFO - [2026-02-14T20:46:52.588+0000] {dagbag.py:538} INFO - Filling up the DagBag from /home/airflow/.local/lib/python3.8/site-packages/airflow/example_dags/tutorial_objectstorage.py
[2026-02-14T20:46:52.603+0000] {processor.py:840} INFO - DAG(s) 'tutorial_objectstorage' retrieved from /home/airflow/.local/lib/python3.8/site-packages/airflow/example_dags/tutorial_objectstorage.py
[2026-02-14T20:46:52.649+0000] {logging_mixin.py:188} INFO - [2026-02-14T20:46:52.648+0000] {dag.py:3036} INFO - Sync 1 DAGs
[2026-02-14T20:46:52.678+0000] {logging_mixin.py:188} INFO - [2026-02-14T20:46:52.677+0000] {dag.py:3823} INFO - Setting next_dagrun for tutorial_objectstorage to None, run_after=None
[2026-02-14T20:46:52.712+0000] {processor.py:183} INFO - Processing /home/airflow/.local/lib/python3.8/site-packages/airflow/example_dags/tutorial_objectstorage.py took 0.141 seconds
[2026-02-14T20:47:22.885+0000] {processor.py:161} INFO - Started process (PID=8715) to work on /home/airflow/.local/lib/python3.8/site-packages/airflow/example_dags/tutorial_objectstorage.py
[2026-02-14T20:47:22.886+0000] {processor.py:830} INFO - Processing file /home/airflow/.local/lib/python3.8/site-packages/airflow/example_dags/tutorial_objectstorage.py for tasks to queue
[2026-02-14T20:47:22.889+0000] {logging_mixin.py:188} INFO - [2026-02-14T20:47:22.889+0000] {dagbag.py:538} INFO - Filling up the DagBag from /home/airflow/.local/lib/python3.8/site-packages/airflow/example_dags/tutorial_objectstorage.py
[2026-02-14T20:47:22.900+0000] {processor.py:840} INFO - DAG(s) 'tutorial_objectstorage' retrieved from /home/airflow/.local/lib/python3.8/site-packages/airflow/example_dags/tutorial_objectstorage.py
[2026-02-14T20:47:22.936+0000] {logging_mixin.py:188} INFO - [2026-02-14T20:47:22.935+0000] {dag.py:3036} INFO - Sync 1 DAGs
[2026-02-14T20:47:22.960+0000] {logging_mixin.py:188} INFO - [2026-02-14T20:47:22.959+0000] {dag.py:3823} INFO - Setting next_dagrun for tutorial_objectstorage to None, run_after=None
[2026-02-14T20:47:22.993+0000] {processor.py:183} INFO - Processing /home/airflow/.local/lib/python3.8/site-packages/airflow/example_dags/tutorial_objectstorage.py took 0.114 seconds
[2026-02-14T20:47:53.399+0000] {processor.py:161} INFO - Started process (PID=8798) to work on /home/airflow/.local/lib/python3.8/site-packages/airflow/example_dags/tutorial_objectstorage.py
[2026-02-14T20:47:53.401+0000] {processor.py:830} INFO - Processing file /home/airflow/.local/lib/python3.8/site-packages/airflow/example_dags/tutorial_objectstorage.py for tasks to queue
[2026-02-14T20:47:53.403+0000] {logging_mixin.py:188} INFO - [2026-02-14T20:47:53.403+0000] {dagbag.py:538} INFO - Filling up the DagBag from /home/airflow/.local/lib/python3.8/site-packages/airflow/example_dags/tutorial_objectstorage.py
[2026-02-14T20:47:53.413+0000] {processor.py:840} INFO - DAG(s) 'tutorial_objectstorage' retrieved from /home/airflow/.local/lib/python3.8/site-packages/airflow/example_dags/tutorial_objectstorage.py
[2026-02-14T20:47:53.447+0000] {logging_mixin.py:188} INFO - [2026-02-14T20:47:53.446+0000] {dag.py:3036} INFO - Sync 1 DAGs
[2026-02-14T20:47:53.470+0000] {logging_mixin.py:188} INFO - [2026-02-14T20:47:53.470+0000] {dag.py:3823} INFO - Setting next_dagrun for tutorial_objectstorage to None, run_after=None
[2026-02-14T20:47:53.500+0000] {processor.py:183} INFO - Processing /home/airflow/.local/lib/python3.8/site-packages/airflow/example_dags/tutorial_objectstorage.py took 0.106 seconds
[2026-02-14T20:48:23.948+0000] {processor.py:161} INFO - Started process (PID=8888) to work on /home/airflow/.local/lib/python3.8/site-packages/airflow/example_dags/tutorial_objectstorage.py
[2026-02-14T20:48:23.951+0000] {processor.py:830} INFO - Processing file /home/airflow/.local/lib/python3.8/site-packages/airflow/example_dags/tutorial_objectstorage.py for tasks to queue
[2026-02-14T20:48:23.954+0000] {logging_mixin.py:188} INFO - [2026-02-14T20:48:23.953+0000] {dagbag.py:538} INFO - Filling up the DagBag from /home/airflow/.local/lib/python3.8/site-packages/airflow/example_dags/tutorial_objectstorage.py
[2026-02-14T20:48:23.966+0000] {processor.py:840} INFO - DAG(s) 'tutorial_objectstorage' retrieved from /home/airflow/.local/lib/python3.8/site-packages/airflow/example_dags/tutorial_objectstorage.py
[2026-02-14T20:48:24.003+0000] {logging_mixin.py:188} INFO - [2026-02-14T20:48:24.002+0000] {dag.py:3036} INFO - Sync 1 DAGs
[2026-02-14T20:48:24.028+0000] {logging_mixin.py:188} INFO - [2026-02-14T20:48:24.027+0000] {dag.py:3823} INFO - Setting next_dagrun for tutorial_objectstorage to None, run_after=None
[2026-02-14T20:48:24.063+0000] {processor.py:183} INFO - Processing /home/airflow/.local/lib/python3.8/site-packages/airflow/example_dags/tutorial_objectstorage.py took 0.121 seconds
[2026-02-14T20:48:54.219+0000] {processor.py:161} INFO - Started process (PID=8971) to work on /home/airflow/.local/lib/python3.8/site-packages/airflow/example_dags/tutorial_objectstorage.py
[2026-02-14T20:48:54.220+0000] {processor.py:830} INFO - Processing file /home/airflow/.local/lib/python3.8/site-packages/airflow/example_dags/tutorial_objectstorage.py for tasks to queue
[2026-02-14T20:48:54.223+0000] {logging_mixin.py:188} INFO - [2026-02-14T20:48:54.223+0000] {dagbag.py:538} INFO - Filling up the DagBag from /home/airflow/.local/lib/python3.8/site-packages/airflow/example_dags/tutorial_objectstorage.py
[2026-02-14T20:48:54.235+0000] {processor.py:840} INFO - DAG(s) 'tutorial_objectstorage' retrieved from /home/airflow/.local/lib/python3.8/site-packages/airflow/example_dags/tutorial_objectstorage.py
[2026-02-14T20:48:54.272+0000] {logging_mixin.py:188} INFO - [2026-02-14T20:48:54.271+0000] {dag.py:3036} INFO - Sync 1 DAGs
[2026-02-14T20:48:54.298+0000] {logging_mixin.py:188} INFO - [2026-02-14T20:48:54.297+0000] {dag.py:3823} INFO - Setting next_dagrun for tutorial_objectstorage to None, run_after=None
[2026-02-14T20:48:54.338+0000] {processor.py:183} INFO - Processing /home/airflow/.local/lib/python3.8/site-packages/airflow/example_dags/tutorial_objectstorage.py took 0.125 seconds
[2026-02-14T20:49:24.767+0000] {processor.py:161} INFO - Started process (PID=9052) to work on /home/airflow/.local/lib/python3.8/site-packages/airflow/example_dags/tutorial_objectstorage.py
[2026-02-14T20:49:24.769+0000] {processor.py:830} INFO - Processing file /home/airflow/.local/lib/python3.8/site-packages/airflow/example_dags/tutorial_objectstorage.py for tasks to queue
[2026-02-14T20:49:24.772+0000] {logging_mixin.py:188} INFO - [2026-02-14T20:49:24.771+0000] {dagbag.py:538} INFO - Filling up the DagBag from /home/airflow/.local/lib/python3.8/site-packages/airflow/example_dags/tutorial_objectstorage.py
[2026-02-14T20:49:24.782+0000] {processor.py:840} INFO - DAG(s) 'tutorial_objectstorage' retrieved from /home/airflow/.local/lib/python3.8/site-packages/airflow/example_dags/tutorial_objectstorage.py
[2026-02-14T20:49:24.821+0000] {logging_mixin.py:188} INFO - [2026-02-14T20:49:24.821+0000] {dag.py:3036} INFO - Sync 1 DAGs
[2026-02-14T20:49:24.841+0000] {logging_mixin.py:188} INFO - [2026-02-14T20:49:24.840+0000] {dag.py:3823} INFO - Setting next_dagrun for tutorial_objectstorage to None, run_after=None
[2026-02-14T20:49:24.869+0000] {processor.py:183} INFO - Processing /home/airflow/.local/lib/python3.8/site-packages/airflow/example_dags/tutorial_objectstorage.py took 0.107 seconds
[2026-02-14T20:49:54.934+0000] {processor.py:161} INFO - Started process (PID=9134) to work on /home/airflow/.local/lib/python3.8/site-packages/airflow/example_dags/tutorial_objectstorage.py
[2026-02-14T20:49:54.936+0000] {processor.py:830} INFO - Processing file /home/airflow/.local/lib/python3.8/site-packages/airflow/example_dags/tutorial_objectstorage.py for tasks to queue
[2026-02-14T20:49:54.939+0000] {logging_mixin.py:188} INFO - [2026-02-14T20:49:54.939+0000] {dagbag.py:538} INFO - Filling up the DagBag from /home/airflow/.local/lib/python3.8/site-packages/airflow/example_dags/tutorial_objectstorage.py
[2026-02-14T20:49:54.951+0000] {processor.py:840} INFO - DAG(s) 'tutorial_objectstorage' retrieved from /home/airflow/.local/lib/python3.8/site-packages/airflow/example_dags/tutorial_objectstorage.py
[2026-02-14T20:49:55.089+0000] {logging_mixin.py:188} INFO - [2026-02-14T20:49:55.089+0000] {dag.py:3036} INFO - Sync 1 DAGs
[2026-02-14T20:49:55.113+0000] {logging_mixin.py:188} INFO - [2026-02-14T20:49:55.112+0000] {dag.py:3823} INFO - Setting next_dagrun for tutorial_objectstorage to None, run_after=None
[2026-02-14T20:49:55.154+0000] {processor.py:183} INFO - Processing /home/airflow/.local/lib/python3.8/site-packages/airflow/example_dags/tutorial_objectstorage.py took 0.227 seconds
[2026-02-14T20:50:25.360+0000] {processor.py:161} INFO - Started process (PID=9218) to work on /home/airflow/.local/lib/python3.8/site-packages/airflow/example_dags/tutorial_objectstorage.py
[2026-02-14T20:50:25.363+0000] {processor.py:830} INFO - Processing file /home/airflow/.local/lib/python3.8/site-packages/airflow/example_dags/tutorial_objectstorage.py for tasks to queue
[2026-02-14T20:50:25.365+0000] {logging_mixin.py:188} INFO - [2026-02-14T20:50:25.365+0000] {dagbag.py:538} INFO - Filling up the DagBag from /home/airflow/.local/lib/python3.8/site-packages/airflow/example_dags/tutorial_objectstorage.py
[2026-02-14T20:50:25.375+0000] {processor.py:840} INFO - DAG(s) 'tutorial_objectstorage' retrieved from /home/airflow/.local/lib/python3.8/site-packages/airflow/example_dags/tutorial_objectstorage.py
[2026-02-14T20:50:25.405+0000] {logging_mixin.py:188} INFO - [2026-02-14T20:50:25.405+0000] {dag.py:3036} INFO - Sync 1 DAGs
[2026-02-14T20:50:25.425+0000] {logging_mixin.py:188} INFO - [2026-02-14T20:50:25.425+0000] {dag.py:3823} INFO - Setting next_dagrun for tutorial_objectstorage to None, run_after=None
[2026-02-14T20:50:25.453+0000] {processor.py:183} INFO - Processing /home/airflow/.local/lib/python3.8/site-packages/airflow/example_dags/tutorial_objectstorage.py took 0.098 seconds
[2026-02-14T20:50:56.173+0000] {processor.py:161} INFO - Started process (PID=9300) to work on /home/airflow/.local/lib/python3.8/site-packages/airflow/example_dags/tutorial_objectstorage.py
[2026-02-14T20:50:56.175+0000] {processor.py:830} INFO - Processing file /home/airflow/.local/lib/python3.8/site-packages/airflow/example_dags/tutorial_objectstorage.py for tasks to queue
[2026-02-14T20:50:56.178+0000] {logging_mixin.py:188} INFO - [2026-02-14T20:50:56.177+0000] {dagbag.py:538} INFO - Filling up the DagBag from /home/airflow/.local/lib/python3.8/site-packages/airflow/example_dags/tutorial_objectstorage.py
[2026-02-14T20:50:56.189+0000] {processor.py:840} INFO - DAG(s) 'tutorial_objectstorage' retrieved from /home/airflow/.local/lib/python3.8/site-packages/airflow/example_dags/tutorial_objectstorage.py
[2026-02-14T20:50:56.219+0000] {logging_mixin.py:188} INFO - [2026-02-14T20:50:56.219+0000] {dag.py:3036} INFO - Sync 1 DAGs
[2026-02-14T20:50:56.239+0000] {logging_mixin.py:188} INFO - [2026-02-14T20:50:56.238+0000] {dag.py:3823} INFO - Setting next_dagrun for tutorial_objectstorage to None, run_after=None
[2026-02-14T20:50:56.264+0000] {processor.py:183} INFO - Processing /home/airflow/.local/lib/python3.8/site-packages/airflow/example_dags/tutorial_objectstorage.py took 0.096 seconds
[2026-02-14T20:51:26.715+0000] {processor.py:161} INFO - Started process (PID=9384) to work on /home/airflow/.local/lib/python3.8/site-packages/airflow/example_dags/tutorial_objectstorage.py
[2026-02-14T20:51:26.716+0000] {processor.py:830} INFO - Processing file /home/airflow/.local/lib/python3.8/site-packages/airflow/example_dags/tutorial_objectstorage.py for tasks to queue
[2026-02-14T20:51:26.719+0000] {logging_mixin.py:188} INFO - [2026-02-14T20:51:26.719+0000] {dagbag.py:538} INFO - Filling up the DagBag from /home/airflow/.local/lib/python3.8/site-packages/airflow/example_dags/tutorial_objectstorage.py
[2026-02-14T20:51:26.730+0000] {processor.py:840} INFO - DAG(s) 'tutorial_objectstorage' retrieved from /home/airflow/.local/lib/python3.8/site-packages/airflow/example_dags/tutorial_objectstorage.py
[2026-02-14T20:51:26.763+0000] {logging_mixin.py:188} INFO - [2026-02-14T20:51:26.762+0000] {dag.py:3036} INFO - Sync 1 DAGs
[2026-02-14T20:51:26.782+0000] {logging_mixin.py:188} INFO - [2026-02-14T20:51:26.782+0000] {dag.py:3823} INFO - Setting next_dagrun for tutorial_objectstorage to None, run_after=None
[2026-02-14T20:51:26.810+0000] {processor.py:183} INFO - Processing /home/airflow/.local/lib/python3.8/site-packages/airflow/example_dags/tutorial_objectstorage.py took 0.101 seconds
[2026-02-14T20:51:57.122+0000] {processor.py:161} INFO - Started process (PID=9467) to work on /home/airflow/.local/lib/python3.8/site-packages/airflow/example_dags/tutorial_objectstorage.py
[2026-02-14T20:51:57.123+0000] {processor.py:830} INFO - Processing file /home/airflow/.local/lib/python3.8/site-packages/airflow/example_dags/tutorial_objectstorage.py for tasks to queue
[2026-02-14T20:51:57.126+0000] {logging_mixin.py:188} INFO - [2026-02-14T20:51:57.126+0000] {dagbag.py:538} INFO - Filling up the DagBag from /home/airflow/.local/lib/python3.8/site-packages/airflow/example_dags/tutorial_objectstorage.py
[2026-02-14T20:51:57.137+0000] {processor.py:840} INFO - DAG(s) 'tutorial_objectstorage' retrieved from /home/airflow/.local/lib/python3.8/site-packages/airflow/example_dags/tutorial_objectstorage.py
[2026-02-14T20:51:57.165+0000] {logging_mixin.py:188} INFO - [2026-02-14T20:51:57.164+0000] {dag.py:3036} INFO - Sync 1 DAGs
[2026-02-14T20:51:57.184+0000] {logging_mixin.py:188} INFO - [2026-02-14T20:51:57.183+0000] {dag.py:3823} INFO - Setting next_dagrun for tutorial_objectstorage to None, run_after=None
[2026-02-14T20:51:57.210+0000] {processor.py:183} INFO - Processing /home/airflow/.local/lib/python3.8/site-packages/airflow/example_dags/tutorial_objectstorage.py took 0.093 seconds
[2026-02-14T20:52:27.506+0000] {processor.py:161} INFO - Started process (PID=9550) to work on /home/airflow/.local/lib/python3.8/site-packages/airflow/example_dags/tutorial_objectstorage.py
[2026-02-14T20:52:27.507+0000] {processor.py:830} INFO - Processing file /home/airflow/.local/lib/python3.8/site-packages/airflow/example_dags/tutorial_objectstorage.py for tasks to queue
[2026-02-14T20:52:27.510+0000] {logging_mixin.py:188} INFO - [2026-02-14T20:52:27.509+0000] {dagbag.py:538} INFO - Filling up the DagBag from /home/airflow/.local/lib/python3.8/site-packages/airflow/example_dags/tutorial_objectstorage.py
[2026-02-14T20:52:27.520+0000] {processor.py:840} INFO - DAG(s) 'tutorial_objectstorage' retrieved from /home/airflow/.local/lib/python3.8/site-packages/airflow/example_dags/tutorial_objectstorage.py
[2026-02-14T20:52:27.551+0000] {logging_mixin.py:188} INFO - [2026-02-14T20:52:27.551+0000] {dag.py:3036} INFO - Sync 1 DAGs
[2026-02-14T20:52:27.570+0000] {logging_mixin.py:188} INFO - [2026-02-14T20:52:27.569+0000] {dag.py:3823} INFO - Setting next_dagrun for tutorial_objectstorage to None, run_after=None
[2026-02-14T20:52:27.600+0000] {processor.py:183} INFO - Processing /home/airflow/.local/lib/python3.8/site-packages/airflow/example_dags/tutorial_objectstorage.py took 0.099 seconds
[2026-02-14T20:52:57.899+0000] {processor.py:161} INFO - Started process (PID=9642) to work on /home/airflow/.local/lib/python3.8/site-packages/airflow/example_dags/tutorial_objectstorage.py
[2026-02-14T20:52:57.901+0000] {processor.py:830} INFO - Processing file /home/airflow/.local/lib/python3.8/site-packages/airflow/example_dags/tutorial_objectstorage.py for tasks to queue
[2026-02-14T20:52:57.905+0000] {logging_mixin.py:188} INFO - [2026-02-14T20:52:57.904+0000] {dagbag.py:538} INFO - Filling up the DagBag from /home/airflow/.local/lib/python3.8/site-packages/airflow/example_dags/tutorial_objectstorage.py
[2026-02-14T20:52:57.917+0000] {processor.py:840} INFO - DAG(s) 'tutorial_objectstorage' retrieved from /home/airflow/.local/lib/python3.8/site-packages/airflow/example_dags/tutorial_objectstorage.py
[2026-02-14T20:52:57.952+0000] {logging_mixin.py:188} INFO - [2026-02-14T20:52:57.951+0000] {dag.py:3036} INFO - Sync 1 DAGs
[2026-02-14T20:52:57.976+0000] {logging_mixin.py:188} INFO - [2026-02-14T20:52:57.976+0000] {dag.py:3823} INFO - Setting next_dagrun for tutorial_objectstorage to None, run_after=None
[2026-02-14T20:52:58.010+0000] {processor.py:183} INFO - Processing /home/airflow/.local/lib/python3.8/site-packages/airflow/example_dags/tutorial_objectstorage.py took 0.117 seconds
[2026-02-14T20:53:28.616+0000] {processor.py:161} INFO - Started process (PID=9726) to work on /home/airflow/.local/lib/python3.8/site-packages/airflow/example_dags/tutorial_objectstorage.py
[2026-02-14T20:53:28.618+0000] {processor.py:830} INFO - Processing file /home/airflow/.local/lib/python3.8/site-packages/airflow/example_dags/tutorial_objectstorage.py for tasks to queue
[2026-02-14T20:53:28.622+0000] {logging_mixin.py:188} INFO - [2026-02-14T20:53:28.621+0000] {dagbag.py:538} INFO - Filling up the DagBag from /home/airflow/.local/lib/python3.8/site-packages/airflow/example_dags/tutorial_objectstorage.py
[2026-02-14T20:53:28.637+0000] {processor.py:840} INFO - DAG(s) 'tutorial_objectstorage' retrieved from /home/airflow/.local/lib/python3.8/site-packages/airflow/example_dags/tutorial_objectstorage.py
[2026-02-14T20:53:28.673+0000] {logging_mixin.py:188} INFO - [2026-02-14T20:53:28.673+0000] {dag.py:3036} INFO - Sync 1 DAGs
[2026-02-14T20:53:28.698+0000] {logging_mixin.py:188} INFO - [2026-02-14T20:53:28.698+0000] {dag.py:3823} INFO - Setting next_dagrun for tutorial_objectstorage to None, run_after=None
[2026-02-14T20:53:28.727+0000] {processor.py:183} INFO - Processing /home/airflow/.local/lib/python3.8/site-packages/airflow/example_dags/tutorial_objectstorage.py took 0.125 seconds
[2026-02-14T20:53:59.710+0000] {processor.py:161} INFO - Started process (PID=9809) to work on /home/airflow/.local/lib/python3.8/site-packages/airflow/example_dags/tutorial_objectstorage.py
[2026-02-14T20:53:59.711+0000] {processor.py:830} INFO - Processing file /home/airflow/.local/lib/python3.8/site-packages/airflow/example_dags/tutorial_objectstorage.py for tasks to queue
[2026-02-14T20:53:59.715+0000] {logging_mixin.py:188} INFO - [2026-02-14T20:53:59.715+0000] {dagbag.py:538} INFO - Filling up the DagBag from /home/airflow/.local/lib/python3.8/site-packages/airflow/example_dags/tutorial_objectstorage.py
[2026-02-14T20:53:59.728+0000] {processor.py:840} INFO - DAG(s) 'tutorial_objectstorage' retrieved from /home/airflow/.local/lib/python3.8/site-packages/airflow/example_dags/tutorial_objectstorage.py
[2026-02-14T20:53:59.762+0000] {logging_mixin.py:188} INFO - [2026-02-14T20:53:59.762+0000] {dag.py:3036} INFO - Sync 1 DAGs
[2026-02-14T20:53:59.788+0000] {logging_mixin.py:188} INFO - [2026-02-14T20:53:59.788+0000] {dag.py:3823} INFO - Setting next_dagrun for tutorial_objectstorage to None, run_after=None
[2026-02-14T20:53:59.820+0000] {processor.py:183} INFO - Processing /home/airflow/.local/lib/python3.8/site-packages/airflow/example_dags/tutorial_objectstorage.py took 0.116 seconds
[2026-02-14T20:54:30.583+0000] {processor.py:161} INFO - Started process (PID=9892) to work on /home/airflow/.local/lib/python3.8/site-packages/airflow/example_dags/tutorial_objectstorage.py
[2026-02-14T20:54:30.584+0000] {processor.py:830} INFO - Processing file /home/airflow/.local/lib/python3.8/site-packages/airflow/example_dags/tutorial_objectstorage.py for tasks to queue
[2026-02-14T20:54:30.587+0000] {logging_mixin.py:188} INFO - [2026-02-14T20:54:30.586+0000] {dagbag.py:538} INFO - Filling up the DagBag from /home/airflow/.local/lib/python3.8/site-packages/airflow/example_dags/tutorial_objectstorage.py
[2026-02-14T20:54:30.596+0000] {processor.py:840} INFO - DAG(s) 'tutorial_objectstorage' retrieved from /home/airflow/.local/lib/python3.8/site-packages/airflow/example_dags/tutorial_objectstorage.py
[2026-02-14T20:54:30.626+0000] {logging_mixin.py:188} INFO - [2026-02-14T20:54:30.626+0000] {dag.py:3036} INFO - Sync 1 DAGs
[2026-02-14T20:54:30.649+0000] {logging_mixin.py:188} INFO - [2026-02-14T20:54:30.649+0000] {dag.py:3823} INFO - Setting next_dagrun for tutorial_objectstorage to None, run_after=None
[2026-02-14T20:54:30.682+0000] {processor.py:183} INFO - Processing /home/airflow/.local/lib/python3.8/site-packages/airflow/example_dags/tutorial_objectstorage.py took 0.104 seconds
[2026-02-14T20:55:01.050+0000] {processor.py:161} INFO - Started process (PID=9974) to work on /home/airflow/.local/lib/python3.8/site-packages/airflow/example_dags/tutorial_objectstorage.py
[2026-02-14T20:55:01.052+0000] {processor.py:830} INFO - Processing file /home/airflow/.local/lib/python3.8/site-packages/airflow/example_dags/tutorial_objectstorage.py for tasks to queue
[2026-02-14T20:55:01.055+0000] {logging_mixin.py:188} INFO - [2026-02-14T20:55:01.055+0000] {dagbag.py:538} INFO - Filling up the DagBag from /home/airflow/.local/lib/python3.8/site-packages/airflow/example_dags/tutorial_objectstorage.py
[2026-02-14T20:55:01.066+0000] {processor.py:840} INFO - DAG(s) 'tutorial_objectstorage' retrieved from /home/airflow/.local/lib/python3.8/site-packages/airflow/example_dags/tutorial_objectstorage.py
[2026-02-14T20:55:01.105+0000] {logging_mixin.py:188} INFO - [2026-02-14T20:55:01.104+0000] {dag.py:3036} INFO - Sync 1 DAGs
[2026-02-14T20:55:01.126+0000] {logging_mixin.py:188} INFO - [2026-02-14T20:55:01.126+0000] {dag.py:3823} INFO - Setting next_dagrun for tutorial_objectstorage to None, run_after=None
[2026-02-14T20:55:01.157+0000] {processor.py:183} INFO - Processing /home/airflow/.local/lib/python3.8/site-packages/airflow/example_dags/tutorial_objectstorage.py took 0.112 seconds
[2026-02-14T20:55:31.321+0000] {processor.py:161} INFO - Started process (PID=10057) to work on /home/airflow/.local/lib/python3.8/site-packages/airflow/example_dags/tutorial_objectstorage.py
[2026-02-14T20:55:31.323+0000] {processor.py:830} INFO - Processing file /home/airflow/.local/lib/python3.8/site-packages/airflow/example_dags/tutorial_objectstorage.py for tasks to queue
[2026-02-14T20:55:31.325+0000] {logging_mixin.py:188} INFO - [2026-02-14T20:55:31.325+0000] {dagbag.py:538} INFO - Filling up the DagBag from /home/airflow/.local/lib/python3.8/site-packages/airflow/example_dags/tutorial_objectstorage.py
[2026-02-14T20:55:31.338+0000] {processor.py:840} INFO - DAG(s) 'tutorial_objectstorage' retrieved from /home/airflow/.local/lib/python3.8/site-packages/airflow/example_dags/tutorial_objectstorage.py
[2026-02-14T20:55:31.368+0000] {logging_mixin.py:188} INFO - [2026-02-14T20:55:31.367+0000] {dag.py:3036} INFO - Sync 1 DAGs
[2026-02-14T20:55:31.387+0000] {logging_mixin.py:188} INFO - [2026-02-14T20:55:31.386+0000] {dag.py:3823} INFO - Setting next_dagrun for tutorial_objectstorage to None, run_after=None
[2026-02-14T20:55:31.416+0000] {processor.py:183} INFO - Processing /home/airflow/.local/lib/python3.8/site-packages/airflow/example_dags/tutorial_objectstorage.py took 0.099 seconds
[2026-02-14T20:56:02.019+0000] {processor.py:161} INFO - Started process (PID=10140) to work on /home/airflow/.local/lib/python3.8/site-packages/airflow/example_dags/tutorial_objectstorage.py
[2026-02-14T20:56:02.021+0000] {processor.py:830} INFO - Processing file /home/airflow/.local/lib/python3.8/site-packages/airflow/example_dags/tutorial_objectstorage.py for tasks to queue
[2026-02-14T20:56:02.024+0000] {logging_mixin.py:188} INFO - [2026-02-14T20:56:02.024+0000] {dagbag.py:538} INFO - Filling up the DagBag from /home/airflow/.local/lib/python3.8/site-packages/airflow/example_dags/tutorial_objectstorage.py
[2026-02-14T20:56:02.035+0000] {processor.py:840} INFO - DAG(s) 'tutorial_objectstorage' retrieved from /home/airflow/.local/lib/python3.8/site-packages/airflow/example_dags/tutorial_objectstorage.py
[2026-02-14T20:56:02.067+0000] {logging_mixin.py:188} INFO - [2026-02-14T20:56:02.066+0000] {dag.py:3036} INFO - Sync 1 DAGs
[2026-02-14T20:56:02.094+0000] {logging_mixin.py:188} INFO - [2026-02-14T20:56:02.094+0000] {dag.py:3823} INFO - Setting next_dagrun for tutorial_objectstorage to None, run_after=None
[2026-02-14T20:56:02.128+0000] {processor.py:183} INFO - Processing /home/airflow/.local/lib/python3.8/site-packages/airflow/example_dags/tutorial_objectstorage.py took 0.115 seconds
[2026-02-14T20:56:32.894+0000] {processor.py:161} INFO - Started process (PID=10224) to work on /home/airflow/.local/lib/python3.8/site-packages/airflow/example_dags/tutorial_objectstorage.py
[2026-02-14T20:56:32.896+0000] {processor.py:830} INFO - Processing file /home/airflow/.local/lib/python3.8/site-packages/airflow/example_dags/tutorial_objectstorage.py for tasks to queue
[2026-02-14T20:56:32.899+0000] {logging_mixin.py:188} INFO - [2026-02-14T20:56:32.898+0000] {dagbag.py:538} INFO - Filling up the DagBag from /home/airflow/.local/lib/python3.8/site-packages/airflow/example_dags/tutorial_objectstorage.py
[2026-02-14T20:56:32.911+0000] {processor.py:840} INFO - DAG(s) 'tutorial_objectstorage' retrieved from /home/airflow/.local/lib/python3.8/site-packages/airflow/example_dags/tutorial_objectstorage.py
[2026-02-14T20:56:32.941+0000] {logging_mixin.py:188} INFO - [2026-02-14T20:56:32.941+0000] {dag.py:3036} INFO - Sync 1 DAGs
[2026-02-14T20:56:32.961+0000] {logging_mixin.py:188} INFO - [2026-02-14T20:56:32.961+0000] {dag.py:3823} INFO - Setting next_dagrun for tutorial_objectstorage to None, run_after=None
[2026-02-14T20:56:32.990+0000] {processor.py:183} INFO - Processing /home/airflow/.local/lib/python3.8/site-packages/airflow/example_dags/tutorial_objectstorage.py took 0.101 seconds
[2026-02-14T20:57:03.124+0000] {processor.py:161} INFO - Started process (PID=10313) to work on /home/airflow/.local/lib/python3.8/site-packages/airflow/example_dags/tutorial_objectstorage.py
[2026-02-14T20:57:03.126+0000] {processor.py:830} INFO - Processing file /home/airflow/.local/lib/python3.8/site-packages/airflow/example_dags/tutorial_objectstorage.py for tasks to queue
[2026-02-14T20:57:03.130+0000] {logging_mixin.py:188} INFO - [2026-02-14T20:57:03.129+0000] {dagbag.py:538} INFO - Filling up the DagBag from /home/airflow/.local/lib/python3.8/site-packages/airflow/example_dags/tutorial_objectstorage.py
[2026-02-14T20:57:03.142+0000] {processor.py:840} INFO - DAG(s) 'tutorial_objectstorage' retrieved from /home/airflow/.local/lib/python3.8/site-packages/airflow/example_dags/tutorial_objectstorage.py
[2026-02-14T20:57:03.177+0000] {logging_mixin.py:188} INFO - [2026-02-14T20:57:03.177+0000] {dag.py:3036} INFO - Sync 1 DAGs
[2026-02-14T20:57:03.202+0000] {logging_mixin.py:188} INFO - [2026-02-14T20:57:03.202+0000] {dag.py:3823} INFO - Setting next_dagrun for tutorial_objectstorage to None, run_after=None
[2026-02-14T20:57:03.237+0000] {processor.py:183} INFO - Processing /home/airflow/.local/lib/python3.8/site-packages/airflow/example_dags/tutorial_objectstorage.py took 0.119 seconds
[2026-02-14T20:57:33.819+0000] {processor.py:161} INFO - Started process (PID=10398) to work on /home/airflow/.local/lib/python3.8/site-packages/airflow/example_dags/tutorial_objectstorage.py
[2026-02-14T20:57:33.821+0000] {processor.py:830} INFO - Processing file /home/airflow/.local/lib/python3.8/site-packages/airflow/example_dags/tutorial_objectstorage.py for tasks to queue
[2026-02-14T20:57:33.823+0000] {logging_mixin.py:188} INFO - [2026-02-14T20:57:33.823+0000] {dagbag.py:538} INFO - Filling up the DagBag from /home/airflow/.local/lib/python3.8/site-packages/airflow/example_dags/tutorial_objectstorage.py
[2026-02-14T20:57:33.833+0000] {processor.py:840} INFO - DAG(s) 'tutorial_objectstorage' retrieved from /home/airflow/.local/lib/python3.8/site-packages/airflow/example_dags/tutorial_objectstorage.py
[2026-02-14T20:57:33.862+0000] {logging_mixin.py:188} INFO - [2026-02-14T20:57:33.862+0000] {dag.py:3036} INFO - Sync 1 DAGs
[2026-02-14T20:57:33.883+0000] {logging_mixin.py:188} INFO - [2026-02-14T20:57:33.883+0000] {dag.py:3823} INFO - Setting next_dagrun for tutorial_objectstorage to None, run_after=None
[2026-02-14T20:57:33.914+0000] {processor.py:183} INFO - Processing /home/airflow/.local/lib/python3.8/site-packages/airflow/example_dags/tutorial_objectstorage.py took 0.099 seconds
[2026-02-14T20:58:04.708+0000] {processor.py:161} INFO - Started process (PID=10482) to work on /home/airflow/.local/lib/python3.8/site-packages/airflow/example_dags/tutorial_objectstorage.py
[2026-02-14T20:58:04.710+0000] {processor.py:830} INFO - Processing file /home/airflow/.local/lib/python3.8/site-packages/airflow/example_dags/tutorial_objectstorage.py for tasks to queue
[2026-02-14T20:58:04.713+0000] {logging_mixin.py:188} INFO - [2026-02-14T20:58:04.712+0000] {dagbag.py:538} INFO - Filling up the DagBag from /home/airflow/.local/lib/python3.8/site-packages/airflow/example_dags/tutorial_objectstorage.py
[2026-02-14T20:58:04.722+0000] {processor.py:840} INFO - DAG(s) 'tutorial_objectstorage' retrieved from /home/airflow/.local/lib/python3.8/site-packages/airflow/example_dags/tutorial_objectstorage.py
[2026-02-14T20:58:04.754+0000] {logging_mixin.py:188} INFO - [2026-02-14T20:58:04.753+0000] {dag.py:3036} INFO - Sync 1 DAGs
[2026-02-14T20:58:04.774+0000] {logging_mixin.py:188} INFO - [2026-02-14T20:58:04.773+0000] {dag.py:3823} INFO - Setting next_dagrun for tutorial_objectstorage to None, run_after=None
[2026-02-14T20:58:04.806+0000] {processor.py:183} INFO - Processing /home/airflow/.local/lib/python3.8/site-packages/airflow/example_dags/tutorial_objectstorage.py took 0.103 seconds
[2026-02-14T20:58:35.377+0000] {processor.py:161} INFO - Started process (PID=10565) to work on /home/airflow/.local/lib/python3.8/site-packages/airflow/example_dags/tutorial_objectstorage.py
[2026-02-14T20:58:35.379+0000] {processor.py:830} INFO - Processing file /home/airflow/.local/lib/python3.8/site-packages/airflow/example_dags/tutorial_objectstorage.py for tasks to queue
[2026-02-14T20:58:35.382+0000] {logging_mixin.py:188} INFO - [2026-02-14T20:58:35.381+0000] {dagbag.py:538} INFO - Filling up the DagBag from /home/airflow/.local/lib/python3.8/site-packages/airflow/example_dags/tutorial_objectstorage.py
[2026-02-14T20:58:35.393+0000] {processor.py:840} INFO - DAG(s) 'tutorial_objectstorage' retrieved from /home/airflow/.local/lib/python3.8/site-packages/airflow/example_dags/tutorial_objectstorage.py
[2026-02-14T20:58:35.429+0000] {logging_mixin.py:188} INFO - [2026-02-14T20:58:35.428+0000] {dag.py:3036} INFO - Sync 1 DAGs
[2026-02-14T20:58:35.450+0000] {logging_mixin.py:188} INFO - [2026-02-14T20:58:35.449+0000] {dag.py:3823} INFO - Setting next_dagrun for tutorial_objectstorage to None, run_after=None
[2026-02-14T20:58:35.479+0000] {processor.py:183} INFO - Processing /home/airflow/.local/lib/python3.8/site-packages/airflow/example_dags/tutorial_objectstorage.py took 0.108 seconds
[2026-02-14T20:59:06.176+0000] {processor.py:161} INFO - Started process (PID=10648) to work on /home/airflow/.local/lib/python3.8/site-packages/airflow/example_dags/tutorial_objectstorage.py
[2026-02-14T20:59:06.179+0000] {processor.py:830} INFO - Processing file /home/airflow/.local/lib/python3.8/site-packages/airflow/example_dags/tutorial_objectstorage.py for tasks to queue
[2026-02-14T20:59:06.182+0000] {logging_mixin.py:188} INFO - [2026-02-14T20:59:06.181+0000] {dagbag.py:538} INFO - Filling up the DagBag from /home/airflow/.local/lib/python3.8/site-packages/airflow/example_dags/tutorial_objectstorage.py
[2026-02-14T20:59:06.194+0000] {processor.py:840} INFO - DAG(s) 'tutorial_objectstorage' retrieved from /home/airflow/.local/lib/python3.8/site-packages/airflow/example_dags/tutorial_objectstorage.py
[2026-02-14T20:59:06.227+0000] {logging_mixin.py:188} INFO - [2026-02-14T20:59:06.227+0000] {dag.py:3036} INFO - Sync 1 DAGs
[2026-02-14T20:59:06.246+0000] {logging_mixin.py:188} INFO - [2026-02-14T20:59:06.246+0000] {dag.py:3823} INFO - Setting next_dagrun for tutorial_objectstorage to None, run_after=None
[2026-02-14T20:59:06.280+0000] {processor.py:183} INFO - Processing /home/airflow/.local/lib/python3.8/site-packages/airflow/example_dags/tutorial_objectstorage.py took 0.110 seconds
[2026-02-14T20:59:36.483+0000] {processor.py:161} INFO - Started process (PID=10730) to work on /home/airflow/.local/lib/python3.8/site-packages/airflow/example_dags/tutorial_objectstorage.py
[2026-02-14T20:59:36.485+0000] {processor.py:830} INFO - Processing file /home/airflow/.local/lib/python3.8/site-packages/airflow/example_dags/tutorial_objectstorage.py for tasks to queue
[2026-02-14T20:59:36.488+0000] {logging_mixin.py:188} INFO - [2026-02-14T20:59:36.488+0000] {dagbag.py:538} INFO - Filling up the DagBag from /home/airflow/.local/lib/python3.8/site-packages/airflow/example_dags/tutorial_objectstorage.py
[2026-02-14T20:59:36.500+0000] {processor.py:840} INFO - DAG(s) 'tutorial_objectstorage' retrieved from /home/airflow/.local/lib/python3.8/site-packages/airflow/example_dags/tutorial_objectstorage.py
[2026-02-14T20:59:36.532+0000] {logging_mixin.py:188} INFO - [2026-02-14T20:59:36.532+0000] {dag.py:3036} INFO - Sync 1 DAGs
[2026-02-14T20:59:36.552+0000] {logging_mixin.py:188} INFO - [2026-02-14T20:59:36.552+0000] {dag.py:3823} INFO - Setting next_dagrun for tutorial_objectstorage to None, run_after=None
[2026-02-14T20:59:36.582+0000] {processor.py:183} INFO - Processing /home/airflow/.local/lib/python3.8/site-packages/airflow/example_dags/tutorial_objectstorage.py took 0.105 seconds
[2026-02-14T21:00:06.913+0000] {processor.py:161} INFO - Started process (PID=10813) to work on /home/airflow/.local/lib/python3.8/site-packages/airflow/example_dags/tutorial_objectstorage.py
[2026-02-14T21:00:06.915+0000] {processor.py:830} INFO - Processing file /home/airflow/.local/lib/python3.8/site-packages/airflow/example_dags/tutorial_objectstorage.py for tasks to queue
[2026-02-14T21:00:06.918+0000] {logging_mixin.py:188} INFO - [2026-02-14T21:00:06.917+0000] {dagbag.py:538} INFO - Filling up the DagBag from /home/airflow/.local/lib/python3.8/site-packages/airflow/example_dags/tutorial_objectstorage.py
[2026-02-14T21:00:06.928+0000] {processor.py:840} INFO - DAG(s) 'tutorial_objectstorage' retrieved from /home/airflow/.local/lib/python3.8/site-packages/airflow/example_dags/tutorial_objectstorage.py
[2026-02-14T21:00:06.959+0000] {logging_mixin.py:188} INFO - [2026-02-14T21:00:06.959+0000] {dag.py:3036} INFO - Sync 1 DAGs
[2026-02-14T21:00:06.980+0000] {logging_mixin.py:188} INFO - [2026-02-14T21:00:06.980+0000] {dag.py:3823} INFO - Setting next_dagrun for tutorial_objectstorage to None, run_after=None
[2026-02-14T21:00:07.013+0000] {processor.py:183} INFO - Processing /home/airflow/.local/lib/python3.8/site-packages/airflow/example_dags/tutorial_objectstorage.py took 0.105 seconds
[2026-02-14T21:00:37.223+0000] {processor.py:161} INFO - Started process (PID=10905) to work on /home/airflow/.local/lib/python3.8/site-packages/airflow/example_dags/tutorial_objectstorage.py
[2026-02-14T21:00:37.224+0000] {processor.py:830} INFO - Processing file /home/airflow/.local/lib/python3.8/site-packages/airflow/example_dags/tutorial_objectstorage.py for tasks to queue
[2026-02-14T21:00:37.227+0000] {logging_mixin.py:188} INFO - [2026-02-14T21:00:37.227+0000] {dagbag.py:538} INFO - Filling up the DagBag from /home/airflow/.local/lib/python3.8/site-packages/airflow/example_dags/tutorial_objectstorage.py
[2026-02-14T21:00:37.239+0000] {processor.py:840} INFO - DAG(s) 'tutorial_objectstorage' retrieved from /home/airflow/.local/lib/python3.8/site-packages/airflow/example_dags/tutorial_objectstorage.py
[2026-02-14T21:00:37.275+0000] {logging_mixin.py:188} INFO - [2026-02-14T21:00:37.274+0000] {dag.py:3036} INFO - Sync 1 DAGs
[2026-02-14T21:00:37.297+0000] {logging_mixin.py:188} INFO - [2026-02-14T21:00:37.296+0000] {dag.py:3823} INFO - Setting next_dagrun for tutorial_objectstorage to None, run_after=None
[2026-02-14T21:00:37.330+0000] {processor.py:183} INFO - Processing /home/airflow/.local/lib/python3.8/site-packages/airflow/example_dags/tutorial_objectstorage.py took 0.113 seconds
[2026-02-14T21:01:07.513+0000] {processor.py:161} INFO - Started process (PID=10990) to work on /home/airflow/.local/lib/python3.8/site-packages/airflow/example_dags/tutorial_objectstorage.py
[2026-02-14T21:01:07.515+0000] {processor.py:830} INFO - Processing file /home/airflow/.local/lib/python3.8/site-packages/airflow/example_dags/tutorial_objectstorage.py for tasks to queue
[2026-02-14T21:01:07.518+0000] {logging_mixin.py:188} INFO - [2026-02-14T21:01:07.518+0000] {dagbag.py:538} INFO - Filling up the DagBag from /home/airflow/.local/lib/python3.8/site-packages/airflow/example_dags/tutorial_objectstorage.py
[2026-02-14T21:01:07.528+0000] {processor.py:840} INFO - DAG(s) 'tutorial_objectstorage' retrieved from /home/airflow/.local/lib/python3.8/site-packages/airflow/example_dags/tutorial_objectstorage.py
[2026-02-14T21:01:07.559+0000] {logging_mixin.py:188} INFO - [2026-02-14T21:01:07.559+0000] {dag.py:3036} INFO - Sync 1 DAGs
[2026-02-14T21:01:07.583+0000] {logging_mixin.py:188} INFO - [2026-02-14T21:01:07.583+0000] {dag.py:3823} INFO - Setting next_dagrun for tutorial_objectstorage to None, run_after=None
[2026-02-14T21:01:07.619+0000] {processor.py:183} INFO - Processing /home/airflow/.local/lib/python3.8/site-packages/airflow/example_dags/tutorial_objectstorage.py took 0.111 seconds
[2026-02-14T21:01:37.920+0000] {processor.py:161} INFO - Started process (PID=11072) to work on /home/airflow/.local/lib/python3.8/site-packages/airflow/example_dags/tutorial_objectstorage.py
[2026-02-14T21:01:37.921+0000] {processor.py:830} INFO - Processing file /home/airflow/.local/lib/python3.8/site-packages/airflow/example_dags/tutorial_objectstorage.py for tasks to queue
[2026-02-14T21:01:37.924+0000] {logging_mixin.py:188} INFO - [2026-02-14T21:01:37.924+0000] {dagbag.py:538} INFO - Filling up the DagBag from /home/airflow/.local/lib/python3.8/site-packages/airflow/example_dags/tutorial_objectstorage.py
[2026-02-14T21:01:37.936+0000] {processor.py:840} INFO - DAG(s) 'tutorial_objectstorage' retrieved from /home/airflow/.local/lib/python3.8/site-packages/airflow/example_dags/tutorial_objectstorage.py
[2026-02-14T21:01:37.969+0000] {logging_mixin.py:188} INFO - [2026-02-14T21:01:37.969+0000] {dag.py:3036} INFO - Sync 1 DAGs
[2026-02-14T21:01:37.992+0000] {logging_mixin.py:188} INFO - [2026-02-14T21:01:37.992+0000] {dag.py:3823} INFO - Setting next_dagrun for tutorial_objectstorage to None, run_after=None
[2026-02-14T21:01:38.056+0000] {processor.py:183} INFO - Processing /home/airflow/.local/lib/python3.8/site-packages/airflow/example_dags/tutorial_objectstorage.py took 0.142 seconds
[2026-02-14T21:02:08.440+0000] {processor.py:161} INFO - Started process (PID=11155) to work on /home/airflow/.local/lib/python3.8/site-packages/airflow/example_dags/tutorial_objectstorage.py
[2026-02-14T21:02:08.442+0000] {processor.py:830} INFO - Processing file /home/airflow/.local/lib/python3.8/site-packages/airflow/example_dags/tutorial_objectstorage.py for tasks to queue
[2026-02-14T21:02:08.445+0000] {logging_mixin.py:188} INFO - [2026-02-14T21:02:08.445+0000] {dagbag.py:538} INFO - Filling up the DagBag from /home/airflow/.local/lib/python3.8/site-packages/airflow/example_dags/tutorial_objectstorage.py
[2026-02-14T21:02:08.460+0000] {processor.py:840} INFO - DAG(s) 'tutorial_objectstorage' retrieved from /home/airflow/.local/lib/python3.8/site-packages/airflow/example_dags/tutorial_objectstorage.py
[2026-02-14T21:02:08.492+0000] {logging_mixin.py:188} INFO - [2026-02-14T21:02:08.491+0000] {dag.py:3036} INFO - Sync 1 DAGs
[2026-02-14T21:02:08.520+0000] {logging_mixin.py:188} INFO - [2026-02-14T21:02:08.520+0000] {dag.py:3823} INFO - Setting next_dagrun for tutorial_objectstorage to None, run_after=None
[2026-02-14T21:02:08.556+0000] {processor.py:183} INFO - Processing /home/airflow/.local/lib/python3.8/site-packages/airflow/example_dags/tutorial_objectstorage.py took 0.122 seconds
[2026-02-14T21:02:38.863+0000] {processor.py:161} INFO - Started process (PID=11238) to work on /home/airflow/.local/lib/python3.8/site-packages/airflow/example_dags/tutorial_objectstorage.py
[2026-02-14T21:02:38.865+0000] {processor.py:830} INFO - Processing file /home/airflow/.local/lib/python3.8/site-packages/airflow/example_dags/tutorial_objectstorage.py for tasks to queue
[2026-02-14T21:02:38.867+0000] {logging_mixin.py:188} INFO - [2026-02-14T21:02:38.867+0000] {dagbag.py:538} INFO - Filling up the DagBag from /home/airflow/.local/lib/python3.8/site-packages/airflow/example_dags/tutorial_objectstorage.py
[2026-02-14T21:02:38.877+0000] {processor.py:840} INFO - DAG(s) 'tutorial_objectstorage' retrieved from /home/airflow/.local/lib/python3.8/site-packages/airflow/example_dags/tutorial_objectstorage.py
[2026-02-14T21:02:38.908+0000] {logging_mixin.py:188} INFO - [2026-02-14T21:02:38.908+0000] {dag.py:3036} INFO - Sync 1 DAGs
[2026-02-14T21:02:38.929+0000] {logging_mixin.py:188} INFO - [2026-02-14T21:02:38.929+0000] {dag.py:3823} INFO - Setting next_dagrun for tutorial_objectstorage to None, run_after=None
[2026-02-14T21:02:38.964+0000] {processor.py:183} INFO - Processing /home/airflow/.local/lib/python3.8/site-packages/airflow/example_dags/tutorial_objectstorage.py took 0.105 seconds
[2026-02-14T21:03:09.442+0000] {processor.py:161} INFO - Started process (PID=11321) to work on /home/airflow/.local/lib/python3.8/site-packages/airflow/example_dags/tutorial_objectstorage.py
[2026-02-14T21:03:09.444+0000] {processor.py:830} INFO - Processing file /home/airflow/.local/lib/python3.8/site-packages/airflow/example_dags/tutorial_objectstorage.py for tasks to queue
[2026-02-14T21:03:09.447+0000] {logging_mixin.py:188} INFO - [2026-02-14T21:03:09.447+0000] {dagbag.py:538} INFO - Filling up the DagBag from /home/airflow/.local/lib/python3.8/site-packages/airflow/example_dags/tutorial_objectstorage.py
[2026-02-14T21:03:09.457+0000] {processor.py:840} INFO - DAG(s) 'tutorial_objectstorage' retrieved from /home/airflow/.local/lib/python3.8/site-packages/airflow/example_dags/tutorial_objectstorage.py
[2026-02-14T21:03:09.486+0000] {logging_mixin.py:188} INFO - [2026-02-14T21:03:09.486+0000] {dag.py:3036} INFO - Sync 1 DAGs
[2026-02-14T21:03:09.505+0000] {logging_mixin.py:188} INFO - [2026-02-14T21:03:09.504+0000] {dag.py:3823} INFO - Setting next_dagrun for tutorial_objectstorage to None, run_after=None
[2026-02-14T21:03:09.533+0000] {processor.py:183} INFO - Processing /home/airflow/.local/lib/python3.8/site-packages/airflow/example_dags/tutorial_objectstorage.py took 0.096 seconds
[2026-02-14T21:03:39.678+0000] {processor.py:161} INFO - Started process (PID=11405) to work on /home/airflow/.local/lib/python3.8/site-packages/airflow/example_dags/tutorial_objectstorage.py
[2026-02-14T21:03:39.680+0000] {processor.py:830} INFO - Processing file /home/airflow/.local/lib/python3.8/site-packages/airflow/example_dags/tutorial_objectstorage.py for tasks to queue
[2026-02-14T21:03:39.682+0000] {logging_mixin.py:188} INFO - [2026-02-14T21:03:39.682+0000] {dagbag.py:538} INFO - Filling up the DagBag from /home/airflow/.local/lib/python3.8/site-packages/airflow/example_dags/tutorial_objectstorage.py
[2026-02-14T21:03:39.693+0000] {processor.py:840} INFO - DAG(s) 'tutorial_objectstorage' retrieved from /home/airflow/.local/lib/python3.8/site-packages/airflow/example_dags/tutorial_objectstorage.py
[2026-02-14T21:03:39.727+0000] {logging_mixin.py:188} INFO - [2026-02-14T21:03:39.726+0000] {dag.py:3036} INFO - Sync 1 DAGs
[2026-02-14T21:03:39.747+0000] {logging_mixin.py:188} INFO - [2026-02-14T21:03:39.746+0000] {dag.py:3823} INFO - Setting next_dagrun for tutorial_objectstorage to None, run_after=None
[2026-02-14T21:03:39.780+0000] {processor.py:183} INFO - Processing /home/airflow/.local/lib/python3.8/site-packages/airflow/example_dags/tutorial_objectstorage.py took 0.107 seconds
[2026-02-14T21:04:10.288+0000] {processor.py:161} INFO - Started process (PID=11488) to work on /home/airflow/.local/lib/python3.8/site-packages/airflow/example_dags/tutorial_objectstorage.py
[2026-02-14T21:04:10.289+0000] {processor.py:830} INFO - Processing file /home/airflow/.local/lib/python3.8/site-packages/airflow/example_dags/tutorial_objectstorage.py for tasks to queue
[2026-02-14T21:04:10.292+0000] {logging_mixin.py:188} INFO - [2026-02-14T21:04:10.292+0000] {dagbag.py:538} INFO - Filling up the DagBag from /home/airflow/.local/lib/python3.8/site-packages/airflow/example_dags/tutorial_objectstorage.py
[2026-02-14T21:04:10.302+0000] {processor.py:840} INFO - DAG(s) 'tutorial_objectstorage' retrieved from /home/airflow/.local/lib/python3.8/site-packages/airflow/example_dags/tutorial_objectstorage.py
[2026-02-14T21:04:10.332+0000] {logging_mixin.py:188} INFO - [2026-02-14T21:04:10.331+0000] {dag.py:3036} INFO - Sync 1 DAGs
[2026-02-14T21:04:10.353+0000] {logging_mixin.py:188} INFO - [2026-02-14T21:04:10.353+0000] {dag.py:3823} INFO - Setting next_dagrun for tutorial_objectstorage to None, run_after=None
[2026-02-14T21:04:10.382+0000] {processor.py:183} INFO - Processing /home/airflow/.local/lib/python3.8/site-packages/airflow/example_dags/tutorial_objectstorage.py took 0.099 seconds
[2026-02-14T21:04:40.644+0000] {processor.py:161} INFO - Started process (PID=11571) to work on /home/airflow/.local/lib/python3.8/site-packages/airflow/example_dags/tutorial_objectstorage.py
[2026-02-14T21:04:40.646+0000] {processor.py:830} INFO - Processing file /home/airflow/.local/lib/python3.8/site-packages/airflow/example_dags/tutorial_objectstorage.py for tasks to queue
[2026-02-14T21:04:40.649+0000] {logging_mixin.py:188} INFO - [2026-02-14T21:04:40.649+0000] {dagbag.py:538} INFO - Filling up the DagBag from /home/airflow/.local/lib/python3.8/site-packages/airflow/example_dags/tutorial_objectstorage.py
[2026-02-14T21:04:40.661+0000] {processor.py:840} INFO - DAG(s) 'tutorial_objectstorage' retrieved from /home/airflow/.local/lib/python3.8/site-packages/airflow/example_dags/tutorial_objectstorage.py
[2026-02-14T21:04:40.693+0000] {logging_mixin.py:188} INFO - [2026-02-14T21:04:40.692+0000] {dag.py:3036} INFO - Sync 1 DAGs
[2026-02-14T21:04:40.715+0000] {logging_mixin.py:188} INFO - [2026-02-14T21:04:40.715+0000] {dag.py:3823} INFO - Setting next_dagrun for tutorial_objectstorage to None, run_after=None
[2026-02-14T21:04:40.743+0000] {processor.py:183} INFO - Processing /home/airflow/.local/lib/python3.8/site-packages/airflow/example_dags/tutorial_objectstorage.py took 0.104 seconds
[2026-02-14T21:05:11.143+0000] {processor.py:161} INFO - Started process (PID=11653) to work on /home/airflow/.local/lib/python3.8/site-packages/airflow/example_dags/tutorial_objectstorage.py
[2026-02-14T21:05:11.144+0000] {processor.py:830} INFO - Processing file /home/airflow/.local/lib/python3.8/site-packages/airflow/example_dags/tutorial_objectstorage.py for tasks to queue
[2026-02-14T21:05:11.147+0000] {logging_mixin.py:188} INFO - [2026-02-14T21:05:11.147+0000] {dagbag.py:538} INFO - Filling up the DagBag from /home/airflow/.local/lib/python3.8/site-packages/airflow/example_dags/tutorial_objectstorage.py
[2026-02-14T21:05:11.158+0000] {processor.py:840} INFO - DAG(s) 'tutorial_objectstorage' retrieved from /home/airflow/.local/lib/python3.8/site-packages/airflow/example_dags/tutorial_objectstorage.py
[2026-02-14T21:05:11.192+0000] {logging_mixin.py:188} INFO - [2026-02-14T21:05:11.192+0000] {dag.py:3036} INFO - Sync 1 DAGs
[2026-02-14T21:05:11.212+0000] {logging_mixin.py:188} INFO - [2026-02-14T21:05:11.212+0000] {dag.py:3823} INFO - Setting next_dagrun for tutorial_objectstorage to None, run_after=None
[2026-02-14T21:05:11.252+0000] {processor.py:183} INFO - Processing /home/airflow/.local/lib/python3.8/site-packages/airflow/example_dags/tutorial_objectstorage.py took 0.123 seconds
[2026-02-14T21:05:41.578+0000] {processor.py:161} INFO - Started process (PID=11737) to work on /home/airflow/.local/lib/python3.8/site-packages/airflow/example_dags/tutorial_objectstorage.py
[2026-02-14T21:05:41.581+0000] {processor.py:830} INFO - Processing file /home/airflow/.local/lib/python3.8/site-packages/airflow/example_dags/tutorial_objectstorage.py for tasks to queue
[2026-02-14T21:05:41.583+0000] {logging_mixin.py:188} INFO - [2026-02-14T21:05:41.583+0000] {dagbag.py:538} INFO - Filling up the DagBag from /home/airflow/.local/lib/python3.8/site-packages/airflow/example_dags/tutorial_objectstorage.py
[2026-02-14T21:05:41.595+0000] {processor.py:840} INFO - DAG(s) 'tutorial_objectstorage' retrieved from /home/airflow/.local/lib/python3.8/site-packages/airflow/example_dags/tutorial_objectstorage.py
[2026-02-14T21:05:41.629+0000] {logging_mixin.py:188} INFO - [2026-02-14T21:05:41.629+0000] {dag.py:3036} INFO - Sync 1 DAGs
[2026-02-14T21:05:41.651+0000] {logging_mixin.py:188} INFO - [2026-02-14T21:05:41.651+0000] {dag.py:3823} INFO - Setting next_dagrun for tutorial_objectstorage to None, run_after=None
[2026-02-14T21:05:41.686+0000] {processor.py:183} INFO - Processing /home/airflow/.local/lib/python3.8/site-packages/airflow/example_dags/tutorial_objectstorage.py took 0.114 seconds
[2026-02-14T21:06:12.117+0000] {processor.py:161} INFO - Started process (PID=11826) to work on /home/airflow/.local/lib/python3.8/site-packages/airflow/example_dags/tutorial_objectstorage.py
[2026-02-14T21:06:12.119+0000] {processor.py:830} INFO - Processing file /home/airflow/.local/lib/python3.8/site-packages/airflow/example_dags/tutorial_objectstorage.py for tasks to queue
[2026-02-14T21:06:12.122+0000] {logging_mixin.py:188} INFO - [2026-02-14T21:06:12.122+0000] {dagbag.py:538} INFO - Filling up the DagBag from /home/airflow/.local/lib/python3.8/site-packages/airflow/example_dags/tutorial_objectstorage.py
[2026-02-14T21:06:12.135+0000] {processor.py:840} INFO - DAG(s) 'tutorial_objectstorage' retrieved from /home/airflow/.local/lib/python3.8/site-packages/airflow/example_dags/tutorial_objectstorage.py
[2026-02-14T21:06:12.172+0000] {logging_mixin.py:188} INFO - [2026-02-14T21:06:12.172+0000] {dag.py:3036} INFO - Sync 1 DAGs
[2026-02-14T21:06:12.196+0000] {logging_mixin.py:188} INFO - [2026-02-14T21:06:12.195+0000] {dag.py:3823} INFO - Setting next_dagrun for tutorial_objectstorage to None, run_after=None
[2026-02-14T21:06:12.230+0000] {processor.py:183} INFO - Processing /home/airflow/.local/lib/python3.8/site-packages/airflow/example_dags/tutorial_objectstorage.py took 0.120 seconds
[2026-02-14T21:06:42.820+0000] {processor.py:161} INFO - Started process (PID=11910) to work on /home/airflow/.local/lib/python3.8/site-packages/airflow/example_dags/tutorial_objectstorage.py
[2026-02-14T21:06:42.822+0000] {processor.py:830} INFO - Processing file /home/airflow/.local/lib/python3.8/site-packages/airflow/example_dags/tutorial_objectstorage.py for tasks to queue
[2026-02-14T21:06:42.825+0000] {logging_mixin.py:188} INFO - [2026-02-14T21:06:42.824+0000] {dagbag.py:538} INFO - Filling up the DagBag from /home/airflow/.local/lib/python3.8/site-packages/airflow/example_dags/tutorial_objectstorage.py
[2026-02-14T21:06:42.836+0000] {processor.py:840} INFO - DAG(s) 'tutorial_objectstorage' retrieved from /home/airflow/.local/lib/python3.8/site-packages/airflow/example_dags/tutorial_objectstorage.py
[2026-02-14T21:06:42.875+0000] {logging_mixin.py:188} INFO - [2026-02-14T21:06:42.874+0000] {dag.py:3036} INFO - Sync 1 DAGs
[2026-02-14T21:06:42.901+0000] {logging_mixin.py:188} INFO - [2026-02-14T21:06:42.901+0000] {dag.py:3823} INFO - Setting next_dagrun for tutorial_objectstorage to None, run_after=None
[2026-02-14T21:06:42.941+0000] {processor.py:183} INFO - Processing /home/airflow/.local/lib/python3.8/site-packages/airflow/example_dags/tutorial_objectstorage.py took 0.127 seconds
[2026-02-14T21:07:13.171+0000] {processor.py:161} INFO - Started process (PID=11994) to work on /home/airflow/.local/lib/python3.8/site-packages/airflow/example_dags/tutorial_objectstorage.py
[2026-02-14T21:07:13.173+0000] {processor.py:830} INFO - Processing file /home/airflow/.local/lib/python3.8/site-packages/airflow/example_dags/tutorial_objectstorage.py for tasks to queue
[2026-02-14T21:07:13.175+0000] {logging_mixin.py:188} INFO - [2026-02-14T21:07:13.175+0000] {dagbag.py:538} INFO - Filling up the DagBag from /home/airflow/.local/lib/python3.8/site-packages/airflow/example_dags/tutorial_objectstorage.py
[2026-02-14T21:07:13.186+0000] {processor.py:840} INFO - DAG(s) 'tutorial_objectstorage' retrieved from /home/airflow/.local/lib/python3.8/site-packages/airflow/example_dags/tutorial_objectstorage.py
[2026-02-14T21:07:13.218+0000] {logging_mixin.py:188} INFO - [2026-02-14T21:07:13.218+0000] {dag.py:3036} INFO - Sync 1 DAGs
[2026-02-14T21:07:13.239+0000] {logging_mixin.py:188} INFO - [2026-02-14T21:07:13.239+0000] {dag.py:3823} INFO - Setting next_dagrun for tutorial_objectstorage to None, run_after=None
[2026-02-14T21:07:13.272+0000] {processor.py:183} INFO - Processing /home/airflow/.local/lib/python3.8/site-packages/airflow/example_dags/tutorial_objectstorage.py took 0.106 seconds
[2026-02-14T21:07:43.640+0000] {processor.py:161} INFO - Started process (PID=12077) to work on /home/airflow/.local/lib/python3.8/site-packages/airflow/example_dags/tutorial_objectstorage.py
[2026-02-14T21:07:43.642+0000] {processor.py:830} INFO - Processing file /home/airflow/.local/lib/python3.8/site-packages/airflow/example_dags/tutorial_objectstorage.py for tasks to queue
[2026-02-14T21:07:43.645+0000] {logging_mixin.py:188} INFO - [2026-02-14T21:07:43.644+0000] {dagbag.py:538} INFO - Filling up the DagBag from /home/airflow/.local/lib/python3.8/site-packages/airflow/example_dags/tutorial_objectstorage.py
[2026-02-14T21:07:43.657+0000] {processor.py:840} INFO - DAG(s) 'tutorial_objectstorage' retrieved from /home/airflow/.local/lib/python3.8/site-packages/airflow/example_dags/tutorial_objectstorage.py
[2026-02-14T21:07:43.690+0000] {logging_mixin.py:188} INFO - [2026-02-14T21:07:43.690+0000] {dag.py:3036} INFO - Sync 1 DAGs
[2026-02-14T21:07:43.721+0000] {logging_mixin.py:188} INFO - [2026-02-14T21:07:43.720+0000] {dag.py:3823} INFO - Setting next_dagrun for tutorial_objectstorage to None, run_after=None
[2026-02-14T21:07:43.750+0000] {processor.py:183} INFO - Processing /home/airflow/.local/lib/python3.8/site-packages/airflow/example_dags/tutorial_objectstorage.py took 0.115 seconds
[2026-02-14T21:08:14.254+0000] {processor.py:161} INFO - Started process (PID=12159) to work on /home/airflow/.local/lib/python3.8/site-packages/airflow/example_dags/tutorial_objectstorage.py
[2026-02-14T21:08:14.258+0000] {processor.py:830} INFO - Processing file /home/airflow/.local/lib/python3.8/site-packages/airflow/example_dags/tutorial_objectstorage.py for tasks to queue
[2026-02-14T21:08:14.263+0000] {logging_mixin.py:188} INFO - [2026-02-14T21:08:14.262+0000] {dagbag.py:538} INFO - Filling up the DagBag from /home/airflow/.local/lib/python3.8/site-packages/airflow/example_dags/tutorial_objectstorage.py
[2026-02-14T21:08:14.274+0000] {processor.py:840} INFO - DAG(s) 'tutorial_objectstorage' retrieved from /home/airflow/.local/lib/python3.8/site-packages/airflow/example_dags/tutorial_objectstorage.py
[2026-02-14T21:08:14.305+0000] {logging_mixin.py:188} INFO - [2026-02-14T21:08:14.305+0000] {dag.py:3036} INFO - Sync 1 DAGs
[2026-02-14T21:08:14.327+0000] {logging_mixin.py:188} INFO - [2026-02-14T21:08:14.327+0000] {dag.py:3823} INFO - Setting next_dagrun for tutorial_objectstorage to None, run_after=None
[2026-02-14T21:08:14.355+0000] {processor.py:183} INFO - Processing /home/airflow/.local/lib/python3.8/site-packages/airflow/example_dags/tutorial_objectstorage.py took 0.106 seconds
[2026-02-14T21:08:44.943+0000] {processor.py:161} INFO - Started process (PID=12242) to work on /home/airflow/.local/lib/python3.8/site-packages/airflow/example_dags/tutorial_objectstorage.py
[2026-02-14T21:08:44.945+0000] {processor.py:830} INFO - Processing file /home/airflow/.local/lib/python3.8/site-packages/airflow/example_dags/tutorial_objectstorage.py for tasks to queue
[2026-02-14T21:08:44.948+0000] {logging_mixin.py:188} INFO - [2026-02-14T21:08:44.948+0000] {dagbag.py:538} INFO - Filling up the DagBag from /home/airflow/.local/lib/python3.8/site-packages/airflow/example_dags/tutorial_objectstorage.py
[2026-02-14T21:08:44.961+0000] {processor.py:840} INFO - DAG(s) 'tutorial_objectstorage' retrieved from /home/airflow/.local/lib/python3.8/site-packages/airflow/example_dags/tutorial_objectstorage.py
[2026-02-14T21:08:45.005+0000] {logging_mixin.py:188} INFO - [2026-02-14T21:08:45.004+0000] {dag.py:3036} INFO - Sync 1 DAGs
[2026-02-14T21:08:45.036+0000] {logging_mixin.py:188} INFO - [2026-02-14T21:08:45.035+0000] {dag.py:3823} INFO - Setting next_dagrun for tutorial_objectstorage to None, run_after=None
[2026-02-14T21:08:45.069+0000] {processor.py:183} INFO - Processing /home/airflow/.local/lib/python3.8/site-packages/airflow/example_dags/tutorial_objectstorage.py took 0.133 seconds
[2026-02-14T21:09:15.405+0000] {processor.py:161} INFO - Started process (PID=12325) to work on /home/airflow/.local/lib/python3.8/site-packages/airflow/example_dags/tutorial_objectstorage.py
[2026-02-14T21:09:15.406+0000] {processor.py:830} INFO - Processing file /home/airflow/.local/lib/python3.8/site-packages/airflow/example_dags/tutorial_objectstorage.py for tasks to queue
[2026-02-14T21:09:15.409+0000] {logging_mixin.py:188} INFO - [2026-02-14T21:09:15.408+0000] {dagbag.py:538} INFO - Filling up the DagBag from /home/airflow/.local/lib/python3.8/site-packages/airflow/example_dags/tutorial_objectstorage.py
[2026-02-14T21:09:15.418+0000] {processor.py:840} INFO - DAG(s) 'tutorial_objectstorage' retrieved from /home/airflow/.local/lib/python3.8/site-packages/airflow/example_dags/tutorial_objectstorage.py
[2026-02-14T21:09:15.446+0000] {logging_mixin.py:188} INFO - [2026-02-14T21:09:15.446+0000] {dag.py:3036} INFO - Sync 1 DAGs
[2026-02-14T21:09:15.466+0000] {logging_mixin.py:188} INFO - [2026-02-14T21:09:15.465+0000] {dag.py:3823} INFO - Setting next_dagrun for tutorial_objectstorage to None, run_after=None
[2026-02-14T21:09:15.493+0000] {processor.py:183} INFO - Processing /home/airflow/.local/lib/python3.8/site-packages/airflow/example_dags/tutorial_objectstorage.py took 0.093 seconds
[2026-02-14T21:09:45.645+0000] {processor.py:161} INFO - Started process (PID=12407) to work on /home/airflow/.local/lib/python3.8/site-packages/airflow/example_dags/tutorial_objectstorage.py
[2026-02-14T21:09:45.647+0000] {processor.py:830} INFO - Processing file /home/airflow/.local/lib/python3.8/site-packages/airflow/example_dags/tutorial_objectstorage.py for tasks to queue
[2026-02-14T21:09:45.650+0000] {logging_mixin.py:188} INFO - [2026-02-14T21:09:45.649+0000] {dagbag.py:538} INFO - Filling up the DagBag from /home/airflow/.local/lib/python3.8/site-packages/airflow/example_dags/tutorial_objectstorage.py
[2026-02-14T21:09:45.661+0000] {processor.py:840} INFO - DAG(s) 'tutorial_objectstorage' retrieved from /home/airflow/.local/lib/python3.8/site-packages/airflow/example_dags/tutorial_objectstorage.py
[2026-02-14T21:09:45.693+0000] {logging_mixin.py:188} INFO - [2026-02-14T21:09:45.693+0000] {dag.py:3036} INFO - Sync 1 DAGs
[2026-02-14T21:09:45.713+0000] {logging_mixin.py:188} INFO - [2026-02-14T21:09:45.713+0000] {dag.py:3823} INFO - Setting next_dagrun for tutorial_objectstorage to None, run_after=None
[2026-02-14T21:09:45.741+0000] {processor.py:183} INFO - Processing /home/airflow/.local/lib/python3.8/site-packages/airflow/example_dags/tutorial_objectstorage.py took 0.103 seconds
[2026-02-14T21:10:16.220+0000] {processor.py:161} INFO - Started process (PID=12497) to work on /home/airflow/.local/lib/python3.8/site-packages/airflow/example_dags/tutorial_objectstorage.py
[2026-02-14T21:10:16.221+0000] {processor.py:830} INFO - Processing file /home/airflow/.local/lib/python3.8/site-packages/airflow/example_dags/tutorial_objectstorage.py for tasks to queue
[2026-02-14T21:10:16.224+0000] {logging_mixin.py:188} INFO - [2026-02-14T21:10:16.224+0000] {dagbag.py:538} INFO - Filling up the DagBag from /home/airflow/.local/lib/python3.8/site-packages/airflow/example_dags/tutorial_objectstorage.py
[2026-02-14T21:10:16.235+0000] {processor.py:840} INFO - DAG(s) 'tutorial_objectstorage' retrieved from /home/airflow/.local/lib/python3.8/site-packages/airflow/example_dags/tutorial_objectstorage.py
[2026-02-14T21:10:16.268+0000] {logging_mixin.py:188} INFO - [2026-02-14T21:10:16.267+0000] {dag.py:3036} INFO - Sync 1 DAGs
[2026-02-14T21:10:16.289+0000] {logging_mixin.py:188} INFO - [2026-02-14T21:10:16.289+0000] {dag.py:3823} INFO - Setting next_dagrun for tutorial_objectstorage to None, run_after=None
[2026-02-14T21:10:16.340+0000] {processor.py:183} INFO - Processing /home/airflow/.local/lib/python3.8/site-packages/airflow/example_dags/tutorial_objectstorage.py took 0.126 seconds
[2026-02-14T21:10:46.971+0000] {processor.py:161} INFO - Started process (PID=12577) to work on /home/airflow/.local/lib/python3.8/site-packages/airflow/example_dags/tutorial_objectstorage.py
[2026-02-14T21:10:46.973+0000] {processor.py:830} INFO - Processing file /home/airflow/.local/lib/python3.8/site-packages/airflow/example_dags/tutorial_objectstorage.py for tasks to queue
[2026-02-14T21:10:46.976+0000] {logging_mixin.py:188} INFO - [2026-02-14T21:10:46.976+0000] {dagbag.py:538} INFO - Filling up the DagBag from /home/airflow/.local/lib/python3.8/site-packages/airflow/example_dags/tutorial_objectstorage.py
[2026-02-14T21:10:46.987+0000] {processor.py:840} INFO - DAG(s) 'tutorial_objectstorage' retrieved from /home/airflow/.local/lib/python3.8/site-packages/airflow/example_dags/tutorial_objectstorage.py
[2026-02-14T21:10:47.028+0000] {logging_mixin.py:188} INFO - [2026-02-14T21:10:47.028+0000] {dag.py:3036} INFO - Sync 1 DAGs
[2026-02-14T21:10:47.052+0000] {logging_mixin.py:188} INFO - [2026-02-14T21:10:47.051+0000] {dag.py:3823} INFO - Setting next_dagrun for tutorial_objectstorage to None, run_after=None
[2026-02-14T21:10:47.097+0000] {processor.py:183} INFO - Processing /home/airflow/.local/lib/python3.8/site-packages/airflow/example_dags/tutorial_objectstorage.py took 0.130 seconds
[2026-02-14T21:11:17.306+0000] {processor.py:161} INFO - Started process (PID=12661) to work on /home/airflow/.local/lib/python3.8/site-packages/airflow/example_dags/tutorial_objectstorage.py
[2026-02-14T21:11:17.308+0000] {processor.py:830} INFO - Processing file /home/airflow/.local/lib/python3.8/site-packages/airflow/example_dags/tutorial_objectstorage.py for tasks to queue
[2026-02-14T21:11:17.313+0000] {logging_mixin.py:188} INFO - [2026-02-14T21:11:17.311+0000] {dagbag.py:538} INFO - Filling up the DagBag from /home/airflow/.local/lib/python3.8/site-packages/airflow/example_dags/tutorial_objectstorage.py
[2026-02-14T21:11:17.325+0000] {processor.py:840} INFO - DAG(s) 'tutorial_objectstorage' retrieved from /home/airflow/.local/lib/python3.8/site-packages/airflow/example_dags/tutorial_objectstorage.py
[2026-02-14T21:11:17.362+0000] {logging_mixin.py:188} INFO - [2026-02-14T21:11:17.361+0000] {dag.py:3036} INFO - Sync 1 DAGs
[2026-02-14T21:11:17.389+0000] {logging_mixin.py:188} INFO - [2026-02-14T21:11:17.389+0000] {dag.py:3823} INFO - Setting next_dagrun for tutorial_objectstorage to None, run_after=None
[2026-02-14T21:11:17.419+0000] {processor.py:183} INFO - Processing /home/airflow/.local/lib/python3.8/site-packages/airflow/example_dags/tutorial_objectstorage.py took 0.119 seconds
[2026-02-14T21:11:47.847+0000] {processor.py:161} INFO - Started process (PID=12744) to work on /home/airflow/.local/lib/python3.8/site-packages/airflow/example_dags/tutorial_objectstorage.py
[2026-02-14T21:11:47.849+0000] {processor.py:830} INFO - Processing file /home/airflow/.local/lib/python3.8/site-packages/airflow/example_dags/tutorial_objectstorage.py for tasks to queue
[2026-02-14T21:11:47.852+0000] {logging_mixin.py:188} INFO - [2026-02-14T21:11:47.851+0000] {dagbag.py:538} INFO - Filling up the DagBag from /home/airflow/.local/lib/python3.8/site-packages/airflow/example_dags/tutorial_objectstorage.py
[2026-02-14T21:11:47.861+0000] {processor.py:840} INFO - DAG(s) 'tutorial_objectstorage' retrieved from /home/airflow/.local/lib/python3.8/site-packages/airflow/example_dags/tutorial_objectstorage.py
[2026-02-14T21:11:47.891+0000] {logging_mixin.py:188} INFO - [2026-02-14T21:11:47.891+0000] {dag.py:3036} INFO - Sync 1 DAGs
[2026-02-14T21:11:47.913+0000] {logging_mixin.py:188} INFO - [2026-02-14T21:11:47.913+0000] {dag.py:3823} INFO - Setting next_dagrun for tutorial_objectstorage to None, run_after=None
[2026-02-14T21:11:47.948+0000] {processor.py:183} INFO - Processing /home/airflow/.local/lib/python3.8/site-packages/airflow/example_dags/tutorial_objectstorage.py took 0.105 seconds
[2026-02-14T21:12:18.338+0000] {processor.py:161} INFO - Started process (PID=12827) to work on /home/airflow/.local/lib/python3.8/site-packages/airflow/example_dags/tutorial_objectstorage.py
[2026-02-14T21:12:18.340+0000] {processor.py:830} INFO - Processing file /home/airflow/.local/lib/python3.8/site-packages/airflow/example_dags/tutorial_objectstorage.py for tasks to queue
[2026-02-14T21:12:18.344+0000] {logging_mixin.py:188} INFO - [2026-02-14T21:12:18.343+0000] {dagbag.py:538} INFO - Filling up the DagBag from /home/airflow/.local/lib/python3.8/site-packages/airflow/example_dags/tutorial_objectstorage.py
[2026-02-14T21:12:18.356+0000] {processor.py:840} INFO - DAG(s) 'tutorial_objectstorage' retrieved from /home/airflow/.local/lib/python3.8/site-packages/airflow/example_dags/tutorial_objectstorage.py
[2026-02-14T21:12:18.391+0000] {logging_mixin.py:188} INFO - [2026-02-14T21:12:18.391+0000] {dag.py:3036} INFO - Sync 1 DAGs
[2026-02-14T21:12:18.415+0000] {logging_mixin.py:188} INFO - [2026-02-14T21:12:18.415+0000] {dag.py:3823} INFO - Setting next_dagrun for tutorial_objectstorage to None, run_after=None
[2026-02-14T21:12:18.453+0000] {processor.py:183} INFO - Processing /home/airflow/.local/lib/python3.8/site-packages/airflow/example_dags/tutorial_objectstorage.py took 0.121 seconds
[2026-02-14T21:12:48.881+0000] {processor.py:161} INFO - Started process (PID=12908) to work on /home/airflow/.local/lib/python3.8/site-packages/airflow/example_dags/tutorial_objectstorage.py
[2026-02-14T21:12:48.883+0000] {processor.py:830} INFO - Processing file /home/airflow/.local/lib/python3.8/site-packages/airflow/example_dags/tutorial_objectstorage.py for tasks to queue
[2026-02-14T21:12:48.886+0000] {logging_mixin.py:188} INFO - [2026-02-14T21:12:48.885+0000] {dagbag.py:538} INFO - Filling up the DagBag from /home/airflow/.local/lib/python3.8/site-packages/airflow/example_dags/tutorial_objectstorage.py
[2026-02-14T21:12:48.897+0000] {processor.py:840} INFO - DAG(s) 'tutorial_objectstorage' retrieved from /home/airflow/.local/lib/python3.8/site-packages/airflow/example_dags/tutorial_objectstorage.py
[2026-02-14T21:12:48.930+0000] {logging_mixin.py:188} INFO - [2026-02-14T21:12:48.929+0000] {dag.py:3036} INFO - Sync 1 DAGs
[2026-02-14T21:12:48.949+0000] {logging_mixin.py:188} INFO - [2026-02-14T21:12:48.949+0000] {dag.py:3823} INFO - Setting next_dagrun for tutorial_objectstorage to None, run_after=None
[2026-02-14T21:12:48.978+0000] {processor.py:183} INFO - Processing /home/airflow/.local/lib/python3.8/site-packages/airflow/example_dags/tutorial_objectstorage.py took 0.103 seconds
[2026-02-14T21:13:19.892+0000] {processor.py:161} INFO - Started process (PID=12991) to work on /home/airflow/.local/lib/python3.8/site-packages/airflow/example_dags/tutorial_objectstorage.py
[2026-02-14T21:13:19.893+0000] {processor.py:830} INFO - Processing file /home/airflow/.local/lib/python3.8/site-packages/airflow/example_dags/tutorial_objectstorage.py for tasks to queue
[2026-02-14T21:13:19.896+0000] {logging_mixin.py:188} INFO - [2026-02-14T21:13:19.895+0000] {dagbag.py:538} INFO - Filling up the DagBag from /home/airflow/.local/lib/python3.8/site-packages/airflow/example_dags/tutorial_objectstorage.py
[2026-02-14T21:13:19.905+0000] {processor.py:840} INFO - DAG(s) 'tutorial_objectstorage' retrieved from /home/airflow/.local/lib/python3.8/site-packages/airflow/example_dags/tutorial_objectstorage.py
[2026-02-14T21:13:19.942+0000] {logging_mixin.py:188} INFO - [2026-02-14T21:13:19.941+0000] {dag.py:3036} INFO - Sync 1 DAGs
[2026-02-14T21:13:19.962+0000] {logging_mixin.py:188} INFO - [2026-02-14T21:13:19.962+0000] {dag.py:3823} INFO - Setting next_dagrun for tutorial_objectstorage to None, run_after=None
[2026-02-14T21:13:19.992+0000] {processor.py:183} INFO - Processing /home/airflow/.local/lib/python3.8/site-packages/airflow/example_dags/tutorial_objectstorage.py took 0.105 seconds
[2026-02-14T21:13:50.381+0000] {processor.py:161} INFO - Started process (PID=13074) to work on /home/airflow/.local/lib/python3.8/site-packages/airflow/example_dags/tutorial_objectstorage.py
[2026-02-14T21:13:50.383+0000] {processor.py:830} INFO - Processing file /home/airflow/.local/lib/python3.8/site-packages/airflow/example_dags/tutorial_objectstorage.py for tasks to queue
[2026-02-14T21:13:50.385+0000] {logging_mixin.py:188} INFO - [2026-02-14T21:13:50.385+0000] {dagbag.py:538} INFO - Filling up the DagBag from /home/airflow/.local/lib/python3.8/site-packages/airflow/example_dags/tutorial_objectstorage.py
[2026-02-14T21:13:50.396+0000] {processor.py:840} INFO - DAG(s) 'tutorial_objectstorage' retrieved from /home/airflow/.local/lib/python3.8/site-packages/airflow/example_dags/tutorial_objectstorage.py
[2026-02-14T21:13:50.426+0000] {logging_mixin.py:188} INFO - [2026-02-14T21:13:50.425+0000] {dag.py:3036} INFO - Sync 1 DAGs
[2026-02-14T21:13:50.448+0000] {logging_mixin.py:188} INFO - [2026-02-14T21:13:50.447+0000] {dag.py:3823} INFO - Setting next_dagrun for tutorial_objectstorage to None, run_after=None
[2026-02-14T21:13:50.478+0000] {processor.py:183} INFO - Processing /home/airflow/.local/lib/python3.8/site-packages/airflow/example_dags/tutorial_objectstorage.py took 0.102 seconds
[2026-02-14T21:14:20.998+0000] {processor.py:161} INFO - Started process (PID=13163) to work on /home/airflow/.local/lib/python3.8/site-packages/airflow/example_dags/tutorial_objectstorage.py
[2026-02-14T21:14:20.999+0000] {processor.py:830} INFO - Processing file /home/airflow/.local/lib/python3.8/site-packages/airflow/example_dags/tutorial_objectstorage.py for tasks to queue
[2026-02-14T21:14:21.002+0000] {logging_mixin.py:188} INFO - [2026-02-14T21:14:21.002+0000] {dagbag.py:538} INFO - Filling up the DagBag from /home/airflow/.local/lib/python3.8/site-packages/airflow/example_dags/tutorial_objectstorage.py
[2026-02-14T21:14:21.013+0000] {processor.py:840} INFO - DAG(s) 'tutorial_objectstorage' retrieved from /home/airflow/.local/lib/python3.8/site-packages/airflow/example_dags/tutorial_objectstorage.py
[2026-02-14T21:14:21.047+0000] {logging_mixin.py:188} INFO - [2026-02-14T21:14:21.047+0000] {dag.py:3036} INFO - Sync 1 DAGs
[2026-02-14T21:14:21.072+0000] {logging_mixin.py:188} INFO - [2026-02-14T21:14:21.071+0000] {dag.py:3823} INFO - Setting next_dagrun for tutorial_objectstorage to None, run_after=None
[2026-02-14T21:14:21.107+0000] {processor.py:183} INFO - Processing /home/airflow/.local/lib/python3.8/site-packages/airflow/example_dags/tutorial_objectstorage.py took 0.114 seconds
[2026-02-14T21:14:51.272+0000] {processor.py:161} INFO - Started process (PID=13245) to work on /home/airflow/.local/lib/python3.8/site-packages/airflow/example_dags/tutorial_objectstorage.py
[2026-02-14T21:14:51.274+0000] {processor.py:830} INFO - Processing file /home/airflow/.local/lib/python3.8/site-packages/airflow/example_dags/tutorial_objectstorage.py for tasks to queue
[2026-02-14T21:14:51.278+0000] {logging_mixin.py:188} INFO - [2026-02-14T21:14:51.277+0000] {dagbag.py:538} INFO - Filling up the DagBag from /home/airflow/.local/lib/python3.8/site-packages/airflow/example_dags/tutorial_objectstorage.py
[2026-02-14T21:14:51.290+0000] {processor.py:840} INFO - DAG(s) 'tutorial_objectstorage' retrieved from /home/airflow/.local/lib/python3.8/site-packages/airflow/example_dags/tutorial_objectstorage.py
[2026-02-14T21:14:51.326+0000] {logging_mixin.py:188} INFO - [2026-02-14T21:14:51.325+0000] {dag.py:3036} INFO - Sync 1 DAGs
[2026-02-14T21:14:51.353+0000] {logging_mixin.py:188} INFO - [2026-02-14T21:14:51.352+0000] {dag.py:3823} INFO - Setting next_dagrun for tutorial_objectstorage to None, run_after=None
[2026-02-14T21:14:51.387+0000] {processor.py:183} INFO - Processing /home/airflow/.local/lib/python3.8/site-packages/airflow/example_dags/tutorial_objectstorage.py took 0.121 seconds
[2026-02-14T21:15:21.833+0000] {processor.py:161} INFO - Started process (PID=13329) to work on /home/airflow/.local/lib/python3.8/site-packages/airflow/example_dags/tutorial_objectstorage.py
[2026-02-14T21:15:21.835+0000] {processor.py:830} INFO - Processing file /home/airflow/.local/lib/python3.8/site-packages/airflow/example_dags/tutorial_objectstorage.py for tasks to queue
[2026-02-14T21:15:21.838+0000] {logging_mixin.py:188} INFO - [2026-02-14T21:15:21.838+0000] {dagbag.py:538} INFO - Filling up the DagBag from /home/airflow/.local/lib/python3.8/site-packages/airflow/example_dags/tutorial_objectstorage.py
[2026-02-14T21:15:21.851+0000] {processor.py:840} INFO - DAG(s) 'tutorial_objectstorage' retrieved from /home/airflow/.local/lib/python3.8/site-packages/airflow/example_dags/tutorial_objectstorage.py
[2026-02-14T21:15:21.888+0000] {logging_mixin.py:188} INFO - [2026-02-14T21:15:21.887+0000] {dag.py:3036} INFO - Sync 1 DAGs
[2026-02-14T21:15:21.920+0000] {logging_mixin.py:188} INFO - [2026-02-14T21:15:21.920+0000] {dag.py:3823} INFO - Setting next_dagrun for tutorial_objectstorage to None, run_after=None
[2026-02-14T21:15:21.952+0000] {processor.py:183} INFO - Processing /home/airflow/.local/lib/python3.8/site-packages/airflow/example_dags/tutorial_objectstorage.py took 0.125 seconds
[2026-02-14T21:15:52.404+0000] {processor.py:161} INFO - Started process (PID=13412) to work on /home/airflow/.local/lib/python3.8/site-packages/airflow/example_dags/tutorial_objectstorage.py
[2026-02-14T21:15:52.407+0000] {processor.py:830} INFO - Processing file /home/airflow/.local/lib/python3.8/site-packages/airflow/example_dags/tutorial_objectstorage.py for tasks to queue
[2026-02-14T21:15:52.410+0000] {logging_mixin.py:188} INFO - [2026-02-14T21:15:52.410+0000] {dagbag.py:538} INFO - Filling up the DagBag from /home/airflow/.local/lib/python3.8/site-packages/airflow/example_dags/tutorial_objectstorage.py
[2026-02-14T21:15:52.424+0000] {processor.py:840} INFO - DAG(s) 'tutorial_objectstorage' retrieved from /home/airflow/.local/lib/python3.8/site-packages/airflow/example_dags/tutorial_objectstorage.py
[2026-02-14T21:15:52.460+0000] {logging_mixin.py:188} INFO - [2026-02-14T21:15:52.459+0000] {dag.py:3036} INFO - Sync 1 DAGs
[2026-02-14T21:15:52.486+0000] {logging_mixin.py:188} INFO - [2026-02-14T21:15:52.486+0000] {dag.py:3823} INFO - Setting next_dagrun for tutorial_objectstorage to None, run_after=None
[2026-02-14T21:15:52.523+0000] {processor.py:183} INFO - Processing /home/airflow/.local/lib/python3.8/site-packages/airflow/example_dags/tutorial_objectstorage.py took 0.125 seconds
[2026-02-14T21:16:22.708+0000] {processor.py:161} INFO - Started process (PID=13495) to work on /home/airflow/.local/lib/python3.8/site-packages/airflow/example_dags/tutorial_objectstorage.py
[2026-02-14T21:16:22.709+0000] {processor.py:830} INFO - Processing file /home/airflow/.local/lib/python3.8/site-packages/airflow/example_dags/tutorial_objectstorage.py for tasks to queue
[2026-02-14T21:16:22.712+0000] {logging_mixin.py:188} INFO - [2026-02-14T21:16:22.712+0000] {dagbag.py:538} INFO - Filling up the DagBag from /home/airflow/.local/lib/python3.8/site-packages/airflow/example_dags/tutorial_objectstorage.py
[2026-02-14T21:16:22.722+0000] {processor.py:840} INFO - DAG(s) 'tutorial_objectstorage' retrieved from /home/airflow/.local/lib/python3.8/site-packages/airflow/example_dags/tutorial_objectstorage.py
[2026-02-14T21:16:22.752+0000] {logging_mixin.py:188} INFO - [2026-02-14T21:16:22.752+0000] {dag.py:3036} INFO - Sync 1 DAGs
[2026-02-14T21:16:22.774+0000] {logging_mixin.py:188} INFO - [2026-02-14T21:16:22.774+0000] {dag.py:3823} INFO - Setting next_dagrun for tutorial_objectstorage to None, run_after=None
[2026-02-14T21:16:22.805+0000] {processor.py:183} INFO - Processing /home/airflow/.local/lib/python3.8/site-packages/airflow/example_dags/tutorial_objectstorage.py took 0.102 seconds
[2026-02-14T21:16:53.153+0000] {processor.py:161} INFO - Started process (PID=13577) to work on /home/airflow/.local/lib/python3.8/site-packages/airflow/example_dags/tutorial_objectstorage.py
[2026-02-14T21:16:53.155+0000] {processor.py:830} INFO - Processing file /home/airflow/.local/lib/python3.8/site-packages/airflow/example_dags/tutorial_objectstorage.py for tasks to queue
[2026-02-14T21:16:53.157+0000] {logging_mixin.py:188} INFO - [2026-02-14T21:16:53.157+0000] {dagbag.py:538} INFO - Filling up the DagBag from /home/airflow/.local/lib/python3.8/site-packages/airflow/example_dags/tutorial_objectstorage.py
[2026-02-14T21:16:53.167+0000] {processor.py:840} INFO - DAG(s) 'tutorial_objectstorage' retrieved from /home/airflow/.local/lib/python3.8/site-packages/airflow/example_dags/tutorial_objectstorage.py
[2026-02-14T21:16:53.206+0000] {logging_mixin.py:188} INFO - [2026-02-14T21:16:53.205+0000] {dag.py:3036} INFO - Sync 1 DAGs
[2026-02-14T21:16:53.228+0000] {logging_mixin.py:188} INFO - [2026-02-14T21:16:53.228+0000] {dag.py:3823} INFO - Setting next_dagrun for tutorial_objectstorage to None, run_after=None
[2026-02-14T21:16:53.262+0000] {processor.py:183} INFO - Processing /home/airflow/.local/lib/python3.8/site-packages/airflow/example_dags/tutorial_objectstorage.py took 0.114 seconds
[2026-02-14T21:17:23.426+0000] {processor.py:161} INFO - Started process (PID=13660) to work on /home/airflow/.local/lib/python3.8/site-packages/airflow/example_dags/tutorial_objectstorage.py
[2026-02-14T21:17:23.427+0000] {processor.py:830} INFO - Processing file /home/airflow/.local/lib/python3.8/site-packages/airflow/example_dags/tutorial_objectstorage.py for tasks to queue
[2026-02-14T21:17:23.430+0000] {logging_mixin.py:188} INFO - [2026-02-14T21:17:23.429+0000] {dagbag.py:538} INFO - Filling up the DagBag from /home/airflow/.local/lib/python3.8/site-packages/airflow/example_dags/tutorial_objectstorage.py
[2026-02-14T21:17:23.439+0000] {processor.py:840} INFO - DAG(s) 'tutorial_objectstorage' retrieved from /home/airflow/.local/lib/python3.8/site-packages/airflow/example_dags/tutorial_objectstorage.py
[2026-02-14T21:17:23.468+0000] {logging_mixin.py:188} INFO - [2026-02-14T21:17:23.468+0000] {dag.py:3036} INFO - Sync 1 DAGs
[2026-02-14T21:17:23.487+0000] {logging_mixin.py:188} INFO - [2026-02-14T21:17:23.487+0000] {dag.py:3823} INFO - Setting next_dagrun for tutorial_objectstorage to None, run_after=None
[2026-02-14T21:17:23.516+0000] {processor.py:183} INFO - Processing /home/airflow/.local/lib/python3.8/site-packages/airflow/example_dags/tutorial_objectstorage.py took 0.095 seconds
[2026-02-14T21:17:53.589+0000] {processor.py:161} INFO - Started process (PID=13743) to work on /home/airflow/.local/lib/python3.8/site-packages/airflow/example_dags/tutorial_objectstorage.py
[2026-02-14T21:17:53.591+0000] {processor.py:830} INFO - Processing file /home/airflow/.local/lib/python3.8/site-packages/airflow/example_dags/tutorial_objectstorage.py for tasks to queue
[2026-02-14T21:17:53.593+0000] {logging_mixin.py:188} INFO - [2026-02-14T21:17:53.593+0000] {dagbag.py:538} INFO - Filling up the DagBag from /home/airflow/.local/lib/python3.8/site-packages/airflow/example_dags/tutorial_objectstorage.py
[2026-02-14T21:17:53.603+0000] {processor.py:840} INFO - DAG(s) 'tutorial_objectstorage' retrieved from /home/airflow/.local/lib/python3.8/site-packages/airflow/example_dags/tutorial_objectstorage.py
[2026-02-14T21:17:53.643+0000] {logging_mixin.py:188} INFO - [2026-02-14T21:17:53.643+0000] {dag.py:3036} INFO - Sync 1 DAGs
[2026-02-14T21:17:53.667+0000] {logging_mixin.py:188} INFO - [2026-02-14T21:17:53.666+0000] {dag.py:3823} INFO - Setting next_dagrun for tutorial_objectstorage to None, run_after=None
[2026-02-14T21:17:53.699+0000] {processor.py:183} INFO - Processing /home/airflow/.local/lib/python3.8/site-packages/airflow/example_dags/tutorial_objectstorage.py took 0.115 seconds
[2026-02-14T21:18:24.073+0000] {processor.py:161} INFO - Started process (PID=13826) to work on /home/airflow/.local/lib/python3.8/site-packages/airflow/example_dags/tutorial_objectstorage.py
[2026-02-14T21:18:24.074+0000] {processor.py:830} INFO - Processing file /home/airflow/.local/lib/python3.8/site-packages/airflow/example_dags/tutorial_objectstorage.py for tasks to queue
[2026-02-14T21:18:24.078+0000] {logging_mixin.py:188} INFO - [2026-02-14T21:18:24.077+0000] {dagbag.py:538} INFO - Filling up the DagBag from /home/airflow/.local/lib/python3.8/site-packages/airflow/example_dags/tutorial_objectstorage.py
[2026-02-14T21:18:24.090+0000] {processor.py:840} INFO - DAG(s) 'tutorial_objectstorage' retrieved from /home/airflow/.local/lib/python3.8/site-packages/airflow/example_dags/tutorial_objectstorage.py
[2026-02-14T21:18:24.125+0000] {logging_mixin.py:188} INFO - [2026-02-14T21:18:24.125+0000] {dag.py:3036} INFO - Sync 1 DAGs
[2026-02-14T21:18:24.151+0000] {logging_mixin.py:188} INFO - [2026-02-14T21:18:24.150+0000] {dag.py:3823} INFO - Setting next_dagrun for tutorial_objectstorage to None, run_after=None
[2026-02-14T21:18:24.184+0000] {processor.py:183} INFO - Processing /home/airflow/.local/lib/python3.8/site-packages/airflow/example_dags/tutorial_objectstorage.py took 0.117 seconds
[2026-02-14T21:18:54.709+0000] {processor.py:161} INFO - Started process (PID=13909) to work on /home/airflow/.local/lib/python3.8/site-packages/airflow/example_dags/tutorial_objectstorage.py
[2026-02-14T21:18:54.711+0000] {processor.py:830} INFO - Processing file /home/airflow/.local/lib/python3.8/site-packages/airflow/example_dags/tutorial_objectstorage.py for tasks to queue
[2026-02-14T21:18:54.713+0000] {logging_mixin.py:188} INFO - [2026-02-14T21:18:54.713+0000] {dagbag.py:538} INFO - Filling up the DagBag from /home/airflow/.local/lib/python3.8/site-packages/airflow/example_dags/tutorial_objectstorage.py
[2026-02-14T21:18:54.724+0000] {processor.py:840} INFO - DAG(s) 'tutorial_objectstorage' retrieved from /home/airflow/.local/lib/python3.8/site-packages/airflow/example_dags/tutorial_objectstorage.py
[2026-02-14T21:18:54.755+0000] {logging_mixin.py:188} INFO - [2026-02-14T21:18:54.755+0000] {dag.py:3036} INFO - Sync 1 DAGs
[2026-02-14T21:18:54.780+0000] {logging_mixin.py:188} INFO - [2026-02-14T21:18:54.780+0000] {dag.py:3823} INFO - Setting next_dagrun for tutorial_objectstorage to None, run_after=None
[2026-02-14T21:18:54.810+0000] {processor.py:183} INFO - Processing /home/airflow/.local/lib/python3.8/site-packages/airflow/example_dags/tutorial_objectstorage.py took 0.107 seconds
[2026-02-14T21:19:25.081+0000] {processor.py:161} INFO - Started process (PID=13999) to work on /home/airflow/.local/lib/python3.8/site-packages/airflow/example_dags/tutorial_objectstorage.py
[2026-02-14T21:19:25.082+0000] {processor.py:830} INFO - Processing file /home/airflow/.local/lib/python3.8/site-packages/airflow/example_dags/tutorial_objectstorage.py for tasks to queue
[2026-02-14T21:19:25.085+0000] {logging_mixin.py:188} INFO - [2026-02-14T21:19:25.085+0000] {dagbag.py:538} INFO - Filling up the DagBag from /home/airflow/.local/lib/python3.8/site-packages/airflow/example_dags/tutorial_objectstorage.py
[2026-02-14T21:19:25.097+0000] {processor.py:840} INFO - DAG(s) 'tutorial_objectstorage' retrieved from /home/airflow/.local/lib/python3.8/site-packages/airflow/example_dags/tutorial_objectstorage.py
[2026-02-14T21:19:25.129+0000] {logging_mixin.py:188} INFO - [2026-02-14T21:19:25.128+0000] {dag.py:3036} INFO - Sync 1 DAGs
[2026-02-14T21:19:25.151+0000] {logging_mixin.py:188} INFO - [2026-02-14T21:19:25.151+0000] {dag.py:3823} INFO - Setting next_dagrun for tutorial_objectstorage to None, run_after=None
[2026-02-14T21:19:25.186+0000] {processor.py:183} INFO - Processing /home/airflow/.local/lib/python3.8/site-packages/airflow/example_dags/tutorial_objectstorage.py took 0.111 seconds
[2026-02-14T21:19:55.469+0000] {processor.py:161} INFO - Started process (PID=14084) to work on /home/airflow/.local/lib/python3.8/site-packages/airflow/example_dags/tutorial_objectstorage.py
[2026-02-14T21:19:55.471+0000] {processor.py:830} INFO - Processing file /home/airflow/.local/lib/python3.8/site-packages/airflow/example_dags/tutorial_objectstorage.py for tasks to queue
[2026-02-14T21:19:55.474+0000] {logging_mixin.py:188} INFO - [2026-02-14T21:19:55.473+0000] {dagbag.py:538} INFO - Filling up the DagBag from /home/airflow/.local/lib/python3.8/site-packages/airflow/example_dags/tutorial_objectstorage.py
[2026-02-14T21:19:55.485+0000] {processor.py:840} INFO - DAG(s) 'tutorial_objectstorage' retrieved from /home/airflow/.local/lib/python3.8/site-packages/airflow/example_dags/tutorial_objectstorage.py
[2026-02-14T21:19:55.521+0000] {logging_mixin.py:188} INFO - [2026-02-14T21:19:55.521+0000] {dag.py:3036} INFO - Sync 1 DAGs
[2026-02-14T21:19:55.545+0000] {logging_mixin.py:188} INFO - [2026-02-14T21:19:55.545+0000] {dag.py:3823} INFO - Setting next_dagrun for tutorial_objectstorage to None, run_after=None
[2026-02-14T21:19:55.579+0000] {processor.py:183} INFO - Processing /home/airflow/.local/lib/python3.8/site-packages/airflow/example_dags/tutorial_objectstorage.py took 0.116 seconds
[2026-02-14T21:20:26.075+0000] {processor.py:161} INFO - Started process (PID=14167) to work on /home/airflow/.local/lib/python3.8/site-packages/airflow/example_dags/tutorial_objectstorage.py
[2026-02-14T21:20:26.078+0000] {processor.py:830} INFO - Processing file /home/airflow/.local/lib/python3.8/site-packages/airflow/example_dags/tutorial_objectstorage.py for tasks to queue
[2026-02-14T21:20:26.081+0000] {logging_mixin.py:188} INFO - [2026-02-14T21:20:26.081+0000] {dagbag.py:538} INFO - Filling up the DagBag from /home/airflow/.local/lib/python3.8/site-packages/airflow/example_dags/tutorial_objectstorage.py
[2026-02-14T21:20:26.092+0000] {processor.py:840} INFO - DAG(s) 'tutorial_objectstorage' retrieved from /home/airflow/.local/lib/python3.8/site-packages/airflow/example_dags/tutorial_objectstorage.py
[2026-02-14T21:20:26.131+0000] {logging_mixin.py:188} INFO - [2026-02-14T21:20:26.130+0000] {dag.py:3036} INFO - Sync 1 DAGs
[2026-02-14T21:20:26.157+0000] {logging_mixin.py:188} INFO - [2026-02-14T21:20:26.157+0000] {dag.py:3823} INFO - Setting next_dagrun for tutorial_objectstorage to None, run_after=None
[2026-02-14T21:20:26.191+0000] {processor.py:183} INFO - Processing /home/airflow/.local/lib/python3.8/site-packages/airflow/example_dags/tutorial_objectstorage.py took 0.121 seconds
[2026-02-14T21:20:56.512+0000] {processor.py:161} INFO - Started process (PID=14249) to work on /home/airflow/.local/lib/python3.8/site-packages/airflow/example_dags/tutorial_objectstorage.py
[2026-02-14T21:20:56.514+0000] {processor.py:830} INFO - Processing file /home/airflow/.local/lib/python3.8/site-packages/airflow/example_dags/tutorial_objectstorage.py for tasks to queue
[2026-02-14T21:20:56.517+0000] {logging_mixin.py:188} INFO - [2026-02-14T21:20:56.517+0000] {dagbag.py:538} INFO - Filling up the DagBag from /home/airflow/.local/lib/python3.8/site-packages/airflow/example_dags/tutorial_objectstorage.py
[2026-02-14T21:20:56.530+0000] {processor.py:840} INFO - DAG(s) 'tutorial_objectstorage' retrieved from /home/airflow/.local/lib/python3.8/site-packages/airflow/example_dags/tutorial_objectstorage.py
[2026-02-14T21:20:56.562+0000] {logging_mixin.py:188} INFO - [2026-02-14T21:20:56.562+0000] {dag.py:3036} INFO - Sync 1 DAGs
[2026-02-14T21:20:56.583+0000] {logging_mixin.py:188} INFO - [2026-02-14T21:20:56.583+0000] {dag.py:3823} INFO - Setting next_dagrun for tutorial_objectstorage to None, run_after=None
[2026-02-14T21:20:56.614+0000] {processor.py:183} INFO - Processing /home/airflow/.local/lib/python3.8/site-packages/airflow/example_dags/tutorial_objectstorage.py took 0.107 seconds
[2026-02-14T21:21:26.704+0000] {processor.py:161} INFO - Started process (PID=14332) to work on /home/airflow/.local/lib/python3.8/site-packages/airflow/example_dags/tutorial_objectstorage.py
[2026-02-14T21:21:26.706+0000] {processor.py:830} INFO - Processing file /home/airflow/.local/lib/python3.8/site-packages/airflow/example_dags/tutorial_objectstorage.py for tasks to queue
[2026-02-14T21:21:26.709+0000] {logging_mixin.py:188} INFO - [2026-02-14T21:21:26.708+0000] {dagbag.py:538} INFO - Filling up the DagBag from /home/airflow/.local/lib/python3.8/site-packages/airflow/example_dags/tutorial_objectstorage.py
[2026-02-14T21:21:26.720+0000] {processor.py:840} INFO - DAG(s) 'tutorial_objectstorage' retrieved from /home/airflow/.local/lib/python3.8/site-packages/airflow/example_dags/tutorial_objectstorage.py
[2026-02-14T21:21:26.755+0000] {logging_mixin.py:188} INFO - [2026-02-14T21:21:26.755+0000] {dag.py:3036} INFO - Sync 1 DAGs
[2026-02-14T21:21:26.780+0000] {logging_mixin.py:188} INFO - [2026-02-14T21:21:26.780+0000] {dag.py:3823} INFO - Setting next_dagrun for tutorial_objectstorage to None, run_after=None
[2026-02-14T21:21:26.817+0000] {processor.py:183} INFO - Processing /home/airflow/.local/lib/python3.8/site-packages/airflow/example_dags/tutorial_objectstorage.py took 0.119 seconds
[2026-02-14T21:21:57.137+0000] {processor.py:161} INFO - Started process (PID=14415) to work on /home/airflow/.local/lib/python3.8/site-packages/airflow/example_dags/tutorial_objectstorage.py
[2026-02-14T21:21:57.139+0000] {processor.py:830} INFO - Processing file /home/airflow/.local/lib/python3.8/site-packages/airflow/example_dags/tutorial_objectstorage.py for tasks to queue
[2026-02-14T21:21:57.142+0000] {logging_mixin.py:188} INFO - [2026-02-14T21:21:57.141+0000] {dagbag.py:538} INFO - Filling up the DagBag from /home/airflow/.local/lib/python3.8/site-packages/airflow/example_dags/tutorial_objectstorage.py
[2026-02-14T21:21:57.154+0000] {processor.py:840} INFO - DAG(s) 'tutorial_objectstorage' retrieved from /home/airflow/.local/lib/python3.8/site-packages/airflow/example_dags/tutorial_objectstorage.py
[2026-02-14T21:21:57.188+0000] {logging_mixin.py:188} INFO - [2026-02-14T21:21:57.188+0000] {dag.py:3036} INFO - Sync 1 DAGs
[2026-02-14T21:21:57.208+0000] {logging_mixin.py:188} INFO - [2026-02-14T21:21:57.208+0000] {dag.py:3823} INFO - Setting next_dagrun for tutorial_objectstorage to None, run_after=None
[2026-02-14T21:21:57.239+0000] {processor.py:183} INFO - Processing /home/airflow/.local/lib/python3.8/site-packages/airflow/example_dags/tutorial_objectstorage.py took 0.109 seconds
[2026-02-14T21:22:27.480+0000] {processor.py:161} INFO - Started process (PID=14498) to work on /home/airflow/.local/lib/python3.8/site-packages/airflow/example_dags/tutorial_objectstorage.py
[2026-02-14T21:22:27.481+0000] {processor.py:830} INFO - Processing file /home/airflow/.local/lib/python3.8/site-packages/airflow/example_dags/tutorial_objectstorage.py for tasks to queue
[2026-02-14T21:22:27.485+0000] {logging_mixin.py:188} INFO - [2026-02-14T21:22:27.484+0000] {dagbag.py:538} INFO - Filling up the DagBag from /home/airflow/.local/lib/python3.8/site-packages/airflow/example_dags/tutorial_objectstorage.py
[2026-02-14T21:22:27.497+0000] {processor.py:840} INFO - DAG(s) 'tutorial_objectstorage' retrieved from /home/airflow/.local/lib/python3.8/site-packages/airflow/example_dags/tutorial_objectstorage.py
[2026-02-14T21:22:27.530+0000] {logging_mixin.py:188} INFO - [2026-02-14T21:22:27.529+0000] {dag.py:3036} INFO - Sync 1 DAGs
[2026-02-14T21:22:27.550+0000] {logging_mixin.py:188} INFO - [2026-02-14T21:22:27.550+0000] {dag.py:3823} INFO - Setting next_dagrun for tutorial_objectstorage to None, run_after=None
[2026-02-14T21:22:27.579+0000] {processor.py:183} INFO - Processing /home/airflow/.local/lib/python3.8/site-packages/airflow/example_dags/tutorial_objectstorage.py took 0.108 seconds
[2026-02-14T21:22:58.288+0000] {processor.py:161} INFO - Started process (PID=14582) to work on /home/airflow/.local/lib/python3.8/site-packages/airflow/example_dags/tutorial_objectstorage.py
[2026-02-14T21:22:58.289+0000] {processor.py:830} INFO - Processing file /home/airflow/.local/lib/python3.8/site-packages/airflow/example_dags/tutorial_objectstorage.py for tasks to queue
[2026-02-14T21:22:58.292+0000] {logging_mixin.py:188} INFO - [2026-02-14T21:22:58.292+0000] {dagbag.py:538} INFO - Filling up the DagBag from /home/airflow/.local/lib/python3.8/site-packages/airflow/example_dags/tutorial_objectstorage.py
[2026-02-14T21:22:58.304+0000] {processor.py:840} INFO - DAG(s) 'tutorial_objectstorage' retrieved from /home/airflow/.local/lib/python3.8/site-packages/airflow/example_dags/tutorial_objectstorage.py
[2026-02-14T21:22:58.334+0000] {logging_mixin.py:188} INFO - [2026-02-14T21:22:58.334+0000] {dag.py:3036} INFO - Sync 1 DAGs
[2026-02-14T21:22:58.355+0000] {logging_mixin.py:188} INFO - [2026-02-14T21:22:58.354+0000] {dag.py:3823} INFO - Setting next_dagrun for tutorial_objectstorage to None, run_after=None
[2026-02-14T21:22:58.384+0000] {processor.py:183} INFO - Processing /home/airflow/.local/lib/python3.8/site-packages/airflow/example_dags/tutorial_objectstorage.py took 0.102 seconds
[2026-02-14T21:23:28.638+0000] {processor.py:161} INFO - Started process (PID=14672) to work on /home/airflow/.local/lib/python3.8/site-packages/airflow/example_dags/tutorial_objectstorage.py
[2026-02-14T21:23:28.640+0000] {processor.py:830} INFO - Processing file /home/airflow/.local/lib/python3.8/site-packages/airflow/example_dags/tutorial_objectstorage.py for tasks to queue
[2026-02-14T21:23:28.643+0000] {logging_mixin.py:188} INFO - [2026-02-14T21:23:28.643+0000] {dagbag.py:538} INFO - Filling up the DagBag from /home/airflow/.local/lib/python3.8/site-packages/airflow/example_dags/tutorial_objectstorage.py
[2026-02-14T21:23:28.655+0000] {processor.py:840} INFO - DAG(s) 'tutorial_objectstorage' retrieved from /home/airflow/.local/lib/python3.8/site-packages/airflow/example_dags/tutorial_objectstorage.py
[2026-02-14T21:23:28.690+0000] {logging_mixin.py:188} INFO - [2026-02-14T21:23:28.690+0000] {dag.py:3036} INFO - Sync 1 DAGs
[2026-02-14T21:23:28.717+0000] {logging_mixin.py:188} INFO - [2026-02-14T21:23:28.716+0000] {dag.py:3823} INFO - Setting next_dagrun for tutorial_objectstorage to None, run_after=None
[2026-02-14T21:23:28.969+0000] {processor.py:183} INFO - Processing /home/airflow/.local/lib/python3.8/site-packages/airflow/example_dags/tutorial_objectstorage.py took 0.337 seconds
[2026-02-14T21:23:59.231+0000] {processor.py:161} INFO - Started process (PID=14757) to work on /home/airflow/.local/lib/python3.8/site-packages/airflow/example_dags/tutorial_objectstorage.py
[2026-02-14T21:23:59.232+0000] {processor.py:830} INFO - Processing file /home/airflow/.local/lib/python3.8/site-packages/airflow/example_dags/tutorial_objectstorage.py for tasks to queue
[2026-02-14T21:23:59.236+0000] {logging_mixin.py:188} INFO - [2026-02-14T21:23:59.235+0000] {dagbag.py:538} INFO - Filling up the DagBag from /home/airflow/.local/lib/python3.8/site-packages/airflow/example_dags/tutorial_objectstorage.py
[2026-02-14T21:23:59.248+0000] {processor.py:840} INFO - DAG(s) 'tutorial_objectstorage' retrieved from /home/airflow/.local/lib/python3.8/site-packages/airflow/example_dags/tutorial_objectstorage.py
[2026-02-14T21:23:59.285+0000] {logging_mixin.py:188} INFO - [2026-02-14T21:23:59.284+0000] {dag.py:3036} INFO - Sync 1 DAGs
[2026-02-14T21:23:59.309+0000] {logging_mixin.py:188} INFO - [2026-02-14T21:23:59.308+0000] {dag.py:3823} INFO - Setting next_dagrun for tutorial_objectstorage to None, run_after=None
[2026-02-14T21:23:59.345+0000] {processor.py:183} INFO - Processing /home/airflow/.local/lib/python3.8/site-packages/airflow/example_dags/tutorial_objectstorage.py took 0.120 seconds
[2026-02-14T21:24:29.491+0000] {processor.py:161} INFO - Started process (PID=14840) to work on /home/airflow/.local/lib/python3.8/site-packages/airflow/example_dags/tutorial_objectstorage.py
[2026-02-14T21:24:29.493+0000] {processor.py:830} INFO - Processing file /home/airflow/.local/lib/python3.8/site-packages/airflow/example_dags/tutorial_objectstorage.py for tasks to queue
[2026-02-14T21:24:29.498+0000] {logging_mixin.py:188} INFO - [2026-02-14T21:24:29.497+0000] {dagbag.py:538} INFO - Filling up the DagBag from /home/airflow/.local/lib/python3.8/site-packages/airflow/example_dags/tutorial_objectstorage.py
[2026-02-14T21:24:29.525+0000] {processor.py:840} INFO - DAG(s) 'tutorial_objectstorage' retrieved from /home/airflow/.local/lib/python3.8/site-packages/airflow/example_dags/tutorial_objectstorage.py
[2026-02-14T21:24:29.565+0000] {logging_mixin.py:188} INFO - [2026-02-14T21:24:29.565+0000] {dag.py:3036} INFO - Sync 1 DAGs
[2026-02-14T21:24:29.590+0000] {logging_mixin.py:188} INFO - [2026-02-14T21:24:29.589+0000] {dag.py:3823} INFO - Setting next_dagrun for tutorial_objectstorage to None, run_after=None
[2026-02-14T21:24:29.625+0000] {processor.py:183} INFO - Processing /home/airflow/.local/lib/python3.8/site-packages/airflow/example_dags/tutorial_objectstorage.py took 0.143 seconds
[2026-02-14T21:25:00.220+0000] {processor.py:161} INFO - Started process (PID=14921) to work on /home/airflow/.local/lib/python3.8/site-packages/airflow/example_dags/tutorial_objectstorage.py
[2026-02-14T21:25:00.222+0000] {processor.py:830} INFO - Processing file /home/airflow/.local/lib/python3.8/site-packages/airflow/example_dags/tutorial_objectstorage.py for tasks to queue
[2026-02-14T21:25:00.225+0000] {logging_mixin.py:188} INFO - [2026-02-14T21:25:00.225+0000] {dagbag.py:538} INFO - Filling up the DagBag from /home/airflow/.local/lib/python3.8/site-packages/airflow/example_dags/tutorial_objectstorage.py
[2026-02-14T21:25:00.237+0000] {processor.py:840} INFO - DAG(s) 'tutorial_objectstorage' retrieved from /home/airflow/.local/lib/python3.8/site-packages/airflow/example_dags/tutorial_objectstorage.py
[2026-02-14T21:25:00.269+0000] {logging_mixin.py:188} INFO - [2026-02-14T21:25:00.269+0000] {dag.py:3036} INFO - Sync 1 DAGs
[2026-02-14T21:25:00.293+0000] {logging_mixin.py:188} INFO - [2026-02-14T21:25:00.293+0000] {dag.py:3823} INFO - Setting next_dagrun for tutorial_objectstorage to None, run_after=None
[2026-02-14T21:25:00.331+0000] {processor.py:183} INFO - Processing /home/airflow/.local/lib/python3.8/site-packages/airflow/example_dags/tutorial_objectstorage.py took 0.117 seconds
[2026-02-14T21:25:30.488+0000] {processor.py:161} INFO - Started process (PID=15002) to work on /home/airflow/.local/lib/python3.8/site-packages/airflow/example_dags/tutorial_objectstorage.py
[2026-02-14T21:25:30.490+0000] {processor.py:830} INFO - Processing file /home/airflow/.local/lib/python3.8/site-packages/airflow/example_dags/tutorial_objectstorage.py for tasks to queue
[2026-02-14T21:25:30.493+0000] {logging_mixin.py:188} INFO - [2026-02-14T21:25:30.492+0000] {dagbag.py:538} INFO - Filling up the DagBag from /home/airflow/.local/lib/python3.8/site-packages/airflow/example_dags/tutorial_objectstorage.py
[2026-02-14T21:25:30.504+0000] {processor.py:840} INFO - DAG(s) 'tutorial_objectstorage' retrieved from /home/airflow/.local/lib/python3.8/site-packages/airflow/example_dags/tutorial_objectstorage.py
[2026-02-14T21:25:30.543+0000] {logging_mixin.py:188} INFO - [2026-02-14T21:25:30.542+0000] {dag.py:3036} INFO - Sync 1 DAGs
[2026-02-14T21:25:30.569+0000] {logging_mixin.py:188} INFO - [2026-02-14T21:25:30.568+0000] {dag.py:3823} INFO - Setting next_dagrun for tutorial_objectstorage to None, run_after=None
[2026-02-14T21:25:30.602+0000] {processor.py:183} INFO - Processing /home/airflow/.local/lib/python3.8/site-packages/airflow/example_dags/tutorial_objectstorage.py took 0.120 seconds
[2026-02-14T21:26:00.972+0000] {processor.py:161} INFO - Started process (PID=15085) to work on /home/airflow/.local/lib/python3.8/site-packages/airflow/example_dags/tutorial_objectstorage.py
[2026-02-14T21:26:00.974+0000] {processor.py:830} INFO - Processing file /home/airflow/.local/lib/python3.8/site-packages/airflow/example_dags/tutorial_objectstorage.py for tasks to queue
[2026-02-14T21:26:00.977+0000] {logging_mixin.py:188} INFO - [2026-02-14T21:26:00.976+0000] {dagbag.py:538} INFO - Filling up the DagBag from /home/airflow/.local/lib/python3.8/site-packages/airflow/example_dags/tutorial_objectstorage.py
[2026-02-14T21:26:00.987+0000] {processor.py:840} INFO - DAG(s) 'tutorial_objectstorage' retrieved from /home/airflow/.local/lib/python3.8/site-packages/airflow/example_dags/tutorial_objectstorage.py
[2026-02-14T21:26:01.020+0000] {logging_mixin.py:188} INFO - [2026-02-14T21:26:01.020+0000] {dag.py:3036} INFO - Sync 1 DAGs
[2026-02-14T21:26:01.041+0000] {logging_mixin.py:188} INFO - [2026-02-14T21:26:01.041+0000] {dag.py:3823} INFO - Setting next_dagrun for tutorial_objectstorage to None, run_after=None
[2026-02-14T21:26:01.071+0000] {processor.py:183} INFO - Processing /home/airflow/.local/lib/python3.8/site-packages/airflow/example_dags/tutorial_objectstorage.py took 0.104 seconds
[2026-02-14T21:26:31.857+0000] {processor.py:161} INFO - Started process (PID=15169) to work on /home/airflow/.local/lib/python3.8/site-packages/airflow/example_dags/tutorial_objectstorage.py
[2026-02-14T21:26:31.858+0000] {processor.py:830} INFO - Processing file /home/airflow/.local/lib/python3.8/site-packages/airflow/example_dags/tutorial_objectstorage.py for tasks to queue
[2026-02-14T21:26:31.861+0000] {logging_mixin.py:188} INFO - [2026-02-14T21:26:31.860+0000] {dagbag.py:538} INFO - Filling up the DagBag from /home/airflow/.local/lib/python3.8/site-packages/airflow/example_dags/tutorial_objectstorage.py
[2026-02-14T21:26:31.872+0000] {processor.py:840} INFO - DAG(s) 'tutorial_objectstorage' retrieved from /home/airflow/.local/lib/python3.8/site-packages/airflow/example_dags/tutorial_objectstorage.py
[2026-02-14T21:26:31.904+0000] {logging_mixin.py:188} INFO - [2026-02-14T21:26:31.904+0000] {dag.py:3036} INFO - Sync 1 DAGs
[2026-02-14T21:26:32.103+0000] {logging_mixin.py:188} INFO - [2026-02-14T21:26:32.102+0000] {dag.py:3823} INFO - Setting next_dagrun for tutorial_objectstorage to None, run_after=None
[2026-02-14T21:26:32.135+0000] {processor.py:183} INFO - Processing /home/airflow/.local/lib/python3.8/site-packages/airflow/example_dags/tutorial_objectstorage.py took 0.283 seconds
[2026-02-14T21:27:02.332+0000] {processor.py:161} INFO - Started process (PID=15252) to work on /home/airflow/.local/lib/python3.8/site-packages/airflow/example_dags/tutorial_objectstorage.py
[2026-02-14T21:27:02.335+0000] {processor.py:830} INFO - Processing file /home/airflow/.local/lib/python3.8/site-packages/airflow/example_dags/tutorial_objectstorage.py for tasks to queue
[2026-02-14T21:27:02.338+0000] {logging_mixin.py:188} INFO - [2026-02-14T21:27:02.337+0000] {dagbag.py:538} INFO - Filling up the DagBag from /home/airflow/.local/lib/python3.8/site-packages/airflow/example_dags/tutorial_objectstorage.py
[2026-02-14T21:27:02.349+0000] {processor.py:840} INFO - DAG(s) 'tutorial_objectstorage' retrieved from /home/airflow/.local/lib/python3.8/site-packages/airflow/example_dags/tutorial_objectstorage.py
[2026-02-14T21:27:02.384+0000] {logging_mixin.py:188} INFO - [2026-02-14T21:27:02.384+0000] {dag.py:3036} INFO - Sync 1 DAGs
[2026-02-14T21:27:02.411+0000] {logging_mixin.py:188} INFO - [2026-02-14T21:27:02.410+0000] {dag.py:3823} INFO - Setting next_dagrun for tutorial_objectstorage to None, run_after=None
[2026-02-14T21:27:02.632+0000] {processor.py:183} INFO - Processing /home/airflow/.local/lib/python3.8/site-packages/airflow/example_dags/tutorial_objectstorage.py took 0.305 seconds
[2026-02-14T21:27:32.814+0000] {processor.py:161} INFO - Started process (PID=15337) to work on /home/airflow/.local/lib/python3.8/site-packages/airflow/example_dags/tutorial_objectstorage.py
[2026-02-14T21:27:32.815+0000] {processor.py:830} INFO - Processing file /home/airflow/.local/lib/python3.8/site-packages/airflow/example_dags/tutorial_objectstorage.py for tasks to queue
[2026-02-14T21:27:32.817+0000] {logging_mixin.py:188} INFO - [2026-02-14T21:27:32.817+0000] {dagbag.py:538} INFO - Filling up the DagBag from /home/airflow/.local/lib/python3.8/site-packages/airflow/example_dags/tutorial_objectstorage.py
[2026-02-14T21:27:32.826+0000] {processor.py:840} INFO - DAG(s) 'tutorial_objectstorage' retrieved from /home/airflow/.local/lib/python3.8/site-packages/airflow/example_dags/tutorial_objectstorage.py
[2026-02-14T21:27:32.857+0000] {logging_mixin.py:188} INFO - [2026-02-14T21:27:32.856+0000] {dag.py:3036} INFO - Sync 1 DAGs
[2026-02-14T21:27:32.876+0000] {logging_mixin.py:188} INFO - [2026-02-14T21:27:32.876+0000] {dag.py:3823} INFO - Setting next_dagrun for tutorial_objectstorage to None, run_after=None
[2026-02-14T21:27:32.906+0000] {processor.py:183} INFO - Processing /home/airflow/.local/lib/python3.8/site-packages/airflow/example_dags/tutorial_objectstorage.py took 0.097 seconds
[2026-02-14T21:28:02.967+0000] {processor.py:161} INFO - Started process (PID=15419) to work on /home/airflow/.local/lib/python3.8/site-packages/airflow/example_dags/tutorial_objectstorage.py
[2026-02-14T21:28:02.969+0000] {processor.py:830} INFO - Processing file /home/airflow/.local/lib/python3.8/site-packages/airflow/example_dags/tutorial_objectstorage.py for tasks to queue
[2026-02-14T21:28:02.972+0000] {logging_mixin.py:188} INFO - [2026-02-14T21:28:02.971+0000] {dagbag.py:538} INFO - Filling up the DagBag from /home/airflow/.local/lib/python3.8/site-packages/airflow/example_dags/tutorial_objectstorage.py
[2026-02-14T21:28:02.983+0000] {processor.py:840} INFO - DAG(s) 'tutorial_objectstorage' retrieved from /home/airflow/.local/lib/python3.8/site-packages/airflow/example_dags/tutorial_objectstorage.py
[2026-02-14T21:28:03.013+0000] {logging_mixin.py:188} INFO - [2026-02-14T21:28:03.013+0000] {dag.py:3036} INFO - Sync 1 DAGs
[2026-02-14T21:28:03.033+0000] {logging_mixin.py:188} INFO - [2026-02-14T21:28:03.033+0000] {dag.py:3823} INFO - Setting next_dagrun for tutorial_objectstorage to None, run_after=None
[2026-02-14T21:28:03.063+0000] {processor.py:183} INFO - Processing /home/airflow/.local/lib/python3.8/site-packages/airflow/example_dags/tutorial_objectstorage.py took 0.103 seconds
[2026-02-14T21:28:33.293+0000] {processor.py:161} INFO - Started process (PID=15502) to work on /home/airflow/.local/lib/python3.8/site-packages/airflow/example_dags/tutorial_objectstorage.py
[2026-02-14T21:28:33.295+0000] {processor.py:830} INFO - Processing file /home/airflow/.local/lib/python3.8/site-packages/airflow/example_dags/tutorial_objectstorage.py for tasks to queue
[2026-02-14T21:28:33.299+0000] {logging_mixin.py:188} INFO - [2026-02-14T21:28:33.298+0000] {dagbag.py:538} INFO - Filling up the DagBag from /home/airflow/.local/lib/python3.8/site-packages/airflow/example_dags/tutorial_objectstorage.py
[2026-02-14T21:28:33.312+0000] {processor.py:840} INFO - DAG(s) 'tutorial_objectstorage' retrieved from /home/airflow/.local/lib/python3.8/site-packages/airflow/example_dags/tutorial_objectstorage.py
[2026-02-14T21:28:33.351+0000] {logging_mixin.py:188} INFO - [2026-02-14T21:28:33.351+0000] {dag.py:3036} INFO - Sync 1 DAGs
[2026-02-14T21:28:33.376+0000] {logging_mixin.py:188} INFO - [2026-02-14T21:28:33.375+0000] {dag.py:3823} INFO - Setting next_dagrun for tutorial_objectstorage to None, run_after=None
[2026-02-14T21:28:33.421+0000] {processor.py:183} INFO - Processing /home/airflow/.local/lib/python3.8/site-packages/airflow/example_dags/tutorial_objectstorage.py took 0.133 seconds
[2026-02-14T21:29:03.652+0000] {processor.py:161} INFO - Started process (PID=15585) to work on /home/airflow/.local/lib/python3.8/site-packages/airflow/example_dags/tutorial_objectstorage.py
[2026-02-14T21:29:03.654+0000] {processor.py:830} INFO - Processing file /home/airflow/.local/lib/python3.8/site-packages/airflow/example_dags/tutorial_objectstorage.py for tasks to queue
[2026-02-14T21:29:03.657+0000] {logging_mixin.py:188} INFO - [2026-02-14T21:29:03.657+0000] {dagbag.py:538} INFO - Filling up the DagBag from /home/airflow/.local/lib/python3.8/site-packages/airflow/example_dags/tutorial_objectstorage.py
[2026-02-14T21:29:03.678+0000] {processor.py:840} INFO - DAG(s) 'tutorial_objectstorage' retrieved from /home/airflow/.local/lib/python3.8/site-packages/airflow/example_dags/tutorial_objectstorage.py
[2026-02-14T21:29:03.713+0000] {logging_mixin.py:188} INFO - [2026-02-14T21:29:03.712+0000] {dag.py:3036} INFO - Sync 1 DAGs
[2026-02-14T21:29:03.734+0000] {logging_mixin.py:188} INFO - [2026-02-14T21:29:03.734+0000] {dag.py:3823} INFO - Setting next_dagrun for tutorial_objectstorage to None, run_after=None
[2026-02-14T21:29:03.763+0000] {processor.py:183} INFO - Processing /home/airflow/.local/lib/python3.8/site-packages/airflow/example_dags/tutorial_objectstorage.py took 0.118 seconds
[2026-02-14T21:29:34.082+0000] {processor.py:161} INFO - Started process (PID=15669) to work on /home/airflow/.local/lib/python3.8/site-packages/airflow/example_dags/tutorial_objectstorage.py
[2026-02-14T21:29:34.083+0000] {processor.py:830} INFO - Processing file /home/airflow/.local/lib/python3.8/site-packages/airflow/example_dags/tutorial_objectstorage.py for tasks to queue
[2026-02-14T21:29:34.086+0000] {logging_mixin.py:188} INFO - [2026-02-14T21:29:34.086+0000] {dagbag.py:538} INFO - Filling up the DagBag from /home/airflow/.local/lib/python3.8/site-packages/airflow/example_dags/tutorial_objectstorage.py
[2026-02-14T21:29:34.095+0000] {processor.py:840} INFO - DAG(s) 'tutorial_objectstorage' retrieved from /home/airflow/.local/lib/python3.8/site-packages/airflow/example_dags/tutorial_objectstorage.py
[2026-02-14T21:29:34.123+0000] {logging_mixin.py:188} INFO - [2026-02-14T21:29:34.123+0000] {dag.py:3036} INFO - Sync 1 DAGs
[2026-02-14T21:29:34.144+0000] {logging_mixin.py:188} INFO - [2026-02-14T21:29:34.144+0000] {dag.py:3823} INFO - Setting next_dagrun for tutorial_objectstorage to None, run_after=None
[2026-02-14T21:29:34.172+0000] {processor.py:183} INFO - Processing /home/airflow/.local/lib/python3.8/site-packages/airflow/example_dags/tutorial_objectstorage.py took 0.095 seconds
[2026-02-14T21:30:04.620+0000] {processor.py:161} INFO - Started process (PID=15752) to work on /home/airflow/.local/lib/python3.8/site-packages/airflow/example_dags/tutorial_objectstorage.py
[2026-02-14T21:30:04.623+0000] {processor.py:830} INFO - Processing file /home/airflow/.local/lib/python3.8/site-packages/airflow/example_dags/tutorial_objectstorage.py for tasks to queue
[2026-02-14T21:30:04.627+0000] {logging_mixin.py:188} INFO - [2026-02-14T21:30:04.626+0000] {dagbag.py:538} INFO - Filling up the DagBag from /home/airflow/.local/lib/python3.8/site-packages/airflow/example_dags/tutorial_objectstorage.py
[2026-02-14T21:30:04.640+0000] {processor.py:840} INFO - DAG(s) 'tutorial_objectstorage' retrieved from /home/airflow/.local/lib/python3.8/site-packages/airflow/example_dags/tutorial_objectstorage.py
[2026-02-14T21:30:04.674+0000] {logging_mixin.py:188} INFO - [2026-02-14T21:30:04.673+0000] {dag.py:3036} INFO - Sync 1 DAGs
[2026-02-14T21:30:04.695+0000] {logging_mixin.py:188} INFO - [2026-02-14T21:30:04.695+0000] {dag.py:3823} INFO - Setting next_dagrun for tutorial_objectstorage to None, run_after=None
[2026-02-14T21:30:04.734+0000] {processor.py:183} INFO - Processing /home/airflow/.local/lib/python3.8/site-packages/airflow/example_dags/tutorial_objectstorage.py took 0.121 seconds
[2026-02-14T21:30:35.090+0000] {processor.py:161} INFO - Started process (PID=15842) to work on /home/airflow/.local/lib/python3.8/site-packages/airflow/example_dags/tutorial_objectstorage.py
[2026-02-14T21:30:35.092+0000] {processor.py:830} INFO - Processing file /home/airflow/.local/lib/python3.8/site-packages/airflow/example_dags/tutorial_objectstorage.py for tasks to queue
[2026-02-14T21:30:35.095+0000] {logging_mixin.py:188} INFO - [2026-02-14T21:30:35.094+0000] {dagbag.py:538} INFO - Filling up the DagBag from /home/airflow/.local/lib/python3.8/site-packages/airflow/example_dags/tutorial_objectstorage.py
[2026-02-14T21:30:35.118+0000] {processor.py:840} INFO - DAG(s) 'tutorial_objectstorage' retrieved from /home/airflow/.local/lib/python3.8/site-packages/airflow/example_dags/tutorial_objectstorage.py
[2026-02-14T21:30:35.156+0000] {logging_mixin.py:188} INFO - [2026-02-14T21:30:35.156+0000] {dag.py:3036} INFO - Sync 1 DAGs
[2026-02-14T21:30:35.180+0000] {logging_mixin.py:188} INFO - [2026-02-14T21:30:35.180+0000] {dag.py:3823} INFO - Setting next_dagrun for tutorial_objectstorage to None, run_after=None
[2026-02-14T21:30:35.211+0000] {processor.py:183} INFO - Processing /home/airflow/.local/lib/python3.8/site-packages/airflow/example_dags/tutorial_objectstorage.py took 0.127 seconds
[2026-02-14T21:31:05.534+0000] {processor.py:161} INFO - Started process (PID=15926) to work on /home/airflow/.local/lib/python3.8/site-packages/airflow/example_dags/tutorial_objectstorage.py
[2026-02-14T21:31:05.536+0000] {processor.py:830} INFO - Processing file /home/airflow/.local/lib/python3.8/site-packages/airflow/example_dags/tutorial_objectstorage.py for tasks to queue
[2026-02-14T21:31:05.539+0000] {logging_mixin.py:188} INFO - [2026-02-14T21:31:05.538+0000] {dagbag.py:538} INFO - Filling up the DagBag from /home/airflow/.local/lib/python3.8/site-packages/airflow/example_dags/tutorial_objectstorage.py
[2026-02-14T21:31:05.550+0000] {processor.py:840} INFO - DAG(s) 'tutorial_objectstorage' retrieved from /home/airflow/.local/lib/python3.8/site-packages/airflow/example_dags/tutorial_objectstorage.py
[2026-02-14T21:31:05.586+0000] {logging_mixin.py:188} INFO - [2026-02-14T21:31:05.586+0000] {dag.py:3036} INFO - Sync 1 DAGs
[2026-02-14T21:31:05.611+0000] {logging_mixin.py:188} INFO - [2026-02-14T21:31:05.611+0000] {dag.py:3823} INFO - Setting next_dagrun for tutorial_objectstorage to None, run_after=None
[2026-02-14T21:31:05.645+0000] {processor.py:183} INFO - Processing /home/airflow/.local/lib/python3.8/site-packages/airflow/example_dags/tutorial_objectstorage.py took 0.126 seconds
[2026-02-14T21:31:36.270+0000] {processor.py:161} INFO - Started process (PID=16008) to work on /home/airflow/.local/lib/python3.8/site-packages/airflow/example_dags/tutorial_objectstorage.py
[2026-02-14T21:31:36.272+0000] {processor.py:830} INFO - Processing file /home/airflow/.local/lib/python3.8/site-packages/airflow/example_dags/tutorial_objectstorage.py for tasks to queue
[2026-02-14T21:31:36.276+0000] {logging_mixin.py:188} INFO - [2026-02-14T21:31:36.275+0000] {dagbag.py:538} INFO - Filling up the DagBag from /home/airflow/.local/lib/python3.8/site-packages/airflow/example_dags/tutorial_objectstorage.py
[2026-02-14T21:31:36.288+0000] {processor.py:840} INFO - DAG(s) 'tutorial_objectstorage' retrieved from /home/airflow/.local/lib/python3.8/site-packages/airflow/example_dags/tutorial_objectstorage.py
[2026-02-14T21:31:36.324+0000] {logging_mixin.py:188} INFO - [2026-02-14T21:31:36.323+0000] {dag.py:3036} INFO - Sync 1 DAGs
[2026-02-14T21:31:36.349+0000] {logging_mixin.py:188} INFO - [2026-02-14T21:31:36.349+0000] {dag.py:3823} INFO - Setting next_dagrun for tutorial_objectstorage to None, run_after=None
[2026-02-14T21:31:36.384+0000] {processor.py:183} INFO - Processing /home/airflow/.local/lib/python3.8/site-packages/airflow/example_dags/tutorial_objectstorage.py took 0.120 seconds
[2026-02-14T21:32:06.521+0000] {processor.py:161} INFO - Started process (PID=16091) to work on /home/airflow/.local/lib/python3.8/site-packages/airflow/example_dags/tutorial_objectstorage.py
[2026-02-14T21:32:06.523+0000] {processor.py:830} INFO - Processing file /home/airflow/.local/lib/python3.8/site-packages/airflow/example_dags/tutorial_objectstorage.py for tasks to queue
[2026-02-14T21:32:06.526+0000] {logging_mixin.py:188} INFO - [2026-02-14T21:32:06.526+0000] {dagbag.py:538} INFO - Filling up the DagBag from /home/airflow/.local/lib/python3.8/site-packages/airflow/example_dags/tutorial_objectstorage.py
[2026-02-14T21:32:06.536+0000] {processor.py:840} INFO - DAG(s) 'tutorial_objectstorage' retrieved from /home/airflow/.local/lib/python3.8/site-packages/airflow/example_dags/tutorial_objectstorage.py
[2026-02-14T21:32:06.567+0000] {logging_mixin.py:188} INFO - [2026-02-14T21:32:06.566+0000] {dag.py:3036} INFO - Sync 1 DAGs
[2026-02-14T21:32:06.594+0000] {logging_mixin.py:188} INFO - [2026-02-14T21:32:06.593+0000] {dag.py:3823} INFO - Setting next_dagrun for tutorial_objectstorage to None, run_after=None
[2026-02-14T21:32:06.623+0000] {processor.py:183} INFO - Processing /home/airflow/.local/lib/python3.8/site-packages/airflow/example_dags/tutorial_objectstorage.py took 0.108 seconds
[2026-02-14T21:32:37.384+0000] {processor.py:161} INFO - Started process (PID=16173) to work on /home/airflow/.local/lib/python3.8/site-packages/airflow/example_dags/tutorial_objectstorage.py
[2026-02-14T21:32:37.386+0000] {processor.py:830} INFO - Processing file /home/airflow/.local/lib/python3.8/site-packages/airflow/example_dags/tutorial_objectstorage.py for tasks to queue
[2026-02-14T21:32:37.389+0000] {logging_mixin.py:188} INFO - [2026-02-14T21:32:37.388+0000] {dagbag.py:538} INFO - Filling up the DagBag from /home/airflow/.local/lib/python3.8/site-packages/airflow/example_dags/tutorial_objectstorage.py
[2026-02-14T21:32:37.400+0000] {processor.py:840} INFO - DAG(s) 'tutorial_objectstorage' retrieved from /home/airflow/.local/lib/python3.8/site-packages/airflow/example_dags/tutorial_objectstorage.py
[2026-02-14T21:32:37.433+0000] {logging_mixin.py:188} INFO - [2026-02-14T21:32:37.432+0000] {dag.py:3036} INFO - Sync 1 DAGs
[2026-02-14T21:32:37.453+0000] {logging_mixin.py:188} INFO - [2026-02-14T21:32:37.452+0000] {dag.py:3823} INFO - Setting next_dagrun for tutorial_objectstorage to None, run_after=None
[2026-02-14T21:32:37.483+0000] {processor.py:183} INFO - Processing /home/airflow/.local/lib/python3.8/site-packages/airflow/example_dags/tutorial_objectstorage.py took 0.104 seconds
[2026-02-14T21:33:08.083+0000] {processor.py:161} INFO - Started process (PID=16255) to work on /home/airflow/.local/lib/python3.8/site-packages/airflow/example_dags/tutorial_objectstorage.py
[2026-02-14T21:33:08.085+0000] {processor.py:830} INFO - Processing file /home/airflow/.local/lib/python3.8/site-packages/airflow/example_dags/tutorial_objectstorage.py for tasks to queue
[2026-02-14T21:33:08.088+0000] {logging_mixin.py:188} INFO - [2026-02-14T21:33:08.087+0000] {dagbag.py:538} INFO - Filling up the DagBag from /home/airflow/.local/lib/python3.8/site-packages/airflow/example_dags/tutorial_objectstorage.py
[2026-02-14T21:33:08.098+0000] {processor.py:840} INFO - DAG(s) 'tutorial_objectstorage' retrieved from /home/airflow/.local/lib/python3.8/site-packages/airflow/example_dags/tutorial_objectstorage.py
[2026-02-14T21:33:08.130+0000] {logging_mixin.py:188} INFO - [2026-02-14T21:33:08.129+0000] {dag.py:3036} INFO - Sync 1 DAGs
[2026-02-14T21:33:08.152+0000] {logging_mixin.py:188} INFO - [2026-02-14T21:33:08.152+0000] {dag.py:3823} INFO - Setting next_dagrun for tutorial_objectstorage to None, run_after=None
[2026-02-14T21:33:08.186+0000] {processor.py:183} INFO - Processing /home/airflow/.local/lib/python3.8/site-packages/airflow/example_dags/tutorial_objectstorage.py took 0.108 seconds
[2026-02-14T21:33:38.577+0000] {processor.py:161} INFO - Started process (PID=16337) to work on /home/airflow/.local/lib/python3.8/site-packages/airflow/example_dags/tutorial_objectstorage.py
[2026-02-14T21:33:38.579+0000] {processor.py:830} INFO - Processing file /home/airflow/.local/lib/python3.8/site-packages/airflow/example_dags/tutorial_objectstorage.py for tasks to queue
[2026-02-14T21:33:38.582+0000] {logging_mixin.py:188} INFO - [2026-02-14T21:33:38.581+0000] {dagbag.py:538} INFO - Filling up the DagBag from /home/airflow/.local/lib/python3.8/site-packages/airflow/example_dags/tutorial_objectstorage.py
[2026-02-14T21:33:38.592+0000] {processor.py:840} INFO - DAG(s) 'tutorial_objectstorage' retrieved from /home/airflow/.local/lib/python3.8/site-packages/airflow/example_dags/tutorial_objectstorage.py
[2026-02-14T21:33:38.622+0000] {logging_mixin.py:188} INFO - [2026-02-14T21:33:38.622+0000] {dag.py:3036} INFO - Sync 1 DAGs
[2026-02-14T21:33:38.641+0000] {logging_mixin.py:188} INFO - [2026-02-14T21:33:38.641+0000] {dag.py:3823} INFO - Setting next_dagrun for tutorial_objectstorage to None, run_after=None
[2026-02-14T21:33:38.667+0000] {processor.py:183} INFO - Processing /home/airflow/.local/lib/python3.8/site-packages/airflow/example_dags/tutorial_objectstorage.py took 0.096 seconds
[2026-02-14T21:34:09.055+0000] {processor.py:161} INFO - Started process (PID=16420) to work on /home/airflow/.local/lib/python3.8/site-packages/airflow/example_dags/tutorial_objectstorage.py
[2026-02-14T21:34:09.057+0000] {processor.py:830} INFO - Processing file /home/airflow/.local/lib/python3.8/site-packages/airflow/example_dags/tutorial_objectstorage.py for tasks to queue
[2026-02-14T21:34:09.060+0000] {logging_mixin.py:188} INFO - [2026-02-14T21:34:09.059+0000] {dagbag.py:538} INFO - Filling up the DagBag from /home/airflow/.local/lib/python3.8/site-packages/airflow/example_dags/tutorial_objectstorage.py
[2026-02-14T21:34:09.071+0000] {processor.py:840} INFO - DAG(s) 'tutorial_objectstorage' retrieved from /home/airflow/.local/lib/python3.8/site-packages/airflow/example_dags/tutorial_objectstorage.py
[2026-02-14T21:34:09.113+0000] {logging_mixin.py:188} INFO - [2026-02-14T21:34:09.112+0000] {dag.py:3036} INFO - Sync 1 DAGs
[2026-02-14T21:34:09.133+0000] {logging_mixin.py:188} INFO - [2026-02-14T21:34:09.133+0000] {dag.py:3823} INFO - Setting next_dagrun for tutorial_objectstorage to None, run_after=None
[2026-02-14T21:34:09.160+0000] {processor.py:183} INFO - Processing /home/airflow/.local/lib/python3.8/site-packages/airflow/example_dags/tutorial_objectstorage.py took 0.111 seconds
[2026-02-14T21:34:39.310+0000] {processor.py:161} INFO - Started process (PID=16503) to work on /home/airflow/.local/lib/python3.8/site-packages/airflow/example_dags/tutorial_objectstorage.py
[2026-02-14T21:34:39.311+0000] {processor.py:830} INFO - Processing file /home/airflow/.local/lib/python3.8/site-packages/airflow/example_dags/tutorial_objectstorage.py for tasks to queue
[2026-02-14T21:34:39.314+0000] {logging_mixin.py:188} INFO - [2026-02-14T21:34:39.313+0000] {dagbag.py:538} INFO - Filling up the DagBag from /home/airflow/.local/lib/python3.8/site-packages/airflow/example_dags/tutorial_objectstorage.py
[2026-02-14T21:34:39.323+0000] {processor.py:840} INFO - DAG(s) 'tutorial_objectstorage' retrieved from /home/airflow/.local/lib/python3.8/site-packages/airflow/example_dags/tutorial_objectstorage.py
[2026-02-14T21:34:39.353+0000] {logging_mixin.py:188} INFO - [2026-02-14T21:34:39.353+0000] {dag.py:3036} INFO - Sync 1 DAGs
[2026-02-14T21:34:39.372+0000] {logging_mixin.py:188} INFO - [2026-02-14T21:34:39.372+0000] {dag.py:3823} INFO - Setting next_dagrun for tutorial_objectstorage to None, run_after=None
[2026-02-14T21:34:39.397+0000] {processor.py:183} INFO - Processing /home/airflow/.local/lib/python3.8/site-packages/airflow/example_dags/tutorial_objectstorage.py took 0.091 seconds
[2026-02-14T21:35:09.612+0000] {processor.py:161} INFO - Started process (PID=16586) to work on /home/airflow/.local/lib/python3.8/site-packages/airflow/example_dags/tutorial_objectstorage.py
[2026-02-14T21:35:09.614+0000] {processor.py:830} INFO - Processing file /home/airflow/.local/lib/python3.8/site-packages/airflow/example_dags/tutorial_objectstorage.py for tasks to queue
[2026-02-14T21:35:09.616+0000] {logging_mixin.py:188} INFO - [2026-02-14T21:35:09.616+0000] {dagbag.py:538} INFO - Filling up the DagBag from /home/airflow/.local/lib/python3.8/site-packages/airflow/example_dags/tutorial_objectstorage.py
[2026-02-14T21:35:09.626+0000] {processor.py:840} INFO - DAG(s) 'tutorial_objectstorage' retrieved from /home/airflow/.local/lib/python3.8/site-packages/airflow/example_dags/tutorial_objectstorage.py
[2026-02-14T21:35:09.654+0000] {logging_mixin.py:188} INFO - [2026-02-14T21:35:09.654+0000] {dag.py:3036} INFO - Sync 1 DAGs
[2026-02-14T21:35:09.673+0000] {logging_mixin.py:188} INFO - [2026-02-14T21:35:09.672+0000] {dag.py:3823} INFO - Setting next_dagrun for tutorial_objectstorage to None, run_after=None
[2026-02-14T21:35:09.704+0000] {processor.py:183} INFO - Processing /home/airflow/.local/lib/python3.8/site-packages/airflow/example_dags/tutorial_objectstorage.py took 0.098 seconds
[2026-02-14T21:35:39.910+0000] {processor.py:161} INFO - Started process (PID=16676) to work on /home/airflow/.local/lib/python3.8/site-packages/airflow/example_dags/tutorial_objectstorage.py
[2026-02-14T21:35:39.912+0000] {processor.py:830} INFO - Processing file /home/airflow/.local/lib/python3.8/site-packages/airflow/example_dags/tutorial_objectstorage.py for tasks to queue
[2026-02-14T21:35:39.915+0000] {logging_mixin.py:188} INFO - [2026-02-14T21:35:39.914+0000] {dagbag.py:538} INFO - Filling up the DagBag from /home/airflow/.local/lib/python3.8/site-packages/airflow/example_dags/tutorial_objectstorage.py
[2026-02-14T21:35:39.926+0000] {processor.py:840} INFO - DAG(s) 'tutorial_objectstorage' retrieved from /home/airflow/.local/lib/python3.8/site-packages/airflow/example_dags/tutorial_objectstorage.py
[2026-02-14T21:35:39.961+0000] {logging_mixin.py:188} INFO - [2026-02-14T21:35:39.961+0000] {dag.py:3036} INFO - Sync 1 DAGs
[2026-02-14T21:35:39.983+0000] {logging_mixin.py:188} INFO - [2026-02-14T21:35:39.982+0000] {dag.py:3823} INFO - Setting next_dagrun for tutorial_objectstorage to None, run_after=None
[2026-02-14T21:35:40.015+0000] {processor.py:183} INFO - Processing /home/airflow/.local/lib/python3.8/site-packages/airflow/example_dags/tutorial_objectstorage.py took 0.110 seconds
[2026-02-14T21:36:10.332+0000] {processor.py:161} INFO - Started process (PID=16760) to work on /home/airflow/.local/lib/python3.8/site-packages/airflow/example_dags/tutorial_objectstorage.py
[2026-02-14T21:36:10.334+0000] {processor.py:830} INFO - Processing file /home/airflow/.local/lib/python3.8/site-packages/airflow/example_dags/tutorial_objectstorage.py for tasks to queue
[2026-02-14T21:36:10.337+0000] {logging_mixin.py:188} INFO - [2026-02-14T21:36:10.337+0000] {dagbag.py:538} INFO - Filling up the DagBag from /home/airflow/.local/lib/python3.8/site-packages/airflow/example_dags/tutorial_objectstorage.py
[2026-02-14T21:36:10.349+0000] {processor.py:840} INFO - DAG(s) 'tutorial_objectstorage' retrieved from /home/airflow/.local/lib/python3.8/site-packages/airflow/example_dags/tutorial_objectstorage.py
[2026-02-14T21:36:10.396+0000] {logging_mixin.py:188} INFO - [2026-02-14T21:36:10.395+0000] {dag.py:3036} INFO - Sync 1 DAGs
[2026-02-14T21:36:10.432+0000] {logging_mixin.py:188} INFO - [2026-02-14T21:36:10.432+0000] {dag.py:3823} INFO - Setting next_dagrun for tutorial_objectstorage to None, run_after=None
[2026-02-14T21:36:10.464+0000] {processor.py:183} INFO - Processing /home/airflow/.local/lib/python3.8/site-packages/airflow/example_dags/tutorial_objectstorage.py took 0.137 seconds
[2026-02-14T21:36:40.954+0000] {processor.py:161} INFO - Started process (PID=16842) to work on /home/airflow/.local/lib/python3.8/site-packages/airflow/example_dags/tutorial_objectstorage.py
[2026-02-14T21:36:40.956+0000] {processor.py:830} INFO - Processing file /home/airflow/.local/lib/python3.8/site-packages/airflow/example_dags/tutorial_objectstorage.py for tasks to queue
[2026-02-14T21:36:40.959+0000] {logging_mixin.py:188} INFO - [2026-02-14T21:36:40.959+0000] {dagbag.py:538} INFO - Filling up the DagBag from /home/airflow/.local/lib/python3.8/site-packages/airflow/example_dags/tutorial_objectstorage.py
[2026-02-14T21:36:40.970+0000] {processor.py:840} INFO - DAG(s) 'tutorial_objectstorage' retrieved from /home/airflow/.local/lib/python3.8/site-packages/airflow/example_dags/tutorial_objectstorage.py
[2026-02-14T21:36:41.000+0000] {logging_mixin.py:188} INFO - [2026-02-14T21:36:41.000+0000] {dag.py:3036} INFO - Sync 1 DAGs
[2026-02-14T21:36:41.021+0000] {logging_mixin.py:188} INFO - [2026-02-14T21:36:41.020+0000] {dag.py:3823} INFO - Setting next_dagrun for tutorial_objectstorage to None, run_after=None
[2026-02-14T21:36:41.054+0000] {processor.py:183} INFO - Processing /home/airflow/.local/lib/python3.8/site-packages/airflow/example_dags/tutorial_objectstorage.py took 0.107 seconds
[2026-02-14T21:37:11.277+0000] {processor.py:161} INFO - Started process (PID=16925) to work on /home/airflow/.local/lib/python3.8/site-packages/airflow/example_dags/tutorial_objectstorage.py
[2026-02-14T21:37:11.279+0000] {processor.py:830} INFO - Processing file /home/airflow/.local/lib/python3.8/site-packages/airflow/example_dags/tutorial_objectstorage.py for tasks to queue
[2026-02-14T21:37:11.281+0000] {logging_mixin.py:188} INFO - [2026-02-14T21:37:11.281+0000] {dagbag.py:538} INFO - Filling up the DagBag from /home/airflow/.local/lib/python3.8/site-packages/airflow/example_dags/tutorial_objectstorage.py
[2026-02-14T21:37:11.291+0000] {processor.py:840} INFO - DAG(s) 'tutorial_objectstorage' retrieved from /home/airflow/.local/lib/python3.8/site-packages/airflow/example_dags/tutorial_objectstorage.py
[2026-02-14T21:37:11.326+0000] {logging_mixin.py:188} INFO - [2026-02-14T21:37:11.326+0000] {dag.py:3036} INFO - Sync 1 DAGs
[2026-02-14T21:37:11.345+0000] {logging_mixin.py:188} INFO - [2026-02-14T21:37:11.344+0000] {dag.py:3823} INFO - Setting next_dagrun for tutorial_objectstorage to None, run_after=None
[2026-02-14T21:37:11.373+0000] {processor.py:183} INFO - Processing /home/airflow/.local/lib/python3.8/site-packages/airflow/example_dags/tutorial_objectstorage.py took 0.100 seconds
[2026-02-14T21:37:41.970+0000] {processor.py:161} INFO - Started process (PID=17008) to work on /home/airflow/.local/lib/python3.8/site-packages/airflow/example_dags/tutorial_objectstorage.py
[2026-02-14T21:37:41.972+0000] {processor.py:830} INFO - Processing file /home/airflow/.local/lib/python3.8/site-packages/airflow/example_dags/tutorial_objectstorage.py for tasks to queue
[2026-02-14T21:37:41.975+0000] {logging_mixin.py:188} INFO - [2026-02-14T21:37:41.974+0000] {dagbag.py:538} INFO - Filling up the DagBag from /home/airflow/.local/lib/python3.8/site-packages/airflow/example_dags/tutorial_objectstorage.py
[2026-02-14T21:37:41.985+0000] {processor.py:840} INFO - DAG(s) 'tutorial_objectstorage' retrieved from /home/airflow/.local/lib/python3.8/site-packages/airflow/example_dags/tutorial_objectstorage.py
[2026-02-14T21:37:42.020+0000] {logging_mixin.py:188} INFO - [2026-02-14T21:37:42.020+0000] {dag.py:3036} INFO - Sync 1 DAGs
[2026-02-14T21:37:42.041+0000] {logging_mixin.py:188} INFO - [2026-02-14T21:37:42.040+0000] {dag.py:3823} INFO - Setting next_dagrun for tutorial_objectstorage to None, run_after=None
[2026-02-14T21:37:42.070+0000] {processor.py:183} INFO - Processing /home/airflow/.local/lib/python3.8/site-packages/airflow/example_dags/tutorial_objectstorage.py took 0.105 seconds
[2026-02-14T21:38:12.381+0000] {processor.py:161} INFO - Started process (PID=17092) to work on /home/airflow/.local/lib/python3.8/site-packages/airflow/example_dags/tutorial_objectstorage.py
[2026-02-14T21:38:12.383+0000] {processor.py:830} INFO - Processing file /home/airflow/.local/lib/python3.8/site-packages/airflow/example_dags/tutorial_objectstorage.py for tasks to queue
[2026-02-14T21:38:12.386+0000] {logging_mixin.py:188} INFO - [2026-02-14T21:38:12.385+0000] {dagbag.py:538} INFO - Filling up the DagBag from /home/airflow/.local/lib/python3.8/site-packages/airflow/example_dags/tutorial_objectstorage.py
[2026-02-14T21:38:12.398+0000] {processor.py:840} INFO - DAG(s) 'tutorial_objectstorage' retrieved from /home/airflow/.local/lib/python3.8/site-packages/airflow/example_dags/tutorial_objectstorage.py
[2026-02-14T21:38:12.432+0000] {logging_mixin.py:188} INFO - [2026-02-14T21:38:12.432+0000] {dag.py:3036} INFO - Sync 1 DAGs
[2026-02-14T21:38:12.451+0000] {logging_mixin.py:188} INFO - [2026-02-14T21:38:12.451+0000] {dag.py:3823} INFO - Setting next_dagrun for tutorial_objectstorage to None, run_after=None
[2026-02-14T21:38:12.480+0000] {processor.py:183} INFO - Processing /home/airflow/.local/lib/python3.8/site-packages/airflow/example_dags/tutorial_objectstorage.py took 0.105 seconds
[2026-02-14T21:38:42.609+0000] {processor.py:161} INFO - Started process (PID=17175) to work on /home/airflow/.local/lib/python3.8/site-packages/airflow/example_dags/tutorial_objectstorage.py
[2026-02-14T21:38:42.610+0000] {processor.py:830} INFO - Processing file /home/airflow/.local/lib/python3.8/site-packages/airflow/example_dags/tutorial_objectstorage.py for tasks to queue
[2026-02-14T21:38:42.613+0000] {logging_mixin.py:188} INFO - [2026-02-14T21:38:42.613+0000] {dagbag.py:538} INFO - Filling up the DagBag from /home/airflow/.local/lib/python3.8/site-packages/airflow/example_dags/tutorial_objectstorage.py
[2026-02-14T21:38:42.623+0000] {processor.py:840} INFO - DAG(s) 'tutorial_objectstorage' retrieved from /home/airflow/.local/lib/python3.8/site-packages/airflow/example_dags/tutorial_objectstorage.py
[2026-02-14T21:38:42.663+0000] {logging_mixin.py:188} INFO - [2026-02-14T21:38:42.663+0000] {dag.py:3036} INFO - Sync 1 DAGs
[2026-02-14T21:38:42.683+0000] {logging_mixin.py:188} INFO - [2026-02-14T21:38:42.682+0000] {dag.py:3823} INFO - Setting next_dagrun for tutorial_objectstorage to None, run_after=None
[2026-02-14T21:38:42.708+0000] {processor.py:183} INFO - Processing /home/airflow/.local/lib/python3.8/site-packages/airflow/example_dags/tutorial_objectstorage.py took 0.105 seconds
[2026-02-14T21:39:13.292+0000] {processor.py:161} INFO - Started process (PID=17260) to work on /home/airflow/.local/lib/python3.8/site-packages/airflow/example_dags/tutorial_objectstorage.py
[2026-02-14T21:39:13.294+0000] {processor.py:830} INFO - Processing file /home/airflow/.local/lib/python3.8/site-packages/airflow/example_dags/tutorial_objectstorage.py for tasks to queue
[2026-02-14T21:39:13.297+0000] {logging_mixin.py:188} INFO - [2026-02-14T21:39:13.296+0000] {dagbag.py:538} INFO - Filling up the DagBag from /home/airflow/.local/lib/python3.8/site-packages/airflow/example_dags/tutorial_objectstorage.py
[2026-02-14T21:39:13.307+0000] {processor.py:840} INFO - DAG(s) 'tutorial_objectstorage' retrieved from /home/airflow/.local/lib/python3.8/site-packages/airflow/example_dags/tutorial_objectstorage.py
[2026-02-14T21:39:13.340+0000] {logging_mixin.py:188} INFO - [2026-02-14T21:39:13.340+0000] {dag.py:3036} INFO - Sync 1 DAGs
[2026-02-14T21:39:13.365+0000] {logging_mixin.py:188} INFO - [2026-02-14T21:39:13.364+0000] {dag.py:3823} INFO - Setting next_dagrun for tutorial_objectstorage to None, run_after=None
[2026-02-14T21:39:13.392+0000] {processor.py:183} INFO - Processing /home/airflow/.local/lib/python3.8/site-packages/airflow/example_dags/tutorial_objectstorage.py took 0.105 seconds
[2026-02-14T21:39:44.047+0000] {processor.py:161} INFO - Started process (PID=17342) to work on /home/airflow/.local/lib/python3.8/site-packages/airflow/example_dags/tutorial_objectstorage.py
[2026-02-14T21:39:44.049+0000] {processor.py:830} INFO - Processing file /home/airflow/.local/lib/python3.8/site-packages/airflow/example_dags/tutorial_objectstorage.py for tasks to queue
[2026-02-14T21:39:44.052+0000] {logging_mixin.py:188} INFO - [2026-02-14T21:39:44.051+0000] {dagbag.py:538} INFO - Filling up the DagBag from /home/airflow/.local/lib/python3.8/site-packages/airflow/example_dags/tutorial_objectstorage.py
[2026-02-14T21:39:44.063+0000] {processor.py:840} INFO - DAG(s) 'tutorial_objectstorage' retrieved from /home/airflow/.local/lib/python3.8/site-packages/airflow/example_dags/tutorial_objectstorage.py
[2026-02-14T21:39:44.094+0000] {logging_mixin.py:188} INFO - [2026-02-14T21:39:44.094+0000] {dag.py:3036} INFO - Sync 1 DAGs
[2026-02-14T21:39:44.118+0000] {logging_mixin.py:188} INFO - [2026-02-14T21:39:44.117+0000] {dag.py:3823} INFO - Setting next_dagrun for tutorial_objectstorage to None, run_after=None
[2026-02-14T21:39:44.149+0000] {processor.py:183} INFO - Processing /home/airflow/.local/lib/python3.8/site-packages/airflow/example_dags/tutorial_objectstorage.py took 0.106 seconds
[2026-02-14T21:40:14.382+0000] {processor.py:161} INFO - Started process (PID=17425) to work on /home/airflow/.local/lib/python3.8/site-packages/airflow/example_dags/tutorial_objectstorage.py
[2026-02-14T21:40:14.383+0000] {processor.py:830} INFO - Processing file /home/airflow/.local/lib/python3.8/site-packages/airflow/example_dags/tutorial_objectstorage.py for tasks to queue
[2026-02-14T21:40:14.389+0000] {logging_mixin.py:188} INFO - [2026-02-14T21:40:14.388+0000] {dagbag.py:538} INFO - Filling up the DagBag from /home/airflow/.local/lib/python3.8/site-packages/airflow/example_dags/tutorial_objectstorage.py
[2026-02-14T21:40:14.399+0000] {processor.py:840} INFO - DAG(s) 'tutorial_objectstorage' retrieved from /home/airflow/.local/lib/python3.8/site-packages/airflow/example_dags/tutorial_objectstorage.py
[2026-02-14T21:40:14.431+0000] {logging_mixin.py:188} INFO - [2026-02-14T21:40:14.431+0000] {dag.py:3036} INFO - Sync 1 DAGs
[2026-02-14T21:40:14.450+0000] {logging_mixin.py:188} INFO - [2026-02-14T21:40:14.450+0000] {dag.py:3823} INFO - Setting next_dagrun for tutorial_objectstorage to None, run_after=None
[2026-02-14T21:40:14.477+0000] {processor.py:183} INFO - Processing /home/airflow/.local/lib/python3.8/site-packages/airflow/example_dags/tutorial_objectstorage.py took 0.101 seconds
[2026-02-14T21:40:44.892+0000] {processor.py:161} INFO - Started process (PID=17508) to work on /home/airflow/.local/lib/python3.8/site-packages/airflow/example_dags/tutorial_objectstorage.py
[2026-02-14T21:40:44.894+0000] {processor.py:830} INFO - Processing file /home/airflow/.local/lib/python3.8/site-packages/airflow/example_dags/tutorial_objectstorage.py for tasks to queue
[2026-02-14T21:40:44.897+0000] {logging_mixin.py:188} INFO - [2026-02-14T21:40:44.896+0000] {dagbag.py:538} INFO - Filling up the DagBag from /home/airflow/.local/lib/python3.8/site-packages/airflow/example_dags/tutorial_objectstorage.py
[2026-02-14T21:40:44.908+0000] {processor.py:840} INFO - DAG(s) 'tutorial_objectstorage' retrieved from /home/airflow/.local/lib/python3.8/site-packages/airflow/example_dags/tutorial_objectstorage.py
[2026-02-14T21:40:44.941+0000] {logging_mixin.py:188} INFO - [2026-02-14T21:40:44.940+0000] {dag.py:3036} INFO - Sync 1 DAGs
[2026-02-14T21:40:44.964+0000] {logging_mixin.py:188} INFO - [2026-02-14T21:40:44.964+0000] {dag.py:3823} INFO - Setting next_dagrun for tutorial_objectstorage to None, run_after=None
[2026-02-14T21:40:44.993+0000] {processor.py:183} INFO - Processing /home/airflow/.local/lib/python3.8/site-packages/airflow/example_dags/tutorial_objectstorage.py took 0.107 seconds
[2026-02-14T21:41:15.493+0000] {processor.py:161} INFO - Started process (PID=17599) to work on /home/airflow/.local/lib/python3.8/site-packages/airflow/example_dags/tutorial_objectstorage.py
[2026-02-14T21:41:15.495+0000] {processor.py:830} INFO - Processing file /home/airflow/.local/lib/python3.8/site-packages/airflow/example_dags/tutorial_objectstorage.py for tasks to queue
[2026-02-14T21:41:15.498+0000] {logging_mixin.py:188} INFO - [2026-02-14T21:41:15.497+0000] {dagbag.py:538} INFO - Filling up the DagBag from /home/airflow/.local/lib/python3.8/site-packages/airflow/example_dags/tutorial_objectstorage.py
[2026-02-14T21:41:15.510+0000] {processor.py:840} INFO - DAG(s) 'tutorial_objectstorage' retrieved from /home/airflow/.local/lib/python3.8/site-packages/airflow/example_dags/tutorial_objectstorage.py
[2026-02-14T21:41:15.545+0000] {logging_mixin.py:188} INFO - [2026-02-14T21:41:15.544+0000] {dag.py:3036} INFO - Sync 1 DAGs
[2026-02-14T21:41:15.577+0000] {logging_mixin.py:188} INFO - [2026-02-14T21:41:15.576+0000] {dag.py:3823} INFO - Setting next_dagrun for tutorial_objectstorage to None, run_after=None
[2026-02-14T21:41:15.605+0000] {processor.py:183} INFO - Processing /home/airflow/.local/lib/python3.8/site-packages/airflow/example_dags/tutorial_objectstorage.py took 0.118 seconds
[2026-02-14T21:41:46.927+0000] {processor.py:161} INFO - Started process (PID=17681) to work on /home/airflow/.local/lib/python3.8/site-packages/airflow/example_dags/tutorial_objectstorage.py
[2026-02-14T21:41:46.928+0000] {processor.py:830} INFO - Processing file /home/airflow/.local/lib/python3.8/site-packages/airflow/example_dags/tutorial_objectstorage.py for tasks to queue
[2026-02-14T21:41:46.932+0000] {logging_mixin.py:188} INFO - [2026-02-14T21:41:46.931+0000] {dagbag.py:538} INFO - Filling up the DagBag from /home/airflow/.local/lib/python3.8/site-packages/airflow/example_dags/tutorial_objectstorage.py
[2026-02-14T21:41:46.944+0000] {processor.py:840} INFO - DAG(s) 'tutorial_objectstorage' retrieved from /home/airflow/.local/lib/python3.8/site-packages/airflow/example_dags/tutorial_objectstorage.py
[2026-02-14T21:41:46.980+0000] {logging_mixin.py:188} INFO - [2026-02-14T21:41:46.980+0000] {dag.py:3036} INFO - Sync 1 DAGs
[2026-02-14T21:41:47.008+0000] {logging_mixin.py:188} INFO - [2026-02-14T21:41:47.007+0000] {dag.py:3823} INFO - Setting next_dagrun for tutorial_objectstorage to None, run_after=None
[2026-02-14T21:41:47.055+0000] {processor.py:183} INFO - Processing /home/airflow/.local/lib/python3.8/site-packages/airflow/example_dags/tutorial_objectstorage.py took 0.134 seconds
[2026-02-14T21:42:18.078+0000] {processor.py:161} INFO - Started process (PID=17762) to work on /home/airflow/.local/lib/python3.8/site-packages/airflow/example_dags/tutorial_objectstorage.py
[2026-02-14T21:42:18.080+0000] {processor.py:830} INFO - Processing file /home/airflow/.local/lib/python3.8/site-packages/airflow/example_dags/tutorial_objectstorage.py for tasks to queue
[2026-02-14T21:42:18.083+0000] {logging_mixin.py:188} INFO - [2026-02-14T21:42:18.082+0000] {dagbag.py:538} INFO - Filling up the DagBag from /home/airflow/.local/lib/python3.8/site-packages/airflow/example_dags/tutorial_objectstorage.py
[2026-02-14T21:42:18.095+0000] {processor.py:840} INFO - DAG(s) 'tutorial_objectstorage' retrieved from /home/airflow/.local/lib/python3.8/site-packages/airflow/example_dags/tutorial_objectstorage.py
[2026-02-14T21:42:18.131+0000] {logging_mixin.py:188} INFO - [2026-02-14T21:42:18.130+0000] {dag.py:3036} INFO - Sync 1 DAGs
[2026-02-14T21:42:18.157+0000] {logging_mixin.py:188} INFO - [2026-02-14T21:42:18.157+0000] {dag.py:3823} INFO - Setting next_dagrun for tutorial_objectstorage to None, run_after=None
[2026-02-14T21:42:18.194+0000] {processor.py:183} INFO - Processing /home/airflow/.local/lib/python3.8/site-packages/airflow/example_dags/tutorial_objectstorage.py took 0.140 seconds
[2026-02-14T21:42:48.906+0000] {processor.py:161} INFO - Started process (PID=17845) to work on /home/airflow/.local/lib/python3.8/site-packages/airflow/example_dags/tutorial_objectstorage.py
[2026-02-14T21:42:48.907+0000] {processor.py:830} INFO - Processing file /home/airflow/.local/lib/python3.8/site-packages/airflow/example_dags/tutorial_objectstorage.py for tasks to queue
[2026-02-14T21:42:48.910+0000] {logging_mixin.py:188} INFO - [2026-02-14T21:42:48.910+0000] {dagbag.py:538} INFO - Filling up the DagBag from /home/airflow/.local/lib/python3.8/site-packages/airflow/example_dags/tutorial_objectstorage.py
[2026-02-14T21:42:48.921+0000] {processor.py:840} INFO - DAG(s) 'tutorial_objectstorage' retrieved from /home/airflow/.local/lib/python3.8/site-packages/airflow/example_dags/tutorial_objectstorage.py
[2026-02-14T21:42:48.954+0000] {logging_mixin.py:188} INFO - [2026-02-14T21:42:48.953+0000] {dag.py:3036} INFO - Sync 1 DAGs
[2026-02-14T21:42:48.974+0000] {logging_mixin.py:188} INFO - [2026-02-14T21:42:48.974+0000] {dag.py:3823} INFO - Setting next_dagrun for tutorial_objectstorage to None, run_after=None
[2026-02-14T21:42:49.006+0000] {processor.py:183} INFO - Processing /home/airflow/.local/lib/python3.8/site-packages/airflow/example_dags/tutorial_objectstorage.py took 0.106 seconds
[2026-02-14T21:43:19.220+0000] {processor.py:161} INFO - Started process (PID=17928) to work on /home/airflow/.local/lib/python3.8/site-packages/airflow/example_dags/tutorial_objectstorage.py
[2026-02-14T21:43:19.222+0000] {processor.py:830} INFO - Processing file /home/airflow/.local/lib/python3.8/site-packages/airflow/example_dags/tutorial_objectstorage.py for tasks to queue
[2026-02-14T21:43:19.226+0000] {logging_mixin.py:188} INFO - [2026-02-14T21:43:19.225+0000] {dagbag.py:538} INFO - Filling up the DagBag from /home/airflow/.local/lib/python3.8/site-packages/airflow/example_dags/tutorial_objectstorage.py
[2026-02-14T21:43:19.238+0000] {processor.py:840} INFO - DAG(s) 'tutorial_objectstorage' retrieved from /home/airflow/.local/lib/python3.8/site-packages/airflow/example_dags/tutorial_objectstorage.py
[2026-02-14T21:43:19.276+0000] {logging_mixin.py:188} INFO - [2026-02-14T21:43:19.276+0000] {dag.py:3036} INFO - Sync 1 DAGs
[2026-02-14T21:43:19.300+0000] {logging_mixin.py:188} INFO - [2026-02-14T21:43:19.299+0000] {dag.py:3823} INFO - Setting next_dagrun for tutorial_objectstorage to None, run_after=None
[2026-02-14T21:43:19.333+0000] {processor.py:183} INFO - Processing /home/airflow/.local/lib/python3.8/site-packages/airflow/example_dags/tutorial_objectstorage.py took 0.118 seconds
[2026-02-14T21:43:49.743+0000] {processor.py:161} INFO - Started process (PID=18011) to work on /home/airflow/.local/lib/python3.8/site-packages/airflow/example_dags/tutorial_objectstorage.py
[2026-02-14T21:43:49.744+0000] {processor.py:830} INFO - Processing file /home/airflow/.local/lib/python3.8/site-packages/airflow/example_dags/tutorial_objectstorage.py for tasks to queue
[2026-02-14T21:43:49.747+0000] {logging_mixin.py:188} INFO - [2026-02-14T21:43:49.746+0000] {dagbag.py:538} INFO - Filling up the DagBag from /home/airflow/.local/lib/python3.8/site-packages/airflow/example_dags/tutorial_objectstorage.py
[2026-02-14T21:43:49.759+0000] {processor.py:840} INFO - DAG(s) 'tutorial_objectstorage' retrieved from /home/airflow/.local/lib/python3.8/site-packages/airflow/example_dags/tutorial_objectstorage.py
[2026-02-14T21:43:49.799+0000] {logging_mixin.py:188} INFO - [2026-02-14T21:43:49.798+0000] {dag.py:3036} INFO - Sync 1 DAGs
[2026-02-14T21:43:49.823+0000] {logging_mixin.py:188} INFO - [2026-02-14T21:43:49.823+0000] {dag.py:3823} INFO - Setting next_dagrun for tutorial_objectstorage to None, run_after=None
[2026-02-14T21:43:49.865+0000] {processor.py:183} INFO - Processing /home/airflow/.local/lib/python3.8/site-packages/airflow/example_dags/tutorial_objectstorage.py took 0.128 seconds
[2026-02-14T21:44:20.108+0000] {processor.py:161} INFO - Started process (PID=18094) to work on /home/airflow/.local/lib/python3.8/site-packages/airflow/example_dags/tutorial_objectstorage.py
[2026-02-14T21:44:20.110+0000] {processor.py:830} INFO - Processing file /home/airflow/.local/lib/python3.8/site-packages/airflow/example_dags/tutorial_objectstorage.py for tasks to queue
[2026-02-14T21:44:20.113+0000] {logging_mixin.py:188} INFO - [2026-02-14T21:44:20.113+0000] {dagbag.py:538} INFO - Filling up the DagBag from /home/airflow/.local/lib/python3.8/site-packages/airflow/example_dags/tutorial_objectstorage.py
[2026-02-14T21:44:20.125+0000] {processor.py:840} INFO - DAG(s) 'tutorial_objectstorage' retrieved from /home/airflow/.local/lib/python3.8/site-packages/airflow/example_dags/tutorial_objectstorage.py
[2026-02-14T21:44:20.160+0000] {logging_mixin.py:188} INFO - [2026-02-14T21:44:20.160+0000] {dag.py:3036} INFO - Sync 1 DAGs
[2026-02-14T21:44:20.186+0000] {logging_mixin.py:188} INFO - [2026-02-14T21:44:20.186+0000] {dag.py:3823} INFO - Setting next_dagrun for tutorial_objectstorage to None, run_after=None
[2026-02-14T21:44:20.221+0000] {processor.py:183} INFO - Processing /home/airflow/.local/lib/python3.8/site-packages/airflow/example_dags/tutorial_objectstorage.py took 0.119 seconds
[2026-02-14T21:44:50.530+0000] {processor.py:161} INFO - Started process (PID=18177) to work on /home/airflow/.local/lib/python3.8/site-packages/airflow/example_dags/tutorial_objectstorage.py
[2026-02-14T21:44:50.531+0000] {processor.py:830} INFO - Processing file /home/airflow/.local/lib/python3.8/site-packages/airflow/example_dags/tutorial_objectstorage.py for tasks to queue
[2026-02-14T21:44:50.534+0000] {logging_mixin.py:188} INFO - [2026-02-14T21:44:50.533+0000] {dagbag.py:538} INFO - Filling up the DagBag from /home/airflow/.local/lib/python3.8/site-packages/airflow/example_dags/tutorial_objectstorage.py
[2026-02-14T21:44:50.544+0000] {processor.py:840} INFO - DAG(s) 'tutorial_objectstorage' retrieved from /home/airflow/.local/lib/python3.8/site-packages/airflow/example_dags/tutorial_objectstorage.py
[2026-02-14T21:44:50.574+0000] {logging_mixin.py:188} INFO - [2026-02-14T21:44:50.573+0000] {dag.py:3036} INFO - Sync 1 DAGs
[2026-02-14T21:44:50.594+0000] {logging_mixin.py:188} INFO - [2026-02-14T21:44:50.594+0000] {dag.py:3823} INFO - Setting next_dagrun for tutorial_objectstorage to None, run_after=None
[2026-02-14T21:44:50.625+0000] {processor.py:183} INFO - Processing /home/airflow/.local/lib/python3.8/site-packages/airflow/example_dags/tutorial_objectstorage.py took 0.100 seconds
[2026-02-14T21:45:20.825+0000] {processor.py:161} INFO - Started process (PID=18260) to work on /home/airflow/.local/lib/python3.8/site-packages/airflow/example_dags/tutorial_objectstorage.py
[2026-02-14T21:45:20.827+0000] {processor.py:830} INFO - Processing file /home/airflow/.local/lib/python3.8/site-packages/airflow/example_dags/tutorial_objectstorage.py for tasks to queue
[2026-02-14T21:45:20.830+0000] {logging_mixin.py:188} INFO - [2026-02-14T21:45:20.830+0000] {dagbag.py:538} INFO - Filling up the DagBag from /home/airflow/.local/lib/python3.8/site-packages/airflow/example_dags/tutorial_objectstorage.py
[2026-02-14T21:45:20.840+0000] {processor.py:840} INFO - DAG(s) 'tutorial_objectstorage' retrieved from /home/airflow/.local/lib/python3.8/site-packages/airflow/example_dags/tutorial_objectstorage.py
[2026-02-14T21:45:20.874+0000] {logging_mixin.py:188} INFO - [2026-02-14T21:45:20.874+0000] {dag.py:3036} INFO - Sync 1 DAGs
[2026-02-14T21:45:20.896+0000] {logging_mixin.py:188} INFO - [2026-02-14T21:45:20.896+0000] {dag.py:3823} INFO - Setting next_dagrun for tutorial_objectstorage to None, run_after=None
[2026-02-14T21:45:20.926+0000] {processor.py:183} INFO - Processing /home/airflow/.local/lib/python3.8/site-packages/airflow/example_dags/tutorial_objectstorage.py took 0.105 seconds
[2026-02-14T21:45:51.078+0000] {processor.py:161} INFO - Started process (PID=18344) to work on /home/airflow/.local/lib/python3.8/site-packages/airflow/example_dags/tutorial_objectstorage.py
[2026-02-14T21:45:51.079+0000] {processor.py:830} INFO - Processing file /home/airflow/.local/lib/python3.8/site-packages/airflow/example_dags/tutorial_objectstorage.py for tasks to queue
[2026-02-14T21:45:51.082+0000] {logging_mixin.py:188} INFO - [2026-02-14T21:45:51.081+0000] {dagbag.py:538} INFO - Filling up the DagBag from /home/airflow/.local/lib/python3.8/site-packages/airflow/example_dags/tutorial_objectstorage.py
[2026-02-14T21:45:51.092+0000] {processor.py:840} INFO - DAG(s) 'tutorial_objectstorage' retrieved from /home/airflow/.local/lib/python3.8/site-packages/airflow/example_dags/tutorial_objectstorage.py
[2026-02-14T21:45:51.129+0000] {logging_mixin.py:188} INFO - [2026-02-14T21:45:51.129+0000] {dag.py:3036} INFO - Sync 1 DAGs
[2026-02-14T21:45:51.150+0000] {logging_mixin.py:188} INFO - [2026-02-14T21:45:51.150+0000] {dag.py:3823} INFO - Setting next_dagrun for tutorial_objectstorage to None, run_after=None
[2026-02-14T21:45:51.183+0000] {processor.py:183} INFO - Processing /home/airflow/.local/lib/python3.8/site-packages/airflow/example_dags/tutorial_objectstorage.py took 0.111 seconds
[2026-02-14T21:46:21.602+0000] {processor.py:161} INFO - Started process (PID=18427) to work on /home/airflow/.local/lib/python3.8/site-packages/airflow/example_dags/tutorial_objectstorage.py
[2026-02-14T21:46:21.605+0000] {processor.py:830} INFO - Processing file /home/airflow/.local/lib/python3.8/site-packages/airflow/example_dags/tutorial_objectstorage.py for tasks to queue
[2026-02-14T21:46:21.611+0000] {logging_mixin.py:188} INFO - [2026-02-14T21:46:21.611+0000] {dagbag.py:538} INFO - Filling up the DagBag from /home/airflow/.local/lib/python3.8/site-packages/airflow/example_dags/tutorial_objectstorage.py
[2026-02-14T21:46:21.624+0000] {processor.py:840} INFO - DAG(s) 'tutorial_objectstorage' retrieved from /home/airflow/.local/lib/python3.8/site-packages/airflow/example_dags/tutorial_objectstorage.py
[2026-02-14T21:46:21.664+0000] {logging_mixin.py:188} INFO - [2026-02-14T21:46:21.664+0000] {dag.py:3036} INFO - Sync 1 DAGs
[2026-02-14T21:46:21.688+0000] {logging_mixin.py:188} INFO - [2026-02-14T21:46:21.687+0000] {dag.py:3823} INFO - Setting next_dagrun for tutorial_objectstorage to None, run_after=None
[2026-02-14T21:46:21.719+0000] {processor.py:183} INFO - Processing /home/airflow/.local/lib/python3.8/site-packages/airflow/example_dags/tutorial_objectstorage.py took 0.126 seconds
[2026-02-14T21:46:52.152+0000] {processor.py:161} INFO - Started process (PID=18509) to work on /home/airflow/.local/lib/python3.8/site-packages/airflow/example_dags/tutorial_objectstorage.py
[2026-02-14T21:46:52.153+0000] {processor.py:830} INFO - Processing file /home/airflow/.local/lib/python3.8/site-packages/airflow/example_dags/tutorial_objectstorage.py for tasks to queue
[2026-02-14T21:46:52.156+0000] {logging_mixin.py:188} INFO - [2026-02-14T21:46:52.155+0000] {dagbag.py:538} INFO - Filling up the DagBag from /home/airflow/.local/lib/python3.8/site-packages/airflow/example_dags/tutorial_objectstorage.py
[2026-02-14T21:46:52.168+0000] {processor.py:840} INFO - DAG(s) 'tutorial_objectstorage' retrieved from /home/airflow/.local/lib/python3.8/site-packages/airflow/example_dags/tutorial_objectstorage.py
[2026-02-14T21:46:52.205+0000] {logging_mixin.py:188} INFO - [2026-02-14T21:46:52.204+0000] {dag.py:3036} INFO - Sync 1 DAGs
[2026-02-14T21:46:52.229+0000] {logging_mixin.py:188} INFO - [2026-02-14T21:46:52.229+0000] {dag.py:3823} INFO - Setting next_dagrun for tutorial_objectstorage to None, run_after=None
[2026-02-14T21:46:52.267+0000] {processor.py:183} INFO - Processing /home/airflow/.local/lib/python3.8/site-packages/airflow/example_dags/tutorial_objectstorage.py took 0.122 seconds
[2026-02-14T21:47:22.492+0000] {processor.py:161} INFO - Started process (PID=18592) to work on /home/airflow/.local/lib/python3.8/site-packages/airflow/example_dags/tutorial_objectstorage.py
[2026-02-14T21:47:22.494+0000] {processor.py:830} INFO - Processing file /home/airflow/.local/lib/python3.8/site-packages/airflow/example_dags/tutorial_objectstorage.py for tasks to queue
[2026-02-14T21:47:22.496+0000] {logging_mixin.py:188} INFO - [2026-02-14T21:47:22.496+0000] {dagbag.py:538} INFO - Filling up the DagBag from /home/airflow/.local/lib/python3.8/site-packages/airflow/example_dags/tutorial_objectstorage.py
[2026-02-14T21:47:22.507+0000] {processor.py:840} INFO - DAG(s) 'tutorial_objectstorage' retrieved from /home/airflow/.local/lib/python3.8/site-packages/airflow/example_dags/tutorial_objectstorage.py
[2026-02-14T21:47:22.542+0000] {logging_mixin.py:188} INFO - [2026-02-14T21:47:22.542+0000] {dag.py:3036} INFO - Sync 1 DAGs
[2026-02-14T21:47:22.566+0000] {logging_mixin.py:188} INFO - [2026-02-14T21:47:22.566+0000] {dag.py:3823} INFO - Setting next_dagrun for tutorial_objectstorage to None, run_after=None
[2026-02-14T21:47:22.600+0000] {processor.py:183} INFO - Processing /home/airflow/.local/lib/python3.8/site-packages/airflow/example_dags/tutorial_objectstorage.py took 0.113 seconds
[2026-02-14T21:47:52.908+0000] {processor.py:161} INFO - Started process (PID=18683) to work on /home/airflow/.local/lib/python3.8/site-packages/airflow/example_dags/tutorial_objectstorage.py
[2026-02-14T21:47:52.910+0000] {processor.py:830} INFO - Processing file /home/airflow/.local/lib/python3.8/site-packages/airflow/example_dags/tutorial_objectstorage.py for tasks to queue
[2026-02-14T21:47:52.913+0000] {logging_mixin.py:188} INFO - [2026-02-14T21:47:52.913+0000] {dagbag.py:538} INFO - Filling up the DagBag from /home/airflow/.local/lib/python3.8/site-packages/airflow/example_dags/tutorial_objectstorage.py
[2026-02-14T21:47:52.926+0000] {processor.py:840} INFO - DAG(s) 'tutorial_objectstorage' retrieved from /home/airflow/.local/lib/python3.8/site-packages/airflow/example_dags/tutorial_objectstorage.py
[2026-02-14T21:47:52.965+0000] {logging_mixin.py:188} INFO - [2026-02-14T21:47:52.965+0000] {dag.py:3036} INFO - Sync 1 DAGs
[2026-02-14T21:47:52.995+0000] {logging_mixin.py:188} INFO - [2026-02-14T21:47:52.995+0000] {dag.py:3823} INFO - Setting next_dagrun for tutorial_objectstorage to None, run_after=None
[2026-02-14T21:47:53.029+0000] {processor.py:183} INFO - Processing /home/airflow/.local/lib/python3.8/site-packages/airflow/example_dags/tutorial_objectstorage.py took 0.128 seconds
[2026-02-14T21:48:23.519+0000] {processor.py:161} INFO - Started process (PID=18765) to work on /home/airflow/.local/lib/python3.8/site-packages/airflow/example_dags/tutorial_objectstorage.py
[2026-02-14T21:48:23.522+0000] {processor.py:830} INFO - Processing file /home/airflow/.local/lib/python3.8/site-packages/airflow/example_dags/tutorial_objectstorage.py for tasks to queue
[2026-02-14T21:48:23.525+0000] {logging_mixin.py:188} INFO - [2026-02-14T21:48:23.524+0000] {dagbag.py:538} INFO - Filling up the DagBag from /home/airflow/.local/lib/python3.8/site-packages/airflow/example_dags/tutorial_objectstorage.py
[2026-02-14T21:48:23.538+0000] {processor.py:840} INFO - DAG(s) 'tutorial_objectstorage' retrieved from /home/airflow/.local/lib/python3.8/site-packages/airflow/example_dags/tutorial_objectstorage.py
[2026-02-14T21:48:23.573+0000] {logging_mixin.py:188} INFO - [2026-02-14T21:48:23.572+0000] {dag.py:3036} INFO - Sync 1 DAGs
[2026-02-14T21:48:23.598+0000] {logging_mixin.py:188} INFO - [2026-02-14T21:48:23.598+0000] {dag.py:3823} INFO - Setting next_dagrun for tutorial_objectstorage to None, run_after=None
[2026-02-14T21:48:23.636+0000] {processor.py:183} INFO - Processing /home/airflow/.local/lib/python3.8/site-packages/airflow/example_dags/tutorial_objectstorage.py took 0.123 seconds
[2026-02-14T21:48:54.105+0000] {processor.py:161} INFO - Started process (PID=18847) to work on /home/airflow/.local/lib/python3.8/site-packages/airflow/example_dags/tutorial_objectstorage.py
[2026-02-14T21:48:54.107+0000] {processor.py:830} INFO - Processing file /home/airflow/.local/lib/python3.8/site-packages/airflow/example_dags/tutorial_objectstorage.py for tasks to queue
[2026-02-14T21:48:54.111+0000] {logging_mixin.py:188} INFO - [2026-02-14T21:48:54.110+0000] {dagbag.py:538} INFO - Filling up the DagBag from /home/airflow/.local/lib/python3.8/site-packages/airflow/example_dags/tutorial_objectstorage.py
[2026-02-14T21:48:54.124+0000] {processor.py:840} INFO - DAG(s) 'tutorial_objectstorage' retrieved from /home/airflow/.local/lib/python3.8/site-packages/airflow/example_dags/tutorial_objectstorage.py
[2026-02-14T21:48:54.162+0000] {logging_mixin.py:188} INFO - [2026-02-14T21:48:54.162+0000] {dag.py:3036} INFO - Sync 1 DAGs
[2026-02-14T21:48:54.198+0000] {logging_mixin.py:188} INFO - [2026-02-14T21:48:54.197+0000] {dag.py:3823} INFO - Setting next_dagrun for tutorial_objectstorage to None, run_after=None
[2026-02-14T21:48:54.278+0000] {processor.py:183} INFO - Processing /home/airflow/.local/lib/python3.8/site-packages/airflow/example_dags/tutorial_objectstorage.py took 0.180 seconds
[2026-02-14T21:49:24.697+0000] {processor.py:161} INFO - Started process (PID=18931) to work on /home/airflow/.local/lib/python3.8/site-packages/airflow/example_dags/tutorial_objectstorage.py
[2026-02-14T21:49:24.698+0000] {processor.py:830} INFO - Processing file /home/airflow/.local/lib/python3.8/site-packages/airflow/example_dags/tutorial_objectstorage.py for tasks to queue
[2026-02-14T21:49:24.701+0000] {logging_mixin.py:188} INFO - [2026-02-14T21:49:24.701+0000] {dagbag.py:538} INFO - Filling up the DagBag from /home/airflow/.local/lib/python3.8/site-packages/airflow/example_dags/tutorial_objectstorage.py
[2026-02-14T21:49:24.712+0000] {processor.py:840} INFO - DAG(s) 'tutorial_objectstorage' retrieved from /home/airflow/.local/lib/python3.8/site-packages/airflow/example_dags/tutorial_objectstorage.py
[2026-02-14T21:49:24.746+0000] {logging_mixin.py:188} INFO - [2026-02-14T21:49:24.745+0000] {dag.py:3036} INFO - Sync 1 DAGs
[2026-02-14T21:49:24.772+0000] {logging_mixin.py:188} INFO - [2026-02-14T21:49:24.772+0000] {dag.py:3823} INFO - Setting next_dagrun for tutorial_objectstorage to None, run_after=None
[2026-02-14T21:49:24.808+0000] {processor.py:183} INFO - Processing /home/airflow/.local/lib/python3.8/site-packages/airflow/example_dags/tutorial_objectstorage.py took 0.117 seconds
[2026-02-14T21:49:55.212+0000] {processor.py:161} INFO - Started process (PID=19014) to work on /home/airflow/.local/lib/python3.8/site-packages/airflow/example_dags/tutorial_objectstorage.py
[2026-02-14T21:49:55.213+0000] {processor.py:830} INFO - Processing file /home/airflow/.local/lib/python3.8/site-packages/airflow/example_dags/tutorial_objectstorage.py for tasks to queue
[2026-02-14T21:49:55.216+0000] {logging_mixin.py:188} INFO - [2026-02-14T21:49:55.215+0000] {dagbag.py:538} INFO - Filling up the DagBag from /home/airflow/.local/lib/python3.8/site-packages/airflow/example_dags/tutorial_objectstorage.py
[2026-02-14T21:49:55.227+0000] {processor.py:840} INFO - DAG(s) 'tutorial_objectstorage' retrieved from /home/airflow/.local/lib/python3.8/site-packages/airflow/example_dags/tutorial_objectstorage.py
[2026-02-14T21:49:55.257+0000] {logging_mixin.py:188} INFO - [2026-02-14T21:49:55.257+0000] {dag.py:3036} INFO - Sync 1 DAGs
[2026-02-14T21:49:55.277+0000] {logging_mixin.py:188} INFO - [2026-02-14T21:49:55.276+0000] {dag.py:3823} INFO - Setting next_dagrun for tutorial_objectstorage to None, run_after=None
[2026-02-14T21:49:55.308+0000] {processor.py:183} INFO - Processing /home/airflow/.local/lib/python3.8/site-packages/airflow/example_dags/tutorial_objectstorage.py took 0.101 seconds
[2026-02-14T21:50:25.497+0000] {processor.py:161} INFO - Started process (PID=19096) to work on /home/airflow/.local/lib/python3.8/site-packages/airflow/example_dags/tutorial_objectstorage.py
[2026-02-14T21:50:25.499+0000] {processor.py:830} INFO - Processing file /home/airflow/.local/lib/python3.8/site-packages/airflow/example_dags/tutorial_objectstorage.py for tasks to queue
[2026-02-14T21:50:25.502+0000] {logging_mixin.py:188} INFO - [2026-02-14T21:50:25.502+0000] {dagbag.py:538} INFO - Filling up the DagBag from /home/airflow/.local/lib/python3.8/site-packages/airflow/example_dags/tutorial_objectstorage.py
[2026-02-14T21:50:25.514+0000] {processor.py:840} INFO - DAG(s) 'tutorial_objectstorage' retrieved from /home/airflow/.local/lib/python3.8/site-packages/airflow/example_dags/tutorial_objectstorage.py
[2026-02-14T21:50:25.546+0000] {logging_mixin.py:188} INFO - [2026-02-14T21:50:25.545+0000] {dag.py:3036} INFO - Sync 1 DAGs
[2026-02-14T21:50:25.567+0000] {logging_mixin.py:188} INFO - [2026-02-14T21:50:25.567+0000] {dag.py:3823} INFO - Setting next_dagrun for tutorial_objectstorage to None, run_after=None
[2026-02-14T21:50:25.597+0000] {processor.py:183} INFO - Processing /home/airflow/.local/lib/python3.8/site-packages/airflow/example_dags/tutorial_objectstorage.py took 0.105 seconds
[2026-02-14T21:50:55.847+0000] {processor.py:161} INFO - Started process (PID=19181) to work on /home/airflow/.local/lib/python3.8/site-packages/airflow/example_dags/tutorial_objectstorage.py
[2026-02-14T21:50:55.848+0000] {processor.py:830} INFO - Processing file /home/airflow/.local/lib/python3.8/site-packages/airflow/example_dags/tutorial_objectstorage.py for tasks to queue
[2026-02-14T21:50:55.851+0000] {logging_mixin.py:188} INFO - [2026-02-14T21:50:55.850+0000] {dagbag.py:538} INFO - Filling up the DagBag from /home/airflow/.local/lib/python3.8/site-packages/airflow/example_dags/tutorial_objectstorage.py
[2026-02-14T21:50:55.860+0000] {processor.py:840} INFO - DAG(s) 'tutorial_objectstorage' retrieved from /home/airflow/.local/lib/python3.8/site-packages/airflow/example_dags/tutorial_objectstorage.py
[2026-02-14T21:50:55.892+0000] {logging_mixin.py:188} INFO - [2026-02-14T21:50:55.891+0000] {dag.py:3036} INFO - Sync 1 DAGs
[2026-02-14T21:50:55.912+0000] {logging_mixin.py:188} INFO - [2026-02-14T21:50:55.912+0000] {dag.py:3823} INFO - Setting next_dagrun for tutorial_objectstorage to None, run_after=None
[2026-02-14T21:50:55.952+0000] {processor.py:183} INFO - Processing /home/airflow/.local/lib/python3.8/site-packages/airflow/example_dags/tutorial_objectstorage.py took 0.110 seconds
[2026-02-14T21:51:26.549+0000] {processor.py:161} INFO - Started process (PID=19264) to work on /home/airflow/.local/lib/python3.8/site-packages/airflow/example_dags/tutorial_objectstorage.py
[2026-02-14T21:51:26.551+0000] {processor.py:830} INFO - Processing file /home/airflow/.local/lib/python3.8/site-packages/airflow/example_dags/tutorial_objectstorage.py for tasks to queue
[2026-02-14T21:51:26.553+0000] {logging_mixin.py:188} INFO - [2026-02-14T21:51:26.553+0000] {dagbag.py:538} INFO - Filling up the DagBag from /home/airflow/.local/lib/python3.8/site-packages/airflow/example_dags/tutorial_objectstorage.py
[2026-02-14T21:51:26.562+0000] {processor.py:840} INFO - DAG(s) 'tutorial_objectstorage' retrieved from /home/airflow/.local/lib/python3.8/site-packages/airflow/example_dags/tutorial_objectstorage.py
[2026-02-14T21:51:26.595+0000] {logging_mixin.py:188} INFO - [2026-02-14T21:51:26.594+0000] {dag.py:3036} INFO - Sync 1 DAGs
[2026-02-14T21:51:26.618+0000] {logging_mixin.py:188} INFO - [2026-02-14T21:51:26.618+0000] {dag.py:3823} INFO - Setting next_dagrun for tutorial_objectstorage to None, run_after=None
[2026-02-14T21:51:26.650+0000] {processor.py:183} INFO - Processing /home/airflow/.local/lib/python3.8/site-packages/airflow/example_dags/tutorial_objectstorage.py took 0.106 seconds
[2026-02-14T21:51:56.808+0000] {processor.py:161} INFO - Started process (PID=19347) to work on /home/airflow/.local/lib/python3.8/site-packages/airflow/example_dags/tutorial_objectstorage.py
[2026-02-14T21:51:56.810+0000] {processor.py:830} INFO - Processing file /home/airflow/.local/lib/python3.8/site-packages/airflow/example_dags/tutorial_objectstorage.py for tasks to queue
[2026-02-14T21:51:56.812+0000] {logging_mixin.py:188} INFO - [2026-02-14T21:51:56.812+0000] {dagbag.py:538} INFO - Filling up the DagBag from /home/airflow/.local/lib/python3.8/site-packages/airflow/example_dags/tutorial_objectstorage.py
[2026-02-14T21:51:56.823+0000] {processor.py:840} INFO - DAG(s) 'tutorial_objectstorage' retrieved from /home/airflow/.local/lib/python3.8/site-packages/airflow/example_dags/tutorial_objectstorage.py
[2026-02-14T21:51:56.858+0000] {logging_mixin.py:188} INFO - [2026-02-14T21:51:56.858+0000] {dag.py:3036} INFO - Sync 1 DAGs
[2026-02-14T21:51:56.878+0000] {logging_mixin.py:188} INFO - [2026-02-14T21:51:56.878+0000] {dag.py:3823} INFO - Setting next_dagrun for tutorial_objectstorage to None, run_after=None
[2026-02-14T21:51:56.906+0000] {processor.py:183} INFO - Processing /home/airflow/.local/lib/python3.8/site-packages/airflow/example_dags/tutorial_objectstorage.py took 0.103 seconds
[2026-02-14T21:52:27.322+0000] {processor.py:161} INFO - Started process (PID=19429) to work on /home/airflow/.local/lib/python3.8/site-packages/airflow/example_dags/tutorial_objectstorage.py
[2026-02-14T21:52:27.324+0000] {processor.py:830} INFO - Processing file /home/airflow/.local/lib/python3.8/site-packages/airflow/example_dags/tutorial_objectstorage.py for tasks to queue
[2026-02-14T21:52:27.327+0000] {logging_mixin.py:188} INFO - [2026-02-14T21:52:27.327+0000] {dagbag.py:538} INFO - Filling up the DagBag from /home/airflow/.local/lib/python3.8/site-packages/airflow/example_dags/tutorial_objectstorage.py
[2026-02-14T21:52:27.337+0000] {processor.py:840} INFO - DAG(s) 'tutorial_objectstorage' retrieved from /home/airflow/.local/lib/python3.8/site-packages/airflow/example_dags/tutorial_objectstorage.py
[2026-02-14T21:52:27.369+0000] {logging_mixin.py:188} INFO - [2026-02-14T21:52:27.368+0000] {dag.py:3036} INFO - Sync 1 DAGs
[2026-02-14T21:52:27.388+0000] {logging_mixin.py:188} INFO - [2026-02-14T21:52:27.388+0000] {dag.py:3823} INFO - Setting next_dagrun for tutorial_objectstorage to None, run_after=None
[2026-02-14T21:52:27.417+0000] {processor.py:183} INFO - Processing /home/airflow/.local/lib/python3.8/site-packages/airflow/example_dags/tutorial_objectstorage.py took 0.101 seconds
[2026-02-14T21:52:58.128+0000] {processor.py:161} INFO - Started process (PID=19516) to work on /home/airflow/.local/lib/python3.8/site-packages/airflow/example_dags/tutorial_objectstorage.py
[2026-02-14T21:52:58.129+0000] {processor.py:830} INFO - Processing file /home/airflow/.local/lib/python3.8/site-packages/airflow/example_dags/tutorial_objectstorage.py for tasks to queue
[2026-02-14T21:52:58.132+0000] {logging_mixin.py:188} INFO - [2026-02-14T21:52:58.132+0000] {dagbag.py:538} INFO - Filling up the DagBag from /home/airflow/.local/lib/python3.8/site-packages/airflow/example_dags/tutorial_objectstorage.py
[2026-02-14T21:52:58.145+0000] {processor.py:840} INFO - DAG(s) 'tutorial_objectstorage' retrieved from /home/airflow/.local/lib/python3.8/site-packages/airflow/example_dags/tutorial_objectstorage.py
[2026-02-14T21:52:58.183+0000] {logging_mixin.py:188} INFO - [2026-02-14T21:52:58.183+0000] {dag.py:3036} INFO - Sync 1 DAGs
[2026-02-14T21:52:58.204+0000] {logging_mixin.py:188} INFO - [2026-02-14T21:52:58.204+0000] {dag.py:3823} INFO - Setting next_dagrun for tutorial_objectstorage to None, run_after=None
[2026-02-14T21:52:58.237+0000] {processor.py:183} INFO - Processing /home/airflow/.local/lib/python3.8/site-packages/airflow/example_dags/tutorial_objectstorage.py took 0.116 seconds
[2026-02-14T21:53:28.695+0000] {processor.py:161} INFO - Started process (PID=19600) to work on /home/airflow/.local/lib/python3.8/site-packages/airflow/example_dags/tutorial_objectstorage.py
[2026-02-14T21:53:28.698+0000] {processor.py:830} INFO - Processing file /home/airflow/.local/lib/python3.8/site-packages/airflow/example_dags/tutorial_objectstorage.py for tasks to queue
[2026-02-14T21:53:28.701+0000] {logging_mixin.py:188} INFO - [2026-02-14T21:53:28.700+0000] {dagbag.py:538} INFO - Filling up the DagBag from /home/airflow/.local/lib/python3.8/site-packages/airflow/example_dags/tutorial_objectstorage.py
[2026-02-14T21:53:28.727+0000] {processor.py:840} INFO - DAG(s) 'tutorial_objectstorage' retrieved from /home/airflow/.local/lib/python3.8/site-packages/airflow/example_dags/tutorial_objectstorage.py
[2026-02-14T21:53:28.762+0000] {logging_mixin.py:188} INFO - [2026-02-14T21:53:28.761+0000] {dag.py:3036} INFO - Sync 1 DAGs
[2026-02-14T21:53:28.786+0000] {logging_mixin.py:188} INFO - [2026-02-14T21:53:28.785+0000] {dag.py:3823} INFO - Setting next_dagrun for tutorial_objectstorage to None, run_after=None
[2026-02-14T21:53:28.822+0000] {processor.py:183} INFO - Processing /home/airflow/.local/lib/python3.8/site-packages/airflow/example_dags/tutorial_objectstorage.py took 0.132 seconds
[2026-02-14T21:53:59.467+0000] {processor.py:161} INFO - Started process (PID=19683) to work on /home/airflow/.local/lib/python3.8/site-packages/airflow/example_dags/tutorial_objectstorage.py
[2026-02-14T21:53:59.468+0000] {processor.py:830} INFO - Processing file /home/airflow/.local/lib/python3.8/site-packages/airflow/example_dags/tutorial_objectstorage.py for tasks to queue
[2026-02-14T21:53:59.471+0000] {logging_mixin.py:188} INFO - [2026-02-14T21:53:59.471+0000] {dagbag.py:538} INFO - Filling up the DagBag from /home/airflow/.local/lib/python3.8/site-packages/airflow/example_dags/tutorial_objectstorage.py
[2026-02-14T21:53:59.483+0000] {processor.py:840} INFO - DAG(s) 'tutorial_objectstorage' retrieved from /home/airflow/.local/lib/python3.8/site-packages/airflow/example_dags/tutorial_objectstorage.py
[2026-02-14T21:53:59.515+0000] {logging_mixin.py:188} INFO - [2026-02-14T21:53:59.515+0000] {dag.py:3036} INFO - Sync 1 DAGs
[2026-02-14T21:53:59.538+0000] {logging_mixin.py:188} INFO - [2026-02-14T21:53:59.538+0000] {dag.py:3823} INFO - Setting next_dagrun for tutorial_objectstorage to None, run_after=None
[2026-02-14T21:53:59.572+0000] {processor.py:183} INFO - Processing /home/airflow/.local/lib/python3.8/site-packages/airflow/example_dags/tutorial_objectstorage.py took 0.112 seconds
[2026-02-14T21:54:30.081+0000] {processor.py:161} INFO - Started process (PID=19766) to work on /home/airflow/.local/lib/python3.8/site-packages/airflow/example_dags/tutorial_objectstorage.py
[2026-02-14T21:54:30.083+0000] {processor.py:830} INFO - Processing file /home/airflow/.local/lib/python3.8/site-packages/airflow/example_dags/tutorial_objectstorage.py for tasks to queue
[2026-02-14T21:54:30.085+0000] {logging_mixin.py:188} INFO - [2026-02-14T21:54:30.085+0000] {dagbag.py:538} INFO - Filling up the DagBag from /home/airflow/.local/lib/python3.8/site-packages/airflow/example_dags/tutorial_objectstorage.py
[2026-02-14T21:54:30.096+0000] {processor.py:840} INFO - DAG(s) 'tutorial_objectstorage' retrieved from /home/airflow/.local/lib/python3.8/site-packages/airflow/example_dags/tutorial_objectstorage.py
[2026-02-14T21:54:30.127+0000] {logging_mixin.py:188} INFO - [2026-02-14T21:54:30.126+0000] {dag.py:3036} INFO - Sync 1 DAGs
[2026-02-14T21:54:30.151+0000] {logging_mixin.py:188} INFO - [2026-02-14T21:54:30.150+0000] {dag.py:3823} INFO - Setting next_dagrun for tutorial_objectstorage to None, run_after=None
[2026-02-14T21:54:30.182+0000] {processor.py:183} INFO - Processing /home/airflow/.local/lib/python3.8/site-packages/airflow/example_dags/tutorial_objectstorage.py took 0.106 seconds
[2026-02-14T21:55:00.734+0000] {processor.py:161} INFO - Started process (PID=19848) to work on /home/airflow/.local/lib/python3.8/site-packages/airflow/example_dags/tutorial_objectstorage.py
[2026-02-14T21:55:00.736+0000] {processor.py:830} INFO - Processing file /home/airflow/.local/lib/python3.8/site-packages/airflow/example_dags/tutorial_objectstorage.py for tasks to queue
[2026-02-14T21:55:00.742+0000] {logging_mixin.py:188} INFO - [2026-02-14T21:55:00.741+0000] {dagbag.py:538} INFO - Filling up the DagBag from /home/airflow/.local/lib/python3.8/site-packages/airflow/example_dags/tutorial_objectstorage.py
[2026-02-14T21:55:00.755+0000] {processor.py:840} INFO - DAG(s) 'tutorial_objectstorage' retrieved from /home/airflow/.local/lib/python3.8/site-packages/airflow/example_dags/tutorial_objectstorage.py
[2026-02-14T21:55:00.799+0000] {logging_mixin.py:188} INFO - [2026-02-14T21:55:00.799+0000] {dag.py:3036} INFO - Sync 1 DAGs
[2026-02-14T21:55:00.829+0000] {logging_mixin.py:188} INFO - [2026-02-14T21:55:00.828+0000] {dag.py:3823} INFO - Setting next_dagrun for tutorial_objectstorage to None, run_after=None
[2026-02-14T21:55:00.868+0000] {processor.py:183} INFO - Processing /home/airflow/.local/lib/python3.8/site-packages/airflow/example_dags/tutorial_objectstorage.py took 0.148 seconds
[2026-02-14T21:55:31.077+0000] {processor.py:161} INFO - Started process (PID=19931) to work on /home/airflow/.local/lib/python3.8/site-packages/airflow/example_dags/tutorial_objectstorage.py
[2026-02-14T21:55:31.079+0000] {processor.py:830} INFO - Processing file /home/airflow/.local/lib/python3.8/site-packages/airflow/example_dags/tutorial_objectstorage.py for tasks to queue
[2026-02-14T21:55:31.082+0000] {logging_mixin.py:188} INFO - [2026-02-14T21:55:31.081+0000] {dagbag.py:538} INFO - Filling up the DagBag from /home/airflow/.local/lib/python3.8/site-packages/airflow/example_dags/tutorial_objectstorage.py
[2026-02-14T21:55:31.093+0000] {processor.py:840} INFO - DAG(s) 'tutorial_objectstorage' retrieved from /home/airflow/.local/lib/python3.8/site-packages/airflow/example_dags/tutorial_objectstorage.py
[2026-02-14T21:55:31.130+0000] {logging_mixin.py:188} INFO - [2026-02-14T21:55:31.129+0000] {dag.py:3036} INFO - Sync 1 DAGs
[2026-02-14T21:55:31.160+0000] {logging_mixin.py:188} INFO - [2026-02-14T21:55:31.159+0000] {dag.py:3823} INFO - Setting next_dagrun for tutorial_objectstorage to None, run_after=None
[2026-02-14T21:55:31.191+0000] {processor.py:183} INFO - Processing /home/airflow/.local/lib/python3.8/site-packages/airflow/example_dags/tutorial_objectstorage.py took 0.120 seconds
[2026-02-14T21:56:01.438+0000] {processor.py:161} INFO - Started process (PID=20014) to work on /home/airflow/.local/lib/python3.8/site-packages/airflow/example_dags/tutorial_objectstorage.py
[2026-02-14T21:56:01.440+0000] {processor.py:830} INFO - Processing file /home/airflow/.local/lib/python3.8/site-packages/airflow/example_dags/tutorial_objectstorage.py for tasks to queue
[2026-02-14T21:56:01.442+0000] {logging_mixin.py:188} INFO - [2026-02-14T21:56:01.442+0000] {dagbag.py:538} INFO - Filling up the DagBag from /home/airflow/.local/lib/python3.8/site-packages/airflow/example_dags/tutorial_objectstorage.py
[2026-02-14T21:56:01.452+0000] {processor.py:840} INFO - DAG(s) 'tutorial_objectstorage' retrieved from /home/airflow/.local/lib/python3.8/site-packages/airflow/example_dags/tutorial_objectstorage.py
[2026-02-14T21:56:01.488+0000] {logging_mixin.py:188} INFO - [2026-02-14T21:56:01.487+0000] {dag.py:3036} INFO - Sync 1 DAGs
[2026-02-14T21:56:01.510+0000] {logging_mixin.py:188} INFO - [2026-02-14T21:56:01.510+0000] {dag.py:3823} INFO - Setting next_dagrun for tutorial_objectstorage to None, run_after=None
[2026-02-14T21:56:01.540+0000] {processor.py:183} INFO - Processing /home/airflow/.local/lib/python3.8/site-packages/airflow/example_dags/tutorial_objectstorage.py took 0.107 seconds
[2026-02-14T21:56:31.719+0000] {processor.py:161} INFO - Started process (PID=20097) to work on /home/airflow/.local/lib/python3.8/site-packages/airflow/example_dags/tutorial_objectstorage.py
[2026-02-14T21:56:31.721+0000] {processor.py:830} INFO - Processing file /home/airflow/.local/lib/python3.8/site-packages/airflow/example_dags/tutorial_objectstorage.py for tasks to queue
[2026-02-14T21:56:31.723+0000] {logging_mixin.py:188} INFO - [2026-02-14T21:56:31.723+0000] {dagbag.py:538} INFO - Filling up the DagBag from /home/airflow/.local/lib/python3.8/site-packages/airflow/example_dags/tutorial_objectstorage.py
[2026-02-14T21:56:31.733+0000] {processor.py:840} INFO - DAG(s) 'tutorial_objectstorage' retrieved from /home/airflow/.local/lib/python3.8/site-packages/airflow/example_dags/tutorial_objectstorage.py
[2026-02-14T21:56:31.766+0000] {logging_mixin.py:188} INFO - [2026-02-14T21:56:31.766+0000] {dag.py:3036} INFO - Sync 1 DAGs
[2026-02-14T21:56:31.786+0000] {logging_mixin.py:188} INFO - [2026-02-14T21:56:31.786+0000] {dag.py:3823} INFO - Setting next_dagrun for tutorial_objectstorage to None, run_after=None
[2026-02-14T21:56:31.817+0000] {processor.py:183} INFO - Processing /home/airflow/.local/lib/python3.8/site-packages/airflow/example_dags/tutorial_objectstorage.py took 0.103 seconds
[2026-02-14T21:57:01.920+0000] {processor.py:161} INFO - Started process (PID=20181) to work on /home/airflow/.local/lib/python3.8/site-packages/airflow/example_dags/tutorial_objectstorage.py
[2026-02-14T21:57:01.922+0000] {processor.py:830} INFO - Processing file /home/airflow/.local/lib/python3.8/site-packages/airflow/example_dags/tutorial_objectstorage.py for tasks to queue
[2026-02-14T21:57:01.925+0000] {logging_mixin.py:188} INFO - [2026-02-14T21:57:01.925+0000] {dagbag.py:538} INFO - Filling up the DagBag from /home/airflow/.local/lib/python3.8/site-packages/airflow/example_dags/tutorial_objectstorage.py
[2026-02-14T21:57:01.935+0000] {processor.py:840} INFO - DAG(s) 'tutorial_objectstorage' retrieved from /home/airflow/.local/lib/python3.8/site-packages/airflow/example_dags/tutorial_objectstorage.py
[2026-02-14T21:57:01.965+0000] {logging_mixin.py:188} INFO - [2026-02-14T21:57:01.965+0000] {dag.py:3036} INFO - Sync 1 DAGs
[2026-02-14T21:57:01.986+0000] {logging_mixin.py:188} INFO - [2026-02-14T21:57:01.985+0000] {dag.py:3823} INFO - Setting next_dagrun for tutorial_objectstorage to None, run_after=None
[2026-02-14T21:57:02.014+0000] {processor.py:183} INFO - Processing /home/airflow/.local/lib/python3.8/site-packages/airflow/example_dags/tutorial_objectstorage.py took 0.099 seconds
[2026-02-14T21:57:32.466+0000] {processor.py:161} INFO - Started process (PID=20270) to work on /home/airflow/.local/lib/python3.8/site-packages/airflow/example_dags/tutorial_objectstorage.py
[2026-02-14T21:57:32.467+0000] {processor.py:830} INFO - Processing file /home/airflow/.local/lib/python3.8/site-packages/airflow/example_dags/tutorial_objectstorage.py for tasks to queue
[2026-02-14T21:57:32.470+0000] {logging_mixin.py:188} INFO - [2026-02-14T21:57:32.470+0000] {dagbag.py:538} INFO - Filling up the DagBag from /home/airflow/.local/lib/python3.8/site-packages/airflow/example_dags/tutorial_objectstorage.py
[2026-02-14T21:57:32.482+0000] {processor.py:840} INFO - DAG(s) 'tutorial_objectstorage' retrieved from /home/airflow/.local/lib/python3.8/site-packages/airflow/example_dags/tutorial_objectstorage.py
[2026-02-14T21:57:32.516+0000] {logging_mixin.py:188} INFO - [2026-02-14T21:57:32.516+0000] {dag.py:3036} INFO - Sync 1 DAGs
[2026-02-14T21:57:32.536+0000] {logging_mixin.py:188} INFO - [2026-02-14T21:57:32.536+0000] {dag.py:3823} INFO - Setting next_dagrun for tutorial_objectstorage to None, run_after=None
[2026-02-14T21:57:32.572+0000] {processor.py:183} INFO - Processing /home/airflow/.local/lib/python3.8/site-packages/airflow/example_dags/tutorial_objectstorage.py took 0.112 seconds
[2026-02-14T21:58:03.128+0000] {processor.py:161} INFO - Started process (PID=20356) to work on /home/airflow/.local/lib/python3.8/site-packages/airflow/example_dags/tutorial_objectstorage.py
[2026-02-14T21:58:03.130+0000] {processor.py:830} INFO - Processing file /home/airflow/.local/lib/python3.8/site-packages/airflow/example_dags/tutorial_objectstorage.py for tasks to queue
[2026-02-14T21:58:03.133+0000] {logging_mixin.py:188} INFO - [2026-02-14T21:58:03.133+0000] {dagbag.py:538} INFO - Filling up the DagBag from /home/airflow/.local/lib/python3.8/site-packages/airflow/example_dags/tutorial_objectstorage.py
[2026-02-14T21:58:03.145+0000] {processor.py:840} INFO - DAG(s) 'tutorial_objectstorage' retrieved from /home/airflow/.local/lib/python3.8/site-packages/airflow/example_dags/tutorial_objectstorage.py
[2026-02-14T21:58:03.177+0000] {logging_mixin.py:188} INFO - [2026-02-14T21:58:03.176+0000] {dag.py:3036} INFO - Sync 1 DAGs
[2026-02-14T21:58:03.199+0000] {logging_mixin.py:188} INFO - [2026-02-14T21:58:03.199+0000] {dag.py:3823} INFO - Setting next_dagrun for tutorial_objectstorage to None, run_after=None
[2026-02-14T21:58:03.233+0000] {processor.py:183} INFO - Processing /home/airflow/.local/lib/python3.8/site-packages/airflow/example_dags/tutorial_objectstorage.py took 0.110 seconds
[2026-02-14T21:58:33.914+0000] {processor.py:161} INFO - Started process (PID=20438) to work on /home/airflow/.local/lib/python3.8/site-packages/airflow/example_dags/tutorial_objectstorage.py
[2026-02-14T21:58:33.916+0000] {processor.py:830} INFO - Processing file /home/airflow/.local/lib/python3.8/site-packages/airflow/example_dags/tutorial_objectstorage.py for tasks to queue
[2026-02-14T21:58:33.920+0000] {logging_mixin.py:188} INFO - [2026-02-14T21:58:33.919+0000] {dagbag.py:538} INFO - Filling up the DagBag from /home/airflow/.local/lib/python3.8/site-packages/airflow/example_dags/tutorial_objectstorage.py
[2026-02-14T21:58:33.934+0000] {processor.py:840} INFO - DAG(s) 'tutorial_objectstorage' retrieved from /home/airflow/.local/lib/python3.8/site-packages/airflow/example_dags/tutorial_objectstorage.py
[2026-02-14T21:58:33.971+0000] {logging_mixin.py:188} INFO - [2026-02-14T21:58:33.970+0000] {dag.py:3036} INFO - Sync 1 DAGs
[2026-02-14T21:58:33.994+0000] {logging_mixin.py:188} INFO - [2026-02-14T21:58:33.993+0000] {dag.py:3823} INFO - Setting next_dagrun for tutorial_objectstorage to None, run_after=None
[2026-02-14T21:58:34.028+0000] {processor.py:183} INFO - Processing /home/airflow/.local/lib/python3.8/site-packages/airflow/example_dags/tutorial_objectstorage.py took 0.121 seconds
[2026-02-14T21:59:04.226+0000] {processor.py:161} INFO - Started process (PID=20521) to work on /home/airflow/.local/lib/python3.8/site-packages/airflow/example_dags/tutorial_objectstorage.py
[2026-02-14T21:59:04.228+0000] {processor.py:830} INFO - Processing file /home/airflow/.local/lib/python3.8/site-packages/airflow/example_dags/tutorial_objectstorage.py for tasks to queue
[2026-02-14T21:59:04.231+0000] {logging_mixin.py:188} INFO - [2026-02-14T21:59:04.230+0000] {dagbag.py:538} INFO - Filling up the DagBag from /home/airflow/.local/lib/python3.8/site-packages/airflow/example_dags/tutorial_objectstorage.py
[2026-02-14T21:59:04.241+0000] {processor.py:840} INFO - DAG(s) 'tutorial_objectstorage' retrieved from /home/airflow/.local/lib/python3.8/site-packages/airflow/example_dags/tutorial_objectstorage.py
[2026-02-14T21:59:04.274+0000] {logging_mixin.py:188} INFO - [2026-02-14T21:59:04.273+0000] {dag.py:3036} INFO - Sync 1 DAGs
[2026-02-14T21:59:04.298+0000] {logging_mixin.py:188} INFO - [2026-02-14T21:59:04.297+0000] {dag.py:3823} INFO - Setting next_dagrun for tutorial_objectstorage to None, run_after=None
[2026-02-14T21:59:04.333+0000] {processor.py:183} INFO - Processing /home/airflow/.local/lib/python3.8/site-packages/airflow/example_dags/tutorial_objectstorage.py took 0.112 seconds
[2026-02-14T21:59:34.576+0000] {processor.py:161} INFO - Started process (PID=20604) to work on /home/airflow/.local/lib/python3.8/site-packages/airflow/example_dags/tutorial_objectstorage.py
[2026-02-14T21:59:34.577+0000] {processor.py:830} INFO - Processing file /home/airflow/.local/lib/python3.8/site-packages/airflow/example_dags/tutorial_objectstorage.py for tasks to queue
[2026-02-14T21:59:34.580+0000] {logging_mixin.py:188} INFO - [2026-02-14T21:59:34.580+0000] {dagbag.py:538} INFO - Filling up the DagBag from /home/airflow/.local/lib/python3.8/site-packages/airflow/example_dags/tutorial_objectstorage.py
[2026-02-14T21:59:34.590+0000] {processor.py:840} INFO - DAG(s) 'tutorial_objectstorage' retrieved from /home/airflow/.local/lib/python3.8/site-packages/airflow/example_dags/tutorial_objectstorage.py
[2026-02-14T21:59:34.625+0000] {logging_mixin.py:188} INFO - [2026-02-14T21:59:34.625+0000] {dag.py:3036} INFO - Sync 1 DAGs
[2026-02-14T21:59:34.645+0000] {logging_mixin.py:188} INFO - [2026-02-14T21:59:34.645+0000] {dag.py:3823} INFO - Setting next_dagrun for tutorial_objectstorage to None, run_after=None
[2026-02-14T21:59:34.675+0000] {processor.py:183} INFO - Processing /home/airflow/.local/lib/python3.8/site-packages/airflow/example_dags/tutorial_objectstorage.py took 0.104 seconds
[2026-02-14T22:00:05.269+0000] {processor.py:161} INFO - Started process (PID=20688) to work on /home/airflow/.local/lib/python3.8/site-packages/airflow/example_dags/tutorial_objectstorage.py
[2026-02-14T22:00:05.271+0000] {processor.py:830} INFO - Processing file /home/airflow/.local/lib/python3.8/site-packages/airflow/example_dags/tutorial_objectstorage.py for tasks to queue
[2026-02-14T22:00:05.274+0000] {logging_mixin.py:188} INFO - [2026-02-14T22:00:05.274+0000] {dagbag.py:538} INFO - Filling up the DagBag from /home/airflow/.local/lib/python3.8/site-packages/airflow/example_dags/tutorial_objectstorage.py
[2026-02-14T22:00:05.288+0000] {processor.py:840} INFO - DAG(s) 'tutorial_objectstorage' retrieved from /home/airflow/.local/lib/python3.8/site-packages/airflow/example_dags/tutorial_objectstorage.py
[2026-02-14T22:00:05.328+0000] {logging_mixin.py:188} INFO - [2026-02-14T22:00:05.328+0000] {dag.py:3036} INFO - Sync 1 DAGs
[2026-02-14T22:00:05.352+0000] {logging_mixin.py:188} INFO - [2026-02-14T22:00:05.352+0000] {dag.py:3823} INFO - Setting next_dagrun for tutorial_objectstorage to None, run_after=None
[2026-02-14T22:00:05.386+0000] {processor.py:183} INFO - Processing /home/airflow/.local/lib/python3.8/site-packages/airflow/example_dags/tutorial_objectstorage.py took 0.124 seconds
[2026-02-14T22:00:36.200+0000] {processor.py:161} INFO - Started process (PID=20770) to work on /home/airflow/.local/lib/python3.8/site-packages/airflow/example_dags/tutorial_objectstorage.py
[2026-02-14T22:00:36.202+0000] {processor.py:830} INFO - Processing file /home/airflow/.local/lib/python3.8/site-packages/airflow/example_dags/tutorial_objectstorage.py for tasks to queue
[2026-02-14T22:00:36.205+0000] {logging_mixin.py:188} INFO - [2026-02-14T22:00:36.205+0000] {dagbag.py:538} INFO - Filling up the DagBag from /home/airflow/.local/lib/python3.8/site-packages/airflow/example_dags/tutorial_objectstorage.py
[2026-02-14T22:00:36.218+0000] {processor.py:840} INFO - DAG(s) 'tutorial_objectstorage' retrieved from /home/airflow/.local/lib/python3.8/site-packages/airflow/example_dags/tutorial_objectstorage.py
[2026-02-14T22:00:36.253+0000] {logging_mixin.py:188} INFO - [2026-02-14T22:00:36.252+0000] {dag.py:3036} INFO - Sync 1 DAGs
[2026-02-14T22:00:36.273+0000] {logging_mixin.py:188} INFO - [2026-02-14T22:00:36.273+0000] {dag.py:3823} INFO - Setting next_dagrun for tutorial_objectstorage to None, run_after=None
[2026-02-14T22:00:36.303+0000] {processor.py:183} INFO - Processing /home/airflow/.local/lib/python3.8/site-packages/airflow/example_dags/tutorial_objectstorage.py took 0.110 seconds
[2026-02-14T22:01:06.567+0000] {processor.py:161} INFO - Started process (PID=20853) to work on /home/airflow/.local/lib/python3.8/site-packages/airflow/example_dags/tutorial_objectstorage.py
[2026-02-14T22:01:06.569+0000] {processor.py:830} INFO - Processing file /home/airflow/.local/lib/python3.8/site-packages/airflow/example_dags/tutorial_objectstorage.py for tasks to queue
[2026-02-14T22:01:06.572+0000] {logging_mixin.py:188} INFO - [2026-02-14T22:01:06.571+0000] {dagbag.py:538} INFO - Filling up the DagBag from /home/airflow/.local/lib/python3.8/site-packages/airflow/example_dags/tutorial_objectstorage.py
[2026-02-14T22:01:06.583+0000] {processor.py:840} INFO - DAG(s) 'tutorial_objectstorage' retrieved from /home/airflow/.local/lib/python3.8/site-packages/airflow/example_dags/tutorial_objectstorage.py
[2026-02-14T22:01:06.615+0000] {logging_mixin.py:188} INFO - [2026-02-14T22:01:06.615+0000] {dag.py:3036} INFO - Sync 1 DAGs
[2026-02-14T22:01:06.637+0000] {logging_mixin.py:188} INFO - [2026-02-14T22:01:06.637+0000] {dag.py:3823} INFO - Setting next_dagrun for tutorial_objectstorage to None, run_after=None
[2026-02-14T22:01:06.670+0000] {processor.py:183} INFO - Processing /home/airflow/.local/lib/python3.8/site-packages/airflow/example_dags/tutorial_objectstorage.py took 0.108 seconds
[2026-02-14T22:01:36.823+0000] {processor.py:161} INFO - Started process (PID=20935) to work on /home/airflow/.local/lib/python3.8/site-packages/airflow/example_dags/tutorial_objectstorage.py
[2026-02-14T22:01:36.824+0000] {processor.py:830} INFO - Processing file /home/airflow/.local/lib/python3.8/site-packages/airflow/example_dags/tutorial_objectstorage.py for tasks to queue
[2026-02-14T22:01:36.827+0000] {logging_mixin.py:188} INFO - [2026-02-14T22:01:36.826+0000] {dagbag.py:538} INFO - Filling up the DagBag from /home/airflow/.local/lib/python3.8/site-packages/airflow/example_dags/tutorial_objectstorage.py
[2026-02-14T22:01:36.836+0000] {processor.py:840} INFO - DAG(s) 'tutorial_objectstorage' retrieved from /home/airflow/.local/lib/python3.8/site-packages/airflow/example_dags/tutorial_objectstorage.py
[2026-02-14T22:01:36.866+0000] {logging_mixin.py:188} INFO - [2026-02-14T22:01:36.866+0000] {dag.py:3036} INFO - Sync 1 DAGs
[2026-02-14T22:01:36.886+0000] {logging_mixin.py:188} INFO - [2026-02-14T22:01:36.885+0000] {dag.py:3823} INFO - Setting next_dagrun for tutorial_objectstorage to None, run_after=None
[2026-02-14T22:01:36.915+0000] {processor.py:183} INFO - Processing /home/airflow/.local/lib/python3.8/site-packages/airflow/example_dags/tutorial_objectstorage.py took 0.097 seconds
[2026-02-14T22:02:07.438+0000] {processor.py:161} INFO - Started process (PID=21019) to work on /home/airflow/.local/lib/python3.8/site-packages/airflow/example_dags/tutorial_objectstorage.py
[2026-02-14T22:02:07.440+0000] {processor.py:830} INFO - Processing file /home/airflow/.local/lib/python3.8/site-packages/airflow/example_dags/tutorial_objectstorage.py for tasks to queue
[2026-02-14T22:02:07.443+0000] {logging_mixin.py:188} INFO - [2026-02-14T22:02:07.442+0000] {dagbag.py:538} INFO - Filling up the DagBag from /home/airflow/.local/lib/python3.8/site-packages/airflow/example_dags/tutorial_objectstorage.py
[2026-02-14T22:02:07.452+0000] {processor.py:840} INFO - DAG(s) 'tutorial_objectstorage' retrieved from /home/airflow/.local/lib/python3.8/site-packages/airflow/example_dags/tutorial_objectstorage.py
[2026-02-14T22:02:07.484+0000] {logging_mixin.py:188} INFO - [2026-02-14T22:02:07.483+0000] {dag.py:3036} INFO - Sync 1 DAGs
[2026-02-14T22:02:07.504+0000] {logging_mixin.py:188} INFO - [2026-02-14T22:02:07.504+0000] {dag.py:3823} INFO - Setting next_dagrun for tutorial_objectstorage to None, run_after=None
[2026-02-14T22:02:07.542+0000] {processor.py:183} INFO - Processing /home/airflow/.local/lib/python3.8/site-packages/airflow/example_dags/tutorial_objectstorage.py took 0.109 seconds
[2026-02-14T22:02:38.035+0000] {processor.py:161} INFO - Started process (PID=21101) to work on /home/airflow/.local/lib/python3.8/site-packages/airflow/example_dags/tutorial_objectstorage.py
[2026-02-14T22:02:38.037+0000] {processor.py:830} INFO - Processing file /home/airflow/.local/lib/python3.8/site-packages/airflow/example_dags/tutorial_objectstorage.py for tasks to queue
[2026-02-14T22:02:38.040+0000] {logging_mixin.py:188} INFO - [2026-02-14T22:02:38.039+0000] {dagbag.py:538} INFO - Filling up the DagBag from /home/airflow/.local/lib/python3.8/site-packages/airflow/example_dags/tutorial_objectstorage.py
[2026-02-14T22:02:38.051+0000] {processor.py:840} INFO - DAG(s) 'tutorial_objectstorage' retrieved from /home/airflow/.local/lib/python3.8/site-packages/airflow/example_dags/tutorial_objectstorage.py
[2026-02-14T22:02:38.084+0000] {logging_mixin.py:188} INFO - [2026-02-14T22:02:38.084+0000] {dag.py:3036} INFO - Sync 1 DAGs
[2026-02-14T22:02:38.104+0000] {logging_mixin.py:188} INFO - [2026-02-14T22:02:38.104+0000] {dag.py:3823} INFO - Setting next_dagrun for tutorial_objectstorage to None, run_after=None
[2026-02-14T22:02:38.133+0000] {processor.py:183} INFO - Processing /home/airflow/.local/lib/python3.8/site-packages/airflow/example_dags/tutorial_objectstorage.py took 0.102 seconds
[2026-02-14T22:03:08.959+0000] {processor.py:161} INFO - Started process (PID=21192) to work on /home/airflow/.local/lib/python3.8/site-packages/airflow/example_dags/tutorial_objectstorage.py
[2026-02-14T22:03:08.961+0000] {processor.py:830} INFO - Processing file /home/airflow/.local/lib/python3.8/site-packages/airflow/example_dags/tutorial_objectstorage.py for tasks to queue
[2026-02-14T22:03:08.964+0000] {logging_mixin.py:188} INFO - [2026-02-14T22:03:08.964+0000] {dagbag.py:538} INFO - Filling up the DagBag from /home/airflow/.local/lib/python3.8/site-packages/airflow/example_dags/tutorial_objectstorage.py
[2026-02-14T22:03:08.976+0000] {processor.py:840} INFO - DAG(s) 'tutorial_objectstorage' retrieved from /home/airflow/.local/lib/python3.8/site-packages/airflow/example_dags/tutorial_objectstorage.py
[2026-02-14T22:03:09.011+0000] {logging_mixin.py:188} INFO - [2026-02-14T22:03:09.011+0000] {dag.py:3036} INFO - Sync 1 DAGs
[2026-02-14T22:03:09.035+0000] {logging_mixin.py:188} INFO - [2026-02-14T22:03:09.035+0000] {dag.py:3823} INFO - Setting next_dagrun for tutorial_objectstorage to None, run_after=None
[2026-02-14T22:03:09.079+0000] {processor.py:183} INFO - Processing /home/airflow/.local/lib/python3.8/site-packages/airflow/example_dags/tutorial_objectstorage.py took 0.127 seconds
[2026-02-14T22:03:39.237+0000] {processor.py:161} INFO - Started process (PID=21275) to work on /home/airflow/.local/lib/python3.8/site-packages/airflow/example_dags/tutorial_objectstorage.py
[2026-02-14T22:03:39.239+0000] {processor.py:830} INFO - Processing file /home/airflow/.local/lib/python3.8/site-packages/airflow/example_dags/tutorial_objectstorage.py for tasks to queue
[2026-02-14T22:03:39.242+0000] {logging_mixin.py:188} INFO - [2026-02-14T22:03:39.241+0000] {dagbag.py:538} INFO - Filling up the DagBag from /home/airflow/.local/lib/python3.8/site-packages/airflow/example_dags/tutorial_objectstorage.py
[2026-02-14T22:03:39.253+0000] {processor.py:840} INFO - DAG(s) 'tutorial_objectstorage' retrieved from /home/airflow/.local/lib/python3.8/site-packages/airflow/example_dags/tutorial_objectstorage.py
[2026-02-14T22:03:39.285+0000] {logging_mixin.py:188} INFO - [2026-02-14T22:03:39.284+0000] {dag.py:3036} INFO - Sync 1 DAGs
[2026-02-14T22:03:39.309+0000] {logging_mixin.py:188} INFO - [2026-02-14T22:03:39.309+0000] {dag.py:3823} INFO - Setting next_dagrun for tutorial_objectstorage to None, run_after=None
[2026-02-14T22:03:39.338+0000] {processor.py:183} INFO - Processing /home/airflow/.local/lib/python3.8/site-packages/airflow/example_dags/tutorial_objectstorage.py took 0.107 seconds
[2026-02-14T22:04:09.671+0000] {processor.py:161} INFO - Started process (PID=21358) to work on /home/airflow/.local/lib/python3.8/site-packages/airflow/example_dags/tutorial_objectstorage.py
[2026-02-14T22:04:09.673+0000] {processor.py:830} INFO - Processing file /home/airflow/.local/lib/python3.8/site-packages/airflow/example_dags/tutorial_objectstorage.py for tasks to queue
[2026-02-14T22:04:09.679+0000] {logging_mixin.py:188} INFO - [2026-02-14T22:04:09.679+0000] {dagbag.py:538} INFO - Filling up the DagBag from /home/airflow/.local/lib/python3.8/site-packages/airflow/example_dags/tutorial_objectstorage.py
[2026-02-14T22:04:09.694+0000] {processor.py:840} INFO - DAG(s) 'tutorial_objectstorage' retrieved from /home/airflow/.local/lib/python3.8/site-packages/airflow/example_dags/tutorial_objectstorage.py
[2026-02-14T22:04:09.732+0000] {logging_mixin.py:188} INFO - [2026-02-14T22:04:09.732+0000] {dag.py:3036} INFO - Sync 1 DAGs
[2026-02-14T22:04:09.757+0000] {logging_mixin.py:188} INFO - [2026-02-14T22:04:09.756+0000] {dag.py:3823} INFO - Setting next_dagrun for tutorial_objectstorage to None, run_after=None
[2026-02-14T22:04:09.803+0000] {processor.py:183} INFO - Processing /home/airflow/.local/lib/python3.8/site-packages/airflow/example_dags/tutorial_objectstorage.py took 0.139 seconds
[2026-02-14T22:04:40.080+0000] {processor.py:161} INFO - Started process (PID=21441) to work on /home/airflow/.local/lib/python3.8/site-packages/airflow/example_dags/tutorial_objectstorage.py
[2026-02-14T22:04:40.081+0000] {processor.py:830} INFO - Processing file /home/airflow/.local/lib/python3.8/site-packages/airflow/example_dags/tutorial_objectstorage.py for tasks to queue
[2026-02-14T22:04:40.084+0000] {logging_mixin.py:188} INFO - [2026-02-14T22:04:40.083+0000] {dagbag.py:538} INFO - Filling up the DagBag from /home/airflow/.local/lib/python3.8/site-packages/airflow/example_dags/tutorial_objectstorage.py
[2026-02-14T22:04:40.093+0000] {processor.py:840} INFO - DAG(s) 'tutorial_objectstorage' retrieved from /home/airflow/.local/lib/python3.8/site-packages/airflow/example_dags/tutorial_objectstorage.py
[2026-02-14T22:04:40.122+0000] {logging_mixin.py:188} INFO - [2026-02-14T22:04:40.122+0000] {dag.py:3036} INFO - Sync 1 DAGs
[2026-02-14T22:04:40.141+0000] {logging_mixin.py:188} INFO - [2026-02-14T22:04:40.141+0000] {dag.py:3823} INFO - Setting next_dagrun for tutorial_objectstorage to None, run_after=None
[2026-02-14T22:04:40.170+0000] {processor.py:183} INFO - Processing /home/airflow/.local/lib/python3.8/site-packages/airflow/example_dags/tutorial_objectstorage.py took 0.095 seconds
[2026-02-14T22:05:10.377+0000] {processor.py:161} INFO - Started process (PID=21524) to work on /home/airflow/.local/lib/python3.8/site-packages/airflow/example_dags/tutorial_objectstorage.py
[2026-02-14T22:05:10.378+0000] {processor.py:830} INFO - Processing file /home/airflow/.local/lib/python3.8/site-packages/airflow/example_dags/tutorial_objectstorage.py for tasks to queue
[2026-02-14T22:05:10.381+0000] {logging_mixin.py:188} INFO - [2026-02-14T22:05:10.381+0000] {dagbag.py:538} INFO - Filling up the DagBag from /home/airflow/.local/lib/python3.8/site-packages/airflow/example_dags/tutorial_objectstorage.py
[2026-02-14T22:05:10.391+0000] {processor.py:840} INFO - DAG(s) 'tutorial_objectstorage' retrieved from /home/airflow/.local/lib/python3.8/site-packages/airflow/example_dags/tutorial_objectstorage.py
[2026-02-14T22:05:10.422+0000] {logging_mixin.py:188} INFO - [2026-02-14T22:05:10.422+0000] {dag.py:3036} INFO - Sync 1 DAGs
[2026-02-14T22:05:10.441+0000] {logging_mixin.py:188} INFO - [2026-02-14T22:05:10.440+0000] {dag.py:3823} INFO - Setting next_dagrun for tutorial_objectstorage to None, run_after=None
[2026-02-14T22:05:10.468+0000] {processor.py:183} INFO - Processing /home/airflow/.local/lib/python3.8/site-packages/airflow/example_dags/tutorial_objectstorage.py took 0.097 seconds
[2026-02-14T22:05:40.900+0000] {processor.py:161} INFO - Started process (PID=21607) to work on /home/airflow/.local/lib/python3.8/site-packages/airflow/example_dags/tutorial_objectstorage.py
[2026-02-14T22:05:40.902+0000] {processor.py:830} INFO - Processing file /home/airflow/.local/lib/python3.8/site-packages/airflow/example_dags/tutorial_objectstorage.py for tasks to queue
[2026-02-14T22:05:40.905+0000] {logging_mixin.py:188} INFO - [2026-02-14T22:05:40.905+0000] {dagbag.py:538} INFO - Filling up the DagBag from /home/airflow/.local/lib/python3.8/site-packages/airflow/example_dags/tutorial_objectstorage.py
[2026-02-14T22:05:40.917+0000] {processor.py:840} INFO - DAG(s) 'tutorial_objectstorage' retrieved from /home/airflow/.local/lib/python3.8/site-packages/airflow/example_dags/tutorial_objectstorage.py
[2026-02-14T22:05:40.954+0000] {logging_mixin.py:188} INFO - [2026-02-14T22:05:40.954+0000] {dag.py:3036} INFO - Sync 1 DAGs
[2026-02-14T22:05:40.976+0000] {logging_mixin.py:188} INFO - [2026-02-14T22:05:40.976+0000] {dag.py:3823} INFO - Setting next_dagrun for tutorial_objectstorage to None, run_after=None
[2026-02-14T22:05:41.018+0000] {processor.py:183} INFO - Processing /home/airflow/.local/lib/python3.8/site-packages/airflow/example_dags/tutorial_objectstorage.py took 0.124 seconds
[2026-02-14T22:06:11.413+0000] {processor.py:161} INFO - Started process (PID=21691) to work on /home/airflow/.local/lib/python3.8/site-packages/airflow/example_dags/tutorial_objectstorage.py
[2026-02-14T22:06:11.415+0000] {processor.py:830} INFO - Processing file /home/airflow/.local/lib/python3.8/site-packages/airflow/example_dags/tutorial_objectstorage.py for tasks to queue
[2026-02-14T22:06:11.418+0000] {logging_mixin.py:188} INFO - [2026-02-14T22:06:11.417+0000] {dagbag.py:538} INFO - Filling up the DagBag from /home/airflow/.local/lib/python3.8/site-packages/airflow/example_dags/tutorial_objectstorage.py
[2026-02-14T22:06:11.429+0000] {processor.py:840} INFO - DAG(s) 'tutorial_objectstorage' retrieved from /home/airflow/.local/lib/python3.8/site-packages/airflow/example_dags/tutorial_objectstorage.py
[2026-02-14T22:06:11.466+0000] {logging_mixin.py:188} INFO - [2026-02-14T22:06:11.465+0000] {dag.py:3036} INFO - Sync 1 DAGs
[2026-02-14T22:06:11.492+0000] {logging_mixin.py:188} INFO - [2026-02-14T22:06:11.492+0000] {dag.py:3823} INFO - Setting next_dagrun for tutorial_objectstorage to None, run_after=None
[2026-02-14T22:06:11.531+0000] {processor.py:183} INFO - Processing /home/airflow/.local/lib/python3.8/site-packages/airflow/example_dags/tutorial_objectstorage.py took 0.123 seconds
[2026-02-14T22:06:42.093+0000] {processor.py:161} INFO - Started process (PID=21773) to work on /home/airflow/.local/lib/python3.8/site-packages/airflow/example_dags/tutorial_objectstorage.py
[2026-02-14T22:06:42.095+0000] {processor.py:830} INFO - Processing file /home/airflow/.local/lib/python3.8/site-packages/airflow/example_dags/tutorial_objectstorage.py for tasks to queue
[2026-02-14T22:06:42.098+0000] {logging_mixin.py:188} INFO - [2026-02-14T22:06:42.097+0000] {dagbag.py:538} INFO - Filling up the DagBag from /home/airflow/.local/lib/python3.8/site-packages/airflow/example_dags/tutorial_objectstorage.py
[2026-02-14T22:06:42.107+0000] {processor.py:840} INFO - DAG(s) 'tutorial_objectstorage' retrieved from /home/airflow/.local/lib/python3.8/site-packages/airflow/example_dags/tutorial_objectstorage.py
[2026-02-14T22:06:42.143+0000] {logging_mixin.py:188} INFO - [2026-02-14T22:06:42.143+0000] {dag.py:3036} INFO - Sync 1 DAGs
[2026-02-14T22:06:42.164+0000] {logging_mixin.py:188} INFO - [2026-02-14T22:06:42.163+0000] {dag.py:3823} INFO - Setting next_dagrun for tutorial_objectstorage to None, run_after=None
[2026-02-14T22:06:42.193+0000] {processor.py:183} INFO - Processing /home/airflow/.local/lib/python3.8/site-packages/airflow/example_dags/tutorial_objectstorage.py took 0.105 seconds
[2026-02-14T22:07:12.555+0000] {processor.py:161} INFO - Started process (PID=21857) to work on /home/airflow/.local/lib/python3.8/site-packages/airflow/example_dags/tutorial_objectstorage.py
[2026-02-14T22:07:12.556+0000] {processor.py:830} INFO - Processing file /home/airflow/.local/lib/python3.8/site-packages/airflow/example_dags/tutorial_objectstorage.py for tasks to queue
[2026-02-14T22:07:12.559+0000] {logging_mixin.py:188} INFO - [2026-02-14T22:07:12.559+0000] {dagbag.py:538} INFO - Filling up the DagBag from /home/airflow/.local/lib/python3.8/site-packages/airflow/example_dags/tutorial_objectstorage.py
[2026-02-14T22:07:12.570+0000] {processor.py:840} INFO - DAG(s) 'tutorial_objectstorage' retrieved from /home/airflow/.local/lib/python3.8/site-packages/airflow/example_dags/tutorial_objectstorage.py
[2026-02-14T22:07:12.604+0000] {logging_mixin.py:188} INFO - [2026-02-14T22:07:12.604+0000] {dag.py:3036} INFO - Sync 1 DAGs
[2026-02-14T22:07:12.628+0000] {logging_mixin.py:188} INFO - [2026-02-14T22:07:12.628+0000] {dag.py:3823} INFO - Setting next_dagrun for tutorial_objectstorage to None, run_after=None
[2026-02-14T22:07:12.666+0000] {processor.py:183} INFO - Processing /home/airflow/.local/lib/python3.8/site-packages/airflow/example_dags/tutorial_objectstorage.py took 0.117 seconds
[2026-02-14T22:07:43.067+0000] {processor.py:161} INFO - Started process (PID=21948) to work on /home/airflow/.local/lib/python3.8/site-packages/airflow/example_dags/tutorial_objectstorage.py
[2026-02-14T22:07:43.069+0000] {processor.py:830} INFO - Processing file /home/airflow/.local/lib/python3.8/site-packages/airflow/example_dags/tutorial_objectstorage.py for tasks to queue
[2026-02-14T22:07:43.072+0000] {logging_mixin.py:188} INFO - [2026-02-14T22:07:43.071+0000] {dagbag.py:538} INFO - Filling up the DagBag from /home/airflow/.local/lib/python3.8/site-packages/airflow/example_dags/tutorial_objectstorage.py
[2026-02-14T22:07:43.082+0000] {processor.py:840} INFO - DAG(s) 'tutorial_objectstorage' retrieved from /home/airflow/.local/lib/python3.8/site-packages/airflow/example_dags/tutorial_objectstorage.py
[2026-02-14T22:07:43.119+0000] {logging_mixin.py:188} INFO - [2026-02-14T22:07:43.119+0000] {dag.py:3036} INFO - Sync 1 DAGs
[2026-02-14T22:07:43.144+0000] {logging_mixin.py:188} INFO - [2026-02-14T22:07:43.144+0000] {dag.py:3823} INFO - Setting next_dagrun for tutorial_objectstorage to None, run_after=None
[2026-02-14T22:07:43.179+0000] {processor.py:183} INFO - Processing /home/airflow/.local/lib/python3.8/site-packages/airflow/example_dags/tutorial_objectstorage.py took 0.118 seconds
[2026-02-14T22:08:13.692+0000] {processor.py:161} INFO - Started process (PID=22031) to work on /home/airflow/.local/lib/python3.8/site-packages/airflow/example_dags/tutorial_objectstorage.py
[2026-02-14T22:08:13.694+0000] {processor.py:830} INFO - Processing file /home/airflow/.local/lib/python3.8/site-packages/airflow/example_dags/tutorial_objectstorage.py for tasks to queue
[2026-02-14T22:08:13.697+0000] {logging_mixin.py:188} INFO - [2026-02-14T22:08:13.697+0000] {dagbag.py:538} INFO - Filling up the DagBag from /home/airflow/.local/lib/python3.8/site-packages/airflow/example_dags/tutorial_objectstorage.py
[2026-02-14T22:08:13.710+0000] {processor.py:840} INFO - DAG(s) 'tutorial_objectstorage' retrieved from /home/airflow/.local/lib/python3.8/site-packages/airflow/example_dags/tutorial_objectstorage.py
[2026-02-14T22:08:13.746+0000] {logging_mixin.py:188} INFO - [2026-02-14T22:08:13.746+0000] {dag.py:3036} INFO - Sync 1 DAGs
[2026-02-14T22:08:13.770+0000] {logging_mixin.py:188} INFO - [2026-02-14T22:08:13.770+0000] {dag.py:3823} INFO - Setting next_dagrun for tutorial_objectstorage to None, run_after=None
[2026-02-14T22:08:13.808+0000] {processor.py:183} INFO - Processing /home/airflow/.local/lib/python3.8/site-packages/airflow/example_dags/tutorial_objectstorage.py took 0.120 seconds
[2026-02-14T22:08:44.149+0000] {processor.py:161} INFO - Started process (PID=22113) to work on /home/airflow/.local/lib/python3.8/site-packages/airflow/example_dags/tutorial_objectstorage.py
[2026-02-14T22:08:44.151+0000] {processor.py:830} INFO - Processing file /home/airflow/.local/lib/python3.8/site-packages/airflow/example_dags/tutorial_objectstorage.py for tasks to queue
[2026-02-14T22:08:44.154+0000] {logging_mixin.py:188} INFO - [2026-02-14T22:08:44.154+0000] {dagbag.py:538} INFO - Filling up the DagBag from /home/airflow/.local/lib/python3.8/site-packages/airflow/example_dags/tutorial_objectstorage.py
[2026-02-14T22:08:44.167+0000] {processor.py:840} INFO - DAG(s) 'tutorial_objectstorage' retrieved from /home/airflow/.local/lib/python3.8/site-packages/airflow/example_dags/tutorial_objectstorage.py
[2026-02-14T22:08:44.201+0000] {logging_mixin.py:188} INFO - [2026-02-14T22:08:44.201+0000] {dag.py:3036} INFO - Sync 1 DAGs
[2026-02-14T22:08:44.228+0000] {logging_mixin.py:188} INFO - [2026-02-14T22:08:44.227+0000] {dag.py:3823} INFO - Setting next_dagrun for tutorial_objectstorage to None, run_after=None
[2026-02-14T22:08:44.262+0000] {processor.py:183} INFO - Processing /home/airflow/.local/lib/python3.8/site-packages/airflow/example_dags/tutorial_objectstorage.py took 0.119 seconds
[2026-02-14T22:09:14.772+0000] {processor.py:161} INFO - Started process (PID=22196) to work on /home/airflow/.local/lib/python3.8/site-packages/airflow/example_dags/tutorial_objectstorage.py
[2026-02-14T22:09:14.774+0000] {processor.py:830} INFO - Processing file /home/airflow/.local/lib/python3.8/site-packages/airflow/example_dags/tutorial_objectstorage.py for tasks to queue
[2026-02-14T22:09:14.776+0000] {logging_mixin.py:188} INFO - [2026-02-14T22:09:14.776+0000] {dagbag.py:538} INFO - Filling up the DagBag from /home/airflow/.local/lib/python3.8/site-packages/airflow/example_dags/tutorial_objectstorage.py
[2026-02-14T22:09:14.788+0000] {processor.py:840} INFO - DAG(s) 'tutorial_objectstorage' retrieved from /home/airflow/.local/lib/python3.8/site-packages/airflow/example_dags/tutorial_objectstorage.py
[2026-02-14T22:09:14.820+0000] {logging_mixin.py:188} INFO - [2026-02-14T22:09:14.820+0000] {dag.py:3036} INFO - Sync 1 DAGs
[2026-02-14T22:09:14.842+0000] {logging_mixin.py:188} INFO - [2026-02-14T22:09:14.842+0000] {dag.py:3823} INFO - Setting next_dagrun for tutorial_objectstorage to None, run_after=None
[2026-02-14T22:09:14.872+0000] {processor.py:183} INFO - Processing /home/airflow/.local/lib/python3.8/site-packages/airflow/example_dags/tutorial_objectstorage.py took 0.106 seconds
[2026-02-14T22:09:45.138+0000] {processor.py:161} INFO - Started process (PID=22279) to work on /home/airflow/.local/lib/python3.8/site-packages/airflow/example_dags/tutorial_objectstorage.py
[2026-02-14T22:09:45.140+0000] {processor.py:830} INFO - Processing file /home/airflow/.local/lib/python3.8/site-packages/airflow/example_dags/tutorial_objectstorage.py for tasks to queue
[2026-02-14T22:09:45.143+0000] {logging_mixin.py:188} INFO - [2026-02-14T22:09:45.142+0000] {dagbag.py:538} INFO - Filling up the DagBag from /home/airflow/.local/lib/python3.8/site-packages/airflow/example_dags/tutorial_objectstorage.py
[2026-02-14T22:09:45.155+0000] {processor.py:840} INFO - DAG(s) 'tutorial_objectstorage' retrieved from /home/airflow/.local/lib/python3.8/site-packages/airflow/example_dags/tutorial_objectstorage.py
[2026-02-14T22:09:45.190+0000] {logging_mixin.py:188} INFO - [2026-02-14T22:09:45.190+0000] {dag.py:3036} INFO - Sync 1 DAGs
[2026-02-14T22:09:45.214+0000] {logging_mixin.py:188} INFO - [2026-02-14T22:09:45.214+0000] {dag.py:3823} INFO - Setting next_dagrun for tutorial_objectstorage to None, run_after=None
[2026-02-14T22:09:45.252+0000] {processor.py:183} INFO - Processing /home/airflow/.local/lib/python3.8/site-packages/airflow/example_dags/tutorial_objectstorage.py took 0.120 seconds
[2026-02-14T22:10:15.590+0000] {processor.py:161} INFO - Started process (PID=22361) to work on /home/airflow/.local/lib/python3.8/site-packages/airflow/example_dags/tutorial_objectstorage.py
[2026-02-14T22:10:15.591+0000] {processor.py:830} INFO - Processing file /home/airflow/.local/lib/python3.8/site-packages/airflow/example_dags/tutorial_objectstorage.py for tasks to queue
[2026-02-14T22:10:15.594+0000] {logging_mixin.py:188} INFO - [2026-02-14T22:10:15.593+0000] {dagbag.py:538} INFO - Filling up the DagBag from /home/airflow/.local/lib/python3.8/site-packages/airflow/example_dags/tutorial_objectstorage.py
[2026-02-14T22:10:15.604+0000] {processor.py:840} INFO - DAG(s) 'tutorial_objectstorage' retrieved from /home/airflow/.local/lib/python3.8/site-packages/airflow/example_dags/tutorial_objectstorage.py
[2026-02-14T22:10:15.634+0000] {logging_mixin.py:188} INFO - [2026-02-14T22:10:15.633+0000] {dag.py:3036} INFO - Sync 1 DAGs
[2026-02-14T22:10:15.656+0000] {logging_mixin.py:188} INFO - [2026-02-14T22:10:15.655+0000] {dag.py:3823} INFO - Setting next_dagrun for tutorial_objectstorage to None, run_after=None
[2026-02-14T22:10:15.684+0000] {processor.py:183} INFO - Processing /home/airflow/.local/lib/python3.8/site-packages/airflow/example_dags/tutorial_objectstorage.py took 0.100 seconds
[2026-02-14T22:10:45.900+0000] {processor.py:161} INFO - Started process (PID=22446) to work on /home/airflow/.local/lib/python3.8/site-packages/airflow/example_dags/tutorial_objectstorage.py
[2026-02-14T22:10:45.902+0000] {processor.py:830} INFO - Processing file /home/airflow/.local/lib/python3.8/site-packages/airflow/example_dags/tutorial_objectstorage.py for tasks to queue
[2026-02-14T22:10:45.905+0000] {logging_mixin.py:188} INFO - [2026-02-14T22:10:45.904+0000] {dagbag.py:538} INFO - Filling up the DagBag from /home/airflow/.local/lib/python3.8/site-packages/airflow/example_dags/tutorial_objectstorage.py
[2026-02-14T22:10:45.915+0000] {processor.py:840} INFO - DAG(s) 'tutorial_objectstorage' retrieved from /home/airflow/.local/lib/python3.8/site-packages/airflow/example_dags/tutorial_objectstorage.py
[2026-02-14T22:10:45.947+0000] {logging_mixin.py:188} INFO - [2026-02-14T22:10:45.946+0000] {dag.py:3036} INFO - Sync 1 DAGs
[2026-02-14T22:10:45.967+0000] {logging_mixin.py:188} INFO - [2026-02-14T22:10:45.967+0000] {dag.py:3823} INFO - Setting next_dagrun for tutorial_objectstorage to None, run_after=None
[2026-02-14T22:10:45.998+0000] {processor.py:183} INFO - Processing /home/airflow/.local/lib/python3.8/site-packages/airflow/example_dags/tutorial_objectstorage.py took 0.103 seconds
[2026-02-14T22:11:16.345+0000] {processor.py:161} INFO - Started process (PID=22529) to work on /home/airflow/.local/lib/python3.8/site-packages/airflow/example_dags/tutorial_objectstorage.py
[2026-02-14T22:11:16.347+0000] {processor.py:830} INFO - Processing file /home/airflow/.local/lib/python3.8/site-packages/airflow/example_dags/tutorial_objectstorage.py for tasks to queue
[2026-02-14T22:11:16.349+0000] {logging_mixin.py:188} INFO - [2026-02-14T22:11:16.349+0000] {dagbag.py:538} INFO - Filling up the DagBag from /home/airflow/.local/lib/python3.8/site-packages/airflow/example_dags/tutorial_objectstorage.py
[2026-02-14T22:11:16.361+0000] {processor.py:840} INFO - DAG(s) 'tutorial_objectstorage' retrieved from /home/airflow/.local/lib/python3.8/site-packages/airflow/example_dags/tutorial_objectstorage.py
[2026-02-14T22:11:16.392+0000] {logging_mixin.py:188} INFO - [2026-02-14T22:11:16.392+0000] {dag.py:3036} INFO - Sync 1 DAGs
[2026-02-14T22:11:16.412+0000] {logging_mixin.py:188} INFO - [2026-02-14T22:11:16.411+0000] {dag.py:3823} INFO - Setting next_dagrun for tutorial_objectstorage to None, run_after=None
[2026-02-14T22:11:16.445+0000] {processor.py:183} INFO - Processing /home/airflow/.local/lib/python3.8/site-packages/airflow/example_dags/tutorial_objectstorage.py took 0.105 seconds
[2026-02-14T22:11:47.002+0000] {processor.py:161} INFO - Started process (PID=22612) to work on /home/airflow/.local/lib/python3.8/site-packages/airflow/example_dags/tutorial_objectstorage.py
[2026-02-14T22:11:47.004+0000] {processor.py:830} INFO - Processing file /home/airflow/.local/lib/python3.8/site-packages/airflow/example_dags/tutorial_objectstorage.py for tasks to queue
[2026-02-14T22:11:47.007+0000] {logging_mixin.py:188} INFO - [2026-02-14T22:11:47.006+0000] {dagbag.py:538} INFO - Filling up the DagBag from /home/airflow/.local/lib/python3.8/site-packages/airflow/example_dags/tutorial_objectstorage.py
[2026-02-14T22:11:47.018+0000] {processor.py:840} INFO - DAG(s) 'tutorial_objectstorage' retrieved from /home/airflow/.local/lib/python3.8/site-packages/airflow/example_dags/tutorial_objectstorage.py
[2026-02-14T22:11:47.052+0000] {logging_mixin.py:188} INFO - [2026-02-14T22:11:47.051+0000] {dag.py:3036} INFO - Sync 1 DAGs
[2026-02-14T22:11:47.073+0000] {logging_mixin.py:188} INFO - [2026-02-14T22:11:47.073+0000] {dag.py:3823} INFO - Setting next_dagrun for tutorial_objectstorage to None, run_after=None
[2026-02-14T22:11:47.104+0000] {processor.py:183} INFO - Processing /home/airflow/.local/lib/python3.8/site-packages/airflow/example_dags/tutorial_objectstorage.py took 0.107 seconds
[2026-02-14T22:12:17.491+0000] {processor.py:161} INFO - Started process (PID=22703) to work on /home/airflow/.local/lib/python3.8/site-packages/airflow/example_dags/tutorial_objectstorage.py
[2026-02-14T22:12:17.493+0000] {processor.py:830} INFO - Processing file /home/airflow/.local/lib/python3.8/site-packages/airflow/example_dags/tutorial_objectstorage.py for tasks to queue
[2026-02-14T22:12:17.497+0000] {logging_mixin.py:188} INFO - [2026-02-14T22:12:17.496+0000] {dagbag.py:538} INFO - Filling up the DagBag from /home/airflow/.local/lib/python3.8/site-packages/airflow/example_dags/tutorial_objectstorage.py
[2026-02-14T22:12:17.509+0000] {processor.py:840} INFO - DAG(s) 'tutorial_objectstorage' retrieved from /home/airflow/.local/lib/python3.8/site-packages/airflow/example_dags/tutorial_objectstorage.py
[2026-02-14T22:12:17.546+0000] {logging_mixin.py:188} INFO - [2026-02-14T22:12:17.546+0000] {dag.py:3036} INFO - Sync 1 DAGs
[2026-02-14T22:12:17.582+0000] {logging_mixin.py:188} INFO - [2026-02-14T22:12:17.581+0000] {dag.py:3823} INFO - Setting next_dagrun for tutorial_objectstorage to None, run_after=None
[2026-02-14T22:12:17.621+0000] {processor.py:183} INFO - Processing /home/airflow/.local/lib/python3.8/site-packages/airflow/example_dags/tutorial_objectstorage.py took 0.136 seconds
[2026-02-14T22:12:48.087+0000] {processor.py:161} INFO - Started process (PID=22787) to work on /home/airflow/.local/lib/python3.8/site-packages/airflow/example_dags/tutorial_objectstorage.py
[2026-02-14T22:12:48.089+0000] {processor.py:830} INFO - Processing file /home/airflow/.local/lib/python3.8/site-packages/airflow/example_dags/tutorial_objectstorage.py for tasks to queue
[2026-02-14T22:12:48.092+0000] {logging_mixin.py:188} INFO - [2026-02-14T22:12:48.092+0000] {dagbag.py:538} INFO - Filling up the DagBag from /home/airflow/.local/lib/python3.8/site-packages/airflow/example_dags/tutorial_objectstorage.py
[2026-02-14T22:12:48.105+0000] {processor.py:840} INFO - DAG(s) 'tutorial_objectstorage' retrieved from /home/airflow/.local/lib/python3.8/site-packages/airflow/example_dags/tutorial_objectstorage.py
[2026-02-14T22:12:48.141+0000] {logging_mixin.py:188} INFO - [2026-02-14T22:12:48.140+0000] {dag.py:3036} INFO - Sync 1 DAGs
[2026-02-14T22:12:48.166+0000] {logging_mixin.py:188} INFO - [2026-02-14T22:12:48.166+0000] {dag.py:3823} INFO - Setting next_dagrun for tutorial_objectstorage to None, run_after=None
[2026-02-14T22:12:48.200+0000] {processor.py:183} INFO - Processing /home/airflow/.local/lib/python3.8/site-packages/airflow/example_dags/tutorial_objectstorage.py took 0.120 seconds
[2026-02-14T22:13:18.898+0000] {processor.py:161} INFO - Started process (PID=22870) to work on /home/airflow/.local/lib/python3.8/site-packages/airflow/example_dags/tutorial_objectstorage.py
[2026-02-14T22:13:18.900+0000] {processor.py:830} INFO - Processing file /home/airflow/.local/lib/python3.8/site-packages/airflow/example_dags/tutorial_objectstorage.py for tasks to queue
[2026-02-14T22:13:18.902+0000] {logging_mixin.py:188} INFO - [2026-02-14T22:13:18.902+0000] {dagbag.py:538} INFO - Filling up the DagBag from /home/airflow/.local/lib/python3.8/site-packages/airflow/example_dags/tutorial_objectstorage.py
[2026-02-14T22:13:18.913+0000] {processor.py:840} INFO - DAG(s) 'tutorial_objectstorage' retrieved from /home/airflow/.local/lib/python3.8/site-packages/airflow/example_dags/tutorial_objectstorage.py
[2026-02-14T22:13:18.947+0000] {logging_mixin.py:188} INFO - [2026-02-14T22:13:18.947+0000] {dag.py:3036} INFO - Sync 1 DAGs
[2026-02-14T22:13:18.968+0000] {logging_mixin.py:188} INFO - [2026-02-14T22:13:18.968+0000] {dag.py:3823} INFO - Setting next_dagrun for tutorial_objectstorage to None, run_after=None
[2026-02-14T22:13:19.001+0000] {processor.py:183} INFO - Processing /home/airflow/.local/lib/python3.8/site-packages/airflow/example_dags/tutorial_objectstorage.py took 0.108 seconds
[2026-02-14T22:13:49.264+0000] {processor.py:161} INFO - Started process (PID=22953) to work on /home/airflow/.local/lib/python3.8/site-packages/airflow/example_dags/tutorial_objectstorage.py
[2026-02-14T22:13:49.265+0000] {processor.py:830} INFO - Processing file /home/airflow/.local/lib/python3.8/site-packages/airflow/example_dags/tutorial_objectstorage.py for tasks to queue
[2026-02-14T22:13:49.268+0000] {logging_mixin.py:188} INFO - [2026-02-14T22:13:49.267+0000] {dagbag.py:538} INFO - Filling up the DagBag from /home/airflow/.local/lib/python3.8/site-packages/airflow/example_dags/tutorial_objectstorage.py
[2026-02-14T22:13:49.278+0000] {processor.py:840} INFO - DAG(s) 'tutorial_objectstorage' retrieved from /home/airflow/.local/lib/python3.8/site-packages/airflow/example_dags/tutorial_objectstorage.py
[2026-02-14T22:13:49.311+0000] {logging_mixin.py:188} INFO - [2026-02-14T22:13:49.311+0000] {dag.py:3036} INFO - Sync 1 DAGs
[2026-02-14T22:13:49.333+0000] {logging_mixin.py:188} INFO - [2026-02-14T22:13:49.333+0000] {dag.py:3823} INFO - Setting next_dagrun for tutorial_objectstorage to None, run_after=None
[2026-02-14T22:13:49.363+0000] {processor.py:183} INFO - Processing /home/airflow/.local/lib/python3.8/site-packages/airflow/example_dags/tutorial_objectstorage.py took 0.105 seconds
[2026-02-14T22:14:20.062+0000] {processor.py:161} INFO - Started process (PID=23034) to work on /home/airflow/.local/lib/python3.8/site-packages/airflow/example_dags/tutorial_objectstorage.py
[2026-02-14T22:14:20.063+0000] {processor.py:830} INFO - Processing file /home/airflow/.local/lib/python3.8/site-packages/airflow/example_dags/tutorial_objectstorage.py for tasks to queue
[2026-02-14T22:14:20.066+0000] {logging_mixin.py:188} INFO - [2026-02-14T22:14:20.066+0000] {dagbag.py:538} INFO - Filling up the DagBag from /home/airflow/.local/lib/python3.8/site-packages/airflow/example_dags/tutorial_objectstorage.py
[2026-02-14T22:14:20.077+0000] {processor.py:840} INFO - DAG(s) 'tutorial_objectstorage' retrieved from /home/airflow/.local/lib/python3.8/site-packages/airflow/example_dags/tutorial_objectstorage.py
[2026-02-14T22:14:20.109+0000] {logging_mixin.py:188} INFO - [2026-02-14T22:14:20.109+0000] {dag.py:3036} INFO - Sync 1 DAGs
[2026-02-14T22:14:20.130+0000] {logging_mixin.py:188} INFO - [2026-02-14T22:14:20.129+0000] {dag.py:3823} INFO - Setting next_dagrun for tutorial_objectstorage to None, run_after=None
[2026-02-14T22:14:20.157+0000] {processor.py:183} INFO - Processing /home/airflow/.local/lib/python3.8/site-packages/airflow/example_dags/tutorial_objectstorage.py took 0.100 seconds
[2026-02-14T22:14:50.382+0000] {processor.py:161} INFO - Started process (PID=23117) to work on /home/airflow/.local/lib/python3.8/site-packages/airflow/example_dags/tutorial_objectstorage.py
[2026-02-14T22:14:50.383+0000] {processor.py:830} INFO - Processing file /home/airflow/.local/lib/python3.8/site-packages/airflow/example_dags/tutorial_objectstorage.py for tasks to queue
[2026-02-14T22:14:50.385+0000] {logging_mixin.py:188} INFO - [2026-02-14T22:14:50.385+0000] {dagbag.py:538} INFO - Filling up the DagBag from /home/airflow/.local/lib/python3.8/site-packages/airflow/example_dags/tutorial_objectstorage.py
[2026-02-14T22:14:50.395+0000] {processor.py:840} INFO - DAG(s) 'tutorial_objectstorage' retrieved from /home/airflow/.local/lib/python3.8/site-packages/airflow/example_dags/tutorial_objectstorage.py
[2026-02-14T22:14:50.424+0000] {logging_mixin.py:188} INFO - [2026-02-14T22:14:50.424+0000] {dag.py:3036} INFO - Sync 1 DAGs
[2026-02-14T22:14:50.444+0000] {logging_mixin.py:188} INFO - [2026-02-14T22:14:50.443+0000] {dag.py:3823} INFO - Setting next_dagrun for tutorial_objectstorage to None, run_after=None
[2026-02-14T22:14:50.475+0000] {processor.py:183} INFO - Processing /home/airflow/.local/lib/python3.8/site-packages/airflow/example_dags/tutorial_objectstorage.py took 0.099 seconds
[2026-02-14T22:15:20.745+0000] {processor.py:161} INFO - Started process (PID=23201) to work on /home/airflow/.local/lib/python3.8/site-packages/airflow/example_dags/tutorial_objectstorage.py
[2026-02-14T22:15:20.747+0000] {processor.py:830} INFO - Processing file /home/airflow/.local/lib/python3.8/site-packages/airflow/example_dags/tutorial_objectstorage.py for tasks to queue
[2026-02-14T22:15:20.750+0000] {logging_mixin.py:188} INFO - [2026-02-14T22:15:20.749+0000] {dagbag.py:538} INFO - Filling up the DagBag from /home/airflow/.local/lib/python3.8/site-packages/airflow/example_dags/tutorial_objectstorage.py
[2026-02-14T22:15:20.760+0000] {processor.py:840} INFO - DAG(s) 'tutorial_objectstorage' retrieved from /home/airflow/.local/lib/python3.8/site-packages/airflow/example_dags/tutorial_objectstorage.py
[2026-02-14T22:15:20.791+0000] {logging_mixin.py:188} INFO - [2026-02-14T22:15:20.790+0000] {dag.py:3036} INFO - Sync 1 DAGs
[2026-02-14T22:15:20.810+0000] {logging_mixin.py:188} INFO - [2026-02-14T22:15:20.810+0000] {dag.py:3823} INFO - Setting next_dagrun for tutorial_objectstorage to None, run_after=None
[2026-02-14T22:15:20.840+0000] {processor.py:183} INFO - Processing /home/airflow/.local/lib/python3.8/site-packages/airflow/example_dags/tutorial_objectstorage.py took 0.100 seconds
[2026-02-14T22:15:51.066+0000] {processor.py:161} INFO - Started process (PID=23283) to work on /home/airflow/.local/lib/python3.8/site-packages/airflow/example_dags/tutorial_objectstorage.py
[2026-02-14T22:15:51.067+0000] {processor.py:830} INFO - Processing file /home/airflow/.local/lib/python3.8/site-packages/airflow/example_dags/tutorial_objectstorage.py for tasks to queue
[2026-02-14T22:15:51.071+0000] {logging_mixin.py:188} INFO - [2026-02-14T22:15:51.070+0000] {dagbag.py:538} INFO - Filling up the DagBag from /home/airflow/.local/lib/python3.8/site-packages/airflow/example_dags/tutorial_objectstorage.py
[2026-02-14T22:15:51.083+0000] {processor.py:840} INFO - DAG(s) 'tutorial_objectstorage' retrieved from /home/airflow/.local/lib/python3.8/site-packages/airflow/example_dags/tutorial_objectstorage.py
[2026-02-14T22:15:51.117+0000] {logging_mixin.py:188} INFO - [2026-02-14T22:15:51.117+0000] {dag.py:3036} INFO - Sync 1 DAGs
[2026-02-14T22:15:51.142+0000] {logging_mixin.py:188} INFO - [2026-02-14T22:15:51.141+0000] {dag.py:3823} INFO - Setting next_dagrun for tutorial_objectstorage to None, run_after=None
[2026-02-14T22:15:51.173+0000] {processor.py:183} INFO - Processing /home/airflow/.local/lib/python3.8/site-packages/airflow/example_dags/tutorial_objectstorage.py took 0.113 seconds
[2026-02-14T22:16:21.484+0000] {processor.py:161} INFO - Started process (PID=23366) to work on /home/airflow/.local/lib/python3.8/site-packages/airflow/example_dags/tutorial_objectstorage.py
[2026-02-14T22:16:21.486+0000] {processor.py:830} INFO - Processing file /home/airflow/.local/lib/python3.8/site-packages/airflow/example_dags/tutorial_objectstorage.py for tasks to queue
[2026-02-14T22:16:21.490+0000] {logging_mixin.py:188} INFO - [2026-02-14T22:16:21.489+0000] {dagbag.py:538} INFO - Filling up the DagBag from /home/airflow/.local/lib/python3.8/site-packages/airflow/example_dags/tutorial_objectstorage.py
[2026-02-14T22:16:21.500+0000] {processor.py:840} INFO - DAG(s) 'tutorial_objectstorage' retrieved from /home/airflow/.local/lib/python3.8/site-packages/airflow/example_dags/tutorial_objectstorage.py
[2026-02-14T22:16:21.532+0000] {logging_mixin.py:188} INFO - [2026-02-14T22:16:21.531+0000] {dag.py:3036} INFO - Sync 1 DAGs
[2026-02-14T22:16:21.554+0000] {logging_mixin.py:188} INFO - [2026-02-14T22:16:21.554+0000] {dag.py:3823} INFO - Setting next_dagrun for tutorial_objectstorage to None, run_after=None
[2026-02-14T22:16:21.586+0000] {processor.py:183} INFO - Processing /home/airflow/.local/lib/python3.8/site-packages/airflow/example_dags/tutorial_objectstorage.py took 0.108 seconds
[2026-02-14T22:16:51.906+0000] {processor.py:161} INFO - Started process (PID=23449) to work on /home/airflow/.local/lib/python3.8/site-packages/airflow/example_dags/tutorial_objectstorage.py
[2026-02-14T22:16:51.907+0000] {processor.py:830} INFO - Processing file /home/airflow/.local/lib/python3.8/site-packages/airflow/example_dags/tutorial_objectstorage.py for tasks to queue
[2026-02-14T22:16:51.910+0000] {logging_mixin.py:188} INFO - [2026-02-14T22:16:51.909+0000] {dagbag.py:538} INFO - Filling up the DagBag from /home/airflow/.local/lib/python3.8/site-packages/airflow/example_dags/tutorial_objectstorage.py
[2026-02-14T22:16:51.920+0000] {processor.py:840} INFO - DAG(s) 'tutorial_objectstorage' retrieved from /home/airflow/.local/lib/python3.8/site-packages/airflow/example_dags/tutorial_objectstorage.py
[2026-02-14T22:16:51.950+0000] {logging_mixin.py:188} INFO - [2026-02-14T22:16:51.949+0000] {dag.py:3036} INFO - Sync 1 DAGs
[2026-02-14T22:16:51.971+0000] {logging_mixin.py:188} INFO - [2026-02-14T22:16:51.971+0000] {dag.py:3823} INFO - Setting next_dagrun for tutorial_objectstorage to None, run_after=None
[2026-02-14T22:16:51.998+0000] {processor.py:183} INFO - Processing /home/airflow/.local/lib/python3.8/site-packages/airflow/example_dags/tutorial_objectstorage.py took 0.097 seconds
[2026-02-14T22:17:22.760+0000] {processor.py:161} INFO - Started process (PID=23540) to work on /home/airflow/.local/lib/python3.8/site-packages/airflow/example_dags/tutorial_objectstorage.py
[2026-02-14T22:17:22.762+0000] {processor.py:830} INFO - Processing file /home/airflow/.local/lib/python3.8/site-packages/airflow/example_dags/tutorial_objectstorage.py for tasks to queue
[2026-02-14T22:17:22.765+0000] {logging_mixin.py:188} INFO - [2026-02-14T22:17:22.764+0000] {dagbag.py:538} INFO - Filling up the DagBag from /home/airflow/.local/lib/python3.8/site-packages/airflow/example_dags/tutorial_objectstorage.py
[2026-02-14T22:17:22.776+0000] {processor.py:840} INFO - DAG(s) 'tutorial_objectstorage' retrieved from /home/airflow/.local/lib/python3.8/site-packages/airflow/example_dags/tutorial_objectstorage.py
[2026-02-14T22:17:22.815+0000] {logging_mixin.py:188} INFO - [2026-02-14T22:17:22.815+0000] {dag.py:3036} INFO - Sync 1 DAGs
[2026-02-14T22:17:22.849+0000] {logging_mixin.py:188} INFO - [2026-02-14T22:17:22.849+0000] {dag.py:3823} INFO - Setting next_dagrun for tutorial_objectstorage to None, run_after=None
[2026-02-14T22:17:22.899+0000] {processor.py:183} INFO - Processing /home/airflow/.local/lib/python3.8/site-packages/airflow/example_dags/tutorial_objectstorage.py took 0.154 seconds
[2026-02-14T22:17:53.354+0000] {processor.py:161} INFO - Started process (PID=23622) to work on /home/airflow/.local/lib/python3.8/site-packages/airflow/example_dags/tutorial_objectstorage.py
[2026-02-14T22:17:53.355+0000] {processor.py:830} INFO - Processing file /home/airflow/.local/lib/python3.8/site-packages/airflow/example_dags/tutorial_objectstorage.py for tasks to queue
[2026-02-14T22:17:53.358+0000] {logging_mixin.py:188} INFO - [2026-02-14T22:17:53.357+0000] {dagbag.py:538} INFO - Filling up the DagBag from /home/airflow/.local/lib/python3.8/site-packages/airflow/example_dags/tutorial_objectstorage.py
[2026-02-14T22:17:53.369+0000] {processor.py:840} INFO - DAG(s) 'tutorial_objectstorage' retrieved from /home/airflow/.local/lib/python3.8/site-packages/airflow/example_dags/tutorial_objectstorage.py
[2026-02-14T22:17:53.403+0000] {logging_mixin.py:188} INFO - [2026-02-14T22:17:53.403+0000] {dag.py:3036} INFO - Sync 1 DAGs
[2026-02-14T22:17:53.425+0000] {logging_mixin.py:188} INFO - [2026-02-14T22:17:53.425+0000] {dag.py:3823} INFO - Setting next_dagrun for tutorial_objectstorage to None, run_after=None
[2026-02-14T22:17:53.459+0000] {processor.py:183} INFO - Processing /home/airflow/.local/lib/python3.8/site-packages/airflow/example_dags/tutorial_objectstorage.py took 0.111 seconds
[2026-02-14T22:18:23.948+0000] {processor.py:161} INFO - Started process (PID=23705) to work on /home/airflow/.local/lib/python3.8/site-packages/airflow/example_dags/tutorial_objectstorage.py
[2026-02-14T22:18:23.949+0000] {processor.py:830} INFO - Processing file /home/airflow/.local/lib/python3.8/site-packages/airflow/example_dags/tutorial_objectstorage.py for tasks to queue
[2026-02-14T22:18:23.953+0000] {logging_mixin.py:188} INFO - [2026-02-14T22:18:23.952+0000] {dagbag.py:538} INFO - Filling up the DagBag from /home/airflow/.local/lib/python3.8/site-packages/airflow/example_dags/tutorial_objectstorage.py
[2026-02-14T22:18:23.963+0000] {processor.py:840} INFO - DAG(s) 'tutorial_objectstorage' retrieved from /home/airflow/.local/lib/python3.8/site-packages/airflow/example_dags/tutorial_objectstorage.py
[2026-02-14T22:18:23.995+0000] {logging_mixin.py:188} INFO - [2026-02-14T22:18:23.995+0000] {dag.py:3036} INFO - Sync 1 DAGs
[2026-02-14T22:18:24.017+0000] {logging_mixin.py:188} INFO - [2026-02-14T22:18:24.016+0000] {dag.py:3823} INFO - Setting next_dagrun for tutorial_objectstorage to None, run_after=None
[2026-02-14T22:18:24.045+0000] {processor.py:183} INFO - Processing /home/airflow/.local/lib/python3.8/site-packages/airflow/example_dags/tutorial_objectstorage.py took 0.103 seconds
[2026-02-14T22:18:54.388+0000] {processor.py:161} INFO - Started process (PID=23788) to work on /home/airflow/.local/lib/python3.8/site-packages/airflow/example_dags/tutorial_objectstorage.py
[2026-02-14T22:18:54.390+0000] {processor.py:830} INFO - Processing file /home/airflow/.local/lib/python3.8/site-packages/airflow/example_dags/tutorial_objectstorage.py for tasks to queue
[2026-02-14T22:18:54.392+0000] {logging_mixin.py:188} INFO - [2026-02-14T22:18:54.392+0000] {dagbag.py:538} INFO - Filling up the DagBag from /home/airflow/.local/lib/python3.8/site-packages/airflow/example_dags/tutorial_objectstorage.py
[2026-02-14T22:18:54.402+0000] {processor.py:840} INFO - DAG(s) 'tutorial_objectstorage' retrieved from /home/airflow/.local/lib/python3.8/site-packages/airflow/example_dags/tutorial_objectstorage.py
[2026-02-14T22:18:54.440+0000] {logging_mixin.py:188} INFO - [2026-02-14T22:18:54.439+0000] {dag.py:3036} INFO - Sync 1 DAGs
[2026-02-14T22:18:54.473+0000] {logging_mixin.py:188} INFO - [2026-02-14T22:18:54.472+0000] {dag.py:3823} INFO - Setting next_dagrun for tutorial_objectstorage to None, run_after=None
[2026-02-14T22:18:54.508+0000] {processor.py:183} INFO - Processing /home/airflow/.local/lib/python3.8/site-packages/airflow/example_dags/tutorial_objectstorage.py took 0.125 seconds
[2026-02-14T22:19:24.792+0000] {processor.py:161} INFO - Started process (PID=23869) to work on /home/airflow/.local/lib/python3.8/site-packages/airflow/example_dags/tutorial_objectstorage.py
[2026-02-14T22:19:24.794+0000] {processor.py:830} INFO - Processing file /home/airflow/.local/lib/python3.8/site-packages/airflow/example_dags/tutorial_objectstorage.py for tasks to queue
[2026-02-14T22:19:24.797+0000] {logging_mixin.py:188} INFO - [2026-02-14T22:19:24.796+0000] {dagbag.py:538} INFO - Filling up the DagBag from /home/airflow/.local/lib/python3.8/site-packages/airflow/example_dags/tutorial_objectstorage.py
[2026-02-14T22:19:24.806+0000] {processor.py:840} INFO - DAG(s) 'tutorial_objectstorage' retrieved from /home/airflow/.local/lib/python3.8/site-packages/airflow/example_dags/tutorial_objectstorage.py
[2026-02-14T22:19:24.836+0000] {logging_mixin.py:188} INFO - [2026-02-14T22:19:24.836+0000] {dag.py:3036} INFO - Sync 1 DAGs
[2026-02-14T22:19:24.857+0000] {logging_mixin.py:188} INFO - [2026-02-14T22:19:24.856+0000] {dag.py:3823} INFO - Setting next_dagrun for tutorial_objectstorage to None, run_after=None
[2026-02-14T22:19:24.890+0000] {processor.py:183} INFO - Processing /home/airflow/.local/lib/python3.8/site-packages/airflow/example_dags/tutorial_objectstorage.py took 0.103 seconds
[2026-02-14T22:19:55.476+0000] {processor.py:161} INFO - Started process (PID=23952) to work on /home/airflow/.local/lib/python3.8/site-packages/airflow/example_dags/tutorial_objectstorage.py
[2026-02-14T22:19:55.477+0000] {processor.py:830} INFO - Processing file /home/airflow/.local/lib/python3.8/site-packages/airflow/example_dags/tutorial_objectstorage.py for tasks to queue
[2026-02-14T22:19:55.480+0000] {logging_mixin.py:188} INFO - [2026-02-14T22:19:55.480+0000] {dagbag.py:538} INFO - Filling up the DagBag from /home/airflow/.local/lib/python3.8/site-packages/airflow/example_dags/tutorial_objectstorage.py
[2026-02-14T22:19:55.491+0000] {processor.py:840} INFO - DAG(s) 'tutorial_objectstorage' retrieved from /home/airflow/.local/lib/python3.8/site-packages/airflow/example_dags/tutorial_objectstorage.py
[2026-02-14T22:19:55.524+0000] {logging_mixin.py:188} INFO - [2026-02-14T22:19:55.523+0000] {dag.py:3036} INFO - Sync 1 DAGs
[2026-02-14T22:19:55.547+0000] {logging_mixin.py:188} INFO - [2026-02-14T22:19:55.546+0000] {dag.py:3823} INFO - Setting next_dagrun for tutorial_objectstorage to None, run_after=None
[2026-02-14T22:19:55.578+0000] {processor.py:183} INFO - Processing /home/airflow/.local/lib/python3.8/site-packages/airflow/example_dags/tutorial_objectstorage.py took 0.107 seconds
[2026-02-14T22:20:26.283+0000] {processor.py:161} INFO - Started process (PID=24034) to work on /home/airflow/.local/lib/python3.8/site-packages/airflow/example_dags/tutorial_objectstorage.py
[2026-02-14T22:20:26.286+0000] {processor.py:830} INFO - Processing file /home/airflow/.local/lib/python3.8/site-packages/airflow/example_dags/tutorial_objectstorage.py for tasks to queue
[2026-02-14T22:20:26.288+0000] {logging_mixin.py:188} INFO - [2026-02-14T22:20:26.288+0000] {dagbag.py:538} INFO - Filling up the DagBag from /home/airflow/.local/lib/python3.8/site-packages/airflow/example_dags/tutorial_objectstorage.py
[2026-02-14T22:20:26.300+0000] {processor.py:840} INFO - DAG(s) 'tutorial_objectstorage' retrieved from /home/airflow/.local/lib/python3.8/site-packages/airflow/example_dags/tutorial_objectstorage.py
[2026-02-14T22:20:26.332+0000] {logging_mixin.py:188} INFO - [2026-02-14T22:20:26.331+0000] {dag.py:3036} INFO - Sync 1 DAGs
[2026-02-14T22:20:26.357+0000] {logging_mixin.py:188} INFO - [2026-02-14T22:20:26.357+0000] {dag.py:3823} INFO - Setting next_dagrun for tutorial_objectstorage to None, run_after=None
[2026-02-14T22:20:26.391+0000] {processor.py:183} INFO - Processing /home/airflow/.local/lib/python3.8/site-packages/airflow/example_dags/tutorial_objectstorage.py took 0.112 seconds
[2026-02-14T22:20:56.672+0000] {processor.py:161} INFO - Started process (PID=24117) to work on /home/airflow/.local/lib/python3.8/site-packages/airflow/example_dags/tutorial_objectstorage.py
[2026-02-14T22:20:56.673+0000] {processor.py:830} INFO - Processing file /home/airflow/.local/lib/python3.8/site-packages/airflow/example_dags/tutorial_objectstorage.py for tasks to queue
[2026-02-14T22:20:56.676+0000] {logging_mixin.py:188} INFO - [2026-02-14T22:20:56.675+0000] {dagbag.py:538} INFO - Filling up the DagBag from /home/airflow/.local/lib/python3.8/site-packages/airflow/example_dags/tutorial_objectstorage.py
[2026-02-14T22:20:56.686+0000] {processor.py:840} INFO - DAG(s) 'tutorial_objectstorage' retrieved from /home/airflow/.local/lib/python3.8/site-packages/airflow/example_dags/tutorial_objectstorage.py
[2026-02-14T22:20:56.716+0000] {logging_mixin.py:188} INFO - [2026-02-14T22:20:56.716+0000] {dag.py:3036} INFO - Sync 1 DAGs
[2026-02-14T22:20:56.736+0000] {logging_mixin.py:188} INFO - [2026-02-14T22:20:56.735+0000] {dag.py:3823} INFO - Setting next_dagrun for tutorial_objectstorage to None, run_after=None
[2026-02-14T22:20:56.769+0000] {processor.py:183} INFO - Processing /home/airflow/.local/lib/python3.8/site-packages/airflow/example_dags/tutorial_objectstorage.py took 0.102 seconds
[2026-02-14T22:21:27.232+0000] {processor.py:161} INFO - Started process (PID=24208) to work on /home/airflow/.local/lib/python3.8/site-packages/airflow/example_dags/tutorial_objectstorage.py
[2026-02-14T22:21:27.236+0000] {processor.py:830} INFO - Processing file /home/airflow/.local/lib/python3.8/site-packages/airflow/example_dags/tutorial_objectstorage.py for tasks to queue
[2026-02-14T22:21:27.239+0000] {logging_mixin.py:188} INFO - [2026-02-14T22:21:27.239+0000] {dagbag.py:538} INFO - Filling up the DagBag from /home/airflow/.local/lib/python3.8/site-packages/airflow/example_dags/tutorial_objectstorage.py
[2026-02-14T22:21:27.254+0000] {processor.py:840} INFO - DAG(s) 'tutorial_objectstorage' retrieved from /home/airflow/.local/lib/python3.8/site-packages/airflow/example_dags/tutorial_objectstorage.py
[2026-02-14T22:21:27.293+0000] {logging_mixin.py:188} INFO - [2026-02-14T22:21:27.292+0000] {dag.py:3036} INFO - Sync 1 DAGs
[2026-02-14T22:21:27.319+0000] {logging_mixin.py:188} INFO - [2026-02-14T22:21:27.319+0000] {dag.py:3823} INFO - Setting next_dagrun for tutorial_objectstorage to None, run_after=None
[2026-02-14T22:21:27.358+0000] {processor.py:183} INFO - Processing /home/airflow/.local/lib/python3.8/site-packages/airflow/example_dags/tutorial_objectstorage.py took 0.131 seconds
[2026-02-14T22:21:58.218+0000] {processor.py:161} INFO - Started process (PID=24291) to work on /home/airflow/.local/lib/python3.8/site-packages/airflow/example_dags/tutorial_objectstorage.py
[2026-02-14T22:21:58.219+0000] {processor.py:830} INFO - Processing file /home/airflow/.local/lib/python3.8/site-packages/airflow/example_dags/tutorial_objectstorage.py for tasks to queue
[2026-02-14T22:21:58.222+0000] {logging_mixin.py:188} INFO - [2026-02-14T22:21:58.222+0000] {dagbag.py:538} INFO - Filling up the DagBag from /home/airflow/.local/lib/python3.8/site-packages/airflow/example_dags/tutorial_objectstorage.py
[2026-02-14T22:21:58.241+0000] {processor.py:840} INFO - DAG(s) 'tutorial_objectstorage' retrieved from /home/airflow/.local/lib/python3.8/site-packages/airflow/example_dags/tutorial_objectstorage.py
[2026-02-14T22:21:58.296+0000] {logging_mixin.py:188} INFO - [2026-02-14T22:21:58.296+0000] {dag.py:3036} INFO - Sync 1 DAGs
[2026-02-14T22:21:58.325+0000] {logging_mixin.py:188} INFO - [2026-02-14T22:21:58.324+0000] {dag.py:3823} INFO - Setting next_dagrun for tutorial_objectstorage to None, run_after=None
[2026-02-14T22:21:58.382+0000] {processor.py:183} INFO - Processing /home/airflow/.local/lib/python3.8/site-packages/airflow/example_dags/tutorial_objectstorage.py took 0.178 seconds
[2026-02-14T22:22:28.532+0000] {processor.py:161} INFO - Started process (PID=24364) to work on /home/airflow/.local/lib/python3.8/site-packages/airflow/example_dags/tutorial_objectstorage.py
[2026-02-14T22:22:28.534+0000] {processor.py:830} INFO - Processing file /home/airflow/.local/lib/python3.8/site-packages/airflow/example_dags/tutorial_objectstorage.py for tasks to queue
[2026-02-14T22:22:28.536+0000] {logging_mixin.py:188} INFO - [2026-02-14T22:22:28.536+0000] {dagbag.py:538} INFO - Filling up the DagBag from /home/airflow/.local/lib/python3.8/site-packages/airflow/example_dags/tutorial_objectstorage.py
[2026-02-14T22:22:28.546+0000] {processor.py:840} INFO - DAG(s) 'tutorial_objectstorage' retrieved from /home/airflow/.local/lib/python3.8/site-packages/airflow/example_dags/tutorial_objectstorage.py
[2026-02-14T22:22:28.582+0000] {logging_mixin.py:188} INFO - [2026-02-14T22:22:28.582+0000] {dag.py:3036} INFO - Sync 1 DAGs
[2026-02-14T22:22:28.602+0000] {logging_mixin.py:188} INFO - [2026-02-14T22:22:28.601+0000] {dag.py:3823} INFO - Setting next_dagrun for tutorial_objectstorage to None, run_after=None
[2026-02-14T22:22:28.632+0000] {processor.py:183} INFO - Processing /home/airflow/.local/lib/python3.8/site-packages/airflow/example_dags/tutorial_objectstorage.py took 0.105 seconds
[2026-02-14T22:22:58.788+0000] {processor.py:161} INFO - Started process (PID=24447) to work on /home/airflow/.local/lib/python3.8/site-packages/airflow/example_dags/tutorial_objectstorage.py
[2026-02-14T22:22:58.790+0000] {processor.py:830} INFO - Processing file /home/airflow/.local/lib/python3.8/site-packages/airflow/example_dags/tutorial_objectstorage.py for tasks to queue
[2026-02-14T22:22:58.794+0000] {logging_mixin.py:188} INFO - [2026-02-14T22:22:58.794+0000] {dagbag.py:538} INFO - Filling up the DagBag from /home/airflow/.local/lib/python3.8/site-packages/airflow/example_dags/tutorial_objectstorage.py
[2026-02-14T22:22:58.807+0000] {processor.py:840} INFO - DAG(s) 'tutorial_objectstorage' retrieved from /home/airflow/.local/lib/python3.8/site-packages/airflow/example_dags/tutorial_objectstorage.py
[2026-02-14T22:22:58.842+0000] {logging_mixin.py:188} INFO - [2026-02-14T22:22:58.842+0000] {dag.py:3036} INFO - Sync 1 DAGs
[2026-02-14T22:22:58.863+0000] {logging_mixin.py:188} INFO - [2026-02-14T22:22:58.863+0000] {dag.py:3823} INFO - Setting next_dagrun for tutorial_objectstorage to None, run_after=None
[2026-02-14T22:22:58.891+0000] {processor.py:183} INFO - Processing /home/airflow/.local/lib/python3.8/site-packages/airflow/example_dags/tutorial_objectstorage.py took 0.108 seconds
[2026-02-14T22:23:29.128+0000] {processor.py:161} INFO - Started process (PID=24530) to work on /home/airflow/.local/lib/python3.8/site-packages/airflow/example_dags/tutorial_objectstorage.py
[2026-02-14T22:23:29.131+0000] {processor.py:830} INFO - Processing file /home/airflow/.local/lib/python3.8/site-packages/airflow/example_dags/tutorial_objectstorage.py for tasks to queue
[2026-02-14T22:23:29.134+0000] {logging_mixin.py:188} INFO - [2026-02-14T22:23:29.134+0000] {dagbag.py:538} INFO - Filling up the DagBag from /home/airflow/.local/lib/python3.8/site-packages/airflow/example_dags/tutorial_objectstorage.py
[2026-02-14T22:23:29.145+0000] {processor.py:840} INFO - DAG(s) 'tutorial_objectstorage' retrieved from /home/airflow/.local/lib/python3.8/site-packages/airflow/example_dags/tutorial_objectstorage.py
[2026-02-14T22:23:29.179+0000] {logging_mixin.py:188} INFO - [2026-02-14T22:23:29.178+0000] {dag.py:3036} INFO - Sync 1 DAGs
[2026-02-14T22:23:29.383+0000] {logging_mixin.py:188} INFO - [2026-02-14T22:23:29.382+0000] {dag.py:3823} INFO - Setting next_dagrun for tutorial_objectstorage to None, run_after=None
[2026-02-14T22:23:29.410+0000] {processor.py:183} INFO - Processing /home/airflow/.local/lib/python3.8/site-packages/airflow/example_dags/tutorial_objectstorage.py took 0.287 seconds
[2026-02-14T22:23:59.716+0000] {processor.py:161} INFO - Started process (PID=24612) to work on /home/airflow/.local/lib/python3.8/site-packages/airflow/example_dags/tutorial_objectstorage.py
[2026-02-14T22:23:59.717+0000] {processor.py:830} INFO - Processing file /home/airflow/.local/lib/python3.8/site-packages/airflow/example_dags/tutorial_objectstorage.py for tasks to queue
[2026-02-14T22:23:59.720+0000] {logging_mixin.py:188} INFO - [2026-02-14T22:23:59.719+0000] {dagbag.py:538} INFO - Filling up the DagBag from /home/airflow/.local/lib/python3.8/site-packages/airflow/example_dags/tutorial_objectstorage.py
[2026-02-14T22:23:59.730+0000] {processor.py:840} INFO - DAG(s) 'tutorial_objectstorage' retrieved from /home/airflow/.local/lib/python3.8/site-packages/airflow/example_dags/tutorial_objectstorage.py
[2026-02-14T22:23:59.761+0000] {logging_mixin.py:188} INFO - [2026-02-14T22:23:59.760+0000] {dag.py:3036} INFO - Sync 1 DAGs
[2026-02-14T22:23:59.964+0000] {logging_mixin.py:188} INFO - [2026-02-14T22:23:59.964+0000] {dag.py:3823} INFO - Setting next_dagrun for tutorial_objectstorage to None, run_after=None
[2026-02-14T22:24:00.010+0000] {processor.py:183} INFO - Processing /home/airflow/.local/lib/python3.8/site-packages/airflow/example_dags/tutorial_objectstorage.py took 0.300 seconds
[2026-02-14T22:24:30.114+0000] {processor.py:161} INFO - Started process (PID=24702) to work on /home/airflow/.local/lib/python3.8/site-packages/airflow/example_dags/tutorial_objectstorage.py
[2026-02-14T22:24:30.116+0000] {processor.py:830} INFO - Processing file /home/airflow/.local/lib/python3.8/site-packages/airflow/example_dags/tutorial_objectstorage.py for tasks to queue
[2026-02-14T22:24:30.119+0000] {logging_mixin.py:188} INFO - [2026-02-14T22:24:30.118+0000] {dagbag.py:538} INFO - Filling up the DagBag from /home/airflow/.local/lib/python3.8/site-packages/airflow/example_dags/tutorial_objectstorage.py
[2026-02-14T22:24:30.130+0000] {processor.py:840} INFO - DAG(s) 'tutorial_objectstorage' retrieved from /home/airflow/.local/lib/python3.8/site-packages/airflow/example_dags/tutorial_objectstorage.py
[2026-02-14T22:24:30.161+0000] {logging_mixin.py:188} INFO - [2026-02-14T22:24:30.160+0000] {dag.py:3036} INFO - Sync 1 DAGs
[2026-02-14T22:24:30.355+0000] {logging_mixin.py:188} INFO - [2026-02-14T22:24:30.355+0000] {dag.py:3823} INFO - Setting next_dagrun for tutorial_objectstorage to None, run_after=None
[2026-02-14T22:24:30.381+0000] {processor.py:183} INFO - Processing /home/airflow/.local/lib/python3.8/site-packages/airflow/example_dags/tutorial_objectstorage.py took 0.272 seconds
[2026-02-14T22:25:01.160+0000] {processor.py:161} INFO - Started process (PID=24785) to work on /home/airflow/.local/lib/python3.8/site-packages/airflow/example_dags/tutorial_objectstorage.py
[2026-02-14T22:25:01.162+0000] {processor.py:830} INFO - Processing file /home/airflow/.local/lib/python3.8/site-packages/airflow/example_dags/tutorial_objectstorage.py for tasks to queue
[2026-02-14T22:25:01.166+0000] {logging_mixin.py:188} INFO - [2026-02-14T22:25:01.165+0000] {dagbag.py:538} INFO - Filling up the DagBag from /home/airflow/.local/lib/python3.8/site-packages/airflow/example_dags/tutorial_objectstorage.py
[2026-02-14T22:25:01.178+0000] {processor.py:840} INFO - DAG(s) 'tutorial_objectstorage' retrieved from /home/airflow/.local/lib/python3.8/site-packages/airflow/example_dags/tutorial_objectstorage.py
[2026-02-14T22:25:01.214+0000] {logging_mixin.py:188} INFO - [2026-02-14T22:25:01.214+0000] {dag.py:3036} INFO - Sync 1 DAGs
[2026-02-14T22:25:01.235+0000] {logging_mixin.py:188} INFO - [2026-02-14T22:25:01.234+0000] {dag.py:3823} INFO - Setting next_dagrun for tutorial_objectstorage to None, run_after=None
[2026-02-14T22:25:01.441+0000] {processor.py:183} INFO - Processing /home/airflow/.local/lib/python3.8/site-packages/airflow/example_dags/tutorial_objectstorage.py took 0.287 seconds
[2026-02-14T22:25:31.587+0000] {processor.py:161} INFO - Started process (PID=24868) to work on /home/airflow/.local/lib/python3.8/site-packages/airflow/example_dags/tutorial_objectstorage.py
[2026-02-14T22:25:31.588+0000] {processor.py:830} INFO - Processing file /home/airflow/.local/lib/python3.8/site-packages/airflow/example_dags/tutorial_objectstorage.py for tasks to queue
[2026-02-14T22:25:31.591+0000] {logging_mixin.py:188} INFO - [2026-02-14T22:25:31.590+0000] {dagbag.py:538} INFO - Filling up the DagBag from /home/airflow/.local/lib/python3.8/site-packages/airflow/example_dags/tutorial_objectstorage.py
[2026-02-14T22:25:31.600+0000] {processor.py:840} INFO - DAG(s) 'tutorial_objectstorage' retrieved from /home/airflow/.local/lib/python3.8/site-packages/airflow/example_dags/tutorial_objectstorage.py
[2026-02-14T22:25:31.635+0000] {logging_mixin.py:188} INFO - [2026-02-14T22:25:31.634+0000] {dag.py:3036} INFO - Sync 1 DAGs
[2026-02-14T22:25:31.659+0000] {logging_mixin.py:188} INFO - [2026-02-14T22:25:31.658+0000] {dag.py:3823} INFO - Setting next_dagrun for tutorial_objectstorage to None, run_after=None
[2026-02-14T22:25:31.688+0000] {processor.py:183} INFO - Processing /home/airflow/.local/lib/python3.8/site-packages/airflow/example_dags/tutorial_objectstorage.py took 0.106 seconds
[2026-02-14T22:26:02.152+0000] {processor.py:161} INFO - Started process (PID=24951) to work on /home/airflow/.local/lib/python3.8/site-packages/airflow/example_dags/tutorial_objectstorage.py
[2026-02-14T22:26:02.154+0000] {processor.py:830} INFO - Processing file /home/airflow/.local/lib/python3.8/site-packages/airflow/example_dags/tutorial_objectstorage.py for tasks to queue
[2026-02-14T22:26:02.157+0000] {logging_mixin.py:188} INFO - [2026-02-14T22:26:02.156+0000] {dagbag.py:538} INFO - Filling up the DagBag from /home/airflow/.local/lib/python3.8/site-packages/airflow/example_dags/tutorial_objectstorage.py
[2026-02-14T22:26:02.168+0000] {processor.py:840} INFO - DAG(s) 'tutorial_objectstorage' retrieved from /home/airflow/.local/lib/python3.8/site-packages/airflow/example_dags/tutorial_objectstorage.py
[2026-02-14T22:26:02.218+0000] {logging_mixin.py:188} INFO - [2026-02-14T22:26:02.218+0000] {dag.py:3036} INFO - Sync 1 DAGs
[2026-02-14T22:26:02.240+0000] {logging_mixin.py:188} INFO - [2026-02-14T22:26:02.240+0000] {dag.py:3823} INFO - Setting next_dagrun for tutorial_objectstorage to None, run_after=None
[2026-02-14T22:26:02.276+0000] {processor.py:183} INFO - Processing /home/airflow/.local/lib/python3.8/site-packages/airflow/example_dags/tutorial_objectstorage.py took 0.129 seconds
[2026-02-14T22:26:32.535+0000] {processor.py:161} INFO - Started process (PID=25034) to work on /home/airflow/.local/lib/python3.8/site-packages/airflow/example_dags/tutorial_objectstorage.py
[2026-02-14T22:26:32.537+0000] {processor.py:830} INFO - Processing file /home/airflow/.local/lib/python3.8/site-packages/airflow/example_dags/tutorial_objectstorage.py for tasks to queue
[2026-02-14T22:26:32.540+0000] {logging_mixin.py:188} INFO - [2026-02-14T22:26:32.539+0000] {dagbag.py:538} INFO - Filling up the DagBag from /home/airflow/.local/lib/python3.8/site-packages/airflow/example_dags/tutorial_objectstorage.py
[2026-02-14T22:26:32.553+0000] {processor.py:840} INFO - DAG(s) 'tutorial_objectstorage' retrieved from /home/airflow/.local/lib/python3.8/site-packages/airflow/example_dags/tutorial_objectstorage.py
[2026-02-14T22:26:32.603+0000] {logging_mixin.py:188} INFO - [2026-02-14T22:26:32.603+0000] {dag.py:3036} INFO - Sync 1 DAGs
[2026-02-14T22:26:32.629+0000] {logging_mixin.py:188} INFO - [2026-02-14T22:26:32.629+0000] {dag.py:3823} INFO - Setting next_dagrun for tutorial_objectstorage to None, run_after=None
[2026-02-14T22:26:32.666+0000] {processor.py:183} INFO - Processing /home/airflow/.local/lib/python3.8/site-packages/airflow/example_dags/tutorial_objectstorage.py took 0.137 seconds
[2026-02-14T22:27:02.795+0000] {processor.py:161} INFO - Started process (PID=25118) to work on /home/airflow/.local/lib/python3.8/site-packages/airflow/example_dags/tutorial_objectstorage.py
[2026-02-14T22:27:02.796+0000] {processor.py:830} INFO - Processing file /home/airflow/.local/lib/python3.8/site-packages/airflow/example_dags/tutorial_objectstorage.py for tasks to queue
[2026-02-14T22:27:02.799+0000] {logging_mixin.py:188} INFO - [2026-02-14T22:27:02.799+0000] {dagbag.py:538} INFO - Filling up the DagBag from /home/airflow/.local/lib/python3.8/site-packages/airflow/example_dags/tutorial_objectstorage.py
[2026-02-14T22:27:02.810+0000] {processor.py:840} INFO - DAG(s) 'tutorial_objectstorage' retrieved from /home/airflow/.local/lib/python3.8/site-packages/airflow/example_dags/tutorial_objectstorage.py
[2026-02-14T22:27:02.846+0000] {logging_mixin.py:188} INFO - [2026-02-14T22:27:02.846+0000] {dag.py:3036} INFO - Sync 1 DAGs
[2026-02-14T22:27:02.873+0000] {logging_mixin.py:188} INFO - [2026-02-14T22:27:02.873+0000] {dag.py:3823} INFO - Setting next_dagrun for tutorial_objectstorage to None, run_after=None
[2026-02-14T22:27:02.908+0000] {processor.py:183} INFO - Processing /home/airflow/.local/lib/python3.8/site-packages/airflow/example_dags/tutorial_objectstorage.py took 0.120 seconds
[2026-02-14T22:27:33.103+0000] {processor.py:161} INFO - Started process (PID=25200) to work on /home/airflow/.local/lib/python3.8/site-packages/airflow/example_dags/tutorial_objectstorage.py
[2026-02-14T22:27:33.104+0000] {processor.py:830} INFO - Processing file /home/airflow/.local/lib/python3.8/site-packages/airflow/example_dags/tutorial_objectstorage.py for tasks to queue
[2026-02-14T22:27:33.107+0000] {logging_mixin.py:188} INFO - [2026-02-14T22:27:33.107+0000] {dagbag.py:538} INFO - Filling up the DagBag from /home/airflow/.local/lib/python3.8/site-packages/airflow/example_dags/tutorial_objectstorage.py
[2026-02-14T22:27:33.116+0000] {processor.py:840} INFO - DAG(s) 'tutorial_objectstorage' retrieved from /home/airflow/.local/lib/python3.8/site-packages/airflow/example_dags/tutorial_objectstorage.py
[2026-02-14T22:27:33.148+0000] {logging_mixin.py:188} INFO - [2026-02-14T22:27:33.148+0000] {dag.py:3036} INFO - Sync 1 DAGs
[2026-02-14T22:27:33.171+0000] {logging_mixin.py:188} INFO - [2026-02-14T22:27:33.171+0000] {dag.py:3823} INFO - Setting next_dagrun for tutorial_objectstorage to None, run_after=None
[2026-02-14T22:27:33.199+0000] {processor.py:183} INFO - Processing /home/airflow/.local/lib/python3.8/site-packages/airflow/example_dags/tutorial_objectstorage.py took 0.102 seconds
[2026-02-14T22:28:03.567+0000] {processor.py:161} INFO - Started process (PID=25283) to work on /home/airflow/.local/lib/python3.8/site-packages/airflow/example_dags/tutorial_objectstorage.py
[2026-02-14T22:28:03.569+0000] {processor.py:830} INFO - Processing file /home/airflow/.local/lib/python3.8/site-packages/airflow/example_dags/tutorial_objectstorage.py for tasks to queue
[2026-02-14T22:28:03.571+0000] {logging_mixin.py:188} INFO - [2026-02-14T22:28:03.571+0000] {dagbag.py:538} INFO - Filling up the DagBag from /home/airflow/.local/lib/python3.8/site-packages/airflow/example_dags/tutorial_objectstorage.py
[2026-02-14T22:28:03.583+0000] {processor.py:840} INFO - DAG(s) 'tutorial_objectstorage' retrieved from /home/airflow/.local/lib/python3.8/site-packages/airflow/example_dags/tutorial_objectstorage.py
[2026-02-14T22:28:03.619+0000] {logging_mixin.py:188} INFO - [2026-02-14T22:28:03.619+0000] {dag.py:3036} INFO - Sync 1 DAGs
[2026-02-14T22:28:03.640+0000] {logging_mixin.py:188} INFO - [2026-02-14T22:28:03.640+0000] {dag.py:3823} INFO - Setting next_dagrun for tutorial_objectstorage to None, run_after=None
[2026-02-14T22:28:03.674+0000] {processor.py:183} INFO - Processing /home/airflow/.local/lib/python3.8/site-packages/airflow/example_dags/tutorial_objectstorage.py took 0.112 seconds
