[2026-02-14T19:54:55.960+0000] {processor.py:161} INFO - Started process (PID=71) to work on /home/airflow/.local/lib/python3.8/site-packages/airflow/example_dags/tutorial_dag.py
[2026-02-14T19:54:55.962+0000] {processor.py:830} INFO - Processing file /home/airflow/.local/lib/python3.8/site-packages/airflow/example_dags/tutorial_dag.py for tasks to queue
[2026-02-14T19:54:55.965+0000] {logging_mixin.py:188} INFO - [2026-02-14T19:54:55.965+0000] {dagbag.py:538} INFO - Filling up the DagBag from /home/airflow/.local/lib/python3.8/site-packages/airflow/example_dags/tutorial_dag.py
[2026-02-14T19:54:55.975+0000] {processor.py:840} INFO - DAG(s) 'tutorial_dag' retrieved from /home/airflow/.local/lib/python3.8/site-packages/airflow/example_dags/tutorial_dag.py
[2026-02-14T19:54:56.026+0000] {logging_mixin.py:188} INFO - [2026-02-14T19:54:56.025+0000] {dag.py:3036} INFO - Sync 1 DAGs
[2026-02-14T19:54:56.052+0000] {logging_mixin.py:188} INFO - [2026-02-14T19:54:56.051+0000] {dag.py:3823} INFO - Setting next_dagrun for tutorial_dag to None, run_after=None
[2026-02-14T19:54:56.087+0000] {processor.py:183} INFO - Processing /home/airflow/.local/lib/python3.8/site-packages/airflow/example_dags/tutorial_dag.py took 0.133 seconds
[2026-02-14T19:55:26.906+0000] {processor.py:161} INFO - Started process (PID=154) to work on /home/airflow/.local/lib/python3.8/site-packages/airflow/example_dags/tutorial_dag.py
[2026-02-14T19:55:26.907+0000] {processor.py:830} INFO - Processing file /home/airflow/.local/lib/python3.8/site-packages/airflow/example_dags/tutorial_dag.py for tasks to queue
[2026-02-14T19:55:26.910+0000] {logging_mixin.py:188} INFO - [2026-02-14T19:55:26.909+0000] {dagbag.py:538} INFO - Filling up the DagBag from /home/airflow/.local/lib/python3.8/site-packages/airflow/example_dags/tutorial_dag.py
[2026-02-14T19:55:26.918+0000] {processor.py:840} INFO - DAG(s) 'tutorial_dag' retrieved from /home/airflow/.local/lib/python3.8/site-packages/airflow/example_dags/tutorial_dag.py
[2026-02-14T19:55:26.954+0000] {logging_mixin.py:188} INFO - [2026-02-14T19:55:26.954+0000] {dag.py:3036} INFO - Sync 1 DAGs
[2026-02-14T19:55:26.978+0000] {logging_mixin.py:188} INFO - [2026-02-14T19:55:26.977+0000] {dag.py:3823} INFO - Setting next_dagrun for tutorial_dag to None, run_after=None
[2026-02-14T19:55:27.010+0000] {processor.py:183} INFO - Processing /home/airflow/.local/lib/python3.8/site-packages/airflow/example_dags/tutorial_dag.py took 0.110 seconds
[2026-02-14T19:55:57.152+0000] {processor.py:161} INFO - Started process (PID=238) to work on /home/airflow/.local/lib/python3.8/site-packages/airflow/example_dags/tutorial_dag.py
[2026-02-14T19:55:57.154+0000] {processor.py:830} INFO - Processing file /home/airflow/.local/lib/python3.8/site-packages/airflow/example_dags/tutorial_dag.py for tasks to queue
[2026-02-14T19:55:57.156+0000] {logging_mixin.py:188} INFO - [2026-02-14T19:55:57.156+0000] {dagbag.py:538} INFO - Filling up the DagBag from /home/airflow/.local/lib/python3.8/site-packages/airflow/example_dags/tutorial_dag.py
[2026-02-14T19:55:57.164+0000] {processor.py:840} INFO - DAG(s) 'tutorial_dag' retrieved from /home/airflow/.local/lib/python3.8/site-packages/airflow/example_dags/tutorial_dag.py
[2026-02-14T19:55:57.193+0000] {logging_mixin.py:188} INFO - [2026-02-14T19:55:57.192+0000] {dag.py:3036} INFO - Sync 1 DAGs
[2026-02-14T19:55:57.212+0000] {logging_mixin.py:188} INFO - [2026-02-14T19:55:57.212+0000] {dag.py:3823} INFO - Setting next_dagrun for tutorial_dag to None, run_after=None
[2026-02-14T19:55:57.239+0000] {processor.py:183} INFO - Processing /home/airflow/.local/lib/python3.8/site-packages/airflow/example_dags/tutorial_dag.py took 0.092 seconds
[2026-02-14T19:56:27.384+0000] {processor.py:161} INFO - Started process (PID=321) to work on /home/airflow/.local/lib/python3.8/site-packages/airflow/example_dags/tutorial_dag.py
[2026-02-14T19:56:27.386+0000] {processor.py:830} INFO - Processing file /home/airflow/.local/lib/python3.8/site-packages/airflow/example_dags/tutorial_dag.py for tasks to queue
[2026-02-14T19:56:27.388+0000] {logging_mixin.py:188} INFO - [2026-02-14T19:56:27.388+0000] {dagbag.py:538} INFO - Filling up the DagBag from /home/airflow/.local/lib/python3.8/site-packages/airflow/example_dags/tutorial_dag.py
[2026-02-14T19:56:27.396+0000] {processor.py:840} INFO - DAG(s) 'tutorial_dag' retrieved from /home/airflow/.local/lib/python3.8/site-packages/airflow/example_dags/tutorial_dag.py
[2026-02-14T19:56:27.424+0000] {logging_mixin.py:188} INFO - [2026-02-14T19:56:27.424+0000] {dag.py:3036} INFO - Sync 1 DAGs
[2026-02-14T19:56:27.443+0000] {logging_mixin.py:188} INFO - [2026-02-14T19:56:27.443+0000] {dag.py:3823} INFO - Setting next_dagrun for tutorial_dag to None, run_after=None
[2026-02-14T19:56:27.471+0000] {processor.py:183} INFO - Processing /home/airflow/.local/lib/python3.8/site-packages/airflow/example_dags/tutorial_dag.py took 0.092 seconds
[2026-02-14T19:56:57.940+0000] {processor.py:161} INFO - Started process (PID=404) to work on /home/airflow/.local/lib/python3.8/site-packages/airflow/example_dags/tutorial_dag.py
[2026-02-14T19:56:57.942+0000] {processor.py:830} INFO - Processing file /home/airflow/.local/lib/python3.8/site-packages/airflow/example_dags/tutorial_dag.py for tasks to queue
[2026-02-14T19:56:57.944+0000] {logging_mixin.py:188} INFO - [2026-02-14T19:56:57.944+0000] {dagbag.py:538} INFO - Filling up the DagBag from /home/airflow/.local/lib/python3.8/site-packages/airflow/example_dags/tutorial_dag.py
[2026-02-14T19:56:57.953+0000] {processor.py:840} INFO - DAG(s) 'tutorial_dag' retrieved from /home/airflow/.local/lib/python3.8/site-packages/airflow/example_dags/tutorial_dag.py
[2026-02-14T19:56:57.982+0000] {logging_mixin.py:188} INFO - [2026-02-14T19:56:57.982+0000] {dag.py:3036} INFO - Sync 1 DAGs
[2026-02-14T19:56:58.002+0000] {logging_mixin.py:188} INFO - [2026-02-14T19:56:58.001+0000] {dag.py:3823} INFO - Setting next_dagrun for tutorial_dag to None, run_after=None
[2026-02-14T19:56:58.030+0000] {processor.py:183} INFO - Processing /home/airflow/.local/lib/python3.8/site-packages/airflow/example_dags/tutorial_dag.py took 0.095 seconds
[2026-02-14T19:57:28.270+0000] {processor.py:161} INFO - Started process (PID=486) to work on /home/airflow/.local/lib/python3.8/site-packages/airflow/example_dags/tutorial_dag.py
[2026-02-14T19:57:28.271+0000] {processor.py:830} INFO - Processing file /home/airflow/.local/lib/python3.8/site-packages/airflow/example_dags/tutorial_dag.py for tasks to queue
[2026-02-14T19:57:28.273+0000] {logging_mixin.py:188} INFO - [2026-02-14T19:57:28.273+0000] {dagbag.py:538} INFO - Filling up the DagBag from /home/airflow/.local/lib/python3.8/site-packages/airflow/example_dags/tutorial_dag.py
[2026-02-14T19:57:28.282+0000] {processor.py:840} INFO - DAG(s) 'tutorial_dag' retrieved from /home/airflow/.local/lib/python3.8/site-packages/airflow/example_dags/tutorial_dag.py
[2026-02-14T19:57:28.319+0000] {logging_mixin.py:188} INFO - [2026-02-14T19:57:28.319+0000] {dag.py:3036} INFO - Sync 1 DAGs
[2026-02-14T19:57:28.343+0000] {logging_mixin.py:188} INFO - [2026-02-14T19:57:28.342+0000] {dag.py:3823} INFO - Setting next_dagrun for tutorial_dag to None, run_after=None
[2026-02-14T19:57:28.377+0000] {processor.py:183} INFO - Processing /home/airflow/.local/lib/python3.8/site-packages/airflow/example_dags/tutorial_dag.py took 0.112 seconds
[2026-02-14T19:57:58.995+0000] {processor.py:161} INFO - Started process (PID=569) to work on /home/airflow/.local/lib/python3.8/site-packages/airflow/example_dags/tutorial_dag.py
[2026-02-14T19:57:58.997+0000] {processor.py:830} INFO - Processing file /home/airflow/.local/lib/python3.8/site-packages/airflow/example_dags/tutorial_dag.py for tasks to queue
[2026-02-14T19:57:59.000+0000] {logging_mixin.py:188} INFO - [2026-02-14T19:57:59.000+0000] {dagbag.py:538} INFO - Filling up the DagBag from /home/airflow/.local/lib/python3.8/site-packages/airflow/example_dags/tutorial_dag.py
[2026-02-14T19:57:59.010+0000] {processor.py:840} INFO - DAG(s) 'tutorial_dag' retrieved from /home/airflow/.local/lib/python3.8/site-packages/airflow/example_dags/tutorial_dag.py
[2026-02-14T19:57:59.045+0000] {logging_mixin.py:188} INFO - [2026-02-14T19:57:59.045+0000] {dag.py:3036} INFO - Sync 1 DAGs
[2026-02-14T19:57:59.069+0000] {logging_mixin.py:188} INFO - [2026-02-14T19:57:59.069+0000] {dag.py:3823} INFO - Setting next_dagrun for tutorial_dag to None, run_after=None
[2026-02-14T19:57:59.104+0000] {processor.py:183} INFO - Processing /home/airflow/.local/lib/python3.8/site-packages/airflow/example_dags/tutorial_dag.py took 0.115 seconds
[2026-02-14T19:58:29.836+0000] {processor.py:161} INFO - Started process (PID=659) to work on /home/airflow/.local/lib/python3.8/site-packages/airflow/example_dags/tutorial_dag.py
[2026-02-14T19:58:29.838+0000] {processor.py:830} INFO - Processing file /home/airflow/.local/lib/python3.8/site-packages/airflow/example_dags/tutorial_dag.py for tasks to queue
[2026-02-14T19:58:29.841+0000] {logging_mixin.py:188} INFO - [2026-02-14T19:58:29.840+0000] {dagbag.py:538} INFO - Filling up the DagBag from /home/airflow/.local/lib/python3.8/site-packages/airflow/example_dags/tutorial_dag.py
[2026-02-14T19:58:29.850+0000] {processor.py:840} INFO - DAG(s) 'tutorial_dag' retrieved from /home/airflow/.local/lib/python3.8/site-packages/airflow/example_dags/tutorial_dag.py
[2026-02-14T19:58:29.886+0000] {logging_mixin.py:188} INFO - [2026-02-14T19:58:29.886+0000] {dag.py:3036} INFO - Sync 1 DAGs
[2026-02-14T19:58:29.911+0000] {logging_mixin.py:188} INFO - [2026-02-14T19:58:29.911+0000] {dag.py:3823} INFO - Setting next_dagrun for tutorial_dag to None, run_after=None
[2026-02-14T19:58:29.949+0000] {processor.py:183} INFO - Processing /home/airflow/.local/lib/python3.8/site-packages/airflow/example_dags/tutorial_dag.py took 0.118 seconds
[2026-02-14T19:59:00.568+0000] {processor.py:161} INFO - Started process (PID=743) to work on /home/airflow/.local/lib/python3.8/site-packages/airflow/example_dags/tutorial_dag.py
[2026-02-14T19:59:00.570+0000] {processor.py:830} INFO - Processing file /home/airflow/.local/lib/python3.8/site-packages/airflow/example_dags/tutorial_dag.py for tasks to queue
[2026-02-14T19:59:00.573+0000] {logging_mixin.py:188} INFO - [2026-02-14T19:59:00.572+0000] {dagbag.py:538} INFO - Filling up the DagBag from /home/airflow/.local/lib/python3.8/site-packages/airflow/example_dags/tutorial_dag.py
[2026-02-14T19:59:00.582+0000] {processor.py:840} INFO - DAG(s) 'tutorial_dag' retrieved from /home/airflow/.local/lib/python3.8/site-packages/airflow/example_dags/tutorial_dag.py
[2026-02-14T19:59:00.618+0000] {logging_mixin.py:188} INFO - [2026-02-14T19:59:00.618+0000] {dag.py:3036} INFO - Sync 1 DAGs
[2026-02-14T19:59:00.642+0000] {logging_mixin.py:188} INFO - [2026-02-14T19:59:00.641+0000] {dag.py:3823} INFO - Setting next_dagrun for tutorial_dag to None, run_after=None
[2026-02-14T19:59:00.676+0000] {processor.py:183} INFO - Processing /home/airflow/.local/lib/python3.8/site-packages/airflow/example_dags/tutorial_dag.py took 0.114 seconds
[2026-02-14T19:59:30.858+0000] {processor.py:161} INFO - Started process (PID=826) to work on /home/airflow/.local/lib/python3.8/site-packages/airflow/example_dags/tutorial_dag.py
[2026-02-14T19:59:30.859+0000] {processor.py:830} INFO - Processing file /home/airflow/.local/lib/python3.8/site-packages/airflow/example_dags/tutorial_dag.py for tasks to queue
[2026-02-14T19:59:30.862+0000] {logging_mixin.py:188} INFO - [2026-02-14T19:59:30.862+0000] {dagbag.py:538} INFO - Filling up the DagBag from /home/airflow/.local/lib/python3.8/site-packages/airflow/example_dags/tutorial_dag.py
[2026-02-14T19:59:30.871+0000] {processor.py:840} INFO - DAG(s) 'tutorial_dag' retrieved from /home/airflow/.local/lib/python3.8/site-packages/airflow/example_dags/tutorial_dag.py
[2026-02-14T19:59:30.910+0000] {logging_mixin.py:188} INFO - [2026-02-14T19:59:30.910+0000] {dag.py:3036} INFO - Sync 1 DAGs
[2026-02-14T19:59:30.933+0000] {logging_mixin.py:188} INFO - [2026-02-14T19:59:30.932+0000] {dag.py:3823} INFO - Setting next_dagrun for tutorial_dag to None, run_after=None
[2026-02-14T19:59:30.963+0000] {processor.py:183} INFO - Processing /home/airflow/.local/lib/python3.8/site-packages/airflow/example_dags/tutorial_dag.py took 0.111 seconds
[2026-02-14T20:00:01.087+0000] {processor.py:161} INFO - Started process (PID=910) to work on /home/airflow/.local/lib/python3.8/site-packages/airflow/example_dags/tutorial_dag.py
[2026-02-14T20:00:01.089+0000] {processor.py:830} INFO - Processing file /home/airflow/.local/lib/python3.8/site-packages/airflow/example_dags/tutorial_dag.py for tasks to queue
[2026-02-14T20:00:01.092+0000] {logging_mixin.py:188} INFO - [2026-02-14T20:00:01.092+0000] {dagbag.py:538} INFO - Filling up the DagBag from /home/airflow/.local/lib/python3.8/site-packages/airflow/example_dags/tutorial_dag.py
[2026-02-14T20:00:01.101+0000] {processor.py:840} INFO - DAG(s) 'tutorial_dag' retrieved from /home/airflow/.local/lib/python3.8/site-packages/airflow/example_dags/tutorial_dag.py
[2026-02-14T20:00:01.136+0000] {logging_mixin.py:188} INFO - [2026-02-14T20:00:01.136+0000] {dag.py:3036} INFO - Sync 1 DAGs
[2026-02-14T20:00:01.160+0000] {logging_mixin.py:188} INFO - [2026-02-14T20:00:01.160+0000] {dag.py:3823} INFO - Setting next_dagrun for tutorial_dag to None, run_after=None
[2026-02-14T20:00:01.191+0000] {processor.py:183} INFO - Processing /home/airflow/.local/lib/python3.8/site-packages/airflow/example_dags/tutorial_dag.py took 0.109 seconds
[2026-02-14T20:00:31.447+0000] {processor.py:161} INFO - Started process (PID=993) to work on /home/airflow/.local/lib/python3.8/site-packages/airflow/example_dags/tutorial_dag.py
[2026-02-14T20:00:31.449+0000] {processor.py:830} INFO - Processing file /home/airflow/.local/lib/python3.8/site-packages/airflow/example_dags/tutorial_dag.py for tasks to queue
[2026-02-14T20:00:31.452+0000] {logging_mixin.py:188} INFO - [2026-02-14T20:00:31.451+0000] {dagbag.py:538} INFO - Filling up the DagBag from /home/airflow/.local/lib/python3.8/site-packages/airflow/example_dags/tutorial_dag.py
[2026-02-14T20:00:31.461+0000] {processor.py:840} INFO - DAG(s) 'tutorial_dag' retrieved from /home/airflow/.local/lib/python3.8/site-packages/airflow/example_dags/tutorial_dag.py
[2026-02-14T20:00:31.490+0000] {logging_mixin.py:188} INFO - [2026-02-14T20:00:31.490+0000] {dag.py:3036} INFO - Sync 1 DAGs
[2026-02-14T20:00:31.510+0000] {logging_mixin.py:188} INFO - [2026-02-14T20:00:31.510+0000] {dag.py:3823} INFO - Setting next_dagrun for tutorial_dag to None, run_after=None
[2026-02-14T20:00:31.543+0000] {processor.py:183} INFO - Processing /home/airflow/.local/lib/python3.8/site-packages/airflow/example_dags/tutorial_dag.py took 0.100 seconds
[2026-02-14T20:01:01.872+0000] {processor.py:161} INFO - Started process (PID=1076) to work on /home/airflow/.local/lib/python3.8/site-packages/airflow/example_dags/tutorial_dag.py
[2026-02-14T20:01:01.874+0000] {processor.py:830} INFO - Processing file /home/airflow/.local/lib/python3.8/site-packages/airflow/example_dags/tutorial_dag.py for tasks to queue
[2026-02-14T20:01:01.877+0000] {logging_mixin.py:188} INFO - [2026-02-14T20:01:01.877+0000] {dagbag.py:538} INFO - Filling up the DagBag from /home/airflow/.local/lib/python3.8/site-packages/airflow/example_dags/tutorial_dag.py
[2026-02-14T20:01:01.887+0000] {processor.py:840} INFO - DAG(s) 'tutorial_dag' retrieved from /home/airflow/.local/lib/python3.8/site-packages/airflow/example_dags/tutorial_dag.py
[2026-02-14T20:01:01.923+0000] {logging_mixin.py:188} INFO - [2026-02-14T20:01:01.923+0000] {dag.py:3036} INFO - Sync 1 DAGs
[2026-02-14T20:01:01.948+0000] {logging_mixin.py:188} INFO - [2026-02-14T20:01:01.948+0000] {dag.py:3823} INFO - Setting next_dagrun for tutorial_dag to None, run_after=None
[2026-02-14T20:01:01.982+0000] {processor.py:183} INFO - Processing /home/airflow/.local/lib/python3.8/site-packages/airflow/example_dags/tutorial_dag.py took 0.116 seconds
[2026-02-14T20:01:32.183+0000] {processor.py:161} INFO - Started process (PID=1158) to work on /home/airflow/.local/lib/python3.8/site-packages/airflow/example_dags/tutorial_dag.py
[2026-02-14T20:01:32.185+0000] {processor.py:830} INFO - Processing file /home/airflow/.local/lib/python3.8/site-packages/airflow/example_dags/tutorial_dag.py for tasks to queue
[2026-02-14T20:01:32.188+0000] {logging_mixin.py:188} INFO - [2026-02-14T20:01:32.188+0000] {dagbag.py:538} INFO - Filling up the DagBag from /home/airflow/.local/lib/python3.8/site-packages/airflow/example_dags/tutorial_dag.py
[2026-02-14T20:01:32.199+0000] {processor.py:840} INFO - DAG(s) 'tutorial_dag' retrieved from /home/airflow/.local/lib/python3.8/site-packages/airflow/example_dags/tutorial_dag.py
[2026-02-14T20:01:32.234+0000] {logging_mixin.py:188} INFO - [2026-02-14T20:01:32.233+0000] {dag.py:3036} INFO - Sync 1 DAGs
[2026-02-14T20:01:32.253+0000] {logging_mixin.py:188} INFO - [2026-02-14T20:01:32.253+0000] {dag.py:3823} INFO - Setting next_dagrun for tutorial_dag to None, run_after=None
[2026-02-14T20:01:32.284+0000] {processor.py:183} INFO - Processing /home/airflow/.local/lib/python3.8/site-packages/airflow/example_dags/tutorial_dag.py took 0.106 seconds
[2026-02-14T20:02:02.632+0000] {processor.py:161} INFO - Started process (PID=1242) to work on /home/airflow/.local/lib/python3.8/site-packages/airflow/example_dags/tutorial_dag.py
[2026-02-14T20:02:02.633+0000] {processor.py:830} INFO - Processing file /home/airflow/.local/lib/python3.8/site-packages/airflow/example_dags/tutorial_dag.py for tasks to queue
[2026-02-14T20:02:02.636+0000] {logging_mixin.py:188} INFO - [2026-02-14T20:02:02.635+0000] {dagbag.py:538} INFO - Filling up the DagBag from /home/airflow/.local/lib/python3.8/site-packages/airflow/example_dags/tutorial_dag.py
[2026-02-14T20:02:02.645+0000] {processor.py:840} INFO - DAG(s) 'tutorial_dag' retrieved from /home/airflow/.local/lib/python3.8/site-packages/airflow/example_dags/tutorial_dag.py
[2026-02-14T20:02:02.681+0000] {logging_mixin.py:188} INFO - [2026-02-14T20:02:02.680+0000] {dag.py:3036} INFO - Sync 1 DAGs
[2026-02-14T20:02:02.705+0000] {logging_mixin.py:188} INFO - [2026-02-14T20:02:02.704+0000] {dag.py:3823} INFO - Setting next_dagrun for tutorial_dag to None, run_after=None
[2026-02-14T20:02:02.736+0000] {processor.py:183} INFO - Processing /home/airflow/.local/lib/python3.8/site-packages/airflow/example_dags/tutorial_dag.py took 0.109 seconds
[2026-02-14T20:02:33.153+0000] {processor.py:161} INFO - Started process (PID=1334) to work on /home/airflow/.local/lib/python3.8/site-packages/airflow/example_dags/tutorial_dag.py
[2026-02-14T20:02:33.156+0000] {processor.py:830} INFO - Processing file /home/airflow/.local/lib/python3.8/site-packages/airflow/example_dags/tutorial_dag.py for tasks to queue
[2026-02-14T20:02:33.159+0000] {logging_mixin.py:188} INFO - [2026-02-14T20:02:33.158+0000] {dagbag.py:538} INFO - Filling up the DagBag from /home/airflow/.local/lib/python3.8/site-packages/airflow/example_dags/tutorial_dag.py
[2026-02-14T20:02:33.168+0000] {processor.py:840} INFO - DAG(s) 'tutorial_dag' retrieved from /home/airflow/.local/lib/python3.8/site-packages/airflow/example_dags/tutorial_dag.py
[2026-02-14T20:02:33.200+0000] {logging_mixin.py:188} INFO - [2026-02-14T20:02:33.200+0000] {dag.py:3036} INFO - Sync 1 DAGs
[2026-02-14T20:02:33.223+0000] {logging_mixin.py:188} INFO - [2026-02-14T20:02:33.223+0000] {dag.py:3823} INFO - Setting next_dagrun for tutorial_dag to None, run_after=None
[2026-02-14T20:02:33.255+0000] {processor.py:183} INFO - Processing /home/airflow/.local/lib/python3.8/site-packages/airflow/example_dags/tutorial_dag.py took 0.107 seconds
[2026-02-14T20:03:04.131+0000] {processor.py:161} INFO - Started process (PID=1418) to work on /home/airflow/.local/lib/python3.8/site-packages/airflow/example_dags/tutorial_dag.py
[2026-02-14T20:03:04.133+0000] {processor.py:830} INFO - Processing file /home/airflow/.local/lib/python3.8/site-packages/airflow/example_dags/tutorial_dag.py for tasks to queue
[2026-02-14T20:03:04.136+0000] {logging_mixin.py:188} INFO - [2026-02-14T20:03:04.136+0000] {dagbag.py:538} INFO - Filling up the DagBag from /home/airflow/.local/lib/python3.8/site-packages/airflow/example_dags/tutorial_dag.py
[2026-02-14T20:03:04.146+0000] {processor.py:840} INFO - DAG(s) 'tutorial_dag' retrieved from /home/airflow/.local/lib/python3.8/site-packages/airflow/example_dags/tutorial_dag.py
[2026-02-14T20:03:04.184+0000] {logging_mixin.py:188} INFO - [2026-02-14T20:03:04.184+0000] {dag.py:3036} INFO - Sync 1 DAGs
[2026-02-14T20:03:04.209+0000] {logging_mixin.py:188} INFO - [2026-02-14T20:03:04.209+0000] {dag.py:3823} INFO - Setting next_dagrun for tutorial_dag to None, run_after=None
[2026-02-14T20:03:04.235+0000] {processor.py:183} INFO - Processing /home/airflow/.local/lib/python3.8/site-packages/airflow/example_dags/tutorial_dag.py took 0.110 seconds
[2026-02-14T20:03:35.068+0000] {processor.py:161} INFO - Started process (PID=1502) to work on /home/airflow/.local/lib/python3.8/site-packages/airflow/example_dags/tutorial_dag.py
[2026-02-14T20:03:35.071+0000] {processor.py:830} INFO - Processing file /home/airflow/.local/lib/python3.8/site-packages/airflow/example_dags/tutorial_dag.py for tasks to queue
[2026-02-14T20:03:35.076+0000] {logging_mixin.py:188} INFO - [2026-02-14T20:03:35.074+0000] {dagbag.py:538} INFO - Filling up the DagBag from /home/airflow/.local/lib/python3.8/site-packages/airflow/example_dags/tutorial_dag.py
[2026-02-14T20:03:35.093+0000] {processor.py:840} INFO - DAG(s) 'tutorial_dag' retrieved from /home/airflow/.local/lib/python3.8/site-packages/airflow/example_dags/tutorial_dag.py
[2026-02-14T20:03:35.136+0000] {logging_mixin.py:188} INFO - [2026-02-14T20:03:35.136+0000] {dag.py:3036} INFO - Sync 1 DAGs
[2026-02-14T20:03:35.171+0000] {logging_mixin.py:188} INFO - [2026-02-14T20:03:35.171+0000] {dag.py:3823} INFO - Setting next_dagrun for tutorial_dag to None, run_after=None
[2026-02-14T20:03:35.213+0000] {processor.py:183} INFO - Processing /home/airflow/.local/lib/python3.8/site-packages/airflow/example_dags/tutorial_dag.py took 0.151 seconds
[2026-02-14T20:04:05.572+0000] {processor.py:161} INFO - Started process (PID=1585) to work on /home/airflow/.local/lib/python3.8/site-packages/airflow/example_dags/tutorial_dag.py
[2026-02-14T20:04:05.574+0000] {processor.py:830} INFO - Processing file /home/airflow/.local/lib/python3.8/site-packages/airflow/example_dags/tutorial_dag.py for tasks to queue
[2026-02-14T20:04:05.577+0000] {logging_mixin.py:188} INFO - [2026-02-14T20:04:05.576+0000] {dagbag.py:538} INFO - Filling up the DagBag from /home/airflow/.local/lib/python3.8/site-packages/airflow/example_dags/tutorial_dag.py
[2026-02-14T20:04:05.587+0000] {processor.py:840} INFO - DAG(s) 'tutorial_dag' retrieved from /home/airflow/.local/lib/python3.8/site-packages/airflow/example_dags/tutorial_dag.py
[2026-02-14T20:04:05.627+0000] {logging_mixin.py:188} INFO - [2026-02-14T20:04:05.626+0000] {dag.py:3036} INFO - Sync 1 DAGs
[2026-02-14T20:04:05.653+0000] {logging_mixin.py:188} INFO - [2026-02-14T20:04:05.653+0000] {dag.py:3823} INFO - Setting next_dagrun for tutorial_dag to None, run_after=None
[2026-02-14T20:04:05.690+0000] {processor.py:183} INFO - Processing /home/airflow/.local/lib/python3.8/site-packages/airflow/example_dags/tutorial_dag.py took 0.124 seconds
[2026-02-14T20:04:35.930+0000] {processor.py:161} INFO - Started process (PID=1667) to work on /home/airflow/.local/lib/python3.8/site-packages/airflow/example_dags/tutorial_dag.py
[2026-02-14T20:04:35.932+0000] {processor.py:830} INFO - Processing file /home/airflow/.local/lib/python3.8/site-packages/airflow/example_dags/tutorial_dag.py for tasks to queue
[2026-02-14T20:04:35.934+0000] {logging_mixin.py:188} INFO - [2026-02-14T20:04:35.934+0000] {dagbag.py:538} INFO - Filling up the DagBag from /home/airflow/.local/lib/python3.8/site-packages/airflow/example_dags/tutorial_dag.py
[2026-02-14T20:04:35.943+0000] {processor.py:840} INFO - DAG(s) 'tutorial_dag' retrieved from /home/airflow/.local/lib/python3.8/site-packages/airflow/example_dags/tutorial_dag.py
[2026-02-14T20:04:35.977+0000] {logging_mixin.py:188} INFO - [2026-02-14T20:04:35.977+0000] {dag.py:3036} INFO - Sync 1 DAGs
[2026-02-14T20:04:36.000+0000] {logging_mixin.py:188} INFO - [2026-02-14T20:04:36.000+0000] {dag.py:3823} INFO - Setting next_dagrun for tutorial_dag to None, run_after=None
[2026-02-14T20:04:36.037+0000] {processor.py:183} INFO - Processing /home/airflow/.local/lib/python3.8/site-packages/airflow/example_dags/tutorial_dag.py took 0.113 seconds
[2026-02-14T20:05:06.172+0000] {processor.py:161} INFO - Started process (PID=1749) to work on /home/airflow/.local/lib/python3.8/site-packages/airflow/example_dags/tutorial_dag.py
[2026-02-14T20:05:06.173+0000] {processor.py:830} INFO - Processing file /home/airflow/.local/lib/python3.8/site-packages/airflow/example_dags/tutorial_dag.py for tasks to queue
[2026-02-14T20:05:06.175+0000] {logging_mixin.py:188} INFO - [2026-02-14T20:05:06.175+0000] {dagbag.py:538} INFO - Filling up the DagBag from /home/airflow/.local/lib/python3.8/site-packages/airflow/example_dags/tutorial_dag.py
[2026-02-14T20:05:06.183+0000] {processor.py:840} INFO - DAG(s) 'tutorial_dag' retrieved from /home/airflow/.local/lib/python3.8/site-packages/airflow/example_dags/tutorial_dag.py
[2026-02-14T20:05:06.219+0000] {logging_mixin.py:188} INFO - [2026-02-14T20:05:06.219+0000] {dag.py:3036} INFO - Sync 1 DAGs
[2026-02-14T20:05:06.239+0000] {logging_mixin.py:188} INFO - [2026-02-14T20:05:06.238+0000] {dag.py:3823} INFO - Setting next_dagrun for tutorial_dag to None, run_after=None
[2026-02-14T20:05:06.268+0000] {processor.py:183} INFO - Processing /home/airflow/.local/lib/python3.8/site-packages/airflow/example_dags/tutorial_dag.py took 0.101 seconds
[2026-02-14T20:05:36.758+0000] {processor.py:161} INFO - Started process (PID=1832) to work on /home/airflow/.local/lib/python3.8/site-packages/airflow/example_dags/tutorial_dag.py
[2026-02-14T20:05:36.760+0000] {processor.py:830} INFO - Processing file /home/airflow/.local/lib/python3.8/site-packages/airflow/example_dags/tutorial_dag.py for tasks to queue
[2026-02-14T20:05:36.764+0000] {logging_mixin.py:188} INFO - [2026-02-14T20:05:36.763+0000] {dagbag.py:538} INFO - Filling up the DagBag from /home/airflow/.local/lib/python3.8/site-packages/airflow/example_dags/tutorial_dag.py
[2026-02-14T20:05:36.772+0000] {processor.py:840} INFO - DAG(s) 'tutorial_dag' retrieved from /home/airflow/.local/lib/python3.8/site-packages/airflow/example_dags/tutorial_dag.py
[2026-02-14T20:05:36.813+0000] {logging_mixin.py:188} INFO - [2026-02-14T20:05:36.812+0000] {dag.py:3036} INFO - Sync 1 DAGs
[2026-02-14T20:05:36.834+0000] {logging_mixin.py:188} INFO - [2026-02-14T20:05:36.833+0000] {dag.py:3823} INFO - Setting next_dagrun for tutorial_dag to None, run_after=None
[2026-02-14T20:05:36.868+0000] {processor.py:183} INFO - Processing /home/airflow/.local/lib/python3.8/site-packages/airflow/example_dags/tutorial_dag.py took 0.117 seconds
[2026-02-14T20:06:07.336+0000] {processor.py:161} INFO - Started process (PID=1915) to work on /home/airflow/.local/lib/python3.8/site-packages/airflow/example_dags/tutorial_dag.py
[2026-02-14T20:06:07.337+0000] {processor.py:830} INFO - Processing file /home/airflow/.local/lib/python3.8/site-packages/airflow/example_dags/tutorial_dag.py for tasks to queue
[2026-02-14T20:06:07.340+0000] {logging_mixin.py:188} INFO - [2026-02-14T20:06:07.339+0000] {dagbag.py:538} INFO - Filling up the DagBag from /home/airflow/.local/lib/python3.8/site-packages/airflow/example_dags/tutorial_dag.py
[2026-02-14T20:06:07.347+0000] {processor.py:840} INFO - DAG(s) 'tutorial_dag' retrieved from /home/airflow/.local/lib/python3.8/site-packages/airflow/example_dags/tutorial_dag.py
[2026-02-14T20:06:07.382+0000] {logging_mixin.py:188} INFO - [2026-02-14T20:06:07.381+0000] {dag.py:3036} INFO - Sync 1 DAGs
[2026-02-14T20:06:07.406+0000] {logging_mixin.py:188} INFO - [2026-02-14T20:06:07.405+0000] {dag.py:3823} INFO - Setting next_dagrun for tutorial_dag to None, run_after=None
[2026-02-14T20:06:07.438+0000] {processor.py:183} INFO - Processing /home/airflow/.local/lib/python3.8/site-packages/airflow/example_dags/tutorial_dag.py took 0.107 seconds
[2026-02-14T20:06:37.644+0000] {processor.py:161} INFO - Started process (PID=1996) to work on /home/airflow/.local/lib/python3.8/site-packages/airflow/example_dags/tutorial_dag.py
[2026-02-14T20:06:37.646+0000] {processor.py:830} INFO - Processing file /home/airflow/.local/lib/python3.8/site-packages/airflow/example_dags/tutorial_dag.py for tasks to queue
[2026-02-14T20:06:37.649+0000] {logging_mixin.py:188} INFO - [2026-02-14T20:06:37.648+0000] {dagbag.py:538} INFO - Filling up the DagBag from /home/airflow/.local/lib/python3.8/site-packages/airflow/example_dags/tutorial_dag.py
[2026-02-14T20:06:37.658+0000] {processor.py:840} INFO - DAG(s) 'tutorial_dag' retrieved from /home/airflow/.local/lib/python3.8/site-packages/airflow/example_dags/tutorial_dag.py
[2026-02-14T20:06:37.693+0000] {logging_mixin.py:188} INFO - [2026-02-14T20:06:37.692+0000] {dag.py:3036} INFO - Sync 1 DAGs
[2026-02-14T20:06:37.713+0000] {logging_mixin.py:188} INFO - [2026-02-14T20:06:37.713+0000] {dag.py:3823} INFO - Setting next_dagrun for tutorial_dag to None, run_after=None
[2026-02-14T20:06:37.740+0000] {processor.py:183} INFO - Processing /home/airflow/.local/lib/python3.8/site-packages/airflow/example_dags/tutorial_dag.py took 0.101 seconds
[2026-02-14T20:07:08.366+0000] {processor.py:161} INFO - Started process (PID=2079) to work on /home/airflow/.local/lib/python3.8/site-packages/airflow/example_dags/tutorial_dag.py
[2026-02-14T20:07:08.367+0000] {processor.py:830} INFO - Processing file /home/airflow/.local/lib/python3.8/site-packages/airflow/example_dags/tutorial_dag.py for tasks to queue
[2026-02-14T20:07:08.369+0000] {logging_mixin.py:188} INFO - [2026-02-14T20:07:08.369+0000] {dagbag.py:538} INFO - Filling up the DagBag from /home/airflow/.local/lib/python3.8/site-packages/airflow/example_dags/tutorial_dag.py
[2026-02-14T20:07:08.377+0000] {processor.py:840} INFO - DAG(s) 'tutorial_dag' retrieved from /home/airflow/.local/lib/python3.8/site-packages/airflow/example_dags/tutorial_dag.py
[2026-02-14T20:07:08.411+0000] {logging_mixin.py:188} INFO - [2026-02-14T20:07:08.411+0000] {dag.py:3036} INFO - Sync 1 DAGs
[2026-02-14T20:07:08.433+0000] {logging_mixin.py:188} INFO - [2026-02-14T20:07:08.433+0000] {dag.py:3823} INFO - Setting next_dagrun for tutorial_dag to None, run_after=None
[2026-02-14T20:07:08.467+0000] {processor.py:183} INFO - Processing /home/airflow/.local/lib/python3.8/site-packages/airflow/example_dags/tutorial_dag.py took 0.106 seconds
[2026-02-14T20:07:38.605+0000] {processor.py:161} INFO - Started process (PID=2168) to work on /home/airflow/.local/lib/python3.8/site-packages/airflow/example_dags/tutorial_dag.py
[2026-02-14T20:07:38.607+0000] {processor.py:830} INFO - Processing file /home/airflow/.local/lib/python3.8/site-packages/airflow/example_dags/tutorial_dag.py for tasks to queue
[2026-02-14T20:07:38.611+0000] {logging_mixin.py:188} INFO - [2026-02-14T20:07:38.610+0000] {dagbag.py:538} INFO - Filling up the DagBag from /home/airflow/.local/lib/python3.8/site-packages/airflow/example_dags/tutorial_dag.py
[2026-02-14T20:07:38.621+0000] {processor.py:840} INFO - DAG(s) 'tutorial_dag' retrieved from /home/airflow/.local/lib/python3.8/site-packages/airflow/example_dags/tutorial_dag.py
[2026-02-14T20:07:38.655+0000] {logging_mixin.py:188} INFO - [2026-02-14T20:07:38.655+0000] {dag.py:3036} INFO - Sync 1 DAGs
[2026-02-14T20:07:38.680+0000] {logging_mixin.py:188} INFO - [2026-02-14T20:07:38.680+0000] {dag.py:3823} INFO - Setting next_dagrun for tutorial_dag to None, run_after=None
[2026-02-14T20:07:38.713+0000] {processor.py:183} INFO - Processing /home/airflow/.local/lib/python3.8/site-packages/airflow/example_dags/tutorial_dag.py took 0.118 seconds
[2026-02-14T20:08:09.416+0000] {processor.py:161} INFO - Started process (PID=2253) to work on /home/airflow/.local/lib/python3.8/site-packages/airflow/example_dags/tutorial_dag.py
[2026-02-14T20:08:09.420+0000] {processor.py:830} INFO - Processing file /home/airflow/.local/lib/python3.8/site-packages/airflow/example_dags/tutorial_dag.py for tasks to queue
[2026-02-14T20:08:09.426+0000] {logging_mixin.py:188} INFO - [2026-02-14T20:08:09.425+0000] {dagbag.py:538} INFO - Filling up the DagBag from /home/airflow/.local/lib/python3.8/site-packages/airflow/example_dags/tutorial_dag.py
[2026-02-14T20:08:09.441+0000] {processor.py:840} INFO - DAG(s) 'tutorial_dag' retrieved from /home/airflow/.local/lib/python3.8/site-packages/airflow/example_dags/tutorial_dag.py
[2026-02-14T20:08:09.479+0000] {logging_mixin.py:188} INFO - [2026-02-14T20:08:09.479+0000] {dag.py:3036} INFO - Sync 1 DAGs
[2026-02-14T20:08:09.505+0000] {logging_mixin.py:188} INFO - [2026-02-14T20:08:09.504+0000] {dag.py:3823} INFO - Setting next_dagrun for tutorial_dag to None, run_after=None
[2026-02-14T20:08:09.539+0000] {processor.py:183} INFO - Processing /home/airflow/.local/lib/python3.8/site-packages/airflow/example_dags/tutorial_dag.py took 0.150 seconds
[2026-02-14T20:08:39.789+0000] {processor.py:161} INFO - Started process (PID=2336) to work on /home/airflow/.local/lib/python3.8/site-packages/airflow/example_dags/tutorial_dag.py
[2026-02-14T20:08:39.791+0000] {processor.py:830} INFO - Processing file /home/airflow/.local/lib/python3.8/site-packages/airflow/example_dags/tutorial_dag.py for tasks to queue
[2026-02-14T20:08:39.795+0000] {logging_mixin.py:188} INFO - [2026-02-14T20:08:39.794+0000] {dagbag.py:538} INFO - Filling up the DagBag from /home/airflow/.local/lib/python3.8/site-packages/airflow/example_dags/tutorial_dag.py
[2026-02-14T20:08:39.803+0000] {processor.py:840} INFO - DAG(s) 'tutorial_dag' retrieved from /home/airflow/.local/lib/python3.8/site-packages/airflow/example_dags/tutorial_dag.py
[2026-02-14T20:08:39.832+0000] {logging_mixin.py:188} INFO - [2026-02-14T20:08:39.832+0000] {dag.py:3036} INFO - Sync 1 DAGs
[2026-02-14T20:08:39.856+0000] {logging_mixin.py:188} INFO - [2026-02-14T20:08:39.856+0000] {dag.py:3823} INFO - Setting next_dagrun for tutorial_dag to None, run_after=None
[2026-02-14T20:08:39.890+0000] {processor.py:183} INFO - Processing /home/airflow/.local/lib/python3.8/site-packages/airflow/example_dags/tutorial_dag.py took 0.107 seconds
[2026-02-14T20:09:09.990+0000] {processor.py:161} INFO - Started process (PID=2418) to work on /home/airflow/.local/lib/python3.8/site-packages/airflow/example_dags/tutorial_dag.py
[2026-02-14T20:09:09.991+0000] {processor.py:830} INFO - Processing file /home/airflow/.local/lib/python3.8/site-packages/airflow/example_dags/tutorial_dag.py for tasks to queue
[2026-02-14T20:09:09.994+0000] {logging_mixin.py:188} INFO - [2026-02-14T20:09:09.994+0000] {dagbag.py:538} INFO - Filling up the DagBag from /home/airflow/.local/lib/python3.8/site-packages/airflow/example_dags/tutorial_dag.py
[2026-02-14T20:09:10.002+0000] {processor.py:840} INFO - DAG(s) 'tutorial_dag' retrieved from /home/airflow/.local/lib/python3.8/site-packages/airflow/example_dags/tutorial_dag.py
[2026-02-14T20:09:10.033+0000] {logging_mixin.py:188} INFO - [2026-02-14T20:09:10.033+0000] {dag.py:3036} INFO - Sync 1 DAGs
[2026-02-14T20:09:10.053+0000] {logging_mixin.py:188} INFO - [2026-02-14T20:09:10.053+0000] {dag.py:3823} INFO - Setting next_dagrun for tutorial_dag to None, run_after=None
[2026-02-14T20:09:10.081+0000] {processor.py:183} INFO - Processing /home/airflow/.local/lib/python3.8/site-packages/airflow/example_dags/tutorial_dag.py took 0.096 seconds
[2026-02-14T20:09:40.517+0000] {processor.py:161} INFO - Started process (PID=2501) to work on /home/airflow/.local/lib/python3.8/site-packages/airflow/example_dags/tutorial_dag.py
[2026-02-14T20:09:40.520+0000] {processor.py:830} INFO - Processing file /home/airflow/.local/lib/python3.8/site-packages/airflow/example_dags/tutorial_dag.py for tasks to queue
[2026-02-14T20:09:40.523+0000] {logging_mixin.py:188} INFO - [2026-02-14T20:09:40.522+0000] {dagbag.py:538} INFO - Filling up the DagBag from /home/airflow/.local/lib/python3.8/site-packages/airflow/example_dags/tutorial_dag.py
[2026-02-14T20:09:40.531+0000] {processor.py:840} INFO - DAG(s) 'tutorial_dag' retrieved from /home/airflow/.local/lib/python3.8/site-packages/airflow/example_dags/tutorial_dag.py
[2026-02-14T20:09:40.561+0000] {logging_mixin.py:188} INFO - [2026-02-14T20:09:40.561+0000] {dag.py:3036} INFO - Sync 1 DAGs
[2026-02-14T20:09:40.580+0000] {logging_mixin.py:188} INFO - [2026-02-14T20:09:40.580+0000] {dag.py:3823} INFO - Setting next_dagrun for tutorial_dag to None, run_after=None
[2026-02-14T20:09:40.608+0000] {processor.py:183} INFO - Processing /home/airflow/.local/lib/python3.8/site-packages/airflow/example_dags/tutorial_dag.py took 0.095 seconds
[2026-02-14T20:10:11.219+0000] {processor.py:161} INFO - Started process (PID=2583) to work on /home/airflow/.local/lib/python3.8/site-packages/airflow/example_dags/tutorial_dag.py
[2026-02-14T20:10:11.220+0000] {processor.py:830} INFO - Processing file /home/airflow/.local/lib/python3.8/site-packages/airflow/example_dags/tutorial_dag.py for tasks to queue
[2026-02-14T20:10:11.223+0000] {logging_mixin.py:188} INFO - [2026-02-14T20:10:11.223+0000] {dagbag.py:538} INFO - Filling up the DagBag from /home/airflow/.local/lib/python3.8/site-packages/airflow/example_dags/tutorial_dag.py
[2026-02-14T20:10:11.231+0000] {processor.py:840} INFO - DAG(s) 'tutorial_dag' retrieved from /home/airflow/.local/lib/python3.8/site-packages/airflow/example_dags/tutorial_dag.py
[2026-02-14T20:10:11.266+0000] {logging_mixin.py:188} INFO - [2026-02-14T20:10:11.265+0000] {dag.py:3036} INFO - Sync 1 DAGs
[2026-02-14T20:10:11.286+0000] {logging_mixin.py:188} INFO - [2026-02-14T20:10:11.285+0000] {dag.py:3823} INFO - Setting next_dagrun for tutorial_dag to None, run_after=None
[2026-02-14T20:10:11.319+0000] {processor.py:183} INFO - Processing /home/airflow/.local/lib/python3.8/site-packages/airflow/example_dags/tutorial_dag.py took 0.107 seconds
[2026-02-14T20:10:42.281+0000] {processor.py:161} INFO - Started process (PID=2666) to work on /home/airflow/.local/lib/python3.8/site-packages/airflow/example_dags/tutorial_dag.py
[2026-02-14T20:10:42.284+0000] {processor.py:830} INFO - Processing file /home/airflow/.local/lib/python3.8/site-packages/airflow/example_dags/tutorial_dag.py for tasks to queue
[2026-02-14T20:10:42.286+0000] {logging_mixin.py:188} INFO - [2026-02-14T20:10:42.286+0000] {dagbag.py:538} INFO - Filling up the DagBag from /home/airflow/.local/lib/python3.8/site-packages/airflow/example_dags/tutorial_dag.py
[2026-02-14T20:10:42.295+0000] {processor.py:840} INFO - DAG(s) 'tutorial_dag' retrieved from /home/airflow/.local/lib/python3.8/site-packages/airflow/example_dags/tutorial_dag.py
[2026-02-14T20:10:42.332+0000] {logging_mixin.py:188} INFO - [2026-02-14T20:10:42.332+0000] {dag.py:3036} INFO - Sync 1 DAGs
[2026-02-14T20:10:42.377+0000] {logging_mixin.py:188} INFO - [2026-02-14T20:10:42.376+0000] {dag.py:3823} INFO - Setting next_dagrun for tutorial_dag to None, run_after=None
[2026-02-14T20:10:42.420+0000] {processor.py:183} INFO - Processing /home/airflow/.local/lib/python3.8/site-packages/airflow/example_dags/tutorial_dag.py took 0.144 seconds
[2026-02-14T20:11:12.502+0000] {processor.py:161} INFO - Started process (PID=2749) to work on /home/airflow/.local/lib/python3.8/site-packages/airflow/example_dags/tutorial_dag.py
[2026-02-14T20:11:12.503+0000] {processor.py:830} INFO - Processing file /home/airflow/.local/lib/python3.8/site-packages/airflow/example_dags/tutorial_dag.py for tasks to queue
[2026-02-14T20:11:12.507+0000] {logging_mixin.py:188} INFO - [2026-02-14T20:11:12.506+0000] {dagbag.py:538} INFO - Filling up the DagBag from /home/airflow/.local/lib/python3.8/site-packages/airflow/example_dags/tutorial_dag.py
[2026-02-14T20:11:12.516+0000] {processor.py:840} INFO - DAG(s) 'tutorial_dag' retrieved from /home/airflow/.local/lib/python3.8/site-packages/airflow/example_dags/tutorial_dag.py
[2026-02-14T20:11:12.553+0000] {logging_mixin.py:188} INFO - [2026-02-14T20:11:12.552+0000] {dag.py:3036} INFO - Sync 1 DAGs
[2026-02-14T20:11:12.577+0000] {logging_mixin.py:188} INFO - [2026-02-14T20:11:12.576+0000] {dag.py:3823} INFO - Setting next_dagrun for tutorial_dag to None, run_after=None
[2026-02-14T20:11:12.633+0000] {processor.py:183} INFO - Processing /home/airflow/.local/lib/python3.8/site-packages/airflow/example_dags/tutorial_dag.py took 0.137 seconds
[2026-02-14T20:11:43.050+0000] {processor.py:161} INFO - Started process (PID=2832) to work on /home/airflow/.local/lib/python3.8/site-packages/airflow/example_dags/tutorial_dag.py
[2026-02-14T20:11:43.052+0000] {processor.py:830} INFO - Processing file /home/airflow/.local/lib/python3.8/site-packages/airflow/example_dags/tutorial_dag.py for tasks to queue
[2026-02-14T20:11:43.056+0000] {logging_mixin.py:188} INFO - [2026-02-14T20:11:43.055+0000] {dagbag.py:538} INFO - Filling up the DagBag from /home/airflow/.local/lib/python3.8/site-packages/airflow/example_dags/tutorial_dag.py
[2026-02-14T20:11:43.066+0000] {processor.py:840} INFO - DAG(s) 'tutorial_dag' retrieved from /home/airflow/.local/lib/python3.8/site-packages/airflow/example_dags/tutorial_dag.py
[2026-02-14T20:11:43.107+0000] {logging_mixin.py:188} INFO - [2026-02-14T20:11:43.107+0000] {dag.py:3036} INFO - Sync 1 DAGs
[2026-02-14T20:11:43.132+0000] {logging_mixin.py:188} INFO - [2026-02-14T20:11:43.131+0000] {dag.py:3823} INFO - Setting next_dagrun for tutorial_dag to None, run_after=None
[2026-02-14T20:11:43.162+0000] {processor.py:183} INFO - Processing /home/airflow/.local/lib/python3.8/site-packages/airflow/example_dags/tutorial_dag.py took 0.118 seconds
[2026-02-14T20:12:13.394+0000] {processor.py:161} INFO - Started process (PID=2922) to work on /home/airflow/.local/lib/python3.8/site-packages/airflow/example_dags/tutorial_dag.py
[2026-02-14T20:12:13.396+0000] {processor.py:830} INFO - Processing file /home/airflow/.local/lib/python3.8/site-packages/airflow/example_dags/tutorial_dag.py for tasks to queue
[2026-02-14T20:12:13.398+0000] {logging_mixin.py:188} INFO - [2026-02-14T20:12:13.398+0000] {dagbag.py:538} INFO - Filling up the DagBag from /home/airflow/.local/lib/python3.8/site-packages/airflow/example_dags/tutorial_dag.py
[2026-02-14T20:12:13.407+0000] {processor.py:840} INFO - DAG(s) 'tutorial_dag' retrieved from /home/airflow/.local/lib/python3.8/site-packages/airflow/example_dags/tutorial_dag.py
[2026-02-14T20:12:13.440+0000] {logging_mixin.py:188} INFO - [2026-02-14T20:12:13.440+0000] {dag.py:3036} INFO - Sync 1 DAGs
[2026-02-14T20:12:13.460+0000] {logging_mixin.py:188} INFO - [2026-02-14T20:12:13.460+0000] {dag.py:3823} INFO - Setting next_dagrun for tutorial_dag to None, run_after=None
[2026-02-14T20:12:13.493+0000] {processor.py:183} INFO - Processing /home/airflow/.local/lib/python3.8/site-packages/airflow/example_dags/tutorial_dag.py took 0.105 seconds
[2026-02-14T20:12:43.879+0000] {processor.py:161} INFO - Started process (PID=3005) to work on /home/airflow/.local/lib/python3.8/site-packages/airflow/example_dags/tutorial_dag.py
[2026-02-14T20:12:43.882+0000] {processor.py:830} INFO - Processing file /home/airflow/.local/lib/python3.8/site-packages/airflow/example_dags/tutorial_dag.py for tasks to queue
[2026-02-14T20:12:43.885+0000] {logging_mixin.py:188} INFO - [2026-02-14T20:12:43.884+0000] {dagbag.py:538} INFO - Filling up the DagBag from /home/airflow/.local/lib/python3.8/site-packages/airflow/example_dags/tutorial_dag.py
[2026-02-14T20:12:43.893+0000] {processor.py:840} INFO - DAG(s) 'tutorial_dag' retrieved from /home/airflow/.local/lib/python3.8/site-packages/airflow/example_dags/tutorial_dag.py
[2026-02-14T20:12:43.930+0000] {logging_mixin.py:188} INFO - [2026-02-14T20:12:43.929+0000] {dag.py:3036} INFO - Sync 1 DAGs
[2026-02-14T20:12:43.954+0000] {logging_mixin.py:188} INFO - [2026-02-14T20:12:43.954+0000] {dag.py:3823} INFO - Setting next_dagrun for tutorial_dag to None, run_after=None
[2026-02-14T20:12:43.988+0000] {processor.py:183} INFO - Processing /home/airflow/.local/lib/python3.8/site-packages/airflow/example_dags/tutorial_dag.py took 0.113 seconds
[2026-02-14T20:13:14.194+0000] {processor.py:161} INFO - Started process (PID=3088) to work on /home/airflow/.local/lib/python3.8/site-packages/airflow/example_dags/tutorial_dag.py
[2026-02-14T20:13:14.196+0000] {processor.py:830} INFO - Processing file /home/airflow/.local/lib/python3.8/site-packages/airflow/example_dags/tutorial_dag.py for tasks to queue
[2026-02-14T20:13:14.199+0000] {logging_mixin.py:188} INFO - [2026-02-14T20:13:14.199+0000] {dagbag.py:538} INFO - Filling up the DagBag from /home/airflow/.local/lib/python3.8/site-packages/airflow/example_dags/tutorial_dag.py
[2026-02-14T20:13:14.208+0000] {processor.py:840} INFO - DAG(s) 'tutorial_dag' retrieved from /home/airflow/.local/lib/python3.8/site-packages/airflow/example_dags/tutorial_dag.py
[2026-02-14T20:13:14.247+0000] {logging_mixin.py:188} INFO - [2026-02-14T20:13:14.247+0000] {dag.py:3036} INFO - Sync 1 DAGs
[2026-02-14T20:13:14.272+0000] {logging_mixin.py:188} INFO - [2026-02-14T20:13:14.272+0000] {dag.py:3823} INFO - Setting next_dagrun for tutorial_dag to None, run_after=None
[2026-02-14T20:13:14.305+0000] {processor.py:183} INFO - Processing /home/airflow/.local/lib/python3.8/site-packages/airflow/example_dags/tutorial_dag.py took 0.117 seconds
[2026-02-14T20:13:44.842+0000] {processor.py:161} INFO - Started process (PID=3171) to work on /home/airflow/.local/lib/python3.8/site-packages/airflow/example_dags/tutorial_dag.py
[2026-02-14T20:13:44.843+0000] {processor.py:830} INFO - Processing file /home/airflow/.local/lib/python3.8/site-packages/airflow/example_dags/tutorial_dag.py for tasks to queue
[2026-02-14T20:13:44.845+0000] {logging_mixin.py:188} INFO - [2026-02-14T20:13:44.845+0000] {dagbag.py:538} INFO - Filling up the DagBag from /home/airflow/.local/lib/python3.8/site-packages/airflow/example_dags/tutorial_dag.py
[2026-02-14T20:13:44.853+0000] {processor.py:840} INFO - DAG(s) 'tutorial_dag' retrieved from /home/airflow/.local/lib/python3.8/site-packages/airflow/example_dags/tutorial_dag.py
[2026-02-14T20:13:44.884+0000] {logging_mixin.py:188} INFO - [2026-02-14T20:13:44.884+0000] {dag.py:3036} INFO - Sync 1 DAGs
[2026-02-14T20:13:44.906+0000] {logging_mixin.py:188} INFO - [2026-02-14T20:13:44.905+0000] {dag.py:3823} INFO - Setting next_dagrun for tutorial_dag to None, run_after=None
[2026-02-14T20:13:44.939+0000] {processor.py:183} INFO - Processing /home/airflow/.local/lib/python3.8/site-packages/airflow/example_dags/tutorial_dag.py took 0.101 seconds
[2026-02-14T20:14:15.290+0000] {processor.py:161} INFO - Started process (PID=3254) to work on /home/airflow/.local/lib/python3.8/site-packages/airflow/example_dags/tutorial_dag.py
[2026-02-14T20:14:15.292+0000] {processor.py:830} INFO - Processing file /home/airflow/.local/lib/python3.8/site-packages/airflow/example_dags/tutorial_dag.py for tasks to queue
[2026-02-14T20:14:15.295+0000] {logging_mixin.py:188} INFO - [2026-02-14T20:14:15.294+0000] {dagbag.py:538} INFO - Filling up the DagBag from /home/airflow/.local/lib/python3.8/site-packages/airflow/example_dags/tutorial_dag.py
[2026-02-14T20:14:15.304+0000] {processor.py:840} INFO - DAG(s) 'tutorial_dag' retrieved from /home/airflow/.local/lib/python3.8/site-packages/airflow/example_dags/tutorial_dag.py
[2026-02-14T20:14:15.343+0000] {logging_mixin.py:188} INFO - [2026-02-14T20:14:15.342+0000] {dag.py:3036} INFO - Sync 1 DAGs
[2026-02-14T20:14:15.367+0000] {logging_mixin.py:188} INFO - [2026-02-14T20:14:15.367+0000] {dag.py:3823} INFO - Setting next_dagrun for tutorial_dag to None, run_after=None
[2026-02-14T20:14:15.400+0000] {processor.py:183} INFO - Processing /home/airflow/.local/lib/python3.8/site-packages/airflow/example_dags/tutorial_dag.py took 0.117 seconds
[2026-02-14T20:14:45.720+0000] {processor.py:161} INFO - Started process (PID=3339) to work on /home/airflow/.local/lib/python3.8/site-packages/airflow/example_dags/tutorial_dag.py
[2026-02-14T20:14:45.722+0000] {processor.py:830} INFO - Processing file /home/airflow/.local/lib/python3.8/site-packages/airflow/example_dags/tutorial_dag.py for tasks to queue
[2026-02-14T20:14:45.725+0000] {logging_mixin.py:188} INFO - [2026-02-14T20:14:45.724+0000] {dagbag.py:538} INFO - Filling up the DagBag from /home/airflow/.local/lib/python3.8/site-packages/airflow/example_dags/tutorial_dag.py
[2026-02-14T20:14:45.736+0000] {processor.py:840} INFO - DAG(s) 'tutorial_dag' retrieved from /home/airflow/.local/lib/python3.8/site-packages/airflow/example_dags/tutorial_dag.py
[2026-02-14T20:14:45.773+0000] {logging_mixin.py:188} INFO - [2026-02-14T20:14:45.773+0000] {dag.py:3036} INFO - Sync 1 DAGs
[2026-02-14T20:14:45.795+0000] {logging_mixin.py:188} INFO - [2026-02-14T20:14:45.795+0000] {dag.py:3823} INFO - Setting next_dagrun for tutorial_dag to None, run_after=None
[2026-02-14T20:14:45.830+0000] {processor.py:183} INFO - Processing /home/airflow/.local/lib/python3.8/site-packages/airflow/example_dags/tutorial_dag.py took 0.116 seconds
[2026-02-14T20:15:16.641+0000] {processor.py:161} INFO - Started process (PID=3422) to work on /home/airflow/.local/lib/python3.8/site-packages/airflow/example_dags/tutorial_dag.py
[2026-02-14T20:15:16.643+0000] {processor.py:830} INFO - Processing file /home/airflow/.local/lib/python3.8/site-packages/airflow/example_dags/tutorial_dag.py for tasks to queue
[2026-02-14T20:15:16.645+0000] {logging_mixin.py:188} INFO - [2026-02-14T20:15:16.645+0000] {dagbag.py:538} INFO - Filling up the DagBag from /home/airflow/.local/lib/python3.8/site-packages/airflow/example_dags/tutorial_dag.py
[2026-02-14T20:15:16.653+0000] {processor.py:840} INFO - DAG(s) 'tutorial_dag' retrieved from /home/airflow/.local/lib/python3.8/site-packages/airflow/example_dags/tutorial_dag.py
[2026-02-14T20:15:16.683+0000] {logging_mixin.py:188} INFO - [2026-02-14T20:15:16.682+0000] {dag.py:3036} INFO - Sync 1 DAGs
[2026-02-14T20:15:16.703+0000] {logging_mixin.py:188} INFO - [2026-02-14T20:15:16.703+0000] {dag.py:3823} INFO - Setting next_dagrun for tutorial_dag to None, run_after=None
[2026-02-14T20:15:16.731+0000] {processor.py:183} INFO - Processing /home/airflow/.local/lib/python3.8/site-packages/airflow/example_dags/tutorial_dag.py took 0.094 seconds
[2026-02-14T20:15:47.059+0000] {processor.py:161} INFO - Started process (PID=3505) to work on /home/airflow/.local/lib/python3.8/site-packages/airflow/example_dags/tutorial_dag.py
[2026-02-14T20:15:47.061+0000] {processor.py:830} INFO - Processing file /home/airflow/.local/lib/python3.8/site-packages/airflow/example_dags/tutorial_dag.py for tasks to queue
[2026-02-14T20:15:47.063+0000] {logging_mixin.py:188} INFO - [2026-02-14T20:15:47.063+0000] {dagbag.py:538} INFO - Filling up the DagBag from /home/airflow/.local/lib/python3.8/site-packages/airflow/example_dags/tutorial_dag.py
[2026-02-14T20:15:47.071+0000] {processor.py:840} INFO - DAG(s) 'tutorial_dag' retrieved from /home/airflow/.local/lib/python3.8/site-packages/airflow/example_dags/tutorial_dag.py
[2026-02-14T20:15:47.102+0000] {logging_mixin.py:188} INFO - [2026-02-14T20:15:47.101+0000] {dag.py:3036} INFO - Sync 1 DAGs
[2026-02-14T20:15:47.127+0000] {logging_mixin.py:188} INFO - [2026-02-14T20:15:47.126+0000] {dag.py:3823} INFO - Setting next_dagrun for tutorial_dag to None, run_after=None
[2026-02-14T20:15:47.174+0000] {processor.py:183} INFO - Processing /home/airflow/.local/lib/python3.8/site-packages/airflow/example_dags/tutorial_dag.py took 0.119 seconds
[2026-02-14T20:16:17.437+0000] {processor.py:161} INFO - Started process (PID=3594) to work on /home/airflow/.local/lib/python3.8/site-packages/airflow/example_dags/tutorial_dag.py
[2026-02-14T20:16:17.439+0000] {processor.py:830} INFO - Processing file /home/airflow/.local/lib/python3.8/site-packages/airflow/example_dags/tutorial_dag.py for tasks to queue
[2026-02-14T20:16:17.442+0000] {logging_mixin.py:188} INFO - [2026-02-14T20:16:17.441+0000] {dagbag.py:538} INFO - Filling up the DagBag from /home/airflow/.local/lib/python3.8/site-packages/airflow/example_dags/tutorial_dag.py
[2026-02-14T20:16:17.450+0000] {processor.py:840} INFO - DAG(s) 'tutorial_dag' retrieved from /home/airflow/.local/lib/python3.8/site-packages/airflow/example_dags/tutorial_dag.py
[2026-02-14T20:16:17.482+0000] {logging_mixin.py:188} INFO - [2026-02-14T20:16:17.482+0000] {dag.py:3036} INFO - Sync 1 DAGs
[2026-02-14T20:16:17.502+0000] {logging_mixin.py:188} INFO - [2026-02-14T20:16:17.502+0000] {dag.py:3823} INFO - Setting next_dagrun for tutorial_dag to None, run_after=None
[2026-02-14T20:16:17.533+0000] {processor.py:183} INFO - Processing /home/airflow/.local/lib/python3.8/site-packages/airflow/example_dags/tutorial_dag.py took 0.102 seconds
[2026-02-14T20:16:47.943+0000] {processor.py:161} INFO - Started process (PID=3679) to work on /home/airflow/.local/lib/python3.8/site-packages/airflow/example_dags/tutorial_dag.py
[2026-02-14T20:16:47.945+0000] {processor.py:830} INFO - Processing file /home/airflow/.local/lib/python3.8/site-packages/airflow/example_dags/tutorial_dag.py for tasks to queue
[2026-02-14T20:16:47.948+0000] {logging_mixin.py:188} INFO - [2026-02-14T20:16:47.947+0000] {dagbag.py:538} INFO - Filling up the DagBag from /home/airflow/.local/lib/python3.8/site-packages/airflow/example_dags/tutorial_dag.py
[2026-02-14T20:16:47.958+0000] {processor.py:840} INFO - DAG(s) 'tutorial_dag' retrieved from /home/airflow/.local/lib/python3.8/site-packages/airflow/example_dags/tutorial_dag.py
[2026-02-14T20:16:47.995+0000] {logging_mixin.py:188} INFO - [2026-02-14T20:16:47.995+0000] {dag.py:3036} INFO - Sync 1 DAGs
[2026-02-14T20:16:48.021+0000] {logging_mixin.py:188} INFO - [2026-02-14T20:16:48.020+0000] {dag.py:3823} INFO - Setting next_dagrun for tutorial_dag to None, run_after=None
[2026-02-14T20:16:48.058+0000] {processor.py:183} INFO - Processing /home/airflow/.local/lib/python3.8/site-packages/airflow/example_dags/tutorial_dag.py took 0.122 seconds
[2026-02-14T20:17:18.722+0000] {processor.py:161} INFO - Started process (PID=3762) to work on /home/airflow/.local/lib/python3.8/site-packages/airflow/example_dags/tutorial_dag.py
[2026-02-14T20:17:18.724+0000] {processor.py:830} INFO - Processing file /home/airflow/.local/lib/python3.8/site-packages/airflow/example_dags/tutorial_dag.py for tasks to queue
[2026-02-14T20:17:18.730+0000] {logging_mixin.py:188} INFO - [2026-02-14T20:17:18.730+0000] {dagbag.py:538} INFO - Filling up the DagBag from /home/airflow/.local/lib/python3.8/site-packages/airflow/example_dags/tutorial_dag.py
[2026-02-14T20:17:18.740+0000] {processor.py:840} INFO - DAG(s) 'tutorial_dag' retrieved from /home/airflow/.local/lib/python3.8/site-packages/airflow/example_dags/tutorial_dag.py
[2026-02-14T20:17:18.779+0000] {logging_mixin.py:188} INFO - [2026-02-14T20:17:18.779+0000] {dag.py:3036} INFO - Sync 1 DAGs
[2026-02-14T20:17:18.805+0000] {logging_mixin.py:188} INFO - [2026-02-14T20:17:18.804+0000] {dag.py:3823} INFO - Setting next_dagrun for tutorial_dag to None, run_after=None
[2026-02-14T20:17:18.840+0000] {processor.py:183} INFO - Processing /home/airflow/.local/lib/python3.8/site-packages/airflow/example_dags/tutorial_dag.py took 0.124 seconds
[2026-02-14T20:17:49.142+0000] {processor.py:161} INFO - Started process (PID=3847) to work on /home/airflow/.local/lib/python3.8/site-packages/airflow/example_dags/tutorial_dag.py
[2026-02-14T20:17:49.143+0000] {processor.py:830} INFO - Processing file /home/airflow/.local/lib/python3.8/site-packages/airflow/example_dags/tutorial_dag.py for tasks to queue
[2026-02-14T20:17:49.146+0000] {logging_mixin.py:188} INFO - [2026-02-14T20:17:49.146+0000] {dagbag.py:538} INFO - Filling up the DagBag from /home/airflow/.local/lib/python3.8/site-packages/airflow/example_dags/tutorial_dag.py
[2026-02-14T20:17:49.154+0000] {processor.py:840} INFO - DAG(s) 'tutorial_dag' retrieved from /home/airflow/.local/lib/python3.8/site-packages/airflow/example_dags/tutorial_dag.py
[2026-02-14T20:17:49.188+0000] {logging_mixin.py:188} INFO - [2026-02-14T20:17:49.188+0000] {dag.py:3036} INFO - Sync 1 DAGs
[2026-02-14T20:17:49.210+0000] {logging_mixin.py:188} INFO - [2026-02-14T20:17:49.210+0000] {dag.py:3823} INFO - Setting next_dagrun for tutorial_dag to None, run_after=None
[2026-02-14T20:17:49.240+0000] {processor.py:183} INFO - Processing /home/airflow/.local/lib/python3.8/site-packages/airflow/example_dags/tutorial_dag.py took 0.102 seconds
[2026-02-14T20:18:19.629+0000] {processor.py:161} INFO - Started process (PID=3930) to work on /home/airflow/.local/lib/python3.8/site-packages/airflow/example_dags/tutorial_dag.py
[2026-02-14T20:18:19.631+0000] {processor.py:830} INFO - Processing file /home/airflow/.local/lib/python3.8/site-packages/airflow/example_dags/tutorial_dag.py for tasks to queue
[2026-02-14T20:18:19.634+0000] {logging_mixin.py:188} INFO - [2026-02-14T20:18:19.633+0000] {dagbag.py:538} INFO - Filling up the DagBag from /home/airflow/.local/lib/python3.8/site-packages/airflow/example_dags/tutorial_dag.py
[2026-02-14T20:18:19.643+0000] {processor.py:840} INFO - DAG(s) 'tutorial_dag' retrieved from /home/airflow/.local/lib/python3.8/site-packages/airflow/example_dags/tutorial_dag.py
[2026-02-14T20:18:19.677+0000] {logging_mixin.py:188} INFO - [2026-02-14T20:18:19.677+0000] {dag.py:3036} INFO - Sync 1 DAGs
[2026-02-14T20:18:19.700+0000] {logging_mixin.py:188} INFO - [2026-02-14T20:18:19.700+0000] {dag.py:3823} INFO - Setting next_dagrun for tutorial_dag to None, run_after=None
[2026-02-14T20:18:19.732+0000] {processor.py:183} INFO - Processing /home/airflow/.local/lib/python3.8/site-packages/airflow/example_dags/tutorial_dag.py took 0.110 seconds
[2026-02-14T20:18:50.431+0000] {processor.py:161} INFO - Started process (PID=4011) to work on /home/airflow/.local/lib/python3.8/site-packages/airflow/example_dags/tutorial_dag.py
[2026-02-14T20:18:50.432+0000] {processor.py:830} INFO - Processing file /home/airflow/.local/lib/python3.8/site-packages/airflow/example_dags/tutorial_dag.py for tasks to queue
[2026-02-14T20:18:50.434+0000] {logging_mixin.py:188} INFO - [2026-02-14T20:18:50.434+0000] {dagbag.py:538} INFO - Filling up the DagBag from /home/airflow/.local/lib/python3.8/site-packages/airflow/example_dags/tutorial_dag.py
[2026-02-14T20:18:50.442+0000] {processor.py:840} INFO - DAG(s) 'tutorial_dag' retrieved from /home/airflow/.local/lib/python3.8/site-packages/airflow/example_dags/tutorial_dag.py
[2026-02-14T20:18:50.474+0000] {logging_mixin.py:188} INFO - [2026-02-14T20:18:50.474+0000] {dag.py:3036} INFO - Sync 1 DAGs
[2026-02-14T20:18:50.498+0000] {logging_mixin.py:188} INFO - [2026-02-14T20:18:50.498+0000] {dag.py:3823} INFO - Setting next_dagrun for tutorial_dag to None, run_after=None
[2026-02-14T20:18:50.530+0000] {processor.py:183} INFO - Processing /home/airflow/.local/lib/python3.8/site-packages/airflow/example_dags/tutorial_dag.py took 0.104 seconds
[2026-02-14T20:19:20.693+0000] {processor.py:161} INFO - Started process (PID=4094) to work on /home/airflow/.local/lib/python3.8/site-packages/airflow/example_dags/tutorial_dag.py
[2026-02-14T20:19:20.695+0000] {processor.py:830} INFO - Processing file /home/airflow/.local/lib/python3.8/site-packages/airflow/example_dags/tutorial_dag.py for tasks to queue
[2026-02-14T20:19:20.698+0000] {logging_mixin.py:188} INFO - [2026-02-14T20:19:20.697+0000] {dagbag.py:538} INFO - Filling up the DagBag from /home/airflow/.local/lib/python3.8/site-packages/airflow/example_dags/tutorial_dag.py
[2026-02-14T20:19:20.707+0000] {processor.py:840} INFO - DAG(s) 'tutorial_dag' retrieved from /home/airflow/.local/lib/python3.8/site-packages/airflow/example_dags/tutorial_dag.py
[2026-02-14T20:19:20.741+0000] {logging_mixin.py:188} INFO - [2026-02-14T20:19:20.741+0000] {dag.py:3036} INFO - Sync 1 DAGs
[2026-02-14T20:19:20.761+0000] {logging_mixin.py:188} INFO - [2026-02-14T20:19:20.761+0000] {dag.py:3823} INFO - Setting next_dagrun for tutorial_dag to None, run_after=None
[2026-02-14T20:19:20.788+0000] {processor.py:183} INFO - Processing /home/airflow/.local/lib/python3.8/site-packages/airflow/example_dags/tutorial_dag.py took 0.101 seconds
[2026-02-14T20:19:51.791+0000] {processor.py:161} INFO - Started process (PID=4177) to work on /home/airflow/.local/lib/python3.8/site-packages/airflow/example_dags/tutorial_dag.py
[2026-02-14T20:19:51.792+0000] {processor.py:830} INFO - Processing file /home/airflow/.local/lib/python3.8/site-packages/airflow/example_dags/tutorial_dag.py for tasks to queue
[2026-02-14T20:19:51.795+0000] {logging_mixin.py:188} INFO - [2026-02-14T20:19:51.795+0000] {dagbag.py:538} INFO - Filling up the DagBag from /home/airflow/.local/lib/python3.8/site-packages/airflow/example_dags/tutorial_dag.py
[2026-02-14T20:19:51.804+0000] {processor.py:840} INFO - DAG(s) 'tutorial_dag' retrieved from /home/airflow/.local/lib/python3.8/site-packages/airflow/example_dags/tutorial_dag.py
[2026-02-14T20:19:51.835+0000] {logging_mixin.py:188} INFO - [2026-02-14T20:19:51.835+0000] {dag.py:3036} INFO - Sync 1 DAGs
[2026-02-14T20:19:51.856+0000] {logging_mixin.py:188} INFO - [2026-02-14T20:19:51.856+0000] {dag.py:3823} INFO - Setting next_dagrun for tutorial_dag to None, run_after=None
[2026-02-14T20:19:51.884+0000] {processor.py:183} INFO - Processing /home/airflow/.local/lib/python3.8/site-packages/airflow/example_dags/tutorial_dag.py took 0.098 seconds
[2026-02-14T20:20:22.654+0000] {processor.py:161} INFO - Started process (PID=4261) to work on /home/airflow/.local/lib/python3.8/site-packages/airflow/example_dags/tutorial_dag.py
[2026-02-14T20:20:22.656+0000] {processor.py:830} INFO - Processing file /home/airflow/.local/lib/python3.8/site-packages/airflow/example_dags/tutorial_dag.py for tasks to queue
[2026-02-14T20:20:22.660+0000] {logging_mixin.py:188} INFO - [2026-02-14T20:20:22.659+0000] {dagbag.py:538} INFO - Filling up the DagBag from /home/airflow/.local/lib/python3.8/site-packages/airflow/example_dags/tutorial_dag.py
[2026-02-14T20:20:22.669+0000] {processor.py:840} INFO - DAG(s) 'tutorial_dag' retrieved from /home/airflow/.local/lib/python3.8/site-packages/airflow/example_dags/tutorial_dag.py
[2026-02-14T20:20:22.706+0000] {logging_mixin.py:188} INFO - [2026-02-14T20:20:22.706+0000] {dag.py:3036} INFO - Sync 1 DAGs
[2026-02-14T20:20:22.727+0000] {logging_mixin.py:188} INFO - [2026-02-14T20:20:22.727+0000] {dag.py:3823} INFO - Setting next_dagrun for tutorial_dag to None, run_after=None
[2026-02-14T20:20:22.764+0000] {processor.py:183} INFO - Processing /home/airflow/.local/lib/python3.8/site-packages/airflow/example_dags/tutorial_dag.py took 0.116 seconds
[2026-02-14T20:20:53.817+0000] {processor.py:161} INFO - Started process (PID=4353) to work on /home/airflow/.local/lib/python3.8/site-packages/airflow/example_dags/tutorial_dag.py
[2026-02-14T20:20:53.819+0000] {processor.py:830} INFO - Processing file /home/airflow/.local/lib/python3.8/site-packages/airflow/example_dags/tutorial_dag.py for tasks to queue
[2026-02-14T20:20:53.822+0000] {logging_mixin.py:188} INFO - [2026-02-14T20:20:53.821+0000] {dagbag.py:538} INFO - Filling up the DagBag from /home/airflow/.local/lib/python3.8/site-packages/airflow/example_dags/tutorial_dag.py
[2026-02-14T20:20:53.831+0000] {processor.py:840} INFO - DAG(s) 'tutorial_dag' retrieved from /home/airflow/.local/lib/python3.8/site-packages/airflow/example_dags/tutorial_dag.py
[2026-02-14T20:20:53.869+0000] {logging_mixin.py:188} INFO - [2026-02-14T20:20:53.868+0000] {dag.py:3036} INFO - Sync 1 DAGs
[2026-02-14T20:20:53.896+0000] {logging_mixin.py:188} INFO - [2026-02-14T20:20:53.895+0000] {dag.py:3823} INFO - Setting next_dagrun for tutorial_dag to None, run_after=None
[2026-02-14T20:20:54.172+0000] {processor.py:183} INFO - Processing /home/airflow/.local/lib/python3.8/site-packages/airflow/example_dags/tutorial_dag.py took 0.361 seconds
[2026-02-14T20:21:24.914+0000] {processor.py:161} INFO - Started process (PID=4438) to work on /home/airflow/.local/lib/python3.8/site-packages/airflow/example_dags/tutorial_dag.py
[2026-02-14T20:21:24.916+0000] {processor.py:830} INFO - Processing file /home/airflow/.local/lib/python3.8/site-packages/airflow/example_dags/tutorial_dag.py for tasks to queue
[2026-02-14T20:21:24.919+0000] {logging_mixin.py:188} INFO - [2026-02-14T20:21:24.918+0000] {dagbag.py:538} INFO - Filling up the DagBag from /home/airflow/.local/lib/python3.8/site-packages/airflow/example_dags/tutorial_dag.py
[2026-02-14T20:21:24.929+0000] {processor.py:840} INFO - DAG(s) 'tutorial_dag' retrieved from /home/airflow/.local/lib/python3.8/site-packages/airflow/example_dags/tutorial_dag.py
[2026-02-14T20:21:24.964+0000] {logging_mixin.py:188} INFO - [2026-02-14T20:21:24.964+0000] {dag.py:3036} INFO - Sync 1 DAGs
[2026-02-14T20:21:24.987+0000] {logging_mixin.py:188} INFO - [2026-02-14T20:21:24.987+0000] {dag.py:3823} INFO - Setting next_dagrun for tutorial_dag to None, run_after=None
[2026-02-14T20:21:25.019+0000] {processor.py:183} INFO - Processing /home/airflow/.local/lib/python3.8/site-packages/airflow/example_dags/tutorial_dag.py took 0.112 seconds
[2026-02-14T20:21:55.836+0000] {processor.py:161} INFO - Started process (PID=4520) to work on /home/airflow/.local/lib/python3.8/site-packages/airflow/example_dags/tutorial_dag.py
[2026-02-14T20:21:55.837+0000] {processor.py:830} INFO - Processing file /home/airflow/.local/lib/python3.8/site-packages/airflow/example_dags/tutorial_dag.py for tasks to queue
[2026-02-14T20:21:55.840+0000] {logging_mixin.py:188} INFO - [2026-02-14T20:21:55.839+0000] {dagbag.py:538} INFO - Filling up the DagBag from /home/airflow/.local/lib/python3.8/site-packages/airflow/example_dags/tutorial_dag.py
[2026-02-14T20:21:55.848+0000] {processor.py:840} INFO - DAG(s) 'tutorial_dag' retrieved from /home/airflow/.local/lib/python3.8/site-packages/airflow/example_dags/tutorial_dag.py
[2026-02-14T20:21:55.878+0000] {logging_mixin.py:188} INFO - [2026-02-14T20:21:55.878+0000] {dag.py:3036} INFO - Sync 1 DAGs
[2026-02-14T20:21:55.898+0000] {logging_mixin.py:188} INFO - [2026-02-14T20:21:55.898+0000] {dag.py:3823} INFO - Setting next_dagrun for tutorial_dag to None, run_after=None
[2026-02-14T20:21:55.925+0000] {processor.py:183} INFO - Processing /home/airflow/.local/lib/python3.8/site-packages/airflow/example_dags/tutorial_dag.py took 0.094 seconds
[2026-02-14T20:22:26.223+0000] {processor.py:161} INFO - Started process (PID=4602) to work on /home/airflow/.local/lib/python3.8/site-packages/airflow/example_dags/tutorial_dag.py
[2026-02-14T20:22:26.225+0000] {processor.py:830} INFO - Processing file /home/airflow/.local/lib/python3.8/site-packages/airflow/example_dags/tutorial_dag.py for tasks to queue
[2026-02-14T20:22:26.227+0000] {logging_mixin.py:188} INFO - [2026-02-14T20:22:26.227+0000] {dagbag.py:538} INFO - Filling up the DagBag from /home/airflow/.local/lib/python3.8/site-packages/airflow/example_dags/tutorial_dag.py
[2026-02-14T20:22:26.235+0000] {processor.py:840} INFO - DAG(s) 'tutorial_dag' retrieved from /home/airflow/.local/lib/python3.8/site-packages/airflow/example_dags/tutorial_dag.py
[2026-02-14T20:22:26.265+0000] {logging_mixin.py:188} INFO - [2026-02-14T20:22:26.265+0000] {dag.py:3036} INFO - Sync 1 DAGs
[2026-02-14T20:22:26.284+0000] {logging_mixin.py:188} INFO - [2026-02-14T20:22:26.284+0000] {dag.py:3823} INFO - Setting next_dagrun for tutorial_dag to None, run_after=None
[2026-02-14T20:22:26.314+0000] {processor.py:183} INFO - Processing /home/airflow/.local/lib/python3.8/site-packages/airflow/example_dags/tutorial_dag.py took 0.095 seconds
[2026-02-14T20:22:57.164+0000] {processor.py:161} INFO - Started process (PID=4684) to work on /home/airflow/.local/lib/python3.8/site-packages/airflow/example_dags/tutorial_dag.py
[2026-02-14T20:22:57.166+0000] {processor.py:830} INFO - Processing file /home/airflow/.local/lib/python3.8/site-packages/airflow/example_dags/tutorial_dag.py for tasks to queue
[2026-02-14T20:22:57.170+0000] {logging_mixin.py:188} INFO - [2026-02-14T20:22:57.169+0000] {dagbag.py:538} INFO - Filling up the DagBag from /home/airflow/.local/lib/python3.8/site-packages/airflow/example_dags/tutorial_dag.py
[2026-02-14T20:22:57.179+0000] {processor.py:840} INFO - DAG(s) 'tutorial_dag' retrieved from /home/airflow/.local/lib/python3.8/site-packages/airflow/example_dags/tutorial_dag.py
[2026-02-14T20:22:57.215+0000] {logging_mixin.py:188} INFO - [2026-02-14T20:22:57.214+0000] {dag.py:3036} INFO - Sync 1 DAGs
[2026-02-14T20:22:57.239+0000] {logging_mixin.py:188} INFO - [2026-02-14T20:22:57.239+0000] {dag.py:3823} INFO - Setting next_dagrun for tutorial_dag to None, run_after=None
[2026-02-14T20:22:57.275+0000] {processor.py:183} INFO - Processing /home/airflow/.local/lib/python3.8/site-packages/airflow/example_dags/tutorial_dag.py took 0.117 seconds
[2026-02-14T20:23:28.243+0000] {processor.py:161} INFO - Started process (PID=4766) to work on /home/airflow/.local/lib/python3.8/site-packages/airflow/example_dags/tutorial_dag.py
[2026-02-14T20:23:28.244+0000] {processor.py:830} INFO - Processing file /home/airflow/.local/lib/python3.8/site-packages/airflow/example_dags/tutorial_dag.py for tasks to queue
[2026-02-14T20:23:28.247+0000] {logging_mixin.py:188} INFO - [2026-02-14T20:23:28.246+0000] {dagbag.py:538} INFO - Filling up the DagBag from /home/airflow/.local/lib/python3.8/site-packages/airflow/example_dags/tutorial_dag.py
[2026-02-14T20:23:28.256+0000] {processor.py:840} INFO - DAG(s) 'tutorial_dag' retrieved from /home/airflow/.local/lib/python3.8/site-packages/airflow/example_dags/tutorial_dag.py
[2026-02-14T20:23:28.517+0000] {logging_mixin.py:188} INFO - [2026-02-14T20:23:28.517+0000] {dag.py:3036} INFO - Sync 1 DAGs
[2026-02-14T20:23:28.537+0000] {logging_mixin.py:188} INFO - [2026-02-14T20:23:28.537+0000] {dag.py:3823} INFO - Setting next_dagrun for tutorial_dag to None, run_after=None
[2026-02-14T20:23:28.565+0000] {processor.py:183} INFO - Processing /home/airflow/.local/lib/python3.8/site-packages/airflow/example_dags/tutorial_dag.py took 0.328 seconds
[2026-02-14T20:23:58.981+0000] {processor.py:161} INFO - Started process (PID=4849) to work on /home/airflow/.local/lib/python3.8/site-packages/airflow/example_dags/tutorial_dag.py
[2026-02-14T20:23:58.983+0000] {processor.py:830} INFO - Processing file /home/airflow/.local/lib/python3.8/site-packages/airflow/example_dags/tutorial_dag.py for tasks to queue
[2026-02-14T20:23:58.986+0000] {logging_mixin.py:188} INFO - [2026-02-14T20:23:58.986+0000] {dagbag.py:538} INFO - Filling up the DagBag from /home/airflow/.local/lib/python3.8/site-packages/airflow/example_dags/tutorial_dag.py
[2026-02-14T20:23:58.995+0000] {processor.py:840} INFO - DAG(s) 'tutorial_dag' retrieved from /home/airflow/.local/lib/python3.8/site-packages/airflow/example_dags/tutorial_dag.py
[2026-02-14T20:23:59.038+0000] {logging_mixin.py:188} INFO - [2026-02-14T20:23:59.037+0000] {dag.py:3036} INFO - Sync 1 DAGs
[2026-02-14T20:23:59.062+0000] {logging_mixin.py:188} INFO - [2026-02-14T20:23:59.062+0000] {dag.py:3823} INFO - Setting next_dagrun for tutorial_dag to None, run_after=None
[2026-02-14T20:23:59.270+0000] {processor.py:183} INFO - Processing /home/airflow/.local/lib/python3.8/site-packages/airflow/example_dags/tutorial_dag.py took 0.295 seconds
[2026-02-14T20:24:29.400+0000] {processor.py:161} INFO - Started process (PID=4934) to work on /home/airflow/.local/lib/python3.8/site-packages/airflow/example_dags/tutorial_dag.py
[2026-02-14T20:24:29.402+0000] {processor.py:830} INFO - Processing file /home/airflow/.local/lib/python3.8/site-packages/airflow/example_dags/tutorial_dag.py for tasks to queue
[2026-02-14T20:24:29.404+0000] {logging_mixin.py:188} INFO - [2026-02-14T20:24:29.404+0000] {dagbag.py:538} INFO - Filling up the DagBag from /home/airflow/.local/lib/python3.8/site-packages/airflow/example_dags/tutorial_dag.py
[2026-02-14T20:24:29.412+0000] {processor.py:840} INFO - DAG(s) 'tutorial_dag' retrieved from /home/airflow/.local/lib/python3.8/site-packages/airflow/example_dags/tutorial_dag.py
[2026-02-14T20:24:29.442+0000] {logging_mixin.py:188} INFO - [2026-02-14T20:24:29.441+0000] {dag.py:3036} INFO - Sync 1 DAGs
[2026-02-14T20:24:29.460+0000] {logging_mixin.py:188} INFO - [2026-02-14T20:24:29.459+0000] {dag.py:3823} INFO - Setting next_dagrun for tutorial_dag to None, run_after=None
[2026-02-14T20:24:29.487+0000] {processor.py:183} INFO - Processing /home/airflow/.local/lib/python3.8/site-packages/airflow/example_dags/tutorial_dag.py took 0.091 seconds
[2026-02-14T20:24:59.713+0000] {processor.py:161} INFO - Started process (PID=5023) to work on /home/airflow/.local/lib/python3.8/site-packages/airflow/example_dags/tutorial_dag.py
[2026-02-14T20:24:59.715+0000] {processor.py:830} INFO - Processing file /home/airflow/.local/lib/python3.8/site-packages/airflow/example_dags/tutorial_dag.py for tasks to queue
[2026-02-14T20:24:59.718+0000] {logging_mixin.py:188} INFO - [2026-02-14T20:24:59.718+0000] {dagbag.py:538} INFO - Filling up the DagBag from /home/airflow/.local/lib/python3.8/site-packages/airflow/example_dags/tutorial_dag.py
[2026-02-14T20:24:59.726+0000] {processor.py:840} INFO - DAG(s) 'tutorial_dag' retrieved from /home/airflow/.local/lib/python3.8/site-packages/airflow/example_dags/tutorial_dag.py
[2026-02-14T20:24:59.761+0000] {logging_mixin.py:188} INFO - [2026-02-14T20:24:59.760+0000] {dag.py:3036} INFO - Sync 1 DAGs
[2026-02-14T20:24:59.783+0000] {logging_mixin.py:188} INFO - [2026-02-14T20:24:59.783+0000] {dag.py:3823} INFO - Setting next_dagrun for tutorial_dag to None, run_after=None
[2026-02-14T20:24:59.815+0000] {processor.py:183} INFO - Processing /home/airflow/.local/lib/python3.8/site-packages/airflow/example_dags/tutorial_dag.py took 0.106 seconds
[2026-02-14T20:25:30.068+0000] {processor.py:161} INFO - Started process (PID=5108) to work on /home/airflow/.local/lib/python3.8/site-packages/airflow/example_dags/tutorial_dag.py
[2026-02-14T20:25:30.069+0000] {processor.py:830} INFO - Processing file /home/airflow/.local/lib/python3.8/site-packages/airflow/example_dags/tutorial_dag.py for tasks to queue
[2026-02-14T20:25:30.073+0000] {logging_mixin.py:188} INFO - [2026-02-14T20:25:30.072+0000] {dagbag.py:538} INFO - Filling up the DagBag from /home/airflow/.local/lib/python3.8/site-packages/airflow/example_dags/tutorial_dag.py
[2026-02-14T20:25:30.083+0000] {processor.py:840} INFO - DAG(s) 'tutorial_dag' retrieved from /home/airflow/.local/lib/python3.8/site-packages/airflow/example_dags/tutorial_dag.py
[2026-02-14T20:25:30.116+0000] {logging_mixin.py:188} INFO - [2026-02-14T20:25:30.116+0000] {dag.py:3036} INFO - Sync 1 DAGs
[2026-02-14T20:25:30.138+0000] {logging_mixin.py:188} INFO - [2026-02-14T20:25:30.138+0000] {dag.py:3823} INFO - Setting next_dagrun for tutorial_dag to None, run_after=None
[2026-02-14T20:25:30.172+0000] {processor.py:183} INFO - Processing /home/airflow/.local/lib/python3.8/site-packages/airflow/example_dags/tutorial_dag.py took 0.110 seconds
[2026-02-14T20:26:00.454+0000] {processor.py:161} INFO - Started process (PID=5192) to work on /home/airflow/.local/lib/python3.8/site-packages/airflow/example_dags/tutorial_dag.py
[2026-02-14T20:26:00.457+0000] {processor.py:830} INFO - Processing file /home/airflow/.local/lib/python3.8/site-packages/airflow/example_dags/tutorial_dag.py for tasks to queue
[2026-02-14T20:26:00.460+0000] {logging_mixin.py:188} INFO - [2026-02-14T20:26:00.459+0000] {dagbag.py:538} INFO - Filling up the DagBag from /home/airflow/.local/lib/python3.8/site-packages/airflow/example_dags/tutorial_dag.py
[2026-02-14T20:26:00.470+0000] {processor.py:840} INFO - DAG(s) 'tutorial_dag' retrieved from /home/airflow/.local/lib/python3.8/site-packages/airflow/example_dags/tutorial_dag.py
[2026-02-14T20:26:00.506+0000] {logging_mixin.py:188} INFO - [2026-02-14T20:26:00.505+0000] {dag.py:3036} INFO - Sync 1 DAGs
[2026-02-14T20:26:00.530+0000] {logging_mixin.py:188} INFO - [2026-02-14T20:26:00.530+0000] {dag.py:3823} INFO - Setting next_dagrun for tutorial_dag to None, run_after=None
[2026-02-14T20:26:00.566+0000] {processor.py:183} INFO - Processing /home/airflow/.local/lib/python3.8/site-packages/airflow/example_dags/tutorial_dag.py took 0.119 seconds
[2026-02-14T20:26:30.971+0000] {processor.py:161} INFO - Started process (PID=5275) to work on /home/airflow/.local/lib/python3.8/site-packages/airflow/example_dags/tutorial_dag.py
[2026-02-14T20:26:30.973+0000] {processor.py:830} INFO - Processing file /home/airflow/.local/lib/python3.8/site-packages/airflow/example_dags/tutorial_dag.py for tasks to queue
[2026-02-14T20:26:30.976+0000] {logging_mixin.py:188} INFO - [2026-02-14T20:26:30.976+0000] {dagbag.py:538} INFO - Filling up the DagBag from /home/airflow/.local/lib/python3.8/site-packages/airflow/example_dags/tutorial_dag.py
[2026-02-14T20:26:30.986+0000] {processor.py:840} INFO - DAG(s) 'tutorial_dag' retrieved from /home/airflow/.local/lib/python3.8/site-packages/airflow/example_dags/tutorial_dag.py
[2026-02-14T20:26:31.015+0000] {logging_mixin.py:188} INFO - [2026-02-14T20:26:31.014+0000] {dag.py:3036} INFO - Sync 1 DAGs
[2026-02-14T20:26:31.035+0000] {logging_mixin.py:188} INFO - [2026-02-14T20:26:31.035+0000] {dag.py:3823} INFO - Setting next_dagrun for tutorial_dag to None, run_after=None
[2026-02-14T20:26:31.072+0000] {processor.py:183} INFO - Processing /home/airflow/.local/lib/python3.8/site-packages/airflow/example_dags/tutorial_dag.py took 0.108 seconds
[2026-02-14T20:27:01.426+0000] {processor.py:161} INFO - Started process (PID=5358) to work on /home/airflow/.local/lib/python3.8/site-packages/airflow/example_dags/tutorial_dag.py
[2026-02-14T20:27:01.427+0000] {processor.py:830} INFO - Processing file /home/airflow/.local/lib/python3.8/site-packages/airflow/example_dags/tutorial_dag.py for tasks to queue
[2026-02-14T20:27:01.430+0000] {logging_mixin.py:188} INFO - [2026-02-14T20:27:01.429+0000] {dagbag.py:538} INFO - Filling up the DagBag from /home/airflow/.local/lib/python3.8/site-packages/airflow/example_dags/tutorial_dag.py
[2026-02-14T20:27:01.439+0000] {processor.py:840} INFO - DAG(s) 'tutorial_dag' retrieved from /home/airflow/.local/lib/python3.8/site-packages/airflow/example_dags/tutorial_dag.py
[2026-02-14T20:27:01.469+0000] {logging_mixin.py:188} INFO - [2026-02-14T20:27:01.468+0000] {dag.py:3036} INFO - Sync 1 DAGs
[2026-02-14T20:27:01.492+0000] {logging_mixin.py:188} INFO - [2026-02-14T20:27:01.491+0000] {dag.py:3823} INFO - Setting next_dagrun for tutorial_dag to None, run_after=None
[2026-02-14T20:27:01.526+0000] {processor.py:183} INFO - Processing /home/airflow/.local/lib/python3.8/site-packages/airflow/example_dags/tutorial_dag.py took 0.106 seconds
[2026-02-14T20:27:32.277+0000] {processor.py:161} INFO - Started process (PID=5441) to work on /home/airflow/.local/lib/python3.8/site-packages/airflow/example_dags/tutorial_dag.py
[2026-02-14T20:27:32.279+0000] {processor.py:830} INFO - Processing file /home/airflow/.local/lib/python3.8/site-packages/airflow/example_dags/tutorial_dag.py for tasks to queue
[2026-02-14T20:27:32.281+0000] {logging_mixin.py:188} INFO - [2026-02-14T20:27:32.281+0000] {dagbag.py:538} INFO - Filling up the DagBag from /home/airflow/.local/lib/python3.8/site-packages/airflow/example_dags/tutorial_dag.py
[2026-02-14T20:27:32.289+0000] {processor.py:840} INFO - DAG(s) 'tutorial_dag' retrieved from /home/airflow/.local/lib/python3.8/site-packages/airflow/example_dags/tutorial_dag.py
[2026-02-14T20:27:32.319+0000] {logging_mixin.py:188} INFO - [2026-02-14T20:27:32.319+0000] {dag.py:3036} INFO - Sync 1 DAGs
[2026-02-14T20:27:32.339+0000] {logging_mixin.py:188} INFO - [2026-02-14T20:27:32.338+0000] {dag.py:3823} INFO - Setting next_dagrun for tutorial_dag to None, run_after=None
[2026-02-14T20:27:32.367+0000] {processor.py:183} INFO - Processing /home/airflow/.local/lib/python3.8/site-packages/airflow/example_dags/tutorial_dag.py took 0.095 seconds
[2026-02-14T20:28:02.563+0000] {processor.py:161} INFO - Started process (PID=5525) to work on /home/airflow/.local/lib/python3.8/site-packages/airflow/example_dags/tutorial_dag.py
[2026-02-14T20:28:02.564+0000] {processor.py:830} INFO - Processing file /home/airflow/.local/lib/python3.8/site-packages/airflow/example_dags/tutorial_dag.py for tasks to queue
[2026-02-14T20:28:02.567+0000] {logging_mixin.py:188} INFO - [2026-02-14T20:28:02.566+0000] {dagbag.py:538} INFO - Filling up the DagBag from /home/airflow/.local/lib/python3.8/site-packages/airflow/example_dags/tutorial_dag.py
[2026-02-14T20:28:02.575+0000] {processor.py:840} INFO - DAG(s) 'tutorial_dag' retrieved from /home/airflow/.local/lib/python3.8/site-packages/airflow/example_dags/tutorial_dag.py
[2026-02-14T20:28:02.609+0000] {logging_mixin.py:188} INFO - [2026-02-14T20:28:02.609+0000] {dag.py:3036} INFO - Sync 1 DAGs
[2026-02-14T20:28:02.632+0000] {logging_mixin.py:188} INFO - [2026-02-14T20:28:02.632+0000] {dag.py:3823} INFO - Setting next_dagrun for tutorial_dag to None, run_after=None
[2026-02-14T20:28:02.663+0000] {processor.py:183} INFO - Processing /home/airflow/.local/lib/python3.8/site-packages/airflow/example_dags/tutorial_dag.py took 0.105 seconds
[2026-02-14T20:28:32.794+0000] {processor.py:161} INFO - Started process (PID=5608) to work on /home/airflow/.local/lib/python3.8/site-packages/airflow/example_dags/tutorial_dag.py
[2026-02-14T20:28:32.797+0000] {processor.py:830} INFO - Processing file /home/airflow/.local/lib/python3.8/site-packages/airflow/example_dags/tutorial_dag.py for tasks to queue
[2026-02-14T20:28:32.800+0000] {logging_mixin.py:188} INFO - [2026-02-14T20:28:32.800+0000] {dagbag.py:538} INFO - Filling up the DagBag from /home/airflow/.local/lib/python3.8/site-packages/airflow/example_dags/tutorial_dag.py
[2026-02-14T20:28:32.809+0000] {processor.py:840} INFO - DAG(s) 'tutorial_dag' retrieved from /home/airflow/.local/lib/python3.8/site-packages/airflow/example_dags/tutorial_dag.py
[2026-02-14T20:28:32.839+0000] {logging_mixin.py:188} INFO - [2026-02-14T20:28:32.839+0000] {dag.py:3036} INFO - Sync 1 DAGs
[2026-02-14T20:28:32.860+0000] {logging_mixin.py:188} INFO - [2026-02-14T20:28:32.859+0000] {dag.py:3823} INFO - Setting next_dagrun for tutorial_dag to None, run_after=None
[2026-02-14T20:28:32.889+0000] {processor.py:183} INFO - Processing /home/airflow/.local/lib/python3.8/site-packages/airflow/example_dags/tutorial_dag.py took 0.100 seconds
[2026-02-14T20:29:03.364+0000] {processor.py:161} INFO - Started process (PID=5689) to work on /home/airflow/.local/lib/python3.8/site-packages/airflow/example_dags/tutorial_dag.py
[2026-02-14T20:29:03.366+0000] {processor.py:830} INFO - Processing file /home/airflow/.local/lib/python3.8/site-packages/airflow/example_dags/tutorial_dag.py for tasks to queue
[2026-02-14T20:29:03.368+0000] {logging_mixin.py:188} INFO - [2026-02-14T20:29:03.368+0000] {dagbag.py:538} INFO - Filling up the DagBag from /home/airflow/.local/lib/python3.8/site-packages/airflow/example_dags/tutorial_dag.py
[2026-02-14T20:29:03.376+0000] {processor.py:840} INFO - DAG(s) 'tutorial_dag' retrieved from /home/airflow/.local/lib/python3.8/site-packages/airflow/example_dags/tutorial_dag.py
[2026-02-14T20:29:03.410+0000] {logging_mixin.py:188} INFO - [2026-02-14T20:29:03.410+0000] {dag.py:3036} INFO - Sync 1 DAGs
[2026-02-14T20:29:03.431+0000] {logging_mixin.py:188} INFO - [2026-02-14T20:29:03.431+0000] {dag.py:3823} INFO - Setting next_dagrun for tutorial_dag to None, run_after=None
[2026-02-14T20:29:03.464+0000] {processor.py:183} INFO - Processing /home/airflow/.local/lib/python3.8/site-packages/airflow/example_dags/tutorial_dag.py took 0.106 seconds
[2026-02-14T20:29:33.719+0000] {processor.py:161} INFO - Started process (PID=5778) to work on /home/airflow/.local/lib/python3.8/site-packages/airflow/example_dags/tutorial_dag.py
[2026-02-14T20:29:33.721+0000] {processor.py:830} INFO - Processing file /home/airflow/.local/lib/python3.8/site-packages/airflow/example_dags/tutorial_dag.py for tasks to queue
[2026-02-14T20:29:33.724+0000] {logging_mixin.py:188} INFO - [2026-02-14T20:29:33.723+0000] {dagbag.py:538} INFO - Filling up the DagBag from /home/airflow/.local/lib/python3.8/site-packages/airflow/example_dags/tutorial_dag.py
[2026-02-14T20:29:33.734+0000] {processor.py:840} INFO - DAG(s) 'tutorial_dag' retrieved from /home/airflow/.local/lib/python3.8/site-packages/airflow/example_dags/tutorial_dag.py
[2026-02-14T20:29:33.769+0000] {logging_mixin.py:188} INFO - [2026-02-14T20:29:33.768+0000] {dag.py:3036} INFO - Sync 1 DAGs
[2026-02-14T20:29:33.794+0000] {logging_mixin.py:188} INFO - [2026-02-14T20:29:33.793+0000] {dag.py:3823} INFO - Setting next_dagrun for tutorial_dag to None, run_after=None
[2026-02-14T20:29:33.829+0000] {processor.py:183} INFO - Processing /home/airflow/.local/lib/python3.8/site-packages/airflow/example_dags/tutorial_dag.py took 0.116 seconds
[2026-02-14T20:30:04.023+0000] {processor.py:161} INFO - Started process (PID=5863) to work on /home/airflow/.local/lib/python3.8/site-packages/airflow/example_dags/tutorial_dag.py
[2026-02-14T20:30:04.026+0000] {processor.py:830} INFO - Processing file /home/airflow/.local/lib/python3.8/site-packages/airflow/example_dags/tutorial_dag.py for tasks to queue
[2026-02-14T20:30:04.029+0000] {logging_mixin.py:188} INFO - [2026-02-14T20:30:04.028+0000] {dagbag.py:538} INFO - Filling up the DagBag from /home/airflow/.local/lib/python3.8/site-packages/airflow/example_dags/tutorial_dag.py
[2026-02-14T20:30:04.041+0000] {processor.py:840} INFO - DAG(s) 'tutorial_dag' retrieved from /home/airflow/.local/lib/python3.8/site-packages/airflow/example_dags/tutorial_dag.py
[2026-02-14T20:30:04.078+0000] {logging_mixin.py:188} INFO - [2026-02-14T20:30:04.077+0000] {dag.py:3036} INFO - Sync 1 DAGs
[2026-02-14T20:30:04.103+0000] {logging_mixin.py:188} INFO - [2026-02-14T20:30:04.103+0000] {dag.py:3823} INFO - Setting next_dagrun for tutorial_dag to None, run_after=None
[2026-02-14T20:30:04.139+0000] {processor.py:183} INFO - Processing /home/airflow/.local/lib/python3.8/site-packages/airflow/example_dags/tutorial_dag.py took 0.122 seconds
[2026-02-14T20:30:34.415+0000] {processor.py:161} INFO - Started process (PID=5947) to work on /home/airflow/.local/lib/python3.8/site-packages/airflow/example_dags/tutorial_dag.py
[2026-02-14T20:30:34.417+0000] {processor.py:830} INFO - Processing file /home/airflow/.local/lib/python3.8/site-packages/airflow/example_dags/tutorial_dag.py for tasks to queue
[2026-02-14T20:30:34.420+0000] {logging_mixin.py:188} INFO - [2026-02-14T20:30:34.419+0000] {dagbag.py:538} INFO - Filling up the DagBag from /home/airflow/.local/lib/python3.8/site-packages/airflow/example_dags/tutorial_dag.py
[2026-02-14T20:30:34.431+0000] {processor.py:840} INFO - DAG(s) 'tutorial_dag' retrieved from /home/airflow/.local/lib/python3.8/site-packages/airflow/example_dags/tutorial_dag.py
[2026-02-14T20:30:34.477+0000] {logging_mixin.py:188} INFO - [2026-02-14T20:30:34.476+0000] {dag.py:3036} INFO - Sync 1 DAGs
[2026-02-14T20:30:34.503+0000] {logging_mixin.py:188} INFO - [2026-02-14T20:30:34.503+0000] {dag.py:3823} INFO - Setting next_dagrun for tutorial_dag to None, run_after=None
[2026-02-14T20:30:34.539+0000] {processor.py:183} INFO - Processing /home/airflow/.local/lib/python3.8/site-packages/airflow/example_dags/tutorial_dag.py took 0.130 seconds
[2026-02-14T20:31:04.643+0000] {processor.py:161} INFO - Started process (PID=6029) to work on /home/airflow/.local/lib/python3.8/site-packages/airflow/example_dags/tutorial_dag.py
[2026-02-14T20:31:04.645+0000] {processor.py:830} INFO - Processing file /home/airflow/.local/lib/python3.8/site-packages/airflow/example_dags/tutorial_dag.py for tasks to queue
[2026-02-14T20:31:04.648+0000] {logging_mixin.py:188} INFO - [2026-02-14T20:31:04.648+0000] {dagbag.py:538} INFO - Filling up the DagBag from /home/airflow/.local/lib/python3.8/site-packages/airflow/example_dags/tutorial_dag.py
[2026-02-14T20:31:04.659+0000] {processor.py:840} INFO - DAG(s) 'tutorial_dag' retrieved from /home/airflow/.local/lib/python3.8/site-packages/airflow/example_dags/tutorial_dag.py
[2026-02-14T20:31:04.695+0000] {logging_mixin.py:188} INFO - [2026-02-14T20:31:04.694+0000] {dag.py:3036} INFO - Sync 1 DAGs
[2026-02-14T20:31:04.720+0000] {logging_mixin.py:188} INFO - [2026-02-14T20:31:04.720+0000] {dag.py:3823} INFO - Setting next_dagrun for tutorial_dag to None, run_after=None
[2026-02-14T20:31:04.755+0000] {processor.py:183} INFO - Processing /home/airflow/.local/lib/python3.8/site-packages/airflow/example_dags/tutorial_dag.py took 0.119 seconds
[2026-02-14T20:31:35.328+0000] {processor.py:161} INFO - Started process (PID=6113) to work on /home/airflow/.local/lib/python3.8/site-packages/airflow/example_dags/tutorial_dag.py
[2026-02-14T20:31:35.329+0000] {processor.py:830} INFO - Processing file /home/airflow/.local/lib/python3.8/site-packages/airflow/example_dags/tutorial_dag.py for tasks to queue
[2026-02-14T20:31:35.331+0000] {logging_mixin.py:188} INFO - [2026-02-14T20:31:35.331+0000] {dagbag.py:538} INFO - Filling up the DagBag from /home/airflow/.local/lib/python3.8/site-packages/airflow/example_dags/tutorial_dag.py
[2026-02-14T20:31:35.339+0000] {processor.py:840} INFO - DAG(s) 'tutorial_dag' retrieved from /home/airflow/.local/lib/python3.8/site-packages/airflow/example_dags/tutorial_dag.py
[2026-02-14T20:31:35.368+0000] {logging_mixin.py:188} INFO - [2026-02-14T20:31:35.368+0000] {dag.py:3036} INFO - Sync 1 DAGs
[2026-02-14T20:31:35.387+0000] {logging_mixin.py:188} INFO - [2026-02-14T20:31:35.387+0000] {dag.py:3823} INFO - Setting next_dagrun for tutorial_dag to None, run_after=None
[2026-02-14T20:31:35.415+0000] {processor.py:183} INFO - Processing /home/airflow/.local/lib/python3.8/site-packages/airflow/example_dags/tutorial_dag.py took 0.092 seconds
[2026-02-14T20:32:05.963+0000] {processor.py:161} INFO - Started process (PID=6197) to work on /home/airflow/.local/lib/python3.8/site-packages/airflow/example_dags/tutorial_dag.py
[2026-02-14T20:32:05.965+0000] {processor.py:830} INFO - Processing file /home/airflow/.local/lib/python3.8/site-packages/airflow/example_dags/tutorial_dag.py for tasks to queue
[2026-02-14T20:32:05.968+0000] {logging_mixin.py:188} INFO - [2026-02-14T20:32:05.967+0000] {dagbag.py:538} INFO - Filling up the DagBag from /home/airflow/.local/lib/python3.8/site-packages/airflow/example_dags/tutorial_dag.py
[2026-02-14T20:32:05.977+0000] {processor.py:840} INFO - DAG(s) 'tutorial_dag' retrieved from /home/airflow/.local/lib/python3.8/site-packages/airflow/example_dags/tutorial_dag.py
[2026-02-14T20:32:06.012+0000] {logging_mixin.py:188} INFO - [2026-02-14T20:32:06.012+0000] {dag.py:3036} INFO - Sync 1 DAGs
[2026-02-14T20:32:06.035+0000] {logging_mixin.py:188} INFO - [2026-02-14T20:32:06.035+0000] {dag.py:3823} INFO - Setting next_dagrun for tutorial_dag to None, run_after=None
[2026-02-14T20:32:06.071+0000] {processor.py:183} INFO - Processing /home/airflow/.local/lib/python3.8/site-packages/airflow/example_dags/tutorial_dag.py took 0.113 seconds
[2026-02-14T20:32:36.370+0000] {processor.py:161} INFO - Started process (PID=6280) to work on /home/airflow/.local/lib/python3.8/site-packages/airflow/example_dags/tutorial_dag.py
[2026-02-14T20:32:36.372+0000] {processor.py:830} INFO - Processing file /home/airflow/.local/lib/python3.8/site-packages/airflow/example_dags/tutorial_dag.py for tasks to queue
[2026-02-14T20:32:36.375+0000] {logging_mixin.py:188} INFO - [2026-02-14T20:32:36.374+0000] {dagbag.py:538} INFO - Filling up the DagBag from /home/airflow/.local/lib/python3.8/site-packages/airflow/example_dags/tutorial_dag.py
[2026-02-14T20:32:36.384+0000] {processor.py:840} INFO - DAG(s) 'tutorial_dag' retrieved from /home/airflow/.local/lib/python3.8/site-packages/airflow/example_dags/tutorial_dag.py
[2026-02-14T20:32:36.415+0000] {logging_mixin.py:188} INFO - [2026-02-14T20:32:36.415+0000] {dag.py:3036} INFO - Sync 1 DAGs
[2026-02-14T20:32:36.434+0000] {logging_mixin.py:188} INFO - [2026-02-14T20:32:36.434+0000] {dag.py:3823} INFO - Setting next_dagrun for tutorial_dag to None, run_after=None
[2026-02-14T20:32:36.462+0000] {processor.py:183} INFO - Processing /home/airflow/.local/lib/python3.8/site-packages/airflow/example_dags/tutorial_dag.py took 0.098 seconds
[2026-02-14T20:33:07.013+0000] {processor.py:161} INFO - Started process (PID=6364) to work on /home/airflow/.local/lib/python3.8/site-packages/airflow/example_dags/tutorial_dag.py
[2026-02-14T20:33:07.014+0000] {processor.py:830} INFO - Processing file /home/airflow/.local/lib/python3.8/site-packages/airflow/example_dags/tutorial_dag.py for tasks to queue
[2026-02-14T20:33:07.019+0000] {logging_mixin.py:188} INFO - [2026-02-14T20:33:07.016+0000] {dagbag.py:538} INFO - Filling up the DagBag from /home/airflow/.local/lib/python3.8/site-packages/airflow/example_dags/tutorial_dag.py
[2026-02-14T20:33:07.031+0000] {processor.py:840} INFO - DAG(s) 'tutorial_dag' retrieved from /home/airflow/.local/lib/python3.8/site-packages/airflow/example_dags/tutorial_dag.py
[2026-02-14T20:33:07.073+0000] {logging_mixin.py:188} INFO - [2026-02-14T20:33:07.072+0000] {dag.py:3036} INFO - Sync 1 DAGs
[2026-02-14T20:33:07.099+0000] {logging_mixin.py:188} INFO - [2026-02-14T20:33:07.098+0000] {dag.py:3823} INFO - Setting next_dagrun for tutorial_dag to None, run_after=None
[2026-02-14T20:33:07.135+0000] {processor.py:183} INFO - Processing /home/airflow/.local/lib/python3.8/site-packages/airflow/example_dags/tutorial_dag.py took 0.128 seconds
[2026-02-14T20:33:37.597+0000] {processor.py:161} INFO - Started process (PID=6446) to work on /home/airflow/.local/lib/python3.8/site-packages/airflow/example_dags/tutorial_dag.py
[2026-02-14T20:33:37.599+0000] {processor.py:830} INFO - Processing file /home/airflow/.local/lib/python3.8/site-packages/airflow/example_dags/tutorial_dag.py for tasks to queue
[2026-02-14T20:33:37.601+0000] {logging_mixin.py:188} INFO - [2026-02-14T20:33:37.601+0000] {dagbag.py:538} INFO - Filling up the DagBag from /home/airflow/.local/lib/python3.8/site-packages/airflow/example_dags/tutorial_dag.py
[2026-02-14T20:33:37.609+0000] {processor.py:840} INFO - DAG(s) 'tutorial_dag' retrieved from /home/airflow/.local/lib/python3.8/site-packages/airflow/example_dags/tutorial_dag.py
[2026-02-14T20:33:37.640+0000] {logging_mixin.py:188} INFO - [2026-02-14T20:33:37.640+0000] {dag.py:3036} INFO - Sync 1 DAGs
[2026-02-14T20:33:37.662+0000] {logging_mixin.py:188} INFO - [2026-02-14T20:33:37.661+0000] {dag.py:3823} INFO - Setting next_dagrun for tutorial_dag to None, run_after=None
[2026-02-14T20:33:37.688+0000] {processor.py:183} INFO - Processing /home/airflow/.local/lib/python3.8/site-packages/airflow/example_dags/tutorial_dag.py took 0.096 seconds
[2026-02-14T20:34:07.839+0000] {processor.py:161} INFO - Started process (PID=6530) to work on /home/airflow/.local/lib/python3.8/site-packages/airflow/example_dags/tutorial_dag.py
[2026-02-14T20:34:07.840+0000] {processor.py:830} INFO - Processing file /home/airflow/.local/lib/python3.8/site-packages/airflow/example_dags/tutorial_dag.py for tasks to queue
[2026-02-14T20:34:07.843+0000] {logging_mixin.py:188} INFO - [2026-02-14T20:34:07.842+0000] {dagbag.py:538} INFO - Filling up the DagBag from /home/airflow/.local/lib/python3.8/site-packages/airflow/example_dags/tutorial_dag.py
[2026-02-14T20:34:07.852+0000] {processor.py:840} INFO - DAG(s) 'tutorial_dag' retrieved from /home/airflow/.local/lib/python3.8/site-packages/airflow/example_dags/tutorial_dag.py
[2026-02-14T20:34:07.884+0000] {logging_mixin.py:188} INFO - [2026-02-14T20:34:07.883+0000] {dag.py:3036} INFO - Sync 1 DAGs
[2026-02-14T20:34:07.903+0000] {logging_mixin.py:188} INFO - [2026-02-14T20:34:07.903+0000] {dag.py:3823} INFO - Setting next_dagrun for tutorial_dag to None, run_after=None
[2026-02-14T20:34:07.935+0000] {processor.py:183} INFO - Processing /home/airflow/.local/lib/python3.8/site-packages/airflow/example_dags/tutorial_dag.py took 0.102 seconds
[2026-02-14T20:34:38.367+0000] {processor.py:161} INFO - Started process (PID=6621) to work on /home/airflow/.local/lib/python3.8/site-packages/airflow/example_dags/tutorial_dag.py
[2026-02-14T20:34:38.369+0000] {processor.py:830} INFO - Processing file /home/airflow/.local/lib/python3.8/site-packages/airflow/example_dags/tutorial_dag.py for tasks to queue
[2026-02-14T20:34:38.372+0000] {logging_mixin.py:188} INFO - [2026-02-14T20:34:38.371+0000] {dagbag.py:538} INFO - Filling up the DagBag from /home/airflow/.local/lib/python3.8/site-packages/airflow/example_dags/tutorial_dag.py
[2026-02-14T20:34:38.382+0000] {processor.py:840} INFO - DAG(s) 'tutorial_dag' retrieved from /home/airflow/.local/lib/python3.8/site-packages/airflow/example_dags/tutorial_dag.py
[2026-02-14T20:34:38.418+0000] {logging_mixin.py:188} INFO - [2026-02-14T20:34:38.418+0000] {dag.py:3036} INFO - Sync 1 DAGs
[2026-02-14T20:34:38.444+0000] {logging_mixin.py:188} INFO - [2026-02-14T20:34:38.443+0000] {dag.py:3823} INFO - Setting next_dagrun for tutorial_dag to None, run_after=None
[2026-02-14T20:34:38.481+0000] {processor.py:183} INFO - Processing /home/airflow/.local/lib/python3.8/site-packages/airflow/example_dags/tutorial_dag.py took 0.120 seconds
[2026-02-14T20:35:08.890+0000] {processor.py:161} INFO - Started process (PID=6705) to work on /home/airflow/.local/lib/python3.8/site-packages/airflow/example_dags/tutorial_dag.py
[2026-02-14T20:35:08.891+0000] {processor.py:830} INFO - Processing file /home/airflow/.local/lib/python3.8/site-packages/airflow/example_dags/tutorial_dag.py for tasks to queue
[2026-02-14T20:35:08.894+0000] {logging_mixin.py:188} INFO - [2026-02-14T20:35:08.894+0000] {dagbag.py:538} INFO - Filling up the DagBag from /home/airflow/.local/lib/python3.8/site-packages/airflow/example_dags/tutorial_dag.py
[2026-02-14T20:35:08.904+0000] {processor.py:840} INFO - DAG(s) 'tutorial_dag' retrieved from /home/airflow/.local/lib/python3.8/site-packages/airflow/example_dags/tutorial_dag.py
[2026-02-14T20:35:08.959+0000] {logging_mixin.py:188} INFO - [2026-02-14T20:35:08.958+0000] {dag.py:3036} INFO - Sync 1 DAGs
[2026-02-14T20:35:08.984+0000] {logging_mixin.py:188} INFO - [2026-02-14T20:35:08.983+0000] {dag.py:3823} INFO - Setting next_dagrun for tutorial_dag to None, run_after=None
[2026-02-14T20:35:09.025+0000] {processor.py:183} INFO - Processing /home/airflow/.local/lib/python3.8/site-packages/airflow/example_dags/tutorial_dag.py took 0.141 seconds
[2026-02-14T20:35:39.280+0000] {processor.py:161} INFO - Started process (PID=6788) to work on /home/airflow/.local/lib/python3.8/site-packages/airflow/example_dags/tutorial_dag.py
[2026-02-14T20:35:39.283+0000] {processor.py:830} INFO - Processing file /home/airflow/.local/lib/python3.8/site-packages/airflow/example_dags/tutorial_dag.py for tasks to queue
[2026-02-14T20:35:39.288+0000] {logging_mixin.py:188} INFO - [2026-02-14T20:35:39.287+0000] {dagbag.py:538} INFO - Filling up the DagBag from /home/airflow/.local/lib/python3.8/site-packages/airflow/example_dags/tutorial_dag.py
[2026-02-14T20:35:39.298+0000] {processor.py:840} INFO - DAG(s) 'tutorial_dag' retrieved from /home/airflow/.local/lib/python3.8/site-packages/airflow/example_dags/tutorial_dag.py
[2026-02-14T20:35:39.337+0000] {logging_mixin.py:188} INFO - [2026-02-14T20:35:39.337+0000] {dag.py:3036} INFO - Sync 1 DAGs
[2026-02-14T20:35:39.367+0000] {logging_mixin.py:188} INFO - [2026-02-14T20:35:39.366+0000] {dag.py:3823} INFO - Setting next_dagrun for tutorial_dag to None, run_after=None
[2026-02-14T20:35:39.398+0000] {processor.py:183} INFO - Processing /home/airflow/.local/lib/python3.8/site-packages/airflow/example_dags/tutorial_dag.py took 0.124 seconds
[2026-02-14T20:36:09.624+0000] {processor.py:161} INFO - Started process (PID=6870) to work on /home/airflow/.local/lib/python3.8/site-packages/airflow/example_dags/tutorial_dag.py
[2026-02-14T20:36:09.627+0000] {processor.py:830} INFO - Processing file /home/airflow/.local/lib/python3.8/site-packages/airflow/example_dags/tutorial_dag.py for tasks to queue
[2026-02-14T20:36:09.630+0000] {logging_mixin.py:188} INFO - [2026-02-14T20:36:09.630+0000] {dagbag.py:538} INFO - Filling up the DagBag from /home/airflow/.local/lib/python3.8/site-packages/airflow/example_dags/tutorial_dag.py
[2026-02-14T20:36:09.639+0000] {processor.py:840} INFO - DAG(s) 'tutorial_dag' retrieved from /home/airflow/.local/lib/python3.8/site-packages/airflow/example_dags/tutorial_dag.py
[2026-02-14T20:36:09.674+0000] {logging_mixin.py:188} INFO - [2026-02-14T20:36:09.673+0000] {dag.py:3036} INFO - Sync 1 DAGs
[2026-02-14T20:36:09.696+0000] {logging_mixin.py:188} INFO - [2026-02-14T20:36:09.696+0000] {dag.py:3823} INFO - Setting next_dagrun for tutorial_dag to None, run_after=None
[2026-02-14T20:36:09.733+0000] {processor.py:183} INFO - Processing /home/airflow/.local/lib/python3.8/site-packages/airflow/example_dags/tutorial_dag.py took 0.116 seconds
[2026-02-14T20:36:39.924+0000] {processor.py:161} INFO - Started process (PID=6952) to work on /home/airflow/.local/lib/python3.8/site-packages/airflow/example_dags/tutorial_dag.py
[2026-02-14T20:36:39.926+0000] {processor.py:830} INFO - Processing file /home/airflow/.local/lib/python3.8/site-packages/airflow/example_dags/tutorial_dag.py for tasks to queue
[2026-02-14T20:36:39.929+0000] {logging_mixin.py:188} INFO - [2026-02-14T20:36:39.928+0000] {dagbag.py:538} INFO - Filling up the DagBag from /home/airflow/.local/lib/python3.8/site-packages/airflow/example_dags/tutorial_dag.py
[2026-02-14T20:36:39.940+0000] {processor.py:840} INFO - DAG(s) 'tutorial_dag' retrieved from /home/airflow/.local/lib/python3.8/site-packages/airflow/example_dags/tutorial_dag.py
[2026-02-14T20:36:39.973+0000] {logging_mixin.py:188} INFO - [2026-02-14T20:36:39.973+0000] {dag.py:3036} INFO - Sync 1 DAGs
[2026-02-14T20:36:39.994+0000] {logging_mixin.py:188} INFO - [2026-02-14T20:36:39.994+0000] {dag.py:3823} INFO - Setting next_dagrun for tutorial_dag to None, run_after=None
[2026-02-14T20:36:40.038+0000] {processor.py:183} INFO - Processing /home/airflow/.local/lib/python3.8/site-packages/airflow/example_dags/tutorial_dag.py took 0.120 seconds
[2026-02-14T20:37:10.599+0000] {processor.py:161} INFO - Started process (PID=7036) to work on /home/airflow/.local/lib/python3.8/site-packages/airflow/example_dags/tutorial_dag.py
[2026-02-14T20:37:10.601+0000] {processor.py:830} INFO - Processing file /home/airflow/.local/lib/python3.8/site-packages/airflow/example_dags/tutorial_dag.py for tasks to queue
[2026-02-14T20:37:10.603+0000] {logging_mixin.py:188} INFO - [2026-02-14T20:37:10.603+0000] {dagbag.py:538} INFO - Filling up the DagBag from /home/airflow/.local/lib/python3.8/site-packages/airflow/example_dags/tutorial_dag.py
[2026-02-14T20:37:10.612+0000] {processor.py:840} INFO - DAG(s) 'tutorial_dag' retrieved from /home/airflow/.local/lib/python3.8/site-packages/airflow/example_dags/tutorial_dag.py
[2026-02-14T20:37:10.646+0000] {logging_mixin.py:188} INFO - [2026-02-14T20:37:10.646+0000] {dag.py:3036} INFO - Sync 1 DAGs
[2026-02-14T20:37:10.666+0000] {logging_mixin.py:188} INFO - [2026-02-14T20:37:10.666+0000] {dag.py:3823} INFO - Setting next_dagrun for tutorial_dag to None, run_after=None
[2026-02-14T20:37:10.693+0000] {processor.py:183} INFO - Processing /home/airflow/.local/lib/python3.8/site-packages/airflow/example_dags/tutorial_dag.py took 0.099 seconds
[2026-02-14T20:37:40.832+0000] {processor.py:161} INFO - Started process (PID=7119) to work on /home/airflow/.local/lib/python3.8/site-packages/airflow/example_dags/tutorial_dag.py
[2026-02-14T20:37:40.834+0000] {processor.py:830} INFO - Processing file /home/airflow/.local/lib/python3.8/site-packages/airflow/example_dags/tutorial_dag.py for tasks to queue
[2026-02-14T20:37:40.837+0000] {logging_mixin.py:188} INFO - [2026-02-14T20:37:40.836+0000] {dagbag.py:538} INFO - Filling up the DagBag from /home/airflow/.local/lib/python3.8/site-packages/airflow/example_dags/tutorial_dag.py
[2026-02-14T20:37:40.846+0000] {processor.py:840} INFO - DAG(s) 'tutorial_dag' retrieved from /home/airflow/.local/lib/python3.8/site-packages/airflow/example_dags/tutorial_dag.py
[2026-02-14T20:37:40.881+0000] {logging_mixin.py:188} INFO - [2026-02-14T20:37:40.880+0000] {dag.py:3036} INFO - Sync 1 DAGs
[2026-02-14T20:37:40.900+0000] {logging_mixin.py:188} INFO - [2026-02-14T20:37:40.900+0000] {dag.py:3823} INFO - Setting next_dagrun for tutorial_dag to None, run_after=None
[2026-02-14T20:37:40.927+0000] {processor.py:183} INFO - Processing /home/airflow/.local/lib/python3.8/site-packages/airflow/example_dags/tutorial_dag.py took 0.102 seconds
[2026-02-14T20:38:10.998+0000] {processor.py:161} INFO - Started process (PID=7202) to work on /home/airflow/.local/lib/python3.8/site-packages/airflow/example_dags/tutorial_dag.py
[2026-02-14T20:38:10.999+0000] {processor.py:830} INFO - Processing file /home/airflow/.local/lib/python3.8/site-packages/airflow/example_dags/tutorial_dag.py for tasks to queue
[2026-02-14T20:38:11.002+0000] {logging_mixin.py:188} INFO - [2026-02-14T20:38:11.002+0000] {dagbag.py:538} INFO - Filling up the DagBag from /home/airflow/.local/lib/python3.8/site-packages/airflow/example_dags/tutorial_dag.py
[2026-02-14T20:38:11.010+0000] {processor.py:840} INFO - DAG(s) 'tutorial_dag' retrieved from /home/airflow/.local/lib/python3.8/site-packages/airflow/example_dags/tutorial_dag.py
[2026-02-14T20:38:11.040+0000] {logging_mixin.py:188} INFO - [2026-02-14T20:38:11.039+0000] {dag.py:3036} INFO - Sync 1 DAGs
[2026-02-14T20:38:11.058+0000] {logging_mixin.py:188} INFO - [2026-02-14T20:38:11.057+0000] {dag.py:3823} INFO - Setting next_dagrun for tutorial_dag to None, run_after=None
[2026-02-14T20:38:11.085+0000] {processor.py:183} INFO - Processing /home/airflow/.local/lib/python3.8/site-packages/airflow/example_dags/tutorial_dag.py took 0.092 seconds
[2026-02-14T20:38:41.731+0000] {processor.py:161} INFO - Started process (PID=7286) to work on /home/airflow/.local/lib/python3.8/site-packages/airflow/example_dags/tutorial_dag.py
[2026-02-14T20:38:41.733+0000] {processor.py:830} INFO - Processing file /home/airflow/.local/lib/python3.8/site-packages/airflow/example_dags/tutorial_dag.py for tasks to queue
[2026-02-14T20:38:41.735+0000] {logging_mixin.py:188} INFO - [2026-02-14T20:38:41.735+0000] {dagbag.py:538} INFO - Filling up the DagBag from /home/airflow/.local/lib/python3.8/site-packages/airflow/example_dags/tutorial_dag.py
[2026-02-14T20:38:41.744+0000] {processor.py:840} INFO - DAG(s) 'tutorial_dag' retrieved from /home/airflow/.local/lib/python3.8/site-packages/airflow/example_dags/tutorial_dag.py
[2026-02-14T20:38:41.776+0000] {logging_mixin.py:188} INFO - [2026-02-14T20:38:41.775+0000] {dag.py:3036} INFO - Sync 1 DAGs
[2026-02-14T20:38:41.801+0000] {logging_mixin.py:188} INFO - [2026-02-14T20:38:41.800+0000] {dag.py:3823} INFO - Setting next_dagrun for tutorial_dag to None, run_after=None
[2026-02-14T20:38:41.836+0000] {processor.py:183} INFO - Processing /home/airflow/.local/lib/python3.8/site-packages/airflow/example_dags/tutorial_dag.py took 0.110 seconds
[2026-02-14T20:39:12.572+0000] {processor.py:161} INFO - Started process (PID=7377) to work on /home/airflow/.local/lib/python3.8/site-packages/airflow/example_dags/tutorial_dag.py
[2026-02-14T20:39:12.575+0000] {processor.py:830} INFO - Processing file /home/airflow/.local/lib/python3.8/site-packages/airflow/example_dags/tutorial_dag.py for tasks to queue
[2026-02-14T20:39:12.578+0000] {logging_mixin.py:188} INFO - [2026-02-14T20:39:12.577+0000] {dagbag.py:538} INFO - Filling up the DagBag from /home/airflow/.local/lib/python3.8/site-packages/airflow/example_dags/tutorial_dag.py
[2026-02-14T20:39:12.587+0000] {processor.py:840} INFO - DAG(s) 'tutorial_dag' retrieved from /home/airflow/.local/lib/python3.8/site-packages/airflow/example_dags/tutorial_dag.py
[2026-02-14T20:39:12.625+0000] {logging_mixin.py:188} INFO - [2026-02-14T20:39:12.624+0000] {dag.py:3036} INFO - Sync 1 DAGs
[2026-02-14T20:39:12.649+0000] {logging_mixin.py:188} INFO - [2026-02-14T20:39:12.648+0000] {dag.py:3823} INFO - Setting next_dagrun for tutorial_dag to None, run_after=None
[2026-02-14T20:39:12.685+0000] {processor.py:183} INFO - Processing /home/airflow/.local/lib/python3.8/site-packages/airflow/example_dags/tutorial_dag.py took 0.117 seconds
[2026-02-14T20:39:43.572+0000] {processor.py:161} INFO - Started process (PID=7460) to work on /home/airflow/.local/lib/python3.8/site-packages/airflow/example_dags/tutorial_dag.py
[2026-02-14T20:39:43.575+0000] {processor.py:830} INFO - Processing file /home/airflow/.local/lib/python3.8/site-packages/airflow/example_dags/tutorial_dag.py for tasks to queue
[2026-02-14T20:39:43.578+0000] {logging_mixin.py:188} INFO - [2026-02-14T20:39:43.577+0000] {dagbag.py:538} INFO - Filling up the DagBag from /home/airflow/.local/lib/python3.8/site-packages/airflow/example_dags/tutorial_dag.py
[2026-02-14T20:39:43.587+0000] {processor.py:840} INFO - DAG(s) 'tutorial_dag' retrieved from /home/airflow/.local/lib/python3.8/site-packages/airflow/example_dags/tutorial_dag.py
[2026-02-14T20:39:43.625+0000] {logging_mixin.py:188} INFO - [2026-02-14T20:39:43.625+0000] {dag.py:3036} INFO - Sync 1 DAGs
[2026-02-14T20:39:43.650+0000] {logging_mixin.py:188} INFO - [2026-02-14T20:39:43.649+0000] {dag.py:3823} INFO - Setting next_dagrun for tutorial_dag to None, run_after=None
[2026-02-14T20:39:43.683+0000] {processor.py:183} INFO - Processing /home/airflow/.local/lib/python3.8/site-packages/airflow/example_dags/tutorial_dag.py took 0.117 seconds
[2026-02-14T20:40:13.854+0000] {processor.py:161} INFO - Started process (PID=7543) to work on /home/airflow/.local/lib/python3.8/site-packages/airflow/example_dags/tutorial_dag.py
[2026-02-14T20:40:13.856+0000] {processor.py:830} INFO - Processing file /home/airflow/.local/lib/python3.8/site-packages/airflow/example_dags/tutorial_dag.py for tasks to queue
[2026-02-14T20:40:13.859+0000] {logging_mixin.py:188} INFO - [2026-02-14T20:40:13.859+0000] {dagbag.py:538} INFO - Filling up the DagBag from /home/airflow/.local/lib/python3.8/site-packages/airflow/example_dags/tutorial_dag.py
[2026-02-14T20:40:13.871+0000] {processor.py:840} INFO - DAG(s) 'tutorial_dag' retrieved from /home/airflow/.local/lib/python3.8/site-packages/airflow/example_dags/tutorial_dag.py
[2026-02-14T20:40:13.908+0000] {logging_mixin.py:188} INFO - [2026-02-14T20:40:13.907+0000] {dag.py:3036} INFO - Sync 1 DAGs
[2026-02-14T20:40:13.935+0000] {logging_mixin.py:188} INFO - [2026-02-14T20:40:13.934+0000] {dag.py:3823} INFO - Setting next_dagrun for tutorial_dag to None, run_after=None
[2026-02-14T20:40:13.971+0000] {processor.py:183} INFO - Processing /home/airflow/.local/lib/python3.8/site-packages/airflow/example_dags/tutorial_dag.py took 0.123 seconds
[2026-02-14T20:40:44.365+0000] {processor.py:161} INFO - Started process (PID=7625) to work on /home/airflow/.local/lib/python3.8/site-packages/airflow/example_dags/tutorial_dag.py
[2026-02-14T20:40:44.367+0000] {processor.py:830} INFO - Processing file /home/airflow/.local/lib/python3.8/site-packages/airflow/example_dags/tutorial_dag.py for tasks to queue
[2026-02-14T20:40:44.371+0000] {logging_mixin.py:188} INFO - [2026-02-14T20:40:44.370+0000] {dagbag.py:538} INFO - Filling up the DagBag from /home/airflow/.local/lib/python3.8/site-packages/airflow/example_dags/tutorial_dag.py
[2026-02-14T20:40:44.381+0000] {processor.py:840} INFO - DAG(s) 'tutorial_dag' retrieved from /home/airflow/.local/lib/python3.8/site-packages/airflow/example_dags/tutorial_dag.py
[2026-02-14T20:40:44.432+0000] {logging_mixin.py:188} INFO - [2026-02-14T20:40:44.432+0000] {dag.py:3036} INFO - Sync 1 DAGs
[2026-02-14T20:40:44.468+0000] {logging_mixin.py:188} INFO - [2026-02-14T20:40:44.468+0000] {dag.py:3823} INFO - Setting next_dagrun for tutorial_dag to None, run_after=None
[2026-02-14T20:40:44.533+0000] {processor.py:183} INFO - Processing /home/airflow/.local/lib/python3.8/site-packages/airflow/example_dags/tutorial_dag.py took 0.174 seconds
[2026-02-14T20:41:14.645+0000] {processor.py:161} INFO - Started process (PID=7708) to work on /home/airflow/.local/lib/python3.8/site-packages/airflow/example_dags/tutorial_dag.py
[2026-02-14T20:41:14.646+0000] {processor.py:830} INFO - Processing file /home/airflow/.local/lib/python3.8/site-packages/airflow/example_dags/tutorial_dag.py for tasks to queue
[2026-02-14T20:41:14.649+0000] {logging_mixin.py:188} INFO - [2026-02-14T20:41:14.648+0000] {dagbag.py:538} INFO - Filling up the DagBag from /home/airflow/.local/lib/python3.8/site-packages/airflow/example_dags/tutorial_dag.py
[2026-02-14T20:41:14.657+0000] {processor.py:840} INFO - DAG(s) 'tutorial_dag' retrieved from /home/airflow/.local/lib/python3.8/site-packages/airflow/example_dags/tutorial_dag.py
[2026-02-14T20:41:14.690+0000] {logging_mixin.py:188} INFO - [2026-02-14T20:41:14.690+0000] {dag.py:3036} INFO - Sync 1 DAGs
[2026-02-14T20:41:14.712+0000] {logging_mixin.py:188} INFO - [2026-02-14T20:41:14.712+0000] {dag.py:3823} INFO - Setting next_dagrun for tutorial_dag to None, run_after=None
[2026-02-14T20:41:14.745+0000] {processor.py:183} INFO - Processing /home/airflow/.local/lib/python3.8/site-packages/airflow/example_dags/tutorial_dag.py took 0.105 seconds
[2026-02-14T20:41:44.971+0000] {processor.py:161} INFO - Started process (PID=7791) to work on /home/airflow/.local/lib/python3.8/site-packages/airflow/example_dags/tutorial_dag.py
[2026-02-14T20:41:44.974+0000] {processor.py:830} INFO - Processing file /home/airflow/.local/lib/python3.8/site-packages/airflow/example_dags/tutorial_dag.py for tasks to queue
[2026-02-14T20:41:44.977+0000] {logging_mixin.py:188} INFO - [2026-02-14T20:41:44.976+0000] {dagbag.py:538} INFO - Filling up the DagBag from /home/airflow/.local/lib/python3.8/site-packages/airflow/example_dags/tutorial_dag.py
[2026-02-14T20:41:44.986+0000] {processor.py:840} INFO - DAG(s) 'tutorial_dag' retrieved from /home/airflow/.local/lib/python3.8/site-packages/airflow/example_dags/tutorial_dag.py
[2026-02-14T20:41:45.018+0000] {logging_mixin.py:188} INFO - [2026-02-14T20:41:45.017+0000] {dag.py:3036} INFO - Sync 1 DAGs
[2026-02-14T20:41:45.039+0000] {logging_mixin.py:188} INFO - [2026-02-14T20:41:45.039+0000] {dag.py:3823} INFO - Setting next_dagrun for tutorial_dag to None, run_after=None
[2026-02-14T20:41:45.069+0000] {processor.py:183} INFO - Processing /home/airflow/.local/lib/python3.8/site-packages/airflow/example_dags/tutorial_dag.py took 0.104 seconds
[2026-02-14T20:42:15.736+0000] {processor.py:161} INFO - Started process (PID=7874) to work on /home/airflow/.local/lib/python3.8/site-packages/airflow/example_dags/tutorial_dag.py
[2026-02-14T20:42:15.737+0000] {processor.py:830} INFO - Processing file /home/airflow/.local/lib/python3.8/site-packages/airflow/example_dags/tutorial_dag.py for tasks to queue
[2026-02-14T20:42:15.740+0000] {logging_mixin.py:188} INFO - [2026-02-14T20:42:15.739+0000] {dagbag.py:538} INFO - Filling up the DagBag from /home/airflow/.local/lib/python3.8/site-packages/airflow/example_dags/tutorial_dag.py
[2026-02-14T20:42:15.748+0000] {processor.py:840} INFO - DAG(s) 'tutorial_dag' retrieved from /home/airflow/.local/lib/python3.8/site-packages/airflow/example_dags/tutorial_dag.py
[2026-02-14T20:42:15.779+0000] {logging_mixin.py:188} INFO - [2026-02-14T20:42:15.779+0000] {dag.py:3036} INFO - Sync 1 DAGs
[2026-02-14T20:42:15.799+0000] {logging_mixin.py:188} INFO - [2026-02-14T20:42:15.798+0000] {dag.py:3823} INFO - Setting next_dagrun for tutorial_dag to None, run_after=None
[2026-02-14T20:42:15.828+0000] {processor.py:183} INFO - Processing /home/airflow/.local/lib/python3.8/site-packages/airflow/example_dags/tutorial_dag.py took 0.098 seconds
[2026-02-14T20:42:46.105+0000] {processor.py:161} INFO - Started process (PID=7956) to work on /home/airflow/.local/lib/python3.8/site-packages/airflow/example_dags/tutorial_dag.py
[2026-02-14T20:42:46.108+0000] {processor.py:830} INFO - Processing file /home/airflow/.local/lib/python3.8/site-packages/airflow/example_dags/tutorial_dag.py for tasks to queue
[2026-02-14T20:42:46.111+0000] {logging_mixin.py:188} INFO - [2026-02-14T20:42:46.110+0000] {dagbag.py:538} INFO - Filling up the DagBag from /home/airflow/.local/lib/python3.8/site-packages/airflow/example_dags/tutorial_dag.py
[2026-02-14T20:42:46.121+0000] {processor.py:840} INFO - DAG(s) 'tutorial_dag' retrieved from /home/airflow/.local/lib/python3.8/site-packages/airflow/example_dags/tutorial_dag.py
[2026-02-14T20:42:46.162+0000] {logging_mixin.py:188} INFO - [2026-02-14T20:42:46.162+0000] {dag.py:3036} INFO - Sync 1 DAGs
[2026-02-14T20:42:46.184+0000] {logging_mixin.py:188} INFO - [2026-02-14T20:42:46.184+0000] {dag.py:3823} INFO - Setting next_dagrun for tutorial_dag to None, run_after=None
[2026-02-14T20:42:46.224+0000] {processor.py:183} INFO - Processing /home/airflow/.local/lib/python3.8/site-packages/airflow/example_dags/tutorial_dag.py took 0.124 seconds
[2026-02-14T20:43:17.232+0000] {processor.py:161} INFO - Started process (PID=8039) to work on /home/airflow/.local/lib/python3.8/site-packages/airflow/example_dags/tutorial_dag.py
[2026-02-14T20:43:17.234+0000] {processor.py:830} INFO - Processing file /home/airflow/.local/lib/python3.8/site-packages/airflow/example_dags/tutorial_dag.py for tasks to queue
[2026-02-14T20:43:17.237+0000] {logging_mixin.py:188} INFO - [2026-02-14T20:43:17.236+0000] {dagbag.py:538} INFO - Filling up the DagBag from /home/airflow/.local/lib/python3.8/site-packages/airflow/example_dags/tutorial_dag.py
[2026-02-14T20:43:17.247+0000] {processor.py:840} INFO - DAG(s) 'tutorial_dag' retrieved from /home/airflow/.local/lib/python3.8/site-packages/airflow/example_dags/tutorial_dag.py
[2026-02-14T20:43:17.282+0000] {logging_mixin.py:188} INFO - [2026-02-14T20:43:17.282+0000] {dag.py:3036} INFO - Sync 1 DAGs
[2026-02-14T20:43:17.302+0000] {logging_mixin.py:188} INFO - [2026-02-14T20:43:17.302+0000] {dag.py:3823} INFO - Setting next_dagrun for tutorial_dag to None, run_after=None
[2026-02-14T20:43:17.333+0000] {processor.py:183} INFO - Processing /home/airflow/.local/lib/python3.8/site-packages/airflow/example_dags/tutorial_dag.py took 0.107 seconds
[2026-02-14T20:43:47.895+0000] {processor.py:161} INFO - Started process (PID=8118) to work on /home/airflow/.local/lib/python3.8/site-packages/airflow/example_dags/tutorial_dag.py
[2026-02-14T20:43:47.897+0000] {processor.py:830} INFO - Processing file /home/airflow/.local/lib/python3.8/site-packages/airflow/example_dags/tutorial_dag.py for tasks to queue
[2026-02-14T20:43:47.900+0000] {logging_mixin.py:188} INFO - [2026-02-14T20:43:47.899+0000] {dagbag.py:538} INFO - Filling up the DagBag from /home/airflow/.local/lib/python3.8/site-packages/airflow/example_dags/tutorial_dag.py
[2026-02-14T20:43:47.908+0000] {processor.py:840} INFO - DAG(s) 'tutorial_dag' retrieved from /home/airflow/.local/lib/python3.8/site-packages/airflow/example_dags/tutorial_dag.py
[2026-02-14T20:43:47.942+0000] {logging_mixin.py:188} INFO - [2026-02-14T20:43:47.942+0000] {dag.py:3036} INFO - Sync 1 DAGs
[2026-02-14T20:43:47.963+0000] {logging_mixin.py:188} INFO - [2026-02-14T20:43:47.963+0000] {dag.py:3823} INFO - Setting next_dagrun for tutorial_dag to None, run_after=None
[2026-02-14T20:43:47.996+0000] {processor.py:183} INFO - Processing /home/airflow/.local/lib/python3.8/site-packages/airflow/example_dags/tutorial_dag.py took 0.108 seconds
[2026-02-14T20:44:18.817+0000] {processor.py:161} INFO - Started process (PID=8208) to work on /home/airflow/.local/lib/python3.8/site-packages/airflow/example_dags/tutorial_dag.py
[2026-02-14T20:44:18.819+0000] {processor.py:830} INFO - Processing file /home/airflow/.local/lib/python3.8/site-packages/airflow/example_dags/tutorial_dag.py for tasks to queue
[2026-02-14T20:44:18.822+0000] {logging_mixin.py:188} INFO - [2026-02-14T20:44:18.821+0000] {dagbag.py:538} INFO - Filling up the DagBag from /home/airflow/.local/lib/python3.8/site-packages/airflow/example_dags/tutorial_dag.py
[2026-02-14T20:44:18.832+0000] {processor.py:840} INFO - DAG(s) 'tutorial_dag' retrieved from /home/airflow/.local/lib/python3.8/site-packages/airflow/example_dags/tutorial_dag.py
[2026-02-14T20:44:18.870+0000] {logging_mixin.py:188} INFO - [2026-02-14T20:44:18.870+0000] {dag.py:3036} INFO - Sync 1 DAGs
[2026-02-14T20:44:18.895+0000] {logging_mixin.py:188} INFO - [2026-02-14T20:44:18.895+0000] {dag.py:3823} INFO - Setting next_dagrun for tutorial_dag to None, run_after=None
[2026-02-14T20:44:18.931+0000] {processor.py:183} INFO - Processing /home/airflow/.local/lib/python3.8/site-packages/airflow/example_dags/tutorial_dag.py took 0.120 seconds
[2026-02-14T20:44:49.297+0000] {processor.py:161} INFO - Started process (PID=8292) to work on /home/airflow/.local/lib/python3.8/site-packages/airflow/example_dags/tutorial_dag.py
[2026-02-14T20:44:49.299+0000] {processor.py:830} INFO - Processing file /home/airflow/.local/lib/python3.8/site-packages/airflow/example_dags/tutorial_dag.py for tasks to queue
[2026-02-14T20:44:49.302+0000] {logging_mixin.py:188} INFO - [2026-02-14T20:44:49.302+0000] {dagbag.py:538} INFO - Filling up the DagBag from /home/airflow/.local/lib/python3.8/site-packages/airflow/example_dags/tutorial_dag.py
[2026-02-14T20:44:49.311+0000] {processor.py:840} INFO - DAG(s) 'tutorial_dag' retrieved from /home/airflow/.local/lib/python3.8/site-packages/airflow/example_dags/tutorial_dag.py
[2026-02-14T20:44:49.347+0000] {logging_mixin.py:188} INFO - [2026-02-14T20:44:49.347+0000] {dag.py:3036} INFO - Sync 1 DAGs
[2026-02-14T20:44:49.368+0000] {logging_mixin.py:188} INFO - [2026-02-14T20:44:49.367+0000] {dag.py:3823} INFO - Setting next_dagrun for tutorial_dag to None, run_after=None
[2026-02-14T20:44:49.402+0000] {processor.py:183} INFO - Processing /home/airflow/.local/lib/python3.8/site-packages/airflow/example_dags/tutorial_dag.py took 0.110 seconds
[2026-02-14T20:45:20.157+0000] {processor.py:161} INFO - Started process (PID=8375) to work on /home/airflow/.local/lib/python3.8/site-packages/airflow/example_dags/tutorial_dag.py
[2026-02-14T20:45:20.159+0000] {processor.py:830} INFO - Processing file /home/airflow/.local/lib/python3.8/site-packages/airflow/example_dags/tutorial_dag.py for tasks to queue
[2026-02-14T20:45:20.164+0000] {logging_mixin.py:188} INFO - [2026-02-14T20:45:20.162+0000] {dagbag.py:538} INFO - Filling up the DagBag from /home/airflow/.local/lib/python3.8/site-packages/airflow/example_dags/tutorial_dag.py
[2026-02-14T20:45:20.187+0000] {processor.py:840} INFO - DAG(s) 'tutorial_dag' retrieved from /home/airflow/.local/lib/python3.8/site-packages/airflow/example_dags/tutorial_dag.py
[2026-02-14T20:45:20.234+0000] {logging_mixin.py:188} INFO - [2026-02-14T20:45:20.233+0000] {dag.py:3036} INFO - Sync 1 DAGs
[2026-02-14T20:45:20.254+0000] {logging_mixin.py:188} INFO - [2026-02-14T20:45:20.253+0000] {dag.py:3823} INFO - Setting next_dagrun for tutorial_dag to None, run_after=None
[2026-02-14T20:45:20.286+0000] {processor.py:183} INFO - Processing /home/airflow/.local/lib/python3.8/site-packages/airflow/example_dags/tutorial_dag.py took 0.136 seconds
[2026-02-14T20:45:50.414+0000] {processor.py:161} INFO - Started process (PID=8458) to work on /home/airflow/.local/lib/python3.8/site-packages/airflow/example_dags/tutorial_dag.py
[2026-02-14T20:45:50.416+0000] {processor.py:830} INFO - Processing file /home/airflow/.local/lib/python3.8/site-packages/airflow/example_dags/tutorial_dag.py for tasks to queue
[2026-02-14T20:45:50.419+0000] {logging_mixin.py:188} INFO - [2026-02-14T20:45:50.418+0000] {dagbag.py:538} INFO - Filling up the DagBag from /home/airflow/.local/lib/python3.8/site-packages/airflow/example_dags/tutorial_dag.py
[2026-02-14T20:45:50.427+0000] {processor.py:840} INFO - DAG(s) 'tutorial_dag' retrieved from /home/airflow/.local/lib/python3.8/site-packages/airflow/example_dags/tutorial_dag.py
[2026-02-14T20:45:50.457+0000] {logging_mixin.py:188} INFO - [2026-02-14T20:45:50.457+0000] {dag.py:3036} INFO - Sync 1 DAGs
[2026-02-14T20:45:50.477+0000] {logging_mixin.py:188} INFO - [2026-02-14T20:45:50.476+0000] {dag.py:3823} INFO - Setting next_dagrun for tutorial_dag to None, run_after=None
[2026-02-14T20:45:50.510+0000] {processor.py:183} INFO - Processing /home/airflow/.local/lib/python3.8/site-packages/airflow/example_dags/tutorial_dag.py took 0.101 seconds
[2026-02-14T20:46:20.685+0000] {processor.py:161} INFO - Started process (PID=8541) to work on /home/airflow/.local/lib/python3.8/site-packages/airflow/example_dags/tutorial_dag.py
[2026-02-14T20:46:20.686+0000] {processor.py:830} INFO - Processing file /home/airflow/.local/lib/python3.8/site-packages/airflow/example_dags/tutorial_dag.py for tasks to queue
[2026-02-14T20:46:20.690+0000] {logging_mixin.py:188} INFO - [2026-02-14T20:46:20.689+0000] {dagbag.py:538} INFO - Filling up the DagBag from /home/airflow/.local/lib/python3.8/site-packages/airflow/example_dags/tutorial_dag.py
[2026-02-14T20:46:20.699+0000] {processor.py:840} INFO - DAG(s) 'tutorial_dag' retrieved from /home/airflow/.local/lib/python3.8/site-packages/airflow/example_dags/tutorial_dag.py
[2026-02-14T20:46:20.738+0000] {logging_mixin.py:188} INFO - [2026-02-14T20:46:20.737+0000] {dag.py:3036} INFO - Sync 1 DAGs
[2026-02-14T20:46:20.764+0000] {logging_mixin.py:188} INFO - [2026-02-14T20:46:20.764+0000] {dag.py:3823} INFO - Setting next_dagrun for tutorial_dag to None, run_after=None
[2026-02-14T20:46:20.799+0000] {processor.py:183} INFO - Processing /home/airflow/.local/lib/python3.8/site-packages/airflow/example_dags/tutorial_dag.py took 0.119 seconds
[2026-02-14T20:46:50.889+0000] {processor.py:161} INFO - Started process (PID=8625) to work on /home/airflow/.local/lib/python3.8/site-packages/airflow/example_dags/tutorial_dag.py
[2026-02-14T20:46:50.892+0000] {processor.py:830} INFO - Processing file /home/airflow/.local/lib/python3.8/site-packages/airflow/example_dags/tutorial_dag.py for tasks to queue
[2026-02-14T20:46:50.895+0000] {logging_mixin.py:188} INFO - [2026-02-14T20:46:50.895+0000] {dagbag.py:538} INFO - Filling up the DagBag from /home/airflow/.local/lib/python3.8/site-packages/airflow/example_dags/tutorial_dag.py
[2026-02-14T20:46:50.906+0000] {processor.py:840} INFO - DAG(s) 'tutorial_dag' retrieved from /home/airflow/.local/lib/python3.8/site-packages/airflow/example_dags/tutorial_dag.py
[2026-02-14T20:46:50.953+0000] {logging_mixin.py:188} INFO - [2026-02-14T20:46:50.953+0000] {dag.py:3036} INFO - Sync 1 DAGs
[2026-02-14T20:46:50.979+0000] {logging_mixin.py:188} INFO - [2026-02-14T20:46:50.978+0000] {dag.py:3823} INFO - Setting next_dagrun for tutorial_dag to None, run_after=None
[2026-02-14T20:46:51.015+0000] {processor.py:183} INFO - Processing /home/airflow/.local/lib/python3.8/site-packages/airflow/example_dags/tutorial_dag.py took 0.132 seconds
[2026-02-14T20:47:21.301+0000] {processor.py:161} INFO - Started process (PID=8708) to work on /home/airflow/.local/lib/python3.8/site-packages/airflow/example_dags/tutorial_dag.py
[2026-02-14T20:47:21.302+0000] {processor.py:830} INFO - Processing file /home/airflow/.local/lib/python3.8/site-packages/airflow/example_dags/tutorial_dag.py for tasks to queue
[2026-02-14T20:47:21.305+0000] {logging_mixin.py:188} INFO - [2026-02-14T20:47:21.304+0000] {dagbag.py:538} INFO - Filling up the DagBag from /home/airflow/.local/lib/python3.8/site-packages/airflow/example_dags/tutorial_dag.py
[2026-02-14T20:47:21.313+0000] {processor.py:840} INFO - DAG(s) 'tutorial_dag' retrieved from /home/airflow/.local/lib/python3.8/site-packages/airflow/example_dags/tutorial_dag.py
[2026-02-14T20:47:21.345+0000] {logging_mixin.py:188} INFO - [2026-02-14T20:47:21.344+0000] {dag.py:3036} INFO - Sync 1 DAGs
[2026-02-14T20:47:21.364+0000] {logging_mixin.py:188} INFO - [2026-02-14T20:47:21.364+0000] {dag.py:3823} INFO - Setting next_dagrun for tutorial_dag to None, run_after=None
[2026-02-14T20:47:21.394+0000] {processor.py:183} INFO - Processing /home/airflow/.local/lib/python3.8/site-packages/airflow/example_dags/tutorial_dag.py took 0.098 seconds
[2026-02-14T20:47:51.790+0000] {processor.py:161} INFO - Started process (PID=8791) to work on /home/airflow/.local/lib/python3.8/site-packages/airflow/example_dags/tutorial_dag.py
[2026-02-14T20:47:51.792+0000] {processor.py:830} INFO - Processing file /home/airflow/.local/lib/python3.8/site-packages/airflow/example_dags/tutorial_dag.py for tasks to queue
[2026-02-14T20:47:51.795+0000] {logging_mixin.py:188} INFO - [2026-02-14T20:47:51.795+0000] {dagbag.py:538} INFO - Filling up the DagBag from /home/airflow/.local/lib/python3.8/site-packages/airflow/example_dags/tutorial_dag.py
[2026-02-14T20:47:51.804+0000] {processor.py:840} INFO - DAG(s) 'tutorial_dag' retrieved from /home/airflow/.local/lib/python3.8/site-packages/airflow/example_dags/tutorial_dag.py
[2026-02-14T20:47:51.839+0000] {logging_mixin.py:188} INFO - [2026-02-14T20:47:51.839+0000] {dag.py:3036} INFO - Sync 1 DAGs
[2026-02-14T20:47:51.863+0000] {logging_mixin.py:188} INFO - [2026-02-14T20:47:51.862+0000] {dag.py:3823} INFO - Setting next_dagrun for tutorial_dag to None, run_after=None
[2026-02-14T20:47:51.896+0000] {processor.py:183} INFO - Processing /home/airflow/.local/lib/python3.8/site-packages/airflow/example_dags/tutorial_dag.py took 0.112 seconds
[2026-02-14T20:48:22.279+0000] {processor.py:161} INFO - Started process (PID=8873) to work on /home/airflow/.local/lib/python3.8/site-packages/airflow/example_dags/tutorial_dag.py
[2026-02-14T20:48:22.281+0000] {processor.py:830} INFO - Processing file /home/airflow/.local/lib/python3.8/site-packages/airflow/example_dags/tutorial_dag.py for tasks to queue
[2026-02-14T20:48:22.284+0000] {logging_mixin.py:188} INFO - [2026-02-14T20:48:22.283+0000] {dagbag.py:538} INFO - Filling up the DagBag from /home/airflow/.local/lib/python3.8/site-packages/airflow/example_dags/tutorial_dag.py
[2026-02-14T20:48:22.293+0000] {processor.py:840} INFO - DAG(s) 'tutorial_dag' retrieved from /home/airflow/.local/lib/python3.8/site-packages/airflow/example_dags/tutorial_dag.py
[2026-02-14T20:48:22.324+0000] {logging_mixin.py:188} INFO - [2026-02-14T20:48:22.324+0000] {dag.py:3036} INFO - Sync 1 DAGs
[2026-02-14T20:48:22.346+0000] {logging_mixin.py:188} INFO - [2026-02-14T20:48:22.345+0000] {dag.py:3823} INFO - Setting next_dagrun for tutorial_dag to None, run_after=None
[2026-02-14T20:48:22.388+0000] {processor.py:183} INFO - Processing /home/airflow/.local/lib/python3.8/site-packages/airflow/example_dags/tutorial_dag.py took 0.115 seconds
[2026-02-14T20:48:53.317+0000] {processor.py:161} INFO - Started process (PID=8964) to work on /home/airflow/.local/lib/python3.8/site-packages/airflow/example_dags/tutorial_dag.py
[2026-02-14T20:48:53.319+0000] {processor.py:830} INFO - Processing file /home/airflow/.local/lib/python3.8/site-packages/airflow/example_dags/tutorial_dag.py for tasks to queue
[2026-02-14T20:48:53.321+0000] {logging_mixin.py:188} INFO - [2026-02-14T20:48:53.321+0000] {dagbag.py:538} INFO - Filling up the DagBag from /home/airflow/.local/lib/python3.8/site-packages/airflow/example_dags/tutorial_dag.py
[2026-02-14T20:48:53.330+0000] {processor.py:840} INFO - DAG(s) 'tutorial_dag' retrieved from /home/airflow/.local/lib/python3.8/site-packages/airflow/example_dags/tutorial_dag.py
[2026-02-14T20:48:53.365+0000] {logging_mixin.py:188} INFO - [2026-02-14T20:48:53.364+0000] {dag.py:3036} INFO - Sync 1 DAGs
[2026-02-14T20:48:53.387+0000] {logging_mixin.py:188} INFO - [2026-02-14T20:48:53.387+0000] {dag.py:3823} INFO - Setting next_dagrun for tutorial_dag to None, run_after=None
[2026-02-14T20:48:53.429+0000] {processor.py:183} INFO - Processing /home/airflow/.local/lib/python3.8/site-packages/airflow/example_dags/tutorial_dag.py took 0.117 seconds
[2026-02-14T20:49:23.937+0000] {processor.py:161} INFO - Started process (PID=9045) to work on /home/airflow/.local/lib/python3.8/site-packages/airflow/example_dags/tutorial_dag.py
[2026-02-14T20:49:23.939+0000] {processor.py:830} INFO - Processing file /home/airflow/.local/lib/python3.8/site-packages/airflow/example_dags/tutorial_dag.py for tasks to queue
[2026-02-14T20:49:23.942+0000] {logging_mixin.py:188} INFO - [2026-02-14T20:49:23.941+0000] {dagbag.py:538} INFO - Filling up the DagBag from /home/airflow/.local/lib/python3.8/site-packages/airflow/example_dags/tutorial_dag.py
[2026-02-14T20:49:23.952+0000] {processor.py:840} INFO - DAG(s) 'tutorial_dag' retrieved from /home/airflow/.local/lib/python3.8/site-packages/airflow/example_dags/tutorial_dag.py
[2026-02-14T20:49:23.995+0000] {logging_mixin.py:188} INFO - [2026-02-14T20:49:23.995+0000] {dag.py:3036} INFO - Sync 1 DAGs
[2026-02-14T20:49:24.020+0000] {logging_mixin.py:188} INFO - [2026-02-14T20:49:24.020+0000] {dag.py:3823} INFO - Setting next_dagrun for tutorial_dag to None, run_after=None
[2026-02-14T20:49:24.053+0000] {processor.py:183} INFO - Processing /home/airflow/.local/lib/python3.8/site-packages/airflow/example_dags/tutorial_dag.py took 0.123 seconds
[2026-02-14T20:49:54.189+0000] {processor.py:161} INFO - Started process (PID=9127) to work on /home/airflow/.local/lib/python3.8/site-packages/airflow/example_dags/tutorial_dag.py
[2026-02-14T20:49:54.190+0000] {processor.py:830} INFO - Processing file /home/airflow/.local/lib/python3.8/site-packages/airflow/example_dags/tutorial_dag.py for tasks to queue
[2026-02-14T20:49:54.193+0000] {logging_mixin.py:188} INFO - [2026-02-14T20:49:54.192+0000] {dagbag.py:538} INFO - Filling up the DagBag from /home/airflow/.local/lib/python3.8/site-packages/airflow/example_dags/tutorial_dag.py
[2026-02-14T20:49:54.201+0000] {processor.py:840} INFO - DAG(s) 'tutorial_dag' retrieved from /home/airflow/.local/lib/python3.8/site-packages/airflow/example_dags/tutorial_dag.py
[2026-02-14T20:49:54.232+0000] {logging_mixin.py:188} INFO - [2026-02-14T20:49:54.232+0000] {dag.py:3036} INFO - Sync 1 DAGs
[2026-02-14T20:49:54.254+0000] {logging_mixin.py:188} INFO - [2026-02-14T20:49:54.254+0000] {dag.py:3823} INFO - Setting next_dagrun for tutorial_dag to None, run_after=None
[2026-02-14T20:49:54.286+0000] {processor.py:183} INFO - Processing /home/airflow/.local/lib/python3.8/site-packages/airflow/example_dags/tutorial_dag.py took 0.103 seconds
[2026-02-14T20:50:24.645+0000] {processor.py:161} INFO - Started process (PID=9211) to work on /home/airflow/.local/lib/python3.8/site-packages/airflow/example_dags/tutorial_dag.py
[2026-02-14T20:50:24.646+0000] {processor.py:830} INFO - Processing file /home/airflow/.local/lib/python3.8/site-packages/airflow/example_dags/tutorial_dag.py for tasks to queue
[2026-02-14T20:50:24.650+0000] {logging_mixin.py:188} INFO - [2026-02-14T20:50:24.649+0000] {dagbag.py:538} INFO - Filling up the DagBag from /home/airflow/.local/lib/python3.8/site-packages/airflow/example_dags/tutorial_dag.py
[2026-02-14T20:50:24.659+0000] {processor.py:840} INFO - DAG(s) 'tutorial_dag' retrieved from /home/airflow/.local/lib/python3.8/site-packages/airflow/example_dags/tutorial_dag.py
[2026-02-14T20:50:24.691+0000] {logging_mixin.py:188} INFO - [2026-02-14T20:50:24.691+0000] {dag.py:3036} INFO - Sync 1 DAGs
[2026-02-14T20:50:24.712+0000] {logging_mixin.py:188} INFO - [2026-02-14T20:50:24.711+0000] {dag.py:3823} INFO - Setting next_dagrun for tutorial_dag to None, run_after=None
[2026-02-14T20:50:24.743+0000] {processor.py:183} INFO - Processing /home/airflow/.local/lib/python3.8/site-packages/airflow/example_dags/tutorial_dag.py took 0.103 seconds
[2026-02-14T20:50:55.401+0000] {processor.py:161} INFO - Started process (PID=9293) to work on /home/airflow/.local/lib/python3.8/site-packages/airflow/example_dags/tutorial_dag.py
[2026-02-14T20:50:55.403+0000] {processor.py:830} INFO - Processing file /home/airflow/.local/lib/python3.8/site-packages/airflow/example_dags/tutorial_dag.py for tasks to queue
[2026-02-14T20:50:55.406+0000] {logging_mixin.py:188} INFO - [2026-02-14T20:50:55.405+0000] {dagbag.py:538} INFO - Filling up the DagBag from /home/airflow/.local/lib/python3.8/site-packages/airflow/example_dags/tutorial_dag.py
[2026-02-14T20:50:55.415+0000] {processor.py:840} INFO - DAG(s) 'tutorial_dag' retrieved from /home/airflow/.local/lib/python3.8/site-packages/airflow/example_dags/tutorial_dag.py
[2026-02-14T20:50:55.452+0000] {logging_mixin.py:188} INFO - [2026-02-14T20:50:55.452+0000] {dag.py:3036} INFO - Sync 1 DAGs
[2026-02-14T20:50:55.475+0000] {logging_mixin.py:188} INFO - [2026-02-14T20:50:55.475+0000] {dag.py:3823} INFO - Setting next_dagrun for tutorial_dag to None, run_after=None
[2026-02-14T20:50:55.508+0000] {processor.py:183} INFO - Processing /home/airflow/.local/lib/python3.8/site-packages/airflow/example_dags/tutorial_dag.py took 0.112 seconds
[2026-02-14T20:51:25.938+0000] {processor.py:161} INFO - Started process (PID=9377) to work on /home/airflow/.local/lib/python3.8/site-packages/airflow/example_dags/tutorial_dag.py
[2026-02-14T20:51:25.940+0000] {processor.py:830} INFO - Processing file /home/airflow/.local/lib/python3.8/site-packages/airflow/example_dags/tutorial_dag.py for tasks to queue
[2026-02-14T20:51:25.943+0000] {logging_mixin.py:188} INFO - [2026-02-14T20:51:25.943+0000] {dagbag.py:538} INFO - Filling up the DagBag from /home/airflow/.local/lib/python3.8/site-packages/airflow/example_dags/tutorial_dag.py
[2026-02-14T20:51:25.954+0000] {processor.py:840} INFO - DAG(s) 'tutorial_dag' retrieved from /home/airflow/.local/lib/python3.8/site-packages/airflow/example_dags/tutorial_dag.py
[2026-02-14T20:51:25.990+0000] {logging_mixin.py:188} INFO - [2026-02-14T20:51:25.989+0000] {dag.py:3036} INFO - Sync 1 DAGs
[2026-02-14T20:51:26.010+0000] {logging_mixin.py:188} INFO - [2026-02-14T20:51:26.010+0000] {dag.py:3823} INFO - Setting next_dagrun for tutorial_dag to None, run_after=None
[2026-02-14T20:51:26.042+0000] {processor.py:183} INFO - Processing /home/airflow/.local/lib/python3.8/site-packages/airflow/example_dags/tutorial_dag.py took 0.110 seconds
[2026-02-14T20:51:56.353+0000] {processor.py:161} INFO - Started process (PID=9460) to work on /home/airflow/.local/lib/python3.8/site-packages/airflow/example_dags/tutorial_dag.py
[2026-02-14T20:51:56.355+0000] {processor.py:830} INFO - Processing file /home/airflow/.local/lib/python3.8/site-packages/airflow/example_dags/tutorial_dag.py for tasks to queue
[2026-02-14T20:51:56.357+0000] {logging_mixin.py:188} INFO - [2026-02-14T20:51:56.357+0000] {dagbag.py:538} INFO - Filling up the DagBag from /home/airflow/.local/lib/python3.8/site-packages/airflow/example_dags/tutorial_dag.py
[2026-02-14T20:51:56.365+0000] {processor.py:840} INFO - DAG(s) 'tutorial_dag' retrieved from /home/airflow/.local/lib/python3.8/site-packages/airflow/example_dags/tutorial_dag.py
[2026-02-14T20:51:56.395+0000] {logging_mixin.py:188} INFO - [2026-02-14T20:51:56.394+0000] {dag.py:3036} INFO - Sync 1 DAGs
[2026-02-14T20:51:56.413+0000] {logging_mixin.py:188} INFO - [2026-02-14T20:51:56.413+0000] {dag.py:3823} INFO - Setting next_dagrun for tutorial_dag to None, run_after=None
[2026-02-14T20:51:56.442+0000] {processor.py:183} INFO - Processing /home/airflow/.local/lib/python3.8/site-packages/airflow/example_dags/tutorial_dag.py took 0.094 seconds
[2026-02-14T20:52:26.790+0000] {processor.py:161} INFO - Started process (PID=9543) to work on /home/airflow/.local/lib/python3.8/site-packages/airflow/example_dags/tutorial_dag.py
[2026-02-14T20:52:26.792+0000] {processor.py:830} INFO - Processing file /home/airflow/.local/lib/python3.8/site-packages/airflow/example_dags/tutorial_dag.py for tasks to queue
[2026-02-14T20:52:26.794+0000] {logging_mixin.py:188} INFO - [2026-02-14T20:52:26.794+0000] {dagbag.py:538} INFO - Filling up the DagBag from /home/airflow/.local/lib/python3.8/site-packages/airflow/example_dags/tutorial_dag.py
[2026-02-14T20:52:26.803+0000] {processor.py:840} INFO - DAG(s) 'tutorial_dag' retrieved from /home/airflow/.local/lib/python3.8/site-packages/airflow/example_dags/tutorial_dag.py
[2026-02-14T20:52:26.833+0000] {logging_mixin.py:188} INFO - [2026-02-14T20:52:26.832+0000] {dag.py:3036} INFO - Sync 1 DAGs
[2026-02-14T20:52:26.851+0000] {logging_mixin.py:188} INFO - [2026-02-14T20:52:26.851+0000] {dag.py:3823} INFO - Setting next_dagrun for tutorial_dag to None, run_after=None
[2026-02-14T20:52:26.878+0000] {processor.py:183} INFO - Processing /home/airflow/.local/lib/python3.8/site-packages/airflow/example_dags/tutorial_dag.py took 0.093 seconds
[2026-02-14T20:52:57.168+0000] {processor.py:161} INFO - Started process (PID=9627) to work on /home/airflow/.local/lib/python3.8/site-packages/airflow/example_dags/tutorial_dag.py
[2026-02-14T20:52:57.170+0000] {processor.py:830} INFO - Processing file /home/airflow/.local/lib/python3.8/site-packages/airflow/example_dags/tutorial_dag.py for tasks to queue
[2026-02-14T20:52:57.173+0000] {logging_mixin.py:188} INFO - [2026-02-14T20:52:57.173+0000] {dagbag.py:538} INFO - Filling up the DagBag from /home/airflow/.local/lib/python3.8/site-packages/airflow/example_dags/tutorial_dag.py
[2026-02-14T20:52:57.183+0000] {processor.py:840} INFO - DAG(s) 'tutorial_dag' retrieved from /home/airflow/.local/lib/python3.8/site-packages/airflow/example_dags/tutorial_dag.py
[2026-02-14T20:52:57.221+0000] {logging_mixin.py:188} INFO - [2026-02-14T20:52:57.221+0000] {dag.py:3036} INFO - Sync 1 DAGs
[2026-02-14T20:52:57.248+0000] {logging_mixin.py:188} INFO - [2026-02-14T20:52:57.248+0000] {dag.py:3823} INFO - Setting next_dagrun for tutorial_dag to None, run_after=None
[2026-02-14T20:52:57.309+0000] {processor.py:183} INFO - Processing /home/airflow/.local/lib/python3.8/site-packages/airflow/example_dags/tutorial_dag.py took 0.147 seconds
[2026-02-14T20:53:27.709+0000] {processor.py:161} INFO - Started process (PID=9718) to work on /home/airflow/.local/lib/python3.8/site-packages/airflow/example_dags/tutorial_dag.py
[2026-02-14T20:53:27.710+0000] {processor.py:830} INFO - Processing file /home/airflow/.local/lib/python3.8/site-packages/airflow/example_dags/tutorial_dag.py for tasks to queue
[2026-02-14T20:53:27.713+0000] {logging_mixin.py:188} INFO - [2026-02-14T20:53:27.713+0000] {dagbag.py:538} INFO - Filling up the DagBag from /home/airflow/.local/lib/python3.8/site-packages/airflow/example_dags/tutorial_dag.py
[2026-02-14T20:53:27.723+0000] {processor.py:840} INFO - DAG(s) 'tutorial_dag' retrieved from /home/airflow/.local/lib/python3.8/site-packages/airflow/example_dags/tutorial_dag.py
[2026-02-14T20:53:27.760+0000] {logging_mixin.py:188} INFO - [2026-02-14T20:53:27.760+0000] {dag.py:3036} INFO - Sync 1 DAGs
[2026-02-14T20:53:27.784+0000] {logging_mixin.py:188} INFO - [2026-02-14T20:53:27.784+0000] {dag.py:3823} INFO - Setting next_dagrun for tutorial_dag to None, run_after=None
[2026-02-14T20:53:27.819+0000] {processor.py:183} INFO - Processing /home/airflow/.local/lib/python3.8/site-packages/airflow/example_dags/tutorial_dag.py took 0.117 seconds
[2026-02-14T20:53:58.086+0000] {processor.py:161} INFO - Started process (PID=9802) to work on /home/airflow/.local/lib/python3.8/site-packages/airflow/example_dags/tutorial_dag.py
[2026-02-14T20:53:58.088+0000] {processor.py:830} INFO - Processing file /home/airflow/.local/lib/python3.8/site-packages/airflow/example_dags/tutorial_dag.py for tasks to queue
[2026-02-14T20:53:58.091+0000] {logging_mixin.py:188} INFO - [2026-02-14T20:53:58.091+0000] {dagbag.py:538} INFO - Filling up the DagBag from /home/airflow/.local/lib/python3.8/site-packages/airflow/example_dags/tutorial_dag.py
[2026-02-14T20:53:58.101+0000] {processor.py:840} INFO - DAG(s) 'tutorial_dag' retrieved from /home/airflow/.local/lib/python3.8/site-packages/airflow/example_dags/tutorial_dag.py
[2026-02-14T20:53:58.137+0000] {logging_mixin.py:188} INFO - [2026-02-14T20:53:58.137+0000] {dag.py:3036} INFO - Sync 1 DAGs
[2026-02-14T20:53:58.161+0000] {logging_mixin.py:188} INFO - [2026-02-14T20:53:58.161+0000] {dag.py:3823} INFO - Setting next_dagrun for tutorial_dag to None, run_after=None
[2026-02-14T20:53:58.203+0000] {processor.py:183} INFO - Processing /home/airflow/.local/lib/python3.8/site-packages/airflow/example_dags/tutorial_dag.py took 0.124 seconds
[2026-02-14T20:54:28.890+0000] {processor.py:161} INFO - Started process (PID=9885) to work on /home/airflow/.local/lib/python3.8/site-packages/airflow/example_dags/tutorial_dag.py
[2026-02-14T20:54:28.891+0000] {processor.py:830} INFO - Processing file /home/airflow/.local/lib/python3.8/site-packages/airflow/example_dags/tutorial_dag.py for tasks to queue
[2026-02-14T20:54:28.894+0000] {logging_mixin.py:188} INFO - [2026-02-14T20:54:28.894+0000] {dagbag.py:538} INFO - Filling up the DagBag from /home/airflow/.local/lib/python3.8/site-packages/airflow/example_dags/tutorial_dag.py
[2026-02-14T20:54:28.904+0000] {processor.py:840} INFO - DAG(s) 'tutorial_dag' retrieved from /home/airflow/.local/lib/python3.8/site-packages/airflow/example_dags/tutorial_dag.py
[2026-02-14T20:54:28.942+0000] {logging_mixin.py:188} INFO - [2026-02-14T20:54:28.942+0000] {dag.py:3036} INFO - Sync 1 DAGs
[2026-02-14T20:54:28.966+0000] {logging_mixin.py:188} INFO - [2026-02-14T20:54:28.966+0000] {dag.py:3823} INFO - Setting next_dagrun for tutorial_dag to None, run_after=None
[2026-02-14T20:54:29.002+0000] {processor.py:183} INFO - Processing /home/airflow/.local/lib/python3.8/site-packages/airflow/example_dags/tutorial_dag.py took 0.118 seconds
[2026-02-14T20:54:59.265+0000] {processor.py:161} INFO - Started process (PID=9967) to work on /home/airflow/.local/lib/python3.8/site-packages/airflow/example_dags/tutorial_dag.py
[2026-02-14T20:54:59.267+0000] {processor.py:830} INFO - Processing file /home/airflow/.local/lib/python3.8/site-packages/airflow/example_dags/tutorial_dag.py for tasks to queue
[2026-02-14T20:54:59.270+0000] {logging_mixin.py:188} INFO - [2026-02-14T20:54:59.270+0000] {dagbag.py:538} INFO - Filling up the DagBag from /home/airflow/.local/lib/python3.8/site-packages/airflow/example_dags/tutorial_dag.py
[2026-02-14T20:54:59.279+0000] {processor.py:840} INFO - DAG(s) 'tutorial_dag' retrieved from /home/airflow/.local/lib/python3.8/site-packages/airflow/example_dags/tutorial_dag.py
[2026-02-14T20:54:59.312+0000] {logging_mixin.py:188} INFO - [2026-02-14T20:54:59.311+0000] {dag.py:3036} INFO - Sync 1 DAGs
[2026-02-14T20:54:59.331+0000] {logging_mixin.py:188} INFO - [2026-02-14T20:54:59.331+0000] {dag.py:3823} INFO - Setting next_dagrun for tutorial_dag to None, run_after=None
[2026-02-14T20:54:59.361+0000] {processor.py:183} INFO - Processing /home/airflow/.local/lib/python3.8/site-packages/airflow/example_dags/tutorial_dag.py took 0.101 seconds
[2026-02-14T20:55:29.620+0000] {processor.py:161} INFO - Started process (PID=10050) to work on /home/airflow/.local/lib/python3.8/site-packages/airflow/example_dags/tutorial_dag.py
[2026-02-14T20:55:29.622+0000] {processor.py:830} INFO - Processing file /home/airflow/.local/lib/python3.8/site-packages/airflow/example_dags/tutorial_dag.py for tasks to queue
[2026-02-14T20:55:29.624+0000] {logging_mixin.py:188} INFO - [2026-02-14T20:55:29.624+0000] {dagbag.py:538} INFO - Filling up the DagBag from /home/airflow/.local/lib/python3.8/site-packages/airflow/example_dags/tutorial_dag.py
[2026-02-14T20:55:29.632+0000] {processor.py:840} INFO - DAG(s) 'tutorial_dag' retrieved from /home/airflow/.local/lib/python3.8/site-packages/airflow/example_dags/tutorial_dag.py
[2026-02-14T20:55:29.663+0000] {logging_mixin.py:188} INFO - [2026-02-14T20:55:29.662+0000] {dag.py:3036} INFO - Sync 1 DAGs
[2026-02-14T20:55:29.682+0000] {logging_mixin.py:188} INFO - [2026-02-14T20:55:29.681+0000] {dag.py:3823} INFO - Setting next_dagrun for tutorial_dag to None, run_after=None
[2026-02-14T20:55:29.711+0000] {processor.py:183} INFO - Processing /home/airflow/.local/lib/python3.8/site-packages/airflow/example_dags/tutorial_dag.py took 0.095 seconds
[2026-02-14T20:56:00.359+0000] {processor.py:161} INFO - Started process (PID=10133) to work on /home/airflow/.local/lib/python3.8/site-packages/airflow/example_dags/tutorial_dag.py
[2026-02-14T20:56:00.361+0000] {processor.py:830} INFO - Processing file /home/airflow/.local/lib/python3.8/site-packages/airflow/example_dags/tutorial_dag.py for tasks to queue
[2026-02-14T20:56:00.364+0000] {logging_mixin.py:188} INFO - [2026-02-14T20:56:00.364+0000] {dagbag.py:538} INFO - Filling up the DagBag from /home/airflow/.local/lib/python3.8/site-packages/airflow/example_dags/tutorial_dag.py
[2026-02-14T20:56:00.374+0000] {processor.py:840} INFO - DAG(s) 'tutorial_dag' retrieved from /home/airflow/.local/lib/python3.8/site-packages/airflow/example_dags/tutorial_dag.py
[2026-02-14T20:56:00.410+0000] {logging_mixin.py:188} INFO - [2026-02-14T20:56:00.410+0000] {dag.py:3036} INFO - Sync 1 DAGs
[2026-02-14T20:56:00.430+0000] {logging_mixin.py:188} INFO - [2026-02-14T20:56:00.430+0000] {dag.py:3823} INFO - Setting next_dagrun for tutorial_dag to None, run_after=None
[2026-02-14T20:56:00.462+0000] {processor.py:183} INFO - Processing /home/airflow/.local/lib/python3.8/site-packages/airflow/example_dags/tutorial_dag.py took 0.108 seconds
[2026-02-14T20:56:31.343+0000] {processor.py:161} INFO - Started process (PID=10217) to work on /home/airflow/.local/lib/python3.8/site-packages/airflow/example_dags/tutorial_dag.py
[2026-02-14T20:56:31.344+0000] {processor.py:830} INFO - Processing file /home/airflow/.local/lib/python3.8/site-packages/airflow/example_dags/tutorial_dag.py for tasks to queue
[2026-02-14T20:56:31.347+0000] {logging_mixin.py:188} INFO - [2026-02-14T20:56:31.346+0000] {dagbag.py:538} INFO - Filling up the DagBag from /home/airflow/.local/lib/python3.8/site-packages/airflow/example_dags/tutorial_dag.py
[2026-02-14T20:56:31.356+0000] {processor.py:840} INFO - DAG(s) 'tutorial_dag' retrieved from /home/airflow/.local/lib/python3.8/site-packages/airflow/example_dags/tutorial_dag.py
[2026-02-14T20:56:31.393+0000] {logging_mixin.py:188} INFO - [2026-02-14T20:56:31.393+0000] {dag.py:3036} INFO - Sync 1 DAGs
[2026-02-14T20:56:31.417+0000] {logging_mixin.py:188} INFO - [2026-02-14T20:56:31.417+0000] {dag.py:3823} INFO - Setting next_dagrun for tutorial_dag to None, run_after=None
[2026-02-14T20:56:31.451+0000] {processor.py:183} INFO - Processing /home/airflow/.local/lib/python3.8/site-packages/airflow/example_dags/tutorial_dag.py took 0.113 seconds
[2026-02-14T20:57:01.523+0000] {processor.py:161} INFO - Started process (PID=10299) to work on /home/airflow/.local/lib/python3.8/site-packages/airflow/example_dags/tutorial_dag.py
[2026-02-14T20:57:01.525+0000] {processor.py:830} INFO - Processing file /home/airflow/.local/lib/python3.8/site-packages/airflow/example_dags/tutorial_dag.py for tasks to queue
[2026-02-14T20:57:01.527+0000] {logging_mixin.py:188} INFO - [2026-02-14T20:57:01.527+0000] {dagbag.py:538} INFO - Filling up the DagBag from /home/airflow/.local/lib/python3.8/site-packages/airflow/example_dags/tutorial_dag.py
[2026-02-14T20:57:01.535+0000] {processor.py:840} INFO - DAG(s) 'tutorial_dag' retrieved from /home/airflow/.local/lib/python3.8/site-packages/airflow/example_dags/tutorial_dag.py
[2026-02-14T20:57:01.573+0000] {logging_mixin.py:188} INFO - [2026-02-14T20:57:01.573+0000] {dag.py:3036} INFO - Sync 1 DAGs
[2026-02-14T20:57:01.593+0000] {logging_mixin.py:188} INFO - [2026-02-14T20:57:01.592+0000] {dag.py:3823} INFO - Setting next_dagrun for tutorial_dag to None, run_after=None
[2026-02-14T20:57:01.625+0000] {processor.py:183} INFO - Processing /home/airflow/.local/lib/python3.8/site-packages/airflow/example_dags/tutorial_dag.py took 0.107 seconds
[2026-02-14T20:57:32.176+0000] {processor.py:161} INFO - Started process (PID=10391) to work on /home/airflow/.local/lib/python3.8/site-packages/airflow/example_dags/tutorial_dag.py
[2026-02-14T20:57:32.177+0000] {processor.py:830} INFO - Processing file /home/airflow/.local/lib/python3.8/site-packages/airflow/example_dags/tutorial_dag.py for tasks to queue
[2026-02-14T20:57:32.179+0000] {logging_mixin.py:188} INFO - [2026-02-14T20:57:32.179+0000] {dagbag.py:538} INFO - Filling up the DagBag from /home/airflow/.local/lib/python3.8/site-packages/airflow/example_dags/tutorial_dag.py
[2026-02-14T20:57:32.187+0000] {processor.py:840} INFO - DAG(s) 'tutorial_dag' retrieved from /home/airflow/.local/lib/python3.8/site-packages/airflow/example_dags/tutorial_dag.py
[2026-02-14T20:57:32.217+0000] {logging_mixin.py:188} INFO - [2026-02-14T20:57:32.217+0000] {dag.py:3036} INFO - Sync 1 DAGs
[2026-02-14T20:57:32.237+0000] {logging_mixin.py:188} INFO - [2026-02-14T20:57:32.237+0000] {dag.py:3823} INFO - Setting next_dagrun for tutorial_dag to None, run_after=None
[2026-02-14T20:57:32.266+0000] {processor.py:183} INFO - Processing /home/airflow/.local/lib/python3.8/site-packages/airflow/example_dags/tutorial_dag.py took 0.096 seconds
[2026-02-14T20:58:02.980+0000] {processor.py:161} INFO - Started process (PID=10475) to work on /home/airflow/.local/lib/python3.8/site-packages/airflow/example_dags/tutorial_dag.py
[2026-02-14T20:58:02.982+0000] {processor.py:830} INFO - Processing file /home/airflow/.local/lib/python3.8/site-packages/airflow/example_dags/tutorial_dag.py for tasks to queue
[2026-02-14T20:58:02.985+0000] {logging_mixin.py:188} INFO - [2026-02-14T20:58:02.984+0000] {dagbag.py:538} INFO - Filling up the DagBag from /home/airflow/.local/lib/python3.8/site-packages/airflow/example_dags/tutorial_dag.py
[2026-02-14T20:58:02.995+0000] {processor.py:840} INFO - DAG(s) 'tutorial_dag' retrieved from /home/airflow/.local/lib/python3.8/site-packages/airflow/example_dags/tutorial_dag.py
[2026-02-14T20:58:03.032+0000] {logging_mixin.py:188} INFO - [2026-02-14T20:58:03.031+0000] {dag.py:3036} INFO - Sync 1 DAGs
[2026-02-14T20:58:03.063+0000] {logging_mixin.py:188} INFO - [2026-02-14T20:58:03.063+0000] {dag.py:3823} INFO - Setting next_dagrun for tutorial_dag to None, run_after=None
[2026-02-14T20:58:03.100+0000] {processor.py:183} INFO - Processing /home/airflow/.local/lib/python3.8/site-packages/airflow/example_dags/tutorial_dag.py took 0.127 seconds
[2026-02-14T20:58:33.761+0000] {processor.py:161} INFO - Started process (PID=10558) to work on /home/airflow/.local/lib/python3.8/site-packages/airflow/example_dags/tutorial_dag.py
[2026-02-14T20:58:33.762+0000] {processor.py:830} INFO - Processing file /home/airflow/.local/lib/python3.8/site-packages/airflow/example_dags/tutorial_dag.py for tasks to queue
[2026-02-14T20:58:33.765+0000] {logging_mixin.py:188} INFO - [2026-02-14T20:58:33.764+0000] {dagbag.py:538} INFO - Filling up the DagBag from /home/airflow/.local/lib/python3.8/site-packages/airflow/example_dags/tutorial_dag.py
[2026-02-14T20:58:33.772+0000] {processor.py:840} INFO - DAG(s) 'tutorial_dag' retrieved from /home/airflow/.local/lib/python3.8/site-packages/airflow/example_dags/tutorial_dag.py
[2026-02-14T20:58:33.802+0000] {logging_mixin.py:188} INFO - [2026-02-14T20:58:33.801+0000] {dag.py:3036} INFO - Sync 1 DAGs
[2026-02-14T20:58:33.821+0000] {logging_mixin.py:188} INFO - [2026-02-14T20:58:33.820+0000] {dag.py:3823} INFO - Setting next_dagrun for tutorial_dag to None, run_after=None
[2026-02-14T20:58:33.849+0000] {processor.py:183} INFO - Processing /home/airflow/.local/lib/python3.8/site-packages/airflow/example_dags/tutorial_dag.py took 0.093 seconds
[2026-02-14T20:59:04.515+0000] {processor.py:161} INFO - Started process (PID=10641) to work on /home/airflow/.local/lib/python3.8/site-packages/airflow/example_dags/tutorial_dag.py
[2026-02-14T20:59:04.517+0000] {processor.py:830} INFO - Processing file /home/airflow/.local/lib/python3.8/site-packages/airflow/example_dags/tutorial_dag.py for tasks to queue
[2026-02-14T20:59:04.519+0000] {logging_mixin.py:188} INFO - [2026-02-14T20:59:04.519+0000] {dagbag.py:538} INFO - Filling up the DagBag from /home/airflow/.local/lib/python3.8/site-packages/airflow/example_dags/tutorial_dag.py
[2026-02-14T20:59:04.528+0000] {processor.py:840} INFO - DAG(s) 'tutorial_dag' retrieved from /home/airflow/.local/lib/python3.8/site-packages/airflow/example_dags/tutorial_dag.py
[2026-02-14T20:59:04.564+0000] {logging_mixin.py:188} INFO - [2026-02-14T20:59:04.563+0000] {dag.py:3036} INFO - Sync 1 DAGs
[2026-02-14T20:59:04.588+0000] {logging_mixin.py:188} INFO - [2026-02-14T20:59:04.587+0000] {dag.py:3823} INFO - Setting next_dagrun for tutorial_dag to None, run_after=None
[2026-02-14T20:59:04.621+0000] {processor.py:183} INFO - Processing /home/airflow/.local/lib/python3.8/site-packages/airflow/example_dags/tutorial_dag.py took 0.111 seconds
[2026-02-14T20:59:34.818+0000] {processor.py:161} INFO - Started process (PID=10723) to work on /home/airflow/.local/lib/python3.8/site-packages/airflow/example_dags/tutorial_dag.py
[2026-02-14T20:59:34.823+0000] {processor.py:830} INFO - Processing file /home/airflow/.local/lib/python3.8/site-packages/airflow/example_dags/tutorial_dag.py for tasks to queue
[2026-02-14T20:59:34.838+0000] {logging_mixin.py:188} INFO - [2026-02-14T20:59:34.837+0000] {dagbag.py:538} INFO - Filling up the DagBag from /home/airflow/.local/lib/python3.8/site-packages/airflow/example_dags/tutorial_dag.py
[2026-02-14T20:59:34.854+0000] {processor.py:840} INFO - DAG(s) 'tutorial_dag' retrieved from /home/airflow/.local/lib/python3.8/site-packages/airflow/example_dags/tutorial_dag.py
[2026-02-14T20:59:34.927+0000] {logging_mixin.py:188} INFO - [2026-02-14T20:59:34.926+0000] {dag.py:3036} INFO - Sync 1 DAGs
[2026-02-14T20:59:34.959+0000] {logging_mixin.py:188} INFO - [2026-02-14T20:59:34.958+0000] {dag.py:3823} INFO - Setting next_dagrun for tutorial_dag to None, run_after=None
[2026-02-14T20:59:34.996+0000] {processor.py:183} INFO - Processing /home/airflow/.local/lib/python3.8/site-packages/airflow/example_dags/tutorial_dag.py took 0.186 seconds
[2026-02-14T21:00:05.120+0000] {processor.py:161} INFO - Started process (PID=10806) to work on /home/airflow/.local/lib/python3.8/site-packages/airflow/example_dags/tutorial_dag.py
[2026-02-14T21:00:05.123+0000] {processor.py:830} INFO - Processing file /home/airflow/.local/lib/python3.8/site-packages/airflow/example_dags/tutorial_dag.py for tasks to queue
[2026-02-14T21:00:05.126+0000] {logging_mixin.py:188} INFO - [2026-02-14T21:00:05.125+0000] {dagbag.py:538} INFO - Filling up the DagBag from /home/airflow/.local/lib/python3.8/site-packages/airflow/example_dags/tutorial_dag.py
[2026-02-14T21:00:05.135+0000] {processor.py:840} INFO - DAG(s) 'tutorial_dag' retrieved from /home/airflow/.local/lib/python3.8/site-packages/airflow/example_dags/tutorial_dag.py
[2026-02-14T21:00:05.173+0000] {logging_mixin.py:188} INFO - [2026-02-14T21:00:05.172+0000] {dag.py:3036} INFO - Sync 1 DAGs
[2026-02-14T21:00:05.194+0000] {logging_mixin.py:188} INFO - [2026-02-14T21:00:05.194+0000] {dag.py:3823} INFO - Setting next_dagrun for tutorial_dag to None, run_after=None
[2026-02-14T21:00:05.240+0000] {processor.py:183} INFO - Processing /home/airflow/.local/lib/python3.8/site-packages/airflow/example_dags/tutorial_dag.py took 0.125 seconds
[2026-02-14T21:00:35.461+0000] {processor.py:161} INFO - Started process (PID=10890) to work on /home/airflow/.local/lib/python3.8/site-packages/airflow/example_dags/tutorial_dag.py
[2026-02-14T21:00:35.463+0000] {processor.py:830} INFO - Processing file /home/airflow/.local/lib/python3.8/site-packages/airflow/example_dags/tutorial_dag.py for tasks to queue
[2026-02-14T21:00:35.465+0000] {logging_mixin.py:188} INFO - [2026-02-14T21:00:35.465+0000] {dagbag.py:538} INFO - Filling up the DagBag from /home/airflow/.local/lib/python3.8/site-packages/airflow/example_dags/tutorial_dag.py
[2026-02-14T21:00:35.474+0000] {processor.py:840} INFO - DAG(s) 'tutorial_dag' retrieved from /home/airflow/.local/lib/python3.8/site-packages/airflow/example_dags/tutorial_dag.py
[2026-02-14T21:00:35.508+0000] {logging_mixin.py:188} INFO - [2026-02-14T21:00:35.507+0000] {dag.py:3036} INFO - Sync 1 DAGs
[2026-02-14T21:00:35.528+0000] {logging_mixin.py:188} INFO - [2026-02-14T21:00:35.528+0000] {dag.py:3823} INFO - Setting next_dagrun for tutorial_dag to None, run_after=None
[2026-02-14T21:00:35.560+0000] {processor.py:183} INFO - Processing /home/airflow/.local/lib/python3.8/site-packages/airflow/example_dags/tutorial_dag.py took 0.104 seconds
[2026-02-14T21:01:05.850+0000] {processor.py:161} INFO - Started process (PID=10974) to work on /home/airflow/.local/lib/python3.8/site-packages/airflow/example_dags/tutorial_dag.py
[2026-02-14T21:01:05.853+0000] {processor.py:830} INFO - Processing file /home/airflow/.local/lib/python3.8/site-packages/airflow/example_dags/tutorial_dag.py for tasks to queue
[2026-02-14T21:01:05.857+0000] {logging_mixin.py:188} INFO - [2026-02-14T21:01:05.856+0000] {dagbag.py:538} INFO - Filling up the DagBag from /home/airflow/.local/lib/python3.8/site-packages/airflow/example_dags/tutorial_dag.py
[2026-02-14T21:01:05.867+0000] {processor.py:840} INFO - DAG(s) 'tutorial_dag' retrieved from /home/airflow/.local/lib/python3.8/site-packages/airflow/example_dags/tutorial_dag.py
[2026-02-14T21:01:05.903+0000] {logging_mixin.py:188} INFO - [2026-02-14T21:01:05.903+0000] {dag.py:3036} INFO - Sync 1 DAGs
[2026-02-14T21:01:05.929+0000] {logging_mixin.py:188} INFO - [2026-02-14T21:01:05.928+0000] {dag.py:3823} INFO - Setting next_dagrun for tutorial_dag to None, run_after=None
[2026-02-14T21:01:05.979+0000] {processor.py:183} INFO - Processing /home/airflow/.local/lib/python3.8/site-packages/airflow/example_dags/tutorial_dag.py took 0.135 seconds
[2026-02-14T21:01:36.124+0000] {processor.py:161} INFO - Started process (PID=11065) to work on /home/airflow/.local/lib/python3.8/site-packages/airflow/example_dags/tutorial_dag.py
[2026-02-14T21:01:36.125+0000] {processor.py:830} INFO - Processing file /home/airflow/.local/lib/python3.8/site-packages/airflow/example_dags/tutorial_dag.py for tasks to queue
[2026-02-14T21:01:36.128+0000] {logging_mixin.py:188} INFO - [2026-02-14T21:01:36.128+0000] {dagbag.py:538} INFO - Filling up the DagBag from /home/airflow/.local/lib/python3.8/site-packages/airflow/example_dags/tutorial_dag.py
[2026-02-14T21:01:36.137+0000] {processor.py:840} INFO - DAG(s) 'tutorial_dag' retrieved from /home/airflow/.local/lib/python3.8/site-packages/airflow/example_dags/tutorial_dag.py
[2026-02-14T21:01:36.169+0000] {logging_mixin.py:188} INFO - [2026-02-14T21:01:36.169+0000] {dag.py:3036} INFO - Sync 1 DAGs
[2026-02-14T21:01:36.189+0000] {logging_mixin.py:188} INFO - [2026-02-14T21:01:36.189+0000] {dag.py:3823} INFO - Setting next_dagrun for tutorial_dag to None, run_after=None
[2026-02-14T21:01:36.218+0000] {processor.py:183} INFO - Processing /home/airflow/.local/lib/python3.8/site-packages/airflow/example_dags/tutorial_dag.py took 0.101 seconds
[2026-02-14T21:02:06.636+0000] {processor.py:161} INFO - Started process (PID=11148) to work on /home/airflow/.local/lib/python3.8/site-packages/airflow/example_dags/tutorial_dag.py
[2026-02-14T21:02:06.639+0000] {processor.py:830} INFO - Processing file /home/airflow/.local/lib/python3.8/site-packages/airflow/example_dags/tutorial_dag.py for tasks to queue
[2026-02-14T21:02:06.642+0000] {logging_mixin.py:188} INFO - [2026-02-14T21:02:06.641+0000] {dagbag.py:538} INFO - Filling up the DagBag from /home/airflow/.local/lib/python3.8/site-packages/airflow/example_dags/tutorial_dag.py
[2026-02-14T21:02:06.651+0000] {processor.py:840} INFO - DAG(s) 'tutorial_dag' retrieved from /home/airflow/.local/lib/python3.8/site-packages/airflow/example_dags/tutorial_dag.py
[2026-02-14T21:02:06.688+0000] {logging_mixin.py:188} INFO - [2026-02-14T21:02:06.687+0000] {dag.py:3036} INFO - Sync 1 DAGs
[2026-02-14T21:02:06.716+0000] {logging_mixin.py:188} INFO - [2026-02-14T21:02:06.715+0000] {dag.py:3823} INFO - Setting next_dagrun for tutorial_dag to None, run_after=None
[2026-02-14T21:02:06.767+0000] {processor.py:183} INFO - Processing /home/airflow/.local/lib/python3.8/site-packages/airflow/example_dags/tutorial_dag.py took 0.136 seconds
[2026-02-14T21:02:37.161+0000] {processor.py:161} INFO - Started process (PID=11231) to work on /home/airflow/.local/lib/python3.8/site-packages/airflow/example_dags/tutorial_dag.py
[2026-02-14T21:02:37.163+0000] {processor.py:830} INFO - Processing file /home/airflow/.local/lib/python3.8/site-packages/airflow/example_dags/tutorial_dag.py for tasks to queue
[2026-02-14T21:02:37.167+0000] {logging_mixin.py:188} INFO - [2026-02-14T21:02:37.167+0000] {dagbag.py:538} INFO - Filling up the DagBag from /home/airflow/.local/lib/python3.8/site-packages/airflow/example_dags/tutorial_dag.py
[2026-02-14T21:02:37.179+0000] {processor.py:840} INFO - DAG(s) 'tutorial_dag' retrieved from /home/airflow/.local/lib/python3.8/site-packages/airflow/example_dags/tutorial_dag.py
[2026-02-14T21:02:37.218+0000] {logging_mixin.py:188} INFO - [2026-02-14T21:02:37.217+0000] {dag.py:3036} INFO - Sync 1 DAGs
[2026-02-14T21:02:37.243+0000] {logging_mixin.py:188} INFO - [2026-02-14T21:02:37.243+0000] {dag.py:3823} INFO - Setting next_dagrun for tutorial_dag to None, run_after=None
[2026-02-14T21:02:37.293+0000] {processor.py:183} INFO - Processing /home/airflow/.local/lib/python3.8/site-packages/airflow/example_dags/tutorial_dag.py took 0.138 seconds
[2026-02-14T21:03:07.858+0000] {processor.py:161} INFO - Started process (PID=11314) to work on /home/airflow/.local/lib/python3.8/site-packages/airflow/example_dags/tutorial_dag.py
[2026-02-14T21:03:07.862+0000] {processor.py:830} INFO - Processing file /home/airflow/.local/lib/python3.8/site-packages/airflow/example_dags/tutorial_dag.py for tasks to queue
[2026-02-14T21:03:07.866+0000] {logging_mixin.py:188} INFO - [2026-02-14T21:03:07.865+0000] {dagbag.py:538} INFO - Filling up the DagBag from /home/airflow/.local/lib/python3.8/site-packages/airflow/example_dags/tutorial_dag.py
[2026-02-14T21:03:07.874+0000] {processor.py:840} INFO - DAG(s) 'tutorial_dag' retrieved from /home/airflow/.local/lib/python3.8/site-packages/airflow/example_dags/tutorial_dag.py
[2026-02-14T21:03:07.904+0000] {logging_mixin.py:188} INFO - [2026-02-14T21:03:07.904+0000] {dag.py:3036} INFO - Sync 1 DAGs
[2026-02-14T21:03:07.923+0000] {logging_mixin.py:188} INFO - [2026-02-14T21:03:07.923+0000] {dag.py:3823} INFO - Setting next_dagrun for tutorial_dag to None, run_after=None
[2026-02-14T21:03:07.953+0000] {processor.py:183} INFO - Processing /home/airflow/.local/lib/python3.8/site-packages/airflow/example_dags/tutorial_dag.py took 0.100 seconds
[2026-02-14T21:03:38.076+0000] {processor.py:161} INFO - Started process (PID=11398) to work on /home/airflow/.local/lib/python3.8/site-packages/airflow/example_dags/tutorial_dag.py
[2026-02-14T21:03:38.078+0000] {processor.py:830} INFO - Processing file /home/airflow/.local/lib/python3.8/site-packages/airflow/example_dags/tutorial_dag.py for tasks to queue
[2026-02-14T21:03:38.080+0000] {logging_mixin.py:188} INFO - [2026-02-14T21:03:38.080+0000] {dagbag.py:538} INFO - Filling up the DagBag from /home/airflow/.local/lib/python3.8/site-packages/airflow/example_dags/tutorial_dag.py
[2026-02-14T21:03:38.088+0000] {processor.py:840} INFO - DAG(s) 'tutorial_dag' retrieved from /home/airflow/.local/lib/python3.8/site-packages/airflow/example_dags/tutorial_dag.py
[2026-02-14T21:03:38.118+0000] {logging_mixin.py:188} INFO - [2026-02-14T21:03:38.118+0000] {dag.py:3036} INFO - Sync 1 DAGs
[2026-02-14T21:03:38.136+0000] {logging_mixin.py:188} INFO - [2026-02-14T21:03:38.136+0000] {dag.py:3823} INFO - Setting next_dagrun for tutorial_dag to None, run_after=None
[2026-02-14T21:03:38.164+0000] {processor.py:183} INFO - Processing /home/airflow/.local/lib/python3.8/site-packages/airflow/example_dags/tutorial_dag.py took 0.093 seconds
[2026-02-14T21:04:08.578+0000] {processor.py:161} INFO - Started process (PID=11481) to work on /home/airflow/.local/lib/python3.8/site-packages/airflow/example_dags/tutorial_dag.py
[2026-02-14T21:04:08.580+0000] {processor.py:830} INFO - Processing file /home/airflow/.local/lib/python3.8/site-packages/airflow/example_dags/tutorial_dag.py for tasks to queue
[2026-02-14T21:04:08.582+0000] {logging_mixin.py:188} INFO - [2026-02-14T21:04:08.582+0000] {dagbag.py:538} INFO - Filling up the DagBag from /home/airflow/.local/lib/python3.8/site-packages/airflow/example_dags/tutorial_dag.py
[2026-02-14T21:04:08.591+0000] {processor.py:840} INFO - DAG(s) 'tutorial_dag' retrieved from /home/airflow/.local/lib/python3.8/site-packages/airflow/example_dags/tutorial_dag.py
[2026-02-14T21:04:08.621+0000] {logging_mixin.py:188} INFO - [2026-02-14T21:04:08.620+0000] {dag.py:3036} INFO - Sync 1 DAGs
[2026-02-14T21:04:08.640+0000] {logging_mixin.py:188} INFO - [2026-02-14T21:04:08.640+0000] {dag.py:3823} INFO - Setting next_dagrun for tutorial_dag to None, run_after=None
[2026-02-14T21:04:08.669+0000] {processor.py:183} INFO - Processing /home/airflow/.local/lib/python3.8/site-packages/airflow/example_dags/tutorial_dag.py took 0.096 seconds
[2026-02-14T21:04:38.920+0000] {processor.py:161} INFO - Started process (PID=11564) to work on /home/airflow/.local/lib/python3.8/site-packages/airflow/example_dags/tutorial_dag.py
[2026-02-14T21:04:38.921+0000] {processor.py:830} INFO - Processing file /home/airflow/.local/lib/python3.8/site-packages/airflow/example_dags/tutorial_dag.py for tasks to queue
[2026-02-14T21:04:38.924+0000] {logging_mixin.py:188} INFO - [2026-02-14T21:04:38.923+0000] {dagbag.py:538} INFO - Filling up the DagBag from /home/airflow/.local/lib/python3.8/site-packages/airflow/example_dags/tutorial_dag.py
[2026-02-14T21:04:38.932+0000] {processor.py:840} INFO - DAG(s) 'tutorial_dag' retrieved from /home/airflow/.local/lib/python3.8/site-packages/airflow/example_dags/tutorial_dag.py
[2026-02-14T21:04:38.963+0000] {logging_mixin.py:188} INFO - [2026-02-14T21:04:38.963+0000] {dag.py:3036} INFO - Sync 1 DAGs
[2026-02-14T21:04:38.986+0000] {logging_mixin.py:188} INFO - [2026-02-14T21:04:38.985+0000] {dag.py:3823} INFO - Setting next_dagrun for tutorial_dag to None, run_after=None
[2026-02-14T21:04:39.018+0000] {processor.py:183} INFO - Processing /home/airflow/.local/lib/python3.8/site-packages/airflow/example_dags/tutorial_dag.py took 0.103 seconds
[2026-02-14T21:05:09.467+0000] {processor.py:161} INFO - Started process (PID=11646) to work on /home/airflow/.local/lib/python3.8/site-packages/airflow/example_dags/tutorial_dag.py
[2026-02-14T21:05:09.469+0000] {processor.py:830} INFO - Processing file /home/airflow/.local/lib/python3.8/site-packages/airflow/example_dags/tutorial_dag.py for tasks to queue
[2026-02-14T21:05:09.472+0000] {logging_mixin.py:188} INFO - [2026-02-14T21:05:09.471+0000] {dagbag.py:538} INFO - Filling up the DagBag from /home/airflow/.local/lib/python3.8/site-packages/airflow/example_dags/tutorial_dag.py
[2026-02-14T21:05:09.481+0000] {processor.py:840} INFO - DAG(s) 'tutorial_dag' retrieved from /home/airflow/.local/lib/python3.8/site-packages/airflow/example_dags/tutorial_dag.py
[2026-02-14T21:05:09.510+0000] {logging_mixin.py:188} INFO - [2026-02-14T21:05:09.510+0000] {dag.py:3036} INFO - Sync 1 DAGs
[2026-02-14T21:05:09.529+0000] {logging_mixin.py:188} INFO - [2026-02-14T21:05:09.529+0000] {dag.py:3823} INFO - Setting next_dagrun for tutorial_dag to None, run_after=None
[2026-02-14T21:05:09.558+0000] {processor.py:183} INFO - Processing /home/airflow/.local/lib/python3.8/site-packages/airflow/example_dags/tutorial_dag.py took 0.097 seconds
[2026-02-14T21:05:39.929+0000] {processor.py:161} INFO - Started process (PID=11730) to work on /home/airflow/.local/lib/python3.8/site-packages/airflow/example_dags/tutorial_dag.py
[2026-02-14T21:05:39.930+0000] {processor.py:830} INFO - Processing file /home/airflow/.local/lib/python3.8/site-packages/airflow/example_dags/tutorial_dag.py for tasks to queue
[2026-02-14T21:05:39.933+0000] {logging_mixin.py:188} INFO - [2026-02-14T21:05:39.933+0000] {dagbag.py:538} INFO - Filling up the DagBag from /home/airflow/.local/lib/python3.8/site-packages/airflow/example_dags/tutorial_dag.py
[2026-02-14T21:05:39.941+0000] {processor.py:840} INFO - DAG(s) 'tutorial_dag' retrieved from /home/airflow/.local/lib/python3.8/site-packages/airflow/example_dags/tutorial_dag.py
[2026-02-14T21:05:39.974+0000] {logging_mixin.py:188} INFO - [2026-02-14T21:05:39.974+0000] {dag.py:3036} INFO - Sync 1 DAGs
[2026-02-14T21:05:39.997+0000] {logging_mixin.py:188} INFO - [2026-02-14T21:05:39.997+0000] {dag.py:3823} INFO - Setting next_dagrun for tutorial_dag to None, run_after=None
[2026-02-14T21:05:40.029+0000] {processor.py:183} INFO - Processing /home/airflow/.local/lib/python3.8/site-packages/airflow/example_dags/tutorial_dag.py took 0.105 seconds
[2026-02-14T21:06:10.412+0000] {processor.py:161} INFO - Started process (PID=11813) to work on /home/airflow/.local/lib/python3.8/site-packages/airflow/example_dags/tutorial_dag.py
[2026-02-14T21:06:10.414+0000] {processor.py:830} INFO - Processing file /home/airflow/.local/lib/python3.8/site-packages/airflow/example_dags/tutorial_dag.py for tasks to queue
[2026-02-14T21:06:10.417+0000] {logging_mixin.py:188} INFO - [2026-02-14T21:06:10.417+0000] {dagbag.py:538} INFO - Filling up the DagBag from /home/airflow/.local/lib/python3.8/site-packages/airflow/example_dags/tutorial_dag.py
[2026-02-14T21:06:10.427+0000] {processor.py:840} INFO - DAG(s) 'tutorial_dag' retrieved from /home/airflow/.local/lib/python3.8/site-packages/airflow/example_dags/tutorial_dag.py
[2026-02-14T21:06:10.463+0000] {logging_mixin.py:188} INFO - [2026-02-14T21:06:10.463+0000] {dag.py:3036} INFO - Sync 1 DAGs
[2026-02-14T21:06:10.488+0000] {logging_mixin.py:188} INFO - [2026-02-14T21:06:10.488+0000] {dag.py:3823} INFO - Setting next_dagrun for tutorial_dag to None, run_after=None
[2026-02-14T21:06:10.522+0000] {processor.py:183} INFO - Processing /home/airflow/.local/lib/python3.8/site-packages/airflow/example_dags/tutorial_dag.py took 0.116 seconds
[2026-02-14T21:06:41.180+0000] {processor.py:161} INFO - Started process (PID=11902) to work on /home/airflow/.local/lib/python3.8/site-packages/airflow/example_dags/tutorial_dag.py
[2026-02-14T21:06:41.181+0000] {processor.py:830} INFO - Processing file /home/airflow/.local/lib/python3.8/site-packages/airflow/example_dags/tutorial_dag.py for tasks to queue
[2026-02-14T21:06:41.184+0000] {logging_mixin.py:188} INFO - [2026-02-14T21:06:41.184+0000] {dagbag.py:538} INFO - Filling up the DagBag from /home/airflow/.local/lib/python3.8/site-packages/airflow/example_dags/tutorial_dag.py
[2026-02-14T21:06:41.194+0000] {processor.py:840} INFO - DAG(s) 'tutorial_dag' retrieved from /home/airflow/.local/lib/python3.8/site-packages/airflow/example_dags/tutorial_dag.py
[2026-02-14T21:06:41.231+0000] {logging_mixin.py:188} INFO - [2026-02-14T21:06:41.230+0000] {dag.py:3036} INFO - Sync 1 DAGs
[2026-02-14T21:06:41.255+0000] {logging_mixin.py:188} INFO - [2026-02-14T21:06:41.255+0000] {dag.py:3823} INFO - Setting next_dagrun for tutorial_dag to None, run_after=None
[2026-02-14T21:06:41.289+0000] {processor.py:183} INFO - Processing /home/airflow/.local/lib/python3.8/site-packages/airflow/example_dags/tutorial_dag.py took 0.115 seconds
[2026-02-14T21:07:11.490+0000] {processor.py:161} INFO - Started process (PID=11987) to work on /home/airflow/.local/lib/python3.8/site-packages/airflow/example_dags/tutorial_dag.py
[2026-02-14T21:07:11.492+0000] {processor.py:830} INFO - Processing file /home/airflow/.local/lib/python3.8/site-packages/airflow/example_dags/tutorial_dag.py for tasks to queue
[2026-02-14T21:07:11.495+0000] {logging_mixin.py:188} INFO - [2026-02-14T21:07:11.494+0000] {dagbag.py:538} INFO - Filling up the DagBag from /home/airflow/.local/lib/python3.8/site-packages/airflow/example_dags/tutorial_dag.py
[2026-02-14T21:07:11.504+0000] {processor.py:840} INFO - DAG(s) 'tutorial_dag' retrieved from /home/airflow/.local/lib/python3.8/site-packages/airflow/example_dags/tutorial_dag.py
[2026-02-14T21:07:11.541+0000] {logging_mixin.py:188} INFO - [2026-02-14T21:07:11.541+0000] {dag.py:3036} INFO - Sync 1 DAGs
[2026-02-14T21:07:11.568+0000] {logging_mixin.py:188} INFO - [2026-02-14T21:07:11.567+0000] {dag.py:3823} INFO - Setting next_dagrun for tutorial_dag to None, run_after=None
[2026-02-14T21:07:11.601+0000] {processor.py:183} INFO - Processing /home/airflow/.local/lib/python3.8/site-packages/airflow/example_dags/tutorial_dag.py took 0.117 seconds
[2026-02-14T21:07:41.996+0000] {processor.py:161} INFO - Started process (PID=12070) to work on /home/airflow/.local/lib/python3.8/site-packages/airflow/example_dags/tutorial_dag.py
[2026-02-14T21:07:41.997+0000] {processor.py:830} INFO - Processing file /home/airflow/.local/lib/python3.8/site-packages/airflow/example_dags/tutorial_dag.py for tasks to queue
[2026-02-14T21:07:41.999+0000] {logging_mixin.py:188} INFO - [2026-02-14T21:07:41.999+0000] {dagbag.py:538} INFO - Filling up the DagBag from /home/airflow/.local/lib/python3.8/site-packages/airflow/example_dags/tutorial_dag.py
[2026-02-14T21:07:42.007+0000] {processor.py:840} INFO - DAG(s) 'tutorial_dag' retrieved from /home/airflow/.local/lib/python3.8/site-packages/airflow/example_dags/tutorial_dag.py
[2026-02-14T21:07:42.038+0000] {logging_mixin.py:188} INFO - [2026-02-14T21:07:42.038+0000] {dag.py:3036} INFO - Sync 1 DAGs
[2026-02-14T21:07:42.057+0000] {logging_mixin.py:188} INFO - [2026-02-14T21:07:42.057+0000] {dag.py:3823} INFO - Setting next_dagrun for tutorial_dag to None, run_after=None
[2026-02-14T21:07:42.086+0000] {processor.py:183} INFO - Processing /home/airflow/.local/lib/python3.8/site-packages/airflow/example_dags/tutorial_dag.py took 0.095 seconds
[2026-02-14T21:08:12.619+0000] {processor.py:161} INFO - Started process (PID=12152) to work on /home/airflow/.local/lib/python3.8/site-packages/airflow/example_dags/tutorial_dag.py
[2026-02-14T21:08:12.622+0000] {processor.py:830} INFO - Processing file /home/airflow/.local/lib/python3.8/site-packages/airflow/example_dags/tutorial_dag.py for tasks to queue
[2026-02-14T21:08:12.626+0000] {logging_mixin.py:188} INFO - [2026-02-14T21:08:12.625+0000] {dagbag.py:538} INFO - Filling up the DagBag from /home/airflow/.local/lib/python3.8/site-packages/airflow/example_dags/tutorial_dag.py
[2026-02-14T21:08:12.634+0000] {processor.py:840} INFO - DAG(s) 'tutorial_dag' retrieved from /home/airflow/.local/lib/python3.8/site-packages/airflow/example_dags/tutorial_dag.py
[2026-02-14T21:08:12.669+0000] {logging_mixin.py:188} INFO - [2026-02-14T21:08:12.668+0000] {dag.py:3036} INFO - Sync 1 DAGs
[2026-02-14T21:08:12.689+0000] {logging_mixin.py:188} INFO - [2026-02-14T21:08:12.689+0000] {dag.py:3823} INFO - Setting next_dagrun for tutorial_dag to None, run_after=None
[2026-02-14T21:08:12.719+0000] {processor.py:183} INFO - Processing /home/airflow/.local/lib/python3.8/site-packages/airflow/example_dags/tutorial_dag.py took 0.107 seconds
[2026-02-14T21:08:43.079+0000] {processor.py:161} INFO - Started process (PID=12235) to work on /home/airflow/.local/lib/python3.8/site-packages/airflow/example_dags/tutorial_dag.py
[2026-02-14T21:08:43.080+0000] {processor.py:830} INFO - Processing file /home/airflow/.local/lib/python3.8/site-packages/airflow/example_dags/tutorial_dag.py for tasks to queue
[2026-02-14T21:08:43.082+0000] {logging_mixin.py:188} INFO - [2026-02-14T21:08:43.082+0000] {dagbag.py:538} INFO - Filling up the DagBag from /home/airflow/.local/lib/python3.8/site-packages/airflow/example_dags/tutorial_dag.py
[2026-02-14T21:08:43.090+0000] {processor.py:840} INFO - DAG(s) 'tutorial_dag' retrieved from /home/airflow/.local/lib/python3.8/site-packages/airflow/example_dags/tutorial_dag.py
[2026-02-14T21:08:43.122+0000] {logging_mixin.py:188} INFO - [2026-02-14T21:08:43.122+0000] {dag.py:3036} INFO - Sync 1 DAGs
[2026-02-14T21:08:43.149+0000] {logging_mixin.py:188} INFO - [2026-02-14T21:08:43.148+0000] {dag.py:3823} INFO - Setting next_dagrun for tutorial_dag to None, run_after=None
[2026-02-14T21:08:43.189+0000] {processor.py:183} INFO - Processing /home/airflow/.local/lib/python3.8/site-packages/airflow/example_dags/tutorial_dag.py took 0.115 seconds
[2026-02-14T21:09:13.288+0000] {processor.py:161} INFO - Started process (PID=12316) to work on /home/airflow/.local/lib/python3.8/site-packages/airflow/example_dags/tutorial_dag.py
[2026-02-14T21:09:13.290+0000] {processor.py:830} INFO - Processing file /home/airflow/.local/lib/python3.8/site-packages/airflow/example_dags/tutorial_dag.py for tasks to queue
[2026-02-14T21:09:13.294+0000] {logging_mixin.py:188} INFO - [2026-02-14T21:09:13.293+0000] {dagbag.py:538} INFO - Filling up the DagBag from /home/airflow/.local/lib/python3.8/site-packages/airflow/example_dags/tutorial_dag.py
[2026-02-14T21:09:13.303+0000] {processor.py:840} INFO - DAG(s) 'tutorial_dag' retrieved from /home/airflow/.local/lib/python3.8/site-packages/airflow/example_dags/tutorial_dag.py
[2026-02-14T21:09:13.336+0000] {logging_mixin.py:188} INFO - [2026-02-14T21:09:13.335+0000] {dag.py:3036} INFO - Sync 1 DAGs
[2026-02-14T21:09:13.362+0000] {logging_mixin.py:188} INFO - [2026-02-14T21:09:13.361+0000] {dag.py:3823} INFO - Setting next_dagrun for tutorial_dag to None, run_after=None
[2026-02-14T21:09:13.403+0000] {processor.py:183} INFO - Processing /home/airflow/.local/lib/python3.8/site-packages/airflow/example_dags/tutorial_dag.py took 0.120 seconds
[2026-02-14T21:09:43.646+0000] {processor.py:161} INFO - Started process (PID=12398) to work on /home/airflow/.local/lib/python3.8/site-packages/airflow/example_dags/tutorial_dag.py
[2026-02-14T21:09:43.647+0000] {processor.py:830} INFO - Processing file /home/airflow/.local/lib/python3.8/site-packages/airflow/example_dags/tutorial_dag.py for tasks to queue
[2026-02-14T21:09:43.651+0000] {logging_mixin.py:188} INFO - [2026-02-14T21:09:43.650+0000] {dagbag.py:538} INFO - Filling up the DagBag from /home/airflow/.local/lib/python3.8/site-packages/airflow/example_dags/tutorial_dag.py
[2026-02-14T21:09:43.659+0000] {processor.py:840} INFO - DAG(s) 'tutorial_dag' retrieved from /home/airflow/.local/lib/python3.8/site-packages/airflow/example_dags/tutorial_dag.py
[2026-02-14T21:09:43.691+0000] {logging_mixin.py:188} INFO - [2026-02-14T21:09:43.691+0000] {dag.py:3036} INFO - Sync 1 DAGs
[2026-02-14T21:09:43.712+0000] {logging_mixin.py:188} INFO - [2026-02-14T21:09:43.711+0000] {dag.py:3823} INFO - Setting next_dagrun for tutorial_dag to None, run_after=None
[2026-02-14T21:09:43.740+0000] {processor.py:183} INFO - Processing /home/airflow/.local/lib/python3.8/site-packages/airflow/example_dags/tutorial_dag.py took 0.100 seconds
[2026-02-14T21:10:13.862+0000] {processor.py:161} INFO - Started process (PID=12481) to work on /home/airflow/.local/lib/python3.8/site-packages/airflow/example_dags/tutorial_dag.py
[2026-02-14T21:10:13.864+0000] {processor.py:830} INFO - Processing file /home/airflow/.local/lib/python3.8/site-packages/airflow/example_dags/tutorial_dag.py for tasks to queue
[2026-02-14T21:10:13.867+0000] {logging_mixin.py:188} INFO - [2026-02-14T21:10:13.866+0000] {dagbag.py:538} INFO - Filling up the DagBag from /home/airflow/.local/lib/python3.8/site-packages/airflow/example_dags/tutorial_dag.py
[2026-02-14T21:10:13.875+0000] {processor.py:840} INFO - DAG(s) 'tutorial_dag' retrieved from /home/airflow/.local/lib/python3.8/site-packages/airflow/example_dags/tutorial_dag.py
[2026-02-14T21:10:13.906+0000] {logging_mixin.py:188} INFO - [2026-02-14T21:10:13.906+0000] {dag.py:3036} INFO - Sync 1 DAGs
[2026-02-14T21:10:13.925+0000] {logging_mixin.py:188} INFO - [2026-02-14T21:10:13.925+0000] {dag.py:3823} INFO - Setting next_dagrun for tutorial_dag to None, run_after=None
[2026-02-14T21:10:13.953+0000] {processor.py:183} INFO - Processing /home/airflow/.local/lib/python3.8/site-packages/airflow/example_dags/tutorial_dag.py took 0.096 seconds
[2026-02-14T21:10:44.284+0000] {processor.py:161} INFO - Started process (PID=12563) to work on /home/airflow/.local/lib/python3.8/site-packages/airflow/example_dags/tutorial_dag.py
[2026-02-14T21:10:44.285+0000] {processor.py:830} INFO - Processing file /home/airflow/.local/lib/python3.8/site-packages/airflow/example_dags/tutorial_dag.py for tasks to queue
[2026-02-14T21:10:44.288+0000] {logging_mixin.py:188} INFO - [2026-02-14T21:10:44.287+0000] {dagbag.py:538} INFO - Filling up the DagBag from /home/airflow/.local/lib/python3.8/site-packages/airflow/example_dags/tutorial_dag.py
[2026-02-14T21:10:44.295+0000] {processor.py:840} INFO - DAG(s) 'tutorial_dag' retrieved from /home/airflow/.local/lib/python3.8/site-packages/airflow/example_dags/tutorial_dag.py
[2026-02-14T21:10:44.327+0000] {logging_mixin.py:188} INFO - [2026-02-14T21:10:44.327+0000] {dag.py:3036} INFO - Sync 1 DAGs
[2026-02-14T21:10:44.350+0000] {logging_mixin.py:188} INFO - [2026-02-14T21:10:44.350+0000] {dag.py:3823} INFO - Setting next_dagrun for tutorial_dag to None, run_after=None
[2026-02-14T21:10:44.383+0000] {processor.py:183} INFO - Processing /home/airflow/.local/lib/python3.8/site-packages/airflow/example_dags/tutorial_dag.py took 0.105 seconds
[2026-02-14T21:11:14.597+0000] {processor.py:161} INFO - Started process (PID=12654) to work on /home/airflow/.local/lib/python3.8/site-packages/airflow/example_dags/tutorial_dag.py
[2026-02-14T21:11:14.599+0000] {processor.py:830} INFO - Processing file /home/airflow/.local/lib/python3.8/site-packages/airflow/example_dags/tutorial_dag.py for tasks to queue
[2026-02-14T21:11:14.601+0000] {logging_mixin.py:188} INFO - [2026-02-14T21:11:14.601+0000] {dagbag.py:538} INFO - Filling up the DagBag from /home/airflow/.local/lib/python3.8/site-packages/airflow/example_dags/tutorial_dag.py
[2026-02-14T21:11:14.610+0000] {processor.py:840} INFO - DAG(s) 'tutorial_dag' retrieved from /home/airflow/.local/lib/python3.8/site-packages/airflow/example_dags/tutorial_dag.py
[2026-02-14T21:11:14.644+0000] {logging_mixin.py:188} INFO - [2026-02-14T21:11:14.643+0000] {dag.py:3036} INFO - Sync 1 DAGs
[2026-02-14T21:11:14.669+0000] {logging_mixin.py:188} INFO - [2026-02-14T21:11:14.668+0000] {dag.py:3823} INFO - Setting next_dagrun for tutorial_dag to None, run_after=None
[2026-02-14T21:11:14.702+0000] {processor.py:183} INFO - Processing /home/airflow/.local/lib/python3.8/site-packages/airflow/example_dags/tutorial_dag.py took 0.111 seconds
[2026-02-14T21:11:45.236+0000] {processor.py:161} INFO - Started process (PID=12737) to work on /home/airflow/.local/lib/python3.8/site-packages/airflow/example_dags/tutorial_dag.py
[2026-02-14T21:11:45.238+0000] {processor.py:830} INFO - Processing file /home/airflow/.local/lib/python3.8/site-packages/airflow/example_dags/tutorial_dag.py for tasks to queue
[2026-02-14T21:11:45.242+0000] {logging_mixin.py:188} INFO - [2026-02-14T21:11:45.241+0000] {dagbag.py:538} INFO - Filling up the DagBag from /home/airflow/.local/lib/python3.8/site-packages/airflow/example_dags/tutorial_dag.py
[2026-02-14T21:11:45.252+0000] {processor.py:840} INFO - DAG(s) 'tutorial_dag' retrieved from /home/airflow/.local/lib/python3.8/site-packages/airflow/example_dags/tutorial_dag.py
[2026-02-14T21:11:45.289+0000] {logging_mixin.py:188} INFO - [2026-02-14T21:11:45.289+0000] {dag.py:3036} INFO - Sync 1 DAGs
[2026-02-14T21:11:45.313+0000] {logging_mixin.py:188} INFO - [2026-02-14T21:11:45.313+0000] {dag.py:3823} INFO - Setting next_dagrun for tutorial_dag to None, run_after=None
[2026-02-14T21:11:45.346+0000] {processor.py:183} INFO - Processing /home/airflow/.local/lib/python3.8/site-packages/airflow/example_dags/tutorial_dag.py took 0.116 seconds
[2026-02-14T21:12:15.675+0000] {processor.py:161} INFO - Started process (PID=12820) to work on /home/airflow/.local/lib/python3.8/site-packages/airflow/example_dags/tutorial_dag.py
[2026-02-14T21:12:15.677+0000] {processor.py:830} INFO - Processing file /home/airflow/.local/lib/python3.8/site-packages/airflow/example_dags/tutorial_dag.py for tasks to queue
[2026-02-14T21:12:15.680+0000] {logging_mixin.py:188} INFO - [2026-02-14T21:12:15.679+0000] {dagbag.py:538} INFO - Filling up the DagBag from /home/airflow/.local/lib/python3.8/site-packages/airflow/example_dags/tutorial_dag.py
[2026-02-14T21:12:15.688+0000] {processor.py:840} INFO - DAG(s) 'tutorial_dag' retrieved from /home/airflow/.local/lib/python3.8/site-packages/airflow/example_dags/tutorial_dag.py
[2026-02-14T21:12:15.720+0000] {logging_mixin.py:188} INFO - [2026-02-14T21:12:15.719+0000] {dag.py:3036} INFO - Sync 1 DAGs
[2026-02-14T21:12:15.739+0000] {logging_mixin.py:188} INFO - [2026-02-14T21:12:15.738+0000] {dag.py:3823} INFO - Setting next_dagrun for tutorial_dag to None, run_after=None
[2026-02-14T21:12:15.767+0000] {processor.py:183} INFO - Processing /home/airflow/.local/lib/python3.8/site-packages/airflow/example_dags/tutorial_dag.py took 0.097 seconds
[2026-02-14T21:12:46.250+0000] {processor.py:161} INFO - Started process (PID=12901) to work on /home/airflow/.local/lib/python3.8/site-packages/airflow/example_dags/tutorial_dag.py
[2026-02-14T21:12:46.251+0000] {processor.py:830} INFO - Processing file /home/airflow/.local/lib/python3.8/site-packages/airflow/example_dags/tutorial_dag.py for tasks to queue
[2026-02-14T21:12:46.255+0000] {logging_mixin.py:188} INFO - [2026-02-14T21:12:46.254+0000] {dagbag.py:538} INFO - Filling up the DagBag from /home/airflow/.local/lib/python3.8/site-packages/airflow/example_dags/tutorial_dag.py
[2026-02-14T21:12:46.280+0000] {processor.py:840} INFO - DAG(s) 'tutorial_dag' retrieved from /home/airflow/.local/lib/python3.8/site-packages/airflow/example_dags/tutorial_dag.py
[2026-02-14T21:12:46.317+0000] {logging_mixin.py:188} INFO - [2026-02-14T21:12:46.317+0000] {dag.py:3036} INFO - Sync 1 DAGs
[2026-02-14T21:12:46.342+0000] {logging_mixin.py:188} INFO - [2026-02-14T21:12:46.341+0000] {dag.py:3823} INFO - Setting next_dagrun for tutorial_dag to None, run_after=None
[2026-02-14T21:12:46.375+0000] {processor.py:183} INFO - Processing /home/airflow/.local/lib/python3.8/site-packages/airflow/example_dags/tutorial_dag.py took 0.133 seconds
[2026-02-14T21:13:16.411+0000] {processor.py:161} INFO - Started process (PID=12984) to work on /home/airflow/.local/lib/python3.8/site-packages/airflow/example_dags/tutorial_dag.py
[2026-02-14T21:13:16.413+0000] {processor.py:830} INFO - Processing file /home/airflow/.local/lib/python3.8/site-packages/airflow/example_dags/tutorial_dag.py for tasks to queue
[2026-02-14T21:13:16.416+0000] {logging_mixin.py:188} INFO - [2026-02-14T21:13:16.415+0000] {dagbag.py:538} INFO - Filling up the DagBag from /home/airflow/.local/lib/python3.8/site-packages/airflow/example_dags/tutorial_dag.py
[2026-02-14T21:13:16.425+0000] {processor.py:840} INFO - DAG(s) 'tutorial_dag' retrieved from /home/airflow/.local/lib/python3.8/site-packages/airflow/example_dags/tutorial_dag.py
[2026-02-14T21:13:16.456+0000] {logging_mixin.py:188} INFO - [2026-02-14T21:13:16.455+0000] {dag.py:3036} INFO - Sync 1 DAGs
[2026-02-14T21:13:16.477+0000] {logging_mixin.py:188} INFO - [2026-02-14T21:13:16.477+0000] {dag.py:3823} INFO - Setting next_dagrun for tutorial_dag to None, run_after=None
[2026-02-14T21:13:16.508+0000] {processor.py:183} INFO - Processing /home/airflow/.local/lib/python3.8/site-packages/airflow/example_dags/tutorial_dag.py took 0.101 seconds
[2026-02-14T21:13:46.910+0000] {processor.py:161} INFO - Started process (PID=13067) to work on /home/airflow/.local/lib/python3.8/site-packages/airflow/example_dags/tutorial_dag.py
[2026-02-14T21:13:46.911+0000] {processor.py:830} INFO - Processing file /home/airflow/.local/lib/python3.8/site-packages/airflow/example_dags/tutorial_dag.py for tasks to queue
[2026-02-14T21:13:46.914+0000] {logging_mixin.py:188} INFO - [2026-02-14T21:13:46.914+0000] {dagbag.py:538} INFO - Filling up the DagBag from /home/airflow/.local/lib/python3.8/site-packages/airflow/example_dags/tutorial_dag.py
[2026-02-14T21:13:46.923+0000] {processor.py:840} INFO - DAG(s) 'tutorial_dag' retrieved from /home/airflow/.local/lib/python3.8/site-packages/airflow/example_dags/tutorial_dag.py
[2026-02-14T21:13:46.953+0000] {logging_mixin.py:188} INFO - [2026-02-14T21:13:46.953+0000] {dag.py:3036} INFO - Sync 1 DAGs
[2026-02-14T21:13:46.974+0000] {logging_mixin.py:188} INFO - [2026-02-14T21:13:46.973+0000] {dag.py:3823} INFO - Setting next_dagrun for tutorial_dag to None, run_after=None
[2026-02-14T21:13:47.003+0000] {processor.py:183} INFO - Processing /home/airflow/.local/lib/python3.8/site-packages/airflow/example_dags/tutorial_dag.py took 0.098 seconds
[2026-02-14T21:14:17.466+0000] {processor.py:161} INFO - Started process (PID=13149) to work on /home/airflow/.local/lib/python3.8/site-packages/airflow/example_dags/tutorial_dag.py
[2026-02-14T21:14:17.467+0000] {processor.py:830} INFO - Processing file /home/airflow/.local/lib/python3.8/site-packages/airflow/example_dags/tutorial_dag.py for tasks to queue
[2026-02-14T21:14:17.469+0000] {logging_mixin.py:188} INFO - [2026-02-14T21:14:17.469+0000] {dagbag.py:538} INFO - Filling up the DagBag from /home/airflow/.local/lib/python3.8/site-packages/airflow/example_dags/tutorial_dag.py
[2026-02-14T21:14:17.478+0000] {processor.py:840} INFO - DAG(s) 'tutorial_dag' retrieved from /home/airflow/.local/lib/python3.8/site-packages/airflow/example_dags/tutorial_dag.py
[2026-02-14T21:14:17.511+0000] {logging_mixin.py:188} INFO - [2026-02-14T21:14:17.510+0000] {dag.py:3036} INFO - Sync 1 DAGs
[2026-02-14T21:14:17.534+0000] {logging_mixin.py:188} INFO - [2026-02-14T21:14:17.533+0000] {dag.py:3823} INFO - Setting next_dagrun for tutorial_dag to None, run_after=None
[2026-02-14T21:14:17.565+0000] {processor.py:183} INFO - Processing /home/airflow/.local/lib/python3.8/site-packages/airflow/example_dags/tutorial_dag.py took 0.104 seconds
[2026-02-14T21:14:47.688+0000] {processor.py:161} INFO - Started process (PID=13230) to work on /home/airflow/.local/lib/python3.8/site-packages/airflow/example_dags/tutorial_dag.py
[2026-02-14T21:14:47.690+0000] {processor.py:830} INFO - Processing file /home/airflow/.local/lib/python3.8/site-packages/airflow/example_dags/tutorial_dag.py for tasks to queue
[2026-02-14T21:14:47.693+0000] {logging_mixin.py:188} INFO - [2026-02-14T21:14:47.692+0000] {dagbag.py:538} INFO - Filling up the DagBag from /home/airflow/.local/lib/python3.8/site-packages/airflow/example_dags/tutorial_dag.py
[2026-02-14T21:14:47.701+0000] {processor.py:840} INFO - DAG(s) 'tutorial_dag' retrieved from /home/airflow/.local/lib/python3.8/site-packages/airflow/example_dags/tutorial_dag.py
[2026-02-14T21:14:47.732+0000] {logging_mixin.py:188} INFO - [2026-02-14T21:14:47.732+0000] {dag.py:3036} INFO - Sync 1 DAGs
[2026-02-14T21:14:47.755+0000] {logging_mixin.py:188} INFO - [2026-02-14T21:14:47.754+0000] {dag.py:3823} INFO - Setting next_dagrun for tutorial_dag to None, run_after=None
[2026-02-14T21:14:47.787+0000] {processor.py:183} INFO - Processing /home/airflow/.local/lib/python3.8/site-packages/airflow/example_dags/tutorial_dag.py took 0.104 seconds
[2026-02-14T21:15:18.132+0000] {processor.py:161} INFO - Started process (PID=13314) to work on /home/airflow/.local/lib/python3.8/site-packages/airflow/example_dags/tutorial_dag.py
[2026-02-14T21:15:18.134+0000] {processor.py:830} INFO - Processing file /home/airflow/.local/lib/python3.8/site-packages/airflow/example_dags/tutorial_dag.py for tasks to queue
[2026-02-14T21:15:18.136+0000] {logging_mixin.py:188} INFO - [2026-02-14T21:15:18.136+0000] {dagbag.py:538} INFO - Filling up the DagBag from /home/airflow/.local/lib/python3.8/site-packages/airflow/example_dags/tutorial_dag.py
[2026-02-14T21:15:18.145+0000] {processor.py:840} INFO - DAG(s) 'tutorial_dag' retrieved from /home/airflow/.local/lib/python3.8/site-packages/airflow/example_dags/tutorial_dag.py
[2026-02-14T21:15:18.176+0000] {logging_mixin.py:188} INFO - [2026-02-14T21:15:18.175+0000] {dag.py:3036} INFO - Sync 1 DAGs
[2026-02-14T21:15:18.195+0000] {logging_mixin.py:188} INFO - [2026-02-14T21:15:18.194+0000] {dag.py:3823} INFO - Setting next_dagrun for tutorial_dag to None, run_after=None
[2026-02-14T21:15:18.224+0000] {processor.py:183} INFO - Processing /home/airflow/.local/lib/python3.8/site-packages/airflow/example_dags/tutorial_dag.py took 0.097 seconds
[2026-02-14T21:15:48.545+0000] {processor.py:161} INFO - Started process (PID=13404) to work on /home/airflow/.local/lib/python3.8/site-packages/airflow/example_dags/tutorial_dag.py
[2026-02-14T21:15:48.547+0000] {processor.py:830} INFO - Processing file /home/airflow/.local/lib/python3.8/site-packages/airflow/example_dags/tutorial_dag.py for tasks to queue
[2026-02-14T21:15:48.550+0000] {logging_mixin.py:188} INFO - [2026-02-14T21:15:48.549+0000] {dagbag.py:538} INFO - Filling up the DagBag from /home/airflow/.local/lib/python3.8/site-packages/airflow/example_dags/tutorial_dag.py
[2026-02-14T21:15:48.559+0000] {processor.py:840} INFO - DAG(s) 'tutorial_dag' retrieved from /home/airflow/.local/lib/python3.8/site-packages/airflow/example_dags/tutorial_dag.py
[2026-02-14T21:15:48.596+0000] {logging_mixin.py:188} INFO - [2026-02-14T21:15:48.596+0000] {dag.py:3036} INFO - Sync 1 DAGs
[2026-02-14T21:15:48.623+0000] {logging_mixin.py:188} INFO - [2026-02-14T21:15:48.623+0000] {dag.py:3823} INFO - Setting next_dagrun for tutorial_dag to None, run_after=None
[2026-02-14T21:15:48.656+0000] {processor.py:183} INFO - Processing /home/airflow/.local/lib/python3.8/site-packages/airflow/example_dags/tutorial_dag.py took 0.118 seconds
[2026-02-14T21:16:19.007+0000] {processor.py:161} INFO - Started process (PID=13488) to work on /home/airflow/.local/lib/python3.8/site-packages/airflow/example_dags/tutorial_dag.py
[2026-02-14T21:16:19.008+0000] {processor.py:830} INFO - Processing file /home/airflow/.local/lib/python3.8/site-packages/airflow/example_dags/tutorial_dag.py for tasks to queue
[2026-02-14T21:16:19.011+0000] {logging_mixin.py:188} INFO - [2026-02-14T21:16:19.011+0000] {dagbag.py:538} INFO - Filling up the DagBag from /home/airflow/.local/lib/python3.8/site-packages/airflow/example_dags/tutorial_dag.py
[2026-02-14T21:16:19.021+0000] {processor.py:840} INFO - DAG(s) 'tutorial_dag' retrieved from /home/airflow/.local/lib/python3.8/site-packages/airflow/example_dags/tutorial_dag.py
[2026-02-14T21:16:19.057+0000] {logging_mixin.py:188} INFO - [2026-02-14T21:16:19.057+0000] {dag.py:3036} INFO - Sync 1 DAGs
[2026-02-14T21:16:19.082+0000] {logging_mixin.py:188} INFO - [2026-02-14T21:16:19.082+0000] {dag.py:3823} INFO - Setting next_dagrun for tutorial_dag to None, run_after=None
[2026-02-14T21:16:19.117+0000] {processor.py:183} INFO - Processing /home/airflow/.local/lib/python3.8/site-packages/airflow/example_dags/tutorial_dag.py took 0.116 seconds
[2026-02-14T21:16:49.490+0000] {processor.py:161} INFO - Started process (PID=13570) to work on /home/airflow/.local/lib/python3.8/site-packages/airflow/example_dags/tutorial_dag.py
[2026-02-14T21:16:49.492+0000] {processor.py:830} INFO - Processing file /home/airflow/.local/lib/python3.8/site-packages/airflow/example_dags/tutorial_dag.py for tasks to queue
[2026-02-14T21:16:49.495+0000] {logging_mixin.py:188} INFO - [2026-02-14T21:16:49.494+0000] {dagbag.py:538} INFO - Filling up the DagBag from /home/airflow/.local/lib/python3.8/site-packages/airflow/example_dags/tutorial_dag.py
[2026-02-14T21:16:49.503+0000] {processor.py:840} INFO - DAG(s) 'tutorial_dag' retrieved from /home/airflow/.local/lib/python3.8/site-packages/airflow/example_dags/tutorial_dag.py
[2026-02-14T21:16:49.538+0000] {logging_mixin.py:188} INFO - [2026-02-14T21:16:49.538+0000] {dag.py:3036} INFO - Sync 1 DAGs
[2026-02-14T21:16:49.569+0000] {logging_mixin.py:188} INFO - [2026-02-14T21:16:49.559+0000] {dag.py:3823} INFO - Setting next_dagrun for tutorial_dag to None, run_after=None
[2026-02-14T21:16:49.597+0000] {processor.py:183} INFO - Processing /home/airflow/.local/lib/python3.8/site-packages/airflow/example_dags/tutorial_dag.py took 0.114 seconds
[2026-02-14T21:17:19.793+0000] {processor.py:161} INFO - Started process (PID=13652) to work on /home/airflow/.local/lib/python3.8/site-packages/airflow/example_dags/tutorial_dag.py
[2026-02-14T21:17:19.794+0000] {processor.py:830} INFO - Processing file /home/airflow/.local/lib/python3.8/site-packages/airflow/example_dags/tutorial_dag.py for tasks to queue
[2026-02-14T21:17:19.799+0000] {logging_mixin.py:188} INFO - [2026-02-14T21:17:19.799+0000] {dagbag.py:538} INFO - Filling up the DagBag from /home/airflow/.local/lib/python3.8/site-packages/airflow/example_dags/tutorial_dag.py
[2026-02-14T21:17:19.807+0000] {processor.py:840} INFO - DAG(s) 'tutorial_dag' retrieved from /home/airflow/.local/lib/python3.8/site-packages/airflow/example_dags/tutorial_dag.py
[2026-02-14T21:17:19.839+0000] {logging_mixin.py:188} INFO - [2026-02-14T21:17:19.839+0000] {dag.py:3036} INFO - Sync 1 DAGs
[2026-02-14T21:17:19.862+0000] {logging_mixin.py:188} INFO - [2026-02-14T21:17:19.862+0000] {dag.py:3823} INFO - Setting next_dagrun for tutorial_dag to None, run_after=None
[2026-02-14T21:17:19.894+0000] {processor.py:183} INFO - Processing /home/airflow/.local/lib/python3.8/site-packages/airflow/example_dags/tutorial_dag.py took 0.106 seconds
[2026-02-14T21:17:49.993+0000] {processor.py:161} INFO - Started process (PID=13735) to work on /home/airflow/.local/lib/python3.8/site-packages/airflow/example_dags/tutorial_dag.py
[2026-02-14T21:17:49.995+0000] {processor.py:830} INFO - Processing file /home/airflow/.local/lib/python3.8/site-packages/airflow/example_dags/tutorial_dag.py for tasks to queue
[2026-02-14T21:17:49.997+0000] {logging_mixin.py:188} INFO - [2026-02-14T21:17:49.997+0000] {dagbag.py:538} INFO - Filling up the DagBag from /home/airflow/.local/lib/python3.8/site-packages/airflow/example_dags/tutorial_dag.py
[2026-02-14T21:17:50.006+0000] {processor.py:840} INFO - DAG(s) 'tutorial_dag' retrieved from /home/airflow/.local/lib/python3.8/site-packages/airflow/example_dags/tutorial_dag.py
[2026-02-14T21:17:50.035+0000] {logging_mixin.py:188} INFO - [2026-02-14T21:17:50.035+0000] {dag.py:3036} INFO - Sync 1 DAGs
[2026-02-14T21:17:50.055+0000] {logging_mixin.py:188} INFO - [2026-02-14T21:17:50.055+0000] {dag.py:3823} INFO - Setting next_dagrun for tutorial_dag to None, run_after=None
[2026-02-14T21:17:50.084+0000] {processor.py:183} INFO - Processing /home/airflow/.local/lib/python3.8/site-packages/airflow/example_dags/tutorial_dag.py took 0.096 seconds
[2026-02-14T21:18:20.586+0000] {processor.py:161} INFO - Started process (PID=13819) to work on /home/airflow/.local/lib/python3.8/site-packages/airflow/example_dags/tutorial_dag.py
[2026-02-14T21:18:20.587+0000] {processor.py:830} INFO - Processing file /home/airflow/.local/lib/python3.8/site-packages/airflow/example_dags/tutorial_dag.py for tasks to queue
[2026-02-14T21:18:20.590+0000] {logging_mixin.py:188} INFO - [2026-02-14T21:18:20.589+0000] {dagbag.py:538} INFO - Filling up the DagBag from /home/airflow/.local/lib/python3.8/site-packages/airflow/example_dags/tutorial_dag.py
[2026-02-14T21:18:20.599+0000] {processor.py:840} INFO - DAG(s) 'tutorial_dag' retrieved from /home/airflow/.local/lib/python3.8/site-packages/airflow/example_dags/tutorial_dag.py
[2026-02-14T21:18:20.633+0000] {logging_mixin.py:188} INFO - [2026-02-14T21:18:20.632+0000] {dag.py:3036} INFO - Sync 1 DAGs
[2026-02-14T21:18:20.655+0000] {logging_mixin.py:188} INFO - [2026-02-14T21:18:20.655+0000] {dag.py:3823} INFO - Setting next_dagrun for tutorial_dag to None, run_after=None
[2026-02-14T21:18:20.687+0000] {processor.py:183} INFO - Processing /home/airflow/.local/lib/python3.8/site-packages/airflow/example_dags/tutorial_dag.py took 0.106 seconds
[2026-02-14T21:18:51.152+0000] {processor.py:161} INFO - Started process (PID=13902) to work on /home/airflow/.local/lib/python3.8/site-packages/airflow/example_dags/tutorial_dag.py
[2026-02-14T21:18:51.154+0000] {processor.py:830} INFO - Processing file /home/airflow/.local/lib/python3.8/site-packages/airflow/example_dags/tutorial_dag.py for tasks to queue
[2026-02-14T21:18:51.157+0000] {logging_mixin.py:188} INFO - [2026-02-14T21:18:51.156+0000] {dagbag.py:538} INFO - Filling up the DagBag from /home/airflow/.local/lib/python3.8/site-packages/airflow/example_dags/tutorial_dag.py
[2026-02-14T21:18:51.165+0000] {processor.py:840} INFO - DAG(s) 'tutorial_dag' retrieved from /home/airflow/.local/lib/python3.8/site-packages/airflow/example_dags/tutorial_dag.py
[2026-02-14T21:18:51.199+0000] {logging_mixin.py:188} INFO - [2026-02-14T21:18:51.199+0000] {dag.py:3036} INFO - Sync 1 DAGs
[2026-02-14T21:18:51.222+0000] {logging_mixin.py:188} INFO - [2026-02-14T21:18:51.222+0000] {dag.py:3823} INFO - Setting next_dagrun for tutorial_dag to None, run_after=None
[2026-02-14T21:18:51.255+0000] {processor.py:183} INFO - Processing /home/airflow/.local/lib/python3.8/site-packages/airflow/example_dags/tutorial_dag.py took 0.108 seconds
[2026-02-14T21:19:21.493+0000] {processor.py:161} INFO - Started process (PID=13985) to work on /home/airflow/.local/lib/python3.8/site-packages/airflow/example_dags/tutorial_dag.py
[2026-02-14T21:19:21.494+0000] {processor.py:830} INFO - Processing file /home/airflow/.local/lib/python3.8/site-packages/airflow/example_dags/tutorial_dag.py for tasks to queue
[2026-02-14T21:19:21.497+0000] {logging_mixin.py:188} INFO - [2026-02-14T21:19:21.496+0000] {dagbag.py:538} INFO - Filling up the DagBag from /home/airflow/.local/lib/python3.8/site-packages/airflow/example_dags/tutorial_dag.py
[2026-02-14T21:19:21.506+0000] {processor.py:840} INFO - DAG(s) 'tutorial_dag' retrieved from /home/airflow/.local/lib/python3.8/site-packages/airflow/example_dags/tutorial_dag.py
[2026-02-14T21:19:21.544+0000] {logging_mixin.py:188} INFO - [2026-02-14T21:19:21.543+0000] {dag.py:3036} INFO - Sync 1 DAGs
[2026-02-14T21:19:21.568+0000] {logging_mixin.py:188} INFO - [2026-02-14T21:19:21.567+0000] {dag.py:3823} INFO - Setting next_dagrun for tutorial_dag to None, run_after=None
[2026-02-14T21:19:21.597+0000] {processor.py:183} INFO - Processing /home/airflow/.local/lib/python3.8/site-packages/airflow/example_dags/tutorial_dag.py took 0.110 seconds
[2026-02-14T21:19:51.962+0000] {processor.py:161} INFO - Started process (PID=14069) to work on /home/airflow/.local/lib/python3.8/site-packages/airflow/example_dags/tutorial_dag.py
[2026-02-14T21:19:51.964+0000] {processor.py:830} INFO - Processing file /home/airflow/.local/lib/python3.8/site-packages/airflow/example_dags/tutorial_dag.py for tasks to queue
[2026-02-14T21:19:51.967+0000] {logging_mixin.py:188} INFO - [2026-02-14T21:19:51.966+0000] {dagbag.py:538} INFO - Filling up the DagBag from /home/airflow/.local/lib/python3.8/site-packages/airflow/example_dags/tutorial_dag.py
[2026-02-14T21:19:51.976+0000] {processor.py:840} INFO - DAG(s) 'tutorial_dag' retrieved from /home/airflow/.local/lib/python3.8/site-packages/airflow/example_dags/tutorial_dag.py
[2026-02-14T21:19:52.007+0000] {logging_mixin.py:188} INFO - [2026-02-14T21:19:52.007+0000] {dag.py:3036} INFO - Sync 1 DAGs
[2026-02-14T21:19:52.026+0000] {logging_mixin.py:188} INFO - [2026-02-14T21:19:52.025+0000] {dag.py:3823} INFO - Setting next_dagrun for tutorial_dag to None, run_after=None
[2026-02-14T21:19:52.053+0000] {processor.py:183} INFO - Processing /home/airflow/.local/lib/python3.8/site-packages/airflow/example_dags/tutorial_dag.py took 0.097 seconds
[2026-02-14T21:20:22.557+0000] {processor.py:161} INFO - Started process (PID=14159) to work on /home/airflow/.local/lib/python3.8/site-packages/airflow/example_dags/tutorial_dag.py
[2026-02-14T21:20:22.559+0000] {processor.py:830} INFO - Processing file /home/airflow/.local/lib/python3.8/site-packages/airflow/example_dags/tutorial_dag.py for tasks to queue
[2026-02-14T21:20:22.562+0000] {logging_mixin.py:188} INFO - [2026-02-14T21:20:22.561+0000] {dagbag.py:538} INFO - Filling up the DagBag from /home/airflow/.local/lib/python3.8/site-packages/airflow/example_dags/tutorial_dag.py
[2026-02-14T21:20:22.570+0000] {processor.py:840} INFO - DAG(s) 'tutorial_dag' retrieved from /home/airflow/.local/lib/python3.8/site-packages/airflow/example_dags/tutorial_dag.py
[2026-02-14T21:20:22.603+0000] {logging_mixin.py:188} INFO - [2026-02-14T21:20:22.602+0000] {dag.py:3036} INFO - Sync 1 DAGs
[2026-02-14T21:20:22.623+0000] {logging_mixin.py:188} INFO - [2026-02-14T21:20:22.623+0000] {dag.py:3823} INFO - Setting next_dagrun for tutorial_dag to None, run_after=None
[2026-02-14T21:20:22.659+0000] {processor.py:183} INFO - Processing /home/airflow/.local/lib/python3.8/site-packages/airflow/example_dags/tutorial_dag.py took 0.107 seconds
[2026-02-14T21:20:52.968+0000] {processor.py:161} INFO - Started process (PID=14242) to work on /home/airflow/.local/lib/python3.8/site-packages/airflow/example_dags/tutorial_dag.py
[2026-02-14T21:20:52.970+0000] {processor.py:830} INFO - Processing file /home/airflow/.local/lib/python3.8/site-packages/airflow/example_dags/tutorial_dag.py for tasks to queue
[2026-02-14T21:20:52.973+0000] {logging_mixin.py:188} INFO - [2026-02-14T21:20:52.972+0000] {dagbag.py:538} INFO - Filling up the DagBag from /home/airflow/.local/lib/python3.8/site-packages/airflow/example_dags/tutorial_dag.py
[2026-02-14T21:20:52.981+0000] {processor.py:840} INFO - DAG(s) 'tutorial_dag' retrieved from /home/airflow/.local/lib/python3.8/site-packages/airflow/example_dags/tutorial_dag.py
[2026-02-14T21:20:53.013+0000] {logging_mixin.py:188} INFO - [2026-02-14T21:20:53.012+0000] {dag.py:3036} INFO - Sync 1 DAGs
[2026-02-14T21:20:53.032+0000] {logging_mixin.py:188} INFO - [2026-02-14T21:20:53.031+0000] {dag.py:3823} INFO - Setting next_dagrun for tutorial_dag to None, run_after=None
[2026-02-14T21:20:53.060+0000] {processor.py:183} INFO - Processing /home/airflow/.local/lib/python3.8/site-packages/airflow/example_dags/tutorial_dag.py took 0.096 seconds
[2026-02-14T21:21:23.599+0000] {processor.py:161} INFO - Started process (PID=14324) to work on /home/airflow/.local/lib/python3.8/site-packages/airflow/example_dags/tutorial_dag.py
[2026-02-14T21:21:23.601+0000] {processor.py:830} INFO - Processing file /home/airflow/.local/lib/python3.8/site-packages/airflow/example_dags/tutorial_dag.py for tasks to queue
[2026-02-14T21:21:23.605+0000] {logging_mixin.py:188} INFO - [2026-02-14T21:21:23.605+0000] {dagbag.py:538} INFO - Filling up the DagBag from /home/airflow/.local/lib/python3.8/site-packages/airflow/example_dags/tutorial_dag.py
[2026-02-14T21:21:23.616+0000] {processor.py:840} INFO - DAG(s) 'tutorial_dag' retrieved from /home/airflow/.local/lib/python3.8/site-packages/airflow/example_dags/tutorial_dag.py
[2026-02-14T21:21:23.658+0000] {logging_mixin.py:188} INFO - [2026-02-14T21:21:23.657+0000] {dag.py:3036} INFO - Sync 1 DAGs
[2026-02-14T21:21:23.683+0000] {logging_mixin.py:188} INFO - [2026-02-14T21:21:23.683+0000] {dag.py:3823} INFO - Setting next_dagrun for tutorial_dag to None, run_after=None
[2026-02-14T21:21:23.719+0000] {processor.py:183} INFO - Processing /home/airflow/.local/lib/python3.8/site-packages/airflow/example_dags/tutorial_dag.py took 0.124 seconds
[2026-02-14T21:21:53.968+0000] {processor.py:161} INFO - Started process (PID=14407) to work on /home/airflow/.local/lib/python3.8/site-packages/airflow/example_dags/tutorial_dag.py
[2026-02-14T21:21:53.970+0000] {processor.py:830} INFO - Processing file /home/airflow/.local/lib/python3.8/site-packages/airflow/example_dags/tutorial_dag.py for tasks to queue
[2026-02-14T21:21:53.973+0000] {logging_mixin.py:188} INFO - [2026-02-14T21:21:53.973+0000] {dagbag.py:538} INFO - Filling up the DagBag from /home/airflow/.local/lib/python3.8/site-packages/airflow/example_dags/tutorial_dag.py
[2026-02-14T21:21:53.983+0000] {processor.py:840} INFO - DAG(s) 'tutorial_dag' retrieved from /home/airflow/.local/lib/python3.8/site-packages/airflow/example_dags/tutorial_dag.py
[2026-02-14T21:21:54.023+0000] {logging_mixin.py:188} INFO - [2026-02-14T21:21:54.023+0000] {dag.py:3036} INFO - Sync 1 DAGs
[2026-02-14T21:21:54.047+0000] {logging_mixin.py:188} INFO - [2026-02-14T21:21:54.046+0000] {dag.py:3823} INFO - Setting next_dagrun for tutorial_dag to None, run_after=None
[2026-02-14T21:21:54.082+0000] {processor.py:183} INFO - Processing /home/airflow/.local/lib/python3.8/site-packages/airflow/example_dags/tutorial_dag.py took 0.119 seconds
[2026-02-14T21:22:24.235+0000] {processor.py:161} INFO - Started process (PID=14490) to work on /home/airflow/.local/lib/python3.8/site-packages/airflow/example_dags/tutorial_dag.py
[2026-02-14T21:22:24.236+0000] {processor.py:830} INFO - Processing file /home/airflow/.local/lib/python3.8/site-packages/airflow/example_dags/tutorial_dag.py for tasks to queue
[2026-02-14T21:22:24.239+0000] {logging_mixin.py:188} INFO - [2026-02-14T21:22:24.239+0000] {dagbag.py:538} INFO - Filling up the DagBag from /home/airflow/.local/lib/python3.8/site-packages/airflow/example_dags/tutorial_dag.py
[2026-02-14T21:22:24.249+0000] {processor.py:840} INFO - DAG(s) 'tutorial_dag' retrieved from /home/airflow/.local/lib/python3.8/site-packages/airflow/example_dags/tutorial_dag.py
[2026-02-14T21:22:24.284+0000] {logging_mixin.py:188} INFO - [2026-02-14T21:22:24.284+0000] {dag.py:3036} INFO - Sync 1 DAGs
[2026-02-14T21:22:24.308+0000] {logging_mixin.py:188} INFO - [2026-02-14T21:22:24.308+0000] {dag.py:3823} INFO - Setting next_dagrun for tutorial_dag to None, run_after=None
[2026-02-14T21:22:24.340+0000] {processor.py:183} INFO - Processing /home/airflow/.local/lib/python3.8/site-packages/airflow/example_dags/tutorial_dag.py took 0.110 seconds
[2026-02-14T21:22:54.750+0000] {processor.py:161} INFO - Started process (PID=14575) to work on /home/airflow/.local/lib/python3.8/site-packages/airflow/example_dags/tutorial_dag.py
[2026-02-14T21:22:54.753+0000] {processor.py:830} INFO - Processing file /home/airflow/.local/lib/python3.8/site-packages/airflow/example_dags/tutorial_dag.py for tasks to queue
[2026-02-14T21:22:54.756+0000] {logging_mixin.py:188} INFO - [2026-02-14T21:22:54.756+0000] {dagbag.py:538} INFO - Filling up the DagBag from /home/airflow/.local/lib/python3.8/site-packages/airflow/example_dags/tutorial_dag.py
[2026-02-14T21:22:54.766+0000] {processor.py:840} INFO - DAG(s) 'tutorial_dag' retrieved from /home/airflow/.local/lib/python3.8/site-packages/airflow/example_dags/tutorial_dag.py
[2026-02-14T21:22:54.804+0000] {logging_mixin.py:188} INFO - [2026-02-14T21:22:54.804+0000] {dag.py:3036} INFO - Sync 1 DAGs
[2026-02-14T21:22:54.828+0000] {logging_mixin.py:188} INFO - [2026-02-14T21:22:54.828+0000] {dag.py:3823} INFO - Setting next_dagrun for tutorial_dag to None, run_after=None
[2026-02-14T21:22:54.863+0000] {processor.py:183} INFO - Processing /home/airflow/.local/lib/python3.8/site-packages/airflow/example_dags/tutorial_dag.py took 0.119 seconds
[2026-02-14T21:23:25.571+0000] {processor.py:161} INFO - Started process (PID=14658) to work on /home/airflow/.local/lib/python3.8/site-packages/airflow/example_dags/tutorial_dag.py
[2026-02-14T21:23:25.573+0000] {processor.py:830} INFO - Processing file /home/airflow/.local/lib/python3.8/site-packages/airflow/example_dags/tutorial_dag.py for tasks to queue
[2026-02-14T21:23:25.576+0000] {logging_mixin.py:188} INFO - [2026-02-14T21:23:25.575+0000] {dagbag.py:538} INFO - Filling up the DagBag from /home/airflow/.local/lib/python3.8/site-packages/airflow/example_dags/tutorial_dag.py
[2026-02-14T21:23:25.583+0000] {processor.py:840} INFO - DAG(s) 'tutorial_dag' retrieved from /home/airflow/.local/lib/python3.8/site-packages/airflow/example_dags/tutorial_dag.py
[2026-02-14T21:23:25.617+0000] {logging_mixin.py:188} INFO - [2026-02-14T21:23:25.616+0000] {dag.py:3036} INFO - Sync 1 DAGs
[2026-02-14T21:23:25.637+0000] {logging_mixin.py:188} INFO - [2026-02-14T21:23:25.637+0000] {dag.py:3823} INFO - Setting next_dagrun for tutorial_dag to None, run_after=None
[2026-02-14T21:23:25.674+0000] {processor.py:183} INFO - Processing /home/airflow/.local/lib/python3.8/site-packages/airflow/example_dags/tutorial_dag.py took 0.108 seconds
[2026-02-14T21:23:56.175+0000] {processor.py:161} INFO - Started process (PID=14742) to work on /home/airflow/.local/lib/python3.8/site-packages/airflow/example_dags/tutorial_dag.py
[2026-02-14T21:23:56.176+0000] {processor.py:830} INFO - Processing file /home/airflow/.local/lib/python3.8/site-packages/airflow/example_dags/tutorial_dag.py for tasks to queue
[2026-02-14T21:23:56.179+0000] {logging_mixin.py:188} INFO - [2026-02-14T21:23:56.179+0000] {dagbag.py:538} INFO - Filling up the DagBag from /home/airflow/.local/lib/python3.8/site-packages/airflow/example_dags/tutorial_dag.py
[2026-02-14T21:23:56.188+0000] {processor.py:840} INFO - DAG(s) 'tutorial_dag' retrieved from /home/airflow/.local/lib/python3.8/site-packages/airflow/example_dags/tutorial_dag.py
[2026-02-14T21:23:56.220+0000] {logging_mixin.py:188} INFO - [2026-02-14T21:23:56.220+0000] {dag.py:3036} INFO - Sync 1 DAGs
[2026-02-14T21:23:56.240+0000] {logging_mixin.py:188} INFO - [2026-02-14T21:23:56.240+0000] {dag.py:3823} INFO - Setting next_dagrun for tutorial_dag to None, run_after=None
[2026-02-14T21:23:56.270+0000] {processor.py:183} INFO - Processing /home/airflow/.local/lib/python3.8/site-packages/airflow/example_dags/tutorial_dag.py took 0.100 seconds
[2026-02-14T21:24:26.853+0000] {processor.py:161} INFO - Started process (PID=14831) to work on /home/airflow/.local/lib/python3.8/site-packages/airflow/example_dags/tutorial_dag.py
[2026-02-14T21:24:26.855+0000] {processor.py:830} INFO - Processing file /home/airflow/.local/lib/python3.8/site-packages/airflow/example_dags/tutorial_dag.py for tasks to queue
[2026-02-14T21:24:26.858+0000] {logging_mixin.py:188} INFO - [2026-02-14T21:24:26.857+0000] {dagbag.py:538} INFO - Filling up the DagBag from /home/airflow/.local/lib/python3.8/site-packages/airflow/example_dags/tutorial_dag.py
[2026-02-14T21:24:26.867+0000] {processor.py:840} INFO - DAG(s) 'tutorial_dag' retrieved from /home/airflow/.local/lib/python3.8/site-packages/airflow/example_dags/tutorial_dag.py
[2026-02-14T21:24:26.905+0000] {logging_mixin.py:188} INFO - [2026-02-14T21:24:26.905+0000] {dag.py:3036} INFO - Sync 1 DAGs
[2026-02-14T21:24:26.931+0000] {logging_mixin.py:188} INFO - [2026-02-14T21:24:26.931+0000] {dag.py:3823} INFO - Setting next_dagrun for tutorial_dag to None, run_after=None
[2026-02-14T21:24:26.966+0000] {processor.py:183} INFO - Processing /home/airflow/.local/lib/python3.8/site-packages/airflow/example_dags/tutorial_dag.py took 0.119 seconds
[2026-02-14T21:24:57.564+0000] {processor.py:161} INFO - Started process (PID=14914) to work on /home/airflow/.local/lib/python3.8/site-packages/airflow/example_dags/tutorial_dag.py
[2026-02-14T21:24:57.567+0000] {processor.py:830} INFO - Processing file /home/airflow/.local/lib/python3.8/site-packages/airflow/example_dags/tutorial_dag.py for tasks to queue
[2026-02-14T21:24:57.570+0000] {logging_mixin.py:188} INFO - [2026-02-14T21:24:57.569+0000] {dagbag.py:538} INFO - Filling up the DagBag from /home/airflow/.local/lib/python3.8/site-packages/airflow/example_dags/tutorial_dag.py
[2026-02-14T21:24:57.578+0000] {processor.py:840} INFO - DAG(s) 'tutorial_dag' retrieved from /home/airflow/.local/lib/python3.8/site-packages/airflow/example_dags/tutorial_dag.py
[2026-02-14T21:24:57.610+0000] {logging_mixin.py:188} INFO - [2026-02-14T21:24:57.609+0000] {dag.py:3036} INFO - Sync 1 DAGs
[2026-02-14T21:24:57.630+0000] {logging_mixin.py:188} INFO - [2026-02-14T21:24:57.630+0000] {dag.py:3823} INFO - Setting next_dagrun for tutorial_dag to None, run_after=None
[2026-02-14T21:24:57.660+0000] {processor.py:183} INFO - Processing /home/airflow/.local/lib/python3.8/site-packages/airflow/example_dags/tutorial_dag.py took 0.101 seconds
[2026-02-14T21:25:27.779+0000] {processor.py:161} INFO - Started process (PID=14995) to work on /home/airflow/.local/lib/python3.8/site-packages/airflow/example_dags/tutorial_dag.py
[2026-02-14T21:25:27.781+0000] {processor.py:830} INFO - Processing file /home/airflow/.local/lib/python3.8/site-packages/airflow/example_dags/tutorial_dag.py for tasks to queue
[2026-02-14T21:25:27.784+0000] {logging_mixin.py:188} INFO - [2026-02-14T21:25:27.784+0000] {dagbag.py:538} INFO - Filling up the DagBag from /home/airflow/.local/lib/python3.8/site-packages/airflow/example_dags/tutorial_dag.py
[2026-02-14T21:25:27.795+0000] {processor.py:840} INFO - DAG(s) 'tutorial_dag' retrieved from /home/airflow/.local/lib/python3.8/site-packages/airflow/example_dags/tutorial_dag.py
[2026-02-14T21:25:27.832+0000] {logging_mixin.py:188} INFO - [2026-02-14T21:25:27.831+0000] {dag.py:3036} INFO - Sync 1 DAGs
[2026-02-14T21:25:27.857+0000] {logging_mixin.py:188} INFO - [2026-02-14T21:25:27.857+0000] {dag.py:3823} INFO - Setting next_dagrun for tutorial_dag to None, run_after=None
[2026-02-14T21:25:27.889+0000] {processor.py:183} INFO - Processing /home/airflow/.local/lib/python3.8/site-packages/airflow/example_dags/tutorial_dag.py took 0.116 seconds
[2026-02-14T21:25:58.458+0000] {processor.py:161} INFO - Started process (PID=15078) to work on /home/airflow/.local/lib/python3.8/site-packages/airflow/example_dags/tutorial_dag.py
[2026-02-14T21:25:58.460+0000] {processor.py:830} INFO - Processing file /home/airflow/.local/lib/python3.8/site-packages/airflow/example_dags/tutorial_dag.py for tasks to queue
[2026-02-14T21:25:58.465+0000] {logging_mixin.py:188} INFO - [2026-02-14T21:25:58.464+0000] {dagbag.py:538} INFO - Filling up the DagBag from /home/airflow/.local/lib/python3.8/site-packages/airflow/example_dags/tutorial_dag.py
[2026-02-14T21:25:58.475+0000] {processor.py:840} INFO - DAG(s) 'tutorial_dag' retrieved from /home/airflow/.local/lib/python3.8/site-packages/airflow/example_dags/tutorial_dag.py
[2026-02-14T21:25:58.510+0000] {logging_mixin.py:188} INFO - [2026-02-14T21:25:58.509+0000] {dag.py:3036} INFO - Sync 1 DAGs
[2026-02-14T21:25:58.533+0000] {logging_mixin.py:188} INFO - [2026-02-14T21:25:58.533+0000] {dag.py:3823} INFO - Setting next_dagrun for tutorial_dag to None, run_after=None
[2026-02-14T21:25:58.565+0000] {processor.py:183} INFO - Processing /home/airflow/.local/lib/python3.8/site-packages/airflow/example_dags/tutorial_dag.py took 0.121 seconds
[2026-02-14T21:26:29.130+0000] {processor.py:161} INFO - Started process (PID=15160) to work on /home/airflow/.local/lib/python3.8/site-packages/airflow/example_dags/tutorial_dag.py
[2026-02-14T21:26:29.131+0000] {processor.py:830} INFO - Processing file /home/airflow/.local/lib/python3.8/site-packages/airflow/example_dags/tutorial_dag.py for tasks to queue
[2026-02-14T21:26:29.134+0000] {logging_mixin.py:188} INFO - [2026-02-14T21:26:29.133+0000] {dagbag.py:538} INFO - Filling up the DagBag from /home/airflow/.local/lib/python3.8/site-packages/airflow/example_dags/tutorial_dag.py
[2026-02-14T21:26:29.142+0000] {processor.py:840} INFO - DAG(s) 'tutorial_dag' retrieved from /home/airflow/.local/lib/python3.8/site-packages/airflow/example_dags/tutorial_dag.py
[2026-02-14T21:26:29.177+0000] {logging_mixin.py:188} INFO - [2026-02-14T21:26:29.177+0000] {dag.py:3036} INFO - Sync 1 DAGs
[2026-02-14T21:26:29.202+0000] {logging_mixin.py:188} INFO - [2026-02-14T21:26:29.201+0000] {dag.py:3823} INFO - Setting next_dagrun for tutorial_dag to None, run_after=None
[2026-02-14T21:26:29.402+0000] {processor.py:183} INFO - Processing /home/airflow/.local/lib/python3.8/site-packages/airflow/example_dags/tutorial_dag.py took 0.277 seconds
[2026-02-14T21:26:59.753+0000] {processor.py:161} INFO - Started process (PID=15243) to work on /home/airflow/.local/lib/python3.8/site-packages/airflow/example_dags/tutorial_dag.py
[2026-02-14T21:26:59.755+0000] {processor.py:830} INFO - Processing file /home/airflow/.local/lib/python3.8/site-packages/airflow/example_dags/tutorial_dag.py for tasks to queue
[2026-02-14T21:26:59.757+0000] {logging_mixin.py:188} INFO - [2026-02-14T21:26:59.757+0000] {dagbag.py:538} INFO - Filling up the DagBag from /home/airflow/.local/lib/python3.8/site-packages/airflow/example_dags/tutorial_dag.py
[2026-02-14T21:26:59.765+0000] {processor.py:840} INFO - DAG(s) 'tutorial_dag' retrieved from /home/airflow/.local/lib/python3.8/site-packages/airflow/example_dags/tutorial_dag.py
[2026-02-14T21:26:59.798+0000] {logging_mixin.py:188} INFO - [2026-02-14T21:26:59.798+0000] {dag.py:3036} INFO - Sync 1 DAGs
[2026-02-14T21:26:59.817+0000] {logging_mixin.py:188} INFO - [2026-02-14T21:26:59.817+0000] {dag.py:3823} INFO - Setting next_dagrun for tutorial_dag to None, run_after=None
[2026-02-14T21:26:59.847+0000] {processor.py:183} INFO - Processing /home/airflow/.local/lib/python3.8/site-packages/airflow/example_dags/tutorial_dag.py took 0.099 seconds
[2026-02-14T21:27:29.983+0000] {processor.py:161} INFO - Started process (PID=15328) to work on /home/airflow/.local/lib/python3.8/site-packages/airflow/example_dags/tutorial_dag.py
[2026-02-14T21:27:29.984+0000] {processor.py:830} INFO - Processing file /home/airflow/.local/lib/python3.8/site-packages/airflow/example_dags/tutorial_dag.py for tasks to queue
[2026-02-14T21:27:29.986+0000] {logging_mixin.py:188} INFO - [2026-02-14T21:27:29.986+0000] {dagbag.py:538} INFO - Filling up the DagBag from /home/airflow/.local/lib/python3.8/site-packages/airflow/example_dags/tutorial_dag.py
[2026-02-14T21:27:29.995+0000] {processor.py:840} INFO - DAG(s) 'tutorial_dag' retrieved from /home/airflow/.local/lib/python3.8/site-packages/airflow/example_dags/tutorial_dag.py
[2026-02-14T21:27:30.031+0000] {logging_mixin.py:188} INFO - [2026-02-14T21:27:30.031+0000] {dag.py:3036} INFO - Sync 1 DAGs
[2026-02-14T21:27:30.053+0000] {logging_mixin.py:188} INFO - [2026-02-14T21:27:30.052+0000] {dag.py:3823} INFO - Setting next_dagrun for tutorial_dag to None, run_after=None
[2026-02-14T21:27:30.084+0000] {processor.py:183} INFO - Processing /home/airflow/.local/lib/python3.8/site-packages/airflow/example_dags/tutorial_dag.py took 0.106 seconds
[2026-02-14T21:28:00.360+0000] {processor.py:161} INFO - Started process (PID=15412) to work on /home/airflow/.local/lib/python3.8/site-packages/airflow/example_dags/tutorial_dag.py
[2026-02-14T21:28:00.361+0000] {processor.py:830} INFO - Processing file /home/airflow/.local/lib/python3.8/site-packages/airflow/example_dags/tutorial_dag.py for tasks to queue
[2026-02-14T21:28:00.364+0000] {logging_mixin.py:188} INFO - [2026-02-14T21:28:00.363+0000] {dagbag.py:538} INFO - Filling up the DagBag from /home/airflow/.local/lib/python3.8/site-packages/airflow/example_dags/tutorial_dag.py
[2026-02-14T21:28:00.372+0000] {processor.py:840} INFO - DAG(s) 'tutorial_dag' retrieved from /home/airflow/.local/lib/python3.8/site-packages/airflow/example_dags/tutorial_dag.py
[2026-02-14T21:28:00.404+0000] {logging_mixin.py:188} INFO - [2026-02-14T21:28:00.404+0000] {dag.py:3036} INFO - Sync 1 DAGs
[2026-02-14T21:28:00.428+0000] {logging_mixin.py:188} INFO - [2026-02-14T21:28:00.428+0000] {dag.py:3823} INFO - Setting next_dagrun for tutorial_dag to None, run_after=None
[2026-02-14T21:28:00.459+0000] {processor.py:183} INFO - Processing /home/airflow/.local/lib/python3.8/site-packages/airflow/example_dags/tutorial_dag.py took 0.104 seconds
[2026-02-14T21:28:30.617+0000] {processor.py:161} INFO - Started process (PID=15495) to work on /home/airflow/.local/lib/python3.8/site-packages/airflow/example_dags/tutorial_dag.py
[2026-02-14T21:28:30.618+0000] {processor.py:830} INFO - Processing file /home/airflow/.local/lib/python3.8/site-packages/airflow/example_dags/tutorial_dag.py for tasks to queue
[2026-02-14T21:28:30.621+0000] {logging_mixin.py:188} INFO - [2026-02-14T21:28:30.621+0000] {dagbag.py:538} INFO - Filling up the DagBag from /home/airflow/.local/lib/python3.8/site-packages/airflow/example_dags/tutorial_dag.py
[2026-02-14T21:28:30.629+0000] {processor.py:840} INFO - DAG(s) 'tutorial_dag' retrieved from /home/airflow/.local/lib/python3.8/site-packages/airflow/example_dags/tutorial_dag.py
[2026-02-14T21:28:30.660+0000] {logging_mixin.py:188} INFO - [2026-02-14T21:28:30.660+0000] {dag.py:3036} INFO - Sync 1 DAGs
[2026-02-14T21:28:30.679+0000] {logging_mixin.py:188} INFO - [2026-02-14T21:28:30.679+0000] {dag.py:3823} INFO - Setting next_dagrun for tutorial_dag to None, run_after=None
[2026-02-14T21:28:30.709+0000] {processor.py:183} INFO - Processing /home/airflow/.local/lib/python3.8/site-packages/airflow/example_dags/tutorial_dag.py took 0.097 seconds
[2026-02-14T21:29:01.157+0000] {processor.py:161} INFO - Started process (PID=15578) to work on /home/airflow/.local/lib/python3.8/site-packages/airflow/example_dags/tutorial_dag.py
[2026-02-14T21:29:01.159+0000] {processor.py:830} INFO - Processing file /home/airflow/.local/lib/python3.8/site-packages/airflow/example_dags/tutorial_dag.py for tasks to queue
[2026-02-14T21:29:01.162+0000] {logging_mixin.py:188} INFO - [2026-02-14T21:29:01.162+0000] {dagbag.py:538} INFO - Filling up the DagBag from /home/airflow/.local/lib/python3.8/site-packages/airflow/example_dags/tutorial_dag.py
[2026-02-14T21:29:01.173+0000] {processor.py:840} INFO - DAG(s) 'tutorial_dag' retrieved from /home/airflow/.local/lib/python3.8/site-packages/airflow/example_dags/tutorial_dag.py
[2026-02-14T21:29:01.218+0000] {logging_mixin.py:188} INFO - [2026-02-14T21:29:01.217+0000] {dag.py:3036} INFO - Sync 1 DAGs
[2026-02-14T21:29:01.238+0000] {logging_mixin.py:188} INFO - [2026-02-14T21:29:01.238+0000] {dag.py:3823} INFO - Setting next_dagrun for tutorial_dag to None, run_after=None
[2026-02-14T21:29:01.269+0000] {processor.py:183} INFO - Processing /home/airflow/.local/lib/python3.8/site-packages/airflow/example_dags/tutorial_dag.py took 0.119 seconds
[2026-02-14T21:29:31.509+0000] {processor.py:161} INFO - Started process (PID=15662) to work on /home/airflow/.local/lib/python3.8/site-packages/airflow/example_dags/tutorial_dag.py
[2026-02-14T21:29:31.510+0000] {processor.py:830} INFO - Processing file /home/airflow/.local/lib/python3.8/site-packages/airflow/example_dags/tutorial_dag.py for tasks to queue
[2026-02-14T21:29:31.513+0000] {logging_mixin.py:188} INFO - [2026-02-14T21:29:31.512+0000] {dagbag.py:538} INFO - Filling up the DagBag from /home/airflow/.local/lib/python3.8/site-packages/airflow/example_dags/tutorial_dag.py
[2026-02-14T21:29:31.522+0000] {processor.py:840} INFO - DAG(s) 'tutorial_dag' retrieved from /home/airflow/.local/lib/python3.8/site-packages/airflow/example_dags/tutorial_dag.py
[2026-02-14T21:29:31.557+0000] {logging_mixin.py:188} INFO - [2026-02-14T21:29:31.557+0000] {dag.py:3036} INFO - Sync 1 DAGs
[2026-02-14T21:29:31.579+0000] {logging_mixin.py:188} INFO - [2026-02-14T21:29:31.578+0000] {dag.py:3823} INFO - Setting next_dagrun for tutorial_dag to None, run_after=None
[2026-02-14T21:29:31.611+0000] {processor.py:183} INFO - Processing /home/airflow/.local/lib/python3.8/site-packages/airflow/example_dags/tutorial_dag.py took 0.109 seconds
[2026-02-14T21:30:02.003+0000] {processor.py:161} INFO - Started process (PID=15745) to work on /home/airflow/.local/lib/python3.8/site-packages/airflow/example_dags/tutorial_dag.py
[2026-02-14T21:30:02.007+0000] {processor.py:830} INFO - Processing file /home/airflow/.local/lib/python3.8/site-packages/airflow/example_dags/tutorial_dag.py for tasks to queue
[2026-02-14T21:30:02.010+0000] {logging_mixin.py:188} INFO - [2026-02-14T21:30:02.010+0000] {dagbag.py:538} INFO - Filling up the DagBag from /home/airflow/.local/lib/python3.8/site-packages/airflow/example_dags/tutorial_dag.py
[2026-02-14T21:30:02.020+0000] {processor.py:840} INFO - DAG(s) 'tutorial_dag' retrieved from /home/airflow/.local/lib/python3.8/site-packages/airflow/example_dags/tutorial_dag.py
[2026-02-14T21:30:02.066+0000] {logging_mixin.py:188} INFO - [2026-02-14T21:30:02.066+0000] {dag.py:3036} INFO - Sync 1 DAGs
[2026-02-14T21:30:02.090+0000] {logging_mixin.py:188} INFO - [2026-02-14T21:30:02.090+0000] {dag.py:3823} INFO - Setting next_dagrun for tutorial_dag to None, run_after=None
[2026-02-14T21:30:02.124+0000] {processor.py:183} INFO - Processing /home/airflow/.local/lib/python3.8/site-packages/airflow/example_dags/tutorial_dag.py took 0.126 seconds
[2026-02-14T21:30:32.418+0000] {processor.py:161} INFO - Started process (PID=15828) to work on /home/airflow/.local/lib/python3.8/site-packages/airflow/example_dags/tutorial_dag.py
[2026-02-14T21:30:32.419+0000] {processor.py:830} INFO - Processing file /home/airflow/.local/lib/python3.8/site-packages/airflow/example_dags/tutorial_dag.py for tasks to queue
[2026-02-14T21:30:32.423+0000] {logging_mixin.py:188} INFO - [2026-02-14T21:30:32.422+0000] {dagbag.py:538} INFO - Filling up the DagBag from /home/airflow/.local/lib/python3.8/site-packages/airflow/example_dags/tutorial_dag.py
[2026-02-14T21:30:32.433+0000] {processor.py:840} INFO - DAG(s) 'tutorial_dag' retrieved from /home/airflow/.local/lib/python3.8/site-packages/airflow/example_dags/tutorial_dag.py
[2026-02-14T21:30:32.471+0000] {logging_mixin.py:188} INFO - [2026-02-14T21:30:32.470+0000] {dag.py:3036} INFO - Sync 1 DAGs
[2026-02-14T21:30:32.495+0000] {logging_mixin.py:188} INFO - [2026-02-14T21:30:32.495+0000] {dag.py:3823} INFO - Setting next_dagrun for tutorial_dag to None, run_after=None
[2026-02-14T21:30:32.530+0000] {processor.py:183} INFO - Processing /home/airflow/.local/lib/python3.8/site-packages/airflow/example_dags/tutorial_dag.py took 0.118 seconds
[2026-02-14T21:31:02.778+0000] {processor.py:161} INFO - Started process (PID=15910) to work on /home/airflow/.local/lib/python3.8/site-packages/airflow/example_dags/tutorial_dag.py
[2026-02-14T21:31:02.780+0000] {processor.py:830} INFO - Processing file /home/airflow/.local/lib/python3.8/site-packages/airflow/example_dags/tutorial_dag.py for tasks to queue
[2026-02-14T21:31:02.783+0000] {logging_mixin.py:188} INFO - [2026-02-14T21:31:02.782+0000] {dagbag.py:538} INFO - Filling up the DagBag from /home/airflow/.local/lib/python3.8/site-packages/airflow/example_dags/tutorial_dag.py
[2026-02-14T21:31:02.792+0000] {processor.py:840} INFO - DAG(s) 'tutorial_dag' retrieved from /home/airflow/.local/lib/python3.8/site-packages/airflow/example_dags/tutorial_dag.py
[2026-02-14T21:31:02.831+0000] {logging_mixin.py:188} INFO - [2026-02-14T21:31:02.830+0000] {dag.py:3036} INFO - Sync 1 DAGs
[2026-02-14T21:31:02.856+0000] {logging_mixin.py:188} INFO - [2026-02-14T21:31:02.855+0000] {dag.py:3823} INFO - Setting next_dagrun for tutorial_dag to None, run_after=None
[2026-02-14T21:31:02.889+0000] {processor.py:183} INFO - Processing /home/airflow/.local/lib/python3.8/site-packages/airflow/example_dags/tutorial_dag.py took 0.117 seconds
